Ticker,Name,Sector,SubIndustry,Price,PE_Rank,PS_Rank,EV_EBITDA_Used,PB_Ratio,EPS_Growth,Rev_Growth,ROE,Op_Margin,ROIC,Mom_Range,Mom_12M,EPS_Growth_Win,Rev_Growth_Win,Mom_12M_Win,Mom_Range_Win,ROE_Win,Op_Margin_Win,ROIC_Win,Value_S,Growth_S,Prof_S,Mom_S,Rev_S,Fundamental_Score,Value_Pct,Growth_Pct,Prof_Pct,Mom_Pct,Value_Grade,Growth_Grade,Prof_Grade,Mom_Grade,Name_Key,Rev_Change,Rec_BuyRatio,Shrunk_Ratio,Analyst_Count,Streak_Days,Streak_Score,Rev_Change_Win,Rev_Pct,Rev_Grade,FundamentalPlusRev_Score,Consensus_Score,Sentiment_Score,Alpha_Score,Val_Fail,Mom_Fail,Min_Fund_Factor
MU,Micron Technology Inc,Information Technology,Semiconductors,542.21,25.3606,10.521,16.6567,11.231600359603442,412.05,85.55,40.839999999999996,0.48340000000000005,33.46,0.9920985756080895,597.1969,241.37,48.17399999999999,507.97907999999893,0.9917693008065369,40.839999999999996,0.44785,33.46,55.29700930177793,97.22345190182722,91.39739543979732,96.80140886080198,66.52631578947367,80.47857333791966,0.5921052631578947,1.0,0.9539473684210527,0.993421052631579,C+,A+,A,A+,microntechnologyinc,0.015669515669515688,0.9230769230769231,0.8903508771929824,52.0,90.0,84.89281911636292,0.015669515669515688,0.6842105263157895,B-,82.13120491686702,89.03508771929825,87.37818027812412,83.18059998911843,False,False,55.29700930177793
INDV,"Indivior Pharmaceuticals, Inc",Health Care,Pharmaceuticals,37.66,21.8647,3.7029,17.3367,100.77602354830077,7022.71,4.38,159.06,0.2113,29.4,0.9197005784280365,226.0606,1389.2,4.38,103.34951999999993,0.9197005784280365,97.80199999999995,0.2113,29.4,55.19640852974186,70.41120747413088,89.22305764411027,96.21992481203007,33.74125874125874,74.43109300069523,0.6370370370370371,0.7777777777777778,0.9481481481481482,0.9777777777777777,B-,B,A,A+,indiviorpharmaceuticalsinc,0.0,0.9230769230769231,0.8194444444444445,13.0,90.0,84.89281911636292,0.0,0.16666666666666666,D,72.80521887482111,81.94444444444446,83.12379431321185,74.86893396249926,False,False,33.74125874125874
DAL,Delta Air Lines Inc,Industrials,Passenger Airlines,68.98,10.1227,0.6953,6.744,2.1703562933410523,21.36,5.24,23.14,0.08779999999999999,13.209999999999999,0.7879828326180258,66.2169,21.36,5.24,66.2169,0.7879828326180258,23.14,0.08779999999999999,13.209999999999999,93.18475297718686,66.96557943268535,58.78489326765189,78.84830983523017,42.722117202268436,72.15518941479279,0.9757281553398058,0.7330097087378641,0.6067961165048543,0.8106796116504854,A+,B,B-,B+,deltaairlinesinc,0.0,0.90625,0.8581081081081081,32.0,90.0,84.89281911636292,0.0,0.5652173913043478,C+,71.42740113501964,85.8108108108108,85.44361413303164,74.23064373462205,False,False,42.722117202268436
WDC,Western Digital Corp,Information Technology,"Technology Hardware, Storage & Peripherals",431.52,22.1614,12.2521,37.9683,27.028449021007926,269.21,32.04,90.82000000000001,0.29460000000000003,58.78,0.9625328767803086,881.843,241.37,32.04,507.97907999999893,0.9625328767803086,90.82000000000001,0.29460000000000003,53.78399999999993,43.896444130460374,92.3942862777518,91.46110197490259,91.57370486307329,80.48245614035088,75.63298475450577,0.4605263157894737,0.9802631578947368,0.9605263157894737,0.9802631578947368,C,A+,A,A+,westerndigitalcorp,0.054166666666666696,0.8666666666666667,0.8214285714285714,30.0,8.0,15.464616531534126,0.054166666666666696,0.8157894736842105,B+,78.68123036854085,82.14285714285714,55.47156089832794,74.03929647449827,False,False,43.896444130460374
NEM,Newmont Corporation,Materials,Gold,108.62,16.3666,5.1152,8.4803,3.492694345835263,118.49,21.34,21.72,0.47909999999999997,18.02,0.6968017549936498,110.9536,118.49,21.34,110.9536,0.6968017549936498,21.72,0.24867999999999998,14.592999999999996,55.555555555555564,87.20277307233829,93.65079365079366,77.4891774891775,69.69696969696969,75.23997741389046,0.6349206349206349,0.9365079365079365,0.9841269841269841,0.7777777777777778,B-,A,A+,B,newmontcorporation,0.03448275862068961,0.8620689655172413,0.8161764705882353,29.0,8.0,15.464616531534126,0.03448275862068961,0.6666666666666666,B-,77.20967438358743,81.61764705882352,55.15643484790776,72.7990264764515,False,False,55.555555555555564
CPRX,Catalyst Pharmaceuticals Inc,Health Care,Biotechnology,28.74,16.3762,5.9591,8.7245,3.689771603908025,28.29,19.78,24.32,0.43770000000000003,24.32,0.7172464840858621,18.4178,28.29,19.78,18.4178,0.7172464840858621,24.32,0.43686,24.32,65.12906846240179,67.98125677229378,88.2205513784461,62.29908103592315,40.909090909090914,69.39347252185536,0.7333333333333333,0.7481481481481481,0.9333333333333333,0.6296296296296297,B,B,A,B-,catalystpharmaceuticalsinc,0.0,0.9285714285714286,0.8289473684210527,14.0,90.0,84.89281911636292,0.0,0.5454545454545454,C+,68.48438161276445,82.89473684210526,83.69396975180832,71.52629924057322,False,False,40.909090909090914
INVA,Innoviva Inc,Health Care,Pharmaceuticals,23.11,6.3129,4.1617,7.978,1.4706537440897027,3397.08,14.67,30.599999999999998,0.3981,21.88,0.7640579710144927,23.9142,1389.2,14.67,23.9142,0.7640579710144927,30.599999999999998,0.3981,21.88,77.49158249158249,86.99955333879252,86.71679197994986,67.14285714285714,62.82051282051282,76.88057571421302,0.8666666666666667,0.9629629629629629,0.9185185185185185,0.6814814814814815,B+,A,A-,B-,innovivainc,0.018181818181818188,0.8181818181818182,0.734375,11.0,0.0,0.0,0.018181818181818188,0.6060606060606061,B-,78.16262699626431,73.4375,44.0625,71.34260159701145,False,False,62.82051282051282
THC,Tenet Healthcare Corp,Health Care,Health Care Facilities,183.27,9.4281,0.7342,5.6971,3.776232421573173,27.35,6.57,40.550000000000004,0.1764,9.8,0.40206276190146667,26.1408,27.35,6.57,26.1408,0.40206276190146667,40.550000000000004,0.1764,9.8,92.8226711560045,54.02681764157748,70.42606516290726,62.31267824734249,40.316205533596836,69.08008325751194,0.9925925925925926,0.5703703703703704,0.725925925925926,0.6370370370370371,A+,C+,B,B-,tenethealthcarecorp,0.0,0.8571428571428571,0.8106060606060607,28.0,90.0,84.89281911636292,0.0,0.45454545454545453,C,68.11170381087163,81.06060606060606,82.5934912829088,71.00806130527907,False,False,40.316205533596836
ENVA,Enova International Inc,Financials,Consumer Finance,170.93,13.7929,2.3241,11.125,3.160442421261662,56.49,19.67,24.45,0.4035,5.7700000000000005,0.9344206204379563,86.6048,56.49,19.67,72.80332,0.9344206204379563,24.45,0.4035,5.7700000000000005,38.25500049265938,69.43331134598748,84.92462311557789,89.82569095477388,99.05033238366572,67.64670636221159,0.30392156862745096,0.8627450980392157,0.8529411764705882,0.9215686274509803,C-,B+,B+,A-,enovainternationalinc,0.06593406593406603,0.9230769230769231,0.8194444444444445,13.0,38.0,54.97714786972108,0.06113886113886121,1.0,A+,72.55173960057816,81.94444444444446,71.1575258145551,70.6077859847272,True,False,38.25500049265938
APP,Applovin Corp,Information Technology,Application Software,460.0,46.3983,26.6425,38.5168,72.90246917493423,114.67,45.98,249.2,0.6847,68.05,0.3907766472558179,64.5855,114.67,45.98,64.5855,0.3907766472558179,109.87799999999994,0.44785,53.78399999999993,29.413929118097254,90.60288089315222,97.66137754270558,75.56877580303359,63.1578947368421,70.00315800443786,0.2631578947368421,0.9736842105263158,0.9967105263157895,0.8223684210526315,D+,A+,A+,B+,applovincorp,0.02941176470588236,0.8823529411764706,0.8397435897435898,34.0,68.0,76.02119809746753,0.02941176470588236,0.631578947368421,B-,71.31894747812207,83.97435897435898,80.7930946236024,70.03475764677314,True,False,29.413929118097254
MLI,Mueller Industries Inc,Industrials,Industrial Machinery & Supplies & Components,133.03,17.3708,3.3649,11.8399,4.607594235225253,39.47,11.54,27.029999999999998,0.24239999999999998,27.029999999999998,0.901510663507109,81.0425,39.47,11.54,81.0425,0.901510663507109,27.029999999999998,0.24239999999999998,26.983999999999988,64.60296204186396,88.01286646787516,88.66995073891626,83.30928923293456,39.30434782608696,77.582659335357,0.7378640776699029,0.9757281553398058,0.9611650485436893,0.8689320388349514,B,A+,A,B+,muellerindustriesinc,0.0,0.8333333333333334,0.7045454545454546,6.0,0.0,0.0,0.0,0.20652173913043478,D+,76.5130941179657,70.45454545454545,42.27272727272727,69.66502074891801,False,False,39.30434782608696
CUBI,Customers Bancorp Inc,Financials,Regional Banks,77.08,9.2445,1.99781,7.473,1.2457756278576635,85.8,55.59768,13.62,0.3985504,11.78,0.834840265220012,53.7602,85.8,55.59768,53.7602,0.834840265220012,13.62,0.3985504,11.78,78.0126120800079,79.21244701712288,56.28140703517588,83.75585794139235,90.07444168734492,71.167165770499,0.9068627450980392,0.9411764705882353,0.5735294117647058,0.8725490196078431,A-,A,C+,B+,customersbancorpinc,0.03921568627450989,0.7058823529411765,0.6704545454545455,17.0,0.0,0.0,0.03921568627450989,0.8717948717948718,B+,75.17460993923349,67.04545454545455,40.22727272727273,68.18514249684134,False,False,56.28140703517588
GOOG,Alphabet Inc,Communication Services,Interactive Media & Services,383.22,29.0703,11.0232,31.8019,11.15519524939235,48.51,17.45,38.98,0.32689999999999997,35.11,0.9851833249623306,139.1135,48.51,17.45,139.1135,0.9741506208222325,38.98,0.32689999999999997,35.11,20.553410553410554,78.31632653061223,92.47354497354497,96.59297052154196,81.81818181818183,68.23859829216973,0.17567567567567569,0.9324324324324325,0.9594594594594594,0.9864864864864865,D,A,A,A+,alphabetinc,0.027280477408354598,0.8823529411764706,0.8595890410958904,68.0,90.0,84.89281911636292,0.027280477408354598,0.8,B,71.42041647398791,85.95890410958904,85.5324701122986,67.77166185772245,True,False,20.553410553410554
JLL,Jones Lang LaSalle Inc,Real Estate,Real Estate Services,315.24,18.4635,0.56,11.5109,1.9724875405538158,45.33,11.45,11.09,0.042,8.19,0.6837301587301587,37.3655,45.33,11.45,37.3655,0.6837301587301587,11.09,0.042,8.19,83.33333333333334,67.66666666666667,60.0,74.66666666666667,100.0,69.30000000000001,1.0,0.8333333333333334,0.75,0.6666666666666666,A+,B+,B,B-,joneslanglasalleinc,0.0,0.6875,0.6547619047619047,16.0,0.0,0.0,0.0,1.0,A+,74.30000000000001,65.47619047619047,39.28571428571428,67.29714285714287,False,False,60.0
SWX,Southwest Gas Holdings Inc,Utilities,Gas Utilities,93.2,15.3342,3.4758,10.5251,1.6993499803991285,120.15,-21.61,11.62,0.25329999999999997,5.52,0.9554545454545457,27.1487,116.81250000000004,-20.392,27.1487,0.9554545454545457,11.62,0.25329999999999997,5.52,70.63829787234043,51.73026561915451,72.22222222222221,89.13580246913581,89.13043478260869,68.88834364129873,0.7659574468085106,0.5106382978723404,0.8723404255319149,0.9361702127659575,B,C+,B+,A,southwestgasholdingsinc,0.0,0.8333333333333334,0.75,12.0,0.0,0.0,0.0,1.0,A+,72.8013871195596,75.0,45.0,67.24110969564768,False,False,51.73026561915451
CFG,Citizens Financial Group Inc,Financials,Regional Banks,64.42,13.8623,1.48499,12.977,1.0507189644823716,31.85,62.72879,7.630000000000001,0.31448550000000003,5.47,0.8637568199532345,72.7541,31.85,62.72879,72.7541,0.8637568199532345,7.630000000000001,0.31448550000000003,5.47,67.6643019016652,76.07727506374312,20.85427135678392,88.88600304895263,83.54011579818031,60.122298937151434,0.7352941176470589,0.9166666666666666,0.2034313725490196,0.9117647058823529,B,A-,D+,A-,citizensfinancialgroupinc,0.03846153846153855,0.9230769230769231,0.8629032258064517,26.0,68.0,76.02119809746753,0.03846153846153855,0.8205128205128205,B+,63.47631051696946,86.29032258064517,82.18267278737412,67.2175829710504,False,False,20.85427135678392
BOOT,Boot Barn Holdings Inc,Consumer Discretionary,Apparel Retail,171.47,23.8205,2.405,13.6694,4.638097479300728,27.79,17.5,18.279999999999998,0.13449999999999998,18.07,0.6312987259935349,59.1664,27.79,17.5,59.1664,0.6312987259935349,18.279999999999998,0.13449999999999998,18.07,35.6041800741626,90.93646669815777,68.03652968036529,75.98488427019367,87.6923076923077,64.29444763230227,0.30201342281879195,0.959731543624161,0.7013422818791947,0.8053691275167785,C-,A,B,B+,bootbarnholdingsinc,0.045454545454545414,0.8636363636363636,0.8055555555555556,22.0,38.0,54.97714786972108,0.045454545454545414,0.8461538461538461,B+,68.06367840153304,80.55555555555556,70.32419248122177,66.87186230570933,True,False,35.6041800741626
ADEA,Adeia Inc,Information Technology,IT Consulting & Other Services,33.0,32.8897,8.2394,16.8074,7.485199718737951,72.59,17.91,26.340000000000003,0.3947,12.870000000000001,0.9823191733639496,166.9903,72.59,17.91,166.9903,0.9823191733639496,26.340000000000003,0.3947,12.870000000000001,53.3144942894148,81.70913132017463,79.45390165488836,89.87256576482764,40.19138755980862,72.50843840307624,0.5723684210526315,0.9013157894736842,0.8223684210526315,0.9605263157894737,C+,A-,B+,A,adeiainc,0.0,0.9,0.7833333333333333,10.0,0.0,0.0,0.0,0.4342105263157895,C,71.5275771590571,78.33333333333333,46.99999999999999,66.6220617272457,False,False,40.19138755980862
FTDR,Frontdoor Inc,Consumer Discretionary,Specialized Consumer Services,68.8,19.07,2.3041,10.7346,20.172995161999708,11.97,13.68,100.2,0.16140000000000002,17.62,0.921980198019802,47.8616,11.97,13.68,47.8616,0.910355871419793,100.2,0.16140000000000002,17.62,50.98679170114309,75.79555507990868,81.39269406392692,90.68493150684931,67.03296703296704,71.3909687586191,0.5302013422818792,0.8322147651006712,0.8926174496644296,0.9362416107382551,C+,B+,B+,A,frontdoorinc,0.02564102564102566,0.6923076923076923,0.6527777777777778,13.0,0.0,0.0,0.02564102564102566,0.6538461538461539,B-,73.0942654619158,65.27777777777779,39.16666666666667,66.30874570286598,False,False,50.98679170114309
UAL,United Airlines Holdings Inc,Industrials,Passenger Airlines,92.52,8.1957,0.4966,5.6508,1.9583522070620907,2.02,4.73,24.91,0.08439999999999999,9.32,0.46969998013113456,33.7767,2.02,4.73,33.7767,0.46969998013113456,24.91,0.08439999999999999,9.32,96.27114320786903,49.024107021027156,54.679802955665025,49.30185153728554,42.722117202268436,62.402928252546054,1.0,0.46116504854368934,0.5606796116504854,0.46601941747572817,A+,C,C+,C,unitedairlinesholdingsinc,0.0,0.8666666666666667,0.8214285714285714,30.0,90.0,84.89281911636292,0.0,0.5652173913043478,C+,61.6751399727729,82.14285714285714,83.24284193225945,65.98868036467022,False,False,42.722117202268436
NBIX,Neurocrine Biosciences Inc,Health Care,Biotechnology,131.78,27.6346,4.6236,19.3968,4.054956382602274,41.66,21.45,16.669999999999998,0.2164,16.669999999999998,0.48108898227663066,23.6326,41.66,21.45,23.6326,0.48108898227663066,16.669999999999998,0.2164,16.669999999999998,42.772166105499444,76.21541477456016,72.68170426065163,55.558897243107765,63.73737373737374,60.21832999507136,0.4074074074074074,0.8888888888888888,0.7703703703703704,0.562962962962963,C,B+,B,C+,neurocrinebiosciencesinc,0.003968253968254065,0.8611111111111112,0.8231707317073171,36.0,90.0,84.89281911636292,0.003968253968254065,0.6363636363636364,B-,61.59206736880873,82.31707317073172,83.3473715489842,65.94312820484382,False,False,42.772166105499444
UTHR,United Therapeutics Corp,Health Care,Biotechnology,570.4,18.7303,7.8547,14.2966,3.508083537161761,13.31,10.61,19.3,0.4689,19.16,0.888346189355809,94.1126,13.31,10.61,94.1126,0.888346189355809,19.3,0.43686,19.16,53.85521885521886,51.50562048686071,81.70426065162907,90.70342522974101,91.91919191919192,67.33167902003233,0.5925925925925926,0.5185185185185185,0.8555555555555555,0.9333333333333333,C+,C+,B+,A,unitedtherapeuticscorp,0.04761904761904756,0.7619047619047619,0.7211538461538463,21.0,0.0,0.0,0.04761904761904756,0.9090909090909091,A-,71.52359821195152,72.11538461538463,43.269230769230774,65.87272472340737,False,False,51.50562048686071
SYF,Synchrony Financial,Financials,Consumer Finance,75.76,7.09,0.73096,8.2697,1.5679781443384317,32.06,20.4839,21.41,0.1839285,11.14,0.6488529014844806,44.8289,32.06,20.4839,44.8289,0.6488529014844806,21.41,0.1839285,11.14,73.16484382697803,65.30219100813775,80.40201005025126,61.529522613065325,75.4985754985755,68.75805619354794,0.8480392156862745,0.8137254901960784,0.8088235294117647,0.6519607843137255,B+,B+,B+,B-,synchronyfinancial,0.03703703703703698,0.7407407407407407,0.7109375,27.0,0.0,0.0,0.03703703703703698,0.7435897435897436,B,71.30791374340549,71.09375,42.65625,65.5775809947244,False,False,61.529522613065325
JBSS,John B Sanfilippo & Son Inc,Consumer Staples,Packaged Foods & Meats,79.65,13.2293,0.8141,9.8469,2.570565492135006,43.93,2.21,19.54,0.0886,16.18,0.7938530734632684,26.6497,43.93,2.21,26.6497,0.7938530734632684,19.54,0.0886,16.18,74.99573306024918,71.23958545011176,59.67741935483871,86.7131647776809,54.347826086956516,70.2588381493305,0.8412698412698413,0.7619047619047619,0.6031746031746031,0.873015873015873,B+,B,B-,B+,johnbsanfilipposoninc,0.0,0.8571428571428571,0.7291666666666667,7.0,0.0,0.0,0.0,0.45,C,70.69362075802616,72.91666666666667,43.75,65.30489660642093,False,False,54.347826086956516
CCL,Carnival Corp,Consumer Discretionary,"Hotels, Resorts & Cruise Lines",26.66,11.936,1.3703,8.4937,2.847438800358867,50.48,6.1,26.22,0.16269999999999998,8.1,0.5251288659793814,43.1025,50.48,6.1,43.1025,0.5251288659793814,26.22,0.16269999999999998,8.1,69.89365940363459,78.56272764097002,63.92694063926941,66.96554586965547,73.24414715719062,67.56080471285111,0.7718120805369127,0.8523489932885906,0.6510067114093959,0.6644295302013423,B,B+,B-,B-,carnivalcorp,0.03125,0.8125,0.7770270270270271,32.0,0.0,0.0,0.03125,0.6923076923076923,B-,69.88521942857017,77.70270270270271,46.62162162162162,65.23249986718047,False,False,63.92694063926941
FAF,First American Financial Corp,Financials,Property & Casualty Insurance,68.52,10.3793,0.9058,6.5892,1.2708492915924008,329.61,22.59,11.87,0.1388,8.09,0.8394994559303589,13.2188,95.6,22.59,13.2188,0.8394994559303589,11.87,0.1388,8.09,73.07986008473742,85.96051791638928,48.24120603015075,68.09431774255896,98.97435897435898,66.14123366051169,0.8431372549019608,0.9705882352941176,0.47058823529411764,0.7401960784313726,B+,A+,C,B,firstamericanfinancialcorp,0.11111111111111116,0.7777777777777778,0.6964285714285714,9.0,0.0,0.0,0.06113886113886121,0.9743589743589743,A+,71.03866955794759,69.64285714285714,41.785714285714285,65.18807850350093,False,False,48.24120603015075
VTOL,Bristow Group Inc,Energy,Oil & Gas Equipment & Services,49.29,11.1473,0.9653,8.0748,1.3571072607578767,34.98,5.3,12.870000000000001,0.1065,7.630000000000001,0.9585175826489788,67.5391,34.98,5.3,67.5391,0.9585175826489788,12.870000000000001,0.1065,7.630000000000001,76.28697880270208,73.33158466503417,55.34591194968554,63.14858490566038,92.72727272727272,65.20425660223582,0.9444444444444444,0.8148148148148148,0.5,0.5925925925925926,A,B+,C,C+,bristowgroupinc,0.011111111111111183,0.9,0.7833333333333333,10.0,0.0,0.0,0.011111111111111183,0.9090909090909091,A-,69.47698387496308,78.33333333333333,46.99999999999999,64.98158709997047,False,False,55.34591194968554
BTSG,Brightspring Health Services Inc,Health Care,Health Care Services,52.58,53.2699,0.7867,27.4134,5.387460680143857,48.14,14.59,10.71,0.0229,4.42,0.9435787211176786,193.743,48.14,14.59,103.34951999999993,0.9435787211176786,10.71,0.0229,4.42,48.86083052749719,75.9588914965893,33.583959899749374,98.02136921250496,38.63636363636363,60.4072497486305,0.4888888888888889,0.8740740740740741,0.2740740740740741,1.0,C,B+,D+,A+,brightspringhealthservicesinc,0.0,0.9545454545454546,0.8796296296296297,22.0,90.0,84.89281911636292,0.0,0.36363636363636365,C-,59.270886112266865,87.96296296296296,86.73490542432295,64.76368997467809,False,False,33.583959899749374
EAT,Brinker International Inc,Consumer Discretionary,Restaurants,148.14,18.9812,1.486,11.4142,17.77367183375726,58.84,15.07,121.26999999999998,0.1003,51.9,0.5510060698202088,13.91,58.84,15.07,13.91,0.5510060698202088,121.26999999999998,0.1003,41.1625,53.16876589745947,87.43884540117418,81.62100456621005,64.91585127201566,59.70695970695971,69.16838195055534,0.5704697986577181,0.9530201342281879,0.8993288590604027,0.6308724832214765,C+,A,B+,B-,brinkerinternationalinc,0.0092592592592593,0.75,0.7196969696969697,28.0,0.0,0.0,0.0092592592592593,0.5769230769230769,C+,70.13907792125131,71.96969696969697,43.18181818181818,64.74762597336469,False,False,53.16876589745947
DELL,Dell Technologies Inc,Information Technology,"Technology Hardware, Storage & Peripherals",210.17,23.1217,1.2089,14.7533,54.83887801696021,33.09,18.8,130.7,0.0739,13.700000000000001,0.9126512990517308,128.5699,33.09,18.8,128.5699,0.9126512990517308,109.87799999999994,0.0739,13.700000000000001,80.33674791004356,72.18399383591573,69.73569195667956,71.50705110703333,32.675438596491226,71.2563189552706,0.8486842105263158,0.8355263157894737,0.7171052631578947,0.743421052631579,B+,B+,B,B,delltechnologiesinc,0.0,0.78125,0.75,32.0,0.0,0.0,0.0,0.23684210526315788,D+,69.52386281491972,75.0,45.0,64.61909025193577,False,False,32.675438596491226
NLY,Annaly Capital Management Inc,Financials,Mortgage REITs,22.82,7.6507,2.2413,60.4515,1.0026317986300588,175.07,36.03,14.41,0.2942,1.7500000000000002,0.7209271784096133,17.5077,95.6,36.03,17.5077,0.7209271784096133,14.41,0.2942,1.7500000000000002,89.77239136860774,84.51986075559293,60.30150753768844,62.646566164154116,34.06593406593407,71.95176011052345,0.9803921568627451,0.9656862745098039,0.6127450980392157,0.6666666666666666,A+,A,B-,B-,annalycapitalmanagementinc,0.0,0.7058823529411765,0.6704545454545455,17.0,0.0,0.0,0.0,0.3076923076923077,C-,70.35835351711685,67.04545454545455,40.22727272727273,64.33213735914804,False,False,34.06593406593407
APH,Amphenol Corp,Information Technology,Electronic Components,142.3,40.9686,7.5752,26.0226,13.011951244044953,74.13,51.71,35.77,0.2541,19.74,0.7217723796671167,80.9742,74.13,48.17399999999999,80.9742,0.7217723796671167,35.77,0.2541,19.74,45.75679971741434,88.54950357756947,81.5325125561136,47.98530728349831,90.8466819221968,64.12929024059554,0.5,0.9605263157894737,0.8552631578947368,0.4407894736842105,C,A,B+,C,amphenolcorp,0.07333333333333336,0.8333333333333334,0.7844827586206897,24.0,0.0,0.0,0.07333333333333336,0.8947368421052632,B+,68.21395843281522,78.44827586206897,47.06896551724138,63.98495984970045,False,False,45.75679971741434
FNB,FNB Corp,Financials,Regional Banks,17.66,10.7274,2.56275,13.8394,0.9335666368869835,27.72,64.79501,8.76,0.42536409999999997,6.36,0.7601296596434359,33.283,27.72,64.79501,33.283,0.7601296596434359,8.76,0.42536409999999997,6.36,85.91856340526161,76.36857931557732,27.63819095477387,63.516458697984305,55.66583953680728,61.3661961927212,0.9558823529411765,0.9215686274509803,0.2696078431372549,0.6715686274509803,A,A-,D+,B-,fnbcorp,0.007575757575757569,0.9166666666666666,0.8088235294117647,12.0,38.0,54.97714786972108,0.007575757575757569,0.5641025641025641,C+,61.932780146401925,80.88235294117648,70.52027091259431,63.650278299640405,False,False,27.63819095477387
EME,EMCOR Group Inc,Industrials,Construction & Engineering,903.5,31.5456,2.3638,21.9238,10.948489387175423,31.03,16.62,39.129999999999995,0.1009,37.61,0.9955443607060783,119.0197,31.03,16.62,119.0197,0.9872267261247282,39.129999999999995,0.1009,26.983999999999988,40.43234970586828,72.55151919444995,77.66830870279146,82.04644616467276,87.5776397515528,65.44475767398949,0.3737864077669903,0.8009708737864077,0.8349514563106796,0.8592233009708737,C-,B+,B+,B+,emcorgroupinc,0.01904761904761898,0.7333333333333333,0.6875,15.0,0.0,0.0,0.01904761904761898,0.8260869565217391,B+,69.20252164914477,68.75,41.25,63.61201731931582,False,False,40.43234970586828
GL,Globe Life Inc,Financials,Life & Health Insurance,152.72,10.1767,1.9725,9.1687,2.021747821643504,17.67,3.96,20.64,0.2625,13.889999999999999,0.9463026166097835,29.7316,17.67,3.96,29.7316,0.9463026166097835,20.64,0.2625,13.889999999999999,60.002216967188886,48.44820217308805,79.39698492462311,79.32998324958125,71.91697191697193,65.40543755748686,0.6078431372549019,0.4362745098039216,0.7990196078431373,0.8333333333333334,B-,C,B,B+,globelifeinc,0.018181818181818188,0.8181818181818182,0.7685185185185185,22.0,0.0,0.0,0.018181818181818188,0.6923076923076923,B-,67.59713474918405,76.85185185185185,46.11111111111111,63.299930021569466,False,False,48.44820217308805
AROC,Archrock Inc,Energy,Oil & Gas Equipment & Services,39.02,21.2174,4.5899,10.9342,4.574925842116988,75.16,28.7,22.73,0.36369999999999997,8.290000000000001,0.9794238683127572,63.7432,75.16,28.7,63.7432,0.9794238683127572,22.73,0.36369999999999997,8.290000000000001,34.77754484043792,88.41880281391103,83.33333333333333,61.509433962264154,48.0,64.51336689867786,0.2037037037037037,0.9814814814814815,0.8796296296296297,0.5740740740740741,D+,A+,B+,C+,archrockinc,0.0,0.9333333333333333,0.8374999999999999,15.0,90.0,84.89281911636292,0.0,0.45454545454545453,C,64.31336689867786,83.74999999999999,84.20712764654516,63.29667700675886,True,False,34.77754484043792
META,Meta Platforms Inc,Communication Services,Interactive Media & Services,608.745,21.8882,7.1874,14.3584,7.089410575449417,7.49,26.18,33.22,0.4121,27.51,0.32060944237110045,6.3849,7.49,22.091999999999985,6.3849,0.32060944237110045,33.22,0.4121,27.51,33.1016731016731,75.08503401360545,90.52910052910052,46.632653061224495,22.72727272727273,60.2512308226594,0.35135135135135137,0.8918918918918919,0.8918918918918919,0.4594594594594595,C-,B+,B+,C,metaplatformsinc,-0.01388888888888895,0.8888888888888888,0.8668831168831168,72.0,90.0,84.89281911636292,-0.01111111111111116,0.2,D,57.523958095386675,86.68831168831169,85.97011465953219,63.21318940821578,False,False,22.72727272727273
PRDO,Perdoceo Education Corp,Consumer Discretionary,Education Services,33.64,13.1901,2.493,8.4229,2.1613980981752765,10.81,24.2,16.3,0.23170000000000002,16.08,0.6442166910688141,33.6512,10.81,22.7775,33.6512,0.6442166910688141,16.3,0.23170000000000002,16.08,61.84456498421746,82.25105374077977,69.17808219178083,74.54162276080085,38.79598662207358,69.1141970943157,0.6845637583892618,0.8926174496644296,0.7214765100671141,0.7718120805369127,B-,B+,B,B,perdoceoeducationcorp,0.0,0.8571428571428571,0.7291666666666667,7.0,0.0,0.0,0.0,0.5,C,67.99379575652306,72.91666666666667,43.75,63.14503660521845,False,False,38.79598662207358
THG,Hanover Insurance Group Inc,Financials,Property & Casualty Insurance,186.84,9.924,0.9994,7.6829,1.8519216015890607,55.07,5.61,19.99,0.132,15.299999999999999,0.8443152454780365,12.8329,55.07,5.61,12.8329,0.8443152454780365,19.99,0.132,15.299999999999999,64.25509902453445,51.50698217265158,78.39195979899498,67.63303697977065,91.89743589743588,64.4897685363668,0.6813725490196079,0.5049019607843137,0.7892156862745098,0.7303921568627451,B-,C+,B,B,hanoverinsurancegroupinc,0.06060606060606066,0.7272727272727273,0.671875,11.0,0.0,0.0,0.06060606060606066,0.9487179487179487,A,68.6795121261104,67.1875,40.3125,63.00610970088832,False,False,51.50698217265158
WFRD,Weatherford International PLC,Energy,Oil & Gas Equipment & Services,109.49,17.7026,1.6806,12.2607,4.6141657289994145,1.92,-8.81,28.37,0.1431,14.610000000000001,0.9603431303614118,156.9585,1.92,-8.81,148.72904,0.9603431303614118,24.21,0.1431,14.238,48.893547635686,36.91411502639811,85.53459119496854,89.10377358490567,81.45454545454547,63.8106124299244,0.48148148148148145,0.2962962962962963,0.9259259259259259,0.9814814814814815,C,D+,A-,A+,weatherfordinternationalplc,0.011029411764705843,0.8235294117647058,0.7613636363636364,17.0,0.0,0.0,0.011029411764705843,0.8181818181818182,B+,66.95606697537895,76.13636363636364,45.68181818181818,62.70121721666679,False,False,36.91411502639811
RL,Ralph Lauren Corp,Consumer Discretionary,"Apparel, Accessories & Luxury Goods",362.21,23.8799,2.8001,16.0611,8.60572970866774,33.85,12.71,34.74,0.1463,21.84,0.8163085075066232,61.3336,33.85,12.71,61.3336,0.8163085075066232,34.74,0.1463,21.84,29.262051423492995,85.45541359325605,76.25570776255707,91.35932560590095,75.52447552447552,66.74238763634392,0.2348993288590604,0.9261744966442953,0.8187919463087249,0.9463087248322147,D+,A-,B+,A,ralphlaurencorp,0.0357142857142857,0.8571428571428571,0.8106060606060607,28.0,8.0,15.464616531534126,0.0357142857142857,0.7692307692307693,B,69.29483518879147,81.06060606060606,54.822210248977285,62.57895006678766,True,False,29.262051423492995
DY,Dycom Industries Inc,Industrials,Construction & Engineering,433.6,46.2894,2.347,21.4807,6.989715317406584,21.16,17.95,18.81,0.0753,9.54,0.9568474189871358,150.5489,21.16,17.95,148.77037999999985,0.9568474189871358,18.81,0.0753,9.54,35.25913880784989,72.23100319833982,48.6863711001642,83.36242083040113,69.56521739130434,57.10506228275172,0.2815533980582524,0.7912621359223301,0.47572815533980584,0.8737864077669902,D+,B,C,B+,dycomindustriesinc,0.0023809523809523725,0.9523809523809523,0.875,21.0,90.0,84.89281911636292,0.0023809523809523725,0.6739130434782609,B-,59.061584021882155,87.5,86.45712764654516,62.33189719407182,True,False,35.25913880784989
LRCX,Lam Research Corp,Information Technology,Semiconductor Materials & Equipment,256.72,47.8588,14.8072,40.6051,33.02799505969535,47.61,26.53,65.79,0.34259999999999996,46.29,0.9064762277440817,257.8977,47.61,26.53,257.8977,0.9064762277440817,65.79,0.34259999999999996,46.29,30.049746850347343,85.07369560642495,90.88403929063514,81.25121676743056,65.90389016018308,68.49842901001672,0.26973684210526316,0.9407894736842105,0.9473684210526315,0.881578947368421,D+,A,A,B+,lamresearchcorp,0.024390243902439046,0.7560975609756098,0.7336956521739131,41.0,0.0,0.0,0.024390243902439046,0.6578947368421053,B-,70.08881802603503,73.36956521739131,44.02173913043479,62.27184991990064,True,False,30.049746850347343
MCY,Mercury General Corp,Financials,Property & Casualty Insurance,96.27,9.8546,0.8898,5.9839,2.2059126800452775,15.61,9.44,25.650000000000002,0.1155,20.16,0.9178156551948755,73.8981,15.61,9.44,72.80332,0.9178156551948755,25.650000000000002,0.1155,20.16,59.21765691201104,43.75248286990994,86.4321608040201,96.7272258729545,30.615384615384617,69.50839617758068,0.6029411764705882,0.38235294117647056,0.8676470588235294,0.9950980392156863,B-,C-,B+,A+,mercurygeneralcorp,0.0,0.8,0.675,5.0,0.0,0.0,0.0,0.14102564102564102,D,67.56993463911914,67.5,40.5,62.15594771129532,False,False,30.615384615384617
SNX,TD Synnex Corp,Information Technology,Technology Distributors,228.2,18.5862,0.2816,10.699,2.163063929818907,50.42,10.39,11.600000000000001,0.0246,7.64,0.9716420026716217,104.0415,50.42,10.39,104.0415,0.9716420026716217,11.600000000000001,0.0246,7.64,90.2758153773696,69.57897197372488,38.401706742521895,81.9249109484231,37.91866028708134,67.47015711440247,0.9407894736842105,0.7763157894736842,0.34868421052631576,0.9013157894736842,A,B,C-,A-,tdsynnexcorp,0.0,0.8235294117647058,0.7613636363636364,17.0,0.0,0.0,0.0,0.35526315789473684,C-,66.2620231431106,76.13636363636364,45.68181818181818,62.14598215085212,False,False,37.91866028708134
GMED,Globus Medical Inc,Health Care,Health Care Equipment,91.34,22.9349,4.1974,16.4235,2.6974109697862807,428.44,16.65,12.4,0.20329999999999998,12.389999999999999,0.7972584790606261,28.4489,428.44,16.65,28.4489,0.7972584790606261,12.4,0.20329999999999998,12.389999999999999,54.25364758698092,86.98419315615772,63.78446115288221,82.65864661654135,37.58741258741259,68.43809513950559,0.6074074074074074,0.9555555555555556,0.6814814814814815,0.8666666666666667,B-,A,B-,B+,globusmedicalinc,0.0,0.7272727272727273,0.6944444444444444,22.0,0.0,0.0,0.0,0.25757575757575757,D+,67.19683639824684,69.44444444444444,41.666666666666664,62.09080245193081,False,False,37.58741258741259
EWBC,East West Bancorp Inc,Financials,Regional Banks,125.82,12.3749,3.27879,9.0844,1.9451366944734743,19.47,74.7411,16.06,0.5797675999999999,15.740000000000002,0.960112954465231,44.8371,19.47,74.7411,44.8371,0.960112954465231,16.06,0.5797675999999999,15.740000000000002,51.21563700857227,73.3081552651962,67.33668341708542,92.32567331037208,34.36724565756824,67.76484582152808,0.5,0.8872549019607843,0.6813725490196079,0.9607843137254902,C,B+,B-,A,eastwestbancorpinc,0.0,0.7391304347826086,0.7053571428571428,23.0,0.0,0.0,0.0,0.3974358974358974,C-,66.2015703872849,70.53571428571428,42.32142857142856,61.42554202411364,False,False,34.36724565756824
ULTA,Ulta Beauty Inc,Consumer Discretionary,Other Specialty Retail,531.95,20.17,1.8774,12.49,8.38042514174805,1.06,41.38,44.07,0.12369999999999999,40.57,0.44365761122826136,35.3803,1.06,22.7775,35.3803,0.44365761122826136,44.07,0.12369999999999999,40.57,44.82240813949925,77.71207905251143,79.90867579908677,67.69406392694064,63.36996336996338,65.26399958053692,0.44966442953020136,0.8456375838926175,0.8590604026845637,0.6778523489932886,C,B+,B+,B-,ultabeautyinc,0.019327731092437017,0.6764705882352942,0.6602564102564102,34.0,0.0,0.0,0.019327731092437017,0.6153846153846154,B-,66.60099591753325,66.02564102564102,39.61538461538461,61.20387365710353,False,False,44.82240813949925
BAC,Bank of America Corp,Financials,Diversified Banks,53.24,12.0543,2.32875,26.8068,1.2662834201068873,18.65,99.36713,10.5,0.3273721,3.08,0.7601558152476352,32.5367,18.65,85.8019475,32.5367,0.7601558152476352,10.5,0.3273721,3.08,64.99778303281111,81.1296407407103,40.20100502512563,69.95747970622342,80.04459308807135,61.517121103870934,0.696078431372549,0.9558823529411765,0.39215686274509803,0.7794117647058824,B-,A,C-,B,bankofamericacorp,0.03870967741935483,0.8387096774193549,0.7986111111111112,31.0,0.0,0.0,0.03870967741935483,0.7948717948717948,B,64.52158041267808,79.86111111111111,47.916666666666664,61.2005976634758,False,False,40.20100502512563
HCI,Hci Group Inc,Financials,Property & Casualty Insurance,152.3,6.6175,2.1965,1.8605,1.9006329619424145,74.84,20.1,38.04,0.4866,33.550000000000004,0.21489275596924332,4.7744,74.84,20.1,4.7744,0.21489275596924332,38.04,0.4866,27.17999999999999,69.37752487929845,78.00019725973354,93.96984924623115,33.75595928359748,30.615384615384617,68.1880748400486,0.7696078431372549,0.9264705882352942,0.9411764705882353,0.3137254901960784,B,A-,A,C-,hcigroupinc,0.0,0.75,0.6730769230769231,8.0,0.0,0.0,0.0,0.14102564102564102,D,66.24961330158706,67.3076923076923,40.38461538461538,61.07661371819273,False,False,30.615384615384617
ACAD,ACADIA Pharmaceuticals Inc,Health Care,Pharmaceuticals,21.95,9.6117,4.5433,27.1949,3.045734584003996,117.79,-13.64,41.9,0.10339999999999999,41.9,0.547703180212014,50.652,117.79,-12.979999999999999,50.652,0.547703180212014,41.9,0.10339999999999999,29.947999999999997,53.316498316498325,43.75576937392987,75.68922305764411,68.56766917293233,98.83449883449885,59.71611805290805,0.5703703703703704,0.4,0.7925925925925926,0.7111111111111111,C+,C-,B,B,acadiapharmaceuticalsinc,0.0854700854700855,0.7777777777777778,0.7421875,27.0,0.0,0.0,0.07077840112201961,1.0,A+,64.59956793635794,74.21875,44.53125,60.585904349086356,False,False,43.75576937392987
FCX,Freeport-McMoRan Inc,Materials,Copper,56.55,36.8756,4.4332,9.6637,4.296818606630246,16.78,-27.98,12.0,0.2229,7.960000000000001,0.597515007678347,55.3145,16.78,-17.278,55.3145,0.597515007678347,12.0,0.2229,7.960000000000001,46.560846560846564,37.70745012981038,70.8994708994709,67.64928193499622,76.19047619047619,55.436425778040686,0.49206349206349204,0.2698412698412698,0.6984126984126984,0.6825396825396826,C,D+,B-,B-,freeportmcmoraninc,0.0714285714285714,0.8571428571428571,0.8106060606060607,28.0,38.0,54.97714786972108,0.0714285714285714,0.75,B,58.055473397088306,81.06060606060606,70.62722278425207,60.569823274521056,False,False,37.70745012981038
DXPE,DXP Enterprises Inc,Industrials,Trading Companies & Distributors,168.9,29.5646,1.3002,16.8591,5.256900265179339,26.99,11.89,18.67,0.0877,7.7,0.9481812639707378,89.8179,26.99,11.89,89.8179,0.9481812639707378,18.67,0.0877,7.7,55.96912015559488,83.26908754834136,46.88013136288998,86.64433497536946,44.8960302457467,64.69499738436338,0.5825242718446602,0.9223300970873787,0.4393203883495146,0.9174757281553398,C+,A-,C,A-,dxpenterprisesinc,0.0,0.8888888888888888,0.7678571428571428,9.0,0.0,0.0,0.0,0.6413043478260869,B-,64.18460040893805,76.78571428571428,46.07142857142856,60.56196604143616,False,False,44.8960302457467
ORCL,Oracle Corp,Information Technology,Application Software,171.83,30.4868,7.7125,27.3139,23.584556048149114,31.02,14.87,57.35,0.3056,11.77,0.17646223064172395,18.1043,31.02,14.87,18.1043,0.17646223064172395,57.35,0.3056,11.77,49.25232544448369,62.20555875910614,79.48945879076108,59.937842101158374,70.48872180451127,61.614126230864095,0.5394736842105263,0.6842105263157895,0.8355263157894737,0.5789473684210527,C+,B-,B+,C+,oraclecorp,0.039215686274509776,0.7843137254901961,0.7633928571428572,51.0,0.0,0.0,0.039215686274509776,0.7368421052631579,B,63.66299841131522,76.33928571428572,45.80357142857143,60.091113014766464,False,False,49.25232544448369
AX,Axos Financial Inc,Financials,Regional Banks,87.41,10.8496,2.35138,9.0906,1.8417847676118955,8.63,78.88815,16.59,0.496028,12.479999999999999,0.6333096621421838,33.4504,8.63,78.88815,33.4504,0.6333096621421838,16.59,0.496028,12.479999999999999,62.32510592176569,61.27454332182329,71.35678391959799,54.04776692451019,69.5616211745244,61.48493450960762,0.6568627450980392,0.7107843137254902,0.7205882352941176,0.5637254901960784,B-,B,B,C+,axosfinancialinc,0.01098901098901095,0.8571428571428571,0.7763157894736842,14.0,0.0,0.0,0.01098901098901095,0.6410256410256411,B-,63.44109662706006,77.63157894736842,46.578947368421055,60.06866677533227,False,False,54.04776692451019
GEV,GE Vernova Inc,Industrials,Heavy Electrical Equipment,1062.95,30.4711,7.2542,38.1505,25.63036050568693,395.59,10.27,87.97,0.1547,82.54,0.8518942599691343,178.0481,107.05100000000004,10.27,148.77037999999985,0.8518942599691343,73.67999999999981,0.1547,26.983999999999988,20.426610550480657,86.39648058205759,87.192118226601,88.08350926577528,89.648033126294,66.800680163837,0.12135922330097088,0.9514563106796117,0.9514563106796117,0.9368932038834952,D,A,A,A,gevernovainc,0.04999999999999993,0.85,0.8166666666666667,40.0,8.0,15.464616531534126,0.04999999999999993,0.8913043478260869,B+,70.76548347646639,81.66666666666667,55.18584661261365,59.915832578249066,True,False,20.426610550480657
AAPL,Apple Inc,Information Technology,"Technology Hardware, Storage & Peripherals",280.14,33.5531,9.1103,25.904,56.12903225806452,29.01,12.76,146.69,0.3264,69.07,0.911083149837475,31.3238,29.01,12.76,31.3238,0.911083149837475,109.87799999999994,0.3264,53.78399999999993,47.077004592016955,59.37072356382911,93.79824288486896,53.62143079374957,67.54385964912282,62.817242740737214,0.5328947368421053,0.6578947368421053,0.9671052631578947,0.5131578947368421,C+,B-,A,C+,appleinc,0.03703703703703709,0.6851851851851852,0.673728813559322,54.0,0.0,0.0,0.03703703703703709,0.7105263157894737,B,64.5716287056495,67.37288135593221,40.42372881355932,59.74204872723146,False,False,47.077004592016955
PLUS,ePlus inc,Information Technology,Technology Distributors,85.21,16.9346,0.9533,9.9941,2.312014825547479,28.46,11.01,12.93,0.0692,12.809999999999999,0.7248195795418887,35.2325,28.46,11.01,35.2325,0.7248195795418887,12.93,0.0692,12.809999999999999,90.29347698104321,66.64520653233282,52.866053306072864,53.13617113141537,37.91866028708134,64.74615810452866,0.9473684210526315,0.7236842105263158,0.5526315789473685,0.506578947368421,A,B,C+,C+,eplusinc,0.0,0.8571428571428571,0.7291666666666667,7.0,0.0,0.0,0.0,0.35526315789473684,C-,63.538024133236796,72.91666666666667,43.75,59.58041930658944,False,False,37.91866028708134
ANET,Arista Networks Inc,Information Technology,Communications Equipment,172.7,61.9293,24.1468,53.3574,17.54154308698655,23.67,28.6,31.009999999999998,0.4282,31.009999999999998,0.92680412371134,96.6075,23.67,28.6,96.6075,0.92680412371134,31.009999999999998,0.4282,31.009999999999998,23.431060873660666,78.30324647896339,87.94316784449678,60.929404269819386,47.60765550239234,60.69008732929592,0.17763157894736842,0.875,0.9078947368421053,0.5986842105263158,D,B+,A-,C+,aristanetworksinc,0.0037878787878787845,0.8787878787878788,0.8355263157894737,33.0,90.0,84.89281911636292,0.0037878787878787845,0.5,C,60.450852879535155,83.55263157894737,84.08870659391359,59.5610726391636,True,False,23.431060873660666
UGI,UGI Corp,Utilities,Gas Utilities,35.4,11.2067,3.3384,8.9607,1.589375429333405,150.04,0.22,14.09,0.48200000000000004,5.6899999999999995,0.38888888888888856,7.0457,116.81250000000004,0.22,7.0457,0.38888888888888856,14.09,0.38946000000000003,5.6899999999999995,78.62884160756501,57.69734380845492,88.14814814814815,30.041152263374485,52.17391304347826,64.24194665329416,0.851063829787234,0.6382978723404256,0.9361702127659575,0.2765957446808511,B+,B-,A,D+,ugicorp,-0.023809523809523725,0.8333333333333334,0.7045454545454546,6.0,0.0,0.0,-0.023809523809523725,0.5,C,64.45933795764199,70.45454545454545,42.27272727272727,59.3196305291407,False,True,30.041152263374485
UNP,Union Pacific Corp,Industrials,Rail Transportation,266.32,21.9352,6.4056,14.4497,8.554212223606953,9.44,1.87,40.38,0.4021,14.530000000000001,0.8675527756059418,24.4021,9.44,1.87,24.4021,0.8675527756059418,40.38,0.29964999999999986,14.530000000000001,47.54571396687231,51.75895658728014,86.61740558292281,54.63696723067038,94.0711462450593,59.81996465103889,0.48058252427184467,0.529126213592233,0.9368932038834952,0.5339805825242718,C,C+,A,C+,unionpacificcorp,0.06451612903225801,0.6774193548387096,0.6597222222222223,31.0,0.0,0.0,0.06451612903225801,0.9347826086956522,A,64.22707927554481,65.97222222222223,39.583333333333336,59.298330087102514,False,False,47.54571396687231
ESE,ESCO Technologies Inc,Industrials,Industrial Machinery & Supplies & Components,326.96,27.8112,7.0311,33.7766,5.480756336328282,175.22,14.09,21.34,0.1562,18.13,0.9981392103273827,102.7407,107.05100000000004,14.09,102.7407,0.9872267261247282,21.34,0.1562,18.13,23.348797168683337,95.11133372789797,73.72742200328408,95.24806474313864,87.82608695652175,67.34093448719918,0.1553398058252427,0.9951456310679612,0.7912621359223301,0.9902912621359223,D,A+,B,A+,escotechnologiesinc,0.023809523809523725,0.8571428571428571,0.7291666666666667,7.0,0.0,0.0,0.023809523809523725,0.8478260869565217,B+,71.12354318285135,72.91666666666667,43.75,59.25922710621829,True,False,23.348797168683337
TMDX,Transmedics Group Inc,Health Care,Health Care Equipment,100.01,18.1551,5.7057,31.8541,7.2439519049688545,362.68,37.13,53.879999999999995,0.1793,22.009999999999998,0.16307922272047848,10.5694,362.68,37.13,10.5694,0.16307922272047848,53.879999999999995,0.1793,22.009999999999998,41.666666666666664,94.15503725039942,80.70175438596492,47.359398496240594,37.58741258741259,63.894992412485905,0.3925925925925926,0.9925925925925926,0.8444444444444444,0.4444444444444444,C-,A+,B+,C,transmedicsgroupinc,0.0,0.8,0.7500000000000001,20.0,0.0,0.0,0.0,0.25757575757575757,D+,62.653733671227165,75.00000000000001,45.00000000000001,59.12298693698173,False,False,37.58741258741259
WMS,Advanced Drainage Systems Inc,Industrials,Building Products,147.31,24.2923,3.8252,16.0868,7.061570026077619,0.61,1.6,25.82,0.2284,14.46,0.5711222780569515,29.6629,0.61,1.6,29.6629,0.5711222780569515,25.82,0.2284,14.46,47.497887671975384,49.11726088235521,78.89983579638752,64.81316832872763,75.15527950310559,59.385516709307296,0.47572815533980584,0.47572815533980584,0.8446601941747572,0.6650485436893204,C,C,B+,B-,advanceddrainagesystemsinc,0.009523809523809601,0.8666666666666667,0.7875000000000001,15.0,0.0,0.0,0.009523809523809601,0.7391304347826086,B,61.90104465961785,78.75000000000001,47.25000000000001,58.970835727694286,False,False,47.497887671975384
KOP,Koppers Holdings Inc,Materials,Commodity Chemicals,41.91,14.4718,0.4312,7.6579,1.4205431348888917,14.14,-10.17,10.45,0.07490000000000001,3.7699999999999996,0.9851767388825539,66.6402,14.14,-10.17,66.6402,0.9848885540024427,10.45,0.07490000000000001,3.7699999999999996,92.06349206349206,40.59853190287973,42.32804232804232,87.5776397515528,33.333333333333336,64.2331179287701,0.9841269841269841,0.31746031746031744,0.36507936507936506,0.9365079365079365,A+,C-,C-,A,koppersholdingsinc,0.0,0.8571428571428571,0.7291666666666667,7.0,0.0,0.0,0.0,0.4583333333333333,C,62.566451262103435,72.91666666666667,43.75,58.80316100968275,False,False,33.333333333333336
FSS,Federal Signal Corp,Industrials,Construction Machinery & Heavy Transportation Equipment,121.61,30.0831,3.4022,22.1846,5.3589448682186935,14.4,17.14,19.09,0.1563,15.190000000000001,0.7834862174005679,44.3613,14.4,17.14,44.3613,0.7834862174005679,19.09,0.1563,15.190000000000001,36.70349291373731,82.53360545616057,68.96551724137932,58.692342140617995,98.10964083175804,59.66244205813487,0.30097087378640774,0.9174757281553398,0.7330097087378641,0.5970873786407767,C-,A-,B,C+,federalsignalcorp,0.10000000000000009,0.8,0.7166666666666667,10.0,0.0,0.0,0.06612903225806449,0.9782608695652174,A+,64.47340614131068,71.66666666666667,43.0,58.703469763481095,True,False,36.70349291373731
BCO,Brinks Co,Industrials,Security & Alarm Services,107.52,22.1481,0.8407,7.9268,15.913093669986827,29.64,4.97,79.36,0.1093,4.64,0.4872934067886973,20.8905,29.64,4.97,20.8905,0.4872934067886973,73.67999999999981,0.1093,4.64,82.00057391553877,69.33712245026143,57.96387520525452,45.578231292517,42.02898550724638,62.97418302875401,0.8883495145631068,0.7524271844660194,0.6019417475728155,0.41262135922330095,B+,B,B-,C,brinksco,0.0,0.8571428571428571,0.7291666666666667,7.0,0.0,0.0,0.0,0.5,C,62.17708157947865,72.91666666666667,43.75,58.491665263582924,False,False,42.02898550724638
LLY,Eli Lilly and Co,Health Care,Pharmaceuticals,963.33,36.0084,12.5976,28.4499,34.30014990048175,128.83,47.44,101.30999999999999,0.4363,37.71,0.6655624595722994,21.3109,128.83,47.44,21.3109,0.6655624595722994,97.80199999999995,0.4363,29.947999999999997,25.6341189674523,91.18244249236953,96.74185463659148,59.78571428571429,75.990675990676,65.78762475662771,0.18518518518518517,0.9777777777777777,1.0,0.6,D,A+,A+,C+,elilillyandco,0.03950103950103956,0.7692307692307693,0.7443181818181819,39.0,0.0,0.0,0.03950103950103956,0.7272727272727273,B,68.3866923556953,74.43181818181819,44.659090909090914,58.39666807201579,True,False,25.6341189674523
IQV,IQVIA Holdings Inc,Health Care,Life Sciences Tools & Services,157.77,19.6864,1.6415,11.8507,4.114680047570364,4.84,5.87,22.28,0.1334,6.41,0.20569395017793599,4.4143,4.84,5.87,4.4143,0.20569395017793599,22.28,0.1334,6.41,73.55218855218855,53.16776492271991,55.76441102756892,32.85455016852477,98.55699855699855,54.53361291318831,0.8518518518518519,0.5555555555555556,0.562962962962963,0.2814814814814815,B+,C+,C+,D+,iqviaholdingsinc,0.07096774193548383,0.8709677419354839,0.8263888888888888,31.0,8.0,15.464616531534126,0.07077840112201961,0.9696969696969697,A,59.38931276888816,82.63888888888889,55.76917994594698,58.12208910981566,False,True,32.85455016852477
KFY,Korn Ferry,Industrials,Human Resource & Employment Services,66.52,12.8528,1.1942,6.0111,1.8339518187883566,8.41,5.44,13.94,0.1307,11.55,0.38723208348253085,6.279,8.41,5.44,6.279,0.38723208348253085,13.94,0.1307,11.55,87.53088781545428,60.599870465210046,54.84400656814449,52.28712174524982,40.11857707509881,63.17112203799167,0.941747572815534,0.6456310679611651,0.5679611650485437,0.5145631067961165,A,B-,C+,C+,kornferry,0.0,0.7777777777777778,0.6964285714285714,9.0,0.0,0.0,0.0,0.29347826086956524,D+,62.182979745501555,69.64285714285714,41.785714285714285,58.10352665354411,False,False,40.11857707509881
PNC,PNC Financial Services Group Inc,Financials,Diversified Banks,220.71,12.3393,2.34179,14.7266,1.422270968041273,20.05,72.26733,11.98,0.345423,6.890000000000001,0.7267701717243004,37.0955,20.05,72.26733,37.0955,0.7267701717243004,11.98,0.345423,6.890000000000001,60.00344861562715,74.2871937337158,49.246231155778894,71.04367993815231,55.629877369007794,61.37859467722513,0.6127450980392157,0.8970588235294118,0.4803921568627451,0.7843137254901961,B-,B+,C,B,pncfinancialservicesgroupinc,0.009195402298850519,0.7333333333333333,0.7071428571428571,30.0,0.0,0.0,0.009195402298850519,0.5384615384615384,C+,61.94158241412591,70.71428571428571,42.42857142857142,58.038980217015016,False,False,49.246231155778894
FIVE,Five Below Inc,Consumer Discretionary,Specialty Stores,230.52,35.505,2.6728,18.4903,5.804677585060736,40.49,22.9,18.14,0.096,18.14,0.8812376933895922,205.8917,40.49,22.7775,81.545,0.8812376933895922,18.14,0.096,18.14,24.312770065275355,92.49143835616438,61.41552511415525,95.84299262381454,92.67399267399267,64.09895999085344,0.20134228187919462,0.9664429530201343,0.6308724832214765,0.9932885906040269,D+,A,B-,A+,fivebelowinc,0.07291666666666663,0.6666666666666666,0.6513157894736843,33.0,0.0,0.0,0.07291666666666663,0.9230769230769231,A-,68.36635925825271,65.13157894736842,39.078947368421055,57.86266338062752,True,False,24.312770065275355
GE,General Electric Co,Industrials,Aerospace & Defense,286.51,34.6381,6.1874,30.8902,16.088384760086477,26.27,21.75,46.22,0.1666,22.25,0.5802059341552633,40.7151,26.27,21.676999999999982,40.7151,0.5802059341552633,46.22,0.1666,22.25,20.44574106843943,87.57360173273119,85.05747126436782,50.6847290640394,73.39130434782608,59.02746924255593,0.1262135922330097,0.9660194174757282,0.9174757281553398,0.5048543689320388,D,A,A-,C+,generalelectricco,0.008898776418242549,0.8709677419354839,0.8263888888888888,31.0,68.0,76.02119809746753,0.008898776418242549,0.717391304347826,B,61.36659967733854,82.63888888888889,79.99181257232034,57.8083298582353,True,False,20.44574106843943
OVV,Ovintiv Inc,Energy,Oil & Gas Exploration & Production,60.85,13.8816,1.9354,6.6869,1.3768027404822998,15.07,-2.67,11.86,0.127,7.86,0.9403544648943422,76.9924,15.07,-2.67,76.9924,0.9403544648943422,11.86,0.127,7.86,68.98439319822967,55.1234158518055,60.37735849056603,74.12675374939525,31.060606060606055,63.190471842439074,0.8518518518518519,0.5925925925925926,0.5925925925925926,0.7777777777777778,B+,C+,C+,B,ovintivinc,-0.07287933094384702,0.7419354838709677,0.7152777777777779,31.0,0.0,0.0,-0.07287933094384702,0.2727272727272727,D+,61.296532448499676,71.52777777777779,42.91666666666667,57.62055929213308,False,False,31.060606060606055
SMP,Standard Motor Products Inc,Consumer Discretionary,Automotive Parts & Equipment,38.51,20.6324,0.4761,7.5361,1.247392492971068,48.96,22.36,6.15,0.0762,3.19,0.6137184115523465,39.3775,48.96,22.36,39.3775,0.6137184115523465,6.15,0.0762,3.19,72.60120744077717,93.53407271820711,29.680365296803654,65.51724137931035,36.62207357859531,62.3806560038987,0.7919463087248322,0.9731543624161074,0.2348993288590604,0.6510067114093959,B,A+,D+,B-,standardmotorproductsinc,0.0,0.8571428571428571,0.7291666666666667,7.0,0.0,0.0,0.0,0.3269230769230769,C-,61.04286336175823,72.91666666666667,43.75,57.584290689406586,False,False,29.680365296803654
ENSG,Ensign Group Inc,Health Care,Health Care Facilities,183.72,31.1998,2.1218,19.0821,4.781672856745017,14.27,18.72,16.59,0.08410000000000001,15.509999999999998,0.6272292301000435,43.408,14.27,18.72,43.408,0.6272292301000435,16.59,0.08410000000000001,15.509999999999998,50.45454545454546,69.70546030491043,58.39598997493734,78.54290899662949,40.316205533596836,61.86230771767869,0.5111111111111111,0.7703703703703704,0.6074074074074074,0.8148148148148148,C+,B,B-,B+,ensigngroupinc,0.0,0.8181818181818182,0.734375,11.0,0.0,0.0,0.0,0.45454545454545453,C,60.89392827103838,73.4375,44.0625,57.527642616830704,False,False,40.316205533596836
KLAC,KLA Corp,Information Technology,Semiconductor Materials & Equipment,1726.26,49.643,17.7544,38.8714,48.56862309278698,44.58,17.49,95.22,0.4199,42.71,0.8314882176182192,155.2469,44.58,17.49,155.2469,0.8314882176182192,95.22,0.4199,42.71,29.40509831626045,75.11863036023661,93.9863993955287,56.11007697447617,79.40503432494279,62.09361589488985,0.2565789473684211,0.868421052631579,0.9736842105263158,0.5394736842105263,D+,B+,A+,C+,klacorp,0.04504504504504503,0.6666666666666666,0.6524390243902438,36.0,0.0,0.0,0.04504504504504503,0.7894736842105263,B,65.03411932738413,65.24390243902438,39.14634146341463,57.06063215815872,True,False,29.40509831626045
WS,Worthington Steel Inc,Materials,Steel,39.17,16.3654,0.595,9.1705,1.80693434697568,12.12,5.55,11.01,0.0417,9.25,0.5991180597314091,52.5312,12.12,5.55,52.5312,0.5991180597314091,11.01,0.0417,9.25,82.53968253968253,59.057925249829296,50.0,60.525451559934325,32.539682539682545,62.05159599687335,0.8888888888888888,0.6507936507936508,0.4603174603174603,0.5873015873015873,B+,B-,C,C+,worthingtonsteelinc,0.0,0.8,0.7166666666666667,10.0,0.0,0.0,0.0,0.2916666666666667,D+,60.305564250841606,71.66666666666667,43.0,56.844451400673286,False,False,32.539682539682545
CSCO,Cisco Systems Inc,Information Technology,Communications Equipment,91.85,32.7553,6.1435,26.9528,7.764815284470369,21.66,9.0,23.64,0.2275,14.63,0.9696367763904652,58.0351,21.66,9.0,58.0351,0.9696367763904652,23.64,0.2275,14.63,51.01554221123278,54.31919514286811,74.50182971095012,60.9175222602486,59.330143540669866,59.42668646116907,0.5592105263157895,0.5921052631578947,0.7631578947368421,0.5921052631578947,C+,C+,B,C+,ciscosystemsinc,0.009072580645161255,0.71875,0.695945945945946,32.0,0.0,0.0,0.009072580645161255,0.5789473684210527,C+,60.35970081523605,69.59459459459461,41.756756756756765,56.6391120035402,False,False,51.01554221123278
RCL,Royal Caribbean Cruises Ltd,Consumer Discretionary,"Hotels, Resorts & Cruise Lines",265.55,16.6866,3.9709,13.8411,7.154615676839306,47.85,8.8,45.82,0.2728,14.56,0.3228467936678295,20.2836,47.85,8.8,20.2836,0.3228467936678295,45.82,0.2721,14.56,38.72238055836474,84.78655311399456,81.84931506849314,44.73225404732254,36.62207357859531,61.046685338977895,0.348993288590604,0.9060402684563759,0.9093959731543624,0.4161073825503356,C-,A-,A-,C,royalcaribbeancruisesltd,0.0,0.7647058823529411,0.7371794871794871,34.0,0.0,0.0,0.0,0.3269230769230769,C-,59.708892696837424,73.71794871794872,44.230769230769226,56.584771392212566,True,False,36.62207357859531
STT,State Street Corp,Financials,Asset Management & Custody Banks,152.0,13.7255,1.80473,17.3058,1.5236476123840474,11.47,181.1518,11.09,0.24962610000000002,5.04,0.9393851508120649,71.3062,11.47,85.8019475,71.3062,0.9393851508120649,11.09,0.24962610000000002,5.04,54.316927776135586,74.29513035580725,44.221105527638194,89.83165829145729,32.51748251748252,62.459866055396354,0.5441176470588235,0.9019607843137255,0.43137254901960786,0.9264705882352942,C+,A-,C,A-,statestreetcorp,0.0,0.6818181818181818,0.6574074074074073,22.0,0.0,0.0,0.0,0.19230769230769232,D,60.71161430714461,65.74074074074073,39.444444444444436,56.45818033460458,False,False,32.51748251748252
DOCN,DigitalOcean Holdings Inc,Information Technology,Internet Services & Infrastructure,102.82,40.6049,11.6785,32.6834,209.06872712484747,182.74,15.48,-20.080000000000002,0.2275,-1.73,0.9789672820163228,226.6201,182.74,15.48,226.6201,0.9789672820163228,-9.676,0.2275,-1.73,37.56770281408219,78.55595187809952,29.87095722772864,91.47380909236992,81.10047846889952,55.865617204546595,0.35526315789473684,0.881578947368421,0.2565789473684211,0.9736842105263158,C-,B+,D+,A+,digitaloceanholdingsinc,0.06190476190476191,0.7619047619047619,0.7211538461538463,21.0,0.0,0.0,0.06190476190476191,0.8421052631578947,B+,58.97566505143655,72.11538461538463,43.269230769230774,55.834378194995395,False,False,29.87095722772864
PSMT,PriceSmart Inc,Consumer Staples,Consumer Staples Merchandise Retail,158.21,31.3424,0.8845,15.5784,3.899641117662138,8.73,8.85,12.23,0.0449,10.8,0.8907486993892784,56.2877,8.73,8.85,56.2877,0.8907486993892784,12.23,0.0449,10.8,45.18689196108551,71.31383048191198,39.784946236559136,87.24565756823822,59.09090909090909,57.954857159441204,0.4444444444444444,0.7777777777777778,0.31746031746031744,0.9047619047619048,C,B,C-,A-,pricesmartinc,0.0,0.8,0.7166666666666667,10.0,0.0,0.0,0.0,0.7,B-,58.86394806853211,71.66666666666667,43.0,55.69115845482569,False,False,39.784946236559136
SEIC,SEI Investments Co,Financials,Asset Management & Custody Banks,90.22,14.6978,4.5819,12.4061,4.50521080411671,27.6,9.37,30.64,0.31829999999999997,30.54,0.8019067796610172,15.3119,27.6,9.37,15.3119,0.8019067796610172,30.64,0.31829999999999997,27.17999999999999,30.797369198935858,62.99980739057816,90.95477386934674,58.090452261306524,69.69696969696969,59.65608769744759,0.25980392156862747,0.7549019607843137,0.9117647058823529,0.5931372549019608,D+,B,A-,C+,seiinvestmentsco,0.015151515151515138,0.8333333333333334,0.75,12.0,0.0,0.0,0.015151515151515138,0.6666666666666666,B-,61.62578466714456,75.0,45.0,55.67138373788142,True,False,30.797369198935858
EZPW,EZCORP Inc,Financials,Consumer Finance,32.36,16.245,1.4943,10.1699,1.9214782794575207,43.71,13.06,12.479999999999999,0.12560000000000002,8.04,0.9615574174470182,106.5093,43.71,13.06,72.80332,0.9602574007634097,12.479999999999999,0.12560000000000002,8.04,40.93383584589614,61.61881331235415,52.76381909547738,95.14918341708542,35.75498575498576,59.77801308123129,0.3627450980392157,0.7205882352941176,0.5392156862745098,0.9803921568627451,C-,B,C+,A+,ezcorpinc,0.0,0.7692307692307693,0.7083333333333334,13.0,0.0,0.0,0.0,0.47435897435897434,C,58.35351165672987,70.83333333333334,42.50000000000001,55.1828093253839,False,False,35.75498575498576
OSIS,OSI Systems Inc,Information Technology,Electronic Equipment & Instruments,282.5,30.3878,2.5881,20.2728,4.988433896629055,13.33,8.96,16.91,0.12300000000000001,9.28,0.728724268374759,25.9305,13.33,8.96,25.9305,0.728724268374759,16.91,0.12300000000000001,9.28,65.98963852584482,58.8677023934557,55.26467843015246,59.720034152055504,36.84210526315789,59.03112654810157,0.7302631578947368,0.6513157894736842,0.5789473684210527,0.5657894736842105,B,B-,C+,C+,osisystemsinc,0.0,0.8333333333333334,0.75,12.0,0.0,0.0,0.0,0.2894736842105263,D+,57.715337074417356,75.0,45.0,55.17226965953389,False,False,36.84210526315789
MTZ,MasTec Inc,Industrials,Construction & Engineering,417.41,82.4563,2.3011,32.1533,10.104186334742174,146.92,16.22,13.08,0.045899999999999996,7.470000000000001,0.9974865162067341,211.4768,107.05100000000004,16.22,148.77037999999985,0.9872267261247282,13.08,0.045899999999999996,7.470000000000001,25.29293605624372,84.98080012106595,34.48275862068966,91.44968332160451,40.45031055900621,55.230020357767444,0.17475728155339806,0.941747572815534,0.2669902912621359,0.9635922330097088,D,A,D+,A,mastecinc,0.0,0.8846153846153846,0.8306451612903226,26.0,90.0,84.89281911636292,0.0,0.358695652173913,C-,54.275051413668066,83.06451612903226,83.79583732396452,54.90622454158717,True,False,25.29293605624372
VMI,Valmont Industries Inc,Industrials,Industrial Machinery & Supplies & Components,510.36,26.7028,2.3794,20.0666,5.956554824674021,9.37,2.4,23.06,0.10640000000000001,15.65,0.9855637749383546,70.8547,9.37,2.4,70.8547,0.9855637749383546,23.06,0.10640000000000001,15.65,45.47244408309022,49.333587173790335,65.8456486042693,84.51090781140041,39.30434782608696,59.59842216887803,0.4563106796116505,0.4854368932038835,0.6820388349514563,0.8980582524271845,C,C,B-,B+,valmontindustriesinc,0.0,0.7272727272727273,0.671875,11.0,0.0,0.0,0.0,0.20652173913043478,D+,58.52885695148673,67.1875,40.3125,54.88558556118939,False,False,39.30434782608696
URI,United Rentals Inc,Industrials,Trading Companies & Distributors,949.23,23.72,3.6337,16.2766,6.678477225860059,1.45,5.05,27.88,0.24670000000000003,10.95,0.8143980268228765,48.1783,1.45,5.05,48.1783,0.8143980268228765,27.88,0.24670000000000003,10.95,47.973759306199874,45.536310981901714,76.84729064039408,63.91724137931034,44.8960302457467,58.095972958890904,0.49029126213592233,0.38349514563106796,0.8203883495145631,0.6601941747572816,C,C-,B+,B-,unitedrentalsinc,0.0,0.7407407407407407,0.7109375,27.0,0.0,0.0,0.0,0.6413043478260869,B-,57.585575983465574,71.09375,42.65625,54.59971078677246,False,False,44.8960302457467
USFD,US Foods Holding Corp,Consumer Staples,Food Distributors,93.04,30.3126,0.5198,15.5065,4.763245601011627,45.9,4.08,15.010000000000002,0.0304,7.02,0.7516393442622953,40.2684,45.9,4.08,40.2684,0.7516393442622953,15.010000000000002,0.0304,7.02,53.661034306195596,77.0073571024335,34.946236559139784,79.94838709677418,30.434782608695656,58.54296655617539,0.5873015873015873,0.8571428571428571,0.2857142857142857,0.7777777777777778,C+,B+,D+,B,usfoodsholdingcorp,-0.007246376811594235,0.8260869565217391,0.7767857142857143,23.0,0.0,0.0,-0.007246376811594235,0.3,D+,56.58644481704495,77.67857142857143,46.607142857142854,54.590584425064534,False,False,30.434782608695656
AIZ,Assurant Inc,Financials,Multi-line Insurance,231.51,13.2075,0.8992,8.2226,1.963273530279748,18.42,7.92,15.61,0.0934,11.28,0.7647713275320854,20.8109,18.42,7.92,20.8109,0.7647713275320854,15.61,0.0934,11.28,49.24253621046409,56.615735299355336,65.32663316582915,67.4855760282896,34.06593406593407,58.4625546096023,0.46568627450980393,0.6176470588235294,0.6617647058823529,0.7254901960784313,C,B-,B-,B,assurantinc,0.0,0.8333333333333334,0.75,12.0,0.0,0.0,0.0,0.3076923076923077,C-,56.86914801619571,75.0,45.0,54.49531841295657,False,False,34.06593406593407
LQDT,Liquidity Services Inc,Industrials,Diversified Support Services,35.91,37.4079,2.3419,19.7363,5.420131918554631,21.77,14.78,14.46,0.0785,14.46,0.9882026370575988,12.7827,21.77,14.78,12.7827,0.9872267261247282,14.46,0.0785,14.46,39.980391219092255,82.3024016256001,49.835796387520524,68.40957072484167,40.11857707509881,57.59644137174155,0.35436893203883496,0.912621359223301,0.5048543689320388,0.7038834951456311,C-,A-,C+,B,liquidityservicesinc,0.0,0.875,0.7500000000000001,8.0,0.0,0.0,0.0,0.29347826086956524,D+,56.60829907925143,75.00000000000001,45.00000000000001,54.28663926340115,False,False,39.980391219092255
NWN,Northwest Natural Holding Co,Utilities,Gas Utilities,52.86,19.3883,1.704,10.764,1.4894504305486675,37.23,11.83,7.779999999999999,0.21789999999999998,2.91,0.8146832445233865,23.102,37.23,11.83,23.102,0.8146832445233865,7.779999999999999,0.21789999999999998,2.91,76.95823483057525,74.78488589599701,26.666666666666668,70.94650205761316,26.08695652173913,60.05250296503251,0.8085106382978723,0.851063829787234,0.19148936170212766,0.7446808510638298,B+,B+,D,B,northwestnaturalholdingco,-0.02777777777777779,0.75,0.6730769230769231,8.0,0.0,0.0,-0.02777777777777779,0.25,D+,57.66119861720642,67.3076923076923,40.38461538461538,54.205881970688225,False,False,26.08695652173913
XPEL,Xpel Inc,Consumer Discretionary,Automotive Parts & Equipment,47.8,25.83,2.7786,18.4633,4.707689883391112,13.49,13.27,19.689999999999998,0.1316,19.68,0.7018382352941176,64.6573,13.49,13.27,64.6573,0.7018382352941176,19.689999999999998,0.1316,19.68,27.449357972480158,81.04749470774506,69.63470319634702,83.42938119981105,36.62207357859531,62.16639047371801,0.2214765100671141,0.8791946308724832,0.7315436241610739,0.8791946308724832,D+,B+,B,B+,xpelinc,0.0,0.8888888888888888,0.7678571428571428,9.0,0.0,0.0,0.0,0.3269230769230769,C-,60.82859783157754,76.78571428571428,46.07142857142856,54.15787642851306,True,False,27.449357972480158
WMT,Walmart Inc,Consumer Staples,Consumer Staples Merchandise Retail,131.6,48.789,1.4977,26.1523,10.529095025882691,13.49,4.73,23.69,0.0418,15.17,0.927803738317757,35.0991,13.49,4.73,35.0991,0.927803738317757,23.69,0.0418,15.17,22.793992148830863,67.7549954290192,54.30107526881721,86.7741935483871,22.72727272727273,55.17960464989328,0.1746031746031746,0.746031746031746,0.5238095238095238,0.8888888888888888,D,B,C+,B+,walmartinc,-0.022108843537415046,0.9166666666666666,0.8820754716981133,48.0,90.0,84.89281911636292,-0.022108843537415046,0.2,D,52.45233192262055,88.20754716981133,86.88165594843197,54.134331062370144,True,False,22.72727272727273
MOG-A,Moog Inc,Industrials,Aerospace & Defense,300.52,33.3092,2.2898,19.1664,5.043508907368403,38.77,13.79,14.16,0.09119999999999999,8.94,0.7128490424735209,77.2457,38.77,13.79,77.2457,0.7128490424735209,14.16,0.09119999999999999,8.94,43.22381111801936,80.71373008625693,45.484400656814444,70.01724137931035,39.30434782608696,57.323247236821906,0.4174757281553398,0.9029126213592233,0.4174757281553398,0.7378640776699029,C,A-,C,B,mooginc,0.0,0.8333333333333334,0.75,12.0,0.0,0.0,0.0,0.20652173913043478,D+,56.2536820194306,75.0,45.0,54.00294561554448,False,False,39.30434782608696
CDNS,Cadence Design Systems Inc,Information Technology,Application Software,340.94,84.8876,17.7714,61.3122,16.928080236339714,5.27,14.12,21.68,0.2817,14.6,0.6877198846045595,13.749,5.27,14.12,13.749,0.6877198846045595,21.68,0.2817,14.6,21.00111856823266,46.84578933102539,76.3663570232751,71.17959959646006,87.03007518796993,52.94694668337404,0.15789473684210525,0.4473684210526316,0.7894736842105263,0.7302631578947368,D,C,B,B,cadencedesignsystemsinc,0.0625,0.875,0.8310810810810811,32.0,38.0,54.97714786972108,0.0625,0.868421052631579,B+,56.64995420217103,83.10810810810811,71.8557240127533,53.95762014324408,True,False,21.00111856823266
ALGN,Align Technology Inc,Health Care,Health Care Supplies,178.91,31.2246,3.1755,14.5461,3.153188084470403,0.86,0.9,10.45,0.1353,10.45,0.6594055964312612,1.2278,0.86,0.9,1.2278,0.6594055964312612,10.45,0.1353,10.45,54.837261503928175,41.49609358219354,53.38345864661654,62.6000485083677,94.22799422799424,52.87440845574842,0.6296296296296297,0.37777777777777777,0.5037037037037037,0.6444444444444445,B-,C-,C+,B-,aligntechnologyinc,0.07065217391304346,0.6956521739130435,0.6696428571428571,23.0,0.0,0.0,0.07065217391304346,0.9393939393939394,A,57.29720787854785,66.96428571428571,40.17857142857142,53.87348058855257,False,False,41.49609358219354
CHEF,Chefs' Warehouse Inc,Consumer Staples,Food Distributors,78.83,44.4231,0.7747,19.3303,5.306523597638553,29.77,9.36,12.690000000000001,0.035,5.6000000000000005,0.9780576225911085,36.7983,29.77,9.36,36.7983,0.9780576225911085,12.690000000000001,0.035,5.6000000000000005,36.62741082095921,82.47425014148274,31.72043010752688,84.56774193548387,56.52173913043479,55.49535864751485,0.3333333333333333,0.9206349206349206,0.25396825396825395,0.8253968253968254,C-,A-,D+,B+,chefswarehouseinc,0.0,0.8571428571428571,0.7763157894736842,14.0,0.0,0.0,0.0,0.6,C+,56.147532560558325,77.63157894736842,46.578947368421055,53.781867059446455,True,False,31.72043010752688
GVA,Granite Construction Inc,Industrials,Construction & Engineering,139.42,31.4258,1.3709,15.0558,5.143396811108733,51.42,10.4,17.580000000000002,0.0638,9.030000000000001,0.9608622534780614,75.6583,51.42,10.4,75.6583,0.9608622534780614,17.580000000000002,0.0638,9.030000000000001,57.23292999824637,69.23675179512166,44.33497536945813,69.2216748768473,40.45031055900621,58.08366167631992,0.6019417475728155,0.7475728155339806,0.40048543689320387,0.7087378640776699,B-,B,C,B,graniteconstructioninc,0.0,0.75,0.6730769230769231,8.0,0.0,0.0,0.0,0.358695652173913,C-,57.12869273222054,67.3076923076923,40.38461538461538,53.779877262699515,False,False,40.45031055900621
WFC,Wells Fargo & Co,Financials,Diversified Banks,80.81,11.3219,1.90599,21.9573,1.3798508647759813,15.48,72.74767,12.02,0.2534514,3.66,0.3798024149286497,12.5331,15.48,72.74767,12.5331,0.3798024149286497,12.02,0.2534514,3.66,66.38831411961769,64.08270114328454,50.25125628140703,31.754928488596832,88.85172798216277,53.32741852663246,0.7205882352941176,0.7941176470588235,0.5147058823529411,0.29411764705882354,B,B,C+,D+,wellsfargoco,0.04233870967741937,0.6875,0.668918918918919,32.0,0.0,0.0,0.04233870967741937,0.8461538461538461,B+,57.21259132484873,66.8918918918919,40.13513513513514,53.63887332194452,False,True,31.754928488596832
ACA,Arcosa Inc,Industrials,Construction & Engineering,124.76,29.3932,2.1244,13.1734,2.3143948458523247,121.29,12.2,8.18,0.1186,5.0,0.876005961251863,52.0536,107.05100000000004,12.2,52.0536,0.876005961251863,8.18,0.1186,5.0,57.613946147591946,80.29395986772323,35.79638752052545,56.58268824771288,40.45031055900621,55.72791304011657,0.6116504854368932,0.8980582524271845,0.3058252427184466,0.5631067961165048,B-,B+,C-,C+,arcosainc,0.0,0.9,0.7833333333333333,10.0,0.0,0.0,0.0,0.358695652173913,C-,54.77294409601719,78.33333333333333,46.99999999999999,53.21835527681375,False,False,35.79638752052545
ABCB,Ameris Bancorp,Financials,Regional Banks,85.56,14.1721,2.70304,10.6232,1.4278585959390473,15.53,52.9989,10.41,0.3410664,9.76,0.9191716766867067,45.1646,15.53,52.9989,45.1646,0.9191716766867067,10.41,0.3410664,9.76,53.86983939304365,53.76759977766492,39.698492462311556,90.63745694765964,34.36724565756824,57.27309430890371,0.5392156862745098,0.5392156862745098,0.3872549019607843,0.946078431372549,C+,C+,C-,A,amerisbancorp,0.0,0.7692307692307693,0.7083333333333334,13.0,0.0,0.0,0.0,0.3974358974358974,C-,55.709818874660535,70.83333333333334,42.50000000000001,53.06785509972843,False,False,34.36724565756824
DIS,Walt Disney Co,Communication Services,Movies & Entertainment,103.08,14.9044,1.9078,12.0757,1.7084780821554535,120.36,3.47,11.35,0.1353,8.09,0.3839794754846066,13.5117,120.36,3.47,13.5117,0.3839794754846066,11.35,0.1353,8.09,48.622908622908625,69.32505175983437,48.12169312169312,51.23809523809524,61.904761904761905,53.298779835736354,0.4864864864864865,0.8378378378378378,0.3783783783783784,0.5405405405405406,C,B+,C-,C+,waltdisneyco,0.027027027027027084,0.8108108108108109,0.7797619047619048,37.0,0.0,0.0,0.027027027027027084,0.6,C+,54.489256026212544,77.97619047619048,46.785714285714285,52.9485476781129,False,False,48.12169312169312
UMBF,UMB Financial Corp,Financials,Regional Banks,129.24,14.009,2.36702,13.4147,1.276020994514413,4.25,72.21914,9.629999999999999,0.3178459,6.52,0.8349747778044678,32.1743,4.25,72.21914,32.1743,0.8349747778044678,9.629999999999999,0.3178459,6.52,57.62636712976648,55.62635291041056,34.67336683417086,69.27333295691943,62.200165425971875,53.054870664450334,0.5735294117647058,0.5784313725490197,0.3382352941176471,0.7647058823529411,C+,C+,C-,B,umbfinancialcorp,0.00877192982456132,0.8421052631578947,0.78125,19.0,0.0,0.0,0.00877192982456132,0.5897435897435898,C+,54.27488720704752,78.125,46.875,52.79490976563802,False,False,34.67336683417086
DCOM,Dime Community Bancshares Inc,Financials,Regional Banks,36.07,14.3022,2.11729,11.8336,1.0720601566331307,225.06,42.91451,7.670000000000001,0.4435096,6.45,0.8725341426403642,39.4279,95.6,42.91451,39.4279,0.8725341426403642,7.670000000000001,0.4435096,6.45,65.18868854074293,67.63529689618872,21.608040201005025,80.87855005363897,34.36724565756824,56.401951575402535,0.7009803921568627,0.8480392156862745,0.2107843137254902,0.8382352941176471,B,B+,D+,B+,dimecommunitybancsharesinc,0.0,0.8181818181818182,0.734375,11.0,0.0,0.0,0.0,0.3974358974358974,C-,54.83867614115936,73.4375,44.0625,52.683440912927495,False,False,21.608040201005025
SNDK,Sandisk Corp,Information Technology,"Technology Hardware, Storage & Peripherals",1187.0,38.8734,13.289,31.9961,18.804466813363685,,82.76,42.33,0.4073,38.86,0.9980635568311491,3542.2214,,48.17399999999999,507.97907999999893,0.9917693008065369,42.33,0.4073,38.86,38.453726598375134,74.16107382550335,90.41290724032179,97.25960836354632,95.6140350877193,71.50079489748417,0.3815789473684211,0.8618421052631579,0.9342105263157895,1.0,C-,B+,A,A+,sandiskcorp,0.09340659340659341,0.8076923076923077,0.7661290322580646,26.0,0.0,0.0,0.09340659340659341,0.9473684210526315,A,76.0621984062561,76.61290322580646,45.96774193548388,52.53248033407624,False,False,38.453726598375134
ATI,ATI Inc,Industrials,Aerospace & Defense,155.26,49.7935,4.6114,27.9522,11.695932864772839,10.68,2.93,24.23,0.1432,11.82,0.8838079776319645,149.4537,10.68,2.93,148.77037999999985,0.8838079776319645,24.23,0.1432,11.82,20.629075198877675,46.392132928311554,65.8456486042693,94.1231527093596,98.26086956521739,54.72173807832098,0.13106796116504854,0.42718446601941745,0.6820388349514563,0.9854368932038835,D,C,B-,A+,atiinc,0.06666666666666665,0.9333333333333333,0.8374999999999999,15.0,8.0,15.464616531534126,0.06612903225806449,1.0,A+,59.547825034842724,83.74999999999999,56.435846612613645,52.47509715694327,True,False,20.629075198877675
ROST,Ross Stores Inc,Consumer Discretionary,Apparel Retail,228.84,34.3678,3.2404,21.9612,11.921357797018098,4.7,7.67,36.7,0.11900000000000001,29.14,0.9848985370457763,64.716,4.7,7.67,64.716,0.910355871419793,36.7,0.11900000000000001,29.14,20.24455272593546,63.9362895606991,75.79908675799086,93.30184222957013,73.53846153846155,60.45853622903543,0.12080536912751678,0.6778523489932886,0.8053691275167785,0.9731543624161074,D,B-,B+,A+,rossstoresinc,0.040000000000000036,0.76,0.7250000000000001,25.0,0.0,0.0,0.040000000000000036,0.7307692307692307,B,62.81238238288159,72.50000000000001,43.50000000000001,52.19440494422365,True,False,20.24455272593546
BURL,Burlington Stores Inc,Consumer Discretionary,Apparel Retail,318.0,32.7459,1.7273,16.1102,11.035612407082226,22.08,8.76,39.79,0.0722,17.5,0.746118652966324,39.4737,22.08,8.76,39.4737,0.746118652966324,39.79,0.0722,17.5,30.599736446936962,79.75983112895608,63.6986301369863,73.47189418989136,33.69230769230769,59.220936709750305,0.24161073825503357,0.8657718120805369,0.6442953020134228,0.7516778523489933,D+,B+,B-,B,burlingtonstoresinc,0.0,0.7916666666666666,0.75,24.0,0.0,0.0,0.0,0.17307692307692307,D,57.59016747898107,75.0,45.0,52.08752001060622,True,False,30.599736446936962
RRR,Red Rock Resorts Inc,Consumer Discretionary,Casinos & Gaming,52.78,29.4754,2.7558,11.0018,26.596119929453263,5.98,3.74,85.64,0.3012,5.18,0.4016242155777041,24.864,5.98,3.74,24.864,0.4016242155777041,85.64,0.2721,5.18,38.4358432165732,58.24364803241161,73.17351598173515,52.89560699102504,38.286713286713294,55.13019080426442,0.3422818791946309,0.5973154362416108,0.785234899328859,0.5100671140939598,C-,C+,B,C+,redrockresortsinc,0.0,0.7894736842105263,0.7395833333333334,19.0,0.0,0.0,0.0,0.4423076923076923,C,53.95886213293575,73.95833333333334,44.37500000000001,51.84125613868988,True,False,38.286713286713294
FLS,Flowserve Corp,Industrials,Industrial Machinery & Supplies & Components,71.65,26.4475,1.9363,15.2448,4.1533824126137615,22.82,3.76,15.809999999999999,0.0823,9.36,0.5616544798447634,55.221,22.82,3.76,55.221,0.5616544798447634,15.809999999999999,0.0823,9.36,56.57850686307332,63.00885996430633,46.14121510673235,59.25052779732583,39.30434782608696,55.131808044777856,0.587378640776699,0.6796116504854369,0.42718446601941745,0.6067961165048543,C+,B-,C,B-,flowservecorp,0.0,0.7647058823529411,0.7159090909090908,17.0,0.0,0.0,0.0,0.20652173913043478,D+,54.062242827386555,71.59090909090908,42.954545454545446,51.84070335281834,False,False,39.30434782608696
GLW,Corning Inc,Information Technology,Electronic Components,158.26,85.191,8.6995,61.8497,10.830379261733023,215.91,19.14,14.13,0.1458,8.34,0.8454973841415903,253.4167,215.91,19.14,253.4167,0.8454973841415903,14.13,0.1458,8.34,27.13705404450724,84.13073777960903,55.67358549268857,74.10084892661897,59.03890160183067,57.34897722554455,0.21710526315789475,0.9342105263157895,0.5855263157894737,0.7960526315789473,D+,A,C+,B,corninginc,0.011904761904761862,0.7619047619047619,0.7211538461538463,21.0,0.0,0.0,0.011904761904761862,0.5526315789473685,C+,58.25286738572762,72.11538461538463,43.269230769230774,51.5845149661748,True,False,27.13705404450724
LMAT,LeMaitre Vascular Inc,Health Care,Health Care Equipment,112.04,44.2042,10.2246,36.6046,6.483721253226236,27.88,13.53,15.58,0.2721,10.71,0.8507496268740673,24.1578,27.88,13.53,24.1578,0.8507496268740673,15.58,0.2721,10.71,22.87878787878788,67.12188506300024,68.92230576441104,81.89774436090227,86.01398601398603,57.75419929558022,0.15555555555555556,0.7333333333333333,0.7111111111111111,0.8592592592592593,D,B,B,B+,lemaitrevascularinc,0.0404411764705882,0.6875,0.6547619047619047,16.0,0.0,0.0,0.0404411764705882,0.8484848484848485,B+,61.35559789697882,65.47619047619047,39.28571428571428,51.40563022718312,True,False,22.87878787878788
ADI,Analog Devices Inc,Information Technology,Semiconductors,397.69,71.7268,16.5142,47.7533,5.758574003953055,74.57,25.91,7.920000000000001,0.2924,6.370000000000001,0.9503094030614618,105.2699,74.57,25.91,105.2699,0.9503094030614618,7.920000000000001,0.2924,6.370000000000001,24.979394795714114,81.97142640618628,52.64974739618057,59.80683041695278,98.94736842105263,52.76293691260149,0.20394736842105263,0.9078947368421053,0.5460526315789473,0.5723684210526315,D+,A-,C+,C+,analogdevicesinc,0.10720363017583667,0.8048780487804879,0.7771739130434783,41.0,0.0,0.0,0.09547614892197988,0.9736842105263158,A+,57.65767375470675,77.71739130434783,46.630434782608695,51.402754196081965,True,False,24.979394795714114
USPH,US Physical Therapy Inc,Health Care,Health Care Facilities,71.83,27.4424,1.3909,11.2722,2.2799772732322476,25.0,16.33,8.0,0.1108,6.03,0.19232202758106587,0.6727,25.0,16.33,0.6727,0.19232202758106587,8.0,0.1108,6.03,69.983164983165,71.7474913812356,40.852130325814535,34.918330308529946,40.316205533596836,54.04198816519799,0.8148148148148148,0.8,0.35185185185185186,0.28888888888888886,B+,B,C-,D+,usphysicaltherapyinc,0.0,0.8461538461538461,0.7638888888888888,13.0,0.0,0.0,0.0,0.45454545454545453,C,53.07360871855768,76.38888888888889,45.83333333333333,51.338745010171074,False,True,34.918330308529946
CVCO,Cavco Industries Inc,Consumer Discretionary,Homebuilding,510.68,21.4915,1.7993,15.7671,3.8414437834926534,13.34,14.3,17.14,0.09789999999999999,17.02,0.36669535957430166,2.4043,13.34,14.3,2.4043,0.36669535957430166,17.14,0.09789999999999999,17.02,37.32493641016212,87.34719843987824,58.333333333333336,44.208523592085236,36.01398601398601,55.22571184226656,0.3221476510067114,0.9463087248322147,0.5704697986577181,0.40268456375838924,C-,A,C+,C,cavcoindustriesinc,0.0,0.875,0.7500000000000001,8.0,0.0,0.0,0.0,0.23076923076923078,D+,53.82711044366516,75.00000000000001,45.00000000000001,51.33666819831143,True,False,36.01398601398601
NMIH,NMI Holdings Inc,Financials,Commercial & Residential Mortgage Finance,37.21,7.2862,4.0114,5.9437,1.0951332642682237,11.04,8.52,15.8,0.7478,13.51,0.2834928229665069,2.2815,11.04,8.52,2.2815,0.2834928229665069,15.8,0.6436406,13.51,86.48758498374224,44.61335224237244,66.33165829145729,26.199177706715396,34.06593406593407,57.36731680861746,0.9607843137254902,0.4068627450980392,0.6715686274509803,0.23529411764705882,A,C,B-,D+,nmiholdingsinc,0.0,0.75,0.6911764705882353,12.0,0.0,0.0,0.0,0.3076923076923077,C-,55.77391021521087,69.11764705882352,41.47058823529411,51.20134668978193,False,True,26.199177706715396
SHC,Sotera Health Co,Health Care,Health Care Services,15.5,56.7028,3.7984,18.8506,7.273239172258458,52.47,5.74,14.979999999999999,0.2541,2.79,0.5196024295969077,28.0992,52.47,5.74,28.0992,0.5196024295969077,14.979999999999999,0.2541,2.79,40.08978675645343,54.817162760993156,55.38847117794486,71.08824693312228,38.63636363636363,54.050646422422666,0.362962962962963,0.5851851851851851,0.5444444444444444,0.7407407407407407,C-,C+,C+,B,soterahealthco,0.0,0.8,0.7375,15.0,0.0,0.0,0.0,0.36363636363636365,C-,52.91428278605903,73.75,44.25,51.18142622884723,False,False,38.63636363636363
IBOC,International Bancshares Corp,Financials,Regional Banks,71.66,10.8074,3.41763,9.4724,1.3700830156356947,0.83,69.21539,13.41,0.6315208,10.86,0.7529411764705881,16.5962,0.83,69.21539,16.5962,0.7529411764705881,13.41,0.6315208,10.86,68.8454527539659,50.809374203755574,55.27638190954774,41.02873920162611,34.36724565756824,54.39808134695475,0.7549019607843137,0.5,0.5637254901960784,0.39705882352941174,B,C,C+,C-,internationalbancsharescorp,0.0,0.8571428571428571,0.7291666666666667,7.0,0.0,0.0,0.0,0.3974358974358974,C-,52.83480591271157,72.91666666666667,43.75,51.01784473016926,False,False,34.36724565756824
TDY,Teledyne Technologies Inc,Information Technology,Electronic Equipment & Instruments,640.33,31.7963,4.7652,22.4086,2.8128495031290006,2.46,6.62,8.85,0.19269999999999998,7.140000000000001,0.769955743040782,37.3332,2.46,6.62,37.3332,0.769955743040782,8.85,0.19269999999999998,7.140000000000001,55.21311668432828,45.05617294001242,52.26158199623686,65.14945287890932,36.84210526315789,53.90979983392563,0.5789473684210527,0.39473684210526316,0.5394736842105263,0.6381578947368421,C+,C-,C+,B-,teledynetechnologiesinc,0.0,0.7222222222222222,0.6847826086956522,18.0,0.0,0.0,0.0,0.2894736842105263,D+,52.59401036024142,68.47826086956522,41.08695652173913,50.29259959254097,False,False,36.84210526315789
MMS,Maximus Inc,Industrials,Data Processing & Outsourced Services,65.58,9.6221,0.6657,7.376,2.146975148386167,41.59,-0.15,21.759999999999998,0.1094,11.540000000000001,0.12305732484076429,-1.1307,41.59,-0.15,-1.1307,0.12305732484076429,21.759999999999998,0.1094,11.540000000000001,93.33939133068695,54.339926325794046,60.426929392446645,34.668435013262595,40.94202898550724,61.24325244859473,0.9805825242718447,0.5776699029126213,0.6310679611650486,0.3300970873786408,A+,C+,B-,C-,maximusinc,0.0,0.8333333333333334,0.7045454545454546,6.0,0.0,0.0,0.0,0.43478260869565216,C,60.33745534714546,70.45454545454545,42.27272727272727,50.0,False,False,34.668435013262595
CI,Cigna Group,Health Care,Health Care Services,282.9,12.5213,0.2713,8.9792,1.7868286286706094,80.88,11.24,14.530000000000001,0.0335,8.200000000000001,0.39270522219205345,-15.5976,80.88,11.24,-15.5976,0.39270522219205345,14.530000000000001,0.0335,8.200000000000001,92.77777777777779,75.33730757325831,44.61152882205514,35.17214087851207,77.27272727272727,61.44921634031231,0.9851851851851852,0.8666666666666667,0.4148148148148148,0.3037037037037037,A+,B+,C,C-,cignagroup,0.03475935828876997,0.8529411764705882,0.8141025641025641,34.0,8.0,15.464616531534126,0.03475935828876997,0.7575757575757576,B,64.17648906758504,81.41025641025641,55.0320004587675,50.0,False,False,35.17214087851207
EXLS,Exlservice Holdings Inc,Industrials,Data Processing & Outsourced Services,31.74,19.3186,2.3228,13.4907,5.439961608336475,27.93,13.56,25.5,0.1503,19.46,0.2196796338672768,-31.4619,27.93,13.56,-31.4619,0.2196796338672768,25.5,0.1503,19.46,65.37137117987469,79.87877921964977,76.68308702791461,24.694960212201593,40.94202898550724,61.4283624383176,0.7427184466019418,0.8932038834951457,0.8155339805825242,0.1941747572815534,B,B+,B+,D,exlserviceholdingsinc,0.0,0.8125,0.75,16.0,0.0,0.0,0.0,0.43478260869565216,C,60.522565336868325,75.0,45.0,50.0,False,True,24.694960212201593
VRSN,"VeriSign, Inc",Information Technology,Internet Services & Infrastructure,272.44,29.4827,14.7291,22.3112,69.72232885476647,10.41,6.84,113.55,0.6793,62.99,0.6249259140219323,-2.5956,10.41,6.84,-2.5956,0.6249259140219323,109.87799999999994,0.44785,53.78399999999993,46.0070057694572,42.803252523356235,97.66137754270558,42.31514563040409,92.82296650717703,57.940775458792764,0.5131578947368421,0.34868421052631576,0.9967105263157895,0.3684210526315789,C+,C-,A+,C-,verisigninc,0.09090909090909094,0.7272727272727273,0.671875,11.0,0.0,0.0,0.09090909090909094,0.9210526315789473,A-,62.22307210951047,67.1875,40.3125,50.0,False,False,42.31514563040409
WLY,John Wiley & Sons Inc,Communication Services,Publishing,40.93,13.6258,1.2586,10.1803,2.90535072899956,282.11,-1.9,20.75,0.1352,9.83,0.7271147161066048,-6.2314,282.11,-1.9,-6.2314,0.7271147161066048,20.75,0.1352,9.83,64.1956241956242,64.36507936507937,61.48148148148149,41.130158730158726,40.909090909090914,57.51832403832404,0.7027027027027027,0.7567567567567568,0.6486486486486487,0.35135135135135137,B,B,B-,C-,johnwileysonsinc,0.0,0.8,0.675,5.0,0.0,0.0,0.0,0.4,C-,56.60923312923313,67.5,40.5,50.0,False,False,40.909090909090914
DXCM,Dexcom Inc,Health Care,Health Care Equipment,61.35,28.3072,5.0779,20.6778,8.597012415571314,47.91,15.6,32.440000000000005,0.1956,17.5,0.20183997769724007,-12.6815,47.91,15.6,-12.6815,0.20183997769724007,32.440000000000005,0.1956,17.5,39.55106621773289,76.04216367270041,77.19298245614034,35.32631578947368,72.84382284382285,56.459708060903125,0.34074074074074073,0.8814814814814815,0.8074074074074075,0.3111111111111111,C-,B+,B+,C-,dexcominc,0.027027027027027084,0.8648648648648649,0.8273809523809524,37.0,90.0,84.89281911636292,0.027027027027027084,0.696969696969697,B-,58.744090345285414,82.73809523809524,83.59998478940231,50.0,True,False,35.32631578947368
SKY,Champion Homes Inc,Consumer Discretionary,Homebuilding,76.9,19.9126,1.6132,12.1748,2.843545816585748,32.24,8.67,13.59,0.09789999999999999,12.58,0.43952060536033916,-11.822,32.24,8.67,-11.822,0.43952060536033916,13.59,0.09789999999999999,12.58,48.210290827740494,87.27287861491628,53.53881278538813,35.403348554033485,98.25174825174825,54.97252133707211,0.4899328859060403,0.9395973154362416,0.5100671140939598,0.30201342281879195,C,A,C+,C-,championhomesinc,0.10000000000000009,0.8,0.7166666666666667,10.0,0.0,0.0,0.07656250000000003,0.9615384615384616,A,59.797696162246936,71.66666666666667,43.0,50.0,False,False,35.403348554033485
PEGA,Pegasystems Inc,Information Technology,Application Software,36.2,15.3763,3.4652,22.1012,7.8317684219635675,403.79,16.61,60.07,0.1506,60.07,0.05523471049903753,-21.3898,241.37,16.61,-21.3898,0.07599398584473208,60.07,0.1506,53.78399999999993,70.13422818791946,80.9784895822977,81.73029912440553,23.65104696477076,77.81954887218046,63.89203913749493,0.7697368421052632,0.8947368421052632,0.8618421052631579,0.15789473684210525,B,B+,B+,D,pegasystemsinc,0.05263157894736836,0.9473684210526315,0.8645833333333333,19.0,90.0,84.89281911636292,0.05263157894736836,0.7631578947368421,B,66.67399402471298,86.45833333333333,85.83212764654516,50.0,False,True,23.65104696477076
DORM,Dorman Products Inc,Consumer Discretionary,Automotive Parts & Equipment,112.88,16.6785,1.5987,10.5521,2.3225955128310645,8.39,6.03,14.34,0.1406,10.870000000000001,0.21089926218131352,-1.8435,8.39,6.03,-1.8435,0.21089926218131352,14.34,0.1406,10.870000000000001,57.94030216665135,67.83500848510296,59.1324200913242,26.735947094945676,89.96655518394648,53.18237168050362,0.6375838926174496,0.7315436241610739,0.5771812080536913,0.24161073825503357,B-,B,C+,D+,dormanproductsinc,0.07142857142857151,0.9285714285714286,0.8289473684210527,14.0,8.0,15.464616531534126,0.07142857142857151,0.8846153846153846,B+,57.17902719889827,82.89473684210526,55.92268871787681,50.0,False,True,26.735947094945676
NWS,News Corp,Communication Services,Publishing,30.41,13.3284,1.7789,11.3909,1.9595839830912583,179.7,-12.13,13.36,0.1,10.879999999999999,0.8724760892667376,-3.0303,179.7,-12.13,-3.0303,0.8724760892667376,13.36,0.1,10.879999999999999,57.25868725868727,50.073412698412696,51.600529100529094,57.834920634920636,100.0,53.796470756470754,0.581081081081081,0.47297297297297297,0.47297297297297297,0.6216216216216216,C+,C,C,B-,newscorp,0.06666666666666665,0.8666666666666667,0.7875000000000001,15.0,0.0,0.0,0.058789428815004235,1.0,A+,58.796470756470754,78.75000000000001,47.25000000000001,50.0,False,False,50.073412698412696
FRPT,Freshpet Inc,Consumer Staples,Packaged Foods & Meats,65.15,22.9707,2.9002,30.3234,2.639618177103592,166.6,13.01,12.35,0.0687,8.95,0.4272769516728626,-10.4098,73.24599999999988,13.01,-10.4098,0.4272769516728626,12.35,0.0687,8.95,24.884792626728114,97.75506770413392,41.39784946236559,60.92414995640803,100.0,53.30650405438182,0.20634920634920634,1.0,0.3333333333333333,0.5873015873015873,D+,A+,C-,C+,freshpetinc,0.08695652173913038,0.6956521739130435,0.6696428571428571,23.0,0.0,0.0,0.06925465838509312,1.0,A+,58.30650405438182,66.96428571428571,40.17857142857142,50.0,True,False,24.884792626728114
CXW,CoreCivic Inc,Industrials,Diversified Support Services,20.58,17.4681,0.9204,9.0663,1.4652588410357912,75.96,12.72,8.0,0.0989,4.62,0.6205128205128203,-9.6972,75.96,12.72,-9.6972,0.6205128205128203,8.0,0.0989,4.62,83.75659604317121,87.5254676541387,30.541871921182267,40.22519352568614,78.26086956521739,59.124749227053336,0.912621359223301,0.9611650485436893,0.22815533980582525,0.3592233009708738,A-,A,D+,C-,corecivicinc,0.01388888888888884,0.8888888888888888,0.7678571428571428,9.0,0.0,0.0,0.01388888888888884,0.7608695652173914,B,61.95083618357508,76.78571428571428,46.07142857142856,50.0,False,False,30.541871921182267
ACIW,ACI Worldwide Inc,Information Technology,Application Software,43.86,19.612,2.526,11.9614,2.965577395079008,13.29,10.38,15.43,0.1869,9.74,0.33373573625362885,-18.6422,13.29,10.38,-18.6422,0.33373573625362885,15.43,0.1869,9.74,79.51253973860827,43.40144651646143,61.66644443456747,50.716451129484156,22.18045112781955,59.11832557248305,0.8421052631578947,0.3684210526315789,0.6578947368421053,0.47368421052631576,B+,C-,B-,C,aciworldwideinc,-0.012820512820512775,0.8333333333333334,0.75,12.0,0.0,0.0,-0.012820512820512775,0.18421052631578946,D,56.33637068526501,75.0,45.0,50.0,False,False,22.18045112781955
UBER,Uber Technologies Inc,Industrials,Passenger Ground Transportation,75.12,15.22,2.9415,34.0122,5.772200920540031,3.3,18.28,40.31,0.107,28.27,0.19862809424396094,-7.1331,3.3,18.28,-7.1331,0.19862809424396094,40.31,0.107,26.983999999999988,45.838315239051774,71.99361783872807,78.81773399014779,25.88893864755934,42.02898550724638,55.740523604557374,0.46116504854368934,0.7864077669902912,0.8398058252427184,0.21359223300970873,C,B,B+,D+,ubertechnologiesinc,0.0,0.8360655737704918,0.8143939393939393,61.0,68.0,76.02119809746753,0.0,0.5,C,54.943422155282015,81.43939393939394,79.27211560262337,50.0,False,True,25.88893864755934
GEHC,GE Healthcare Technologies Inc,Health Care,Health Care Equipment,61.03,13.3151,1.346,9.9359,2.679798543081834,4.78,4.85,21.240000000000002,0.134,10.59,0.07350096711798844,-9.8123,4.78,4.85,-9.8123,0.07350096711798844,21.240000000000002,0.134,10.59,84.60718294051627,38.31265711880615,62.155388471177936,30.321804511278195,37.58741258741259,55.417535178940426,0.9259259259259259,0.3111111111111111,0.6666666666666666,0.26666666666666666,A-,C-,B-,D+,gehealthcaretechnologiesinc,0.0,0.6785714285714286,0.6590909090909092,28.0,0.0,0.0,0.0,0.25757575757575757,D+,54.176276437681686,65.90909090909092,39.545454545454554,50.0,False,True,30.321804511278195
RMBS,Rambus Inc,Information Technology,Semiconductors,111.93,52.5212,17.1047,45.8114,8.84186079579117,27.75,27.13,18.29,0.3677,18.29,0.5586725663716814,128.9894,27.75,27.13,128.9894,0.5586725663716814,18.29,0.3677,18.29,27.628635346756152,73.40061809250338,79.46279093885654,49.2455628413417,39.368421052631575,56.30209275817219,0.2236842105263158,0.8421052631578947,0.8289473684210527,0.45394736842105265,D+,B+,B+,C,rambusinc,0.0,0.8235294117647058,0.7613636363636364,17.0,0.0,0.0,0.0,0.39473684210526316,C-,55.238934863435354,76.13636363636364,45.68181818181818,49.959458167504856,True,False,27.628635346756152
PH,Parker-Hannifin Corp,Industrials,Industrial Machinery & Supplies & Components,882.23,31.4817,5.4421,25.514,8.16330118522069,13.38,2.78,25.650000000000002,0.21050000000000002,15.049999999999999,0.6522936824132043,44.5994,13.38,2.78,44.5994,0.6522936824132043,25.650000000000002,0.21050000000000002,15.049999999999999,27.11591499673187,53.90199345841134,80.13136288998358,57.28360309641097,71.65217391304348,54.048938782643326,0.20388349514563106,0.5679611650485437,0.8640776699029126,0.5679611650485437,D+,C+,B+,C+,parkerhannifincorp,0.006722689075630339,0.7714285714285715,0.74375,35.0,0.0,0.0,0.006722689075630339,0.6956521739130435,B-,56.21415617394767,74.375,44.625,49.95875362685556,True,False,27.11591499673187
TJX,TJX Companies Inc,Consumer Discretionary,Apparel Retail,156.83,31.5947,2.8752,20.2042,17.03877535499712,14.36,7.12,59.53000000000001,0.1189,45.410000000000004,0.8044780826237784,22.8786,14.36,7.12,22.8786,0.8044780826237784,59.53000000000001,0.1189,41.1625,23.6186448469247,68.85185403873406,81.84931506849314,65.61171469059991,33.69230769230769,58.25970372472126,0.16778523489932887,0.7651006711409396,0.9093959731543624,0.6577181208053692,D,B,A-,B-,tjxcompaniesinc,0.0,0.84,0.7916666666666666,25.0,0.0,0.0,0.0,0.17307692307692307,D,56.62893449395203,79.16666666666666,47.49999999999999,49.810176262246735,True,False,23.6186448469247
IDXX,IDEXX Laboratories Inc,Health Care,Health Care Equipment,567.46,42.5406,10.4724,30.3864,28.176049414592,22.64,10.42,69.78,0.316,42.61,0.34231805929919146,20.3827,22.64,10.42,20.3827,0.34231805929919146,69.78,0.316,29.947999999999997,24.640852974186306,60.03853693640041,92.23057644110276,63.2751879699248,37.58741258741259,58.8806023350873,0.17037037037037037,0.7037037037037037,0.9925925925925926,0.6518518518518519,D,B,A+,B-,idexxlaboratoriesinc,0.0,0.7272727272727273,0.6944444444444444,22.0,0.0,0.0,0.0,0.25757575757575757,D+,57.63934359382856,69.44444444444444,41.666666666666664,49.554857841530975,True,False,24.640852974186306
BCPC,Balchem Corp,Materials,Specialty Chemicals,161.52,33.4059,4.9874,20.6081,4.118002493441331,21.0,8.75,12.31,0.2018,10.8,0.49966465459423237,2.9577,21.0,8.75,2.9577,0.49966465459423237,12.31,0.2018,10.8,30.687830687830694,82.24110416293186,77.24867724867725,36.20718462823726,31.060606060606062,55.67378474236081,0.25396825396825395,0.873015873015873,0.8095238095238095,0.31746031746031744,D+,B+,B+,C-,balchemcorp,0.0,0.7777777777777778,0.6964285714285714,9.0,0.0,0.0,0.0,0.16666666666666666,D,53.77984534842142,69.64285714285714,41.785714285714285,48.91391464562544,True,False,30.687830687830694
HWKN,Hawkins Inc,Materials,Commodity Chemicals,167.49,42.4804,3.2931,21.6549,7.526659446633922,0.89,11.65,16.73,0.1151,11.14,0.7364592895981923,40.2411,0.89,11.65,40.2411,0.7364592895981923,16.73,0.1151,11.14,27.51322751322751,66.51452412321977,73.54497354497354,62.44306418219462,33.333333333333336,56.056067925633144,0.18253968253968253,0.7777777777777778,0.746031746031746,0.6349206349206349,D,B,B,B-,hawkinsinc,0.0,0.7777777777777778,0.6964285714285714,9.0,0.0,0.0,0.0,0.4583333333333333,C,54.38940125896648,69.64285714285714,41.785714285714285,47.52569240583561,True,False,27.51322751322751
EEFT,Euronet Worldwide Inc,Financials,Transaction & Payment Processing Services,74.01,9.0787,0.662,4.6826,2.2262396072722024,7.51,6.38,23.7,0.12480000000000001,8.72,0.20348376880443403,-25.0911,7.51,6.38,-25.0911,0.20348376880443403,23.7,0.12480000000000001,8.72,61.417381022760864,38.31983055002105,83.41708542713567,20.50251256281407,32.51748251748252,52.973085235041154,0.6470588235294118,0.31862745098039214,0.8382352941176471,0.16176470588235295,B-,C-,B+,D,euronetworldwideinc,0.0,0.7647058823529411,0.7159090909090908,17.0,0.0,0.0,0.0,0.19230769230769232,D,51.22483348678941,71.59090909090908,42.954545454545446,46.1445604886112,False,True,20.50251256281407
MTRN,Materion Corp,Materials,Diversified Metals & Mining,188.22,52.3269,2.1915,35.4021,4.137430757056186,1267.71,6.04,8.14,0.061500000000000006,5.42,0.9508675206745582,123.4065,619.445,6.04,123.4065,0.9508675206745582,8.14,0.061500000000000006,5.42,24.338624338624342,82.2620616098877,39.15343915343915,86.59451659451659,32.539682539682545,54.64433151389673,0.11904761904761904,0.8888888888888888,0.3492063492063492,0.8888888888888888,D,B+,C-,B+,materioncorp,0.0,0.8,0.7166666666666667,10.0,0.0,0.0,0.0,0.2916666666666667,D+,52.898299767864984,71.66666666666667,43.0,45.03874926430827,True,False,24.338624338624342
ARWR,Arrowhead Pharmaceuticals Inc,Health Care,Biotechnology,74.81,51.7925,9.6022,32.8074,21.782552993244817,,43539.24,36.120000000000005,0.2755,17.330000000000002,0.9696828358208954,432.8348,,51.019999999999925,103.34951999999993,0.9578760986158243,36.120000000000005,0.2755,17.330000000000002,22.895622895622893,72.83208020050125,82.20551378446115,96.99749373433585,80.5050505050505,65.24119895698843,0.16296296296296298,0.837037037037037,0.8666666666666667,0.9851851851851852,D,B+,B+,A+,arrowheadpharmaceuticalsinc,0.03947368421052633,0.7894736842105263,0.7395833333333334,19.0,0.0,0.0,0.03947368421052633,0.7878787878787878,B,68.29170400749348,73.95833333333334,44.37500000000001,43.17686637407562,True,False,22.895622895622893
ANIP,ANI Pharmaceuticals Inc,Health Care,Pharmaceuticals,80.39,23.3576,2.0714,10.5712,3.3454155031856145,,43.78,16.06,0.1258,7.07,0.5534003271792475,13.7219,,43.78,13.7219,0.5534003271792475,16.06,0.1258,7.07,70.5050505050505,70.99624060150376,52.13032581453634,47.5,33.74125874125874,59.35809220019746,0.8222222222222222,0.7925925925925926,0.4888888888888889,0.45185185185185184,B+,B,C,C,anipharmaceuticalsinc,0.0,0.8571428571428571,0.7763157894736842,14.0,0.0,0.0,0.0,0.16666666666666666,D,57.732218074323335,77.63157894736842,46.578947368421055,41.626172949857164,False,False,33.74125874125874
DVN,Devon Energy Corp,Energy,Oil & Gas Exploration & Production,50.56,11.8841,1.8267,5.1154,2.025267779175312,-8.62,7.83,17.47,0.22949999999999998,11.110000000000001,0.9065623641894829,62.2593,-8.62,7.83,62.2593,0.9065623641894829,17.47,0.22949999999999998,11.110000000000001,77.73119030980666,61.56310730685457,79.87421383647799,64.20899854862118,100.0,69.55577220766632,0.9629629629629629,0.6851851851851852,0.8333333333333334,0.6296296296296297,A,B-,B+,B-,devonenergycorp,0.06565656565656564,0.7878787878787878,0.756578947368421,33.0,0.0,0.0,0.03838383838383841,1.0,A+,74.55577220766632,75.6578947368421,45.39473684210525,34.361782567277054,False,False,61.56310730685457
PR,Permian Resources Corp,Energy,Oil & Gas Exploration & Production,22.1,20.4798,3.7811,6.9353,1.7978003384094756,-12.26,1.29,9.56,0.23550000000000001,6.890000000000001,0.9990448901623689,82.6446,-12.26,1.29,82.6446,0.9967672004860352,9.56,0.23550000000000001,6.890000000000001,53.52900069881202,53.48782474714901,56.60377358490566,85.19593613933236,73.10606060606061,60.269945748225695,0.6481481481481481,0.5555555555555556,0.5462962962962963,0.9444444444444444,B-,C+,C+,A,permianresourcescorp,0.0028409090909090606,0.9090909090909091,0.861842105263158,33.0,90.0,84.89281911636292,0.0028409090909090606,0.7272727272727273,B,62.58055180883176,86.1842105263158,85.66765396233464,33.59898611976617,False,False,53.48782474714901
ECPG,Encore Capital Group Inc,Financials,Consumer Finance,83.3,6.9441,1.0083,8.5424,1.849614978106598,13.54,33.12,28.189999999999998,0.35340000000000005,5.3100000000000005,0.960112888052681,142.0105,13.54,33.12,72.80332,0.960112888052681,28.189999999999998,0.35340000000000005,5.3100000000000005,70.3948664893093,57.18769172506023,89.44723618090453,92.45760050251256,15.004748338081672,74.88958411306801,0.7794117647058824,0.6323529411764706,0.8970588235294118,0.9656862745098039,B,B-,B+,A,encorecapitalgroupinc,-0.018181818181818188,0.8,0.7166666666666667,10.0,0.0,0.0,-0.018181818181818188,0.10256410256410256,D,71.39005894687618,71.66666666666667,43.0,32.856023578750474,False,False,15.004748338081672
INSW,International Seaways Inc,Energy,Oil & Gas Storage & Transportation,85.14,13.6287,4.998,9.2064,2.0820240188394563,-25.79,-11.38,16.02,0.4092,12.1,0.9957569913211186,150.7067,-25.79,-11.38,148.72904,0.9957569913211186,16.02,0.40247999999999995,12.1,44.735616119263916,21.167793820272976,88.67924528301887,95.60646900269542,54.54545454545454,61.70856791516437,0.3888888888888889,0.09259259259259259,0.9629629629629629,1.0,C-,D-,A,A+,internationalseawaysinc,0.0,0.9230769230769231,0.8194444444444445,13.0,68.0,76.02119809746753,0.0,0.6363636363636364,B-,62.163113369709826,81.94444444444446,79.57514590565368,32.8227599384493,False,False,21.167793820272976
COR,Cencora Inc,Health Care,Health Care Distributors,304.0,36.3874,0.1815,17.5764,39.09565575246277,18.29,7.45,101.42999999999999,0.82,17.07,0.3097428195982729,4.6724,18.29,7.45,4.6724,0.3097428195982729,97.80199999999995,0.43686,17.07,64.07968574635241,54.895957068737275,91.72932330827068,38.99967309578294,13.419913419913426,62.73137829655981,0.7037037037037037,0.6,0.9777777777777777,0.37037037037037035,B,C+,A+,C-,cencorainc,-0.030303030303030276,0.8333333333333334,0.7717391304347826,18.0,68.0,76.02119809746753,-0.030303030303030276,0.09090909090909091,D-,59.073369638551156,77.17391304347827,76.71282706507398,31.30063056192786,False,False,13.419913419913426
ANDE,Andersons Inc,Consumer Staples,Food Distributors,79.12,28.1499,0.2447,11.0208,2.1509819700297963,-16.73,-2.21,7.4399999999999995,1.0,4.55,0.9900154400411735,111.9475,-16.73,-2.21,82.87165999999995,0.9835605038685735,7.4399999999999995,0.42225999999999975,4.55,69.1500256016385,27.655913978494624,50.26881720430108,98.06451612903227,82.6086956521739,59.99879672299028,0.7777777777777778,0.15873015873015872,0.47619047619047616,1.0,B,D,C,A+,andersonsinc,0.01388888888888884,0.8888888888888888,0.7678571428571428,9.0,0.0,0.0,0.01388888888888884,0.8,B,63.25966628820767,76.78571428571428,46.07142857142856,29.911009372425927,False,False,27.655913978494624
PLAB,Photronics Inc,Information Technology,Semiconductor Materials & Equipment,50.16,21.6698,3.4304,8.4066,2.4632791667280522,-0.73,-0.06,11.84,0.2445,11.84,0.9273480662983423,172.3127,-0.73,-0.06,172.3127,0.9273480662983423,11.84,0.2445,11.84,77.38137289532557,34.013011716417665,64.53323851430434,74.76437085345717,56.979405034324934,62.23412936638245,0.8157894736842105,0.20394736842105263,0.6776315789473685,0.8092105263157895,B+,D+,B-,B+,photronicsinc,0.01388888888888884,0.8888888888888888,0.7678571428571428,9.0,0.0,0.0,0.01388888888888884,0.5263157894736842,C+,62.93206986981494,76.78571428571428,46.07142857142856,29.779970805068835,False,False,34.013011716417665
MATX,Matson Inc,Industrials,Marine Transportation,173.55,11.8689,1.5785,8.5328,1.9122576209333535,-1.03,-2.26,16.63,0.1494,14.63,0.9219465445639443,57.5293,-1.03,-2.26,57.5293,0.9219465445639443,16.63,0.1494,14.63,81.98622602706968,33.737881811854194,63.95730706075534,77.29298615998124,42.02898550724638,63.69205686632334,0.883495145631068,0.24757281553398058,0.6601941747572816,0.7766990291262136,B+,D+,B-,B,matsoninc,0.0,0.8888888888888888,0.7678571428571428,9.0,0.0,0.0,0.0,0.5,C,62.89495541704798,76.78571428571428,46.07142857142856,29.765125023962053,False,False,33.737881811854194
CHDN,Churchill Downs Inc,Consumer Discretionary,Casinos & Gaming,98.65,17.6614,2.3336,12.4143,6.800071688540863,-3.84,5.75,37.230000000000004,0.2349,6.39,0.48168498168498197,8.4662,-3.84,5.75,8.4662,0.48168498168498197,37.230000000000004,0.2349,6.39,46.62131102326009,58.182416382035534,69.86301369863013,40.30231459612659,38.286713286713294,53.81802737610498,0.46308724832214765,0.5906040268456376,0.738255033557047,0.35570469798657717,C,C+,B,C-,churchilldownsinc,0.0,0.9473684210526315,0.8645833333333333,19.0,90.0,84.89281911636292,0.0,0.4423076923076923,C,52.646698704776306,86.45833333333333,85.83212764654516,29.641892246565043,False,False,38.286713286713294
JBL,Jabil Inc,Information Technology,Electronic Manufacturing Services,342.47,44.6619,1.1061,27.4856,24.32850982815819,78.78,19.0,58.989999999999995,0.042800000000000005,17.96,0.9647331557660058,132.0572,78.78,19.0,132.0572,0.9647331557660058,58.989999999999995,0.042800000000000005,17.96,63.94089249970565,79.24054455476053,60.0,72.20604043307274,12.28070175438597,66.27454012249308,0.6973684210526315,0.8881578947368421,0.625,0.7631578947368421,B-,B+,B-,B,jabilinc,-0.047794117647058876,0.7647058823529411,0.7159090909090908,17.0,0.0,0.0,-0.047794117647058876,0.07894736842105263,D-,62.50261029793167,71.59090909090908,42.954545454545446,29.296498664627215,False,False,12.28070175438597
BALL,Ball Corp,Materials,"Metal, Glass & Plastic Containers",61.33,17.8982,1.2403,10.8767,3.0022812050245253,-73.82,11.58,16.91,0.10869999999999999,7.359999999999999,0.703324808184143,19.7384,-62.265,11.58,19.7384,0.703324808184143,16.91,0.10869999999999999,7.359999999999999,67.19576719576719,47.94254658385093,64.55026455026456,57.55291005291005,81.15942028985508,59.035599263860135,0.7777777777777778,0.4126984126984127,0.6507936507936508,0.5555555555555556,B,C,B-,C+,ballcorp,0.0800865800865801,0.7619047619047619,0.7211538461538463,21.0,0.0,0.0,0.0800865800865801,0.8333333333333334,B+,62.15154129284564,72.11538461538463,43.269230769230774,29.187539594061334,False,False,47.94254658385093
GILD,Gilead Sciences Inc,Health Care,Biotechnology,131.65,19.1995,5.5499,16.6608,7.196623900553756,1903.07,2.4,41.02,0.3404,21.57,0.5864182595370596,27.5061,1389.2,2.4,27.5061,0.5864182595370596,41.02,0.3404,21.57,52.02020202020202,59.770507125900565,87.71929824561403,62.23224728487886,18.08080808080808,64.3354259486099,0.5481481481481482,0.6962962962962963,0.9259259259259259,0.6222222222222222,C+,B-,A-,B-,gileadsciencesinc,-0.015939015939016032,0.7948717948717948,0.7670454545454545,39.0,0.0,0.0,-0.015939015939016032,0.12121212121212122,D,61.143506756690705,76.70454545454545,46.02272727272727,29.05967542994901,False,False,18.08080808080808
CON,Concentra Group Holdings Parent Inc,Health Care,Health Care Services,22.53,17.3979,1.3383,10.7347,7.369006345260679,-42.65,13.85,46.6,0.154,8.41,0.6490228013029318,4.6447,-42.65,13.85,4.6447,0.6490228013029318,46.6,0.154,8.41,80.3759820426487,44.06334361176522,67.41854636591479,53.280569845666804,38.63636363636363,61.41741479362727,0.8888888888888888,0.4148148148148148,0.7037037037037037,0.5333333333333333,B+,C,B,C+,concentragroupholdingsparentinc,0.0,0.9090909090909091,0.796875,11.0,0.0,0.0,0.0,0.36363636363636365,C-,60.28105115726363,79.6875,47.8125,28.893670462905455,False,False,38.63636363636363
AVGO,Broadcom Inc,Information Technology,Semiconductors,421.28,79.8743,29.2115,66.744,24.569302368982772,147.22,25.22,32.85,0.4077,17.630000000000003,0.9655911213952092,113.4901,147.22,25.22,113.4901,0.9655911213952092,32.85,0.4077,17.630000000000003,19.89138113740728,83.57946710600768,84.59338933582234,65.68337277575148,22.736842105263154,60.97376059465924,0.14473684210526316,0.9210526315789473,0.875,0.6578947368421053,D,A-,B+,B-,broadcominc,-0.016917293233082775,0.9473684210526315,0.9153225806451611,57.0,90.0,84.89281911636292,-0.016917293233082775,0.21052631578947367,D+,58.24744480518555,91.53225806451611,88.87648248525483,28.88326190572237,True,False,19.89138113740728
ALLY,Ally Financial Inc,Financials,Consumer Finance,43.41,9.575,0.88959,12.5737,0.8640903861235961,387.77,37.40411,9.19,0.158682,4.17,0.7460025004935181,34.4379,95.6,37.40411,34.4379,0.7460025004935181,9.19,0.158682,4.17,90.6062173613164,86.3480824478077,31.155778894472363,62.220477386934675,9.401709401709402,65.15421103089567,0.9852941176470589,0.9803921568627451,0.30392156862745096,0.6617647058823529,A+,A+,C-,B-,allyfinancialinc,-0.0476923076923077,0.76,0.7250000000000001,25.0,0.0,0.0,-0.0476923076923077,0.07692307692307693,D-,61.0943819710666,72.50000000000001,43.50000000000001,28.787752788426644,False,False,9.401709401709402
CTRA,Coterra Energy Inc,Energy,Oil & Gas Exploration & Production,35.38,15.6471,3.5142,6.3741,1.8111824390044131,49.63,40.07,11.77,0.3207,9.21,0.8969072164948454,42.1454,49.63,40.07,42.1454,0.8969072164948454,11.77,0.3207,9.21,59.7367808059632,84.1687503820018,72.9559748427673,51.04015481373972,11.742424242424242,65.21496995133093,0.7222222222222222,0.9259259259259259,0.75,0.5,B,A-,B,C,coterraenergyinc,-0.13407258064516125,0.7096774193548387,0.6875,31.0,0.0,0.0,-0.12259184587813615,0.09090909090909091,D-,61.38921237557335,68.75,41.25,28.68068495022934,False,False,11.742424242424242
MRK,Merck & Co Inc,Health Care,Pharmaceuticals,112.16,31.0041,4.2121,12.432,5.276081700238026,-48.26,2.89,36.19,0.1818,20.13,0.7495658884815742,34.7105,-48.26,2.89,34.7105,0.7495658884815742,36.19,0.1818,20.13,54.14702581369247,24.361739745403113,77.69423558897243,72.07142857142857,89.16083916083916,57.246949014032566,0.6,0.07407407407407407,0.8222222222222222,0.7555555555555555,C+,D-,B+,B,merckcoinc,0.06806722689075628,0.6857142857142857,0.66875,35.0,0.0,0.0,0.06806722689075628,0.8787878787878788,B+,61.163032930116486,66.875,40.125,28.477713172046595,False,False,24.361739745403113
SLB,Slb NV,Energy,Oil & Gas Equipment & Services,56.92,25.5628,2.3678,13.0882,3.259966896330533,-22.55,-0.37,14.74,0.12279999999999999,9.39,0.9890453834115805,68.7018,-22.55,-0.37,68.7018,0.9890453834115805,14.74,0.12279999999999999,9.39,35.301653855112974,43.74942497416807,68.55345911949685,74.03301886792453,48.0,54.520267012070974,0.2222222222222222,0.42592592592592593,0.7222222222222222,0.7592592592592593,D+,C,B,B,slbnv,0.0,0.8484848484848485,0.8092105263157896,33.0,90.0,84.89281911636292,0.0,0.45454545454545453,C,54.32026701207097,80.92105263157896,82.50975922549254,28.063752442017407,True,False,35.301653855112974
ASTE,Astec Industries Inc,Industrials,Construction Machinery & Heavy Transportation Equipment,64.16,37.9002,1.0426,16.6962,2.1538079364599803,838.27,8.07,5.79,0.0467,4.33,0.948692152917505,71.6426,107.05100000000004,8.07,71.6426,0.948692152917505,5.79,0.0467,4.33,52.49493838379008,84.70789621157061,19.70443349753695,80.22092849679056,78.6389413988658,56.035607912004,0.5388349514563107,0.9320388349514563,0.15048543689320387,0.8252427184466019,C+,A,D,B+,astecindustriesinc,0.017857142857142905,0.875,0.7500000000000001,8.0,0.0,0.0,0.017857142857142905,0.782608695652174,B,58.89950205189058,75.00000000000001,45.00000000000001,28.059800820756234,False,False,19.70443349753695
KRYS,Krystal Biotech Inc,Health Care,Biotechnology,266.04,38.2319,20.1246,43.9598,6.368066792413087,129.21,33.95,18.69,0.41409999999999997,18.69,0.8161683845860186,60.5649,129.21,33.95,60.5649,0.8161683845860186,18.69,0.41409999999999997,18.69,19.618406285072954,85.79307178838185,79.9498746867168,79.8295739348371,8.030303030303031,63.01659938759123,0.1037037037037037,0.9407407407407408,0.837037037037037,0.837037037037037,D,A,B+,B+,krystalbiotechinc,-0.05555555555555558,0.8888888888888888,0.8152173913043478,18.0,90.0,84.89281911636292,-0.040404040404040394,0.045454545454545456,F,58.81962969062153,81.52173913043478,82.87017112480603,27.89692678919127,True,False,8.030303030303031
GAP,Gap Inc,Consumer Discretionary,Apparel Retail,24.68,11.0497,0.5868,4.8992,2.415416385292189,-2.88,1.86,22.98,0.0726,16.189999999999998,0.561592505854801,12.0291,-2.88,1.86,12.0291,0.561592505854801,22.98,0.0726,16.189999999999998,84.75069718978885,36.08363840340104,56.735159817351594,43.863958431743036,80.61538461538463,56.36098361881393,0.9328859060402684,0.28187919463087246,0.5570469798657718,0.38926174496644295,A,D+,C+,C-,gapinc,0.04166666666666674,0.7083333333333334,0.6810344827586208,24.0,0.0,0.0,0.04166666666666674,0.8076923076923077,B+,59.422522080352394,68.10344827586208,40.862068965517246,27.855215728692684,False,False,36.08363840340104
PFS,Provident Financial Services Inc,Financials,Regional Banks,22.38,10.0166,2.313,7.439,1.0317881100020745,134.42,36.72119,10.620000000000001,0.4091399,8.959999999999999,0.8015982330094678,34.0923,95.6,36.72119,34.0923,0.8015982330094678,10.620000000000001,0.4091399,8.959999999999999,83.85924721647453,64.95375916481709,41.20603015075377,68.35187171814127,7.320099255583126,62.92744551839875,0.9362745098039216,0.8088235294117647,0.4019607843137255,0.75,A,B+,C,B,providentfinancialservicesinc,-0.09722222222222221,0.7777777777777778,0.6964285714285714,9.0,0.0,0.0,-0.04818623481781377,0.038461538461538464,F,58.659455443957064,69.64285714285714,41.785714285714285,27.64235360615426,False,False,7.320099255583126
SEZL,Sezzle Inc,Financials,Transaction & Payment Processing Services,85.46,21.6983,6.4153,16.6302,17.00933463368031,69.54,66.08,91.62,0.3926,51.25999999999999,0.262022733896823,64.2514,69.54,66.08,64.2514,0.262022733896823,45.141999999999946,0.3926,27.17999999999999,15.47812592373633,92.31017014135497,97.73869346733667,69.59503399349688,73.1934731934732,65.68524567473862,0.08823529411764706,0.9901960784313726,0.9779411764705882,0.7696078431372549,D-,A+,A+,B,sezzleinc,0.018181818181818188,0.8181818181818182,0.734375,11.0,0.0,0.0,0.018181818181818188,0.717948717948718,B,68.00459299408594,73.4375,44.0625,27.471146373238113,True,False,15.47812592373633
STRL,Sterling Infrastructure Inc,Industrials,Construction & Engineering,532.67,56.3244,6.5632,37.9418,14.7434761910034,13.14,17.69,30.17,0.163,23.02,0.9870523344640961,233.002,13.14,17.69,148.77037999999985,0.9870523344640961,30.17,0.163,23.02,12.662011573963364,66.78029719519239,81.2807881773399,86.7741027445461,80.90062111801242,59.19657992577352,0.05825242718446602,0.7281553398058253,0.8737864077669902,0.9223300970873787,D-,B,B+,A-,sterlinginfrastructureinc,0.013986013986014068,0.9230769230769231,0.8194444444444445,13.0,38.0,54.97714786972108,0.013986013986014068,0.8043478260869565,B+,62.286642037574765,81.94444444444446,71.1575258145551,27.35801229762917,True,False,12.662011573963364
TNL,Travel + Leisure Co,Consumer Discretionary,"Hotels, Resorts & Cruise Lines",64.4,16.9618,0.9931,13.7771,8.374512353706113,-40.1,4.25,121.75,0.1374,12.04,0.5536434525410058,43.3022,-40.1,4.25,43.3022,0.5536434525410058,121.75,0.1374,12.04,52.59722349912659,34.435760053026954,75.4566210045662,71.49024491490245,36.62207357859531,58.19866211950908,0.5570469798657718,0.24161073825503357,0.7919463087248322,0.7181208053691275,C+,D+,B,B,travelleisureco,0.0,0.8125,0.75,16.0,0.0,0.0,0.0,0.3269230769230769,C-,56.86086947736861,75.0,45.0,27.244347790947444,False,False,34.435760053026954
OSK,Oshkosh Corp,Industrials,Construction Machinery & Heavy Transportation Equipment,155.29,15.0368,0.9335,10.2882,2.145351760876653,-3.18,-3.1,14.57,0.0901,11.23,0.7380334838947766,79.1325,-3.18,-3.1,79.1325,0.7380334838947766,14.57,0.0901,11.23,83.56608796849842,35.253487797297865,49.096880131362894,70.18659501418122,38.37429111531191,59.253758587261146,0.9029126213592233,0.27184466019417475,0.49029126213592233,0.7427184466019418,A-,D+,C,B,oshkoshcorp,0.0,0.6818181818181818,0.6574074074074073,22.0,0.0,0.0,0.0,0.13043478260869565,D,58.09118769879234,65.74074074074073,39.444444444444436,27.18091952396138,False,False,35.253487797297865
R,Ryder System Inc,Industrials,Cargo Ground Transportation,249.99,19.5797,0.7639,6.1807,3.2286727945022546,4.84,-0.07,16.36,0.0795,4.6,0.9269003475681589,79.9784,4.84,-0.07,79.9784,0.9269003475681589,16.36,0.0795,4.6,87.20487190524018,49.06926683217279,35.960591133004925,77.3907516287939,8.902691511387168,61.083369451754606,0.9320388349514563,0.470873786407767,0.3106796116504854,0.7815533980582524,A,C,C-,B,rydersysteminc,-0.05882352941176472,0.7647058823529411,0.7159090909090908,17.0,0.0,0.0,-0.029807692307692396,0.06521739130434782,D-,56.973638602893324,71.59090909090908,42.954545454545446,27.084909986611876,False,False,8.902691511387168
NDAQ,Nasdaq Inc,Financials,Financial Exchanges & Data,91.32,28.8843,6.2509,19.8694,4.256370339642692,60.29,11.68,15.02,0.2924,8.49,0.6012573823585442,19.937,60.29,11.68,19.937,0.6012573823585442,15.02,0.2924,8.49,15.36235097053897,74.94006437653596,63.31658291457286,65.34861809045226,90.67599067599068,52.727469964675606,0.08333333333333333,0.9068627450980392,0.6421568627450981,0.7058823529411765,D-,A-,B-,B,nasdaqinc,0.04347826086956519,0.9130434782608695,0.8482142857142856,23.0,90.0,84.89281911636292,0.04347826086956519,0.9230769230769231,A-,56.795069032274675,84.82142857142856,84.8499847894023,27.042622612936757,True,False,15.36235097053897
NEE,Nextera Energy Inc,Utilities,Multi-Utilities,96.95,24.7066,7.255,19.282,3.6981232834909976,47.29,10.29,15.24,0.2954,5.4399999999999995,0.9483796960137655,46.7827,47.29,10.29,46.12967999999999,0.9483796960137655,15.24,0.2954,5.4399999999999995,12.119779353821906,82.92297979797979,82.22222222222223,95.69444444444443,88.09523809523809,64.30898524249588,0.06382978723404255,0.9361702127659575,0.8936170212765957,1.0,D-,A,B+,A+,nexteraenergyinc,0.0,0.6774193548387096,0.6597222222222223,31.0,0.0,0.0,0.0,0.75,B,68.11850905201969,65.97222222222223,39.583333333333336,26.740660762298663,True,False,12.119779353821906
AIR,AAR Corp,Industrials,Aerospace & Defense,110.35,25.6607,1.3999,14.1167,3.263325368473349,-45.74,16.85,12.07,0.0955,7.199999999999999,0.7721929468990677,100.2722,-45.74,16.85,100.2722,0.7721929468990677,12.07,0.0955,7.199999999999999,63.251072106110605,43.48669615981657,40.968801313628894,82.00738916256158,39.30434782608696,56.15378541941051,0.7233009708737864,0.35436893203883496,0.35436893203883496,0.8543689320388349,B,C-,C-,B+,aarcorp,0.0,0.8333333333333334,0.75,12.0,0.0,0.0,0.0,0.20652173913043478,D+,55.08422020201921,75.0,45.0,26.533688080807686,False,False,39.30434782608696
CRUS,Cirrus Logic Inc,Information Technology,Semiconductors,164.24,20.7429,4.2454,15.0224,4.405484860839897,38.36,7.04,20.13,0.2311,20.13,0.8634183884909123,71.9071,38.36,7.04,71.9071,0.8634183884909123,20.13,0.2311,20.13,68.92440833627694,54.19605090571709,76.61970161636815,40.24886366831723,7.157894736842104,60.275010402968135,0.743421052631579,0.5855263157894737,0.7960526315789473,0.3157894736842105,B,C+,B,C-,cirruslogicinc,-0.0714285714285714,0.7142857142857143,0.6710526315789473,14.0,0.0,0.0,-0.051339285714285754,0.02631578947368421,F,55.990799876652346,67.10526315789474,40.26315789473684,26.422635740134623,False,False,7.157894736842104
FIX,Comfort Systems USA Inc,Industrials,Construction & Engineering,1867.02,53.7113,6.4844,39.1235,26.82018315676064,107.81,38.43,51.690000000000005,0.157,49.63,0.992968479720619,346.6021,107.05100000000004,21.676999999999982,148.77037999999985,0.9872267261247282,51.690000000000005,0.157,26.983999999999988,12.654837629728824,95.65286204928552,86.86371100164205,91.44968332160451,40.45031055900621,67.30014623202072,0.05339805825242718,1.0,0.941747572815534,0.9635922330097088,D-,A+,A,A,comfortsystemsusainc,0.0,0.7692307692307693,0.7083333333333334,13.0,0.0,0.0,0.0,0.358695652173913,C-,66.34517728792135,70.83333333333334,42.50000000000001,26.22217010711806,True,False,12.654837629728824
HALO,Halozyme Therapeutics Inc,Health Care,Biotechnology,63.96,23.9125,5.4257,17.7464,154.34362934362935,-27.39,37.55,92.67,0.3319,15.770000000000001,0.4740783410138249,6.5467,-27.39,37.55,6.5467,0.4740783410138249,92.67,0.3319,15.770000000000001,46.043771043771045,51.63387015393268,85.71428571428571,38.65329991645781,40.909090909090914,55.99694820359228,0.4444444444444444,0.5259259259259259,0.9074074074074074,0.35555555555555557,C,C+,A-,C-,halozymetherapeuticsinc,0.0,0.7333333333333333,0.6875,15.0,0.0,0.0,0.0,0.5454545454545454,C+,55.087857294501376,68.75,41.25,26.160142917800552,False,False,38.65329991645781
HOOD,Robinhood Markets Inc,Financials,Investment Banking & Brokerage,73.66,35.2134,14.8238,30.9585,7.263869987969154,32.75,51.58,22.33,0.4681,9.1,0.25946469017976925,58.0009,32.75,51.58,58.0009,0.25946469017976925,22.33,0.4681,9.1,9.142526357276582,83.11475240324131,81.4070351758794,55.42227265359053,77.70345596432553,55.344795394655364,0.049019607843137254,0.9607843137254902,0.8186274509803921,0.5735294117647058,F,A,B+,C+,robinhoodmarketsinc,0.03598484848484851,0.8484848484848485,0.8092105263157896,33.0,38.0,54.97714786972108,0.03598484848484851,0.7692307692307693,B,58.11514099108792,80.92105263157896,70.54349072683581,25.740491508815094,True,False,9.142526357276582
WWD,Woodward Inc,Industrials,Electrical Components & Equipment,362.99,44.0742,5.6824,31.9677,8.47224621072434,32.85,14.52,19.63,0.14859999999999998,14.59,0.7983185382849658,90.5559,32.85,14.52,90.5559,0.7983185382849658,19.63,0.14859999999999998,14.59,18.33739856839957,87.60324220914657,66.83087027914614,69.81144895532529,97.9296066252588,57.7750054447808,0.09223300970873786,0.970873786407767,0.7038834951456311,0.7233009708737864,D-,A+,B,B,woodwardinc,0.06666666666666676,0.8,0.7375,15.0,0.0,0.0,0.06612903225806449,0.9565217391304348,A,62.56796610730668,73.75,44.25,25.65628571447803,True,False,18.33739856839957
IBKR,Interactive Brokers Group Inc,Financials,Investment Banking & Brokerage,80.46,131.4916,12.6836,32.3626,6.682446742244923,28.16,12.86,19.89,0.465,3.27,0.939165409753645,84.5836,28.16,12.86,72.80332,0.939165409753645,19.89,0.465,3.27,6.955118730909449,58.93964408935335,77.38693467336684,92.85297455017019,33.27759197324415,56.444037078973786,0.029411764705882353,0.6617647058823529,0.7794117647058824,0.9705882352941176,F,B-,B,A+,interactivebrokersgroupinc,0.0,0.9375,0.8452380952380951,16.0,90.0,84.89281911636292,0.0,0.24358974358974358,D+,54.771796276298204,84.52380952380952,84.67141336083088,25.50678819472052,True,False,6.955118730909449
PLTR,Palantir Technologies Inc,Information Technology,Application Software,144.07,212.038,76.9909,231.2871,46.483190294895785,234.64,56.18,25.66,0.3159,25.66,0.37915790524256865,23.9845,234.64,48.17399999999999,23.9845,0.37915790524256865,25.66,0.3159,25.66,9.250264924055104,95.39976892574542,82.6155236529031,69.41081658136588,99.06015037593986,60.92856424566181,0.03289473684210526,0.993421052631579,0.868421052631579,0.7039473684210527,F,A+,B+,B,palantirtechnologiesinc,0.2727272727272727,0.6666666666666666,0.6524390243902438,36.0,0.0,0.0,0.09547614892197988,1.0,A+,65.83457928325579,65.24390243902438,39.14634146341463,25.45249199637131,True,False,9.250264924055104
LPG,Dorian LPG Ltd,Energy,Oil & Gas Storage & Transportation,39.18,13.8698,4.144,9.2217,1.601039572402295,-27.64,-3.51,11.41,0.34869999999999995,7.59,0.9860968074150359,82.9132,-27.64,-3.51,82.9132,0.9860968074150359,11.41,0.34869999999999995,7.59,47.19310505474028,31.320911427317746,67.29559748427673,79.63611859838275,21.07438016528926,55.81358163989435,0.42592592592592593,0.16666666666666666,0.7037037037037037,0.8703703703703703,C,D,B,B+,dorianlpgltd,-0.11111111111111105,0.7777777777777778,0.6964285714285714,9.0,0.0,0.0,-0.11111111111111105,0.18181818181818182,D,52.921019656423276,69.64285714285714,41.785714285714285,25.34697929114074,False,False,21.07438016528926
KGS,Kodiak Gas Services Inc,Energy,Oil & Gas Equipment & Services,68.54,75.158,4.6264,14.6437,4.890474491616126,47.88,12.83,6.279999999999999,0.25989999999999996,2.08,0.9966328832620628,94.7712,47.88,12.83,94.7712,0.9966328832620628,6.279999999999999,0.25989999999999996,2.08,15.525273701374331,79.61566600376509,46.540880503144656,83.76179245283018,48.0,53.192030242448794,0.05555555555555555,0.9074074074074074,0.42592592592592593,0.9259259259259259,D-,A-,C,A-,kodiakgasservicesinc,0.0,0.9411764705882353,0.8522727272727273,17.0,90.0,84.89281911636292,0.0,0.45454545454545453,C,52.99203024244879,85.22727272727273,85.09349128290881,25.332754155994483,True,False,15.525273701374331
AIT,Applied Industrial Technologies Inc,Industrials,Trading Companies & Distributors,302.99,27.7331,2.3556,20.9053,6.220385471327798,6.39,6.14,21.740000000000002,0.10869999999999999,16.619999999999997,0.9303368443007612,32.4662,6.39,6.14,32.4662,0.9303368443007612,21.740000000000002,0.10869999999999999,16.619999999999997,44.49200503770306,54.852176370830975,66.42036124794747,62.9832512315271,11.909262759924385,56.29517709188425,0.4320388349514563,0.587378640776699,0.6893203883495146,0.6359223300970874,C,C+,B-,B-,appliedindustrialtechnologiesinc,-0.019230769230769273,0.75,0.6911764705882353,12.0,0.0,0.0,-0.019230769230769273,0.08695652173913043,D-,52.48610336787669,69.11764705882352,41.47058823529411,25.14150017068009,False,False,11.909262759924385
GEO,Geo Group Inc,Industrials,Environmental & Facilities Services,18.75,9.782,0.9458,6.5752,1.6964641163910101,354.95,8.55,17.68,0.0947,8.25,0.31869254341164444,-40.5517,107.05100000000004,8.55,-35.15209,0.31869254341164444,17.68,0.0947,8.25,90.75995982591229,84.81847232957625,48.93267651888342,18.71569317382125,44.66403162055336,60.62999218687843,0.9660194174757282,0.9368932038834952,0.48058252427184467,0.1407766990291262,A,A,C,D,geogroupinc,0.0,0.875,0.7500000000000001,8.0,0.0,0.0,0.0,0.6086956521739131,B-,60.09639534893377,75.00000000000001,45.00000000000001,25.0,False,True,18.71569317382125
VRRM,Verra Mobility Corp,Industrials,Data Processing & Outsourced Services,14.89,16.5545,2.3102,8.5782,7.804801341859735,388.68,11.36,40.550000000000004,0.2421,9.99,0.08795331388078366,-31.4141,107.05100000000004,11.36,-31.4141,0.08795331388078366,40.550000000000004,0.2421,9.99,74.86409361200121,88.94629113114132,79.14614121510674,19.909056460780597,40.94202898550724,65.27362822516136,0.8398058252427184,0.9805825242718447,0.8495145631067961,0.1553398058252427,B+,A+,B+,D,verramobilitycorp,0.0,0.7857142857142857,0.7236842105263157,14.0,0.0,0.0,0.0,0.43478260869565216,C,64.3678311237121,72.36842105263158,43.421052631578945,25.0,False,True,19.909056460780597
MSFT,Microsoft Corp,Information Technology,Systems Software,414.44,24.5866,9.673,17.1291,8.969824992749514,29.75,17.87,33.129999999999995,0.4675,26.33,0.2920118491740724,-2.5764,29.75,17.87,-2.5764,0.2920118491740724,33.129999999999995,0.44785,26.33,55.279347698104324,70.00661485713346,88.71283168140808,45.93937508333704,14.114832535885169,64.1872428329722,0.5855263157894737,0.7894736842105263,0.9144736842105263,0.40789473684210525,C+,B,A-,C,microsoftcorp,-0.03170163170163176,0.9076923076923077,0.8821428571428571,65.0,90.0,84.89281911636292,-0.03170163170163176,0.13157894736842105,D,60.59872608656072,88.21428571428571,86.88569907511659,25.0,False,False,14.114832535885169
BR,Broadridge Financial Solutions Inc,Industrials,Data Processing & Outsourced Services,155.25,16.9807,2.5243,13.0545,6.84710988012596,41.38,7.44,40.46,0.1725,18.02,0.0504639426990069,-31.9109,41.38,7.44,-31.9109,0.05171861693947709,40.46,0.1725,18.02,66.19238924227206,73.80569722344737,83.57963875205253,11.015536187949976,92.75362318840578,59.40725368086061,0.7572815533980582,0.8203883495145631,0.8932038834951457,0.04854368932038835,B,B+,B+,F,broadridgefinancialsolutionsinc,0.05555555555555558,0.7222222222222222,0.6847826086956522,18.0,0.0,0.0,0.05555555555555558,0.9130434782608695,A-,63.68261599970119,68.47826086956522,41.08695652173913,25.0,False,True,11.015536187949976
PRGS,Progress Software Corp,Information Technology,Systems Software,28.95,14.3315,1.2335,9.0138,2.562173643685282,53.68,22.42,17.82,0.16940000000000002,4.52,0.12308061420345487,-51.8543,53.68,22.42,-43.63098,0.12308061420345487,17.82,0.16940000000000002,4.52,91.41204521370541,85.86002387100618,52.95346459842659,11.740062521297244,40.19138755980862,60.61139473149369,0.9605263157894737,0.9473684210526315,0.5592105263157895,0.06578947368421052,A,A,C+,D-,progresssoftwarecorp,0.0,0.8461538461538461,0.7638888888888888,13.0,0.0,0.0,0.0,0.4342105263157895,C,59.63053348747455,76.38888888888889,45.83333333333333,25.0,False,True,11.740062521297244
TGTX,TG Therapeutics Inc,Health Care,Biotechnology,33.85,12.0879,8.771,41.5271,23.722755624080175,1889.26,87.32,101.12,0.20010000000000003,65.05,0.40424528301886803,-25.3912,1389.2,51.019999999999925,-25.3912,0.40424528301886803,97.80199999999995,0.20010000000000003,29.947999999999997,40.62289562289562,95.8649097992506,88.7218045112782,19.675856307435254,40.909090909090914,60.444328254880624,0.37777777777777777,1.0,0.9407407407407408,0.14074074074074075,C-,A+,A,D,tgtherapeuticsinc,0.0,0.8,0.7375,15.0,0.0,0.0,0.0,0.5454545454545454,C+,59.53523734578972,73.75,44.25,25.0,False,True,19.675856307435254
SKYW,SkyWest Inc,Industrials,Passenger Airlines,83.54,7.7146,0.8036,5.1488,1.2127969385370077,19.39,12.26,16.0,0.1461,8.42,0.08056440600819313,-7.3631,19.39,12.26,-7.3631,0.08056440600819313,16.0,0.1461,8.42,93.68692907360467,77.07084285927778,54.02298850574713,16.320706641753013,42.722117202268436,60.60578929504411,0.9902912621359223,0.8640776699029126,0.5485436893203883,0.08737864077669903,A+,B+,C+,D-,skywestinc,0.0,0.8333333333333334,0.75,12.0,0.0,0.0,0.0,0.5652173913043478,C+,59.878001015270954,75.0,45.0,25.0,False,True,16.320706641753013
ATR,Aptargroup Inc,Materials,"Metal, Glass & Plastic Containers",119.02,19.3239,2.0095,10.6666,2.8638733755062065,6.75,5.42,14.719999999999999,0.13970000000000002,10.17,0.2586768872946455,-19.7329,6.75,5.42,-19.7329,0.2586768872946455,14.719999999999999,0.13970000000000002,10.17,58.2010582010582,57.94944789510007,74.6031746031746,17.32804232804233,100.0,53.25655624568668,0.6825396825396826,0.6190476190476191,0.7936507936507936,0.14285714285714285,B-,B-,B,D,aptargroupinc,0.08333333333333337,0.75,0.6911764705882353,12.0,0.0,0.0,0.08273809523809525,1.0,A+,58.25655624568668,69.11764705882352,41.47058823529411,25.0,False,True,17.32804232804233
APPF,Appfolio Inc,Information Technology,Application Software,173.1,40.2768,6.1493,31.135,11.481977739158122,-21.42,20.72,30.9,0.1707,30.9,0.16567563144400196,-16.2271,-21.42,20.72,-16.2271,0.16567563144400196,30.9,0.1707,30.9,45.04150476863299,52.53565900640164,77.78271626887121,43.41675562939066,46.42857142857143,54.896538186534514,0.4868421052631579,0.5394736842105263,0.8092105263157895,0.3815789473684211,C,C+,B+,C-,appfolioinc,0.004761904761904745,0.9333333333333333,0.8374999999999999,15.0,90.0,84.89281911636292,0.004761904761904745,0.47368421052631576,C,54.53939532939166,83.74999999999999,84.20712764654516,25.0,False,False,43.41675562939066
POST,Post Holdings Inc,Consumer Staples,Packaged Foods & Meats,103.4,15.5349,0.5933,11.9792,1.4546702794261228,-11.33,5.38,8.49,0.0964,2.8899999999999997,0.40043196544276494,-8.048,-11.33,5.38,-8.048,0.40043196544276494,8.49,0.0964,2.8899999999999997,69.09028844512716,60.076018293335785,33.333333333333336,63.783783783783775,54.347826086956516,55.37786586003904,0.7619047619047619,0.6031746031746031,0.2698412698412698,0.6349206349206349,B,B-,D+,B-,postholdingsinc,0.0,0.8666666666666667,0.7875000000000001,15.0,0.0,0.0,0.0,0.45,C,55.81264846873469,78.75000000000001,47.25000000000001,25.0,False,False,33.333333333333336
RPM,RPM International Inc,Materials,Specialty Chemicals,101.34,19.4219,1.6767,13.7188,4.505081219492679,3.92,5.68,21.8,0.1152,11.78,0.23259668508287296,-5.7565,3.92,5.68,-5.7565,0.23259668508287296,21.8,0.1152,11.78,54.4973544973545,65.1939866027856,80.42328042328042,14.695071010860483,92.42424242424242,54.70797025288795,0.6111111111111112,0.746031746031746,0.8571428571428571,0.1111111111111111,B-,B,B+,D,rpminternationalinc,0.08225108225108224,0.8095238095238095,0.7596153846153846,21.0,0.0,0.0,0.08225108225108224,0.9166666666666666,A-,58.95039449531219,75.96153846153845,45.57692307692307,25.0,False,True,14.695071010860483
LRN,Stride Inc,Consumer Discretionary,Education Services,93.08,12.4104,1.5712,8.8893,2.7376148515899814,9.54,14.86,21.36,0.1602,15.809999999999999,0.29365665870383423,-38.2349,9.54,14.86,-34.0472,0.29365665870383423,21.36,0.1602,15.809999999999999,66.75247464067911,74.11337592202318,68.03652968036529,18.772391991570075,98.32775919732441,57.274404662979755,0.7449664429530202,0.825503355704698,0.7013422818791947,0.1476510067114094,B,B+,B,D,strideinc,0.07777777777777783,0.7777777777777778,0.6964285714285714,9.0,0.0,0.0,0.07656250000000003,1.0,A+,62.107180582712196,69.64285714285714,41.785714285714285,25.0,False,True,18.772391991570075
PCTY,Paylocity Holding Corp,Industrials,Human Resource & Employment Services,109.6,24.7816,3.5157,12.729,4.91843740884511,9.16,12.08,20.52,0.2011,18.279999999999998,0.15241188831080646,-43.5517,9.16,12.08,-35.15209,0.15241188831080646,20.52,0.2011,18.279999999999998,54.38487413713392,75.20389009628289,79.3103448275862,16.48486980999296,88.14229249011858,56.7615567224352,0.5533980582524272,0.8495145631067961,0.8543689320388349,0.09223300970873786,C+,B+,B+,D-,paylocityholdingcorp,0.0357142857142857,0.8214285714285714,0.7803030303030304,28.0,0.0,0.0,0.0357142857142857,0.8695652173913043,B+,60.57578597144706,78.03030303030305,46.81818181818183,25.0,False,True,16.48486980999296
CXT,Crane NXT Co,Information Technology,Electronic Equipment & Instruments,44.6,17.6855,1.549,9.6871,2.0446054049098037,-21.44,11.43,12.22,0.1489,6.52,0.18038293584145126,-5.1266,-21.44,11.43,-5.1266,0.18038293584145126,12.22,0.1489,6.52,87.45143058989756,43.00669709553962,50.077781234721535,32.75388583578625,36.84210526315789,54.53441954241995,0.9013157894736842,0.35526315789473684,0.506578947368421,0.2631578947368421,A-,C-,C+,D+,cranenxtco,0.0,0.7272727272727273,0.671875,11.0,0.0,0.0,0.0,0.2894736842105263,D+,53.218630068735735,67.1875,40.3125,24.85230488488256,False,True,32.75388583578625
WAL,Western Alliance Bancorp,Financials,Regional Banks,80.8,9.2233,2.03505,12.1399,1.1561950878879979,17.72,69.87056,12.790000000000001,0.41207459999999996,8.23,0.47700143243673393,13.8349,17.72,69.87056,13.8349,0.47700143243673393,12.790000000000001,0.41207459999999996,8.23,81.02152921470096,69.70248773713965,53.768844221105525,23.979447800801765,7.320099255583126,57.43398046653991,0.9166666666666666,0.8676470588235294,0.5490196078431373,0.22058823529411764,A-,B+,C+,D+,westernalliancebancorp,-0.05263157894736836,0.7894736842105263,0.7395833333333334,19.0,0.0,0.0,-0.04818623481781377,0.038461538461538464,F,53.16599039209822,73.95833333333334,44.37500000000001,24.683300280023616,False,True,7.320099255583126
STRA,Strategic Education Inc,Consumer Discretionary,Education Services,78.24,13.9734,1.3951,7.1801,1.091519379909849,16.1,3.96,7.66,0.1374,7.66,0.359571377444685,-3.752,16.1,3.96,-3.752,0.359571377444685,7.66,0.1374,7.66,68.82105972847906,61.53846153846155,48.51598173515981,40.147523709167544,9.364548494983278,54.67145741543554,0.7651006711409396,0.6442953020134228,0.46308724832214765,0.348993288590604,B,B-,C,C-,strategiceducationinc,-0.11111111111111105,0.7777777777777778,0.6964285714285714,9.0,0.0,0.0,-0.053137651821862364,0.038461538461538464,F,50.607912264933866,69.64285714285714,41.785714285714285,24.421736334544974,False,False,9.364548494983278
MYRG,MYR Group Inc,Industrials,Construction & Engineering,433.49,57.0015,1.8453,38.7645,10.188904532345525,306.93,8.79,19.650000000000002,0.045599999999999995,17.39,0.9996021879661859,194.6907,107.05100000000004,8.79,148.77037999999985,0.9872267261247282,19.650000000000002,0.045599999999999995,17.39,29.162083313405706,74.48115198594984,54.926108374384235,91.44968332160451,6.6770186335403725,59.20821498345835,0.21844660194174756,0.8300970873786407,0.5728155339805825,0.9635922330097088,D+,B+,C+,A,myrgroupinc,-0.0714285714285714,0.7142857142857143,0.6710526315789473,14.0,0.0,0.0,-0.029807692307692396,0.021739130434782608,F,54.87591684681239,67.10526315789474,40.26315789473684,24.268022099766156,True,False,6.6770186335403725
VITL,Vital Farms Inc,Consumer Staples,Agricultural Products & Services,14.18,9.5836,0.8364,5.9144,1.8084197370266926,20.88,25.26,20.69,0.1164,20.0,0.057592256503327256,-59.5666,20.88,14.026499999999995,-52.17986,0.057592256503327256,20.69,0.1164,20.0,83.04318143027821,87.50594227504243,67.74193548387096,9.032258064516128,13.636363636363638,62.003919296449006,0.9682539682539683,0.9365079365079365,0.746031746031746,0.031746031746031744,A,A,B,F,vitalfarmsinc,-0.11111111111111105,0.8333333333333334,0.7717391304347826,18.0,0.0,0.0,-0.07106009070294785,0.1,D-,58.36755566008537,77.17391304347827,46.30434782608696,24.224925109434402,False,True,9.032258064516128
ITRI,Itron Inc,Information Technology,Electronic Equipment & Instruments,85.4,12.5777,1.5996,12.006,2.2351983542239755,25.51,-3.02,18.490000000000002,0.1323,10.48,0.10831035840882237,-20.9625,25.51,-3.02,-20.9625,0.10831035840882237,18.490000000000002,0.1323,10.48,87.62215942540917,42.314264294622106,60.392313732462185,18.937820175520347,60.52631578947367,54.25403518349633,0.9078947368421053,0.34210526315789475,0.631578947368421,0.09868421052631579,A-,C-,B-,D-,itroninc,0.007894736842105288,0.85,0.79,20.0,0.0,0.0,0.007894736842105288,0.6052631578947368,B-,55.3066667624437,79.0,47.4,24.158727227436984,False,True,18.937820175520347
BDC,Belden Inc,Information Technology,Electronic Components,114.15,18.7109,1.6368,14.5943,3.5160725946552,22.98,10.33,19.139999999999997,0.1162,9.48,0.2667934529645761,12.6295,22.98,10.33,12.6295,0.2667934529645761,19.139999999999997,0.1162,9.48,80.99905804780407,51.7814037701164,57.1721706149903,28.95795368683052,18.07780320366133,55.69067865708798,0.8552631578947368,0.5197368421052632,0.6052631578947368,0.21710526315789475,B+,C+,B-,D+,beldeninc,-0.022222222222222254,0.7777777777777778,0.6964285714285714,9.0,0.0,0.0,-0.022222222222222254,0.15789473684210525,D,52.49845897745411,69.64285714285714,41.785714285714285,24.13439504176897,False,True,18.07780320366133
LAD,Lithia Motors Inc,Consumer Discretionary,Automotive Retail,290.9,8.0945,0.1763,11.3012,1.0352784753184487,8.3,3.87,12.09,0.0424,3.95,0.4232488822652755,-0.977,8.3,3.87,-0.977,0.4232488822652755,12.09,0.0424,3.95,82.71275780699335,59.8761926305002,31.50684931506849,37.98256537982565,15.034965034965037,53.12665338258063,0.9261744966442953,0.610738255033557,0.26174496644295303,0.3422818791946309,A-,B-,D+,C-,lithiamotorsinc,-0.03947368421052633,0.75,0.7100000000000001,20.0,0.0,0.0,-0.03947368421052633,0.11538461538461539,D,49.630149886077135,71.00000000000001,42.60000000000001,24.11205995443086,False,False,15.034965034965037
DOCS,Doximity Inc,Health Care,Health Care Technology,24.98,19.2776,7.236,18.1112,4.357990230286113,18.89,15.92,22.89,0.37439999999999996,22.89,0.07916368834882057,-56.983,18.89,15.92,-44.43054,0.07916368834882057,22.89,0.37439999999999996,22.89,46.5263748597082,72.21503635325939,85.21303258145362,8.677944862155389,85.56998556998558,54.113448103373415,0.45925925925925926,0.8148148148148148,0.8962962962962963,0.044444444444444446,C,B+,B+,F,doximityinc,0.042528735632183956,0.7666666666666667,0.7357142857142858,30.0,0.0,0.0,0.042528735632183956,0.8181818181818182,B+,57.67044666037197,73.57142857142858,44.142857142857146,23.970816152301207,False,True,8.677944862155389
FCFS,Firstcash Holdings Inc,Financials,Consumer Finance,219.93,27.1971,2.4872,16.2841,4.248073754580205,27.91,14.39,15.909999999999998,0.1568,8.21,0.9321641756512888,65.7972,27.91,14.39,65.7972,0.9321641756512888,15.909999999999998,0.1568,8.21,16.348901369593065,55.7619897097498,66.83417085427136,81.97236180904522,90.5982905982906,53.342638359725115,0.10784313725490197,0.5833333333333334,0.6764705882352942,0.8578431372549019,D,C+,B-,B+,firstcashholdingsinc,0.05494505494505497,0.7692307692307693,0.7083333333333334,13.0,0.0,0.0,0.05494505494505497,0.8974358974358975,B+,57.40246741955418,70.83333333333334,42.50000000000001,23.91632334965895,True,False,16.348901369593065
SNEX,StoneX Group Inc,Financials,Investment Banking & Brokerage,105.19,23.007,0.0577,47.9531,3.4635355786992066,-40.92,32.54,16.43,0.33,1.8800000000000001,0.9498069498069497,75.4336,-40.92,32.54,72.80332,0.9498069498069497,16.43,0.33,1.8800000000000001,21.055030052221895,40.84372813472628,70.85427135678391,96.34138434106015,33.27759197324415,55.414347847408735,0.16666666666666666,0.3480392156862745,0.7156862745098039,0.9901960784313726,D,C-,B,A+,stonexgroupinc,0.0,0.875,0.7500000000000001,8.0,0.0,0.0,0.0,0.24358974358974358,D+,53.742107044733146,75.00000000000001,45.00000000000001,23.61379889291971,True,False,21.055030052221895
PLMR,Palomar Holdings Inc,Financials,Property & Casualty Insurance,120.97,16.2749,3.711,12.8099,3.403301176821429,60.46,56.04,22.79,0.28,22.79,0.19412628487518355,-16.028,60.46,56.04,-16.028,0.19412628487518355,22.79,0.28,22.79,30.63848655039905,86.19181865255163,81.90954773869346,19.567066099729416,62.256410256410255,54.288785522729334,0.2549019607843137,0.9754901960784313,0.8235294117647058,0.14215686274509803,D+,A+,B+,D,palomarholdingsinc,0.01098901098901095,0.8571428571428571,0.7763157894736842,14.0,0.0,0.0,0.01098901098901095,0.6153846153846154,B-,55.51442654837036,77.63157894736842,46.578947368421055,23.567011547942837,True,True,19.567066099729416
CVNA,Carvana Co,Consumer Discretionary,Automotive Retail,382.6,59.6515,4.13,47.7783,24.27680378682606,420.71,48.63,62.849999999999994,0.09179999999999999,18.38,0.5688536111455622,51.9038,202.9259999999997,22.7775,51.9038,0.5688536111455622,62.849999999999994,0.09179999999999999,18.38,11.217860316876587,98.54113561773558,71.91780821917808,74.94396014943959,40.55944055944056,60.4809362874487,0.03355704697986577,1.0,0.7718120805369127,0.7785234899328859,F,A+,B,B,carvanaco,0.0,0.71875,0.695945945945946,32.0,0.0,0.0,0.0,0.5384615384615384,C+,59.53688034339275,69.59459459459461,41.756756756756765,23.561740996306284,True,False,11.217860316876587
HWM,Howmet Aerospace Inc,Industrials,Aerospace & Defense,239.51,63.6571,11.6329,43.2481,17.969764039464305,31.87,11.06,29.67,0.24609999999999999,18.2,0.7732463295269167,61.7983,31.87,11.06,61.7983,0.7732463295269167,29.67,0.24609999999999999,18.2,8.925980837597846,76.36204014878408,86.37110016420361,69.22906403940887,39.30434782608696,57.94249108808896,0.024271844660194174,0.8592233009708737,0.9296116504854369,0.7135922330097088,F,B+,A-,B,howmetaerospaceinc,0.0,0.8275862068965517,0.7867647058823529,29.0,0.0,0.0,0.0,0.20652173913043478,D+,56.87292587069766,78.67647058823529,47.205882352941174,22.99592168804464,True,False,8.925980837597846
RGLD,Royal Gold Inc,Materials,Gold,230.59,41.9554,18.9846,24.8081,2.7224288991394343,35.14,43.24,10.92,0.6193,9.950000000000001,0.5134408446564916,29.4867,35.14,33.85199999999998,29.4867,0.5134408446564916,10.92,0.24867999999999998,9.950000000000001,19.04761904761905,85.77545642763033,74.33862433862434,47.835497835497826,57.57575757575757,55.068751699186485,0.06349206349206349,0.9206349206349206,0.7777777777777778,0.4444444444444444,D-,A-,B,C,royalgoldinc,0.011695906432748537,0.7894736842105263,0.7395833333333334,19.0,0.0,0.0,0.011695906432748537,0.5833333333333334,C+,55.82632745676224,73.95833333333334,44.37500000000001,22.933404322087256,True,False,19.04761904761905
SLGN,Silgan Holdings Inc,Materials,"Metal, Glass & Plastic Containers",39.72,14.5546,0.6475,8.139,1.8415147525174786,4.46,10.73,13.03,0.0922,4.15,0.17089516515078987,-24.6443,4.46,10.73,-24.58223,0.17089516515078987,13.03,0.0922,4.15,86.77248677248677,66.30291005291005,53.439153439153436,8.796296296296294,29.710144927536238,55.07275132275132,0.9206349206349206,0.7619047619047619,0.49206349206349204,0.031746031746031744,A-,B,C,F,silganholdingsinc,0.0,0.7894736842105263,0.7395833333333334,19.0,0.0,0.0,0.0,0.08333333333333333,D-,53.04376581550495,73.95833333333334,44.37500000000001,22.21397769990981,False,True,8.796296296296294
MSCI,MSCI Inc,Financials,Financial Exchanges & Data,588.85,32.4832,13.2333,24.9185,132.31097629479834,20.42,10.86,108.67,0.5536,15.49,0.7010383386581474,7.8342,20.42,10.86,7.8342,0.7010383386581474,45.141999999999946,0.5536,15.49,6.8627450980392135,57.56057003953414,97.73869346733667,59.51005025125628,53.4965034965035,54.564483699502055,0.024509803921568627,0.6470588235294118,0.9779411764705882,0.6127450980392157,F,B-,A+,B-,msciinc,0.008333333333333415,0.8,0.7583333333333334,25.0,0.0,0.0,0.008333333333333415,0.5128205128205128,C+,54.91413404915241,75.83333333333334,45.50000000000001,22.20036097175536,True,False,6.8627450980392135
FICO,Fair Isaac Corp,Information Technology,Application Software,1035.5,36.5073,11.6412,27.1964,91.03616830481951,23.94,16.19,145.71,0.47479999999999994,30.869999999999997,0.12280441380538593,-48.2685,23.94,16.19,-43.63098,0.12280441380538593,109.87799999999994,0.44785,30.869999999999997,42.897091722595086,62.13160348578862,94.64124331451768,11.073657781016683,12.969924812030076,54.025636012639254,0.4407894736842105,0.6776315789473685,0.9802631578947368,0.05921052631578947,C,B-,A+,D-,fairisaaccorp,-0.026455026455026398,0.7142857142857143,0.6893939393939394,28.0,0.0,0.0,-0.026455026455026398,0.10526315789473684,D,50.32262849384226,68.93939393939394,41.36363636363636,21.343986776529622,False,True,11.073657781016683
LGND,Ligand Pharmaceuticals Inc,Health Care,Biotechnology,227.44,36.6204,17.0001,65.5901,4.421298591226218,,60.4,13.86,0.15289999999999998,11.1,0.8657148629537342,108.3738,,51.019999999999925,103.34951999999993,0.8657148629537342,13.86,0.15289999999999998,11.1,18.344556677890015,72.83208020050125,58.646616541353374,93.74937343358397,69.0909090909091,57.56408403162789,0.08148148148148149,0.837037037037037,0.6148148148148148,0.9629629629629629,D-,B+,B-,A,ligandpharmaceuticalsinc,0.004761904761904745,0.9333333333333333,0.8374999999999999,15.0,90.0,84.89281911636292,0.004761904761904745,0.6666666666666666,B-,59.473174940718806,83.74999999999999,84.20712764654516,20.914120738042225,True,False,18.344556677890015
BG,Bunge Global ltd,Consumer Staples,Agricultural Products & Services,124.61,29.6282,0.3438,16.3743,1.5153836799221694,-32.99,32.43,6.140000000000001,0.018500000000000003,3.2199999999999998,0.8786673296867229,58.7793,-32.99,14.026499999999995,58.7793,0.8786673296867229,6.140000000000001,0.018500000000000003,3.2199999999999998,56.272401433691755,62.45331069609507,18.817204301075268,85.36774193548388,90.9090909090909,53.336611960007545,0.6507936507936508,0.6666666666666666,0.16666666666666666,0.8412698412698413,B-,B-,D,B+,bungegloballtd,0.04761904761904767,0.9047619047619048,0.8365384615384617,21.0,38.0,54.97714786972108,0.04761904761904767,0.9,B+,57.42752105091664,83.65384615384616,72.18316684019612,15.094662552193135,False,False,18.817204301075268
KTB,Kontoor Brands Inc,Consumer Discretionary,"Apparel, Accessories & Luxury Goods",72.2,17.5393,1.2655,12.6903,7.060572277963583,-6.73,20.9,45.050000000000004,0.10679999999999999,13.77,0.5575485799701048,19.7148,-6.73,20.9,19.7148,0.5575485799701048,45.050000000000004,0.10679999999999999,13.77,52.191167907817714,71.92814805057955,66.89497716894978,53.09799789251844,9.790209790209792,59.77676545781147,0.5503355704697986,0.7986577181208053,0.6812080536912751,0.5234899328859061,C+,B,B-,C+,kontoorbrandsinc,-0.05769230769230771,0.6923076923076923,0.6527777777777778,13.0,0.0,0.0,-0.053137651821862364,0.07692307692307693,D-,55.75578643683245,65.27777777777779,39.16666666666667,13.109490620699825,False,False,9.790209790209792
PRG,PROG Holdings Inc,Financials,Consumer Finance,36.19,9.878,0.6018,0.9533,1.9188352314903183,-21.11,-2.2,21.17,0.0858,11.4,0.6774193548387095,35.8994,-21.11,-2.2,35.8994,0.6774193548387095,21.17,0.0858,11.4,63.243915656714954,14.746441453629247,79.89949748743719,59.2713567839196,35.75498575498576,55.5894129335478,0.6715686274509803,0.05392156862745098,0.803921568627451,0.6029411764705882,B-,D-,B+,B-,progholdingsinc,0.0,0.75,0.6911764705882353,12.0,0.0,0.0,0.0,0.47435897435897434,C,54.16491150904638,69.11764705882352,41.47058823529411,12.90651171357398,False,False,14.746441453629247
CSX,CSX Corp,Industrials,Rail Transportation,45.09,27.47,5.9207,15.6635,6.375307524814072,-2.56,-0.92,23.53,0.3345,9.54,0.9223817118553964,60.4055,-2.56,-0.92,60.4055,0.9223817118553964,23.53,0.29964999999999986,9.54,40.38771183063114,30.80766408364904,74.95894909688013,78.21375026772327,8.498023715415021,55.64094810215228,0.36893203883495146,0.20388349514563106,0.7961165048543689,0.8009708737864077,C-,D+,B,B+,csxcorp,-0.03333333333333344,0.7333333333333333,0.7071428571428571,30.0,0.0,0.0,-0.029807692307692396,0.043478260869565216,F,51.49075047369378,70.71428571428571,42.42857142857142,12.419578666167329,False,False,8.498023715415021
WM,Waste Management Inc,Industrials,Environmental & Facilities Services,228.77,34.539,3.711,16.1643,9.22731287838759,-1.6,14.24,28.99,0.1709,8.24,0.6416142169566829,-1.9837,-1.6,14.24,-1.9837,0.6416142169566829,28.99,0.1709,8.24,39.4024901557543,63.10639009702241,67.24137931034483,48.381421534130894,14.42687747035573,53.95852969275545,0.3446601941747573,0.6844660194174758,0.7087378640776699,0.441747572815534,C-,B-,B,C,wastemanagementinc,-0.018893387314439902,0.717948717948718,0.6988636363636364,39.0,0.0,0.0,-0.018893387314439902,0.10869565217391304,D,50.40121743979102,69.88636363636364,41.93181818181818,12.144323431425924,True,False,14.42687747035573
EPAM,Epam Systems Inc,Information Technology,IT Consulting & Other Services,112.33,15.6911,1.086,7.1807,1.6579339660236447,-14.17,15.42,10.27,0.0953,10.2,0.02330940352743061,-29.1114,-14.17,15.42,-29.1114,0.07599398584473208,10.27,0.0953,10.2,92.74549629106325,51.91427699816961,49.47479147221358,22.040344650238424,8.133971291866029,55.34599627050081,0.9671052631578947,0.5328947368421053,0.4868421052631579,0.13157894736842105,A,C+,C,D,epamsystemsinc,-0.07692307692307698,0.6923076923076923,0.6693548387096775,26.0,0.0,0.0,-0.051339285714285754,0.05263157894736842,D-,51.15939339968742,66.93548387096774,40.16129032258065,11.209211137450389,False,True,8.133971291866029
ADMA,ADMA Biologics Inc,Health Care,Biotechnology,10.52,16.6341,4.7906,12.915,5.242699092993122,-25.56,19.63,34.98,0.36869999999999997,29.82,0.19493047662235935,-54.7916,-25.56,19.63,-44.43054,0.19493047662235935,34.98,0.36869999999999997,29.82,61.531986531986526,44.725468787480246,89.47368421052632,7.923141186299082,8.030303030303031,53.28113968038408,0.6962962962962963,0.4222222222222222,0.9555555555555556,0.02962962962962963,B-,C,A,F,admabiologicsinc,-0.11111111111111105,0.7777777777777778,0.6964285714285714,9.0,0.0,0.0,-0.040404040404040394,0.045454545454545456,F,49.084169983414384,69.64285714285714,41.785714285714285,10.29658871300432,False,True,7.923141186299082
