Ticker,Name,Sector,SubIndustry,Price,PE_Rank,PS_Rank,EV_EBITDA_Used,PB_Ratio,EPS_Growth,Rev_Growth,ROE,Op_Margin,ROIC,Mom_Range,Mom_12M,EPS_Growth_Win,Rev_Growth_Win,Mom_12M_Win,Mom_Range_Win,ROE_Win,Op_Margin_Win,ROIC_Win,Value_S,Growth_S,Prof_S,Mom_S,Rev_S,Fundamental_Score,Value_Pct,Growth_Pct,Prof_Pct,Mom_Pct,Value_Grade,Growth_Grade,Prof_Grade,Mom_Grade,Name_Key
KMT,Kennametal Inc,Industrials,Industrial Machinery & Supplies & Components,31.92,7.173,1.0421,6.3843,1.5495973085941483,268.24,19.82,24.79,0.2005,17.01,0.49317988064791135,48.8964,191.6919999999998,19.82,48.8964,0.49317988064791135,24.79,0.2005,17.01,90.21883452176053,94.72492068953835,77.2390241237057,78.94831171661997,50.0,81.59911114259822,0.963855421686747,0.9959839357429718,0.8353413654618473,0.7991967871485943,A,A+,B+,B,kennametalinc
INSW,International Seaways Inc,Energy,Oil & Gas Storage & Transportation,108.34,6.8857,4.2678,6.0367,2.6493596687933603,225.76,57.36,37.04,0.6415000000000001,28.28,0.9322799097065465,122.8692,225.76,57.36,103.39053999999997,0.8382860335526865,36.65899999999999,0.51006,21.97099999999999,58.208955223880594,88.62354892205639,97.76119402985076,98.50746268656717,50.0,81.41873963515755,0.6791044776119403,0.9701492537313433,1.0,1.0,B-,A+,A+,A+,internationalseawaysinc
KALU,Kaiser Aluminum Corp,Materials,Aluminum,151.17,10.9589,0.6015,7.4919,3.6425628298113297,246.13,32.83,26.290000000000003,0.0823,11.86,0.6149230279189281,106.1208,246.13,32.83,79.35161499999998,0.6149230279189281,26.290000000000003,0.0823,11.86,88.23529411764706,89.51406649616368,69.11764705882352,89.64194373401534,50.0,80.16943734015345,0.9852941176470589,0.9411764705882353,0.7058823529411765,0.9264705882352942,A+,A,B,A-,kaiseraluminumcorp
MU,Micron Technology Inc,Information Technology,Semiconductors,1058.55,23.2549,13.001,16.913,21.92731701860575,700.71,166.98,70.55,0.6563,61.480000000000004,0.8214658972145227,590.0976,700.71,54.72500000000002,262.11377,0.8214658972145227,70.55,0.4317149999999999,61.480000000000004,55.02364808304035,96.11014226971236,94.07407407407408,90.73192164609293,50.0,79.64284332243966,0.5966850828729282,1.0,0.9779005524861878,0.9558011049723757,C+,A+,A+,A,microntechnologyinc
CF,CF Industries Holdings Inc,Materials,Fertilizers & Agricultural Chemicals,115.51,8.4379,2.2886,4.939,3.6661461507211053,76.26,20.04,40.410000000000004,0.4103,25.14,0.6024947400060114,27.823,76.26,20.04,27.823,0.6024947400060114,37.95649999999999,0.4103,21.267,74.01960784313725,84.68137254901961,96.07843137254902,74.75490196078431,50.0,79.41176470588235,0.8382352941176471,0.9117647058823529,1.0,0.75,B+,A-,A+,B,cfindustriesholdingsinc
LPG,Dorian LPG Ltd,Energy,Oil & Gas Storage & Transportation,53.9,7.2255,3.9742,6.1989,2.024580434815271,557.35,81.06,28.439999999999998,0.5763,19.400000000000002,0.8323667495167082,69.7807,557.35,65.13999999999997,69.7807,0.8323667495167082,28.439999999999998,0.51006,19.400000000000002,56.71641791044775,96.75373134328359,93.28358208955224,87.11442786069651,50.0,79.27363184079603,0.6268656716417911,1.0,0.9701492537313433,0.9253731343283582,B-,A+,A+,A-,dorianlpgltd
CENX,Century Aluminum Co,Materials,Aluminum,37.4,6.202,1.4033,4.6956,4.594651039939065,383.76,9.67,58.86,0.2783,37.84,0.26648900732844766,47.8814,383.76,9.67,47.8814,0.26648900732844766,37.95649999999999,0.2783,21.267,81.86274509803921,78.85763000852515,94.6078431372549,65.72890025575447,50.0,78.03495311167946,0.9117647058823529,0.8823529411764706,0.9852941176470589,0.6764705882352942,A-,B+,A+,B-,centuryaluminumco
PARR,Par Pacific Holdings Inc,Energy,Oil & Gas Refining & Marketing,77.6,4.5422,0.4516,3.4581,2.5507520774166403,5.6,13.19,53.510000000000005,0.1328,34.58,0.8143459915611814,104.704,5.6,13.19,103.39053999999997,0.8143459915611814,36.65899999999999,0.1328,21.97099999999999,96.01990049751244,53.384101205339846,81.59203980099504,85.02316006176017,50.0,77.08443732804687,1.0,0.5970149253731343,0.8955223880597015,0.8805970149253731,A+,C+,B+,B+,parpacificholdingsinc
AES,AES Corp,Utilities,Independent Power Producers & Energy Traders,14.87,5.6652,0.8124,11.3045,2.606576917683354,84.8,8.49,43.309999999999995,0.1522,5.3,0.4059829059829059,14.1213,84.8,8.49,14.1213,0.4059829059829059,23.067999999999998,0.1522,5.3,88.50574712643679,75.22100193922176,63.79310344827585,90.40479760119939,50.0,76.19987255176238,0.9396551724137931,0.8448275862068966,0.6724137931034483,0.896551724137931,A,B+,B-,B+,aescorp
INDV,"Indivior Pharmaceuticals, Inc",Health Care,Pharmaceuticals,36.9,12.262,3.268,11.2088,98.74230666309874,237.5,13.55,159.06,0.30260000000000004,29.4,0.708133734999259,57.0364,237.5,13.55,57.0364,0.708133734999259,108.10399999999996,0.30260000000000004,29.4,74.96804926222842,77.42270235751158,92.43421052631578,66.37698898408813,50.0,75.61050321545599,0.8223684210526315,0.881578947368421,0.9605263157894737,0.6513157894736842,B+,B+,A,B-,indiviorpharmaceuticalsinc
NEM,Newmont Corporation,Materials,Gold,116.52,14.2519,4.755,7.5974,3.746720172866183,42.23,25.18,25.05,0.5097,21.54,0.6831532748143146,45.1297,42.23,25.18,45.1297,0.6831532748143146,25.05,0.44605999999999996,21.267,61.27450980392157,71.95225916453538,94.11764705882354,86.70076726342711,50.0,75.57864450127877,0.7352941176470589,0.8088235294117647,0.9705882352941176,0.8823529411764706,B,B+,A+,B+,newmontcorporation
EIX,Edison International,Utilities,Electric Utilities,51.47,5.0225,1.0193,6.3962,1.1266279960599759,37.4,10.76,22.66,0.32689999999999997,6.79,0.0,-2.5902,37.4,10.76,-2.5902,0.0007095158597661358,22.66,0.32689999999999997,6.79,96.55172413793103,85.42561196936833,90.80459770114942,30.866274179983176,50.0,75.09745768964041,1.0,0.9482758620689655,0.9827586206896551,0.25862068965517243,A+,A,A+,D+,edisoninternational
GEO,Geo Group Inc,Industrials,Environmental & Facilities Services,30.22,13.4941,1.3915,12.2413,2.7342477651912707,227.6,15.32,19.3,0.10880000000000001,9.42,0.8580426356589147,49.2352,191.6919999999998,15.32,49.2352,0.8559255587332271,19.3,0.10880000000000001,9.42,77.36578968936972,90.96483887124282,53.21585662377401,93.76173236224278,50.0,74.59072582498305,0.8514056224899599,0.9879518072289156,0.5301204819277109,0.9678714859437751,B+,A+,C+,A,geogroupinc
TDC,Teradata Corp,Information Technology,IT Consulting & Other Services,28.27,5.7445,1.5559,3.2877,11.369394731550372,319.76,0.96,114.57,0.359,54.64,0.3701648958736405,32.2669,319.76,0.96,32.2669,0.3701648958736405,114.57,0.359,54.64,94.28051230537419,59.64261289911563,93.33333333333333,53.408332100501184,50.0,74.51365040960025,0.9834254143646409,0.6187845303867403,0.9613259668508287,0.48066298342541436,A+,B-,A,C,teradatacorp
TILE,Interface Inc,Industrials,Office Services & Supplies,34.96,9.4098,1.4512,7.367,3.1589695397988597,127.84,4.06,33.54,0.1889,25.540000000000003,0.6559006211180125,24.1623,127.84,4.06,24.1623,0.6559006211180125,33.54,0.1889,25.540000000000003,84.97609485561293,65.8858387429816,83.11996284457557,71.24126017413452,50.0,74.44943420847035,0.9156626506024096,0.7630522088353414,0.9076305220883534,0.7269076305220884,A-,B,A-,B,interfaceinc
MPC,Marathon Petroleum Corp,Energy,Oil & Gas Refining & Marketing,386.51,12.9191,0.7083,7.7688,6.5854510448702115,330.24,15.76,48.71,0.0906,16.97,0.8344046070964146,100.3258,330.24,15.76,100.3258,0.8344046070964146,36.65899999999999,0.0906,16.97,71.14427860696516,83.14684559323433,70.39800995024876,86.91713844570252,50.0,74.39836894709086,0.8208955223880597,0.8955223880597015,0.746268656716418,0.9104477611940298,B+,B+,B,A-,marathonpetroleumcorp
LNC,Lincoln National Corp,Financials,Multi-line Insurance,40.64,3.3363,0.3832,1.4468,0.7082051773562548,92.19,12.9,21.990000000000002,0.15380000000000002,13.84,0.5463351630610269,3.7323,92.19,12.9,3.7323,0.5463351630610269,21.990000000000002,0.15380000000000002,13.84,98.31932773109244,71.82328083615639,77.73109243697479,54.43510737628385,50.0,74.26428268450486,0.9957983193277311,0.8613445378151261,0.7773109243697479,0.5756302521008403,A+,B+,B,C+,lincolnnationalcorp
THC,Tenet Healthcare Corp,Health Care,Health Care Facilities,257.76,9.2886,0.9366,5.8758,5.311080203987019,66.15,7.43,50.629999999999995,0.204,12.709999999999999,0.7984378735952816,32.0201,66.15,7.43,32.0201,0.7984378735952816,50.629999999999995,0.204,12.709999999999999,92.53805042407343,65.53006391541072,77.41228070175437,67.6140350877193,50.0,74.11640258208297,0.9802631578947368,0.7302631578947368,0.8092105263157895,0.6776315789473685,A+,B,B+,B-,tenethealthcarecorp
DELL,Dell Technologies Inc,Information Technology,"Technology Hardware, Storage & Peripherals",543.43,30.2397,2.2756,22.1878,141.795172863666,145.25,49.03,130.7,0.0943,13.700000000000001,0.8926827257928248,329.8183,145.25,49.03,262.11377,0.8926827257928248,114.73149999999994,0.0943,13.700000000000001,67.05801104972375,87.78747024033956,68.24074074074075,88.38422996594545,50.0,74.05902798887313,0.7348066298342542,0.9447513812154696,0.7071823204419889,0.9337016574585635,B,A,B,A,delltechnologiesinc
PBF,PBF Energy Inc,Energy,Oil & Gas Refining & Marketing,73.06,6.4551,0.2541,3.6764,1.606056675818801,,13.54,24.08,0.057699999999999994,17.07,0.8324267415336024,119.5769,,13.54,103.39053999999997,0.8324267415336024,24.08,0.057699999999999994,17.07,94.02985074626866,55.931549150797736,63.18407960199005,90.8080288214102,50.0,73.65139818150627,0.9850746268656716,0.6268656716417911,0.6417910447761194,0.9552238805970149,A+,B-,B-,A,pbfenergyinc
MCY,Mercury General Corp,Financials,Property & Casualty Insurance,99.0,5.8606,0.8657,3.7227,2.268467386771398,140.14,9.95,37.19,0.18780000000000002,29.409999999999997,0.6373484653082279,21.5578,140.14,9.95,21.5578,0.6373484653082279,37.19,0.18780000000000002,29.409999999999997,65.7563025210084,66.19325404000375,93.27731092436974,75.98688255790121,50.0,73.19443068092552,0.6932773109243697,0.773109243697479,0.9327731092436975,0.7689075630252101,B-,B,A,B,mercurygeneralcorp
INVA,Innoviva Inc,Health Care,Pharmaceuticals,21.25,4.2388,3.4415,6.8097,1.3522887088665594,1744.6,18.84,30.03,0.36950000000000005,24.68,0.548088064889919,11.6855,358.9789999999997,18.84,11.6855,0.548088064889919,30.03,0.36950000000000005,24.68,79.37870338096899,87.90710978659997,89.25438596491229,42.03182374541004,50.0,73.14605904287231,0.8947368421052632,0.9736842105263158,0.9342105263157895,0.40131578947368424,B+,A+,A,C,innovivainc
EXPE,Expedia Group Inc,Consumer Discretionary,"Hotels, Resorts & Cruise Lines",264.23,15.586,2.0212,8.9446,25.208456562804102,96.84,12.0,184.84,0.15990000000000001,30.490000000000002,0.5035746201966043,22.7613,96.84,12.0,22.7613,0.5035746201966043,184.84,0.15990000000000001,30.490000000000002,53.17386489479512,89.24603174603175,86.35139573070607,76.73015873015873,50.0,73.0765532516134,0.5428571428571428,0.9428571428571428,0.96,0.7485714285714286,C+,A,A,B,expediagroupinc
NFG,National Fuel Gas Co,Utilities,Gas Utilities,77.62,11.1115,1.7349,6.5838,2.2669193903090807,169.02,98.09,18.72,0.23399999999999999,10.38,0.11192325262677034,-14.6608,90.91999999999999,22.392999999999994,-14.6608,0.11192325262677034,18.72,0.23399999999999999,7.448999999999998,89.08045977011494,97.93844003588042,83.9080459770115,26.135552913198573,50.0,73.06192502659741,0.9655172413793104,1.0,0.896551724137931,0.1896551724137931,A,A+,B+,D,nationalfuelgasco
GEF,Greif Inc,Materials,"Metal, Glass & Plastic Containers",81.62,4.3884,1.0987,8.26,1.3300763139840528,420.19,-24.38,33.4,0.1023,24.47,0.7430705155823641,40.4111,420.19,-16.235,40.4111,0.7430705155823641,33.4,0.1023,21.267,81.86274509803923,50.34722222222222,80.63725490196079,86.76470588235296,50.0,73.04738562091504,0.9264705882352942,0.4852941176470588,0.875,0.8970588235294118,A-,C,B+,B+,greifinc
CROX,Crocs Inc,Consumer Discretionary,Footwear,122.36,10.0071,1.4645,7.6733,4.749520622918494,211.15,-2.03,43.41,0.2073,22.259999999999998,0.7220508300279125,64.5662,109.7939999999999,-2.03,54.84940999999998,0.7220508300279125,43.41,0.2073,22.259999999999998,69.21705426356588,58.55282738095239,80.68089764641489,94.14285714285714,50.0,73.01362488225709,0.7542857142857143,0.6,0.8914285714285715,0.9714285714285714,B,C+,B+,A+,crocsinc
SNDK,Sandisk Corp,Information Technology,"Technology Hardware, Storage & Peripherals",1715.71,22.7678,12.8558,20.3814,15.918512388106231,,175.3,93.13,0.6119,89.56,0.7175051031578761,1785.4598,,54.72500000000002,262.11377,0.7175051031578761,93.13,0.4317149999999999,61.4965,52.17227523857358,73.41760299625469,96.1111111111111,79.96434046318302,50.0,72.74723527930871,0.569060773480663,0.8011049723756906,0.988950276243094,0.8453038674033149,C+,B+,A+,B+,sandiskcorp
INCY,Incyte Corp,Health Care,Biotechnology,124.85,15.5671,4.3131,11.7119,4.794933539187108,80.31,26.93,29.599999999999998,0.3056,29.42,0.8495437779072025,51.7144,80.31,26.93,51.7144,0.8495437779072025,29.599999999999998,0.3056,29.42,67.50755199256419,83.20039752391011,87.71929824561403,61.293859649122815,50.0,72.70556399415113,0.7302631578947368,0.9276315789473685,0.9276315789473685,0.5921052631578947,B,A-,A-,C+,incytecorp
JOE,St Joe Co,Real Estate,Real Estate Development,65.97,30.129,6.7671,19.5797,4.954264858288649,50.48,28.41,16.1,0.3018,9.26,0.7213838792786159,34.5559,50.48,27.119999999999997,29.053299999999997,0.6744755244755243,15.912,0.25073999999999996,9.26,26.666666666666668,88.0952380952381,93.33333333333333,100.0,50.0,72.61904761904762,0.6,1.0,1.0,1.0,C+,A+,A+,A+,stjoeco
EAT,Brinker International Inc,Consumer Discretionary,Restaurants,202.45,17.8758,1.499,10.7802,19.254912404177205,44.75,36.41,123.85,0.1067,55.76,0.6603529639925011,55.7543,44.75,26.012999999999973,54.84940999999998,0.6603529639925011,123.85,0.1067,41.3595,48.696566998892585,86.51785714285714,79.9792008757526,90.68253968253967,50.0,72.60902133374066,0.49142857142857144,0.92,0.88,0.9142857142857143,C,A-,B+,A-,brinkerinternationalinc
APA,APA Corp (US),Energy,Oil & Gas Exploration & Production,42.33,8.8434,1.6841,3.1656,2.4521503383075354,58.67,-12.44,26.27,0.4019,15.72,0.8020147229755908,75.5957,58.67,-12.037999999999998,75.5957,0.8020147229755908,26.27,0.4019,15.72,79.1044776119403,39.41504598221017,85.57213930348259,92.70315091210614,50.0,72.59279360771897,0.9104477611940298,0.2835820895522388,0.9402985074626866,0.9701492537313433,A-,D+,A,A+,apacorpus
ECPG,Encore Capital Group Inc,Financials,Consumer Finance,96.49,6.8518,1.0868,8.4985,2.142489186524678,13.54,29.55,29.830000000000002,0.3605,5.970000000000001,0.869444871597724,125.9701,13.54,29.55,49.25565499999992,0.8514107033572301,29.830000000000002,0.3605,5.970000000000001,67.01680672268907,46.759777700082026,87.39495798319328,96.78125795772854,50.0,72.3111483080327,0.7142857142857143,0.42857142857142855,0.8739495798319328,0.9873949579831933,B,C,B+,A+,encorecapitalgroupinc
WDC,Western Digital Corp,Information Technology,"Technology Hardware, Storage & Peripherals",453.94,16.6404,12.1386,36.4912,17.651702214531525,363.83,35.7,117.8,0.3025,85.72999999999999,0.5018647850817193,326.089,363.83,35.7,262.11377,0.5018647850817193,114.73149999999994,0.3025,61.4965,47.51171940398459,89.12742700579213,92.96296296296298,71.10982849264894,50.0,72.1661216914251,0.4696132596685083,0.9613259668508287,0.9558011049723757,0.7569060773480663,C,A,A,B,westerndigitalcorp
MUSA,Murphy USA Inc,Consumer Discretionary,Automotive Retail,516.26,15.2338,0.4377,9.4314,15.372338366529,35.96,10.27,94.56,0.043,21.7,0.5814859458798457,32.4547,35.96,10.27,32.4547,0.5814859458798457,94.56,0.043,21.7,70.67109634551495,81.34453781512605,60.0,88.10084033613444,50.0,71.55684971663084,0.7771428571428571,0.8914285714285715,0.5828571428571429,0.8685714285714285,B,B+,C+,B+,murphyusainc
LAUR,Laureate Education Inc,Consumer Discretionary,Education Services,37.52,16.116,2.8316,9.8321,4.514661821507214,31.4,17.89,28.599999999999998,0.24420000000000003,24.91,0.7864936042136949,22.1424,31.4,17.89,22.1424,0.7864936042136949,28.599999999999998,0.24420000000000003,24.91,45.50830564784053,85.78201970443348,78.75314723590587,91.33004926108373,50.0,71.48777701404003,0.4514285714285714,0.9085714285714286,0.8514285714285714,0.9314285714285714,C,A-,B+,A,laureateeducationinc
DLTR,Dollar Tree Inc,Consumer Staples,Consumer Staples Merchandise Retail,116.02,13.2406,1.0639,7.9748,6.133464439968492,-4.81,48.09,45.58,0.1106,25.290000000000003,0.5427283758016986,21.3123,-4.81,29.54249999999999,21.3123,0.5427283758016986,45.58,0.1106,25.290000000000003,75.71428571428572,66.44281644281644,80.0,69.84126984126983,50.0,71.18538868538869,0.8571428571428571,0.7142857142857143,0.8571428571428571,0.7,B+,B,B+,B-,dollartreeinc
VLO,Valero Energy Corp,Energy,Oil & Gas Refining & Marketing,383.34,15.6839,0.8114,11.588,4.830167948318942,895.99,12.62,29.94,0.0718,20.549999999999997,0.8646530733573109,121.9814,574.281999999999,12.62,103.39053999999997,0.8382860335526865,29.94,0.0718,20.549999999999997,57.711442786069654,75.32198522076717,70.14925373134328,95.69737519300052,50.0,71.16904621210678,0.6567164179104478,0.8507462686567164,0.7238805970149254,0.9850746268656716,B-,B+,B,A+,valeroenergycorp
ARW,Arrow Electronics Inc,Information Technology,Technology Distributors,230.46,14.2891,0.3228,10.0139,1.7874122619924768,76.41,26.05,12.139999999999999,0.0337,8.64,0.9492942450650276,95.8936,76.41,26.05,95.8936,0.9445696259576386,12.139999999999999,0.0337,8.64,92.36041352754062,83.99172654507848,35.74074074074074,85.18351536423083,50.0,70.8603369489322,0.9613259668508287,0.9171270718232044,0.3149171270718232,0.8950276243093923,A,A-,C-,B+,arrowelectronicsinc
SOLV,Solventum Corp,Health Care,Health Care Technology,88.97,10.6167,1.8333,8.0828,3.057136181208423,277.11,-0.93,28.98,0.2386,14.16,0.8366897419760856,27.0224,277.11,-0.93,27.0224,0.8366897419760856,28.98,0.2386,14.16,86.8290345067968,53.63052279528252,78.50877192982456,68.82591093117409,50.0,70.82573835444667,0.9539473684210527,0.5394736842105263,0.8289473684210527,0.6842105263157895,A,C+,B+,B-,solventumcorp
ADEA,Adeia Inc,Information Technology,IT Consulting & Other Services,24.92,22.4016,5.8364,11.942,5.652459908816659,45.93,24.35,26.700000000000003,0.41619999999999996,14.13,0.5855697316322042,52.9412,45.93,24.35,52.9412,0.5855697316322042,26.700000000000003,0.41619999999999996,14.13,66.5201741168592,76.03655000793096,78.33333333333333,71.9352768444322,50.0,70.80774223302076,0.7182320441988951,0.8453038674033149,0.8259668508287292,0.7734806629834254,B,B+,B+,B,adeiainc
TMP,Tompkins Financial Corp,Financials,Regional Banks,97.57,8.0891,3.46671,,1.4915926883370811,120.03,16.23686,19.3,0.08044029999999999,17.06,0.8767964623510625,45.698,120.03,16.23686,45.698,0.8514107033572301,19.3,0.08044029999999999,17.06,72.26890756302521,51.2540109653531,71.84873949579831,97.53239613602449,50.0,70.7866931849814,0.819327731092437,0.5294117647058824,0.7184873949579832,0.9957983193277311,B+,C+,B,A+,tompkinsfinancialcorp
AMN,AMN Healthcare Services Inc,Health Care,Health Care Services,34.26,12.5989,0.3849,5.0552,2.05104258337973,,23.99,15.310000000000002,0.0582,7.19,0.8669662921348315,92.9648,,23.99,92.9648,0.8669662921348315,15.310000000000002,0.0582,7.19,94.95323573835249,67.49037227214377,46.71052631578947,84.01797175866494,50.0,70.71760931969723,0.993421052631579,0.7631578947368421,0.42105263157894735,0.9013157894736842,A+,B,C,A-,amnhealthcareservicesinc
UTL,Unitil Corp,Utilities,Electric Utilities,50.72,16.4323,1.5592,9.1267,1.490914007889616,8.52,20.8,9.11,0.1894,3.7199999999999998,0.4322916666666665,10.6337,8.52,20.8,10.6337,0.4322916666666665,9.11,0.1894,3.7199999999999998,84.48275862068965,82.80657488970533,37.931034482758626,91.9932716568545,50.0,70.56341758517404,0.896551724137931,0.9310344827586207,0.3448275862068966,0.9310344827586207,B+,A,C-,A,unitilcorp
NLY,Annaly Capital Management Inc,Financials,Mortgage REITs,20.33,5.2265,1.8309,45.7469,0.8932298188496535,231.09,50.87,18.39,0.35240000000000005,2.22,0.07300884955752175,-1.0086,185.31,50.87,-1.0086,0.07300884955752175,18.39,0.35240000000000005,2.22,94.9579831932773,88.51509254569527,69.74789915966386,32.773109243697476,50.0,70.43411094611385,0.9831932773109243,0.9873949579831933,0.6974789915966386,0.33613445378151263,A+,A+,B-,C-,annalycapitalmanagementinc
TPR,Tapestry Inc,Consumer Discretionary,"Apparel, Accessories & Luxury Goods",113.66,14.8868,2.8413,11.6359,32.91058605513088,1030.94,14.17,262.81,0.23920000000000002,50.449999999999996,0.28774373259052916,5.6401,109.7939999999999,14.17,5.6401,0.28774373259052916,195.4694999999998,0.23920000000000002,41.3595,42.56810631229235,91.53140394088669,95.03886152162015,62.914285714285725,50.0,70.29087988951261,0.4228571428571429,0.9542857142857143,1.0,0.6285714285714286,C,A,A+,B-,tapestryinc
VSXY,Victoria's Secret & Co,Consumer Discretionary,Apparel Retail,87.84,18.3247,1.0022,,,167.02,10.32,45.97,0.0786,19.950000000000003,0.8110378699754428,223.9937,109.7939999999999,10.32,54.84940999999998,0.80102298550181,45.97,0.0786,19.950000000000003,50.952380952380956,85.17559523809524,63.91133004926109,97.47619047619048,50.0,70.24628489326766,0.5257142857142857,0.9028571428571428,0.6571428571428571,0.9942857142857143,C+,A-,B-,A+,victoriassecretco
AMG,Affiliated Managers Group Inc,Financials,Asset Management & Custody Banks,368.13,11.148,4.2049,19.4101,3.0692667293087332,121.28,11.81,26.950000000000003,0.2152,14.46,0.8477464978175273,57.2372,121.28,11.81,49.25565499999992,0.8477464978175273,26.950000000000003,0.2152,14.46,46.42857142857143,66.20771081224791,85.29411764705883,93.07936507936508,50.0,69.78808744723017,0.4327731092436975,0.7773109243697479,0.8529411764705882,0.9495798319327731,C,B,B+,A,affiliatedmanagersgroupinc
NVDA,NVIDIA Corp,Information Technology,Semiconductors,229.97,29.0319,18.4825,27.8931,35.53361454905051,125.15,83.38,110.11,0.6517000000000001,101.59,0.9090909090909092,26.6644,125.15,54.72500000000002,26.6644,0.9090909090909092,110.11,0.4317149999999999,61.4965,40.98652268541772,90.53328065258228,96.29629629629629,61.64082769439145,50.0,69.75552641482325,0.3867403314917127,0.9779005524861878,0.994475138121547,0.5966850828729282,C-,A+,A+,C+,nvidiacorp
IESC,IES Holdings Inc,Industrials,Construction & Engineering,322.13,28.0406,3.2088,24.8513,25.471064055223017,128.31,57.05,43.99,0.12369999999999999,43.55,0.638439900919434,70.5947,128.31,36.967999999999954,70.5947,0.638439900919434,43.99,0.12369999999999999,29.789999999999996,31.82526022457176,92.90170174098746,80.79556320520176,89.20740103270224,50.0,69.57702641218133,0.24096385542168675,0.9919678714859438,0.8634538152610441,0.9116465863453815,D+,A+,B+,A-,iesholdingsinc
RAMP,Liveramp Holdings Inc,Information Technology,Application Software,37.62,14.6912,2.7493,17.5328,2.3435601931163372,1035.52,8.85,16.16,0.1159,16.16,0.9631042101758526,34.8436,703.5419999999999,8.85,34.8436,0.9445696259576386,16.16,0.1159,16.16,77.66511803114014,65.60061028447751,58.703703703703695,86.50649711410847,50.0,69.51362691342815,0.8232044198895028,0.6906077348066298,0.6187845303867403,0.9060773480662984,B+,B-,B-,A-,liverampholdingsinc
UFCS,United Fire Group Inc,Financials,Property & Casualty Insurance,52.9,9.7598,0.934,6.8829,1.4345101378377132,52.92,11.36,14.96,0.12869999999999998,12.950000000000001,0.8577777777777776,74.6806,52.92,11.36,49.25565499999992,0.8514107033572301,14.96,0.12869999999999998,12.950000000000001,69.11764705882354,63.276217484319645,59.2436974789916,98.38491494158639,50.0,69.42256261963499,0.7584033613445378,0.7394957983193278,0.592436974789916,1.0,B,B,C+,A+,unitedfiregroupinc
HRB,H & R Block Inc,Consumer Discretionary,Specialized Consumer Services,40.34,6.9564,1.2935,5.4712,42.633692665398435,27.92,4.9,249.96999999999997,0.23010000000000003,18.25,0.3992133726647002,-14.3872,27.92,4.9,-14.3872,0.3992133726647002,195.4694999999998,0.23010000000000003,18.25,78.24916943521595,64.32967032967032,84.8888888888889,53.71428571428571,50.0,69.39330578981742,0.8971428571428571,0.7142857142857143,0.9371428571428572,0.5314285714285715,B+,B,A,C+,hrblockinc
CCK,Crown Holdings Inc,Materials,Paper & Plastic Packaging Products & Materials,107.47,14.8935,0.8808,8.2325,4.0644902651922,45.86,10.35,26.58,0.12140000000000001,8.6,0.5418397626112761,13.8432,45.86,10.35,13.8432,0.5418397626112761,26.58,0.12140000000000001,8.6,79.41176470588236,71.05228758169935,70.09803921568628,63.81176470588235,50.0,69.3502614379085,0.8823529411764706,0.7794117647058824,0.7352941176470589,0.6617647058823529,B+,B,B,B-,crownholdingsinc
ANF,Abercrombie & Fitch Co,Consumer Discretionary,Apparel Retail,134.18,10.6533,1.0691,5.6655,4.301440652428978,10.51,4.73,39.589999999999996,0.1371,39.589999999999996,0.7656232594407932,54.4616,10.51,4.73,54.4616,0.7656232594407932,39.589999999999996,0.1371,39.589999999999996,75.38205980066445,42.19642857142857,76.6984126984127,89.44761904761904,50.0,69.34892764857881,0.8628571428571429,0.36,0.8228571428571428,0.8914285714285715,B+,C-,B+,B+,abercrombiefitchco
CHRD,Chord Energy Corp,Energy,Oil & Gas Exploration & Production,135.15,8.7142,1.1697,3.0205,0.949438450887372,248.85,19.23,10.42,0.18969999999999998,8.82,0.6990797967312183,31.6873,248.85,19.23,31.6873,0.6990797967312183,10.42,0.18969999999999998,8.82,85.57213930348259,81.92220714608773,50.74626865671642,68.40464344941957,50.0,69.14497210915121,0.9701492537313433,0.8805970149253731,0.44776119402985076,0.6865671641791045,A+,B+,C,B-,chordenergycorp
BMY,Bristol-Myers Squibb Co,Health Care,Pharmaceuticals,63.88,13.9357,2.6301,10.8603,6.960956314223758,99.29,3.11,46.760000000000005,0.2551,14.219999999999999,0.8177641653905054,44.8053,99.29,3.11,44.8053,0.8177641653905054,46.760000000000005,0.2551,14.219999999999999,76.50604159405135,54.721675270076105,82.23684210526316,67.55201958384333,50.0,69.14045989561252,0.8421052631578947,0.5592105263157895,0.868421052631579,0.6710526315789473,B+,C+,B+,B-,bristolmyerssquibbco
HCSG,Healthcare Services Group Inc,Industrials,Environmental & Facilities Services,20.78,11.7099,0.7722,9.2048,2.8345382621743282,1113.07,5.22,24.12,0.06849999999999999,24.12,0.5320351049003729,28.6675,191.6919999999998,5.22,28.6675,0.5320351049003729,24.12,0.06849999999999999,24.12,87.75018441111384,66.68616188320622,61.494959429554946,67.42709048721275,50.0,69.133936434251,0.9397590361445783,0.7751004016064257,0.6385542168674698,0.7028112449799196,A,B,B-,B,healthcareservicesgroupinc
FIVE,Five Below Inc,Consumer Discretionary,Specialty Stores,228.0,19.7923,2.3062,11.8844,5.741236430663239,125.33,25.56,27.73,0.1475,27.73,0.7155148487371634,46.7176,109.7939999999999,25.56,46.7176,0.7155148487371634,27.73,0.1475,27.73,36.64673311184939,95.22390109890111,72.28352490421456,88.98901098901098,50.0,69.0751469215984,0.3485714285714286,0.9942857142857143,0.7657142857142857,0.88,C-,A+,B,B+,fivebelowinc
TER,Teradyne Inc,Information Technology,Semiconductor Materials & Equipment,411.2,54.1448,13.9511,45.4198,22.957446095782572,152.84,57.87,38.04,0.3023,36.82,0.7865134142268729,199.8269,152.84,54.72500000000002,199.8269,0.7865134142268729,38.04,0.3023,36.82,26.03905072827725,93.0887234298702,84.81481481481482,87.80108756126535,50.0,68.89142858400014,0.20994475138121546,0.988950276243094,0.8839779005524862,0.9171270718232044,D+,A+,B+,A-,teradyneinc
EXEL,Exelixis Inc,Health Care,Biotechnology,58.37,16.7923,5.9328,14.1731,7.088813592256591,52.69,9.23,42.49,0.39880000000000004,42.49,0.9479969183359014,50.3231,52.69,9.23,50.3231,0.9479969183359014,42.49,0.39880000000000004,30.006499999999996,60.68606947833158,59.134798744352516,93.53070175438597,67.40131578947367,50.0,68.86141571494463,0.6447368421052632,0.625,0.9736842105263158,0.6644736842105263,B-,B-,A+,B-,exelixisinc
BFH,Bread Financial Holdings Inc,Financials,Consumer Finance,101.25,6.8479,0.8607,23.9875,1.3420870547253394,118.58,-1.05,17.07,0.1509,2.68,0.7812191103789127,71.3453,118.58,-1.05,49.25565499999992,0.7812191103789127,17.07,0.1509,2.68,78.36134453781513,45.64323914694574,66.17647058823529,92.66615737203972,50.0,68.7963330853097,0.9033613445378151,0.4117647058823529,0.6617647058823529,0.9453781512605042,A-,C,B-,A,breadfinancialholdingsinc
UGI,UGI Corp,Utilities,Gas Utilities,36.32,13.0127,3.4304,8.8387,1.6306812314516745,6.47,0.22,12.21,0.48200000000000004,5.0,0.48353909465020556,11.8566,6.47,0.22,11.8566,0.48353909465020556,12.21,0.39203,5.0,70.11494252873563,31.50489183720299,84.48275862068965,93.57907253269917,50.0,68.66621816133676,0.7931034482758621,0.13793103448275862,0.9137931034482759,0.9482758620689655,B,D,A-,A,ugicorp
ALL,Allstate Corp,Financials,Property & Casualty Insurance,227.55,4.3362,0.8226,3.743,1.9327992335055908,132.8,5.92,43.120000000000005,0.2422,34.57,0.4427866277765312,8.4739,132.8,5.92,8.4739,0.4427866277765312,43.120000000000005,0.2422,29.45649999999999,70.7983193277311,57.059091158327,94.53781512605042,54.379995900799344,50.0,68.62185102527064,0.7878151260504201,0.6176470588235294,0.9453781512605042,0.5714285714285714,B,B-,A,C+,allstatecorp
SON,Sonoco Products Co,Materials,Paper & Plastic Packaging Products & Materials,49.89,7.7505,0.652,5.8662,1.3616526516609215,12.74,12.05,17.849999999999998,0.1387,7.68,0.5104450499545867,13.489,12.74,12.05,13.489,0.5104450499545867,17.849999999999998,0.1387,7.68,90.19607843137256,65.26960784313725,65.68627450980392,57.69411764705882,50.0,68.56333333333333,1.0,0.7205882352941176,0.6691176470588235,0.5735294117647058,A+,B,B-,C+,sonocoproductsco
HCI,Hci Group Inc,Financials,Property & Casualty Insurance,175.29,7.0217,2.2886,2.8994,2.1875374386006947,113.17,22.58,30.79,0.48840000000000006,28.84,0.464486692015209,-3.0427,113.17,22.58,-3.0427,0.464486692015209,30.79,0.48840000000000006,28.84,65.33613445378151,78.70220954592355,88.65546218487394,46.36195941791351,50.0,68.51073295243127,0.6638655462184874,0.9159663865546218,0.8865546218487395,0.4957983193277311,B-,A-,B+,C,hcigroupinc
ZD,Ziff Davis Inc,Communication Services,Advertising,55.58,3.0247,1.4692,5.9172,1.2163629042141568,1040.24,-8.46,34.27,-0.22,23.45,0.8711520611305253,54.9493,431.6479999999967,-8.46,54.9493,0.8711520611305253,34.27,-0.113465,23.45,83.22762508809022,55.396239262518336,56.06060606060606,87.69031781226903,50.0,68.43936920213154,0.9318181818181818,0.6590909090909091,0.4772727272727273,0.9090909090909091,A,B-,C,A-,ziffdavisinc
AMRX,Amneal Pharmaceuticals Inc,Health Care,Pharmaceuticals,20.5,41.5927,2.0995,14.1096,475.6380510440835,7506.35,9.28,174.60999999999999,0.1456,2.09,0.9422336328626444,105.9375,358.9789999999997,9.28,105.9375,0.9422336328626444,108.10399999999996,0.1456,2.09,59.37173231090973,75.42240966420096,60.635964912280706,91.60342717258263,50.0,68.40709167315433,0.631578947368421,0.8618421052631579,0.5986842105263158,0.9605263157894737,B-,B+,C+,A,amnealpharmaceuticalsinc
CRI,Carter's Inc,Consumer Discretionary,"Apparel, Accessories & Luxury Goods",31.0,5.9515,0.3897,3.3298,1.2206983181927364,42.62,5.17,20.84,0.09119999999999999,13.120000000000001,0.22267206477732804,10.9497,42.62,5.17,10.9497,0.22267206477732804,20.84,0.09119999999999999,13.120000000000001,94.66002214839425,69.74014778325123,52.59551176792556,62.17142857142858,50.0,68.19619875001591,0.9885714285714285,0.76,0.4857142857142857,0.6114285714285714,A+,B,C,B-,cartersinc
BBY,Best Buy Co Inc,Consumer Discretionary,Computer & Electronics Retail,89.91,14.5886,0.4397,9.147,6.3428571428571425,65.82,1.45,42.82,0.0405,30.72,0.8402124064687424,21.9976,65.82,1.45,21.9976,0.80102298550181,42.82,0.0405,30.72,72.9734219269103,59.70496894409938,60.0,89.96273291925465,50.0,68.17689585439838,0.8,0.6342857142857142,0.5828571428571429,0.9028571428571428,B,B-,C+,A-,bestbuycoinc
PAYC,Paycom Software Inc,Industrials,Human Resource & Employment Services,215.88,20.0187,4.5607,13.1687,6.832359075473072,27.14,9.23,40.44,0.3237,30.490000000000002,0.7922615648201028,2.6111,27.14,9.23,2.6111,0.7922615648201028,40.44,0.28918,29.789999999999996,50.81823894216321,68.90697063110855,94.57093680845833,65.20697851221917,50.0,68.17008376632093,0.5381526104417671,0.8032128514056225,0.9959839357429718,0.6626506024096386,C+,B+,A+,B-,paycomsoftwareinc
PFBC,Preferred Bank,Financials,Regional Banks,109.64,9.566,2.84979,,1.6911845232861795,16.38,79.98955,17.32,0.7110449,14.549999999999999,0.9148244473342001,19.5849,16.38,79.98955,19.5849,0.8514107033572301,17.32,0.5811805599999998,14.549999999999999,65.54621848739495,66.75363679613857,67.22689075630252,82.74562161313122,50.0,68.09312899277832,0.6764705882352942,0.7815126050420168,0.6722689075630253,0.8529411764705882,B-,B,B-,B+,preferredbank
GFF,Griffon Corp,Industrials,Building Products,96.08,24.2629,1.9609,12.3105,60.19672952822504,192.58,-12.03,176.12,0.1959,12.25,0.7132690541781451,31.4847,191.6919999999998,-5.83,31.4847,0.7132690541781451,69.54999999999994,0.1959,12.25,60.761686200584656,52.54469720685937,80.10928066005519,86.28190312269486,50.0,67.98306178107082,0.6546184738955824,0.5220883534136547,0.8514056224899599,0.8875502008032129,B-,C+,B+,B+,griffoncorp
TGTX,TG Therapeutics Inc,Health Care,Biotechnology,55.63,19.9116,10.9948,71.121,38.98661433877637,633.73,76.08,72.3,0.1591,39.92,0.8872157344806395,65.791,358.9789999999997,50.35399999999998,65.791,0.8872157344806395,72.3,0.1591,30.006499999999996,32.69867549668874,97.28017917913513,84.3201754385965,71.28289473684211,50.0,67.96732751701677,0.28289473684210525,1.0,0.8914473684210527,0.7039473684210527,D+,A+,B+,B,tgtherapeuticsinc
VIRT,Virtu Financial Inc,Financials,Financial Exchanges & Data,51.78,14.59,1.9693,11.5656,5.0063328466870995,36.21,60.58,33.18,0.3127,5.91,0.5436725172601915,52.3103,36.21,60.58,49.25565499999992,0.5436725172601915,33.18,0.3127,5.91,28.15126050420168,83.36618512194009,91.17647058823529,81.69085816144639,50.0,67.84334142978653,0.24369747899159663,0.9537815126050421,0.9117647058823529,0.8277310924369747,D+,A,A-,B+,virtufinancialinc
TGT,Target Corp,Consumer Staples,Consumer Staples Merchandise Retail,156.96,16.4522,0.6709,9.4607,4.397020469564584,12.31,1.95,26.66,0.0559,13.55,0.8420570381399611,80.6863,12.31,1.95,67.96360499999999,0.7799010676845441,26.66,0.0559,13.55,72.3809523809524,50.997150997150996,59.28571428571428,98.4126984126984,50.0,67.79863654863655,0.8428571428571429,0.4,0.6285714285714286,1.0,B+,C-,B-,A+,targetcorp
HRMY,Harmony Biosciences Holdings Inc,Health Care,Biotechnology,40.01,12.854,2.4274,7.6002,2.654080624083742,-0.38,24.25,20.06,0.2403,17.02,0.8063439065108512,52.5888,-0.38,24.25,52.5888,0.8063439065108512,20.06,0.2403,17.02,82.00737771581271,55.18908056093411,77.52192982456141,58.67324561403508,50.0,67.65479212008736,0.9144736842105263,0.5789473684210527,0.8157894736842105,0.5723684210526315,A-,C+,B+,C+,harmonybiosciencesholdingsinc
GOOGL,Alphabet Inc,Communication Services,Interactive Media & Services,342.75,17.1647,9.4013,27.0373,9.977149344317175,115.31,20.05,50.839999999999996,0.3311,44.84,0.6187995601088151,39.9243,115.31,20.05,39.9243,0.6187995601088151,50.839999999999996,0.3311,44.84,29.351656095842145,82.47115470952681,91.2878787878788,79.9711369370747,50.0,67.64834205025053,0.2840909090909091,0.8977272727272727,0.9431818181818182,0.8181818181818182,D+,B+,A,B+,alphabetinc
PM,Philip Morris International Inc,Consumer Staples,Tobacco,191.68,27.7581,7.0946,19.3274,1444.461190655614,31.96,8.93,575.44,0.3775,44.05,0.7550647372429552,16.1463,31.96,8.93,16.1463,0.7550647372429552,137.46399999999994,0.34928499999999985,28.479999999999983,23.80952380952381,79.45532728141424,97.85714285714285,81.36645962732919,50.0,67.58102404841536,0.18571428571428572,0.9,1.0,0.8571428571428571,D,B+,A+,B+,philipmorrisinternationalinc
URBN,Urban Outfitters Inc,Consumer Discretionary,Apparel Retail,75.66,11.3965,1.0017,6.7491,2.4106135817652343,25.43,11.01,20.72,0.113,20.72,0.6226342217072226,5.7395,25.43,11.01,5.7395,0.6226342217072226,20.72,0.113,20.72,74.02879291251385,71.47619047619048,61.58511220580186,71.7904761904762,50.0,67.55680961291228,0.8228571428571428,0.7828571428571428,0.6342857142857142,0.7142857142857143,B+,B,B-,B,urbanoutfittersinc
NJR,New Jersey Resources Corp,Utilities,Gas Utilities,50.35,13.8639,3.6348,11.5948,2.115306246770324,-11.74,10.73,14.42,0.3956,5.89,0.39597701149425296,7.0431,-11.74,10.73,7.0431,0.39597701149425296,14.42,0.39203,5.89,59.195402298850574,46.58614431441267,89.6551724137931,79.97621878715813,50.0,67.52511629847508,0.646551724137931,0.41379310344827586,0.9655172413793104,0.8275862068965517,B-,C,A,B+,newjerseyresourcescorp
OII,Oceaneering International Inc,Energy,Oil & Gas Equipment & Services,45.26,13.3061,1.6218,11.1596,4.200503020909706,75.21,3.84,32.95,0.10369999999999999,22.58,0.7210673285758609,82.6293,75.21,3.84,82.6293,0.7210673285758609,32.95,0.10369999999999999,21.97099999999999,54.22885572139304,65.43981771813203,74.87562189054727,85.71428571428572,50.0,67.50694008946863,0.5522388059701493,0.746268656716418,0.8507462686567164,0.8955223880597015,C+,B,B+,B+,oceaneeringinternationalinc
LLY,Eli Lilly and Co,Health Care,Pharmaceuticals,1184.96,41.9015,14.0492,32.6097,42.191466710343136,94.62,49.58,92.58,0.42219999999999996,35.77,0.8145194626248707,65.6138,94.62,49.58,65.6138,0.8145194626248707,92.58,0.40932999999999975,30.006499999999996,25.50395027303357,86.05715502102069,96.27192982456138,74.17380660954713,50.0,67.4901623505123,0.17763157894736842,0.9407894736842105,0.9967105263157895,0.756578947368421,D,A,A+,B,elilillyandco
SWX,Southwest Gas Holdings Inc,Utilities,Gas Utilities,82.09,11.4172,3.4059,10.8519,1.496777252048975,166.8,-15.28,12.889999999999999,0.2868,6.890000000000001,0.3018335684062063,5.7194,90.91999999999999,-15.28,5.7194,0.3018335684062063,12.889999999999999,0.2868,6.890000000000001,67.24137931034483,52.63522957214677,85.05747126436782,69.20332936979787,50.0,67.4424244320671,0.7241379310344828,0.5517241379310345,0.9310344827586207,0.6724137931034483,B,C+,A,B-,southwestgasholdingsinc
HCC,Warrior Met Coal Inc,Materials,Steel,91.75,21.9028,2.858,10.8465,2.2524291865723303,440.05,37.48,10.02,0.1364,8.95,0.6030272452068618,39.3803,440.05,37.48,39.3803,0.6030272452068618,10.02,0.1364,8.95,52.94117647058823,93.78608207208612,59.31372549019608,77.48478701825557,50.0,67.31789930826443,0.5882352941176471,1.0,0.5955882352941176,0.7794117647058824,C+,A+,C+,B,warriormetcoalinc
FIX,Comfort Systems USA Inc,Industrials,Construction & Engineering,1658.3,40.4027,5.1615,29.3273,23.821871072005745,108.88,46.11,53.55,0.16469999999999999,51.739999999999995,0.6843635866635283,112.1694,108.88,36.967999999999954,75.1288999999999,0.6843635866635283,53.55,0.16469999999999999,29.789999999999996,15.451738928503127,89.64459848388421,85.6235827664399,94.73116957626425,50.0,67.14398403576544,0.07228915662650602,0.9718875502008032,0.9477911646586346,0.9839357429718876,D-,A+,A,A+,comfortsystemsusainc
JLL,Jones Lang LaSalle Inc,Real Estate,Real Estate Services,314.1,14.5,0.5281,10.8778,1.9653544489530312,79.2,11.17,13.569999999999999,0.04650000000000001,10.24,0.40496977837474846,7.0429,79.2,11.314,7.0429,0.40496977837474846,13.569999999999999,0.04650000000000001,10.044,80.0,60.41666666666667,60.0,75.0,50.0,67.08333333333334,1.0,0.8,0.7,0.8,A+,B,B-,B,joneslanglasalleinc
GAP,Gap Inc,Consumer Discretionary,Apparel Retail,22.95,6.3733,0.5186,3.3413,2.246102351801286,43.81,1.05,33.129999999999995,0.1099,23.73,0.43022222222222223,-1.6231,43.81,1.05,-1.6231,0.43022222222222223,33.129999999999995,0.1099,23.73,90.65669988925804,51.85119047619048,66.75862068965517,61.752380952380946,50.0,67.07454443044259,0.9714285714285714,0.5085714285714286,0.72,0.6057142857142858,A+,C+,B,B-,gapinc
M,Macy's Inc,Consumer Discretionary,Broadline Retail,23.12,8.0321,0.2644,3.7057,1.2511431833801432,55.51,0.34,15.83,0.04650000000000001,10.459999999999999,0.6594594594594595,32.5527,55.51,0.34,32.5527,0.6594594594594595,15.83,0.04650000000000001,10.459999999999999,94.843853820598,56.06456043956044,38.27367268746579,87.82417582417582,50.0,67.0571288797632,0.9942857142857143,0.5714285714285714,0.3485714285714286,0.8628571428571429,A+,C+,C-,B+,macysinc
CAH,Cardinal Health Inc,Health Care,Health Care Distributors,220.29,29.8211,0.201,19.335,35.79274038930231,12.43,14.23,37.169999999999995,0.98,7.340000000000001,0.6619106109376236,47.8383,12.43,14.23,47.8383,0.6619106109376236,37.169999999999995,0.40932999999999975,7.340000000000001,70.06942023934006,59.12471395881006,78.1798245614035,65.43859649122807,50.0,66.97497329019352,0.7763157894736842,0.618421052631579,0.8223684210526315,0.6447368421052632,B,B-,B+,B-,cardinalhealthinc
DAL,Delta Air Lines Inc,Industrials,Passenger Airlines,84.03,13.8216,0.7997,7.9572,2.643882854877481,-12.71,10.28,19.33,0.0806,11.379999999999999,0.7134071340713406,49.7004,-12.71,10.28,49.7004,0.7134071340713406,19.33,0.0806,11.379999999999999,88.3140726169986,44.520226663083804,51.043083900226755,90.03020396020969,50.0,66.74937525396504,0.9518072289156626,0.3654618473895582,0.4899598393574297,0.927710843373494,A,C-,C,A-,deltaairlinesinc
TRV,Travelers Companies Inc,Financials,Property & Casualty Insurance,362.51,9.0815,1.5391,7.3041,2.396969520645769,65.09,2.39,25.619999999999997,0.2202,19.950000000000003,0.7528937753952265,32.3901,65.09,2.39,32.3901,0.7528937753952265,25.619999999999997,0.2202,19.950000000000003,58.61344537815126,44.21525297689853,82.77310924369748,87.78438204550113,50.0,66.74656565994212,0.6008403361344538,0.38235294117647056,0.8277310924369747,0.907563025210084,B-,C-,B+,A-,travelerscompaniesinc
GEV,GE Vernova Inc,Industrials,Heavy Electrical Equipment,949.77,26.7684,6.1654,34.6731,22.901310031032764,744.44,12.98,83.39,0.15439999999999998,74.29,0.6302532368049505,57.6294,191.6919999999998,12.98,57.6294,0.6302532368049505,69.54999999999994,0.15439999999999998,29.789999999999996,21.05674398273366,87.38778707722807,86.11835095483976,87.00006770649591,50.0,66.67134469113816,0.12449799196787148,0.9477911646586346,0.9518072289156626,0.8955823293172691,D,A,A,B+,gevernovainc
DAVE,Dave Inc,Financials,Consumer Finance,320.7,18.3739,6.3554,18.0519,12.320257546013684,308.0,48.63,84.35000000000001,0.3452,51.129999999999995,0.5505489478499542,45.5099,185.31,48.63,45.5099,0.5505489478499542,44.400499999999866,0.3452,29.45649999999999,15.966386554621847,89.56982454836532,97.68907563025209,76.45530939648587,50.0,66.61889233518872,0.09663865546218488,0.9957983193277311,0.976890756302521,0.7857142857142857,D-,A+,A+,B,daveinc
HAS,Hasbro Inc,Consumer Discretionary,Leisure Products,89.45,15.6834,2.5043,12.3423,23.31916890429886,,16.99,138.2,0.2339,19.84,0.5322838847385273,18.1465,,16.99,18.1465,0.5322838847385273,138.2,0.2339,19.84,40.42635658914728,71.73469387755102,84.88669950738915,79.71428571428572,50.0,66.61805994250145,0.4057142857142857,0.7885714285714286,0.9314285714285714,0.7771428571428571,C,B,A,B,hasbroinc
KEYS,Keysight Technologies Inc,Information Technology,Electronic Equipment & Instruments,362.71,48.9319,9.3671,41.5146,10.558751266316563,131.85,25.54,20.169999999999998,0.2025,14.360000000000001,0.9433189821665897,110.1491,131.85,25.54,110.1491,0.9433189821665897,20.169999999999998,0.2025,14.360000000000001,31.60576762096099,89.66151110031662,69.44444444444444,91.9820681819509,50.0,66.59126887280486,0.30939226519337015,0.9668508287292817,0.7237569060773481,0.9723756906077348,C-,A,B,A+,keysighttechnologiesinc
VCTR,Victory Capital Holdings Inc,Financials,Asset Management & Custody Banks,109.52,14.6468,4.3311,10.5297,2.89752313626719,68.34,51.5,19.29,0.41159999999999997,13.719999999999999,0.7890859891761876,66.4371,68.34,51.5,49.25565499999992,0.7890859891761876,19.29,0.41159999999999997,13.719999999999999,33.403361344537814,87.80299933733409,71.42857142857143,89.06816059757236,50.0,66.5822151802586,0.27521008403361347,0.9831932773109243,0.7142857142857143,0.9159663865546218,D+,A+,B,A-,victorycapitalholdingsinc
BALL,Ball Corp,Materials,"Metal, Glass & Plastic Containers",57.13,15.7914,1.0439,10.2814,2.796679035432107,82.34,15.56,17.05,0.1025,7.359999999999999,0.5242966751918159,17.2478,82.34,15.56,17.2478,0.5242966751918159,17.05,0.1025,7.359999999999999,73.03921568627452,81.781045751634,57.84313725490196,61.51960784313726,50.0,66.38071895424838,0.8235294117647058,0.8970588235294118,0.5735294117647058,0.6176470588235294,B+,B+,C+,B-,ballcorp
PTC,PTC Inc,Information Technology,Application Software,138.14,12.3968,5.1359,13.9466,4.315661220281795,142.49,19.5,32.64,0.37810000000000005,24.46,0.3014646053702196,-31.8633,142.49,19.5,-31.8633,0.3014646053702196,32.64,0.37810000000000005,24.46,73.48170935878119,77.52498422362368,84.62962962962963,31.47402697614124,50.0,66.3276369870557,0.7955801104972375,0.8729281767955801,0.8784530386740331,0.2541436464088398,B,B+,B+,D+,ptcinc
GMED,Globus Medical Inc,Health Care,Health Care Equipment,74.78,18.6862,3.1814,12.3985,2.2083686481346403,50.93,19.74,11.59,0.20600000000000002,11.59,0.4366137566137566,35.245,50.93,19.74,35.245,0.4366137566137566,11.59,0.20600000000000002,11.59,69.0382827930754,78.29979907350561,63.37719298245614,62.78947368421053,50.0,66.32172349542611,0.7631578947368421,0.8881578947368421,0.6381578947368421,0.6118421052631579,B,B+,B-,B-,globusmedicalinc
DXCM,Dexcom Inc,Health Care,Health Care Equipment,86.68,32.6477,6.568,23.3951,12.146520557159274,79.4,15.54,36.19,0.22920000000000001,22.93,0.8464137214137215,26.8228,79.4,15.54,26.8228,0.8464137214137215,36.19,0.22920000000000001,22.93,39.79173928197978,79.39814142992688,84.21052631578948,70.88421052631578,50.0,66.05703679069084,0.40789473684210525,0.9013157894736842,0.881578947368421,0.6973684210526315,C,A-,B+,B-,dexcominc
NTAP,NetApp Inc,Information Technology,"Technology Hardware, Storage & Peripherals",203.14,27.9544,5.3632,19.9677,29.47090484411496,25.19,12.15,113.67,0.2502,37.97,0.9486868336655975,66.5383,25.19,12.15,66.5383,0.9445696259576386,113.67,0.2502,37.97,60.2963335007534,41.769384625881116,87.96296296296298,78.15638342747204,50.0,66.04997772659974,0.6574585635359116,0.3756906077348066,0.9116022099447514,0.8342541436464088,B-,C-,A-,B+,netappinc
CON,Concentra Group Holdings Parent Inc,Health Care,Health Care Services,35.36,22.4645,1.9517,12.9357,11.565382351017204,-24.01,14.02,47.3,0.16390000000000002,9.92,0.9256812551610238,70.1166,-24.01,14.02,70.1166,0.9256812551610238,47.3,0.16390000000000002,9.92,72.75909143720227,38.778773551056865,72.36842105263158,84.7625160462131,50.0,65.99013604191245,0.8026315789473685,0.3223684210526316,0.7368421052631579,0.9144736842105263,B+,C-,B,A-,concentragroupholdingsparentinc
STLD,Steel Dynamics Inc,Materials,Steel,227.3,20.536,1.607,17.5546,3.678041139691129,60.82,19.77,17.599999999999998,0.1001,12.15,0.600701891206863,71.6952,60.82,19.77,71.6952,0.600701891206863,17.599999999999998,0.1001,12.15,47.05882352941177,76.87756800332866,69.11764705882354,82.83975659229209,50.0,65.98758256618298,0.5147058823529411,0.8676470588235294,0.7205882352941176,0.8382352941176471,C+,B+,B,B+,steeldynamicsinc
YOU,Clear Secure Inc,Information Technology,Application Software,41.31,34.5193,5.1013,17.3836,30.962374456603207,31.12,19.77,82.39999999999999,0.25129999999999997,82.39999999999999,0.29960893149993706,8.7912,31.12,19.77,8.7912,0.29960893149993706,82.39999999999999,0.25129999999999997,61.4965,59.99079189686925,62.50940959971,88.88888888888887,56.32587425537826,50.0,65.98697696745718,0.6464088397790055,0.6464088397790055,0.925414364640884,0.5248618784530387,B-,B-,A-,C+,clearsecureinc
SMCI,Super Micro Computer Inc,Information Technology,"Technology Hardware, Storage & Peripherals",42.39,12.3767,0.7067,10.1993,1.8936618837446169,94.1,77.79,25.080000000000002,0.0709,14.23,0.5829516539440204,-6.4446,94.1,54.72500000000002,-6.4446,0.5829516539440204,25.080000000000002,0.0709,14.23,93.08659802444333,84.91089158685871,57.962962962962955,31.09587744477711,50.0,65.96374405317874,0.9779005524861878,0.9337016574585635,0.5966850828729282,0.24861878453038674,A+,A,C+,D+,supermicrocomputerinc
EOG,EOG Resources Inc,Energy,Oil & Gas Exploration & Production,140.63,10.806,2.7549,5.6225,2.534526914141842,24.77,18.67,22.38,0.33020000000000005,17.82,0.742628875784668,19.6505,24.77,18.67,19.6505,0.742628875784668,22.38,0.33020000000000005,17.82,59.701492537313435,64.26390773405699,83.08457711442786,61.923714759535656,50.0,65.93404191165385,0.7313432835820896,0.7313432835820896,0.9253731343283582,0.582089552238806,B,B,A-,C+,eogresourcesinc
MD,Pediatrix Medical Group Inc,Health Care,Health Care Services,25.71,12.0249,1.0776,9.2416,2.463823670340201,60.64,0.51,19.89,0.12119999999999999,11.87,0.8178104575163399,61.0159,60.64,0.51,61.0159,0.8178104575163399,19.89,0.12119999999999999,11.87,88.13756244916927,42.07887162232198,62.28070175438595,74.44159178433888,50.0,65.90865873222097,0.9605263157894737,0.3815789473684211,0.625,0.7631578947368421,A,C-,B-,B,pediatrixmedicalgroupinc
HL,Hecla Mining Co,Materials,Silver,17.01,34.7064,7.2313,12.4051,4.399441340782123,214.41,51.21,12.98,0.4595,12.01,0.2571428571428572,57.7624,214.41,46.40449999999998,57.7624,0.2571428571428572,12.98,0.44605999999999996,12.01,34.80392156862745,92.41363211951447,80.63725490196079,67.50700280112045,50.0,65.84442110177406,0.3014705882352941,0.9852941176470589,0.875,0.7205882352941176,C-,A+,B+,B,heclaminingco
ALSN,Allison Transmission Holdings Inc,Industrials,Construction Machinery & Heavy Transportation Equipment,113.66,17.7738,2.1359,12.5886,5.042479093187817,-28.5,37.56,27.88,0.1956,9.950000000000001,0.6111020938159388,33.4349,-28.5,36.967999999999954,33.4349,0.6111020938159388,27.88,0.1956,9.950000000000001,64.49908477447204,56.73864140250695,70.17949348414065,78.75574326115988,50.0,65.76852149738654,0.7188755020080321,0.6144578313253012,0.7309236947791165,0.7871485943775101,B,B-,B,B,allisontransmissionholdingsinc
DAR,Darling Ingredients Inc,Consumer Staples,Agricultural Products & Services,60.59,15.9907,1.46,13.786,2.023450519137454,470.42,14.85,4.72,0.1452,2.55,0.7701012594976706,95.0048,100.61199999999988,14.85,67.96360499999999,0.7701012594976706,4.72,0.1452,2.55,55.23809523809524,92.78846153846153,36.19047619047619,96.54761904761904,50.0,65.72435897435898,0.6,0.9857142857142858,0.29285714285714287,0.9714285714285714,C+,A+,D+,A+,darlingingredientsinc
BTSG,Brightspring Health Services Inc,Health Care,Health Care Services,56.54,30.5955,0.7791,21.127,5.7932108568910925,440.76,19.91,18.96,0.031200000000000002,8.36,0.6374565777471619,110.7635,358.9789999999997,19.91,110.7635,0.6374565777471619,18.96,0.031200000000000002,8.36,64.58260718020216,89.29360782656536,49.12280701754386,71.95121951219512,50.0,65.6753190171886,0.6973684210526315,0.9868421052631579,0.46381578947368424,0.7302631578947368,B-,A+,C,B,brightspringhealthservicesinc
DG,Dollar General Corp,Consumer Staples,Consumer Staples Merchandise Retail,124.37,16.0502,0.6265,8.6022,3.217710993306892,42.34,4.77,19.56,0.0559,12.690000000000001,0.4635614702154628,21.3807,42.34,4.77,21.3807,0.4635614702154628,19.56,0.0559,12.690000000000001,76.66666666666667,69.78021978021978,55.95238095238094,67.40740740740742,50.0,65.59228734228735,0.8714285714285714,0.8,0.5714285714285714,0.6285714285714286,B+,B,C+,B-,dollargeneralcorp
CUBI,Customers Bancorp Inc,Financials,Regional Banks,75.79,8.9325,1.99781,,1.2249265027936211,85.16,55.59768,13.569999999999999,0.3985504,11.82,0.6570800878769725,15.3075,85.16,55.59768,15.3075,0.6570800878769725,13.569999999999999,0.3985504,11.82,77.52100840336135,76.57154183441739,54.20168067226891,61.72465247781355,50.0,65.58991113135376,0.8886554621848739,0.907563025210084,0.542016806722689,0.6260504201680672,B+,A-,C+,B-,customersbancorpinc
RELY,Remitly Global Inc,Financials,Transaction & Payment Processing Services,21.56,15.1924,2.5606,20.1328,5.226920093095423,2130.02,23.79,32.97,0.09449999999999999,31.55,0.6156243911942333,31.4462,185.31,23.79,31.4462,0.6156243911942333,32.97,0.09449999999999999,29.45649999999999,25.0,81.91790426232485,90.75630252100841,76.05042016806723,50.0,65.53274051633052,0.21428571428571427,0.9369747899159664,0.907563025210084,0.773109243697479,D+,A,A-,B,remitlyglobalinc
JBSS,John B Sanfilippo & Son Inc,Consumer Staples,Packaged Foods & Meats,67.59,12.649,0.6663,9.5937,2.0801851515589846,4.7,6.18,16.509999999999998,0.0759,13.850000000000001,0.25810360496819157,6.781,4.7,6.18,6.781,0.25810360496819157,16.509999999999998,0.0759,13.850000000000001,78.57142857142857,69.48717948717949,55.23809523809524,65.86080586080587,50.0,65.52197802197801,0.8857142857142857,0.7857142857142857,0.55,0.6,B+,B,C+,C+,johnbsanfilipposoninc
MLI,Mueller Industries Inc,Industrials,Industrial Machinery & Supplies & Components,60.64,15.7387,2.8718,10.5934,4.200638685499345,-24.03,14.81,25.85,0.2286,25.840000000000003,0.5413566739606126,21.1127,-24.03,14.81,21.1127,0.5413566739606126,25.85,0.2286,25.840000000000003,67.37152692402262,47.9708242849694,84.14282982269214,65.1301717733343,50.0,65.49878839833943,0.7590361445783133,0.42168674698795183,0.927710843373494,0.6586345381526104,B,C,A-,B-,muellerindustriesinc
AEO,American Eagle Outfitters Inc,Consumer Discretionary,Apparel Retail,17.31,8.3897,0.4959,4.1638,1.7273552803584435,86.37,8.21,20.03,0.0786,19.040000000000003,0.2256944444444443,-6.8539,86.37,8.21,-6.8539,0.2256944444444443,20.03,0.0786,19.040000000000003,88.93244739756368,76.81547619047619,54.3327859879584,46.32380952380953,50.0,65.44416548923766,0.9485714285714286,0.8342857142857143,0.52,0.4514285714285714,A,B+,C+,C,americaneagleoutfittersinc
LQDA,Liquidia Corp,Health Care,Pharmaceuticals,72.69,47.5746,14.6241,38.3674,80.2406446627663,,2233.65,149.64,0.3739,50.019999999999996,0.7112889870273253,204.8107,,50.35399999999998,121.83342499999998,0.7112889870273253,108.10399999999996,0.3739,30.006499999999996,21.76280934123388,74.46450428396574,96.27192982456138,79.94492044063648,50.0,65.39056973636926,0.11842105263157894,0.8421052631578947,0.9967105263157895,0.868421052631579,D,B+,A+,B+,liquidiacorp
PSX,Phillips 66,Energy,Oil & Gas Refining & Marketing,250.25,14.3874,0.6706,14.2773,3.4504867220031437,318.7,14.44,24.45,0.0394,13.83,0.8213193243782418,83.887,318.7,14.44,83.887,0.8213193243782418,24.45,0.0394,13.83,59.701492537313435,77.4095677423864,59.701492537313435,74.52393206381883,50.0,65.23744622989777,0.7313432835820896,0.8656716417910447,0.5671641791044776,0.746268656716418,B,B+,C+,B,phillips66
COCO,Vita Coco Company Inc,Consumer Staples,Soft Drinks & Non-alcoholic Beverages,57.66,30.2363,4.6876,22.2096,9.927344099721083,67.78,26.1,31.09,0.191,31.09,0.41556016597510365,50.1923,67.78,26.1,50.1923,0.41556016597510365,31.09,0.191,28.479999999999983,18.571428571428573,91.67974882260597,87.85714285714285,75.40816326530611,50.0,65.02472527472527,0.08571428571428572,0.9714285714285714,0.9571428571428572,0.7714285714285715,D-,A+,A,B,vitacococompanyinc
RGA,Reinsurance Group of America Inc,Financials,Reinsurance,253.27,10.9689,0.6345,7.3572,1.2317052116590599,98.03,19.88,11.3,0.08839999999999999,7.870000000000001,0.9429837785684135,32.099,98.03,19.88,32.099,0.8514107033572301,11.3,0.08839999999999999,7.870000000000001,69.32773109243698,69.1294529374904,41.596638655462186,92.0550038197097,50.0,64.96798378841481,0.7647058823529411,0.8235294117647058,0.41596638655462187,0.9369747899159664,B,B+,C,A,reinsurancegroupofamericainc
AWR,American States Water Co,Utilities,Water Utilities,81.35,22.8089,5.9558,15.2646,3.040757741130033,12.0,10.27,13.5,0.4052,7.23,0.5343511450381676,15.788,12.0,10.27,15.788,0.5343511450381676,13.5,0.39203,7.23,12.068965517241375,77.90730141002373,92.52873563218391,91.11405835543768,50.0,64.9536972404486,0.06896551724137931,0.8793103448275862,1.0,0.9137931034482759,D-,B+,A+,A-,americanstateswaterco
APH,Amphenol Corp,Information Technology,Electronic Components,84.62,40.489,7.1782,24.3112,7.7376761368312295,59.37,54.17,37.14,0.2703,17.66,0.9069207622868606,37.4918,59.37,54.17,37.4918,0.9069207622868606,37.14,0.2703,17.66,46.5584714548803,78.77140271688194,78.33333333333333,64.83176288509787,50.0,64.94358431744938,0.4419889502762431,0.8839779005524862,0.8259668508287292,0.6243093922651933,C,B+,B+,B-,amphenolcorp
ACA,Arcosa Inc,Industrials,Construction & Engineering,146.53,14.6456,2.6219,14.9798,2.718245244972276,431.69,2.59,18.099999999999998,0.1176,11.61,0.9932630851615134,60.048,191.6919999999998,2.59,60.048,0.8559255587332271,18.099999999999998,0.1176,11.61,60.66770483293718,60.18107589536161,56.45493538780974,92.5690926973199,50.0,64.83069377372303,0.6506024096385542,0.6827309236947792,0.570281124497992,0.9518072289156626,B-,B-,C+,A,arcosainc
ECG,Everus Construction Group Inc,Industrials,Construction & Engineering,116.66,23.4669,1.3995,17.4625,9.447913376580253,53.33,30.53,38.22,0.0775,26.91,0.4140123990311256,47.5025,53.33,30.53,47.5025,0.4140123990311256,38.22,0.0775,26.91,55.3593967707565,75.51547230118658,70.10272382045189,66.78665683140727,50.0,64.82595597432086,0.5903614457831325,0.8755020080321285,0.7269076305220884,0.6907630522088354,C+,B+,B,B-,everusconstructiongroupinc
FDX,FedEx Corp,Industrials,Air Freight & Logistics,289.65,15.1898,0.7109,8.1151,2.1966063133946343,9.81,7.73,15.110000000000001,0.0576,8.42,0.6610293223019831,50.0446,9.81,7.73,50.0446,0.6610293223019831,15.110000000000001,0.0576,8.42,88.24276698631259,54.53738668024381,39.063464743327046,83.8882689312982,50.0,64.51168905471832,0.9477911646586346,0.5542168674698795,0.3493975903614458,0.8674698795180723,A,C+,C-,B+,fedexcorp
EXPD,Expeditors International of Washington Inc,Industrials,Air Freight & Logistics,188.58,26.4297,2.0176,18.7777,10.718061223329887,12.15,6.77,40.660000000000004,0.0983,40.660000000000004,0.9263841254287115,54.6317,12.15,6.77,54.6317,0.8559255587332271,40.660000000000004,0.0983,29.789999999999996,44.75753353550255,51.83503754932326,76.10141245253122,94.54899661440109,50.0,64.49154332975331,0.42168674698795183,0.5020080321285141,0.8152610441767069,0.9799196787148594,C,C+,B+,A+,expeditorsinternationalofwashingtoninc
CNK,Cinemark Holdings Inc,Communication Services,Movies & Entertainment,38.38,20.7475,1.3362,9.9551,10.942890542582614,0.89,4.54,52.019999999999996,0.11689999999999999,9.02,0.9654775604142696,33.0398,0.89,4.54,33.0398,0.9644163256865718,52.019999999999996,0.11689999999999999,9.02,66.4200140944327,47.26085720271766,65.15151515151514,85.58906134515891,50.0,64.46286602106228,0.7272727272727273,0.4318181818181818,0.7386363636363636,0.8863636363636364,B,C,B,B+,cinemarkholdingsinc
MATX,Matson Inc,Industrials,Marine Transportation,222.0,14.4079,1.9318,9.9301,2.4461030933287495,0.86,-0.16,16.939999999999998,0.1518,15.040000000000001,0.8773879142300195,117.8416,0.86,-0.16,75.1288999999999,0.8559255587332271,16.939999999999998,0.1518,15.040000000000001,76.22653880829439,25.128282271139415,61.98071196350026,97.78796074837383,50.0,64.13506129685132,0.8473895582329317,0.11646586345381527,0.642570281124498,0.9959839357429718,B+,D,B-,A+,matsoninc
MKC,McCormick & Company Inc,Consumer Staples,Packaged Foods & Meats,48.11,7.9313,1.7379,12.8811,2.2509708510737845,108.82,9.54,25.419999999999998,0.1485,14.82,0.11924610366074663,-25.8124,100.61199999999988,9.54,-25.8124,0.11924610366074663,25.419999999999998,0.1485,14.82,64.28571428571428,91.48351648351648,73.33333333333333,31.86813186813187,50.0,64.07509157509156,0.6857142857142857,0.9571428571428572,0.7714285714285715,0.24285714285714285,B-,A,B,D+,mccormickcompanyinc
CXW,CoreCivic Inc,Industrials,Diversified Support Services,31.69,24.1471,1.2433,11.3284,2.256270780972995,33.31,24.35,8.959999999999999,0.09880000000000001,4.77,0.7664584334454592,50.2806,33.31,24.35,50.2806,0.7664584334454592,8.959999999999999,0.09880000000000001,4.77,69.23257656476245,84.94877066305638,30.5209955468131,85.23454361664344,50.0,63.97505588383386,0.7991967871485943,0.9357429718875502,0.24096385542168675,0.8795180722891566,B,A,D+,B+,corecivicinc
SBH,Sally Beauty Holdings Inc,Consumer Discretionary,Specialty Stores,16.84,8.3754,0.4318,5.4331,2.07529730728942,3.6,1.08,23.11,0.08410000000000001,11.52,0.830721003134796,10.7672,3.6,1.08,10.7672,0.80102298550181,23.11,0.08410000000000001,11.52,90.06201550387597,38.11538461538461,50.49480021893816,80.98901098901098,50.0,63.96008305158265,0.96,0.26857142857142857,0.4514285714285714,0.8114285714285714,A,D+,C,B+,sallybeautyholdingsinc
BYD,Boyd Gaming Corp,Consumer Discretionary,Casinos & Gaming,69.19,2.7944,1.2391,7.2273,2.025664071763373,249.96,1.75,70.49,0.1632,37.99,0.0,-15.6942,109.7939999999999,1.75,-15.6942,0.00038563243719706394,70.49,0.1632,37.99,77.05980066445183,63.02827380952381,84.72140120415982,29.21904761904762,50.0,63.894764752867204,0.8742857142857143,0.6971428571428572,0.9257142857142857,0.3028571428571429,B+,B-,A-,C-,boydgamingcorp
T,AT&T Inc,Communication Services,Integrated Telecommunication Services,24.88,8.0053,1.3563,6.502,1.5840777267720596,72.22,2.63,19.54,0.20120000000000002,8.63,0.5225130890052354,-10.318,72.22,2.63,-10.318,0.5225130890052354,19.54,0.20120000000000002,8.63,81.69485553206484,63.66543029839289,65.90909090909092,46.21035380314278,50.0,63.87614343059608,0.9090909090909091,0.75,0.7727272727272727,0.4318181818181818,A-,B,B,C,attinc
ZION,Zions Bancorporation NA,Financials,Regional Banks,63.01,8.0458,1.56245,,1.2957688550717188,39.17,53.61248,16.14,0.336199,10.56,0.6195211786372006,11.3962,39.17,53.61248,11.3962,0.6195211786372006,16.14,0.336199,10.56,77.73109243697479,67.34775547799006,62.18487394957983,52.02701641404225,50.0,63.85394597504512,0.8949579831932774,0.7983193277310925,0.6218487394957983,0.5546218487394958,B+,B,B-,C+,zionsbancorporationna
CMC,Commercial Metals Co,Materials,Steel,64.49,12.0456,0.81,12.2999,1.7101065733961616,1594.79,15.23,13.65,0.08960000000000001,8.23,0.35891789871028607,14.0552,450.345,15.23,14.0552,0.35891789871028607,13.65,0.08960000000000001,8.23,75.98039215686275,84.74280959067977,54.90196078431372,45.92292089249493,50.0,63.85373433192906,0.8529411764705882,0.9264705882352942,0.5294117647058824,0.4264705882352941,B+,A-,C+,C,commercialmetalsco
NUE,Nucor Corp,Materials,Steel,241.88,23.7974,1.6239,12.966,2.643396154245466,79.23,12.27,11.16,0.0999,8.36,0.7430606895624705,83.4743,79.23,12.27,79.35161499999998,0.7430606895624705,11.16,0.0999,8.36,50.98039215686274,71.12394029229729,51.470588235294116,95.03042596348885,50.0,63.84361834919645,0.5735294117647058,0.7941176470588235,0.47794117647058826,0.9705882352941176,C+,B,C,A+,nucorcorp
COR,Cencora Inc,Health Care,Health Care Distributors,303.81,22.0875,0.1742,16.394,39.07122096761748,38.37,5.09,106.43,0.91,21.19,0.44446955997588905,2.7107,38.37,5.09,2.7107,0.44446955997588905,106.43,0.40932999999999975,21.19,79.09114674102476,49.11565598779558,93.75,28.61842105263158,50.0,63.75710209334162,0.881578947368421,0.48026315789473684,0.9802631578947368,0.2236842105263158,B+,C,A+,D+,cencorainc
GPOR,Gulfport Energy Corp,Energy,Oil & Gas Exploration & Production,152.09,5.4145,1.7479,3.5904,1.5584365015769834,-1.63,35.16,27.200000000000003,0.4499,18.87,0.037989556135770194,-12.4164,-1.63,35.16,-12.4164,0.037989556135770194,27.200000000000003,0.4499,18.87,81.59203980099502,66.9998492386552,90.04975124378109,12.205638474295192,50.0,63.75154530378411,0.9402985074626866,0.7910447761194029,0.9552238805970149,0.05970149253731343,A,B,A,D-,gulfportenergycorp
SLM,SLM Corp,Financials,Consumer Finance,23.03,5.9104,1.90601,,1.871444823663254,77.07,31.52147,30.31,0.2673951,8.55,0.39578630549285193,-15.7407,77.07,31.52147,-15.7407,0.39578630549285193,30.31,0.2673951,8.55,70.58823529411765,72.57844033107396,87.81512605042016,23.09651133180545,50.0,63.735830668710335,0.7815126050420168,0.8697478991596639,0.8781512605042017,0.21428571428571427,B,B+,B+,D+,slmcorp
ROST,Ross Stores Inc,Consumer Discretionary,Apparel Retail,234.74,28.0941,3.0477,18.2692,12.228716698444453,31.42,14.02,42.34,0.1375,35.23,0.7967308921559676,57.9821,31.42,14.02,54.84940999999998,0.7967308921559676,42.34,0.1375,35.23,17.794019933554818,79.17857142857143,77.46250684181719,95.38095238095238,50.0,63.72603645574776,0.09714285714285714,0.8685714285714285,0.84,0.9771428571428571,D-,B+,B+,A+,rossstoresinc
GEN,Gen Digital Inc,Information Technology,Systems Software,20.85,11.8552,2.4579,8.6741,4.775319499793872,79.7,20.16,41.89,0.4131,9.68,0.22140966557764846,-24.1404,79.7,20.16,-24.1404,0.22140966557764846,41.89,0.4131,9.68,87.97714716223004,73.43395091667753,75.74074074074075,15.16417921615613,50.0,63.64909800230943,0.9171270718232044,0.8066298342541437,0.7955801104972375,0.08287292817679558,A-,B+,B,D-,gendigitalinc
LMT,Lockheed Martin Corp,Industrials,Aerospace & Defense,514.74,19.144,1.5628,12.6458,17.53840807106132,52.8,7.2,86.24000000000001,0.1188,22.009999999999998,0.304180569185476,7.2718,52.8,7.2,7.2718,0.304180569185476,69.54999999999994,0.1188,22.009999999999998,68.24085457476163,54.683138611710035,78.69655492719176,54.813316965496455,50.0,63.63364349092964,0.7791164658634538,0.5662650602409639,0.8393574297188755,0.5100401606425703,B,C+,B+,C+,lockheedmartincorp
PAHC,Phibro Animal Health Corp,Health Care,Pharmaceuticals,35.26,14.0265,0.9214,8.4181,3.71048533063939,105.25,17.12,28.67,0.1281,9.2,0.22023248507697135,-9.4374,105.25,17.12,-9.4374,0.22023248507697135,28.67,0.1281,9.2,88.14046706169397,80.6689372571976,64.14473684210526,21.92166462668299,50.0,63.58942135272593,0.9671052631578947,0.9144736842105263,0.6644736842105263,0.18421052631578946,A,A-,B-,D,phibroanimalhealthcorp
FAF,First American Financial Corp,Financials,Property & Casualty Insurance,64.72,9.0809,0.8475,4.6961,1.2003702006984849,298.96,22.52,13.600000000000001,0.1519,9.26,0.3599508236198715,3.144,185.31,22.52,3.144,0.3599508236198715,13.600000000000001,0.1519,9.26,77.94117647058823,82.93754642022202,54.621848739495796,44.30006148800983,50.0,63.588277884167375,0.8991596638655462,0.9453781512605042,0.5462184873949579,0.4579831932773109,B+,A,C+,C,firstamericanfinancialcorp
EZPW,EZCORP Inc,Financials,Consumer Finance,30.83,12.0085,1.1998,8.2308,1.8306296463434908,61.24,28.61,14.45,0.139,9.8,0.6947878787878787,69.4399,61.24,28.61,49.25565499999992,0.6947878787878787,14.45,0.139,9.8,52.52100840336134,66.98916031729141,58.40336134453782,87.28800611153552,50.0,63.58652572274018,0.5084033613445378,0.7899159663865546,0.5840336134453782,0.8949579831932774,C+,B,C+,B+,ezcorpinc
CNX,CNX Resources Corp,Energy,Oil & Gas Exploration & Production,31.7,4.9738,2.3176,4.8878,1.0422180504275724,968.14,18.73,21.19,0.42219999999999996,13.750000000000002,0.018930041152263412,1.9273,574.281999999999,18.73,1.9273,0.03636557772934183,21.19,0.42219999999999996,13.750000000000002,73.13432835820896,84.07790592492086,80.59701492537313,16.68988391376451,50.0,63.58639378863259,0.8656716417910447,0.9104477611940298,0.8805970149253731,0.08955223880597014,B+,A-,B+,D-,cnxresourcescorp
SM,SM Energy Co,Energy,Oil & Gas Exploration & Production,33.14,8.2173,1.5702,4.4413,0.789784751482336,-28.4,67.03,16.53,0.31079999999999997,8.959999999999999,0.6507673164661966,24.167,-28.4,65.13999999999997,24.167,0.6507673164661966,16.53,0.31079999999999997,8.959999999999999,78.1094527363184,59.350972410673904,64.17910447761194,55.5820895522388,50.0,63.55875169606512,0.8955223880597015,0.6865671641791045,0.6791044776119403,0.5223880597014925,B+,B-,B-,C+,smenergyco
ANDE,Andersons Inc,Consumer Staples,Food Distributors,66.45,12.8412,0.2082,11.1165,1.806531242523761,119.33,-5.2,14.149999999999999,0.013300000000000001,8.0,0.6353899883585565,68.7327,100.61199999999988,-5.2,67.96360499999999,0.6353899883585565,14.149999999999999,0.013300000000000001,8.0,83.80952380952381,55.07692307692307,33.80952380952381,90.68571428571428,50.0,63.55728937728938,0.9428571428571428,0.4714285714285714,0.2571428571428571,0.9285714285714286,A,C,D+,A-,andersonsinc
THG,Hanover Insurance Group Inc,Financials,Property & Casualty Insurance,216.68,10.0571,1.1273,8.2957,2.147689855664299,37.57,5.35,21.22,0.1462,16.400000000000002,0.7211794318590437,23.7071,37.57,5.35,23.7071,0.7211794318590437,21.22,0.1462,16.400000000000002,59.66386554621849,39.6957189849475,76.89075630252101,82.31194916991186,50.0,63.54018909315674,0.6092436974789915,0.3277310924369748,0.7689075630252101,0.8487394957983193,B-,C-,B,B+,hanoverinsurancegroupinc
FTDR,Frontdoor Inc,Consumer Discretionary,Specialized Consumer Services,72.92,18.4397,2.3447,12.4821,21.38102917460783,11.73,9.26,101.86999999999999,0.1681,18.98,0.5438167259786476,10.8298,11.73,9.26,10.8298,0.5438167259786476,101.86999999999999,0.1681,18.98,35.84828349944629,69.21703296703296,78.97208538587849,79.95604395604396,50.0,63.539707605946575,0.3314285714285714,0.7485714285714286,0.8571428571428571,0.7828571428571428,C-,B,B+,B,frontdoorinc
MBIN,Merchants Bancorp,Financials,Regional Banks,51.4,8.817,1000000.0,,1.0342655808890258,6.08,,11.64,,10.79,0.7935849056603774,62.5078,6.08,,49.25565499999992,0.7935849056603774,11.64,,10.79,85.71428571428572,37.94955044955045,42.436974789915965,94.3124165554072,50.0,63.49020852704195,0.9495798319327731,0.31932773109243695,0.42436974789915966,0.957983193277311,A,C-,C,A,merchantsbancorp
HALO,Halozyme Therapeutics Inc,Health Care,Biotechnology,112.89,31.108,7.7333,21.4626,272.41795366795367,-23.53,41.15,180.63,0.3557,18.67,0.9288860918816866,53.9813,-23.53,41.15,53.9813,0.9288860918816866,108.10399999999996,0.3557,18.67,40.455443243871265,55.17780393710028,91.99561403508771,71.39254385964912,50.0,63.42683387908963,0.4144736842105263,0.5723684210526315,0.9539473684210527,0.7105263157894737,C,C+,A,B,halozymetherapeuticsinc
CINF,Cincinnati Financial Corp,Financials,Property & Casualty Insurance,161.92,7.4813,1.9234,10.3762,1.5814445918150084,84.01,10.87,20.89,0.16620000000000001,19.88,0.2660120508814994,5.2584,84.01,10.87,5.2584,0.2660120508814994,20.89,0.16620000000000001,19.88,71.42857142857143,65.1337740733742,76.05042016806722,42.38573478171756,50.0,63.37364967017802,0.8025210084033614,0.7605042016806722,0.7605042016806722,0.4369747899159664,B+,B,B,C,cincinnatifinancialcorp
MCRI,Monarch Casino & Resort Inc,Consumer Discretionary,Casinos & Gaming,117.42,18.3032,3.7337,10.3583,3.891442604370002,48.54,5.1,20.630000000000003,0.2506,20.630000000000003,0.6128256093733654,14.4774,48.54,5.1,14.4774,0.6128256093733654,20.630000000000003,0.2506,20.630000000000003,38.63455149501661,66.32440476190476,74.53530377668308,84.03809523809524,50.0,63.364963817924924,0.37142857142857144,0.7314285714285714,0.7942857142857143,0.8171428571428572,C-,B,B,B+,monarchcasinoresortinc
ASO,Academy Sports and Outdoors Inc,Consumer Discretionary,Specialty Stores,48.61,7.5618,0.4835,4.4757,1.453926588820827,12.46,3.68,18.38,0.09519999999999999,14.99,0.34601748995509335,2.8894,12.46,3.68,2.8894,0.34601748995509335,18.38,0.09519999999999999,14.99,89.30675526024363,53.752747252747255,52.78379857690203,60.06593406593406,50.0,63.28637472302268,0.9542857142857143,0.5314285714285715,0.49142857142857144,0.5885714285714285,A,C+,C,C+,academysportsandoutdoorsinc
SNX,TD Synnex Corp,Information Technology,Technology Distributors,255.89,18.0775,0.2944,11.0718,2.4255321165703774,63.4,16.26,13.120000000000001,0.025699999999999997,8.59,0.7260943635224295,64.7129,63.4,16.26,64.7129,0.7260943635224295,13.120000000000001,0.025699999999999997,8.59,88.82471120040181,69.65012873409677,35.46296296296296,66.39481818221903,50.0,63.28090792410435,0.9392265193370166,0.7458563535911602,0.292817679558011,0.6795580110497238,A,B,D+,B-,tdsynnexcorp
UNFI,United Natural Foods Inc,Consumer Staples,Food Retail,45.74,32.9518,0.0889,8.412,1.7014913158472305,50.37,-1.99,5.319999999999999,0.67,2.54,0.5895196506550219,51.8715,50.37,-1.99,51.8715,0.5895196506550219,5.319999999999999,0.34928499999999985,2.54,70.95238095238095,55.17986287217056,46.904761904761905,88.78306878306879,50.0,63.25687204533358,0.8214285714285714,0.4857142857142857,0.45714285714285713,0.9142857142857143,B+,C,C,A-,unitednaturalfoodsinc
SMTC,Semtech Corp,Information Technology,Semiconductors,183.26,48.81,13.1204,258.4178,30.892938419783885,1063.4,25.36,51.24999999999999,0.102,29.270000000000003,0.9445696259576386,195.7975,703.5419999999999,25.36,195.7975,0.9445696259576386,51.24999999999999,0.102,29.270000000000003,19.75242759082538,84.80092738399938,72.22222222222223,91.36376152979788,50.0,63.226600236021355,0.13259668508287292,0.9281767955801105,0.7403314917127072,0.9613259668508287,D,A-,B,A,semtechcorp
WLY,John Wiley & Sons Inc,Communication Services,Publishing,47.57,12.2554,1.4578,11.9451,2.851986858198038,110.82,-0.27,25.28,0.1478,11.68,0.6601329897935666,19.8035,110.82,-0.27,19.8035,0.6601329897935666,25.28,0.1478,11.68,63.988724453840724,54.955373978629794,65.15151515151514,74.40886917960088,50.0,63.157908532985104,0.7045454545454546,0.6136363636363636,0.7386363636363636,0.75,B,B-,B,B,johnwileysonsinc
EXE,Expand Energy Corp,Energy,Oil & Gas Exploration & Production,85.31,7.1016,1.4453,3.4331,1.0986336299596915,2866.66,60.73,14.7,0.2708,11.78,0.007805745028340928,-16.804,574.281999999999,60.73,-13.20894,0.03636557772934183,14.7,0.2708,11.78,84.07960199004975,96.61521935775667,66.16915422885572,6.102819237147596,50.0,63.10579677370722,0.9552238805970149,0.9850746268656716,0.7014925373134329,0.022388059701492536,A,A+,B,F,expandenergycorp
DVA,DaVita Inc,Health Care,Health Care Services,178.07,13.6385,0.825,7.6809,118.40547908770529,19.98,6.45,181.22,0.1507,9.56,0.5261109973377022,37.0001,19.98,6.45,37.0001,0.5261109973377022,108.10399999999996,0.1507,9.56,90.11996049726967,38.15279184174647,72.69736842105263,48.67779204107831,50.0,63.07044900614554,0.9736842105263158,0.3157894736842105,0.75,0.45394736842105265,A+,C-,B,C,davitainc
AVT,Avnet Inc,Information Technology,Technology Distributors,101.45,24.9172,0.3015,14.209,1.6568107250935376,46.12,24.47,6.77,0.0262,4.2,0.9481202521469455,99.874,46.12,24.47,99.874,0.9445696259576386,6.77,0.0262,4.2,82.68458061275741,72.0496191840736,21.296296296296298,88.28407402344871,50.0,63.06195786876789,0.861878453038674,0.7955801104972375,0.1878453038674033,0.9281767955801105,B+,B,D,A-,avnetinc
PLTR,Palantir Technologies Inc,Information Technology,Application Software,185.32,149.3442,73.1855,168.4407,59.98575775231436,290.0,78.92,37.47,0.428,37.47,0.7805239742956004,5.8899,290.0,54.72500000000002,5.8899,0.7805239742956004,37.47,0.428,37.47,8.171145153189352,94.35053586760809,88.88888888888887,74.61622272292354,50.0,63.05836022862589,0.04419889502762431,0.994475138121547,0.925414364640884,0.8011049723756906,F,A+,A-,B+,palantirtechnologiesinc
AIR,AAR Corp,Industrials,Aerospace & Defense,115.09,24.5971,1.3957,14.251,2.693820993968219,1500.3,18.97,12.19,0.0933,7.57,0.5005134788189988,40.467,191.6919999999998,18.97,40.467,0.5005134788189988,12.19,0.0933,7.57,60.41745212141081,87.3695012670168,38.70393137174549,79.01355502244587,50.0,63.05695713118161,0.642570281124498,0.9437751004016064,0.3413654618473896,0.8112449799196787,B-,A,C-,B+,aarcorp
PRDO,Perdoceo Education Corp,Consumer Discretionary,Education Services,29.83,10.6274,2.1923,6.9344,1.9166024158314057,20.02,11.68,17.7,0.24559999999999998,17.51,0.26773648648648635,-16.6484,20.02,11.68,-16.6484,0.26773648648648635,17.7,0.24559999999999998,17.51,64.30121816168328,72.78940886699507,69.55555555555556,49.73399014778325,50.0,62.96887323226537,0.68,0.8,0.7485714285714286,0.49142857142857144,B-,B,B,C,perdoceoeducationcorp
QNST,QuinStreet Inc,Communication Services,Interactive Media & Services,14.22,10.0772,0.6328,12.9849,2.5283146347100973,1687.12,18.29,27.66,0.0274,24.72,0.3275000000000001,-11.2138,431.6479999999967,18.29,-11.2138,0.3275000000000001,27.66,0.0274,24.72,70.01409443269908,86.20542584055013,59.84848484848485,41.26200124518039,50.0,62.95913023744209,0.8181818181818182,0.9545454545454546,0.5795454545454546,0.36363636363636365,B+,A,C+,C-,quinstreetinc
HPE,Hewlett Packard Enterprise Co,Information Technology,"Technology Hardware, Storage & Peripherals",62.63,29.7407,1.9824,23.0814,3.34431551798711,128.23,26.59,11.020000000000001,0.0703,5.9799999999999995,0.9340755293604017,159.9752,128.23,26.59,159.9752,0.9340755293604017,11.020000000000001,0.0703,5.9799999999999995,67.39494391428093,76.05797163899872,35.55555555555555,84.94877413911951,50.0,62.938974023082764,0.7458563535911602,0.850828729281768,0.3011049723756906,0.8895027624309392,B,B+,C-,B+,hewlettpackardenterpriseco
NEE,Nextera Energy Inc,Utilities,Multi-Utilities,75.19,16.8635,5.4637,17.1533,2.8680958193469634,55.3,10.82,16.82,0.2982,5.96,0.06359300476947514,1.9156,55.3,10.82,1.9156,0.06359300476947514,16.82,0.2982,5.96,27.586206896551726,89.31835646899167,87.35632183908046,56.62628145386766,50.0,62.92455976847992,0.2413793103448276,0.9827586206896551,0.9482758620689655,0.5517241379310345,D+,A+,A,C+,nexteraenergyinc
LRCX,Lam Research Corp,Information Technology,Semiconductor Materials & Equipment,322.52,54.2243,16.9572,45.3769,32.36040736467165,38.62,26.02,66.97,0.3529,48.57,0.6300242439709072,146.008,38.62,26.02,146.008,0.6300242439709072,66.97,0.3529,48.57,24.755148166750374,71.28198988283367,90.0,74.64630141572738,50.0,62.8744453013998,0.19337016574585636,0.7845303867403315,0.9392265193370166,0.8066298342541437,D,B,A,B+,lamresearchcorp
EHC,Encompass Health Corp,Health Care,Health Care Facilities,124.02,19.7402,1.9753,10.126,5.086372360844529,20.08,9.47,25.009999999999998,0.1794,12.379999999999999,0.8872799545712664,-1.688,20.08,9.47,-1.688,0.8872799545712664,25.009999999999998,0.1794,12.379999999999999,78.04693853839899,53.52790709908204,71.49122807017544,48.78947368421053,50.0,62.848017808802126,0.868421052631579,0.5328947368421053,0.7236842105263158,0.4605263157894737,B+,C+,B,C,encompasshealthcorp
STT,State Street Corp,Financials,Asset Management & Custody Banks,178.83,14.3499,1.80473,,1.7925914639647318,26.58,181.1518,12.4,0.24962610000000002,5.84,0.8126848504765035,58.736,26.58,83.28401599999997,49.25565499999992,0.8126848504765035,12.4,0.24962610000000002,5.84,45.168067226890756,80.71996128403241,48.319327731092436,91.51820728291315,50.0,62.81948245288491,0.40336134453781514,0.9243697478991597,0.4831932773109244,0.9285714285714286,C,A-,C,A-,statestreetcorp
HAFC,Hanmi Financial Corp,Financials,Regional Banks,31.6,10.6322,1.8749,,1.1861995442891624,37.34,43.94988,11.200000000000001,0.4678737,9.629999999999999,0.8215962441314555,29.3312,37.34,43.94988,29.3312,0.8215962441314555,11.200000000000001,0.4678737,9.629999999999999,73.109243697479,56.00108523433454,39.91596638655462,91.55422916830284,50.0,62.76736540153588,0.8361344537815126,0.6134453781512605,0.39915966386554624,0.9327731092436975,B+,B-,C-,A,hanmifinancialcorp
VMI,Valmont Industries Inc,Industrials,Industrial Machinery & Supplies & Components,466.93,18.1606,2.124,14.2724,5.449671103309508,108.33,3.8,29.84,0.13699999999999998,20.45,0.4702288033539984,28.0179,108.33,3.8,28.0179,0.4702288033539984,29.84,0.13699999999999998,20.45,59.87979127393928,56.598331854131274,73.84148840258995,64.19109250989769,50.0,62.5882047919381,0.6345381526104418,0.6024096385542169,0.7831325301204819,0.6465863453815262,B-,B-,B,B-,valmontindustriesinc
FRPT,Freshpet Inc,Consumer Staples,Packaged Foods & Meats,57.17,13.6776,2.3639,23.4168,2.3163004019188382,449.74,12.77,16.650000000000002,0.081,12.34,0.2710493046776232,17.5838,100.61199999999988,12.77,17.5838,0.2710493046776232,16.650000000000002,0.081,12.34,39.047619047619044,95.32967032967032,54.76190476190476,75.0915750915751,50.0,62.53663003663004,0.34285714285714286,1.0,0.5285714285714286,0.7571428571428571,C-,A+,C+,B,freshpetinc
LTH,"Life Time Group Holdings, Inc",Consumer Discretionary,Leisure Facilities,39.85,21.3237,2.7799,11.6985,2.8180866711925776,79.11,12.69,13.139999999999999,0.1727,8.86,0.6802338168434727,44.4525,79.11,12.69,44.4525,0.6802338168434727,13.139999999999999,0.1727,8.86,34.374307862679956,86.66407867494826,53.10782703886152,91.33333333333334,50.0,62.47001612704169,0.2914285714285714,0.9257142857142857,0.49714285714285716,0.9371428571428572,D+,A-,C,A,lifetimegroupholdingsinc
WTS,Watts Water Technologies Inc,Industrials,Building Products,357.98,31.1609,4.467,21.324,5.886502547945612,23.17,17.13,18.56,0.1913,17.11,0.7282592537535306,30.044,23.17,17.13,30.044,0.7282592537535306,18.56,0.1913,17.11,27.310876157691993,77.39805856601222,71.82526022457175,85.69371363003032,50.0,62.402388534774445,0.19678714859437751,0.8955823293172691,0.7550200803212851,0.8835341365461847,D,B+,B,B+,wattswatertechnologiesinc
ED,Consolidated Edison Inc,Utilities,Multi-Utilities,102.83,17.1033,2.1441,11.274,1.5345860139714034,10.41,9.49,8.9,0.1905,4.26,0.37000470145745185,4.8297,10.41,9.49,4.8297,0.37000470145745185,8.9,0.1905,4.26,71.83908045977012,68.0948643743562,41.95402298850575,76.62628145386765,50.0,62.39250502771374,0.8103448275862069,0.7758620689655172,0.4051724137931034,0.7413793103448276,B+,B,C,B,consolidatededisoninc
ASB,Associated Banc-Corp,Financials,Regional Banks,28.96,10.8529,2.01062,,0.9661191102096371,251.97,90.85232,9.86,0.359242,8.25,0.5930232558139535,13.9255,185.31,83.28401599999997,13.9255,0.5930232558139535,9.86,0.359242,8.25,79.41176470588235,97.36442152962113,30.672268907563026,51.918636613523915,50.0,62.377620031990354,0.907563025210084,1.0,0.3067226890756303,0.5504201680672269,A-,A+,C-,C+,associatedbanccorp
FTNT,Fortinet Inc,Information Technology,Systems Software,176.33,60.7743,17.122,48.6088,105.87211047733415,13.27,18.77,187.95,0.32439999999999997,113.11,0.9532554257095159,108.4605,13.27,18.77,108.4605,0.9445696259576386,114.73149999999994,0.32439999999999997,61.4965,22.145488029465927,54.50125524721615,93.51851851851852,87.63835771212543,50.0,62.343924228864424,0.15469613259668508,0.569060773480663,0.9668508287292817,0.9116022099447514,D,C+,A,A-,fortinetinc
VLY,Valley National Bancorp,Financials,Regional Banks,12.76,10.1628,2.27179,,0.9096741997576103,48.82,77.66814,8.88,0.4257981,8.14,0.5611510791366906,22.8169,48.82,77.66814,22.8169,0.5611510791366906,8.88,0.4257981,8.14,85.29411764705883,86.30480602151297,22.689075630252102,65.29490300793213,50.0,62.31574012521675,0.9453781512605042,0.9789915966386554,0.226890756302521,0.6680672268907563,A,A+,D+,B-,valleynationalbancorp
RL,Ralph Lauren Corp,Consumer Discretionary,"Apparel, Accessories & Luxury Goods",356.16,21.5317,2.533,14.3832,7.53332952605763,26.61,14.68,35.63,0.1494,23.22,0.46193060351915805,17.8976,26.61,14.68,17.8976,0.46193060351915805,35.63,0.1494,23.22,28.359911406423034,79.0316091954023,73.23918992884511,80.49523809523811,50.0,62.305144791945125,0.2057142857142857,0.8628571428571429,0.7828571428571428,0.7942857142857143,D+,B+,B,B,ralphlaurencorp
NHC,National Healthcare Corp,Health Care,Health Care Facilities,226.71,25.1015,2.2584,18.2862,3.295615440302131,32.66,6.92,12.94,0.0928,12.61,0.8976153658338082,85.9339,32.66,6.92,85.9339,0.8976153658338082,12.94,0.0928,12.61,60.427558963634254,52.415765801309874,55.26315789473684,88.6842105263158,50.0,62.14267448011792,0.6381578947368421,0.5131578947368421,0.5263157894736842,0.9342105263157895,B-,C+,C+,A,nationalhealthcarecorp
CAT,Caterpillar Inc,Industrials,Construction Machinery & Heavy Transportation Equipment,819.95,34.8503,5.0572,26.9116,17.896234795457573,18.21,18.36,54.2,0.1752,17.14,0.587036554375448,77.1716,18.21,18.36,75.1288999999999,0.587036554375448,54.2,0.1752,17.14,18.94325601726634,72.21023544552955,81.04281069857662,88.5190702787139,50.0,62.142377823809426,0.11244979919678715,0.8313253012048193,0.8714859437751004,0.9076305220883534,D,B+,B+,A-,caterpillarinc
KO,Coca-Cola Co,Consumer Staples,Soft Drinks & Non-alcoholic Beverages,86.72,26.2373,7.4929,24.9999,11.597148855931637,17.61,6.52,42.99,0.3035,18.26,0.7873986735445838,33.0858,17.61,6.52,33.0858,0.7799010676845441,42.99,0.3035,18.26,19.523809523809522,65.14913657770799,87.61904761904763,86.22448979591834,50.0,62.06043956043956,0.1,0.7,0.9428571428571428,0.8857142857142857,D-,B-,A,B+,cocacolaco
IOSP,Innospec Inc,Materials,Specialty Chemicals,97.58,20.1225,1.3272,12.8796,1.8232368339430718,549.32,2.87,9.15,0.07,9.15,0.9642212868310284,27.2329,450.345,2.87,27.2329,0.8204581764965266,9.15,0.07,9.15,60.7843137254902,72.16361436970772,45.588235294117645,79.85652797704446,50.0,61.9971657242524,0.7205882352941176,0.8235294117647058,0.39705882352941174,0.8088235294117647,B,B+,C-,B+,innospecinc
SEZL,Sezzle Inc,Financials,Transaction & Payment Processing Services,108.63,23.2344,7.0517,17.5172,21.62092231753677,56.65,43.06,85.55,0.4039,50.529999999999994,0.4044183024416934,32.1704,56.65,43.06,32.1704,0.4044183024416934,44.400499999999866,0.4039,29.45649999999999,9.663865546218492,80.8123127865617,97.68907563025209,69.75256769374415,50.0,61.95121139017882,0.06722689075630252,0.9285714285714286,0.976890756302521,0.7058823529411765,D-,A-,A+,B,sezzleinc
MSFT,Microsoft Corp,Information Technology,Systems Software,505.86,28.0019,11.2863,19.7898,8.492613913945675,31.56,17.79,33.22,0.4673,26.5,0.7659886563661256,1.8027,31.56,17.79,1.8027,0.7659886563661256,33.22,0.4317149999999999,26.5,52.208898376025445,57.42864914319273,87.22222222222221,52.96807701696741,50.0,61.937125381593944,0.574585635359116,0.5966850828729282,0.9060773480662984,0.47513812154696133,C+,C+,A-,C,microsoftcorp
VRT,Vertiv Holdings Co,Industrials,Electrical Components & Equipment,252.31,54.7863,8.266,40.0502,24.48993457962068,111.16,26.23,42.11,0.1841,24.610000000000003,0.48137838551719936,81.212,111.16,26.23,75.1288999999999,0.48137838551719936,42.11,0.1841,24.610000000000003,7.656749446766661,90.1341076971329,84.83375679589103,78.85857131148501,50.0,61.92116236238801,0.028112449799196786,0.9759036144578314,0.9397590361445783,0.7911646586345381,F,A+,A,B,vertivholdingsco
COKE,Coca-Cola Consolidated Inc,Consumer Staples,Soft Drinks & Non-alcoholic Beverages,193.57,23.4347,1.6756,14.5791,10.669128589538664,-60.18,10.71,39.61,0.1096,18.35,0.7537066767400131,67.0236,-60.18,10.71,67.0236,0.7537066767400131,39.61,0.1096,18.35,44.76190476190476,41.26766091051807,75.23809523809524,93.26530612244898,50.0,61.90659340659341,0.42857142857142855,0.32857142857142857,0.8142857142857143,0.9428571428571428,C,C-,B+,A,cocacolaconsolidatedinc
BBWI,Bath & Body Works Inc,Consumer Discretionary,Other Specialty Retail,16.19,4.1259,0.4469,4.1671,262.82467532467535,13.79,-2.17,3138.89,0.16699999999999998,11.92,0.14557926829268308,-36.339,13.79,-2.17,-36.339,0.14557926829268308,195.4694999999998,0.16699999999999998,11.92,91.78626799557033,41.60714285714286,75.71647509578544,33.28,50.0,61.85311434426752,0.9771428571428571,0.35428571428571426,0.8057142857142857,0.3314285714285714,A+,C-,B+,C-,bathbodyworksinc
AIZ,Assurant Inc,Financials,Multi-line Insurance,263.53,12.2454,0.9675,7.9206,2.234812636320772,53.42,9.36,18.029999999999998,0.107,13.120000000000001,0.5872740271678069,22.6852,53.42,9.36,22.6852,0.5872740271678069,18.029999999999998,0.107,13.120000000000001,45.79831932773109,62.69851591740004,68.90756302521008,78.02676626206039,50.0,61.821527024127384,0.41386554621848737,0.7226890756302521,0.6890756302521008,0.7983193277310925,C,B,B-,B,assurantinc
AMGN,Amgen Inc,Health Care,Biotechnology,418.13,25.7884,5.9186,17.7919,26.020909826373764,31.72,9.1,89.32,0.3032,13.3,0.8369626537289858,52.8911,31.72,9.1,52.8911,0.8369626537289858,89.32,0.3032,13.3,49.24770535610549,52.71638282579359,84.86842105263158,63.23464912280702,50.0,61.719237991904386,0.5131578947368421,0.5263157894736842,0.9013157894736842,0.618421052631579,C+,C+,A-,B-,amgeninc
MAS,Masco Corp,Industrials,Building Products,68.6,15.2028,1.7637,12.9313,90.76475258004763,15.34,-0.56,279.76,0.1753,15.870000000000001,0.40977332940830125,-2.3127,15.34,-0.56,-2.3127,0.40977332940830125,69.54999999999994,0.1753,15.870000000000001,70.23795863727015,43.745888055733616,81.37966833319673,50.23957052700598,50.0,61.70149845916465,0.8072289156626506,0.3493975903614458,0.8755020080321285,0.46586345381526106,B+,C-,B+,C,mascocorp
LNTH,Lantheus Holdings Inc,Health Care,Health Care Supplies,99.67,23.6811,4.1891,14.4265,5.9068604210127065,9.79,2.35,23.27,0.2325,15.7,0.8039877793857534,93.7828,9.79,2.35,93.7828,0.8039877793857534,23.27,0.2325,15.7,59.36737539212269,36.26870472112961,77.19298245614034,76.53650254668929,50.0,61.70113091562954,0.625,0.28289473684210525,0.8026315789473685,0.8026315789473685,B-,D+,B+,B+,lantheusholdingsinc
WOR,"Worthington Enterprises, Inc",Industrials,Building Products,60.49,17.7044,2.0365,22.4982,2.8674089980422552,54.64,18.44,16.189999999999998,0.056299999999999996,12.42,0.6872364039955607,17.9011,54.64,18.44,17.9011,0.6872364039955607,16.189999999999998,0.056299999999999996,12.42,49.99071114389531,87.98001048483673,45.057508947354044,76.55638882058847,50.0,61.66933488389738,0.5180722891566265,0.9558232931726908,0.42168674698795183,0.7751004016064257,C+,A,C,B,worthingtonenterprisesinc
PRU,Prudential Financial Inc,Financials,Life & Health Insurance,116.19,10.324,0.6661,10.4462,1.2461470151030571,144.17,11.31,12.24,0.08130000000000001,7.1,0.6782026234998604,16.4003,144.17,11.31,16.4003,0.6782026234998604,12.24,0.08130000000000001,7.1,72.89915966386556,70.52863088270814,46.63865546218487,63.27731092436975,50.0,61.645642142928196,0.8319327731092437,0.8445378151260504,0.46638655462184875,0.6470588235294118,B+,B+,C,B-,prudentialfinancialinc
JBHT,J B Hunt Transport Services Inc,Industrials,Cargo Ground Transportation,225.04,31.2987,1.6621,13.2932,5.9711472382382675,28.19,5.28,18.75,0.07519999999999999,13.55,0.5595378448479132,70.287,28.19,5.28,70.287,0.5595378448479132,18.75,0.07519999999999999,13.55,54.294456738518704,65.54589181317291,52.088626615304754,84.67741970829954,50.0,61.640433142750354,0.5783132530120482,0.751004016064257,0.5060240963855421,0.8714859437751004,C+,B,C+,B+,jbhunttransportservicesinc
HCA,HCA Healthcare Inc,Health Care,Health Care Facilities,432.6,13.7246,1.2033,9.0545,256.7054355566105,25.46,7.31,695.73,0.1548,9.06,0.3881400286377328,4.9941,25.46,7.31,4.9941,0.3881400286377328,108.10399999999996,0.1548,9.06,86.60392703613338,48.89325074304953,72.47807017543859,35.385964912280706,50.0,61.62634243395904,0.9473684210526315,0.47368421052631576,0.743421052631579,0.3026315789473684,A,C,B,C-,hcahealthcareinc
IPAR,Interparfums Inc,Consumer Staples,Household Products,117.35,22.4663,2.5098,13.1966,4.272772951362845,4.55,2.93,19.15,0.1726,15.97,0.7707373271889402,18.0717,4.55,2.93,18.0717,0.7707373271889402,19.15,0.1726,15.97,40.47619047619048,59.34065934065934,73.80952380952381,80.92165898617512,50.0,61.62389223679546,0.35714285714285715,0.5857142857142857,0.7857142857142857,0.8285714285714286,C-,C+,B,B+,interparfumsinc
YETI,Yeti Holdings Inc,Consumer Discretionary,Leisure Products,42.4,17.7479,1.6393,10.8958,4.889749976935141,9.74,6.24,27.27,0.1233,24.3,0.4809673085535153,24.061,9.74,6.24,24.061,0.4809673085535153,27.27,0.1233,24.3,47.9280177187154,59.82142857142857,66.36672140120416,80.38775510204081,50.0,61.61552151467377,0.48,0.6457142857142857,0.7028571428571428,0.7885714285714286,C,B-,B,B,yetiholdingsinc
ULTA,Ulta Beauty Inc,Consumer Discretionary,Other Specialty Retail,552.99,19.3708,1.8092,12.2097,8.711892657458886,5.21,11.16,45.4,0.1246,41.160000000000004,0.4031027748093009,1.0603,5.21,11.16,1.0603,0.4031027748093009,45.4,0.1246,41.160000000000004,39.09966777408638,66.97857142857143,77.28188286808977,70.56,50.0,61.60310194625833,0.38285714285714284,0.7371428571428571,0.8342857142857143,0.7028571428571428,C-,B,B+,B,ultabeautyinc
TRN,Trinity Industries Inc,Industrials,Construction Machinery & Heavy Transportation Equipment,27.48,6.4623,1.0739,6.8919,2.035751590893938,260.79,-18.95,31.569999999999997,0.3693,5.16,0.20081210778885192,0.3957,191.6919999999998,-5.83,0.3957,0.20081210778885192,31.569999999999997,0.28918,5.16,89.40687921755047,53.78813687637217,68.04032456356036,32.30376487944575,50.0,61.580181296441296,0.9558232931726908,0.5381526104417671,0.7028112449799196,0.285140562248996,A,C+,B,D+,trinityindustriesinc
SSD,Simpson Manufacturing Co Inc,Industrials,Building Products,174.29,19.0015,2.9729,11.8179,3.542450874383135,16.5,6.48,18.45,0.2061,15.7,0.3143256952947349,2.1347,16.5,6.48,2.1347,0.3143256952947349,18.45,0.2061,15.7,61.99491844930744,58.65352459464429,72.60443133076524,55.90967953446439,50.0,61.562478270839904,0.6867469879518072,0.6706827309236948,0.7670682730923695,0.5301204819277109,B-,B-,B,C+,simpsonmanufacturingcoinc
BJ,BJ's Wholesale Club Holdings Inc,Consumer Staples,Consumer Staples Merchandise Retail,96.81,20.5695,0.5361,11.0677,5.710729517528595,5.1,9.09,27.35,0.037599999999999995,21.2,0.6025275173257236,-0.0533,5.1,9.09,-0.0533,0.6025275173257236,27.35,0.037599999999999995,21.2,69.04761904761905,62.65771265771266,60.0,58.835978835978835,50.0,61.56064306064306,0.7714285714285715,0.6571428571428571,0.6642857142857143,0.5571428571428572,B,B-,B-,C+,bjswholesaleclubholdingsinc
CENT,Central Garden & Pet Co,Consumer Staples,Household Products,39.68,13.1507,0.7092,8.5832,1.5756848947888829,22.39,-1.16,10.15,0.0818,5.87,0.5994505494505494,18.72,22.39,-1.16,18.72,0.5994505494505494,10.15,0.0818,5.87,79.28571428571429,55.210918114143915,40.952380952380956,77.2811059907834,50.0,61.55792863050928,0.9071428571428571,0.5071428571428571,0.37142857142857144,0.8142857142857143,A-,C+,C-,B+,centralgardenpetco
FIS,Fidelity National Information Services Inc,Financials,Transaction & Payment Processing Services,34.31,5.2963,1.4633,9.2117,1.2688187153534092,3492.81,18.26,22.56,0.157,10.530000000000001,0.0025773195876289635,-44.4897,185.31,18.26,-34.223775,0.05421287231232435,22.56,0.157,10.530000000000001,81.51260504201682,76.082186570384,78.15126050420169,7.072829131652661,50.0,61.54696952696196,0.9201680672268907,0.9033613445378151,0.7815126050420168,0.037815126050420166,A-,A-,B,F,fidelitynationalinformationservicesinc
EWBC,East West Bancorp Inc,Financials,Regional Banks,126.72,12.0152,3.27879,,1.959050404734372,21.65,74.7411,16.189999999999998,0.5797675999999999,15.47,0.7600446428571428,17.9038,21.65,74.7411,17.9038,0.7600446428571428,16.189999999999998,0.5797675999999999,15.47,50.42016806722689,68.56777085263167,62.60504201680672,72.7338412000314,50.0,61.51662493154102,0.48739495798319327,0.819327731092437,0.6260504201680672,0.7394957983193278,C,B+,B-,B,eastwestbancorpinc
ENVA,Enova International Inc,Financials,Consumer Finance,170.02,12.1518,2.0972,10.6311,3.1436168049079027,43.8,22.52,25.759999999999998,0.4019,5.93,0.4074684713668256,41.2359,43.8,22.52,41.2359,0.4074684713668256,25.759999999999998,0.4019,5.93,40.96638655462185,59.327233654194245,83.61344537815127,67.5273745861981,50.0,61.51587963127176,0.35714285714285715,0.6680672268907563,0.8361344537815126,0.680672268907563,C-,B-,B+,B-,enovainternationalinc
USB,US Bancorp,Financials,Diversified Banks,58.58,11.2638,2.0972,,1.3976237056830652,18.72,84.11849,12.479999999999999,0.25222680000000003,5.52,0.6440275469009734,21.0075,18.72,83.28401599999997,21.0075,0.6440275469009734,12.479999999999999,0.25222680000000003,5.52,62.60504201680672,68.41786280269828,49.159663865546214,74.33551198257081,50.0,61.491851427642054,0.634453781512605,0.8067226890756303,0.49159663865546216,0.7605042016806722,B-,B+,C,B,usbancorp
KEX,Kirby Corp,Industrials,Marine Transportation,130.38,19.1442,1.9489,10.2316,2.073845967866363,23.27,6.56,10.45,0.1401,8.08,0.6506332352564922,53.2097,23.27,6.56,53.2097,0.6506332352564922,10.45,0.1401,8.08,69.38830150534109,57.978572264286555,44.72365653088544,81.48788102316502,50.0,61.42128016654695,0.8032128514056225,0.6546184738955824,0.41767068273092367,0.8353413654618473,B+,B-,C,B+,kirbycorp
LGND,Ligand Pharmaceuticals Inc,Health Care,Biotechnology,315.56,30.2946,20.564,47.9436,6.1342990830432,,54.89,20.06,0.3261,12.33,0.9321608040201006,80.8107,,50.35399999999998,80.8107,0.9321608040201006,20.06,0.3261,12.33,26.79214592773324,73.47861842105263,76.64473684210526,79.3092105263158,50.0,61.41678648193331,0.20394736842105263,0.8256578947368421,0.7894736842105263,0.8486842105263158,D+,B+,B,B+,ligandpharmaceuticalsinc
CRM,Salesforce Inc,Information Technology,Application Software,227.27,18.9724,4.172,22.821,3.569947535421445,59.27,11.23,20.150000000000002,0.18780000000000002,13.18,0.6592556397100742,-2.8761,59.27,11.23,-2.8761,0.6592556397100742,20.150000000000002,0.18780000000000002,13.18,64.64297672861208,54.52038493035243,66.85185185185185,62.95190180766896,50.0,61.368164492720254,0.7071823204419889,0.574585635359116,0.7016574585635359,0.6077348066298343,B,C+,B,B-,salesforceinc
ADBE,Adobe Inc,Information Technology,Application Software,231.01,12.5817,3.5289,9.9415,8.20846465716042,11.68,12.03,62.88,0.35700000000000004,40.589999999999996,0.23556861389561004,-33.5131,11.68,12.03,-33.5131,0.23556861389561004,62.88,0.35700000000000004,40.589999999999996,81.31592164741336,42.22244822901081,90.18518518518518,25.106916880150628,50.0,61.34114972998192,0.856353591160221,0.39226519337016574,0.9447513812154696,0.1878453038674033,B+,C-,A,D,adobeinc
ONB,Old National Bancorp,Financials,Regional Banks,25.32,10.8757,2.22033,,1.161446578961854,31.82,79.90764,10.459999999999999,0.43808169999999996,8.88,0.7440494861917967,16.6057,31.82,79.90764,16.6057,0.7440494861917967,10.459999999999999,0.43808169999999996,8.88,72.26890756302521,79.25933203288511,34.45378151260504,68.89813869473022,50.0,61.312166414430635,0.819327731092437,0.9201680672268907,0.3445378151260504,0.6932773109243697,B+,A-,C-,B-,oldnationalbancorp
EME,EMCOR Group Inc,Industrials,Construction & Engineering,765.52,23.207,1.7958,16.2108,9.276466624981216,33.41,18.92,38.49,0.1038,38.43,0.5182926829268292,21.9536,33.41,18.92,21.9536,0.5182926829268292,38.49,0.1038,29.789999999999996,54.99057454307024,57.423734566591705,76.0882987733246,60.27895254487338,50.0,61.31025575139172,0.5863453815261044,0.6305220883534136,0.8112449799196787,0.6024096385542169,C+,B-,B+,B-,emcorgroupinc
JBL,Jabil Inc,Information Technology,Electronic Manufacturing Services,322.02,38.3895,0.9852,23.0833,22.875775206188862,55.75,17.8,62.419999999999995,0.042800000000000005,18.59,0.5532895281119714,50.6851,55.75,17.8,50.6851,0.5532895281119714,62.419999999999995,0.042800000000000005,18.59,67.7580361627323,68.79706335441196,60.0,52.757426375593596,50.0,61.25040698668419,0.7569060773480663,0.7292817679558011,0.6353591160220995,0.4696132596685083,B,B,B-,C,jabilinc
SN,Sharkninja Inc,Consumer Discretionary,Household Appliances,183.0,36.0153,3.6235,25.6003,9.652407827417058,33.4,17.49,26.009999999999998,0.1376,20.419999999999998,0.896427930353617,67.5686,33.4,17.49,54.84940999999998,0.80102298550181,26.009999999999998,0.1376,20.419999999999998,10.713178294573645,86.42045454545455,66.73344280240832,97.92207792207792,50.0,61.23016176775198,0.045714285714285714,0.9142857142857143,0.7085714285714285,1.0,F,A-,B,A+,sharkninjainc
ATMU,Atmus Filtration Technologies Inc,Industrials,Industrial Machinery & Supplies & Components,44.04,16.9602,1.9204,12.6434,9.483816784029976,15.91,13.05,54.67999999999999,0.1716,18.22,0.06025104602510451,0.789,15.91,13.05,0.789,0.06025104602510451,54.67999999999999,0.1716,18.22,68.77851542223316,68.17150470786338,81.39059639920225,25.263197475734255,50.0,61.22921839207838,0.7911646586345381,0.7911646586345381,0.8795180722891566,0.22088353413654618,B,B,B+,D+,atmusfiltrationtechnologiesinc
UAL,United Airlines Holdings Inc,Industrials,Passenger Airlines,112.01,10.3709,0.5764,6.6787,2.3708931119003975,7.02,8.48,22.5,0.0775,8.74,0.5056345834103085,14.9672,7.02,8.48,14.9672,0.5056345834103085,22.5,0.0775,8.74,94.36439636095402,46.81070395356109,49.150342868070915,54.87497988932297,50.0,61.21582157583304,0.9919678714859438,0.41365461847389556,0.4779116465863454,0.5140562248995983,A+,C,C,C+,unitedairlinesholdingsinc
UHS,Universal Health Services Inc,Health Care,Health Care Facilities,176.64,6.9067,0.5818,5.65,1.4824985606402674,29.35,10.05,20.75,0.11359999999999999,12.6,0.34409411764705855,-9.493,29.35,10.05,-9.493,0.34409411764705855,20.75,0.11359999999999999,12.6,95.82897641454629,62.59909518924748,63.81578947368421,18.771929824561404,50.0,61.185396474819406,1.0,0.6842105263157895,0.6578947368421053,0.13815789473684212,A+,B-,B-,D,universalhealthservicesinc
SHOO,Steven Madden Ltd,Consumer Discretionary,Footwear,44.88,22.9434,1.1994,15.646,3.76459535632801,56.95,18.15,16.05,0.075,12.709999999999999,0.7376156777354382,37.7982,56.95,18.15,37.7982,0.7376156777354382,16.05,0.075,12.709999999999999,34.605758582502766,89.80654761904762,45.52599890530925,90.54761904761905,50.0,61.103772705286346,0.29714285714285715,0.9485714285714286,0.4228571428571429,0.9085714285714286,D+,A,C,A-,stevenmaddenltd
MEDP,Medpace Holdings Inc,Health Care,Life Sciences Tools & Services,616.65,35.1533,6.21,27.4463,38.015769778495645,26.78,24.67,110.14999999999999,0.2097,110.14999999999999,0.7991144637586094,26.8327,26.78,24.67,26.8327,0.7991144637586094,108.10399999999996,0.2097,30.006499999999996,36.70413616823516,79.2982456140351,89.69298245614034,43.110047846889955,50.0,61.08093834827889,0.3684210526315789,0.8947368421052632,0.9407894736842105,0.40789473684210525,C-,B+,A,C,medpaceholdingsinc
SR,Spire Inc,Utilities,Gas Utilities,77.14,8.3104,1.7974,13.7027,1.3427912441794683,89.9,4.12,15.879999999999999,0.20629999999999998,5.55,0.06628982528263133,-2.0053,89.9,4.12,-2.0053,0.06628982528263133,15.879999999999999,0.20629999999999998,5.55,68.39080459770115,61.14587896614306,69.54022988505747,46.82520808561237,50.0,61.07697603104074,0.7672413793103449,0.6724137931034483,0.7327586206896551,0.5172413793103449,B,B-,B,C+,spireinc
MCK,McKesson Corp,Health Care,Health Care Distributors,851.22,21.8517,0.2442,15.5235,27.08123224347085,49.07,8.84,39.43,0.0158,16.23,0.4790792766752443,17.6669,49.07,8.84,17.6669,0.4790792766752443,39.43,0.0158,16.23,79.31334959916347,65.94918001525554,60.0,40.02192982456141,50.0,61.022559367754255,0.8881578947368421,0.7368421052631579,0.5789473684210527,0.3618421052631579,B+,B,C+,C-,mckessoncorp
FHI,Federated Hermes Inc,Financials,Asset Management & Custody Banks,57.56,10.3934,2.2011,7.8413,3.67380023870766,19.59,15.25,34.03,0.2751,26.419999999999998,0.5306718597857839,12.0326,19.59,15.25,12.0326,0.5306718597857839,34.03,0.2751,26.419999999999998,49.159663865546214,47.026740205771475,91.59663865546219,56.72829131652661,50.0,60.94008193471172,0.47058823529411764,0.4411764705882353,0.9159663865546218,0.592436974789916,C,C,A-,C+,federatedhermesinc
AMZN,Amazon.com Inc,Consumer Discretionary,Broadline Retail,246.15,19.5911,3.4168,16.1469,6.425835959098112,89.71,15.77,30.5,0.1208,24.19,0.5498903508771931,14.4488,89.71,15.77,14.4488,0.5498903508771931,30.5,0.1208,24.19,24.116279069767444,92.93956043956044,66.75314723590587,72.92307692307693,50.0,60.8898840489458,0.14857142857142858,0.9657142857142857,0.7142857142857143,0.72,D,A,B,B,amazoncominc
MYRG,MYR Group Inc,Industrials,Construction & Engineering,291.8,27.6425,1.1406,19.288,6.858571922162966,120.06,16.06,24.169999999999998,0.056299999999999996,22.86,0.3346477103134083,51.6902,120.06,16.06,51.6902,0.3346477103134083,24.169999999999998,0.056299999999999996,22.86,49.965303390432474,73.77385430956859,59.547304865721394,68.76419965576592,50.0,60.88576285710537,0.5140562248995983,0.8514056224899599,0.6024096385542169,0.7108433734939759,C+,B+,B-,B,myrgroupinc
C,Citigroup Inc,Financials,Diversified Banks,131.31,12.3718,1.09533,,1.080924008515024,35.24,99.23775,8.41,0.2301502,1.87,0.6933701657458563,31.5052,35.24,83.28401599999997,31.5052,0.6933701657458563,8.41,0.2301502,1.87,68.0672268907563,84.64361236178118,18.907563025210084,86.0566448801743,50.0,60.8837489273827,0.7226890756302521,0.9663865546218487,0.18907563025210083,0.8781512605042017,B,A,D,B+,citigroupinc
PBI,Pitney Bowes Inc,Industrials,Office Services & Supplies,16.45,11.986,1.2033,8.6641,47.20229555236729,58.9,-5.31,5.27,0.1925,0.13,0.7411067193675889,42.0642,58.9,-5.31,42.0642,0.7411067193675889,5.27,0.1925,0.13,84.14884025899516,44.71029742458313,33.99994535966997,86.7775024745765,50.0,60.834756384498206,0.8995983935742972,0.37751004016064255,0.28112449799196787,0.891566265060241,B+,C-,D+,B+,pitneybowesinc
WSFS,WSFS Financial Corp,Financials,Regional Banks,76.13,12.5234,2.33073,,1.4847536299720132,30.7,54.50711,11.72,0.381658,10.58,0.7937613567534827,41.0996,30.7,54.50711,41.0996,0.7937613567534827,11.72,0.381658,10.58,54.41176470588236,63.482983189012614,44.11764705882353,92.44639912039582,50.0,60.81822940305817,0.542016806722689,0.7436974789915967,0.4411764705882353,0.9411764705882353,C+,B,C,A,wsfsfinancialcorp
FCX,Freeport-McMoRan Inc,Materials,Copper,71.96,34.7936,3.9611,11.8824,5.4677111747676825,53.11,-24.23,15.260000000000002,0.2676,10.27,0.8163672654690618,104.6123,53.11,-16.235,79.35161499999998,0.8163672654690618,15.260000000000002,0.2676,10.27,39.70588235294118,39.192343604108316,75.0,96.49859943977592,50.0,60.81465919701214,0.4117647058823529,0.27941176470588236,0.8088235294117647,1.0,C,D+,B+,A+,freeportmcmoraninc
HON,Honeywell International Inc,Industrials,Industrial Conglomerates,211.52,7.8123,1.7261,7.9006,8.69761876369797,169.74,-0.11,53.6,0.2884,16.689999999999998,0.04856703854632915,-45.7116,169.74,-0.11,-37.95569999999999,0.04856703854632915,53.6,0.2884,16.689999999999998,82.82982269212907,55.57645400502544,88.1916782777368,9.612392426850258,50.0,60.79314452884161,0.891566265060241,0.5823293172690763,0.9678714859437751,0.040160642570281124,B+,C+,A,F,honeywellinternationalinc
META,Meta Platforms Inc,Communication Services,Interactive Media & Services,725.56,28.1192,8.3894,18.0844,8.449831599640373,-3.69,27.65,29.73,0.38079999999999997,23.74,0.7909563598593304,0.3672,-3.69,27.65,0.3672,0.7909563598593304,29.73,0.367945,23.74,26.004228329809724,68.74653608815598,86.36363636363637,69.74042357978439,50.0,60.78935810694961,0.22727272727272727,0.8181818181818182,0.8863636363636364,0.7045454545454546,D+,B+,B+,B,metaplatformsinc
VICR,Vicor Corp,Industrials,Electrical Components & Equipment,287.58,87.8596,26.9248,112.3893,18.291682303029532,115.29,24.95,19.830000000000002,0.1864,19.830000000000002,0.7162851771165956,440.7748,115.29,24.95,75.1288999999999,0.7162851771165956,19.830000000000002,0.1864,19.830000000000002,4.696336365871653,90.20785920545825,73.19673250826435,91.18215134590841,50.0,60.75126932880733,0.012048192771084338,0.9799196787148594,0.7710843373493976,0.9397590361445783,F,A+,B,A,vicorcorp
ESE,ESCO Technologies Inc,Industrials,Industrial Machinery & Supplies & Components,266.04,21.8939,5.3401,24.6528,4.459568190961513,173.22,16.55,19.97,0.1542,18.17,0.42951267287944456,28.1011,173.22,16.55,28.1011,0.42951267287944456,19.97,0.1542,18.17,32.22905226347567,90.90195991508185,68.3665273338251,62.086179551062116,50.0,60.74652279255399,0.25301204819277107,0.9839357429718876,0.7068273092369478,0.6224899598393574,D+,A+,B,B-,escotechnologiesinc
AAPL,Apple Inc,Information Technology,"Technology Hardware, Storage & Peripherals",338.4,38.4816,10.6281,29.8063,67.80204367862152,32.61,14.24,137.17999999999998,0.3317,70.25,0.9319073783359498,32.7792,32.61,14.24,32.7792,0.9319073783359498,114.73149999999994,0.3317,61.4965,40.59203917629332,49.65617941618997,93.7037037037037,61.16643517804047,50.0,60.738458638845344,0.3812154696132597,0.4861878453038674,0.9723756906077348,0.5911602209944752,C-,C,A+,C+,appleinc
KRYS,Krystal Biotech Inc,Health Care,Biotechnology,336.22,41.5804,22.7936,47.2142,8.04793045010197,62.37,22.63,19.34,0.4489,19.34,0.7936557439130338,114.5951,62.37,22.63,114.5951,0.7936557439130338,19.34,0.40932999999999975,19.34,20.43394911118857,74.85404564924016,84.3201754385965,72.67543859649123,50.0,60.694427986592544,0.09210526315789473,0.8552631578947368,0.8914473684210527,0.7368421052631579,D-,B+,B+,B,krystalbiotechinc
AAMI,Acadian Asset Management Inc,Financials,Asset Management & Custody Banks,93.79,32.8739,4.9864,20.3603,55.235571260306244,18.22,24.21,161.82000000000002,0.2347,31.369999999999997,0.9170902716914988,95.3798,18.22,24.21,49.25565499999992,0.8514107033572301,44.400499999999866,0.2347,29.45649999999999,6.72268907563025,52.2993798898152,97.68907563025209,95.4173669467787,50.0,60.64629054378936,0.031512605042016806,0.5546218487394958,0.976890756302521,0.9726890756302521,F,C+,A+,A+,acadianassetmanagementinc
DLX,Deluxe Corp,Industrials,Commercial Printing,23.88,10.9228,0.5201,9.1012,1.5793650793650793,70.11,0.29,14.64,0.1188,4.760000000000001,0.4276729559748426,26.5869,70.11,0.29,26.5869,0.4276729559748426,14.64,0.1188,4.760000000000001,91.76843428134305,51.708619565762426,40.05709914487884,61.517759349084656,50.0,60.601659139524884,0.9759036144578314,0.4939759036144578,0.36947791164658633,0.6184738955823293,A+,C,C-,B-,deluxecorp
OXY,Occidental Petroleum Corp,Energy,Oil & Gas Exploration & Production,55.38,7.7991,2.6106,5.0957,1.5154044225291219,195.82,1.53,18.970000000000002,0.2614,12.770000000000001,0.5787085514834207,21.0045,195.82,1.53,21.0045,0.5787085514834207,18.970000000000002,0.2614,12.770000000000001,67.66169154228857,54.754635911352324,70.14925373134328,50.746268656716424,50.0,60.55291723202171,0.8059701492537313,0.6119402985074627,0.7238805970149254,0.4626865671641791,B+,B-,B,C,occidentalpetroleumcorp
SFM,Sprouts Farmers Market Inc,Consumer Staples,Food Retail,65.05,11.5878,0.6472,6.8604,4.447376697250215,7.54,7.2,34.839999999999996,0.07440000000000001,32.84,0.047513198110586234,-43.8847,7.54,7.2,-36.83031,0.047513198110586234,34.839999999999996,0.07440000000000001,28.479999999999983,84.76190476190477,68.19604896527974,75.0,9.523809523809524,50.0,60.48444788829405,0.9714285714285714,0.7571428571428571,0.8,0.04285714285714286,A+,B,B,F,sproutsfarmersmarketinc
UMBF,UMB Financial Corp,Financials,Regional Banks,133.1,10.7736,2.36702,,1.3141318041617793,40.79,72.21914,12.17,0.3178459,8.25,0.5951141369643572,14.3266,40.79,72.21914,14.3266,0.5951141369643572,12.17,0.3178459,8.25,67.85714285714286,81.25132641987511,46.21848739495798,53.53962145605906,50.0,60.47709713821204,0.7184873949579832,0.9327731092436975,0.46218487394957986,0.5630252100840336,B,A,C,C+,umbfinancialcorp
AA,Alcoa Corp,Materials,Aluminum,42.25,8.7191,0.8185,10.4594,1.8169464119071272,24.14,6.46,19.16,0.0361,14.01,0.21355236139630396,36.248,24.14,6.46,36.248,0.21355236139630396,19.16,0.0361,14.01,80.3921568627451,49.31798806479114,60.0,52.42966751918158,50.0,60.447570332480815,0.8970588235294118,0.45588235294117646,0.6176470588235294,0.5,B+,C,B-,C,alcoacorp
PRGS,Progress Software Corp,Information Technology,Systems Software,39.08,17.415,1.5449,9.8523,3.4587131604566776,60.3,15.5,18.16,0.17329999999999998,4.8,0.6479830148619957,-4.5146,60.3,15.5,-4.5146,0.6479830148619957,18.16,0.17329999999999998,4.8,86.66185334003013,60.55791589829369,52.40740740740741,42.671593867001135,50.0,60.41321713991836,0.9116022099447514,0.6243093922651933,0.5359116022099447,0.36464088397790057,A-,B-,C+,C-,progresssoftwarecorp
MOG-A,Moog Inc,Industrials,Aerospace & Defense,387.06,31.4827,2.8749,25.07,6.495875674450999,86.78,15.72,18.58,0.1056,11.77,0.7591223916740962,88.784,86.78,15.72,75.1288999999999,0.7591223916740962,18.58,0.1056,11.77,29.54074802611808,74.45799332445294,55.40365543807885,96.08057596164645,50.0,60.34381472326911,0.2248995983935743,0.8634538152610441,0.5582329317269076,0.9879518072289156,D+,B+,C+,A+,mooginc
BLKB,Blackbaud Inc,Information Technology,Application Software,42.36,12.5225,1.6434,13.0836,23.260666630058758,71.88,0.63,204.42999999999998,0.1979,12.540000000000001,0.3718147573676048,-32.0057,71.88,0.63,-32.0057,0.3718147573676048,114.73149999999994,0.1979,12.540000000000001,86.38874937217479,40.49232547094302,76.85185185185185,31.912939699784975,50.0,60.29120334015225,0.9060773480662984,0.35911602209944754,0.8066298342541437,0.26519337016574585,A-,C-,B+,D+,blackbaudinc
NWN,Northwest Natural Holding Co,Utilities,Gas Utilities,46.75,15.6057,1.5208,9.773,1.3172873179748432,18.85,4.41,8.34,0.2285,3.09,0.25303152789005673,7.6677,18.85,4.41,7.6677,0.25303152789005673,8.34,0.2285,3.09,86.78160919540228,55.68037215512026,31.034482758620687,73.38882282996433,50.0,60.267861985522664,0.9137931034482759,0.5862068965517241,0.20689655172413793,0.7068965517241379,A-,C+,D+,B,northwestnaturalholdingco
STRL,Sterling Infrastructure Inc,Industrials,Construction & Engineering,511.83,34.9831,4.3899,23.6697,14.166657440519026,50.75,60.83,36.67,0.1752,29.43,0.31798085403097526,51.368,50.75,36.967999999999954,51.368,0.31798085403097526,36.67,0.1752,29.43,22.46318607764391,77.89823673752245,83.35573586864466,66.06142939103353,50.0,60.24666371228334,0.14457831325301204,0.8995983935742972,0.9116465863453815,0.6827309236947792,D,B+,A-,B-,sterlinginfrastructureinc
CDE,"Coeur Mining, Inc",Materials,Gold,17.87,21.9692,5.8914,11.6726,3.463312531493469,211.84,117.26,12.49,0.3369,11.57,0.30379746835443044,5.6044,211.84,46.40449999999998,5.6044,0.30379746835443044,12.49,0.3369,11.57,44.117647058823536,91.13384484228473,75.49019607843137,35.54987212276215,50.0,60.23870417732311,0.47058823529411764,0.9558823529411765,0.8235294117647058,0.3235294117647059,C,A,B+,C-,coeurmininginc
VZ,Verizon Communications Inc,Communication Services,Integrated Telecommunication Services,46.79,12.5306,1.459,7.687,1.888970977105462,-10.78,1.38,15.52,0.2059,6.11,0.6320541760722347,8.6044,-10.78,1.38,8.6044,0.6320541760722347,15.52,0.2059,6.11,72.55109231853419,40.43228585695725,59.09090909090909,71.11732382145956,50.0,60.22042228804418,0.8409090909090909,0.29545454545454547,0.5454545454545454,0.7272727272727273,B+,D+,C+,B,verizoncommunicationsinc
IQV,IQVIA Holdings Inc,Health Care,Life Sciences Tools & Services,271.01,32.4053,2.6236,17.3615,7.068006843455945,16.8,8.17,21.95,0.1292,6.279999999999999,0.9480065093572011,53.0194,16.8,8.17,53.0194,0.9480065093572011,21.95,0.1292,6.279999999999999,56.05466480771465,55.357118091671865,58.55263157894737,77.44816586921849,50.0,60.21288088884358,0.5789473684210527,0.5921052631578947,0.5723684210526315,0.8289473684210527,C+,C+,C+,B+,iqviaholdingsinc
FULT,Fulton Financial Corp,Financials,Regional Banks,22.97,11.0428,2.12687,,1.183855855112948,21.65,55.27646,11.15,0.3345719,8.57,0.7381228273464656,23.5638,21.65,55.27646,23.5638,0.7381228273464656,11.15,0.3345719,8.57,71.00840336134453,58.344428213355044,39.49579831932773,79.3764234665829,50.0,60.17022075615565,0.7962184873949579,0.6470588235294118,0.3949579831932773,0.8151260504201681,B,B-,C-,B+,fultonfinancialcorp
SANM,Sanmina Corp,Information Technology,Electronic Manufacturing Services,223.5,37.701,0.9102,21.1462,5.070637266801732,19.62,58.56,12.57,0.0415,7.41,0.6343132854578096,98.6654,19.62,54.72500000000002,98.6654,0.6343132854578096,12.57,0.0415,7.41,70.9411099949774,74.42514031477911,35.55555555555555,68.26169678958345,50.0,60.16153380850575,0.7790055248618785,0.8342541436464088,0.3011049723756906,0.7182320441988951,B,B+,C-,B,sanminacorp
FIBK,First Interstate Bancsystem Inc,Financials,Regional Banks,36.33,10.6825,2.2313,,1.0656146423019386,45.92,104.1652,9.55,0.3286886,7.779999999999999,0.6286956521739128,12.9091,45.92,83.28401599999997,12.9091,0.6286956521739128,9.55,0.3286886,7.779999999999999,77.52100840336135,89.54411683431643,28.15126050420168,53.99198931909211,50.0,60.125288457572466,0.8886554621848739,0.9915966386554622,0.2815126050420168,0.5672268907563025,B+,A+,D+,C+,firstinterstatebancsysteminc
CATY,Cathay General Bancorp,Financials,Regional Banks,60.74,11.7785,3.2522,,1.3952793889622697,23.41,54.98545,11.709999999999999,0.5396866,11.23,0.7817258883248733,27.0416,23.41,54.98545,27.0416,0.7817258883248733,11.709999999999999,0.5396866,11.23,59.45378151260504,59.28980876478688,43.69747899159664,86.84520537186836,50.0,60.01481795338147,0.6050420168067226,0.6638655462184874,0.4369747899159664,0.8865546218487395,B-,B-,C,B+,cathaygeneralbancorp
SAIC,Science Applications International Corp,Industrials,Diversified Support Services,129.22,14.6212,0.7506,10.5675,3.7904543441211587,3.48,-0.78,25.89,0.08,9.610000000000001,0.7817371648305966,36.43,3.48,-0.78,36.43,0.7817371648305966,25.89,0.08,9.610000000000001,84.91052645957983,21.42274753881897,52.882004207305414,81.16369001050585,50.0,59.96542017658628,0.9116465863453815,0.09236947791164658,0.5220883534136547,0.8273092369477911,A-,D-,C+,B+,scienceapplicationsinternationalcorp
RS,Reliance Inc,Materials,Steel,388.34,21.9201,1.2396,13.8833,2.8020214614323393,25.54,15.44,12.33,0.0782,10.17,0.741300445834057,38.0284,25.54,15.44,38.0284,0.741300445834057,12.33,0.0782,10.17,52.94117647058824,63.4446351484891,52.94117647058824,78.8235294117647,50.0,59.92422114734488,0.6029411764705882,0.6911764705882353,0.5,0.7941176470588235,B-,B-,C,B,relianceinc
BR,Broadridge Financial Solutions Inc,Industrials,Data Processing & Outsourced Services,162.92,16.3649,2.4606,14.7738,6.544338576730883,35.62,8.53,40.239999999999995,0.174,18.65,0.2773048360804202,-30.275,35.62,8.53,-30.275,0.2773048360804202,40.239999999999995,0.174,18.65,60.81031609430921,69.1178145758891,80.02568095511297,29.23792312105565,50.0,59.880146801744495,0.6586345381526104,0.8072289156626506,0.8473895582329317,0.25301204819277107,B-,B+,B+,D+,broadridgefinancialsolutionsinc
AMKR,Amkor Technology Inc,Information Technology,Semiconductors,53.18,23.2952,1.735,10.5225,2.9414530269089303,81.73,17.93,12.370000000000001,0.0861,8.780000000000001,0.36635105608157315,83.8477,81.73,17.93,83.8477,0.36635105608157315,12.370000000000001,0.0861,8.780000000000001,80.91620626151013,63.2879009382201,43.51851851851851,55.53855753233731,50.0,59.87397288911864,0.850828729281768,0.6629834254143646,0.4088397790055249,0.5138121546961326,B+,B-,C,C+,amkortechnologyinc
MO,Altria Group Inc,Consumer Staples,Tobacco,68.46,14.4671,4.9173,12.4182,44.815396700706984,-8.27,-0.58,149.65,0.4678,14.12,0.615384615384615,5.5683,-8.27,-0.58,5.5683,0.615384615384615,137.46399999999994,0.34928499999999985,14.12,47.142857142857146,37.123745819397996,88.57142857142856,67.5776397515528,50.0,59.86884854276158,0.4714285714285714,0.2857142857142857,0.9857142857142858,0.6428571428571429,C,D+,A+,B-,altriagroupinc
NBIX,Neurocrine Biosciences Inc,Health Care,Biotechnology,138.85,20.0503,4.1926,16.5432,4.2725048848408385,101.29,34.42,21.13,0.23559999999999998,21.13,0.26117536730228186,-1.7673,101.29,34.42,-1.7673,0.26117536730228186,21.13,0.23559999999999998,21.13,58.47420704078076,87.54721513231239,79.82456140350877,13.26754385964912,50.0,59.73764390946468,0.618421052631579,0.9671052631578947,0.8519736842105263,0.10526315789473684,B-,A,B+,D,neurocrinebiosciencesinc
MNST,Monster Beverage Corp,Consumer Staples,Soft Drinks & Non-alcoholic Beverages,41.45,38.2065,8.8178,28.1629,4.9118358060387735,34.59,20.37,24.959999999999997,0.2916,24.959999999999997,0.5174322080796901,33.4675,34.59,20.37,33.4675,0.5174322080796901,24.959999999999997,0.2916,24.959999999999997,9.04761904761905,81.9662480376766,84.76190476190477,74.28571428571428,50.0,59.70277341705913,0.02857142857142857,0.9285714285714286,0.8857142857142857,0.7428571428571429,F,A-,B+,B,monsterbeveragecorp
HOPE,Hope Bancorp Inc,Financials,Regional Banks,13.64,13.3796,1.95924,,0.7658618753509265,186.09,57.85491,5.74,0.3576271,5.48,0.8010012515644558,27.583,185.31,57.85491,27.583,0.8010012515644558,5.74,0.3576271,5.48,72.05882352941177,83.34717081084116,8.403361344537815,89.57354904578654,50.0,59.699690189812934,0.8109243697478992,0.9495798319327731,0.08403361344537816,0.9243697478991597,B+,A,D-,A-,hopebancorpinc
AR,Antero Resources Corp,Energy,Oil & Gas Exploration & Production,34.34,9.929,1.7552,5.8512,1.403058618759474,153.24,25.76,13.86,0.2409,11.04,0.31471471471471485,2.79,153.24,25.76,2.79,0.31471471471471485,13.86,0.2409,11.04,67.16417910447761,84.23714759535655,62.6865671641791,26.898839137645105,50.0,59.68988391376451,0.7910447761194029,0.9402985074626866,0.6119402985074627,0.19402985074626866,B,A,B-,D,anteroresourcescorp
CART,Maplebear Inc,Consumer Staples,Food Retail,43.34,20.8302,2.504,15.1005,4.19234080422523,6.57,12.61,16.72,0.14730000000000001,16.72,0.5318295739348373,1.8392,6.57,12.61,1.8392,0.5318295739348373,16.72,0.14730000000000001,16.72,40.95238095238095,72.29501267962806,68.57142857142857,64.23280423280423,50.0,59.68651576343884,0.37142857142857144,0.8571428571428571,0.7214285714285714,0.5714285714285714,C-,B+,B,C+,maplebearinc
FERG,Ferguson Enterprises Inc,Industrials,Trading Companies & Distributors,227.3,17.9809,1.3736,12.6291,7.5696017050752635,33.62,3.66,40.62,0.1058,23.61,0.2549151403125528,-1.167,33.62,3.66,-1.167,0.2549151403125528,40.62,0.1058,23.61,71.45807720678633,56.39586261706077,74.17698002895936,34.98962274377298,50.0,59.68586138110318,0.8192771084337349,0.5983935742971888,0.7911646586345381,0.321285140562249,B+,C+,B,C-,fergusonenterprisesinc
LUV,Southwest Airlines Co,Industrials,Passenger Airlines,42.53,24.4071,0.6793,12.2472,2.7474870151683506,141.54,9.46,11.27,0.0346,6.69,0.5133462282398453,33.6674,141.54,9.46,33.6674,0.5133462282398453,11.27,0.0346,6.69,72.81206458487009,77.15997001711287,26.601098270633553,71.96860002367748,50.0,59.67900472203398,0.8273092369477911,0.891566265060241,0.20080321285140562,0.7389558232931727,B+,B+,D+,B,southwestairlinesco
A,Agilent Technologies Inc,Health Care,Life Sciences Tools & Services,175.21,34.0977,6.6604,26.8543,7.357066075447613,18.74,8.6,20.47,0.2223,13.669999999999998,1.0,41.759,18.74,8.6,41.759,0.9928328932685071,20.47,0.2223,13.669999999999998,36.266991983269435,60.006587615283266,74.34210526315788,74.88038277511961,50.0,59.62966838968741,0.34868421052631576,0.6381578947368421,0.7763157894736842,0.7697368421052632,C-,B-,B,B,agilenttechnologiesinc
CARG,CarGurus Inc,Communication Services,Interactive Media & Services,30.81,15.6087,2.9142,8.9879,7.812262285105735,50.61,2.53,56.25,0.2939,56.25,0.29804651413697986,-15.4511,50.61,2.53,-15.4511,0.29804651413697986,56.25,0.2939,44.84,55.073995771670184,53.733903453229836,92.04545454545455,35.44061909495046,50.0,59.61476708891724,0.6136363636363636,0.5909090909090909,0.9772727272727273,0.3181818181818182,B-,C+,A+,C-,cargurusinc
LEA,Lear Corp,Consumer Discretionary,Automotive Parts & Equipment,120.48,10.7335,0.2518,8.7167,1.211876144809543,25.31,3.54,10.9,0.0365,7.08,0.45017498618530105,22.3918,25.31,3.54,22.3918,0.45017498618530105,10.9,0.0365,7.08,82.89811738648946,58.854166666666664,26.223316912972084,77.51785714285715,50.0,59.55476333677015,0.92,0.6057142857142858,0.2057142857142857,0.76,A-,B-,D+,B,learcorp
GDDY,GoDaddy Inc,Information Technology,Internet Services & Infrastructure,93.71,13.1663,2.3482,10.7321,58.700826860435974,20.13,7.41,660.9499999999999,0.2484,23.24,0.30831416823472,-31.1991,20.13,7.41,-31.1991,0.30831416823472,114.73149999999994,0.2484,23.24,84.59421563703332,43.069070379887805,86.01851851851852,16.13713148791392,50.0,59.4944239124483,0.8895027624309392,0.40331491712707185,0.8950276243093923,0.08839779005524862,B+,C,B+,D-,godaddyinc
NTNX,Nutanix Inc,Information Technology,Systems Software,68.42,12.4023,6.5491,70.2178,26.37523611271732,705.43,12.44,180.70999999999998,0.096,61.809999999999995,0.7743024302430243,-11.0254,703.5419999999999,12.44,-11.0254,0.7743024302430243,114.73149999999994,0.096,61.4965,48.01816507617613,66.37895883463241,78.51851851851852,47.62604906436506,50.0,59.43517247847316,0.5027624309392266,0.7016574585635359,0.8342541436464088,0.4088397790055249,C+,B,B+,C,nutanixinc
FOXA,Fox Corp,Communication Services,Broadcasting,63.06,14.9843,1.4743,7.3634,2.2754663876159205,-21.76,5.07,14.74,0.1953,9.34,0.524777183600713,4.7153,-21.76,5.07,4.7153,0.524777183600713,14.74,0.1953,9.34,69.92600422832982,48.443746071653045,60.98484848484848,59.9920177383592,50.0,59.41486594029703,0.7840909090909091,0.48863636363636365,0.6477272727272727,0.6136363636363636,B,C,B-,B-,foxcorp
ZBRA,Zebra Technologies Corp,Information Technology,Electronic Equipment & Instruments,372.89,31.6353,2.9163,19.7216,5.154044976433675,3.28,12.66,15.14,0.1467,8.86,0.9287317021049256,22.542,3.28,12.66,22.542,0.9287317021049256,15.14,0.1467,8.86,66.7629331993973,49.11592793502152,53.333333333333336,72.76952992376309,50.0,59.40115820493958,0.7237569060773481,0.47513812154696133,0.5524861878453039,0.7790055248618785,B,C,C+,B,zebratechnologiescorp
SKYW,SkyWest Inc,Industrials,Passenger Airlines,101.12,9.5663,0.9358,5.8785,1.4680156383153244,2.47,9.1,15.02,0.14029999999999998,8.04,0.5832287220687925,0.6593,2.47,9.1,0.6593,0.5832287220687925,15.02,0.14029999999999998,8.04,91.02641859956834,45.19892734178448,49.89153894489524,50.427317736554684,50.0,59.35473840178373,0.9678714859437751,0.3855421686746988,0.4859437751004016,0.46987951807228917,A,C-,C,C,skywestinc
ANET,Arista Networks Inc,Information Technology,Communications Equipment,204.92,64.4083,24.7141,55.6547,20.814203876000487,24.69,32.57,30.78,0.4314,30.78,0.9006675301384875,44.38,24.69,32.57,44.38,0.9006675301384875,30.78,0.4314,30.78,18.793947764942235,70.47290565006845,86.2962962962963,69.93191510994347,50.0,59.35352516731202,0.12154696132596685,0.7513812154696132,0.9005524861878453,0.7458563535911602,D,B,A-,B,aristanetworksinc
CTSH,Cognizant Technology Solutions Corp,Information Technology,IT Consulting & Other Services,56.75,11.5553,1.1853,6.5519,1.8104036801439392,-5.4,5.64,14.940000000000001,0.1588,14.149999999999999,0.3937937937937938,-14.0093,-5.4,5.64,-14.0093,0.3937937937937938,14.940000000000001,0.1588,14.149999999999999,94.62790892348903,34.001830620772864,61.48148148148149,42.38459892866,50.0,59.304633511129204,0.988950276243094,0.2541436464088398,0.6519337016574586,0.35359116022099446,A+,D+,B-,C-,cognizanttechnologysolutionscorp
WSM,Williams-Sonoma Inc,Consumer Discretionary,Homefurnishing Retail,230.43,22.9514,3.3805,14.721,13.14159594853545,11.05,2.24,57.79,0.19210000000000002,57.79,0.7263369881405238,15.31,11.05,2.24,15.31,0.7263369881405238,57.79,0.19210000000000002,41.3595,23.58471760797342,48.27922077922078,87.20087575259988,84.72727272727272,50.0,59.29769704144203,0.13714285714285715,0.4514285714285714,0.9657142857142857,0.8342857142857143,D,C,A,B+,williamssonomainc
YUM,Yum! Brands Inc,Consumer Discretionary,Restaurants,138.35,17.3642,4.4142,17.0458,63.78515444905486,57.23,10.28,117.63999999999999,0.3099,26.46,0.11399108138238584,-7.8319,57.23,10.28,-7.8319,0.11399108138238584,117.63999999999999,0.2860499999999996,26.46,24.096345514950162,80.45634920634922,91.19211822660098,46.74603174603175,50.0,59.26259212586398,0.14285714285714285,0.8857142857142857,0.9885714285714285,0.45714285714285713,D,B+,A+,C,yumbrandsinc
EXLS,Exlservice Holdings Inc,Industrials,Data Processing & Outsourced Services,34.6,20.8195,2.3264,13.8773,5.930140883693826,10.07,13.63,28.49,0.149,20.14,0.5007704160246533,-19.5974,10.07,13.63,-19.5974,0.5007704160246533,28.49,0.149,20.14,58.02311285960167,61.528853609598954,74.36384995765376,44.03442340791739,50.0,59.20939610781712,0.6265060240963856,0.7068273092369478,0.7951807228915663,0.39759036144578314,B-,B,B,C-,exlserviceholdingsinc
CACC,Credit Acceptance Corp,Financials,Specialized Finance,550.0,11.2866,2.4315,10.88,3.8553933097009407,28.75,2.58,32.35,0.4702,6.35,0.5547647587653581,19.1424,28.75,2.58,19.1424,0.5547647587653581,32.35,0.4702,6.35,42.85714285714286,37.838680570533526,89.91596638655463,66.91998538545855,50.0,59.14501050212279,0.3739495798319328,0.3067226890756303,0.8991596638655462,0.6722689075630253,C-,C-,B+,B-,creditacceptancecorp
DRI,Darden Restaurants Inc,Consumer Discretionary,Restaurants,197.02,19.2233,1.7003,11.7777,10.183438344764848,9.83,8.1,55.900000000000006,0.11689999999999999,20.06,0.46113968319275894,6.8068,9.83,8.1,6.8068,0.46113968319275894,55.900000000000006,0.11689999999999999,20.06,42.74861572535991,60.570436507936506,70.39518336070061,68.52380952380952,50.0,59.10479897786434,0.42857142857142855,0.6571428571428571,0.7542857142857143,0.6971428571428572,C,B-,B,B-,dardenrestaurantsinc
JNJ,Johnson & Johnson,Health Care,Pharmaceuticals,270.2,31.1855,6.6992,21.1583,7.978833354003885,-7.75,8.06,25.740000000000002,0.25730000000000003,16.04,0.8966337010270065,52.6023,-7.75,8.06,52.6023,0.8966337010270065,25.740000000000002,0.25730000000000003,16.04,41.9934355756942,41.1972486828801,80.04385964912281,76.7686658506732,50.0,59.10250671291491,0.4342105263157895,0.375,0.8618421052631579,0.8223684210526315,C,C-,B+,B+,johnsonjohnson
PR,Permian Resources Corp,Energy,Oil & Gas Exploration & Production,21.17,14.4847,3.1175,5.3577,1.7221462970193937,-1.68,12.81,11.32,0.3132,8.62,0.7269098081743957,56.0263,-1.68,12.81,56.0263,0.7269098081743957,11.32,0.3132,8.62,56.716417910447774,44.522840343735865,58.208955223880594,82.23548922056385,50.0,59.083009196442035,0.6417910447761194,0.40298507462686567,0.5223880597014925,0.8507462686567164,B-,C,C+,B+,permianresourcescorp
NATL,NCR Atleos Corp,Financials,Transaction & Payment Processing Services,45.71,17.3733,0.7706,7.6137,8.359393573636181,39.26,3.49,49.220000000000006,0.10859999999999999,6.12,0.8163265306122449,19.3473,39.26,3.49,19.3473,0.8163265306122449,44.400499999999866,0.10859999999999999,6.12,18.907563025210084,41.83824242837118,97.68907563025209,82.77777777777777,50.0,59.07236370509534,0.1323529411764706,0.35294117647058826,0.976890756302521,0.8571428571428571,D,C-,A+,B+,ncratleoscorp
DECK,Deckers Outdoor Corp,Consumer Discretionary,Footwear,78.36,10.4397,1.9168,6.7763,4.388096811405916,8.23,7.85,41.099999999999994,0.2267,41.099999999999994,0.022148024485253295,-25.6638,8.23,7.85,-25.6638,0.022148024485253295,41.099999999999994,0.2267,41.099999999999994,66.2126245847176,57.80505952380953,85.27312534209085,23.047619047619047,50.0,59.04197319598783,0.7028571428571428,0.5942857142857143,0.9485714285714286,0.21714285714285714,B,C+,A,D+,deckersoutdoorcorp
FSLR,First Solar Inc,Information Technology,Semiconductors,172.97,10.71,3.477,7.168,1.9460458041375834,38.7,23.82,18.02,0.33649999999999997,17.2,0.014452214452214372,-20.3273,38.7,23.82,-20.3273,0.0519418632356445,18.02,0.33649999999999997,17.2,85.2251799765612,62.05636692502203,74.07407407407408,9.0011371689637,50.0,59.03631433145597,0.8950276243093923,0.6353591160220995,0.7569060773480663,0.04419889502762431,B+,B-,B,F,firstsolarinc
SHC,Sotera Health Co,Health Care,Health Care Services,18.45,32.207,4.3293,17.4642,8.657500821172164,579.33,8.15,26.75,0.32630000000000003,5.74,0.7928994082840234,18.018,358.9789999999997,8.15,18.018,0.7928994082840234,26.75,0.32630000000000003,5.74,48.59416753805042,71.1934794568606,71.05263157894736,49.15275994865212,50.0,58.98094766035199,0.506578947368421,0.8026315789473685,0.7105263157894737,0.46710526315789475,C+,B+,B,C,soterahealthco
XPEL,Xpel Inc,Consumer Discretionary,Automotive Parts & Equipment,43.84,20.8085,2.2416,15.2346,4.317680428616451,12.87,13.19,19.15,0.13470000000000001,18.43,0.5055305202785746,35.157,12.87,13.19,35.157,0.5055305202785746,19.15,0.13470000000000001,18.43,29.098560354374303,73.48214285714286,60.61193212917351,84.21428571428572,50.0,58.966908835172674,0.21714285714285714,0.8114285714285714,0.6057142857142858,0.8285714285714286,D+,B+,B-,B+,xpelinc
RGLD,Royal Gold Inc,Materials,Gold,240.7,27.9296,13.3227,16.6561,2.841791213941896,34.26,93.51,11.55,0.6142,10.459999999999999,0.5228215767634854,30.7493,34.26,46.40449999999998,30.7493,0.5228215767634854,11.55,0.44605999999999996,10.459999999999999,27.941176470588232,75.70332480818414,74.26470588235294,66.24040920716112,50.0,58.940217391304344,0.16911764705882354,0.8529411764705882,0.7941176470588235,0.6911764705882353,D,B+,B,B-,royalgoldinc
EBAY,eBay Inc,Consumer Discretionary,Broadline Retail,107.32,21.6944,4.0144,21.162,10.441313823163139,6.66,14.69,48.28,0.2052,19.580000000000002,0.7095445736434106,15.8844,6.66,14.69,15.8844,0.7095445736434106,48.28,0.2052,19.580000000000002,17.209302325581394,64.83516483516483,79.34099616858238,84.15384615384616,50.0,58.93537682134314,0.09142857142857143,0.72,0.8685714285714285,0.8228571428571428,D-,B,B+,B+,ebayinc
ADSK,Autodesk Inc,Information Technology,Application Software,207.19,25.8259,5.4437,19.9742,14.42505848278935,59.92,17.94,52.5,0.262,28.02,0.15415778251599146,-34.5972,59.92,17.94,-34.5972,0.15415778251599146,52.5,0.262,28.02,60.10693956135945,68.52407038446731,84.07407407407408,20.890212660884597,50.0,58.92811001792876,0.6519337016574586,0.7182320441988951,0.8674033149171271,0.13812154696132597,B-,B,B+,D,autodeskinc
BKNG,Booking Holdings Inc,Consumer Discretionary,"Hotels, Resorts & Cruise Lines",163.87,17.107,4.3668,12.8148,55.75706022456618,57.21,12.85,139.63,0.3287,29.37,0.18340903018968763,-26.4897,57.21,12.85,-26.4897,0.18340903018968763,139.63,0.2860499999999996,29.37,31.450719822812847,87.71825396825398,92.91625615763547,26.20634920634921,50.0,58.876664630032714,0.26285714285714284,0.9314285714285714,0.9942857142857143,0.2571428571428571,D+,A,A+,D+,bookingholdingsinc
WCC,Wesco International Inc,Industrials,Trading Companies & Distributors,364.89,25.9674,0.7259,15.1458,3.5286847673460544,6.03,12.51,13.84,0.053399999999999996,6.4399999999999995,0.88745446362283,76.2218,6.03,12.51,75.1288999999999,0.8559255587332271,13.84,0.053399999999999996,6.4399999999999995,63.05985848154523,53.27677112994132,31.591399612053653,97.78500440207175,50.0,58.875169629802336,0.6987951807228916,0.5341365461847389,0.2570281124497992,0.9919678714859438,B-,C+,D+,A+,wescointernationalinc
SYF,Synchrony Financial,Financials,Consumer Finance,71.88,6.746,0.73096,,1.4876751453939605,18.3,20.4839,20.94,0.1839285,10.85,0.3425457376411054,-1.804,18.3,20.4839,-1.804,0.3425457376411054,20.94,0.1839285,10.85,75.21008403361344,42.18794601159018,76.47058823529412,37.47899159663866,50.0,58.85355558887266,0.8676470588235294,0.35714285714285715,0.7647058823529411,0.37815126050420167,B+,C-,B,C-,synchronyfinancial
FICO,Fair Isaac Corp,Information Technology,Application Software,840.89,22.2708,7.5833,18.8118,73.92699523499728,35.35,24.09,145.71,0.5165,30.869999999999997,0.0,-44.2578,35.35,24.09,-42.32334,0.0519418632356445,114.73149999999994,0.4317149999999999,30.869999999999997,59.969864389753894,69.21736274552606,94.62962962962962,6.630482422296986,50.0,58.81944253841049,0.6408839779005525,0.7348066298342542,0.9834254143646409,0.024861878453038673,B-,B,A+,F,fairisaaccorp
DINO,HF Sinclair Corp,Energy,Oil & Gas Refining & Marketing,106.19,9.8584,0.7874,5.5529,2.1019231835060688,-40.03,-10.74,19.86,0.0849,15.32,0.8321408915795265,97.7782,-40.03,-10.74,97.7782,0.8321408915795265,19.86,0.0849,15.32,80.09950248756219,15.305973326216934,59.20398009950248,79.61914565105506,50.0,58.810894442220565,0.9253731343283582,0.07462686567164178,0.5522388059701493,0.7910447761194029,A-,D-,C+,B,hfsinclaircorp
CRS,Carpenter Technology Corp,Industrials,Industrial Machinery & Supplies & Components,385.3,36.0836,6.119,23.3011,8.580278942574708,41.87,8.59,25.869999999999997,0.21960000000000002,19.34,0.3952410266718595,70.7573,41.87,8.59,70.7573,0.3952410266718595,25.869999999999997,0.21960000000000002,19.34,18.721416277354315,68.6529741712121,81.01794934841406,75.62750159441072,50.0,58.79093655956666,0.10843373493975904,0.7991967871485943,0.8674698795180723,0.7710843373493976,D,B,B+,B,carpentertechnologycorp
LECO,Lincoln Electric Holdings Inc,Industrials,Industrial Machinery & Supplies & Components,271.83,26.4922,3.2726,17.8977,10.143440328972408,12.44,9.32,37.21,0.17129999999999998,20.23,0.592983578588185,14.9761,12.44,9.32,14.9761,0.592983578588185,37.21,0.17129999999999998,20.23,39.01647405950332,58.55974222177456,79.62407452941015,62.09219586266946,50.0,58.79052476411718,0.3534136546184739,0.6666666666666666,0.8433734939759037,0.6265060240963856,C-,B-,B+,B-,lincolnelectricholdingsinc
ADI,Analog Devices Inc,Information Technology,Semiconductors,395.43,45.6956,13.6115,34.4568,5.725849074362334,114.38,33.65,12.26,0.3555,9.73,0.7730623988491278,59.011,114.38,33.65,59.011,0.7730623988491278,12.26,0.3555,9.73,33.378327473631344,81.22879119221778,62.59259259259259,67.64113392509694,50.0,58.76671504001892,0.3149171270718232,0.9060773480662984,0.6685082872928176,0.7016574585635359,C-,A-,B-,B,analogdevicesinc
CPAY,Corpay Inc,Financials,Transaction & Payment Processing Services,396.23,22.9136,5.2066,12.7641,6.974284054705789,12.37,20.36,30.4,0.4361,8.43,0.8211545069293325,36.255,12.37,20.36,36.255,0.8211545069293325,30.4,0.4361,8.43,13.445378151260506,46.898424258939286,88.23529411764706,94.81792717086834,50.0,58.76343835318842,0.07983193277310924,0.4369747899159664,0.8823529411764706,0.9621848739495799,D-,C,B+,A,corpayinc
ANIP,ANI Pharmaceuticals Inc,Health Care,Pharmaceuticals,74.83,15.6122,1.7283,8.2201,3.114037095451916,,30.9,19.64,0.1537,9.28,0.19146608315098468,-20.7454,,30.9,-20.7454,0.19146608315098468,19.64,0.1537,9.28,82.88021377948182,69.21664626682987,63.48684210526316,16.48714810281518,50.0,58.732522845115255,0.9276315789473685,0.7828947368421053,0.6447368421052632,0.1118421052631579,A-,B,B-,D,anipharmaceuticalsinc
BKE,Buckle Inc,Consumer Discretionary,Apparel Retail,43.07,9.9392,1.6522,6.3559,5.188656515034695,8.7,6.22,46.910000000000004,0.2084,46.910000000000004,0.17587209302325593,-28.0755,8.7,6.22,-28.0755,0.17587209302325593,46.910000000000004,0.2084,41.3595,71.7530454042082,44.18452380952381,87.95840175150518,24.819047619047616,50.0,58.728576074642625,0.7885714285714286,0.38285714285714284,0.9771428571428571,0.22857142857142856,B,C-,A+,D+,buckleinc
ACAD,ACADIA Pharmaceuticals Inc,Health Care,Pharmaceuticals,20.53,9.15,3.0575,35.3876,2.8486984514625076,96.46,47.0,32.39,0.0759,32.39,0.07453416149068322,-2.4988,96.46,47.0,-2.4988,0.07853041647805548,32.39,0.0759,30.006499999999996,57.51568490763332,86.28598797296578,73.1359649122807,18.6046511627907,50.0,58.6410402821298,0.6052631578947368,0.9473684210526315,0.7598684210526315,0.13157894736842105,B-,A,B,D,acadiapharmaceuticalsinc
CSCO,Cisco Systems Inc,Information Technology,Communications Equipment,106.74,31.7202,6.6456,27.2136,8.376166299153281,30.78,11.77,27.389999999999997,0.2427,16.97,0.6282687914204255,57.2587,30.78,11.77,57.2587,0.6282687914204255,27.389999999999997,0.2427,16.97,49.28427925665495,53.3689548253637,73.98148148148148,60.70229110194034,50.0,58.63068936999491,0.5193370165745856,0.5469613259668509,0.7513812154696132,0.585635359116022,C+,C+,B,C+,ciscosystemsinc
TTC,Toro Co,Industrials,Agricultural & Farm Machinery,97.42,25.2931,1.9333,16.6178,6.561815916209207,13.31,5.15,26.06,0.10310000000000001,15.22,0.793075898801598,28.3695,13.31,5.15,28.3695,0.793075898801598,26.06,0.10310000000000001,15.22,50.229489386115894,49.37258687258687,63.03144550993088,77.17393383056034,50.0,58.624537864641134,0.5220883534136547,0.44176706827309237,0.6586345381526104,0.7831325301204819,C+,C,B-,B,toroco
NX,Quanex Building Products Corp,Industrials,Building Products,19.56,19.5009,0.4747,7.0863,1.230273792526527,,1.26,6.1899999999999995,0.0596,3.18,0.693246541903987,46.3306,,1.26,46.3306,0.693246541903987,6.1899999999999995,0.0596,3.18,87.66439909297053,43.75,19.741551238969482,89.88918941070406,50.0,58.57932546512582,0.9317269076305221,0.3534136546184739,0.13654618473895583,0.9196787148594378,A,C-,D,A-,quanexbuildingproductscorp
TTMI,TTM Technologies Inc,Information Technology,Electronic Manufacturing Services,126.58,55.8358,3.851,37.5907,7.4255712316311255,145.74,28.41,13.089999999999998,0.1007,8.59,0.4370151673034618,136.9657,145.74,28.41,136.9657,0.4370151673034618,13.089999999999998,0.1007,8.59,43.26552821027959,88.20372844107857,45.833333333333336,68.23693852984881,50.0,58.56284878008871,0.40331491712707185,0.9558011049723757,0.4419889502762431,0.712707182320442,C,A,C,B,ttmtechnologiesinc
NSIT,Insight Enterprises Inc,Industrials,Technology Distributors,156.84,21.6889,0.5321,11.2883,2.9483253534550333,63.02,2.68,13.08,0.045599999999999995,6.94,0.8888227817807538,42.296,63.02,2.68,42.296,0.8559255587332271,13.08,0.045599999999999995,6.94,79.81258366800536,50.37986236965829,30.79911482665355,79.10745020899927,50.0,58.55038713939624,0.8674698795180723,0.46586345381526106,0.25301204819277107,0.8152610441767069,B+,C,D+,B+,insightenterprisesinc
ENS,EnerSys,Industrials,Electrical Components & Equipment,177.98,18.1626,1.6877,11.3572,3.4060745937608243,6.65,3.73,18.48,0.1295,11.58,0.5127470428330027,62.8049,6.65,3.73,62.8049,0.5127470428330027,18.48,0.1295,11.58,71.372291888643,30.665725749759368,58.33784116056061,74.86707178568501,50.0,58.53409276938978,0.8152610441767069,0.18072289156626506,0.5903614457831325,0.7590361445783133,B+,D,C+,B,enersys
LDOS,Leidos Holdings Inc,Industrials,Diversified Support Services,121.77,11.1224,0.8679,8.4039,3.1304629496328893,85.67,3.41,27.35,0.11380000000000001,13.170000000000002,0.21429239547282755,-32.2165,85.67,3.41,-32.2165,0.21429239547282755,27.35,0.11380000000000001,13.170000000000002,87.89935251208918,60.500420991492426,63.54069338578805,17.776883663286416,50.0,58.51547240542507,0.9437751004016064,0.6947791164658634,0.6666666666666666,0.12449799196787148,A,B-,B-,D,leidosholdingsinc
ULS,UL Solutions Inc,Industrials,Research & Consulting Services,64.79,26.4067,4.2388,14.6693,10.320494440727645,53.35,6.61,37.62,0.2394,28.599999999999998,0.03651115618661267,-3.6048,53.35,6.61,-3.6048,0.03651115618661267,37.62,0.2394,28.599999999999998,42.8740813594514,62.99190346809394,90.25653634947956,37.96331205396036,50.0,58.4736975316436,0.3895582329317269,0.7269076305220884,0.9718875502008032,0.357429718875502,C-,B,A+,C-,ulsolutionsinc
DAN,Dana Inc,Consumer Discretionary,Automotive Parts & Equipment,27.12,2.5992,0.3782,18.7135,3.6251837989573588,,-15.78,76.79,0.0265,30.049999999999997,0.4298808432630615,37.7665,,-10.757999999999997,37.7665,0.4298808432630615,76.79,0.0265,30.049999999999997,67.12070874861571,27.455357142857142,60.0,80.98214285714285,50.0,58.467677187153924,0.7142857142857143,0.15428571428571428,0.5828571428571429,0.8057142857142857,B,D,C+,B+,danainc
TWLO,Twilio Inc,Information Technology,Systems Software,283.99,37.9278,7.8189,134.5031,5.5338502339303215,5800.25,17.82,14.149999999999999,0.052000000000000005,12.61,0.899374727352043,172.18,703.5419999999999,17.82,172.18,0.899374727352043,14.149999999999999,0.052000000000000005,12.61,31.396492549807466,79.23221045192898,47.22222222222222,89.76036484478104,50.0,58.45319375234943,0.30386740331491713,0.8895027624309392,0.4585635359116022,0.9447513812154696,C-,B+,C,A,twilioinc
LVS,Las Vegas Sands Corp,Consumer Discretionary,Casinos & Gaming,38.62,14.4373,1.8174,8.2388,16.39497367974189,29.56,18.11,139.84,0.21489999999999998,10.24,0.01728928681691865,-26.5172,29.56,18.11,-26.5172,0.01728928681691865,139.84,0.21489999999999998,10.24,58.33997785160576,79.7202380952381,76.07991242474002,19.504761904761903,50.0,58.44997256908645,0.6342857142857142,0.8742857142857143,0.8114285714285714,0.13714285714285715,B-,B+,B+,D,lasvegassandscorp
QLYS,Qualys Inc,Information Technology,Systems Software,171.52,28.8811,8.4856,22.6767,10.921084467762682,15.01,10.35,37.169999999999995,0.3408,37.169999999999995,0.763677871368968,27.3862,15.01,10.35,27.3862,0.763677871368968,37.169999999999995,0.3408,37.169999999999995,50.83605390925832,36.439623880003566,85.92592592592592,59.79686989965085,50.0,58.43779371472694,0.5580110497237569,0.30386740331491713,0.8895027624309392,0.574585635359116,C+,C-,B+,C+,qualysinc
MTCH,Match Group Inc,Communication Services,Interactive Media & Services,39.6,12.767,2.5749,10.8712,,41.02,1.7,17.73,0.2815,5.48,0.6691472868217054,12.9841,41.02,1.7,12.9841,0.6691472868217054,17.73,0.2815,5.48,54.98590556730091,48.45687565214429,59.84848484848485,74.89486963835157,50.0,58.37894666204561,0.5909090909090909,0.5227272727272727,0.5795454545454546,0.7727272727272727,C+,C+,C+,B,matchgroupinc
JPM,JPMorgan Chase & Co,Financials,Diversified Banks,335.65,13.7885,2.89596,,2.4969908154778464,19.48,108.9793,17.810000000000002,0.4122809,4.43,0.6470251716247136,9.4465,19.48,83.28401599999997,9.4465,0.6470251716247136,17.810000000000002,0.4122809,4.43,38.65546218487395,70.75071513555062,68.0672268907563,62.720199190787426,50.0,58.37485513417518,0.3277310924369748,0.8487394957983193,0.680672268907563,0.6386554621848739,C-,B+,B-,B-,jpmorganchaseco
CASY,Caseys General Stores Inc,Consumer Staples,Food Retail,606.24,29.2185,1.2093,15.753,5.661508577618812,33.36,13.78,19.68,0.0588,12.139999999999999,0.25288638000325225,10.1872,33.36,13.78,10.1872,0.25288638000325225,19.68,0.0588,12.139999999999999,41.904761904761905,86.74352712814252,56.19047619047618,57.354497354497354,50.0,58.343414420337496,0.38571428571428573,0.9428571428571428,0.5928571428571429,0.5142857142857142,C-,A,C+,C+,caseysgeneralstoresinc
GWW,WW Grainger Inc,Industrials,Industrial Machinery & Supplies & Components,1255.69,31.2629,3.1022,20.0802,15.937720927103735,-0.69,7.8,48.699999999999996,0.1457,29.880000000000003,0.6801262198328756,30.6144,-0.69,7.8,30.6144,0.6801262198328756,48.699999999999996,0.1457,29.789999999999996,32.67655656640166,43.07567322290434,82.94183536868563,78.99030839178528,50.0,58.31779430670974,0.2570281124497992,0.321285140562249,0.9036144578313253,0.8072289156626506,D+,C-,A-,B+,wwgraingerinc
SCHL,Scholastic Corp,Consumer Discretionary,Publishing,34.79,10.9792,0.3935,8.1097,0.866507097188771,-1.97,-2.68,6.61,0.96,5.37,0.4007220216606498,22.4915,-1.97,-2.68,22.4915,0.4007220216606498,6.61,0.2860499999999996,5.37,81.00996677740864,28.671428571428567,48.85495347564313,75.45142857142858,50.0,58.29080149183437,0.9085714285714286,0.17714285714285713,0.44,0.7428571428571429,A-,D,C,B,scholasticcorp
TOL,Toll Brothers Inc,Consumer Discretionary,Homebuilding,135.93,10.5535,1.1755,9.1714,1.558008390069459,-8.47,-1.08,14.23,0.1384,10.71,0.28268082282680823,1.7258,-8.47,-1.08,1.7258,0.28268082282680823,14.23,0.1384,10.71,67.25581395348837,50.341836734693885,51.40667761357417,67.68979591836735,50.0,58.27194942237789,0.72,0.4742857142857143,0.4685714285714286,0.68,B,C,C,B-,tollbrothersinc
WMG,Warner Music Group Corp,Communication Services,Movies & Entertainment,27.88,21.1218,1.9433,12.9687,22.511102139685104,123.91,12.91,90.84,0.136,12.72,0.3758278145695363,-18.474,123.91,12.91,-18.474,0.3758278145695363,85.65150000000006,0.136,12.72,45.7892882311487,82.80192152285176,72.72727272727273,35.028824833702885,50.0,58.19528951091629,0.4318181818181818,0.9318181818181818,0.8409090909090909,0.29545454545454547,C,A,B+,D+,warnermusicgroupcorp
SXI,Standex International Corp,Industrials,Industrial Machinery & Supplies & Components,276.69,32.8232,3.852,17.4421,4.438580308802887,86.72,12.85,14.35,0.21710000000000002,8.39,0.4685843134865013,38.8768,86.72,12.85,38.8768,0.4685843134865013,14.35,0.21710000000000002,8.39,31.934540884626944,80.75741578826793,58.98150424828566,71.52360741334145,50.0,58.185215923550025,0.24899598393574296,0.9156626506024096,0.5943775100401606,0.7349397590361446,D+,A-,C+,B,standexinternationalcorp
PFS,Provident Financial Services Inc,Financials,Regional Banks,22.6,9.4799,2.313,,1.0419307991978055,35.2,36.72119,11.0,0.4091399,9.35,0.6294871794871797,16.8884,35.2,36.72119,16.8884,0.6294871794871797,11.0,0.4091399,9.35,83.82352941176471,50.244404677922745,37.60504201680672,63.656640226183924,50.0,58.1373518379642,0.9327731092436975,0.5084033613445378,0.3760504201680672,0.6512605042016807,A,C+,C-,B-,providentfinancialservicesinc
TRU,TransUnion,Industrials,Research & Consulting Services,63.75,17.1768,2.5894,10.0591,2.762993654866336,90.89,12.37,15.950000000000001,0.23,7.39,0.014757281553398154,-17.9575,90.89,12.37,-17.9575,0.014757281553398154,15.950000000000001,0.23,7.39,68.72332868890528,84.26181283324141,59.65084829112368,20.768182328710154,50.0,58.09954327739755,0.7871485943775101,0.927710843373494,0.606425702811245,0.17269076305220885,B,A-,B-,D,transunion
PSMT,PriceSmart Inc,Consumer Staples,Consumer Staples Merchandise Retail,173.59,33.5816,0.947,15.19,4.278735235541183,9.76,10.18,12.16,0.0452,10.67,0.7022459165154264,49.3419,9.76,10.18,49.3419,0.7022459165154264,12.16,0.0452,10.67,42.38095238095238,72.60887260887262,41.42857142857142,88.04232804232804,50.0,58.08262108262108,0.4,0.8714285714285714,0.4,0.9,C-,B+,C-,B+,pricesmartinc
KTB,Kontoor Brands Inc,Consumer Discretionary,"Apparel, Accessories & Luxury Goods",64.62,13.2176,1.154,11.0698,6.319309980637213,7.16,15.78,45.96,0.1191,15.079999999999998,0.2572474824534638,-17.7218,7.16,15.78,-17.7218,0.2572474824534638,45.96,0.1191,15.079999999999998,58.20708748615726,72.86453201970443,65.03010399562123,38.400000000000006,50.0,58.06220427438551,0.6285714285714286,0.8057142857142857,0.6742857142857143,0.37714285714285717,B-,B+,B-,C-,kontoorbrandsinc
KFY,Korn Ferry,Industrials,Human Resource & Employment Services,71.0,13.9164,1.3031,7.2278,1.8077473431206303,12.84,6.94,14.14,0.1288,11.76,0.4219187675070027,1.7014,12.84,6.94,1.7014,0.4219187675070027,14.14,0.1288,11.76,85.25257492555254,49.806474313863475,52.76179548124471,42.94430360428342,50.0,58.05374818532869,0.9236947791164659,0.4457831325301205,0.5180722891566265,0.3855421686746988,A-,C,C+,C-,kornferry
PLAB,Photronics Inc,Information Technology,Semiconductor Materials & Equipment,30.81,10.7427,2.0459,4.4895,1.5130309235823622,60.21,1.25,13.459999999999999,0.22460000000000002,13.44,0.2993045897079276,27.1435,60.21,1.25,27.1435,0.2993045897079276,13.459999999999999,0.22460000000000002,13.44,91.6917796752051,44.34583933629413,63.24074074074074,27.249269493539536,50.0,58.05215186995319,0.9558011049723757,0.4088397790055249,0.6740331491712708,0.20994475138121546,A,C,B-,D+,photronicsinc
CFR,Cullen/Frost Bankers Inc,Financials,Regional Banks,156.42,14.266,3.18716,,2.1647280250766343,13.89,75.94571,15.040000000000001,0.4079103,7.340000000000001,0.722393822393822,22.8213,13.89,75.94571,22.8213,0.722393822393822,15.040000000000001,0.4079103,7.340000000000001,40.54621848739496,62.38442733218557,59.66386554621849,77.53553757951778,50.0,58.036513990744034,0.35294117647058826,0.7184873949579832,0.5966386554621849,0.7941176470588235,C-,B,C+,B,cullenfrostbankersinc
CPK,Chesapeake Utilities Corp,Utilities,Gas Utilities,127.3,20.3059,2.9721,13.0575,1.9030107333991089,11.82,14.76,9.33,0.2642,4.63,0.3835990888382686,-2.3508,11.82,14.76,-2.3508,0.3835990888382686,9.33,0.2642,4.63,43.10344827586207,74.59373761395163,61.49425287356322,59.7859690844233,50.0,58.02536662703131,0.4827586206896552,0.8275862068965517,0.6551724137931034,0.5689655172413793,C,B+,B-,C+,chesapeakeutilitiescorp
UNP,Union Pacific Corp,Industrials,Rail Transportation,273.84,22.2329,6.4135,15.1119,8.797026538210718,7.27,4.17,38.65,0.4003,14.63,0.5804300218992631,18.0129,7.27,4.17,18.0129,0.5804300218992631,38.65,0.28918,14.63,41.24361391142803,43.35515639863466,84.91107286288009,63.460942260612995,50.0,57.90189142542656,0.3855421686746988,0.3413654618473896,0.9437751004016064,0.6385542168674698,C-,C-,A,B-,unionpacificcorp
BRC,Brady Corp,Industrials,Commercial Printing,84.1,19.1088,2.3619,12.1689,2.905369925102949,9.26,9.78,15.620000000000001,0.1586,14.95,0.4711823088977886,9.3299,9.26,9.78,9.3299,0.4711823088977886,15.620000000000001,0.1586,14.95,64.11933448078025,54.63612963612964,61.01303171871158,53.00333057648032,50.0,57.81098359239495,0.714859437751004,0.5622489959839357,0.6305220883534136,0.5020080321285141,B,C+,B-,C+,bradycorp
ASTH,Astrana Health Inc,Health Care,Health Care Facilities,35.13,42.5981,0.4493,13.3697,2.2037236845406873,58.83,58.91,5.09,0.0276,2.2399999999999998,0.5086515513126493,30.4519,58.83,50.35399999999998,30.4519,0.5086515513126493,5.09,0.0276,2.2399999999999998,68.80736609736262,88.81266603540335,28.070175438596493,53.982456140350884,50.0,57.778409819140634,0.75,0.9802631578947368,0.25,0.5197368421052632,B,A+,D+,C+,astranahealthinc
PNW,Pinnacle West Capital Corp,Utilities,Multi-Utilities,91.66,17.3284,1.997,10.824,1.5727117524428849,7.43,5.69,9.04,0.2052,3.5700000000000003,0.22772277227722773,6.5753,7.43,5.69,6.5753,0.22772277227722773,9.04,0.2052,3.5700000000000003,73.5632183908046,56.086394924870426,35.05747126436781,71.87325256290774,50.0,57.747101911348736,0.8448275862068966,0.603448275862069,0.29310344827586204,0.6896551724137931,B+,B-,D+,B-,pinnaclewestcapitalcorp
NTRS,Northern Trust Corp,Financials,Asset Management & Custody Banks,175.24,14.2655,3.5321,37.7581,2.5199921196320387,36.1,15.08,17.14,0.3335,1.32,0.7248861505491563,33.757,36.1,15.08,33.757,0.7248861505491563,17.14,0.3335,1.32,37.18487394957983,59.64325969690776,66.80672268907563,74.08776844070962,50.0,57.74410478718735,0.31512605042016806,0.6848739495798319,0.6680672268907563,0.7563025210084033,C-,B-,B-,B,northerntrustcorp
WSBC,WesBanco Inc,Financials,Regional Banks,38.07,10.4007,2.60247,,0.9070851282833289,105.92,39.41535,8.72,0.3508634,7.89,0.6319702602230481,20.3611,105.92,39.41535,20.3611,0.6319702602230481,8.72,0.3508634,7.89,84.45378151260505,62.1218480569391,21.008403361344538,69.51857378465404,50.0,57.69363058680603,0.9369747899159664,0.7100840336134454,0.21008403361344538,0.7016806722689075,A,B,D+,B,wesbancoinc
CIEN,Ciena Corp,Information Technology,Communications Equipment,344.19,75.0963,8.1622,66.5631,17.7832774468217,362.8,32.57,22.82,0.1215,13.55,0.41783105747856464,160.1954,362.8,32.57,160.1954,0.41783105747856464,22.82,0.1215,13.55,23.734932194876944,89.76242196573614,62.31481481481482,66.13994985320898,50.0,57.69291111621196,0.1878453038674033,0.9723756906077348,0.6574585635359116,0.6740331491712708,D,A+,B-,B-,cienacorp
AEE,Ameren Corp,Utilities,Multi-Utilities,99.39,17.5759,3.1399,12.9208,2.04995039610924,24.77,3.76,11.700000000000001,0.2492,4.58,0.12965517241379346,-1.3792,24.77,3.76,-1.3792,0.12965517241379346,11.700000000000001,0.2492,4.58,50.0,59.40795605042429,70.6896551724138,53.178005591798694,50.0,57.689606121548046,0.5172413793103449,0.6206896551724138,0.8103448275862069,0.5344827586206896,C+,B-,B+,C+,amerencorp
ABM,ABM Industries Inc,Industrials,Environmental & Facilities Services,49.02,17.3551,0.3154,12.0507,1.6520235772275527,50.3,6.0,9.43,0.0352,4.79,0.8418084222723247,10.4749,50.3,6.0,10.4749,0.8418084222723247,9.43,0.0352,4.79,84.46957899625714,60.474795696470565,21.698767860557876,70.2048729753638,50.0,57.67802044857063,0.9036144578313253,0.6907630522088354,0.17269076305220885,0.7188755020080321,A-,B-,D,B,abmindustriesinc
PAYX,Paychex Inc,Industrials,Human Resource & Employment Services,98.21,19.5263,5.3411,12.9406,9.350038557841522,12.94,13.97,47.11,0.39189999999999997,21.02,0.2843770893692889,-19.9858,12.94,13.97,-19.9858,0.2843770893692889,47.11,0.28918,21.02,49.61997650465809,67.5932929627511,91.57773952954676,19.272416901949814,50.0,57.6725709814914,0.5100401606425703,0.7831325301204819,0.9839357429718876,0.14457831325301204,C+,B,A+,D,paychexinc
USFD,US Foods Holding Corp,Consumer Staples,Food Distributors,94.63,27.5569,0.4999,14.6542,4.844646724244735,39.02,3.83,16.75,0.031400000000000004,7.539999999999999,0.5958599109399445,21.9841,39.02,3.83,21.9841,0.5958599109399445,16.75,0.031400000000000004,7.539999999999999,57.61904761904762,67.6043956043956,39.52380952380952,74.17142857142858,50.0,57.64087912087912,0.6571428571428571,0.7428571428571429,0.34285714285714286,0.7285714285714285,B-,B,C-,B,usfoodsholdingcorp
PLXS,Plexus Corp,Information Technology,Electronic Manufacturing Services,266.08,37.7531,1.5228,22.6632,4.90750474925764,15.43,14.2,12.46,0.050199999999999995,10.97,0.7658687082214477,86.6681,15.43,14.2,86.6681,0.7658687082214477,12.46,0.050199999999999995,10.97,67.41587142139629,50.95217447509884,43.333333333333336,73.78516973627933,50.0,57.63477003095804,0.7513812154696132,0.5303867403314917,0.40331491712707185,0.7955801104972375,B,C+,C,B,plexuscorp
IT,Gartner Inc,Information Technology,IT Consulting & Other Services,185.76,14.977,1.7966,10.0436,41.14012357982858,-31.45,0.68,119.82,0.1725,22.17,0.4343926553672315,-28.3918,-31.45,0.68,-28.3918,0.4343926553672315,114.73149999999994,0.1725,22.17,86.27783358446341,20.751542636041904,81.48148148148148,32.68587472367708,50.0,57.62731223843002,0.9005524861878453,0.09944751381215469,0.8453038674033149,0.281767955801105,A-,D-,B+,D+,gartnerinc
AGX,Argan Inc,Industrials,Construction & Engineering,355.21,28.2641,4.2656,25.4646,10.719955093344279,52.21,29.02,38.51,0.1536,38.51,0.20330321302894727,41.1047,52.21,29.02,41.1047,0.20330321302894727,38.51,0.1536,29.789999999999996,25.915362128787255,72.54833915548201,82.38231838920308,55.21067945250389,50.0,57.62622385109477,0.17670682730923695,0.8393574297188755,0.8955823293172691,0.5180722891566265,D,B+,B+,C+,arganinc
DXPE,DXP Enterprises Inc,Industrials,Trading Companies & Distributors,191.43,32.5822,1.4189,18.18,5.958131543891539,8.39,11.47,18.27,0.08800000000000001,7.24,0.8663278476928041,60.1367,8.39,11.47,60.1367,0.8559255587332271,18.27,0.08800000000000001,7.24,44.766275988306965,58.01822457630499,44.093380324017154,93.79553764762804,50.0,57.57766652286764,0.42570281124497994,0.6586345381526104,0.40562248995983935,0.9718875502008032,C,B-,C,A+,dxpenterprisesinc
RRC,Range Resources Corp,Energy,Oil & Gas Exploration & Production,37.68,10.4163,2.7398,7.1179,2.054346403803376,82.05,16.85,19.3,0.3115,15.690000000000001,0.31989763275751754,3.4566,82.05,16.85,3.4566,0.31989763275751754,19.3,0.3115,15.690000000000001,55.223880597014926,70.11231720186944,74.62686567164178,30.447761194029855,50.0,57.57470224634404,0.5746268656716418,0.8059701492537313,0.835820895522388,0.2537313432835821,C+,B+,B+,D+,rangeresourcescorp
BKH,Black Hills Corp,Utilities,Multi-Utilities,69.73,17.6063,2.2747,11.4806,1.3764555627715456,0.03,2.45,7.7299999999999995,0.2371,3.55,0.5371900826446284,17.3942,0.03,2.45,16.02893,0.5371900826446284,7.7299999999999995,0.2371,3.55,67.24137931034483,36.7513611615245,36.7816091954023,96.05778191985087,50.0,57.56757574271185,0.7241379310344828,0.22413793103448276,0.3275862068965517,0.9655172413793104,B,D+,C-,A,blackhillscorp
KVUE,Kenvue Inc,Consumer Staples,Personal Care Products,17.74,20.6211,2.219,12.9996,3.157651163204642,17.17,1.76,15.58,0.1707,8.59,0.608837970540098,10.0804,17.17,1.76,10.0804,0.608837970540098,15.58,0.1707,8.59,47.61904761904761,56.616300366300365,59.52380952380952,72.26190476190476,50.0,57.561355311355314,0.4857142857142857,0.5285714285714286,0.6428571428571429,0.7142857142857143,C,C+,B-,B,kenvueinc
WST,West Pharmaceutical Services Inc,Health Care,Health Care Supplies,372.67,46.1748,7.8406,30.0857,8.448440415224287,17.22,12.38,18.509999999999998,0.2045,17.330000000000002,0.917802306221866,45.5674,17.22,12.38,45.5674,0.917802306221866,18.509999999999998,0.2045,17.330000000000002,28.584291855466486,63.148535785466464,73.6842105263158,71.74872665534805,50.0,57.54657808360848,0.2236842105263158,0.6973684210526315,0.7697368421052632,0.7171052631578947,D+,B-,B,B,westpharmaceuticalservicesinc
AMAT,Applied Materials Inc,Information Technology,Semiconductor Materials & Equipment,486.76,41.3327,12.4211,39.5673,18.907706650093225,38.36,7.77,40.44,0.2964,31.47,0.5346385265056028,142.986,38.36,7.77,142.986,0.5346385265056028,40.44,0.2964,31.47,33.84710363301523,45.28325485936645,84.62962962962962,69.02636529450872,50.0,57.48110734643625,0.3259668508287293,0.425414364640884,0.8729281767955801,0.7292817679558011,C-,C,B+,B,appliedmaterialsinc
MTRN,Materion Corp,Materials,Diversified Metals & Mining,265.16,61.2324,2.6298,43.6989,5.828717137079048,460.64,21.6,9.41,0.0599,6.29,0.7978150484689954,124.5614,450.345,21.6,79.35161499999998,0.7978150484689954,9.41,0.0599,6.29,21.078431372549016,91.44597232832527,39.21568627450981,95.58823529411765,50.0,57.480370936253294,0.04411764705882353,0.9705882352941176,0.3382352941176471,0.9852941176470589,F,A+,C-,A+,materioncorp
PCTY,Paylocity Holding Corp,Industrials,Human Resource & Employment Services,141.67,28.1964,4.2938,14.8959,6.178800090717188,23.04,11.04,23.44,0.21789999999999998,21.89,0.6748925551088311,-12.4901,23.04,11.04,-12.4901,0.6748925551088311,23.44,0.21789999999999998,21.89,39.52080430565801,69.23819423819424,80.74802611807776,42.65020673828318,50.0,57.44488780122943,0.357429718875502,0.8152610441767069,0.8594377510040161,0.3815261044176707,C-,B+,B+,C-,paylocityholdingcorp
AWI,Armstrong World Industries Inc,Industrials,Building Products,164.75,21.7145,4.0383,13.0826,7.850022871083326,8.16,8.57,35.36,0.2579,22.919999999999998,0.25931899641577055,-15.2781,8.16,8.57,-15.2781,0.25931899641577055,35.36,0.2579,22.919999999999998,51.35589978963473,57.26264391804932,87.66275988306968,31.054421768707485,50.0,57.41807805552747,0.5461847389558233,0.6265060240963856,0.9598393574297188,0.27309236947791166,C+,B-,A,D+,armstrongworldindustriesinc
EFC,Ellington Financial Inc,Financials,Specialized Finance,12.2,7.171,2.7304,557.5172,0.7525057825751735,23.45,30.99,11.87,-0.0548,1.17,0.323943661971831,-5.4323,23.45,30.99,-5.4323,0.323943661971831,11.87,0.06414,1.17,95.16806722689076,59.5847984819808,45.168067226890756,27.073438070880528,50.0,57.415680924017636,0.9873949579831933,0.680672268907563,0.45168067226890757,0.27310924369747897,A+,B-,C,D+,ellingtonfinancialinc
FFBC,First Financial Bancorp,Financials,Regional Banks,31.92,11.766,2.27169,,1.1356318731166193,13.23,66.57654,10.07,0.3827952,8.790000000000001,0.6719757299962081,25.5327,13.23,66.57654,25.5327,0.6719757299962081,10.07,0.3827952,8.790000000000001,68.69747899159664,57.94327153602541,31.932773109243694,78.3146155658525,50.0,57.40914044558566,0.7415966386554622,0.634453781512605,0.31932773109243695,0.8025210084033614,B,B-,C-,B+,firstfinancialbancorp
NDSN,Nordson Corp,Industrials,Industrial Machinery & Supplies & Components,332.76,32.6845,6.0896,21.3992,6.1138548372872386,24.24,7.02,17.59,0.2607,10.94,0.9463969658659923,47.0612,24.24,7.02,47.0612,0.8559255587332271,17.59,0.2607,10.94,21.953938201786737,56.129307189605555,68.74682403081715,92.50361110890788,50.0,57.40177421785366,0.13654618473895583,0.5943775100401606,0.7188755020080321,0.9477911646586346,D,C+,B,A,nordsoncorp
APOG,Apogee Enterprises Inc,Industrials,Building Products,36.41,11.2473,0.5488,6.6868,1.509654574779937,35.74,1.79,13.43,0.0688,9.02,0.2811500327842793,-15.1439,35.74,1.79,-15.1439,0.2811500327842793,13.43,0.0688,9.02,94.09447313061771,61.02927803700004,39.315903068054524,34.07847717400213,50.0,57.37414509186849,0.9879518072289156,0.7028112449799196,0.3534136546184739,0.30522088353413657,A+,B,C-,C-,apogeeenterprisesinc
GRBK,Green Brick Partners Inc,Consumer Discretionary,Homebuilding,68.28,10.1926,1.4766,8.097,1.5869621806552379,-15.18,-5.93,15.42,0.1893,13.28,0.34476693051890944,-2.4394,-15.18,-5.93,-2.4394,0.34476693051890944,15.42,0.1893,13.28,67.67995570321152,38.3265306122449,60.19157088122605,63.65714285714286,50.0,57.364616339986945,0.7314285714285714,0.2742857142857143,0.6,0.6342857142857142,B,D+,C+,B-,greenbrickpartnersinc
PPG,PPG Industries Inc,Materials,Specialty Chemicals,106.71,14.955,1.4317,10.9418,3.002380295876967,58.96,1.47,19.470000000000002,0.12789999999999999,10.32,0.33266733266733245,3.4642,58.96,1.47,3.4642,0.33266733266733245,19.470000000000002,0.12789999999999999,10.32,66.66666666666667,56.05536332179931,71.56862745098039,32.96987087517934,50.0,57.3638703688075,0.7794117647058824,0.6176470588235294,0.75,0.29411764705882354,B,B-,B,D+,ppgindustriesinc
SXT,Sensient Technologies Corp,Materials,Specialty Chemicals,128.85,34.5015,3.1994,20.5068,4.563307255605412,16.57,8.12,13.020000000000001,0.1405,8.1,0.8226609747420847,33.6022,16.57,8.12,33.6022,0.8204581764965266,13.020000000000001,0.1405,8.1,27.45098039215686,63.95124764396433,63.235294117647065,84.50502152080345,50.0,57.362822460404544,0.13970588235294118,0.7058823529411765,0.6323529411764706,0.8529411764705882,D,B,B-,B+,sensienttechnologiescorp
ACT,Enact Holdings Inc,Financials,Commercial & Residential Mortgage Finance,46.94,9.445,5.1482,7.3654,1.2465112820689856,7.78,2.49,12.76,0.7311,11.21,0.7726130653266329,21.4009,7.78,2.49,21.4009,0.7726130653266329,12.76,0.5811805599999998,11.21,75.63025210084032,21.36346268647071,50.84033613445378,82.09718670076727,50.0,57.30977693627112,0.8781512605042017,0.10084033613445378,0.5084033613445378,0.8361344537815126,B+,D,C+,B+,enactholdingsinc
ADP,Automatic Data Processing Inc,Industrials,Human Resource & Employment Services,261.8,23.7182,4.7695,16.5619,17.267534660387565,9.61,6.74,70.19999999999999,0.2633,37.36,0.6934739617666447,-8.73,9.61,6.74,-8.73,0.6934739617666447,69.54999999999994,0.2633,29.789999999999996,39.72297352676009,43.138269000337964,96.09157719312624,48.38862840524661,50.0,57.2590171610885,0.3654618473895582,0.3253012048192771,1.0,0.4457831325301205,C-,C-,A+,C,automaticdataprocessinginc
MTB,M&T Bank Corp,Financials,Regional Banks,220.33,10.5108,2.1162,,1.1465589960362457,21.96,86.15662,10.66,0.4064285,6.77,0.5612760192141892,11.2682,21.96,83.28401599999997,11.2682,0.5612760192141892,10.66,0.4064285,6.77,75.21008403361344,75.78079682099641,35.714285714285715,46.66300164925783,50.0,57.21985213102564,0.8676470588235294,0.8949579831932774,0.35714285714285715,0.5084033613445378,B+,B+,C-,C+,mtbankcorp
SMP,Standard Motor Products Inc,Consumer Discretionary,Automotive Parts & Equipment,37.76,16.408,0.4559,6.7471,1.2230989492232545,26.88,11.32,7.359999999999999,0.0839,3.9,0.2975277067348675,-5.1108,26.88,11.32,-5.1108,0.2975277067348675,7.359999999999999,0.0839,3.9,74.60354374307862,79.83630952380952,27.507389162561577,53.51785714285714,50.0,57.198566559743384,0.84,0.88,0.22285714285714286,0.5257142857142857,B+,B+,D+,C+,standardmotorproductsinc
UFPT,UFP Technologies Inc,Health Care,Health Care Equipment,298.81,31.528,3.6086,21.4997,5.437456782035884,7.53,7.32,16.72,0.1525,12.76,0.7579617834394905,55.5725,7.53,7.32,55.5725,0.7579617834394905,16.72,0.1525,12.76,47.69083304287208,40.296980521292625,65.35087719298245,79.34736842105264,50.0,57.18929734743268,0.4934210526315789,0.34868421052631576,0.6842105263157895,0.8552631578947368,C,C-,B-,B+,ufptechnologiesinc
MAR,Marriott International Inc,Consumer Discretionary,"Hotels, Resorts & Cruise Lines",362.57,35.6203,3.4251,23.9847,198.26652813474053,8.84,4.72,309.12,0.158,25.790000000000003,0.6860977823887952,34.9291,8.84,4.72,34.9291,0.6860977823887952,195.4694999999998,0.158,25.790000000000003,11.66888150609081,52.35119047619048,85.10892172961138,87.58730158730158,50.0,57.18214922162396,0.05142857142857143,0.52,0.9428571428571428,0.8514285714285714,D-,C+,A,B+,marriottinternationalinc
PLMR,Palomar Holdings Inc,Financials,Property & Casualty Insurance,122.0,15.8767,2.9784,14.1397,3.432278610996233,30.94,60.67,21.61,0.2408,18.66,0.45267988181987134,8.3829,30.94,60.67,8.3829,0.45267988181987134,21.61,0.2408,18.66,28.991596638655466,72.62082625842702,77.31092436974791,54.86780077884812,50.0,57.07335565955587,0.24789915966386555,0.8739495798319328,0.773109243697479,0.5798319327731093,D+,B+,B,C+,palomarholdingsinc
LCII,LCI Industries,Consumer Discretionary,Automotive Parts & Equipment,84.8,9.7918,0.5135,6.3921,1.5079549960789613,43.49,4.05,15.25,0.0747,9.15,0.02633803732847749,-10.666,43.49,4.05,-10.666,0.02633803732847749,15.25,0.0747,9.15,84.89258028792914,68.92857142857143,40.73782156540778,34.32142857142857,50.0,57.05760046333423,0.9371428571428572,0.7428571428571429,0.37714285714285717,0.34285714285714286,A,B,C-,C-,lciindustries
VRSN,"VeriSign, Inc",Information Technology,Internet Services & Infrastructure,276.82,31.3344,15.5947,23.7165,70.84325015994881,9.82,6.86,113.55,0.6786,62.99,0.6558579424821461,1.2549,9.82,6.86,1.2549,0.6558579424821461,113.55,0.4317149999999999,61.4965,43.62757408337519,34.04819704589707,96.48148148148148,51.01251937975294,50.0,57.03940717634418,0.4088397790055249,0.2596685082872928,1.0,0.4530386740331492,C,D+,A+,C,verisigninc
DGX,Quest Diagnostics Inc,Health Care,Health Care Services,237.62,24.491,2.25,17.4203,3.645496135424306,13.01,9.87,14.49,0.141,8.18,0.8555240793201133,27.4718,13.01,9.87,27.4718,0.8555240793201133,14.49,0.141,8.18,63.50790054606714,47.436951339111296,55.48245614035088,63.99229781771502,50.0,57.03343900296977,0.6907894736842105,0.45394736842105265,0.5361842105263158,0.631578947368421,B-,C,C+,B-,questdiagnosticsinc
ABNB,Airbnb Inc,Consumer Discretionary,"Hotels, Resorts & Cruise Lines",156.08,34.73,7.1022,32.5469,11.63126909605783,6.62,13.64,33.379999999999995,0.20809999999999998,26.13,0.5477784540474743,29.3388,6.62,13.64,29.3388,0.5477784540474743,33.379999999999995,0.20809999999999998,26.13,7.836101882613511,70.13888888888889,79.33880678708265,80.96825396825398,50.0,57.01515573885261,0.03428571428571429,0.7657142857142857,0.8628571428571429,0.8,F,B,B+,B,airbnbinc
CPF,Central Pacific Financial Corp,Financials,Regional Banks,36.36,11.3946,1.82951,,1.6183303957699087,39.7,22.86278,14.000000000000002,0.3274692,12.61,0.6598138120044967,20.6219,39.7,22.86278,20.6219,0.6598138120044967,14.000000000000002,0.3274692,12.61,56.72268907563025,46.06294775754962,56.72268907563025,72.13853765805388,50.0,57.00164162093583,0.5630252100840336,0.41596638655462187,0.5672268907563025,0.7184873949579832,C+,C,C+,B,centralpacificfinancialcorp
VRTX,Vertex Pharmaceuticals Inc,Health Care,Biotechnology,525.68,30.4146,10.6443,25.23,7.153082051979861,22.46,10.23,23.31,0.3795,23.28,0.8113300223762482,37.793,22.46,10.23,37.793,0.8113300223762482,23.31,0.3795,23.28,36.93069594516091,52.50414393005926,87.06140350877193,52.203947368421055,50.0,56.93964312317927,0.375,0.5197368421052632,0.9210526315789473,0.5,C-,C+,A-,C,vertexpharmaceuticalsinc
PEP,PepsiCo Inc,Consumer Staples,Soft Drinks & Non-alcoholic Beverages,127.81,16.7846,1.8102,12.3545,8.561992550711434,38.92,5.62,50.2,0.14529999999999998,14.45,0.02041274113952438,-8.0689,38.92,5.62,-8.0689,0.020612648943423986,50.2,0.14529999999999998,14.45,53.80952380952382,68.74018838304553,78.09523809523809,26.02040816326531,50.0,56.92830978545265,0.5428571428571428,0.7714285714285715,0.8428571428571429,0.22857142857142856,C+,B,B+,D+,pepsicoinc
GATX,GATX Corp,Industrials,Construction Machinery & Heavy Transportation Equipment,181.26,17.4831,3.1361,15.6507,2.3328875886931018,15.6,22.81,13.350000000000001,0.2897,2.5700000000000003,0.55930359085963,5.2954,15.6,22.81,5.2954,0.55930359085963,13.350000000000001,0.28918,2.5700000000000003,53.26776493730023,73.80898305268053,51.16957626424064,55.21808723489396,50.0,56.91474935790012,0.570281124497992,0.8554216867469879,0.4939759036144578,0.5220883534136547,C+,B+,C,C+,gatxcorp
PLUS,ePlus inc,Information Technology,Technology Distributors,89.08,18.6107,0.9495,9.6923,2.19156243541927,6.85,13.54,11.78,0.0688,11.78,0.6863966770508826,27.7848,6.85,13.54,27.7848,0.6863966770508826,11.78,0.0688,11.78,88.69809978235394,42.943728656533125,45.555555555555564,48.504363009440326,50.0,56.85303216767207,0.9281767955801105,0.39779005524861877,0.43646408839779005,0.4143646408839779,A-,C-,C,C,eplusinc
HIG,Hartford Insurance Group Inc,Financials,Property & Casualty Insurance,126.04,7.6849,1.1592,7.323,1.8390549673744294,40.07,5.69,22.99,0.1759,18.69,0.2218768214493883,-5.5788,40.07,5.69,-5.5788,0.2218768214493883,22.99,0.1759,18.69,68.69747899159664,44.24855998183749,79.41176470588235,29.846279975404798,50.0,56.8462789158182,0.7415966386554622,0.3865546218487395,0.7941176470588235,0.29411764705882354,B,C-,B,D+,hartfordinsurancegroupinc
UBSI,United Bankshares Inc,Financials,Regional Banks,46.67,12.3851,4.20702,,1.1878159152570844,29.39,50.64327,9.39,0.4541967,8.67,0.8099226804123714,25.5627,29.39,50.64327,25.5627,0.8099226804123714,9.39,0.4541967,8.67,63.4453781512605,57.56928513241277,27.310924369747898,88.18660174350114,50.0,56.84025300543488,0.6428571428571429,0.6302521008403361,0.27310924369747897,0.9117647058823529,B-,B-,D+,A-,unitedbanksharesinc
AMP,Ameriprise Financial Inc,Financials,Asset Management & Custody Banks,496.16,11.1012,2.2092,12.2136,6.914264293348979,29.13,9.13,61.73,0.3048,8.58,0.49131100605899225,0.2134,29.13,9.13,0.2134,0.49131100605899225,44.400499999999866,0.3048,8.58,38.865546218487395,47.273636337094345,97.68907563025209,41.22128851540616,50.0,56.83764043268497,0.3319327731092437,0.4495798319327731,0.976890756302521,0.42857142857142855,C-,C,A+,C,ameriprisefinancialinc
NMIH,NMI Holdings Inc,Financials,Commercial & Residential Mortgage Finance,40.82,7.8446,4.2437,6.317,1.2013797325296665,7.97,7.53,15.14,0.7323999999999999,13.05,0.5025210084033611,5.3129,7.97,7.53,5.3129,0.5025210084033611,15.14,0.5811805599999998,13.05,81.0924369747899,32.24397360430202,60.08403361344538,50.05480453050785,50.0,56.7538732740208,0.9159663865546218,0.23949579831932774,0.6008403361344538,0.5294117647058824,A-,D+,B-,C+,nmiholdingsinc
RMD,Resmed Inc,Health Care,Health Care Equipment,223.19,20.7274,5.5849,15.9219,9.832418478021445,9.76,9.85,23.880000000000003,0.3337,21.63,0.41035323359304055,-16.9504,9.76,9.85,-16.9504,0.41035323359304055,23.880000000000003,0.3337,21.63,56.72417799465552,50.47909806329184,85.96491228070175,29.905263157894737,50.0,56.74914481307663,0.5986842105263158,0.5,0.9144736842105263,0.24013157894736842,C+,C,A-,D+,resmedinc
FSS,Federal Signal Corp,Industrials,Construction Machinery & Heavy Transportation Equipment,115.01,24.252,2.8275,17.4894,5.068105002005033,29.03,23.97,20.22,0.16149999999999998,15.370000000000001,0.4148537134283573,-6.563,29.03,23.97,-6.563,0.4148537134283573,20.22,0.16149999999999998,15.370000000000001,44.24610004644429,83.35036717389659,67.126738245499,36.178953509114486,50.0,56.74907370958804,0.41365461847389556,0.9236947791164659,0.6907630522088354,0.3333333333333333,C,A-,B-,C-,federalsignalcorp
PHIN,Phinia Inc,Consumer Discretionary,Automotive Retail,60.33,16.8372,0.6323,7.6493,1.4413497512937028,34.56,7.06,8.62,0.0701,5.28,0.26383508577753173,7.6149,34.56,7.06,7.6149,0.26383508577753173,8.62,0.0701,5.28,67.3156146179402,69.59033613445378,30.012041598248498,67.47899159663865,50.0,56.745779600265664,0.7257142857142858,0.7542857142857143,0.26285714285714284,0.6742857142857143,B,B,D+,B-,phiniainc
GNTX,Gentex Corp,Consumer Discretionary,Automotive Parts & Equipment,22.34,11.5622,1.7921,7.4353,1.93463463636836,6.8,10.13,16.24,0.1902,16.220000000000002,0.21805392731535747,-20.3527,6.8,10.13,-20.3527,0.21805392731535747,16.24,0.1902,16.220000000000002,64.859357696567,62.91666666666667,63.63875205254516,35.14285714285714,50.0,56.7364321991828,0.6857142857142857,0.6857142857142857,0.6457142857142857,0.35428571428571426,B-,B-,B-,C-,gentexcorp
PNC,PNC Financial Services Group Inc,Financials,Diversified Banks,223.07,11.7675,2.34179,,1.4374789762175106,22.76,72.26733,12.34,0.345423,7.13,0.562743664717349,11.2953,22.76,72.26733,11.2953,0.562743664717349,12.34,0.345423,7.13,58.403361344537814,65.74295994896853,47.89915966386555,60.04979769685652,50.0,56.73418178126586,0.5966386554621849,0.7647058823529411,0.4789915966386555,0.6134453781512605,C+,B,C,B-,pncfinancialservicesgroupinc
MSA,MSA Safety Inc,Industrials,Office Services & Supplies,182.5,22.2544,3.5904,15.1363,5.194945673677709,14.65,6.48,23.150000000000002,0.21230000000000002,16.0,0.5429856426223837,8.0028,14.65,6.48,8.0028,0.5429856426223837,23.150000000000002,0.21230000000000002,16.0,48.06873753517471,51.39226667798096,76.40521268748462,51.61777407904775,50.0,56.720495707070576,0.46987951807228917,0.4899598393574297,0.8192771084337349,0.4779116465863454,C,C,B+,C,msasafetyinc
MS,Morgan Stanley,Financials,Investment Banking & Brokerage,192.89,15.1088,2.3643,37.1784,2.7349925631002154,38.56,13.96,17.83,0.203,1.96,0.5105086432035815,23.5042,38.56,13.96,23.5042,0.5105086432035815,17.83,0.203,1.96,32.773109243697476,58.00578912798049,68.4873949579832,74.00889767671774,50.0,56.718063411359815,0.2689075630252101,0.6386554621848739,0.6848739495798319,0.7521008403361344,D+,B-,B-,B,morganstanley
CHEF,Chefs' Warehouse Inc,Consumer Staples,Food Distributors,111.76,48.9157,1.0244,24.2148,7.523240863530188,32.46,11.16,13.54,0.039599999999999996,6.01,0.9086113266097751,84.8927,32.46,11.16,67.96360499999999,0.7799010676845441,13.54,0.039599999999999996,6.01,27.61904761904762,81.71428571428572,36.19047619047619,97.08571428571429,50.0,56.712380952380954,0.22142857142857142,0.9142857142857143,0.29285714285714287,0.9857142857142858,D+,A-,D+,A+,chefswarehouseinc
ALLY,Ally Financial Inc,Financials,Consumer Finance,38.19,8.1155,0.88959,,0.7601845622220718,325.79,37.40411,9.42,0.158682,4.3999999999999995,0.1996481970096743,-4.9963,185.31,37.40411,-4.9963,0.1996481970096743,9.42,0.158682,4.3999999999999995,93.27731092436974,83.80834711306815,27.73109243697479,23.396995161701042,50.0,56.69316929528997,0.976890756302521,0.9621848739495799,0.2773109243697479,0.23109243697478993,A+,A,D+,D+,allyfinancialinc
KEY,KeyCorp,Financials,Regional Banks,20.36,10.737,1.67174,,1.1012667813368815,2512.15,57.09544,10.12,0.233279,6.0,0.5121790651744568,9.5694,185.31,57.09544,9.5694,0.5121790651744568,10.12,0.233279,6.0,75.4201680672269,82.82006551478716,32.35294117647059,40.8152045865075,50.0,56.6703313311833,0.8739495798319328,0.9411764705882353,0.3235294117647059,0.42436974789915966,B+,A,C-,C,keycorp
TXN,Texas Instruments Inc,Information Technology,Semiconductors,283.11,41.9231,13.0426,28.1688,15.77952913898426,20.26,16.66,35.77,0.3729,19.54,0.7191395477109764,52.7521,20.26,16.66,52.7521,0.7191395477109764,35.77,0.3729,19.54,37.850535744182146,46.64188728051359,83.33333333333333,59.75678261674743,50.0,56.57570124883108,0.3425414364640884,0.44751381215469616,0.856353591160221,0.569060773480663,C-,C,B+,C+,texasinstrumentsinc
FORM,FormFactor Inc,Information Technology,Semiconductor Materials & Equipment,130.97,85.1554,10.898,83.6421,9.821816927391898,156.16,18.01,10.96,0.1285,10.83,0.7664780425599744,264.2978,156.16,18.01,262.11377,0.7664780425599744,10.96,0.1285,10.83,18.90486355265361,78.49017873719313,50.18518518518519,92.70982314435571,50.0,56.512512560769466,0.1270718232044199,0.8784530386740331,0.5082872928176796,0.9779005524861878,D,B+,C+,A+,formfactorinc
BCO,Brinks Co,Industrials,Security & Alarm Services,104.75,23.3203,0.7696,7.7033,15.5031302262939,16.02,8.12,64.68,0.10289999999999999,4.08,0.30229479258605474,-7.699,16.02,8.12,-7.699,0.30229479258605474,64.68,0.10289999999999999,4.08,79.88689451684289,57.57886166049432,52.55744064694151,34.37633917594577,50.0,56.502123958234115,0.8714859437751004,0.6385542168674698,0.5140562248995983,0.3092369477911647,B+,B-,C+,C-,brinksco
CHH,Choice Hotels International Inc,Consumer Discretionary,"Hotels, Resorts & Cruise Lines",103.0,13.9247,2.8241,13.7727,26.141468490647444,8.84,2.65,215.07999999999998,0.2521,15.559999999999999,0.47662141779788836,-6.2178,8.84,2.65,-6.2178,0.47662141779788836,195.4694999999998,0.2521,15.559999999999999,39.41749723145072,44.533730158730165,84.68746579091406,57.84126984126984,50.0,56.5012407555912,0.38857142857142857,0.38857142857142857,0.92,0.56,C-,C-,A-,C+,choicehotelsinternationalinc
SIRI,Sirius XM Holdings Inc,Communication Services,Broadcasting,25.81,9.8439,1.0069,7.9998,0.747658678315581,-9.48,0.44,7.53,0.1912,4.109999999999999,0.4687863512989531,15.5273,-9.48,0.44,15.5273,0.4687863512989531,7.53,0.1912,4.109999999999999,77.83650458069063,41.831552482715274,40.15151515151515,68.14722838137472,50.0,56.49276110586945,0.8863636363636364,0.3409090909090909,0.3409090909090909,0.6818181818181818,B+,C-,C-,B-,siriusxmholdingsinc
NTCT,Netscout Systems Inc,Information Technology,Communications Equipment,39.31,23.546,3.2272,13.1305,1.7033538434873041,63.1,5.79,7.42,0.1482,7.42,0.7026892430278885,52.9868,63.1,5.79,52.9868,0.7026892430278885,7.42,0.1482,7.42,72.75552486187844,50.022875111679646,41.48148148148149,64.47541046110719,50.0,56.45890870039735,0.7900552486187845,0.5027624309392266,0.3756906077348066,0.6132596685082873,B,C+,C-,B-,netscoutsystemsinc
HUM,Humana Inc,Health Care,Managed Health Care,389.63,37.5,0.3292,16.7727,2.6610399384784342,-18.96,18.33,6.92,0.0181,4.02,0.852310139751471,56.4006,-18.96,18.33,56.4006,0.852310139751471,6.92,0.0181,4.02,67.6832810503079,53.74458722055976,32.01754385964912,78.8663967611336,50.0,56.44740302382793,0.7368421052631579,0.5460526315789473,0.29605263157894735,0.8355263157894737,B,C+,D+,B+,humanainc
HWM,Howmet Aerospace Inc,Industrials,Aerospace & Defense,228.32,48.5979,9.9733,34.0872,17.130209701016618,35.22,18.08,34.410000000000004,0.272,20.13,0.3526194816517396,22.4546,35.22,18.08,22.4546,0.3526194816517396,34.410000000000004,0.272,20.13,9.144605633418026,71.47566215889196,86.69945086468323,65.79421273987566,50.0,56.41498910427884,0.03614457831325301,0.8232931726907631,0.9558232931726908,0.678714859437751,F,B+,A,B-,howmetaerospaceinc
IBM,International Business Machines Corp,Information Technology,IT Consulting & Other Services,220.71,19.3092,2.9966,21.8825,6.334268937371928,82.66,7.9,33.51,0.15109999999999998,11.27,0.16147670143318085,-19.8728,82.66,7.9,-19.8728,0.16147670143318085,33.51,0.15109999999999998,11.27,70.00983592834422,62.51218896998978,65.37037037037037,25.16725186281824,50.0,56.380939741240255,0.7679558011049724,0.6519337016574586,0.6961325966850829,0.19337016574585636,B,B-,B-,D,internationalbusinessmachinescorp
GL,Globe Life Inc,Financials,Life & Health Insurance,166.69,10.5768,2.0706,9.473,2.206686382855917,20.3,5.24,20.28,0.2644,13.87,0.6097331240188382,16.7867,20.3,5.24,16.7867,0.6097331240188382,20.28,0.2644,13.87,55.25210084033613,33.50469943146982,73.94957983193278,61.74894957983193,50.0,56.35114997032757,0.5462184873949579,0.2647058823529412,0.7394957983193278,0.6302521008403361,C+,D+,B,B-,globelifeinc
AVGO,Broadcom Inc,Information Technology,Semiconductors,349.57,43.7929,18.8065,38.225,20.387132142815485,100.1,48.69,43.91,0.4797,25.34,0.29072376121732346,4.9717,100.1,48.69,4.9717,0.29072376121732346,43.91,0.4317149999999999,25.34,30.36895195044367,82.34044692456577,89.25925925925925,24.827079509232007,50.0,56.34055808918528,0.27624309392265195,0.9116022099447514,0.9337016574585635,0.17679558011049723,D+,A-,A,D,broadcominc
SIGI,Selective Insurance Group Inc,Financials,Property & Casualty Insurance,85.44,10.1354,0.9219,8.6481,1.4222695720207081,31.24,7.09,13.87,0.1193,11.09,0.45836350470673404,9.8049,31.24,7.09,9.8049,0.45836350470673404,13.87,0.1193,11.09,68.4873949579832,41.06710659102578,55.67226890756303,60.40992006558721,50.0,56.33532129770915,0.7352941176470589,0.3445378151260504,0.5567226890756303,0.6176470588235294,B,C-,C+,B-,selectiveinsurancegroupinc
TCBI,Texas Capital Bancshares Inc,Financials,Regional Banks,94.4,11.3686,1.94001,,1.150401604712747,184.53,62.22861,10.040000000000001,0.3685057,8.36,0.566696508504924,10.8515,184.53,62.22861,10.8515,0.566696508504924,10.040000000000001,0.3685057,8.36,69.74789915966386,83.58100606006768,31.512605042016805,46.49179297887379,50.0,56.329685858208464,0.7689075630252101,0.957983193277311,0.31512605042016806,0.5042016806722689,B,A,C-,C+,texascapitalbancsharesinc
REYN,Reynolds Consumer Products Inc,Consumer Staples,Household Products,22.08,13.539,1.2302,9.1365,2.060989611044216,10.33,2.71,15.28,0.1413,9.01,0.2383720930232554,-5.495,10.33,2.71,-5.495,0.2383720930232554,15.28,0.1413,9.01,70.0,61.89294576391351,55.23809523809524,38.15668202764977,50.0,56.31944936783647,0.8,0.6428571428571429,0.55,0.3142857142857143,B,B-,C+,C-,reynoldsconsumerproductsinc
QRVO,Qorvo Inc,Information Technology,Semiconductors,116.81,26.0711,2.8556,19.0947,3.064624458227078,400.67,-0.18,11.39,0.13119999999999998,7.9,0.9072991119774745,26.3603,400.67,-0.18,26.3603,0.9072991119774745,11.39,0.13119999999999998,7.9,70.46187008203583,51.374695115962076,46.111111111111114,59.461929652876,50.0,56.310570252054355,0.7734806629834254,0.5359116022099447,0.44751381215469616,0.56353591160221,B,C+,C,C+,qorvoinc
FAST,Fastenal Co,Industrials,Trading Companies & Distributors,50.49,42.7468,6.6055,29.6842,14.698689956331878,13.58,12.54,34.02,0.2029,32.85,0.8261025457153104,5.3918,13.58,12.54,5.3918,0.8261025457153104,34.02,0.2029,29.789999999999996,11.699041062208016,69.23382827562074,87.84471218206158,62.836626294513145,50.0,56.30002922509418,0.04819277108433735,0.8112449799196787,0.963855421686747,0.6345381526104418,F,B+,A,B-,fastenalco
MSM,MSC Industrial Direct Co Inc,Industrials,Trading Companies & Distributors,122.47,29.2135,1.7279,16.6749,4.921853963967223,16.56,4.41,16.6,0.085,12.16,0.8453348819202476,35.8969,16.56,4.41,35.8969,0.8453348819202476,16.6,0.085,12.16,47.482993197278915,51.96216056695954,49.47408682348442,83.2494956785668,50.0,56.281601254296106,0.46184738955823296,0.5100401606425703,0.4819277108433735,0.8514056224899599,C,C+,C,B+,mscindustrialdirectcoinc
AFL,Aflac Inc,Financials,Life & Health Insurance,113.55,11.7427,3.1578,9.8913,1.997192849152578,110.97,13.64,16.42,0.33340000000000003,12.809999999999999,0.3275514320290437,3.8729,110.97,13.64,3.8729,0.3275514320290437,16.42,0.33340000000000003,12.809999999999999,51.260504201680675,73.91142030358769,64.70588235294117,37.12710084033613,50.0,56.19930086744022,0.5,0.8823529411764706,0.6470588235294118,0.3739495798319328,C,B+,B-,C-,aflacinc
AMD,Advanced Micro Devices Inc,Information Technology,Semiconductors,607.87,153.9434,23.9795,129.0447,15.727677058295406,124.33,39.54,10.07,0.15710000000000002,9.59,0.9357110404361654,291.0399,124.33,39.54,262.11377,0.9357110404361654,10.07,0.15710000000000002,9.59,10.40724928846476,84.04971972953271,50.55555555555555,95.68913104919119,50.0,56.18847136674986,0.06077348066298342,0.9226519337016574,0.5138121546961326,1.0,D-,A-,C+,A+,advancedmicrodevicesinc
FFIV,F5 Inc,Information Technology,Communications Equipment,435.56,34.5183,7.5779,25.6574,6.994666799421233,10.69,9.41,19.86,0.247,19.86,0.8890194761584956,36.7469,10.69,9.41,36.7469,0.8890194761584956,19.86,0.247,19.86,47.81621463251296,37.48685120837338,74.44444444444444,65.6148791810931,50.0,56.185510847132655,0.49171270718232046,0.30939226519337015,0.7651933701657458,0.6519337016574586,C,C-,B,B-,f5inc
AEP,American Electric Power Company Inc,Utilities,Electric Utilities,118.2,20.4864,2.8867,13.3447,2.05060945778555,-15.36,10.6,10.0,0.2352,3.8600000000000003,0.31768292682926824,9.7256,-15.36,10.6,9.7256,0.31768292682926824,10.0,0.2352,3.8600000000000003,41.95402298850575,47.53589187434524,58.62068965517241,82.57359125315392,50.0,56.16557478641938,0.4224137931034483,0.43103448275862066,0.5862068965517241,0.8620689655172413,C,C,C+,B+,americanelectricpowercompanyinc
NBTB,NBT Bancorp Inc,Financials,Regional Banks,50.88,12.4009,3.28773,,1.4007306484160567,47.67,32.08138,11.26,0.31040870000000004,9.49,0.7633986928104577,21.1986,47.67,32.08138,21.1986,0.7633986928104577,11.26,0.31040870000000004,9.49,56.09243697478992,55.431147113092194,40.96638655462185,79.06384983900102,50.0,56.163705272771594,0.5567226890756303,0.6092436974789915,0.4096638655462185,0.8109243697478992,C+,B-,C,B+,nbtbancorpinc
LYFT,Lyft Inc,Industrials,Passenger Ground Transportation,15.07,1.957,0.8281,208.9547,1.8453889766479312,3178.5,10.81,115.83000000000001,-0.0177,79.7,0.1995412844036697,-31.0848,191.6919999999998,10.81,-31.0848,0.1995412844036697,69.54999999999994,-0.003499999999999991,29.789999999999996,59.97759746468868,82.68043997857663,60.0,23.14165267993001,50.0,56.1588178978735,0.6385542168674698,0.9196787148594378,0.6184738955823293,0.20883534136546184,B-,A-,B-,D+,lyftinc
MRVL,Marvell Technology Inc,Information Technology,Semiconductors,259.58,83.674,23.374,59.4947,15.371496586151558,,30.62,16.220000000000002,0.3557,12.57,0.7287756322459924,212.5343,,30.62,212.5343,0.7287756322459924,16.220000000000002,0.3557,12.57,16.75770132261845,64.51310861423221,70.37037037037037,82.27989365442772,50.0,56.14061837697919,0.09392265193370165,0.6795580110497238,0.7348066298342542,0.8674033149171271,D-,B-,B,B+,marvelltechnologyinc
PATH,UiPath Inc,Information Technology,Systems Software,12.08,17.5535,3.6917,35.8606,3.1150880631269504,1741.64,14.98,18.42,0.0889,18.42,0.27067669172932335,2.6359,703.5419999999999,14.98,2.6359,0.27067669172932335,18.42,0.0889,18.42,61.160639544617446,70.61797824219116,59.62962962962964,33.99048043944491,50.0,56.119259029888994,0.6795580110497238,0.7569060773480663,0.6270718232044199,0.2983425414364641,B-,B,B-,D+,uipathinc
MAN,ManpowerGroup Inc,Industrials,Human Resource & Employment Services,56.91,25.5781,0.1424,9.4893,1.2792673716012082,,6.72,5.06,0.0154,3.1300000000000003,0.8200361476891297,51.9587,,6.72,51.9587,0.8200361476891297,5.06,0.0154,3.1300000000000003,79.97923667458952,45.79521463757917,13.300549135316777,93.11328353526704,50.0,56.101646087045815,0.8755020080321285,0.39759036144578314,0.10441767068273092,0.963855421686747,B+,C-,D,A,manpowergroupinc
FCF,First Commonwealth Financial Corp,Financials,Regional Banks,20.57,12.4383,2.8444,,1.3609537924098873,24.94,56.90718,10.83,0.3913255,9.35,0.7585972080354102,20.5882,24.94,56.90718,20.5882,0.7585972080354102,10.83,0.3913255,9.35,56.9327731092437,62.003874304647255,36.97478991596639,76.11717584229953,50.0,56.101100785691884,0.5735294117647058,0.7058823529411765,0.3697478991596639,0.7773109243697479,C+,B,C-,B,firstcommonwealthfinancialcorp
SAH,Sonic Automotive Inc,Consumer Discretionary,Automotive Retail,62.06,9.5113,0.1303,9.5051,1.9508729574932258,40.17,5.25,20.45,0.033,4.14,0.13347884486232375,-13.3307,40.17,5.25,-13.3307,0.13347884486232375,20.45,0.033,4.14,84.56921373200443,70.39390756302521,28.237000547345374,44.10084033613445,50.0,56.10050314966938,0.9314285714285714,0.7771428571428571,0.24,0.4228571428571429,A,B,D+,C,sonicautomotiveinc
MTD,Mettler-toledo International Inc,Health Care,Life Sciences Tools & Services,1552.75,33.6586,7.3736,27.6696,1383.6660131883798,12.52,6.91,1816.2600000000002,0.2655,10.96,1.0,24.9764,12.52,6.91,24.9764,0.9928328932685071,108.10399999999996,0.2655,10.96,34.72899965144649,46.999514596768606,82.5657894736842,61.86602870813397,50.0,56.09680594226319,0.3223684210526316,0.4407894736842105,0.875,0.6052631578947368,C-,C,B+,B-,mettlertoledointernationalinc
BHF,Brighthouse Financial Inc,Financials,Life & Health Insurance,52.04,3.5971,0.4492,1000000.0,0.4395968278746963,32.48,2.62,13.170000000000002,0.16940000000000002,8.780000000000001,0.3378196500672948,-3.0943,32.48,2.62,-3.0943,0.3378196500672948,13.170000000000002,0.16940000000000002,8.780000000000001,99.15966386554622,35.88045538152834,53.36134453781513,28.902310924369747,50.0,56.08680536201995,1.0,0.27310924369747897,0.5336134453781513,0.28991596638655465,A+,D+,C+,D+,brighthousefinancialinc
AGCO,AGCO Corp,Industrials,Agricultural & Farm Machinery,117.61,15.4545,0.7965,12.401,1.9988137301389024,441.48,1.74,12.45,0.0739,7.7,0.4255926251097454,9.2879,191.6919999999998,1.74,9.2879,0.4255926251097454,12.45,0.0739,7.7,79.63500259541568,61.80785377213949,36.17572330136874,48.740403792038904,50.0,56.06233298703179,0.8634538152610441,0.7188755020080321,0.30522088353413657,0.4497991967871486,B+,B,C-,C,agcocorp
VVX,V2X Inc,Industrials,Aerospace & Defense,73.88,26.5949,0.4989,14.9789,2.123244759424988,31.61,12.99,8.35,0.0415,4.2,0.5335452878791394,40.7704,31.61,12.99,40.7704,0.5335452878791394,8.35,0.0415,4.2,66.29238040597765,63.411492681679015,20.05518673332787,83.81812473325877,50.0,56.032815267813945,0.7349397590361446,0.7389558232931727,0.14457831325301204,0.8594377510040161,B,B,D,B+,v2xinc
BURL,Burlington Stores Inc,Consumer Discretionary,Apparel Retail,266.39,22.401,1.3096,12.2016,9.244581097869919,31.44,10.89,39.82,0.0786,18.89,0.26102455769738575,-2.9974,31.44,10.89,-2.9974,0.26102455769738575,39.82,0.0786,18.89,40.626799557032115,75.05357142857143,61.03776683087028,52.47619047619048,50.0,55.922093977927986,0.4114285714285714,0.8228571428571428,0.6171428571428571,0.5142857142857142,C,B+,B-,C+,burlingtonstoresinc
TMDX,Transmedics Group Inc,Health Care,Health Care Equipment,81.77,19.0543,4.3241,34.9449,5.922787193973635,105.49,25.82,32.97,0.12210000000000001,13.239999999999998,0.2259241879138641,-25.1185,105.49,25.82,-25.1185,0.2259241879138641,32.97,0.12210000000000001,13.239999999999998,46.7729754850703,90.94750795334042,69.51754385964914,18.021052631578947,50.0,55.86634195316373,0.47368421052631576,0.993421052631579,0.7039473684210527,0.125,C,A+,B,D,transmedicsgroupinc
PRI,Primerica Inc,Financials,Life & Health Insurance,274.33,10.6405,2.4691,8.9404,3.567777763327307,22.98,8.57,32.550000000000004,0.306,18.970000000000002,0.4551908632575367,0.5656,22.98,8.57,0.5656,0.4551908632575367,32.550000000000004,0.306,18.970000000000002,47.26890756302521,44.46051757612916,90.33613445378151,37.857142857142854,50.0,55.864792590856084,0.4411764705882353,0.3907563025210084,0.9033613445378151,0.38235294117647056,C,C-,A-,C-,primericainc
CAKE,Cheesecake Factory Inc,Consumer Discretionary,Restaurants,105.16,29.167,1.3437,17.5759,11.960057320928962,13.39,5.66,38.83,0.0527,16.64,0.8235840297121635,92.4309,13.39,5.66,54.84940999999998,0.80102298550181,38.83,0.0527,16.64,27.324473975636764,54.44444444444445,55.311439518336066,96.5079365079365,50.0,55.8494545639694,0.2,0.5428571428571428,0.5314285714285715,0.9828571428571429,D,C+,C+,A+,cheesecakefactoryinc
NEU,NewMarket Corp,Materials,Specialty Chemicals,907.53,19.3656,3.0602,13.5369,4.795962963178263,-7.85,-1.31,24.63,0.1997,16.509999999999998,0.81543221019477,8.7663,-7.85,-1.31,8.7663,0.81543221019477,24.63,0.1997,16.509999999999998,46.07843137254901,30.41958533772189,85.29411764705883,59.28263988522239,50.0,55.78358229949082,0.4852941176470588,0.14705882352941177,0.8970588235294118,0.6029411764705882,C,D,B+,B-,newmarketcorp
TRGP,Targa Resources Corp,Energy,Oil & Gas Storage & Transportation,276.24,26.2734,3.5587,14.3972,19.32856603087085,40.38,-1.97,72.17,0.2291,10.530000000000001,0.8064713064713066,61.7794,40.38,-1.97,61.7794,0.8064713064713066,36.65899999999999,0.2291,10.530000000000001,26.86567164179105,43.80597014925373,76.36815920398011,80.9950248756219,50.0,55.76865671641792,0.1791044776119403,0.373134328358209,0.8656716417910447,0.8059701492537313,D,C-,B+,B+,targaresourcescorp
BAC,Bank of America Corp,Financials,Diversified Banks,55.47,11.6283,2.32875,,1.3193227143750759,25.82,99.36713,11.129999999999999,0.3273721,3.3000000000000003,0.4894006804501441,9.3539,25.82,83.28401599999997,9.3539,0.4894006804501441,11.129999999999999,0.3273721,3.3000000000000003,62.81512605042016,77.98175569992452,39.075630252100844,48.334889511360096,50.0,55.73601811788717,0.6386554621848739,0.9117647058823529,0.3907563025210084,0.5168067226890757,B-,A-,C-,C+,bankofamericacorp
ADUS,Addus Homecare Corp,Health Care,Health Care Services,111.91,20.0582,1.4307,12.5761,1.9094662844662844,25.89,15.88,9.569999999999999,0.10039999999999999,8.73,0.6566182515757741,-2.0763,25.89,15.88,-2.0763,0.6566182515757741,9.569999999999999,0.10039999999999999,8.73,76.26931567328919,61.297490810802195,49.12280701754386,35.30166880616174,50.0,55.66786259610105,0.8355263157894737,0.6513157894736842,0.46381578947368424,0.29605263157894735,B+,B-,C,D+,addushomecarecorp
BG,Bunge Global SA,Consumer Staples,Agricultural Products & Services,109.06,20.7811,0.2279,12.35,1.326279946491548,-48.66,80.53,6.329999999999999,0.0209,3.25,0.539566419841199,37.2969,-48.66,29.54249999999999,37.2969,0.539566419841199,6.329999999999999,0.0209,3.25,70.95238095238095,56.959706959706956,24.28571428571429,77.26190476190476,50.0,55.653846153846146,0.8214285714285714,0.5428571428571428,0.15714285714285714,0.8,B+,C+,D,B,bungeglobalsa
ENSG,Ensign Group Inc,Health Care,Health Care Facilities,176.36,27.311,1.8851,17.5621,4.590114440537509,15.73,18.89,16.54,0.0852,15.58,0.45511646165925157,3.0652,15.73,18.89,3.0652,0.45511646165925157,16.54,0.0852,15.58,63.28424538166609,62.38025723980115,60.52631578947368,35.94736842105264,50.0,55.6181654249557,0.6776315789473685,0.6710526315789473,0.5855263157894737,0.3092105263157895,B-,B-,C+,C-,ensigngroupinc
BE,Bloom Energy Corp,Industrials,Electrical Components & Equipment,262.87,315.8682,24.8524,229.9424,95.77367289685576,586.53,90.98,24.77,0.0911,7.140000000000001,0.6950432892966784,320.2941,191.6919999999998,36.967999999999954,75.1288999999999,0.6950432892966784,24.77,0.0911,7.140000000000001,3.215037018823597,98.5716216988726,48.504220965494625,89.67211118526585,50.0,55.57856107290725,0.004016064257028112,1.0,0.46586345381526106,0.9156626506024096,F,A+,C,A-,bloomenergycorp
HSIC,Henry Schein Inc,Health Care,Health Care Distributors,85.99,23.7577,0.7039,13.5004,3.0678501858762584,10.34,6.49,12.370000000000001,0.05,6.18,0.7952365200132315,31.5814,10.34,6.49,31.5814,0.7952365200132315,12.370000000000001,0.05,6.18,78.0149878006274,39.6286231884058,42.98245614035088,61.86403508771929,50.0,55.547892640469584,0.8618421052631579,0.3355263157894737,0.3815789473684211,0.5986842105263158,B+,C-,C-,C+,henryscheininc
MWA,Mueller Water Products Inc,Industrials,Industrial Machinery & Supplies & Components,21.62,15.0399,2.2591,9.9984,3.4428944518759157,49.14,5.88,21.21,0.1942,14.81,0.030290499328026393,-13.1674,49.14,5.88,-13.1674,0.030290499328026393,21.21,0.1942,14.81,72.33997213343169,60.634035358709255,70.86413681938639,13.094120318594252,50.0,55.546658373665224,0.8232931726907631,0.6987951807228916,0.7429718875502008,0.07228915662650602,B+,B-,B,D-,muellerwaterproductsinc
CTS,CTS Corp,Information Technology,Electronic Manufacturing Services,59.33,24.3193,3.0077,12.8994,3.092165610406938,13.11,8.31,12.520000000000001,0.1638,11.19,0.6951073985680191,50.1638,13.11,8.31,50.1638,0.6951073985680191,12.520000000000001,0.1638,11.19,73.69203080529047,31.175331530696887,57.03703703703703,58.12573580313325,50.0,55.542480427347904,0.8011049723756906,0.19889502762430938,0.5911602209944752,0.5469613259668509,B+,D,C+,C+,ctscorp
CVSA,Covista Inc,Consumer Discretionary,Education Services,117.51,16.0434,2.0654,,2.7653576067925525,13.69,9.27,17.82,0.1962,12.790000000000001,0.44075624188194557,-18.346,13.69,9.27,-18.346,0.44075624188194557,17.82,0.1962,12.790000000000001,45.047619047619044,63.76231527093596,63.05856595511768,53.8128078817734,50.0,55.54157088122605,0.44571428571428573,0.7028571428571428,0.64,0.5371428571428571,C,B,B-,C+,covistainc
AVNT,Avient Corp,Materials,Specialty Chemicals,41.19,22.2231,1.134,10.3404,1.5891694188092225,43.14,2.36,7.090000000000001,0.09449999999999999,3.93,0.7155532359081418,26.7813,43.14,2.36,26.7813,0.7155532359081418,7.090000000000001,0.09449999999999999,3.93,63.23529411764705,55.793034573944354,37.745098039215684,70.55954088952655,50.0,55.51561313190986,0.75,0.6029411764705882,0.3161764705882353,0.7352941176470589,B,B-,C-,B,avientcorp
R,Ryder System Inc,Industrials,Cargo Ground Transportation,228.33,18.0965,0.7002,5.9764,2.948929393850553,4.74,1.12,16.7,0.07780000000000001,4.66,0.5582240480328647,27.618,4.74,1.12,27.618,0.5582240480328647,16.7,0.07780000000000001,4.66,87.67751277217714,37.287964246489594,35.881758325820286,60.78876676629031,50.0,55.50516397705533,0.9357429718875502,0.28112449799196787,0.30120481927710846,0.606425702811245,A,D+,C-,B-,rydersysteminc
PAG,Penske Automotive Group Inc,Consumer Discretionary,Automotive Retail,207.13,14.711,0.4324,13.5717,2.448756174204181,-0.98,4.13,16.46,0.04190000000000001,7.7700000000000005,0.771293738489871,22.6924,-0.98,4.13,22.6924,0.771293738489871,16.46,0.04190000000000001,7.7700000000000005,60.38316722037652,46.081932773109244,34.068965517241374,88.36974789915968,50.0,55.50336931885826,0.6514285714285715,0.4057142857142857,0.3142857142857143,0.8742857142857143,B-,C,C-,B+,penskeautomotivegroupinc
DVN,Devon Energy Corp,Energy,Oil & Gas Exploration & Production,46.73,15.9064,2.6516,7.3156,1.8718505403651569,-5.34,14.64,14.899999999999999,0.2274,10.52,0.7184557438794725,31.5716,-5.34,14.64,31.5716,0.7184557438794725,14.899999999999999,0.2274,10.52,49.25373134328358,45.70480928689884,61.44278606965174,68.35820895522389,50.0,55.48673300165838,0.4626865671641791,0.43283582089552236,0.5970149253731343,0.6716417910447762,C,C,C+,B-,devonenergycorp
CNXN,PC Connection Inc,Information Technology,Technology Distributors,89.7,23.5968,0.7569,16.663,2.4857147607672743,14.88,3.23,10.4,0.0392,10.4,0.9763845937587854,45.9477,14.88,3.23,45.9477,0.9445696259576386,10.4,0.0392,10.4,80.62740666331827,30.28819739946352,38.148148148148145,73.47561432672084,50.0,55.446651048103476,0.8397790055248618,0.18232044198895028,0.3425414364640884,0.7900552486187845,B+,D,C-,B,pcconnectioninc
TRMK,Trustmark Corp,Financials,Regional Banks,45.48,11.3664,1.83041,,1.2649813228900983,11.12,75.48011,11.01,0.133748,7.95,0.7221783741120755,14.6414,11.12,75.48011,14.6414,0.7221783741120755,11.01,0.133748,7.95,65.7563025210084,59.351494530304066,38.445378151260506,62.58383727322705,50.0,55.43748652877345,0.6932773109243697,0.6722689075630253,0.38445378151260506,0.634453781512605,B-,B-,C-,B-,trustmarkcorp
EQT,EQT Corp,Energy,Oil & Gas Exploration & Production,49.87,11.5294,3.2982,5.4813,1.3102788710635145,134.0,30.17,11.15,0.4235,8.68,0.09522543022350932,-5.7853,134.0,30.17,-5.7853,0.09522543022350932,11.15,0.4235,8.68,58.208955223880594,84.16478214985678,62.68656716417911,16.82255389718076,50.0,55.42134780642244,0.6791044776119403,0.9253731343283582,0.6268656716417911,0.1044776119402985,B-,A-,B-,D,eqtcorp
VCYT,Veracyte Inc,Health Care,Health Care Services,46.3,31.9013,6.4996,29.2222,2.80573752113393,323.93,17.28,8.64,0.1957,8.64,0.5355269432522651,38.4217,323.93,17.28,38.4217,0.5355269432522651,8.64,0.1957,8.64,37.7962704775183,82.55846402857621,55.48245614035088,52.862644415917835,50.0,55.4039033433661,0.3881578947368421,0.9210526315789473,0.5361842105263158,0.506578947368421,C-,A-,C+,C+,veracyteinc
TBBK,Bancorp Inc,Financials,Regional Banks,48.99,8.7959,4.64103,,3.0081235915730784,14.47,89.12521,32.32,0.5646253999999999,17.29,0.017448856799037463,-34.2006,14.47,83.28401599999997,-34.2006,0.05421287231232435,32.32,0.5646253999999999,17.29,56.09243697478992,68.28204557224517,89.49579831932773,1.751354747506479,50.0,55.40373888747974,0.5567226890756303,0.8025210084033614,0.8949579831932774,0.004201680672268907,C+,B+,B+,F,bancorpinc
AVY,Avery Dennison Corp,Materials,Paper & Plastic Packaging Products & Materials,171.89,18.1702,1.385,13.9996,5.893789045623803,2.32,5.84,31.069999999999997,0.1026,11.72,0.41320033955857377,7.3278,2.32,5.84,7.3278,0.41320033955857377,31.069999999999997,0.1026,11.72,55.88235294117647,44.147058823529406,75.49019607843138,43.529411764705884,50.0,55.37843137254902,0.6470588235294118,0.36764705882352944,0.8382352941176471,0.39705882352941174,B-,C-,B+,C-,averydennisoncorp
BGC,Bgc Group Inc,Financials,Investment Banking & Brokerage,11.77,28.1974,1.7024,13.5575,5.720256609642302,31.58,27.6,19.2,0.1155,7.02,0.7583965330444203,23.4619,31.58,27.6,23.4619,0.7583965330444203,19.2,0.1155,7.02,12.815126050420167,64.41320187848841,70.58823529411765,83.13890261987149,50.0,55.36126123580644,0.07563025210084033,0.7478991596638656,0.7058823529411765,0.8613445378151261,D-,B,B,B+,bgcgroupinc
WWD,Woodward Inc,Industrials,Electrical Components & Equipment,327.59,34.6186,4.5588,25.2633,7.646004397286939,42.27,22.35,21.75,0.16,15.540000000000001,0.43325214833877107,35.3951,42.27,22.35,35.3951,0.43325214833877107,21.75,0.16,15.540000000000001,21.10045624675573,80.69736775018887,67.81356719394584,59.95677169318674,50.0,55.35933374885052,0.1285140562248996,0.9116465863453815,0.6947791164658634,0.5943775100401606,D,A-,B-,C+,woodwardinc
EVR,Evercore Inc,Financials,Investment Banking & Brokerage,261.62,13.5461,2.1283,8.9225,4.960852837387105,60.84,45.68,39.83,0.2121,30.599999999999998,0.05438988095238098,-22.1953,60.84,45.68,-22.1953,0.05438988095238098,39.83,0.2121,29.45649999999999,31.512605042016805,84.98119107182475,93.69747899159664,10.291646070192783,50.0,55.35708843680687,0.2647058823529412,0.9705882352941176,0.9369747899159664,0.07983193277310924,D+,A+,A,D-,evercoreinc
CVX,Chevron Corp,Energy,Integrated Oil & Gas,206.37,19.8165,1.9551,8.5375,2.2074963096078557,34.62,11.17,10.979999999999999,0.1322,9.0,0.8399495020339459,27.2088,34.62,11.17,27.2088,0.8382860335526865,10.979999999999999,0.1322,9.0,47.76119402985074,62.53957485300769,49.25373134328358,67.96472184531886,50.0,55.354590682948896,0.417910447761194,0.7164179104477612,0.417910447761194,0.6119402985074627,C,B,C,B-,chevroncorp
MKSI,MKS Incorporated,Information Technology,Semiconductor Materials & Equipment,263.57,38.9039,3.9378,22.2521,6.514125843707443,58.58,16.23,15.83,0.1537,6.370000000000001,0.43887195121951217,113.3497,58.58,16.23,113.3497,0.43887195121951217,15.83,0.1537,6.370000000000001,56.555541603884144,63.35834070887195,50.0,55.124354273775715,50.0,55.33542439750057,0.6077348066298343,0.6685082872928176,0.5,0.5082872928176796,B-,B-,C,C+,mksincorporated
ORCL,Oracle Corp,Information Technology,Application Software,134.18,21.3516,5.6281,20.4865,9.090970683685983,49.08,21.62,42.58,0.3212,10.76,0.09459719284752935,-52.94,49.08,21.62,-42.32334,0.09459719284752935,42.58,0.3212,10.76,61.74347061778,70.93977260850642,74.62962962962963,10.25663343518833,50.0,55.33255627059136,0.6906077348066298,0.7679558011049724,0.7734806629834254,0.055248618784530384,B-,B,B,D-,oraclecorp
STRA,Strategic Education Inc,Consumer Discretionary,Education Services,76.01,12.5578,1.3131,6.8784,1.0604088454364473,24.75,3.53,8.19,0.1401,8.19,0.3150274588117824,-8.4594,24.75,3.53,-8.4594,0.3150274588117824,8.19,0.1401,8.19,68.87596899224805,51.47167487684729,44.700602079912414,58.14778325123153,50.0,55.318034393655886,0.7428571428571429,0.5028571428571429,0.4114285714285714,0.5657142857142857,B,C+,C,C+,strategiceducationinc
MLKN,MillerKnoll Inc,Industrials,Office Services & Supplies,20.28,13.9923,0.3596,8.0689,1.0298598415600244,33.57,1.2,7.340000000000001,0.0516,3.71,0.5950639853747716,14.1069,33.57,1.2,14.1069,0.5950639853747716,7.340000000000001,0.0516,3.71,93.26503292079884,48.673921959636246,19.89509056634702,61.397111207782466,50.0,55.30423750527021,0.9799196787148594,0.42971887550200805,0.14056224899598393,0.6144578313253012,A+,C,D,B-,millerknollinc
FNB,FNB Corp,Financials,Regional Banks,17.43,10.2335,2.56275,,0.9214080680034045,30.25,64.79501,8.94,0.42536409999999997,7.049999999999999,0.5789473684210525,9.6333,30.25,64.79501,9.6333,0.5789473684210525,8.94,0.42536409999999997,7.049999999999999,84.66386554621849,70.46506826992473,23.52941176470588,45.649886122673365,50.0,55.27131020625072,0.9411764705882353,0.8403361344537815,0.23529411764705882,0.48739495798319327,A,B+,D+,C,fnbcorp
TTEK,Tetra Tech Inc,Industrials,Construction & Engineering,34.02,19.6623,1.9667,13.5618,4.99691548426897,106.14,-5.22,23.75,0.1414,16.42,0.4737449509521064,2.4471,106.14,-5.22,2.4471,0.4737449509521064,23.75,0.1414,16.42,61.7845531787012,44.63594481451624,67.98240581373112,44.40562248995984,50.0,55.250053209003305,0.678714859437751,0.37349397590361444,0.6987951807228916,0.40963855421686746,B-,C-,B-,C,tetratechinc
URI,United Rentals Inc,Industrials,Trading Companies & Distributors,1031.63,24.7901,3.8852,17.0339,7.258217144963827,7.67,6.88,29.18,0.25079999999999997,11.39,0.6910529952469693,12.436,7.67,6.88,12.436,0.6910529952469693,29.18,0.25079999999999997,11.39,39.97322623828648,43.21789383763005,76.6467229462066,62.25502404615168,50.0,55.249570872879616,0.36947791164658633,0.3373493975903614,0.8232931726907631,0.6305220883534136,C-,C-,B+,B-,unitedrentalsinc
CRUS,Cirrus Logic Inc,Information Technology,Semiconductors,119.53,13.8028,2.8992,9.7813,2.8419871322393044,28.21,6.25,20.349999999999998,0.2305,20.349999999999998,0.17893743257820927,-4.5223,28.21,6.25,-4.5223,0.17893743257820927,20.349999999999998,0.2305,20.349999999999998,84.08881634019757,37.918834678128846,74.44444444444444,15.147223740263104,50.0,55.24652687983889,0.8729281767955801,0.3149171270718232,0.7651933701657458,0.07734806629834254,B+,C-,B,D-,cirruslogicinc
COP,ConocoPhillips,Energy,Oil & Gas Exploration & Production,126.04,16.5705,2.4281,6.542,2.394595251846673,1.31,9.6,14.32,0.22510000000000002,10.52,0.7220338983050848,31.4947,1.31,9.6,31.4947,0.7220338983050848,14.32,0.22510000000000002,10.52,51.74129353233831,43.38798432082014,59.95024875621891,68.0464344941957,50.0,55.209769335142475,0.5074626865671642,0.3582089552238806,0.582089552238806,0.6268656716417911,C+,C-,C+,B-,conocophillips
WTFC,Wintrust Financial Corp,Financials,Regional Banks,143.79,11.0439,2.29791,,1.3267256937652474,20.25,79.30369,12.33,0.38857909999999996,10.85,0.507929839302594,9.3638,20.25,79.30369,9.3638,0.507929839302594,12.33,0.38857909999999996,10.85,65.7563025210084,69.77243652704088,47.47899159663865,39.6607241027252,50.0,55.19545565536498,0.6932773109243697,0.8277310924369747,0.47478991596638653,0.40336134453781514,B-,B+,C,C,wintrustfinancialcorp
BCPC,Balchem Corp,Materials,Specialty Chemicals,168.68,32.2873,4.8886,20.0184,4.300548914027265,16.69,10.14,12.790000000000001,0.20420000000000002,11.360000000000001,0.6597361949474627,11.8446,16.69,10.14,11.8446,0.6597361949474627,12.790000000000001,0.20420000000000002,11.360000000000001,25.980392156862745,69.37012968745606,72.54901960784314,58.33572453371592,50.0,55.173523785410865,0.09558823529411764,0.75,0.7720588235294118,0.5882352941176471,D-,B,B,C+,balchemcorp
CFG,Citizens Financial Group Inc,Financials,Regional Banks,64.8,12.982,1.48499,,1.0569169341579894,37.2,62.72879,8.14,0.31448550000000003,5.87,0.6153424657534247,23.8987,37.2,62.72879,23.8987,0.6153424657534247,8.14,0.31448550000000003,5.87,66.59663865546219,73.20651295452328,17.647058823529413,72.14010837980051,50.0,55.13024863661266,0.7100840336134454,0.8781512605042017,0.17647058823529413,0.7226890756302521,B,B+,D,B,citizensfinancialgroupinc
INTU,Intuit Inc,Information Technology,Application Software,269.95,15.4095,3.2805,11.5126,3.814776659982505,20.37,13.9,23.419999999999998,0.2743,17.54,0.03792782408228406,-60.1851,20.37,13.9,-42.32334,0.0519418632356445,23.419999999999998,0.2743,17.54,78.31177800100451,51.61012142187155,75.55555555555556,6.630482422296986,50.0,55.11495415797373,0.8287292817679558,0.5414364640883977,0.7900552486187845,0.024861878453038673,B+,C+,B,F,intuitinc
PFG,Principal Financial Group Inc,Financials,Life & Health Insurance,114.22,15.7831,1.556,11.7195,2.0893163534460366,41.98,3.33,13.120000000000001,0.1278,9.790000000000001,0.8391866913123843,40.8221,41.98,3.33,40.8221,0.8391866913123843,13.120000000000001,0.1278,9.790000000000001,37.81512605042017,42.78985052858443,52.94117647058824,94.28571428571428,50.0,55.10418859311184,0.3235294117647059,0.3697478991596639,0.5294117647058824,0.9537815126050421,C-,C-,C+,A,principalfinancialgroupinc
COHR,Coherent Corp,Information Technology,Electronic Components,282.45,69.9597,7.9118,45.6232,5.07088830760337,1617.2,22.51,8.37,0.1458,6.25,0.5336825904220683,177.5922,703.5419999999999,22.51,177.5922,0.5336825904220683,8.37,0.1458,6.25,28.238531726100792,88.0451538884161,40.92592592592593,75.85084195720327,50.0,55.07031358213055,0.2430939226519337,0.9502762430939227,0.36464088397790057,0.8121546961325967,D+,A,C-,B+,coherentcorp
BNY,Bank of New York Mellon Corp,Financials,Asset Management & Custody Banks,148.44,16.1186,1000000.0,,2.305459391205893,31.68,,14.180000000000001,,6.34,0.7226207556193208,37.6513,31.68,,37.6513,0.7226207556193208,14.180000000000001,,6.34,34.45378151260504,60.59575345289631,57.14285714285714,75.1297852474323,50.0,55.044267403931265,0.2920168067226891,0.6974789915966386,0.5714285714285714,0.7647058823529411,D+,B-,C+,B,bankofnewyorkmelloncorp
V,Visa Inc,Financials,Transaction & Payment Processing Services,366.98,30.4288,15.4524,24.6646,18.544458593576294,14.72,14.39,61.260000000000005,0.6068,37.39,0.7972303634711644,9.6886,14.72,14.39,9.6886,0.7972303634711644,44.400499999999866,0.5811805599999998,29.45649999999999,7.9831932773109235,45.16117128778073,97.68907563025209,72.63772175536882,50.0,54.97784583552066,0.0546218487394958,0.40336134453781514,0.976890756302521,0.7352941176470589,D-,C,A+,B,visainc
CHD,Church & Dwight Co Inc,Consumer Staples,Household Products,95.62,30.2779,3.6203,20.8743,5.651701066269475,46.61,2.69,17.78,0.1747,11.62,0.5783083771752328,12.2787,46.61,2.69,12.2787,0.5783083771752328,17.78,0.1747,11.62,21.42857142857143,72.10209145693017,67.14285714285715,67.00460829493088,50.0,54.96419709322936,0.14285714285714285,0.8428571428571429,0.7,0.6142857142857143,D,B+,B-,B-,churchdwightcoinc
LQDT,Liquidity Services Inc,Industrials,Diversified Support Services,43.19,40.8143,2.7725,20.8136,6.518950085279156,23.68,5.18,15.18,0.09,15.18,0.9598572702943797,59.2768,23.68,5.18,59.2768,0.8559255587332271,15.18,0.09,15.18,28.252329044067423,54.614662203947915,52.315930388219535,94.4807802639128,50.0,54.96115335164389,0.20883534136546184,0.5582329317269076,0.5100401606425703,0.9759036144578314,D+,C+,C+,A+,liquidityservicesinc
AX,Axos Financial Inc,Financials,Regional Banks,87.72,10.1919,2.35138,,1.5717162740362218,14.77,78.88815,16.41,0.496028,11.600000000000001,0.41588330632090764,1.4091,14.77,78.88815,1.4091,0.41588330632090764,16.41,0.496028,11.600000000000001,65.54621848739495,64.52505151070716,64.07563025210085,23.221550302363937,50.0,54.95478254748818,0.6764705882352942,0.7521008403361344,0.6407563025210085,0.226890756302521,B-,B,B-,D+,axosfinancialinc
AIT,Applied Industrial Technologies Inc,Industrials,Trading Companies & Distributors,337.42,29.6175,2.4719,21.5738,6.669921701262941,8.18,8.84,22.17,0.1106,17.919999999999998,0.7260735746738972,28.6723,8.18,8.84,28.6723,0.7260735746738972,22.17,0.1106,17.919999999999998,36.275715105319236,50.839219733228944,64.77174002130972,72.47190209157895,50.0,54.92408814661882,0.3172690763052209,0.4819277108433735,0.6706827309236948,0.7469879518072289,C-,C,B-,B,appliedindustrialtechnologiesinc
SYY,Sysco Corp,Consumer Staples,Food Distributors,79.12,21.8868,0.4545,12.3251,14.201863186803324,-2.12,3.91,75.42,0.0366,11.01,0.46196111580727,-3.2791,-2.12,3.91,-3.2791,0.46196111580727,75.42,0.0366,11.01,66.19047619047619,47.56043956043956,56.666666666666664,48.457142857142856,50.0,54.917802197802196,0.7142857142857143,0.37142857142857144,0.6142857142857143,0.4714285714285714,B,C-,B-,C,syscocorp
PGNY,Progyny Inc,Health Care,Health Care Services,25.13,24.8574,1.4912,15.2876,4.059708243808662,58.09,5.54,15.98,0.0855,15.98,0.5322723253757736,19.1011,58.09,5.54,19.1011,0.5322723253757736,15.98,0.0855,15.98,69.00778436156617,47.08536984029533,60.52631578947369,40.51347881899871,50.0,54.903294769618775,0.756578947368421,0.4473684210526316,0.5921052631578947,0.375,B,C,C+,C-,progynyinc
NYT,New York Times Co,Communication Services,Publishing,63.58,26.3486,3.4758,18.2345,5.04031139262583,23.32,10.76,19.470000000000002,0.1582,19.470000000000002,0.28727272727272724,10.4134,23.32,10.76,10.4134,0.28727272727272724,19.470000000000002,0.1582,19.470000000000002,33.56236786469344,70.92269013199245,66.66666666666667,53.21685144124169,50.0,54.88516694748685,0.3409090909090909,0.8409090909090909,0.8068181818181818,0.5681818181818182,C-,B+,B+,C+,newyorktimesco
DCOM,Dime Community Bancshares Inc,Financials,Regional Banks,39.59,15.7944,2.11729,,1.1766803881648364,225.06,42.91451,7.670000000000001,0.4435096,6.45,0.8543451652386783,33.7641,185.31,42.91451,33.7641,0.8514107033572301,7.670000000000001,0.4435096,6.45,54.411764705882355,67.2840015121204,15.126050420168067,95.1904500117804,50.0,54.87934408629277,0.5357142857142857,0.7941176470588235,0.15126050420168066,0.9663865546218487,C+,B,D,A,dimecommunitybancsharesinc
SCL,Stepan Co,Materials,Specialty Chemicals,63.67,1000000.0,0.5974,13.3151,1.1579479569047673,-31.52,7.63,-0.22,0.82,-0.13999999999999999,0.8346065699006876,38.9535,-31.52,7.63,38.9535,0.8204581764965266,-0.22,0.44605999999999996,-0.13999999999999999,47.79411764705882,41.59071088980786,47.05882352941177,89.15351506456241,50.0,54.86208048499171,0.5294117647058824,0.3235294117647059,0.4338235294117647,0.9117647058823529,C+,C-,C,A-,stepanco
WDFC,WD-40 Co,Consumer Staples,Household Products,202.08,28.94,3.8273,21.9535,10.19442454572054,3.51,10.15,33.050000000000004,0.1748,24.45,0.21616107643358526,-0.1103,3.51,10.15,-0.1103,0.21616107643358526,33.050000000000004,0.1748,24.45,22.857142857142858,70.09925558312655,86.1904761904762,42.85714285714286,50.0,54.85318444995865,0.16428571428571428,0.8142857142857143,0.9142857142857143,0.39285714285714285,D,B+,A-,C-,wd40co
WDAY,Workday Inc,Information Technology,Application Software,187.71,37.6628,4.6397,34.123,6.232092404025246,127.88,13.35,16.78,0.1067,11.98,0.554520037278658,-21.9567,127.88,13.35,-21.9567,0.554520037278658,16.78,0.1067,11.98,50.700025113008536,67.44086008702476,55.555555555555564,48.98243772955956,50.0,54.84855473045789,0.5469613259668509,0.712707182320442,0.585635359116022,0.4198895027624309,C+,B,C+,C,workdayinc
HPQ,HP Inc,Information Technology,"Technology Hardware, Storage & Peripherals",31.32,11.5916,0.4802,9.6315,2.0347571869416923,-4.42,8.14,16.85,0.0545,9.98,0.7372086793463702,16.5736,-4.42,8.14,16.5736,0.7372086793463702,16.85,0.0545,9.98,95.52255985267034,24.047628024892184,47.03703703703703,46.95260141773923,50.0,54.839945110953124,0.994475138121547,0.12154696132596685,0.4530386740331492,0.40331491712707185,A+,D,C,C,hpinc
CSX,CSX Corp,Industrials,Rail Transportation,46.76,26.948,5.9849,15.8412,6.61143002573311,6.36,2.52,24.07,0.34149999999999997,9.969999999999999,0.6583416583416583,38.4843,6.36,2.52,38.4843,0.6583416583416583,24.07,0.28918,9.969999999999999,34.519574898232385,32.3233171059258,73.75461027784608,81.52282599786902,50.0,54.83777491477858,0.285140562248996,0.20481927710843373,0.7791164658634538,0.8393574297188755,D+,D+,B,B+,csxcorp
CI,Cigna Group,Health Care,Health Care Services,271.83,11.1981,0.2544,8.3815,1.7169092475487162,31.74,7.77,15.24,0.0352,8.649999999999999,0.4254870984728802,-4.2421,31.74,7.77,-4.2421,0.4254870984728802,15.24,0.0352,8.649999999999999,94.72086673637737,50.23273985600268,46.92982456140351,21.861360718870344,50.0,54.831492939419824,0.9868421052631579,0.4934210526315789,0.4309210526315789,0.17763157894736842,A+,C,C,D,cignagroup
MTUS,Metallus Inc,Materials,Steel,19.16,96.408,0.6388,11.1924,1.1646850001215745,,16.12,1.17,0.36,1.17,0.592371871275328,12.8144,,16.12,12.8144,0.592371871275328,1.17,0.36,1.17,57.35294117647059,65.46653144016227,47.05882352941177,53.06288032454361,50.0,54.80882352941177,0.6617647058823529,0.7352941176470589,0.4338235294117647,0.5294117647058824,B-,B,C,C+,metallusinc
CBRE,CBRE Group Inc,Real Estate,Real Estate Services,130.35,29.0132,0.8649,16.3834,4.342032944154828,22.19,14.53,15.160000000000002,0.0453,7.89,0.16470140737923153,-13.9155,22.19,14.53,-13.9155,0.16470140737923153,15.160000000000002,0.0453,7.89,60.0,57.336956521739125,60.0,41.66666666666667,50.0,54.800724637681164,0.8,0.6,0.7,0.4,B,C+,B-,C-,cbregroupinc
RCL,Royal Caribbean Cruises Ltd,Consumer Discretionary,"Hotels, Resorts & Cruise Lines",257.45,14.7524,3.4729,12.6187,6.936380365288191,22.36,8.72,43.79,0.2713,13.99,0.26257732727137206,-25.2149,22.36,8.72,-25.2149,0.26257732727137206,43.79,0.2713,13.99,37.55924695459579,72.57936507936509,76.83196496989602,33.2063492063492,50.0,54.75494583826581,0.3657142857142857,0.7942857142857143,0.8285714285714286,0.32571428571428573,C-,B,B+,C-,royalcaribbeancruisesltd
BLFS,BioLife Solutions Inc,Health Care,Health Care Supplies,39.15,32.4772,18.3145,444.4327,5.074069753878455,,34.39,15.28,0.028999999999999998,15.129999999999999,1.0,59.1811,,34.39,59.1811,0.9928328932685071,15.28,0.028999999999999998,15.129999999999999,19.74265133031254,72.0288624787776,53.28947368421053,85.44991511035653,50.0,54.7537867714576,0.07894736842105263,0.8092105263157895,0.5,0.9210526315789473,D-,B+,C,A-,biolifesolutionsinc
OTTR,Otter Tail Corp,Utilities,Electric Utilities,88.66,18.9363,6.4186,13.5585,1.9956063348008894,-31.88,4.89,10.43,0.3914,6.45,0.6929321872015278,8.9911,-18.695999999999998,4.89,8.9911,0.6425222027080928,10.43,0.3914,6.45,32.18390804597701,17.193056231832735,82.75862068965517,87.77123633305298,50.0,54.72849069688519,0.27586206896551724,0.06896551724137931,0.8793103448275862,0.8793103448275862,D+,D-,B+,B+,ottertailcorp
ABBV,AbbVie Inc,Health Care,Biotechnology,266.28,74.0285,7.255,30.1112,141.36759396899552,67.6,10.39,95.59,0.262,5.66,0.9604526958290944,20.9573,67.6,10.39,20.9573,0.9604526958290944,95.59,0.262,5.66,27.267050075519922,68.06414290324473,73.1359649122807,55.032894736842096,50.0,54.720161274967516,0.21052631578947367,0.7697368421052632,0.7598684210526315,0.5394736842105263,D+,B,B,C+,abbvieinc
ILMN,Illumina Inc,Health Care,Life Sciences Tools & Services,271.94,49.2489,9.043,38.5369,15.2797599649387,-31.92,4.88,31.080000000000002,0.19519999999999998,17.76,0.9683600947617794,192.8734,-31.92,4.88,121.83342499999998,0.9683600947617794,31.080000000000002,0.19519999999999998,17.76,23.735041245497843,27.838222037306707,78.72807017543859,92.40031897926634,50.0,54.66348605854872,0.1513157894736842,0.13157894736842105,0.8355263157894737,0.9736842105263158,D,D,B+,A+,illuminainc
COLM,Columbia Sportswear Co,Consumer Discretionary,"Apparel, Accessories & Luxury Goods",58.69,14.4113,0.8715,7.7755,1.835881169783817,-1.8,-0.15,12.58,0.0754,12.58,0.5196850393700786,13.1853,-1.8,-0.15,13.1853,0.5196850393700786,12.58,0.0754,12.58,69.02325581395348,30.208538587848935,41.69348659003831,79.6,50.0,54.640893318567734,0.7485714285714286,0.19428571428571428,0.38857142857142857,0.7714285714285715,B,D,C-,B,columbiasportswearco
NXT,Nextpower Inc,Industrials,Electrical Components & Equipment,79.52,20.6502,3.3791,15.6197,5.088954306924356,6.1,16.97,26.32,0.1934,26.32,0.10967948035352995,9.985,6.1,16.97,9.985,0.10967948035352995,26.32,0.1934,26.32,49.122203098106716,55.402469868256176,81.48075294374779,29.043099511749624,50.0,54.53985288646479,0.4899598393574297,0.5742971887550201,0.8835341365461847,0.24497991967871485,C,C+,B+,D+,nextpowerinc
KSS,Kohls Corp,Consumer Discretionary,Broadline Retail,18.14,7.4702,0.1307,3.8076,0.5018966380672276,26.68,-2.87,6.68,0.0384,3.42,0.48843930635838156,11.5265,26.68,-2.87,11.5265,0.48843930635838156,6.68,0.0384,3.42,96.7452934662237,40.81043956043956,15.973180076628353,65.82417582417582,50.0,54.50654146263609,1.0,0.3314285714285714,0.11428571428571428,0.6571428571428571,A+,C-,D,B-,kohlscorp
WEX,WEX Inc,Financials,Transaction & Payment Processing Services,176.92,18.4807,2.3213,12.0384,4.9156323889384375,26.87,7.46,28.21,0.2548,5.510000000000001,0.6560355781448536,12.7926,26.87,7.46,12.7926,0.6560355781448536,28.21,0.2548,5.510000000000001,21.638655462184875,45.32580557258669,85.71428571428571,67.93650793650794,50.0,54.49069799593657,0.18067226890756302,0.40756302521008403,0.8571428571428571,0.6848739495798319,D,C,B+,B-,wexinc
APP,Applovin Corp,Communication Services,Advertising,308.24,23.3909,15.1048,19.3898,48.85099369235158,84.72,60.59,193.1,0.7744,76.07000000000001,0.02396732945035819,-51.4385,84.72,32.55499999999999,-47.3851,0.026673819289919205,85.65150000000006,0.367945,44.84,24.453840732910503,86.89699874292899,97.34848484848486,8.120842572062084,50.0,54.454149658347056,0.18181818181818182,0.9772727272727273,1.0,0.022727272727272728,D,A+,A+,F,applovincorp
VSNT,Versant Media Group Inc,Communication Services,Cable & Satellite,32.49,6.2061,0.7114,,0.46012465426921756,-19.22,,8.27,0.1775,6.959999999999999,0.16713792020106819,,-19.22,,,0.16713792020106819,8.27,0.1775,6.959999999999999,76.51515151515152,45.79905992949471,50.75757575757575,42.33201581027668,50.0,54.4443969661361,0.8636363636363636,0.4090909090909091,0.4318181818181818,0.38636363636363635,B+,C,C,C-,versantmediagroupinc
ZTS,Zoetis Inc,Health Care,Pharmaceuticals,70.83,11.0772,3.0449,10.7604,9.035591274397245,4.59,1.41,69.25,0.34380000000000005,21.22,0.016525797905891287,-49.6563,4.59,1.41,-38.626995,0.07853041647805548,69.25,0.34380000000000005,21.22,77.1653886371558,32.88409344899154,90.5701754385965,4.6328029375765,50.0,54.43727029625168,0.8486842105263158,0.25,0.9473684210526315,0.006578947368421052,B+,D+,A,F,zoetisinc
PH,Parker-Hannifin Corp,Industrials,Industrial Machinery & Supplies & Components,975.09,33.5605,5.6946,26.0531,7.975935347718684,5.03,8.31,25.11,0.2165,15.14,0.675351691499597,31.3054,5.03,8.31,31.3054,0.675351691499597,25.11,0.2165,15.14,18.41433762259924,48.694811514072626,76.80681911318744,79.30013375130248,50.0,54.40427823702169,0.10040160642570281,0.43373493975903615,0.8273092369477911,0.8192771084337349,D,C,B+,B+,parkerhannifincorp
