Ticker,Name,Sector,SubIndustry,Price,PE_Rank,PS_Rank,EV_EBITDA_Used,PB_Ratio,EPS_Growth,Rev_Growth,ROE,Op_Margin,ROIC,Mom_Range,Mom_12M,EPS_Growth_Win,Rev_Growth_Win,Mom_12M_Win,Mom_Range_Win,ROE_Win,Op_Margin_Win,ROIC_Win,Value_S,Growth_S,Prof_S,Mom_S,Rev_S,Fundamental_Score,Value_Pct,Growth_Pct,Prof_Pct,Mom_Pct,Value_Grade,Growth_Grade,Prof_Grade,Mom_Grade,Name_Key,Rev_Change,Rec_BuyRatio,Shrunk_Ratio,Analyst_Count,Streak_Days,Streak_Score,Rev_Change_Win,Rev_Pct,Rev_Grade,FundamentalPlusRev_Score,Consensus_Score,Sentiment_Score,Alpha_Score,Val_Fail,Mom_Fail,Min_Fund_Factor
MU,Micron Technology Inc,Information Technology,Semiconductors,517.16,24.1889,10.0349,15.8824,10.712702535867129,412.05,85.55,40.839999999999996,0.48340000000000005,33.46,0.9603030303030302,572.0728,241.03349999999992,46.59599999999998,484.5672,0.9603030303030302,40.839999999999996,0.42322000000000004,33.46,56.474945533769066,96.72165461392628,92.17345510684038,89.7284741711254,55.07692307692308,79.4521259171627,0.5947712418300654,1.0,0.954248366013072,0.9477124183006536,C+,A+,A,A,microntechnologyinc,0.019230769230769273,0.9230769230769231,0.8903508771929824,52.0,90.0,84.89281911636292,0.019230769230769273,0.5384615384615384,C+,79.95981822485501,89.03508771929825,87.37818027812412,81.44349063550884,False,False,55.07692307692308
DAL,Delta Air Lines Inc,Industrials,Passenger Airlines,67.99,9.9496,0.6834,6.6479,2.139207370024038,21.36,5.24,23.14,0.08779999999999999,13.209999999999999,0.7695473251028805,63.3197,21.36,5.24,63.3197,0.7695473251028805,23.14,0.08779999999999999,13.209999999999999,93.12556046224388,67.86449147560259,58.754208754208754,75.91630591630592,64.80331262939958,71.72610178249487,0.9798994974874372,0.7437185929648241,0.6030150753768844,0.7688442211055276,A+,B,B-,B,deltaairlinesinc,0.003024193548387122,0.90625,0.8581081081081081,32.0,90.0,84.89281911636292,0.003024193548387122,0.6190476190476191,B-,73.20643304543482,85.8108108108108,85.44361413303164,75.65386926295419,False,False,58.754208754208754
NEM,Newmont Corporation,Materials,Gold,111.09,16.7388,5.2316,8.6767,3.572117610742399,118.49,21.34,21.72,0.47909999999999997,18.02,0.7253204018011778,110.877,118.49,21.34,110.877,0.7253204018011778,21.72,0.24933999999999995,12.174999999999999,56.586021505376344,86.99087650700554,94.08602150537634,78.88563049853373,69.69696969696969,75.84331215379602,0.65625,0.9375,0.984375,0.828125,B-,A,A+,B+,newmontcorporation,0.010217113665389466,0.8620689655172413,0.8161764705882353,29.0,7.5,14.572318639152048,0.010217113665389466,0.7333333333333333,B,77.81300912349299,81.61764705882352,54.79951569095493,73.21031043698538,False,False,56.586021505376344
APP,Applovin Corp,Information Technology,Application Software,446.35,45.0214,25.8519,37.3814,70.73916764398238,114.67,45.98,249.2,0.6847,68.05,0.40101278997618145,65.7384,114.67,45.98,65.7384,0.40101278997618145,108.96000000000001,0.42322000000000004,44.5,30.318082788671024,90.75523249819568,97.69221890374986,76.93663895646975,82.40495137046861,70.5409497140383,0.2679738562091503,0.9803921568627451,0.9967320261437909,0.8104575163398693,D+,A+,A+,B+,applovincorp,0.06417112299465233,0.8823529411764706,0.8397435897435898,34.0,67.5,75.76809420745609,0.06417112299465233,0.7948717948717948,B,73.78144485108517,83.97435897435898,80.69185306759782,72.08083937835973,True,False,30.318082788671024
ENVA,Enova International Inc,Financials,Consumer Finance,169.41,13.5512,2.2833,11.0295,3.1323380950443935,56.49,19.67,24.45,0.4035,5.7700000000000005,0.9170848540145984,84.5626,56.49,19.67,75.48131499999998,0.9170848540145984,24.45,0.4035,5.7700000000000005,40.985875838768706,69.15966910542069,85.14851485148515,89.41522277227723,85.16483516483517,68.24857604810305,0.33649289099526064,0.8672985781990521,0.8578199052132701,0.919431279620853,C-,B+,B+,A-,enovainternationalinc,0.06593406593406603,0.9230769230769231,0.8194444444444445,13.0,37.5,54.50191732818266,0.06593406593406603,0.8571428571428571,B+,71.76505956458656,81.94444444444446,70.96743359793973,71.12194249220961,True,False,40.985875838768706
CPRX,Catalyst Pharmaceuticals Inc,Health Care,Biotechnology,28.13,16.0286,5.8326,8.4924,3.61145703611457,28.29,19.78,24.32,0.43770000000000003,24.32,0.6720947446336045,15.809,28.29,19.78,15.809,0.6720947446336045,24.32,0.4235399999999998,24.32,65.38519523594151,69.80083186690129,87.96992481203007,58.816189409694445,38.958333333333336,69.06218426731205,0.753731343283582,0.7686567164179104,0.9291044776119403,0.582089552238806,B,B,A-,C+,catalystpharmaceuticalsinc,0.0,0.9285714285714286,0.8289473684210527,14.0,90.0,84.89281911636292,0.0,0.359375,C-,67.95801760064538,82.89473684210526,83.69396975180832,71.10520803087798,False,False,38.958333333333336
CFG,Citizens Financial Group Inc,Financials,Regional Banks,65.05,13.8107,1.48499,12.9414,1.0609945457866854,31.85,62.72879,7.630000000000001,0.31448550000000003,5.47,0.8862876254180599,76.3351,31.85,62.72879,75.48131499999998,0.8862876254180599,7.630000000000001,0.31448550000000003,5.47,69.26704518793112,76.00663585732907,21.534653465346533,95.096228723996,97.61904761904762,61.92099757958444,0.7582938388625592,0.9146919431279621,0.20616113744075829,0.976303317535545,B,A-,D+,A+,citizensfinancialgroupinc,0.07692307692307698,0.9230769230769231,0.8629032258064517,26.0,67.5,75.76809420745609,0.07508083314534932,0.9857142857142858,A+,66.6829023414892,86.29032258064517,82.08143123136954,69.76260811946527,False,False,21.534653465346533
COR,Cencora Inc,Health Care,Health Care Distributors,308.01,36.8673,0.1839,17.7864,39.61135831682913,18.29,7.45,101.42999999999999,0.82,17.07,0.3473812652524872,5.2414,18.29,7.45,5.2414,0.3473812652524872,99.15799999999997,0.4235399999999998,17.07,61.91768430574401,57.986270022883296,91.72932330827068,43.18404707420726,91.47727272727273,63.645815322921784,0.6791044776119403,0.6417910447761194,0.9701492537313433,0.41044776119402987,B-,B-,A+,C,cencorainc,0.06060606060606066,0.8333333333333334,0.7717391304347826,18.0,67.5,75.76809420745609,0.06060606060606066,0.875,B+,67.79354259564906,77.17391304347827,76.6115855090694,69.55715117833313,False,False,43.18404707420726
MLI,Mueller Industries Inc,Industrials,Industrial Machinery & Supplies & Components,135.43,17.6842,3.4256,12.0757,4.690720042671248,39.47,11.54,27.029999999999998,0.24239999999999998,27.029999999999998,0.9376284120927503,84.1082,39.47,11.54,84.1082,0.9376284120927503,27.029999999999998,0.24239999999999998,27.029999999999998,62.60257516538923,88.04407713498622,87.37373737373737,81.60514233241506,42.67399267399267,76.42392202826191,0.7135678391959799,0.9698492462311558,0.9522613065326633,0.8391959798994975,B,A,A,B+,muellerindustriesinc,0.0,0.8333333333333334,0.7045454545454546,6.0,0.0,0.0,0.0,0.42857142857142855,C,75.69132129566118,70.45454545454545,42.27272727272727,69.00760249107441,False,False,42.67399267399267
MCK,McKesson Corp,Health Care,Health Care Distributors,815.2,22.9015,0.2498,16.9643,25.935269994686962,59.37,15.49,39.43,0.014199999999999999,16.23,0.4922651933701659,14.3675,59.37,15.49,14.3675,0.4922651933701659,39.43,0.014199999999999999,16.23,71.64932911201568,82.36351748937562,60.0,61.954887218045116,37.21590909090909,66.77601321948808,0.835820895522388,0.9328358208955224,0.6343283582089553,0.6194029850746269,B+,A,B-,B-,mckessoncorp,0.0,0.8636363636363636,0.8055555555555556,22.0,90.0,84.89281911636292,0.0,0.1875,D,65.49760412857898,80.55555555555556,82.2904609798785,68.8561754988389,False,False,37.21590909090909
NVDA,NVIDIA Corp,Information Technology,Semiconductors,199.57,40.6242,22.5881,34.9234,30.836384987407097,66.76,65.47,104.37,0.6038,97.21,0.8469555190917557,83.2262,66.76,46.59599999999998,83.2262,0.8469555190917557,104.37,0.42322000000000004,44.5,32.954248366013076,88.03102830034913,96.69884142030617,43.65721564564016,67.2820512820513,63.750921235777675,0.3006535947712418,0.9607843137254902,0.9869281045751634,0.39215686274509803,C-,A,A+,C-,nvidiacorp,0.04068857589984354,0.9295774647887324,0.9046052631578948,71.0,90.0,84.89281911636292,0.04068857589984354,0.6666666666666666,B-,65.4791263639828,90.46052631578948,88.23344343601886,68.30212565150491,True,False,32.954248366013076
SWX,Southwest Gas Holdings Inc,Utilities,Gas Utilities,94.05,15.4741,3.5075,10.592,1.7148483439542708,120.15,-21.61,11.62,0.25329999999999997,5.52,0.9869019465162816,30.2451,114.5875,-19.782999999999998,30.2451,0.9825487483568777,11.62,0.25329999999999997,5.52,72.10401891252955,51.69681707609553,72.69503546099291,92.75019700551616,86.11111111111111,70.08916640970295,0.7916666666666666,0.5,0.875,0.9791666666666666,B,C,B+,A+,southwestgasholdingsinc,0.08333333333333337,0.8333333333333334,0.75,12.0,0.0,0.0,0.08333333333333337,0.8333333333333334,B+,73.70027752081407,75.0,45.0,67.96022201665126,False,False,51.69681707609553
NLY,Annaly Capital Management Inc,Financials,Mortgage REITs,22.9,7.5267,2.205,60.3294,1.0061467216752122,175.07,36.03,14.41,0.2942,1.7500000000000002,0.7340600170726901,16.8367,95.96549999999999,36.03,16.8367,0.7340600170726901,14.41,0.2942,1.7500000000000002,90.68908075641687,84.82481697295682,59.900990099009896,60.89108910891089,80.95238095238095,71.79069893023023,0.985781990521327,0.966824644549763,0.6161137440758294,0.6445497630331753,A+,A,B-,B-,annalycapitalmanagementinc,0.05882352941176472,0.7058823529411765,0.6704545454545455,17.0,0.0,0.0,0.05882352941176472,0.8,B,74.88593702546834,67.04545454545455,40.22727272727273,67.95420416582921,False,False,59.900990099009896
WDC,Western Digital Corp,Information Technology,"Technology Hardware, Storage & Peripherals",434.52,36.9871,13.1836,42.7491,27.216355368484344,580.16,12.51,62.71,0.2832,33.43,0.9813324670131947,890.6977,241.03349999999992,12.51,484.5672,0.9813324670131947,62.71,0.2832,33.43,35.08496732026144,77.23740133576199,89.03172748127948,93.51876070516508,72.02797202797203,70.18040610857065,0.3202614379084967,0.8758169934640523,0.9215686274509803,0.9803921568627451,C-,B+,A-,A+,westerndigitalcorp,0.054166666666666696,0.8666666666666667,0.8214285714285714,30.0,7.5,14.572318639152048,0.054166666666666696,0.717948717948718,B,72.38320331136785,82.14285714285714,55.1146417413751,67.90455902338881,True,False,35.08496732026144
BOOT,Boot Barn Holdings Inc,Consumer Discretionary,Apparel Retail,171.45,23.1787,2.3402,13.2874,4.63755649866513,27.79,17.5,18.279999999999998,0.13449999999999998,18.07,0.6482639833197352,64.3186,27.79,17.5,64.3186,0.6482639833197352,18.279999999999998,0.13449999999999998,18.07,39.205093575149526,91.22680913064593,67.84037558685446,76.64885866925692,67.38461538461539,65.33650085048157,0.3561643835616438,0.958904109589041,0.7191780821917808,0.7945205479452054,C-,A,B,B,bootbarnholdingsinc,0.045454545454545414,0.8636363636363636,0.8055555555555556,22.0,37.5,54.50191732818266,0.045454545454545414,0.6538461538461539,B-,67.0749623889431,80.55555555555556,70.1341002646064,67.68678996407577,False,False,39.205093575149526
SYF,Synchrony Financial,Financials,Consumer Finance,76.2,7.0413,0.73096,8.2351,1.5770846699919283,32.06,20.4839,21.41,0.1839285,11.14,0.6757802424555069,46.6795,32.06,20.4839,46.6795,0.6757802424555069,21.41,0.1839285,11.14,73.83628173243864,64.32703899235119,79.70297029702971,63.92945544554456,93.4065934065934,69.03611189494623,0.8483412322274881,0.7867298578199052,0.8056872037914692,0.6919431279620853,B+,B,B+,B-,synchronyfinancial,0.07407407407407407,0.7407407407407407,0.7109375,27.0,0.0,0.0,0.07407407407407407,0.9142857142857143,A-,73.37677123560557,71.09375,42.65625,67.23266698848445,False,False,63.92945544554456
DELL,Dell Technologies Inc,Information Technology,"Technology Hardware, Storage & Peripherals",208.95,22.9875,1.2018,14.6785,54.52054794520548,33.09,18.8,130.7,0.0739,13.700000000000001,0.9068576517737864,127.7136,33.09,18.8,127.7136,0.9068576517737864,108.96000000000001,0.0739,13.700000000000001,80.68409586056644,75.92794980773122,70.13302745675163,70.08131287835222,58.15850815850816,71.90613336654621,0.8562091503267973,0.869281045751634,0.7254901960784313,0.7189542483660131,B+,B+,B,B,delltechnologiesinc,0.03125,0.78125,0.75,32.0,0.0,0.0,0.03125,0.5641025641025641,C+,72.72198418239704,75.0,45.0,67.17758734591763,False,False,58.15850815850816
EAT,Brinker International Inc,Consumer Discretionary,Restaurants,152.24,19.6986,1.5422,11.8163,18.265585256994772,58.84,15.07,121.26999999999998,0.1003,51.9,0.5982285799845665,13.3582,58.84,15.07,13.3582,0.5982285799845665,121.26999999999998,0.1003,40.49049999999998,51.85220914528265,87.72716297786721,81.33802816901408,62.33400402414487,98.16849816849816,68.3097927289766,0.541095890410959,0.952054794520548,0.9041095890410958,0.6095890410958904,C+,A,A-,B-,brinkerinternationalinc,0.13461538461538458,0.75,0.7196969696969697,28.0,0.0,0.0,0.125267094017094,0.9615384615384616,A,73.12664254582643,71.96969696969697,43.18181818181818,67.13767767302478,False,False,51.85220914528265
ADEA,Adeia Inc,Information Technology,IT Consulting & Other Services,31.85,31.7435,7.9522,16.2723,7.224351849751629,72.59,17.91,26.340000000000003,0.3947,12.870000000000001,0.9926434526728789,158.7327,72.59,17.91,158.7327,0.9926434526728789,26.340000000000003,0.3947,12.870000000000001,54.94117647058823,82.54293520686963,80.60280771616961,90.27522708862796,37.06293706293707,73.44962850578898,0.5816993464052288,0.9215686274509803,0.8431372549019608,0.9607843137254902,C+,A-,B+,A,adeiainc,0.0,0.9,0.7833333333333333,10.0,0.0,0.0,0.0,0.38461538461538464,C-,72.15592221208269,78.33333333333333,46.99999999999999,67.12473776966615,False,False,37.06293706293707
CUBI,Customers Bancorp Inc,Financials,Regional Banks,76.27,9.0292,1.99781,7.3191,1.2326843167709391,85.8,55.59768,13.62,0.3985504,11.78,0.8139053254437868,52.54,85.8,55.59768,52.54,0.8139053254437868,13.62,0.3985504,11.78,79.87189714232086,80.03614172295296,55.940594059405946,81.52630993436424,75.32467532467533,71.26561313189515,0.9241706161137441,0.95260663507109,0.5781990521327014,0.8436018957345972,A-,A,C+,B+,customersbancorpinc,0.03921568627450989,0.7058823529411765,0.6704545454545455,17.0,0.0,0.0,0.03921568627450989,0.7428571428571429,B,73.79808066436269,67.04545454545455,40.22727272727273,67.0839190769447,False,False,55.940594059405946
PARR,Par Pacific Holdings Inc,Energy,Oil & Gas Refining & Marketing,65.67,8.7949,0.4352,5.9535,2.1586068160302934,5.6,-6.39,28.59,0.07200000000000001,15.959999999999999,0.9568917668825162,358.5894,5.6,-6.39,149.71461,0.9568917668825162,28.447,0.07200000000000001,15.959999999999999,90.28589993502275,43.59483109483109,74.69135802469135,85.22486772486772,57.14285714285715,72.00825425386829,1.0,0.38596491228070173,0.7807017543859649,0.9298245614035088,A+,C-,B,A-,parpacificholdingsinc,0.0,0.7142857142857143,0.6710526315789473,14.0,0.0,0.0,0.0,0.6,C+,72.722539968154,67.10526315789474,40.26315789473684,66.23066355347056,False,False,43.59483109483109
BTSG,Brightspring Health Services Inc,Health Care,Health Care Services,47.97,48.7818,0.7204,25.5512,4.915110095597201,48.14,14.59,10.71,0.0229,4.42,0.9686028257456829,173.6452,48.14,14.59,101.24785999999989,0.9515732444827378,10.71,0.0229,4.42,50.65958088346148,80.01367053998634,34.58646616541353,98.7110633727175,39.94565217391305,62.05645854475952,0.5298507462686567,0.917910447761194,0.2947761194029851,1.0,C+,A-,D+,A+,brightspringhealthservicesinc,0.0,0.9545454545454546,0.8796296296296297,22.0,90.0,84.89281911636292,0.0,0.546875,C+,61.05102376215083,87.96296296296296,86.73490542432295,66.18780009458526,False,False,34.58646616541353
VLY,Valley National Bancorp,Financials,Regional Banks,13.57,11.4694,2.27179,12.1149,0.9674199757610323,59.34,77.66814,8.49,0.4257981,7.430000000000001,0.9045138888888891,57.7907,59.34,77.66814,57.7907,0.9045138888888891,8.49,0.4257981,7.430000000000001,81.74768898690817,86.73895011257258,25.247524752475247,94.09278006452331,80.0865800865801,67.91514947026504,0.933649289099526,0.985781990521327,0.24170616113744076,0.9715639810426541,A,A+,D+,A+,valleynationalbancorp,0.04385964912280704,0.8333333333333334,0.7717391304347826,18.0,0.0,0.0,0.04385964912280704,0.7714285714285715,B,70.92380747892304,77.17391304347827,46.30434782608696,65.99991554835583,False,False,25.247524752475247
UTHR,United Therapeutics Corp,Health Care,Biotechnology,571.35,18.8777,7.9166,14.4167,3.5139262429126443,13.31,10.61,19.3,0.4689,19.16,0.891175507043512,88.5084,13.31,10.61,88.5084,0.891175507043512,19.3,0.4235399999999998,19.16,52.325493743404195,53.03471444568869,81.70426065162907,90.97104463285875,91.66666666666666,67.3085904144678,0.5671641791044776,0.5597014925373134,0.8507462686567164,0.9328358208955224,C+,C+,B+,A,unitedtherapeuticscorp,0.04761904761904756,0.7619047619047619,0.7211538461538463,21.0,0.0,0.0,0.04761904761904756,0.90625,A-,71.47525708113447,72.11538461538463,43.269230769230774,65.83405181875374,False,False,52.325493743404195
UAL,United Airlines Holdings Inc,Industrials,Passenger Airlines,90.0,7.9725,0.4831,5.5511,1.905011874574018,2.02,4.73,24.91,0.08439999999999999,9.32,0.45452847805788993,30.7759,2.02,4.73,30.7759,0.45452847805788993,24.91,0.08439999999999999,9.32,96.47987411806508,49.089439367217146,54.208754208754215,48.32611832611832,41.7184265010352,62.15526862037192,1.0,0.47738693467336685,0.5577889447236181,0.44221105527638194,A+,C,C+,C,unitedairlinesholdingsinc,0.0,0.8666666666666667,0.8214285714285714,30.0,90.0,84.89281911636292,0.0,0.32142857142857145,C-,61.32711127047544,82.14285714285714,83.24284193225945,65.71025740283224,False,False,41.7184265010352
APH,Amphenol Corp,Information Technology,Electronic Components,147.27,42.4786,7.8545,26.9584,13.466409414690796,74.13,51.71,35.77,0.2541,19.74,0.786800388223876,91.384,74.13,46.59599999999998,91.384,0.786800388223876,35.77,0.2541,19.74,44.79738562091503,88.60928961748635,82.65304650189731,48.76144718373,95.5406911928651,64.33675539094635,0.48366013071895425,0.9673202614379085,0.8758169934640523,0.46405228758169936,C,A,B+,C,amphenolcorp,0.1133333333333334,0.8333333333333334,0.7844827586206897,24.0,0.0,0.0,0.1133333333333334,0.9487179487179487,A,68.89082451023286,78.44827586206897,47.06896551724138,64.52645271163456,False,False,44.79738562091503
CCL,Carnival Corp,Consumer Discretionary,"Hotels, Resorts & Cruise Lines",26.51,11.8466,1.3601,8.455,2.8314179518947324,50.48,6.1,26.22,0.16269999999999998,8.1,0.5497005988023953,44.5474,50.48,6.1,44.5474,0.5497005988023953,26.22,0.16269999999999998,8.1,71.05280082320407,78.37253825986221,63.14553990610329,66.0523138832998,65.03496503496504,67.43455561095925,0.7808219178082192,0.8493150684931506,0.6438356164383562,0.6506849315068494,B,B+,B-,B-,carnivalcorp,0.03125,0.8125,0.7770270270270271,32.0,0.0,0.0,0.03125,0.6153846153846154,B-,68.93805211445574,77.70270270270271,46.62162162162162,64.47476601588892,False,False,63.14553990610329
JBSS,John B Sanfilippo & Son Inc,Consumer Staples,Packaged Foods & Meats,81.79,13.5848,0.836,10.0999,2.6396302774855256,43.93,2.21,19.54,0.0886,16.18,0.8740629685157422,23.4193,43.93,2.21,23.4193,0.8740629685157422,19.54,0.0886,16.18,74.86772486772487,68.71769820030302,58.730158730158735,89.13951545530492,42.36111111111111,69.97091363059249,0.828125,0.75,0.59375,0.9375,B+,B,C+,A,johnbsanfilipposoninc,0.0,0.8571428571428571,0.7291666666666667,7.0,0.0,0.0,0.0,0.4166666666666667,C,69.2070247417036,72.91666666666667,43.75,64.1156197933629,False,False,42.36111111111111
AROC,Archrock Inc,Energy,Oil & Gas Equipment & Services,38.75,21.0706,4.5582,10.8783,4.543269512609771,75.16,28.7,22.73,0.36369999999999997,8.290000000000001,0.9826718837339294,64.6834,75.16,28.7,64.6834,0.9826718837339294,22.73,0.36369999999999997,8.290000000000001,34.502923976608194,86.26893939393939,79.62962962962962,57.32884399551065,52.17391304347826,62.25269507944946,0.2631578947368421,0.9824561403508771,0.8421052631578947,0.543859649122807,D+,A+,B+,C+,archrockinc,0.0,0.9333333333333333,0.8374999999999999,15.0,90.0,84.89281911636292,0.0,0.5,C,62.47008638379729,83.74999999999999,84.20712764654516,63.916208685031805,True,False,34.502923976608194
FNB,FNB Corp,Financials,Regional Banks,17.85,10.8398,2.56275,13.9266,0.9436106720516794,27.72,64.79501,8.76,0.42536409999999997,6.36,0.793929712460064,36.3636,27.72,64.79501,36.3636,0.793929712460064,8.76,0.42536409999999997,6.36,85.8077987893576,76.97298258087451,27.22772277227723,69.94771387251083,43.29004329004329,62.643019681085775,0.9620853080568721,0.9289099526066351,0.26066350710900477,0.7677725118483413,A,A-,D+,B,fnbcorp,0.0,0.9166666666666666,0.8088235294117647,12.0,37.5,54.50191732818266,0.0,0.4,C-,61.9720240100901,80.88235294117648,70.33017869597894,63.643654947267876,False,False,27.22772277227723
MRK,Merck & Co Inc,Health Care,Pharmaceuticals,109.18,14.9053,4.1852,12.1344,5.135900499571931,8.02,1.31,36.19,0.3264,20.13,0.6920702295967588,28.1455,8.02,1.31,28.1455,0.6920702295967588,36.19,0.3264,20.13,66.80612091059852,50.45611766973995,85.21303258145362,68.2244071717756,76.92307692307693,66.74089334131614,0.7835820895522388,0.5149253731343284,0.8880597014925373,0.6940298507462687,B,C+,B+,B-,merckcoinc,0.03865546218487392,0.6857142857142857,0.66875,35.0,0.0,0.0,0.03865546218487392,0.75,B,69.43320103362385,66.875,40.125,63.57156082689908,False,False,50.45611766973995
RL,Ralph Lauren Corp,Consumer Discretionary,"Apparel, Accessories & Luxury Goods",358.64,23.6445,2.7725,15.8987,8.520910252937794,33.85,12.71,34.74,0.1463,21.84,0.8059493247014174,59.431,33.85,12.71,59.431,0.8059493247014174,34.74,0.1463,21.84,31.764100585246638,86.23510292524377,76.7605633802817,89.92416034669554,68.53146853146853,67.36301864576994,0.2671232876712329,0.9315068493150684,0.8356164383561644,0.952054794520548,D+,A,B+,A,ralphlaurencorp,0.042328042328042326,0.8571428571428571,0.8106060606060607,28.0,7.5,14.572318639152048,0.042328042328042326,0.6923076923076923,B-,69.2161654989168,81.06060606060606,54.46529109202445,63.520036896743086,True,False,31.764100585246638
PRDO,Perdoceo Education Corp,Consumer Discretionary,Education Services,33.94,13.3077,2.5152,8.5018,2.1806733487535337,10.81,24.2,16.3,0.23170000000000002,16.08,0.6712328767123287,35.1115,10.81,22.4075,35.1115,0.6712328767123287,16.3,0.23170000000000002,16.08,61.68563894784231,82.55200433369447,68.77934272300469,75.92632719393282,38.79598662207358,69.31191172323722,0.6917808219178082,0.8904109589041096,0.7328767123287672,0.773972602739726,B-,B+,B,B,perdoceoeducationcorp,0.0,0.8571428571428571,0.7291666666666667,7.0,0.0,0.0,0.0,0.4230769230769231,C,68.19151038544457,72.91666666666667,43.75,63.303208308355664,False,False,38.79598662207358
MCY,Mercury General Corp,Financials,Property & Casualty Insurance,97.31,9.9943,0.9024,6.0824,2.229743044512371,15.61,9.44,25.650000000000002,0.1155,20.16,0.9403973509933774,75.5864,15.61,9.44,75.48131499999998,0.9403973509933774,25.650000000000002,0.1155,20.16,59.21707099619914,44.88659793814433,86.63366336633663,97.57425742574256,40.37267080745342,69.95485466341133,0.6018957345971564,0.3981042654028436,0.8720379146919431,0.995260663507109,B-,C-,B+,A+,mercurygeneralcorp,0.0,0.8,0.675,5.0,0.0,0.0,0.0,0.22857142857142856,D+,68.99212174415666,67.5,40.5,63.29369739532533,False,False,40.37267080745342
META,Meta Platforms Inc,Communication Services,Interactive Media & Services,611.91,21.8701,7.1815,14.3468,7.12626999026399,7.49,26.18,33.22,0.4121,27.51,0.3320772491756947,11.459,7.49,21.8,11.459,0.3320772491756947,33.22,0.4121,27.51,32.78278278278278,75.5984383000512,89.86486486486486,46.53153153153153,27.27272727272727,60.087905878228455,0.32432432432432434,0.8918918918918919,0.8918918918918919,0.43243243243243246,C-,B+,B+,C,metaplatformsinc,-0.012519561815336533,0.8888888888888888,0.8668831168831168,72.0,90.0,84.89281911636292,-0.012519561815336533,0.25,D+,57.81517860550118,86.68831168831169,85.97011465953219,62.631654228125065,True,False,27.27272727272727
THG,Hanover Insurance Group Inc,Financials,Property & Casualty Insurance,187.69,9.9692,1.0039,7.7173,1.86034663563611,55.07,5.61,19.99,0.132,15.299999999999999,0.8717700258397933,12.9982,55.07,5.61,12.9982,0.8717700258397933,19.99,0.132,15.299999999999999,65.39463188024963,51.39175257731958,77.72277227722772,68.20792079207921,85.09316770186336,64.6992857132491,0.6966824644549763,0.5165876777251185,0.7867298578199052,0.7393364928909952,B-,C+,B,B,hanoverinsurancegroupinc,0.06060606060606066,0.7272727272727273,0.671875,11.0,0.0,0.0,0.06060606060606066,0.8285714285714286,B+,68.20860248343543,67.1875,40.3125,62.62938198674834,False,False,51.39175257731958
JLL,Jones Lang LaSalle Inc,Real Estate,Real Estate Services,318.13,18.6328,0.5651,11.6093,1.9905705534715943,45.33,11.45,11.09,0.042,8.19,0.7028439153439153,39.8927,45.33,11.45,39.8927,0.7028439153439153,11.09,0.042,8.19,83.33333333333334,67.66666666666667,60.0,69.33333333333334,50.0,68.23333333333335,1.0,0.8333333333333334,0.75,0.6666666666666666,A+,B+,B,B-,joneslanglasalleinc,0.0,0.6875,0.6547619047619047,16.0,0.0,0.0,0.0,0.5,C,68.23333333333335,65.47619047619047,39.28571428571428,62.443809523809534,False,False,50.0
EWBC,East West Bancorp Inc,Financials,Regional Banks,126.47,12.367,3.27879,9.0788,1.955185485217456,19.47,74.7411,16.06,0.5797675999999999,15.740000000000002,0.98785744238644,47.8317,19.47,74.7411,47.8317,0.9525704271812634,16.06,0.5797675999999999,15.740000000000002,52.99845150391817,72.05059841213415,66.83168316831683,93.48092112582044,43.29004329004329,68.06383757564967,0.5355450236966824,0.8815165876777251,0.6824644549763034,0.9620853080568721,C+,B+,B-,A,eastwestbancorpinc,0.0,0.7391304347826086,0.7053571428571428,23.0,0.0,0.0,0.0,0.4,C-,67.392841904654,70.53571428571428,42.32142857142856,62.378559238008926,False,False,43.29004329004329
SNX,TD Synnex Corp,Information Technology,Technology Distributors,228.18,18.5845,0.2816,10.6982,2.162874353663796,50.42,10.39,11.600000000000001,0.0246,7.64,0.9893634564643801,105.9386,50.42,10.39,105.9386,0.9893634564643801,11.600000000000001,0.0246,7.64,90.33986928104575,69.95316159250585,38.992050094504314,83.65765732341501,34.79020979020979,68.05514362707169,0.9477124183006536,0.7843137254901961,0.35294117647058826,0.9019607843137255,A,B,C-,A-,tdsynnexcorp,0.0,0.8235294117647058,0.7613636363636364,17.0,0.0,0.0,0.0,0.34615384615384615,C-,66.53416460609267,76.13636363636364,45.68181818181818,62.363695321237785,False,False,34.79020979020979
LRCX,Lam Research Corp,Information Technology,Semiconductor Materials & Equipment,257.86,47.719,14.7639,40.4861,33.17466035405517,47.61,26.53,65.79,0.34259999999999996,46.29,0.9132720738972098,259.7879,47.61,26.53,259.7879,0.9132720738972098,65.79,0.34259999999999996,44.5,30.736383442265794,83.73834779813565,92.65391219033603,80.51606161228288,59.508547008547005,68.69845579023416,0.28104575163398693,0.9411764705882353,0.9607843137254902,0.869281045751634,D+,A,A,B+,lamresearchcorp,0.019255455712451908,0.7560975609756098,0.7336956521739131,41.0,0.0,0.0,0.019255455712451908,0.5897435897435898,C+,69.64931049108887,73.36956521739131,44.02173913043479,62.299201283958034,True,False,30.736383442265794
GILD,Gilead Sciences Inc,Health Care,Biotechnology,130.84,19.0814,5.5158,16.5666,7.152345394215369,1903.07,2.4,41.02,0.3404,21.57,0.5733526897330431,22.8083,228.7109999999996,2.4,22.8083,0.5733526897330431,41.02,0.3404,21.57,51.01387004372079,60.939849624060145,87.96992481203007,59.51687729963206,72.50000000000001,63.83729409867615,0.5447761194029851,0.7089552238805971,0.9291044776119403,0.6044776119402985,C+,B,A-,B-,gileadsciencesinc,0.011088011088011052,0.7948717948717948,0.7670454545454545,39.0,0.0,0.0,0.011088011088011052,0.71875,B,66.08729409867615,76.70454545454545,46.02272727272727,62.07438073348638,False,False,51.01387004372079
VTOL,Bristow Group Inc,Energy,Oil & Gas Equipment & Services,49.13,11.0885,0.9602,8.0412,1.3527019622851386,34.98,5.3,12.870000000000001,0.1065,7.630000000000001,0.9517793219625186,69.1804,34.98,5.3,69.1804,0.9517793219625186,12.870000000000001,0.1065,7.630000000000001,77.71280051981806,70.04068462401796,50.617283950617285,51.47025813692481,91.30434782608697,61.38470966979739,0.9473684210526315,0.7719298245614035,0.45614035087719296,0.47368421052631576,A,B,C,C,bristowgroupinc,0.025000000000000022,0.9,0.7833333333333333,10.0,0.0,0.0,0.025000000000000022,0.9,B+,65.51514445240609,78.33333333333333,46.99999999999999,61.81211556192488,False,False,50.617283950617285
ANET,Arista Networks Inc,Information Technology,Communications Equipment,172.71,61.3914,23.937,52.8898,17.542558810384758,23.67,28.6,31.009999999999998,0.4282,31.009999999999998,0.9305446028062331,109.9307,23.67,28.6,109.9307,0.9305446028062331,31.009999999999998,0.42322000000000004,31.009999999999998,22.840958605664486,79.64823628493644,89.74519903620019,67.23109552871921,59.61538461538463,62.5224057731973,0.17647058823529413,0.8823529411764706,0.9281045751633987,0.6535947712418301,D,B+,A-,B-,aristanetworksinc,0.035037878787878785,0.8787878787878788,0.8355263157894737,33.0,90.0,84.89281911636292,0.035037878787878785,0.6153846153846154,B-,63.48394423473576,83.55263157894737,84.08870659391359,61.73917772761881,True,False,22.840958605664486
ACAD,ACADIA Pharmaceuticals Inc,Health Care,Pharmaceuticals,22.45,9.8438,4.653,28.0347,3.115113503912971,117.79,-13.64,41.9,0.10339999999999999,41.9,0.583774250440917,53.7671,117.79,-12.979999999999999,53.7671,0.583774250440917,41.9,0.10339999999999999,31.271999999999977,52.62701643298658,49.40615112441738,75.93984962406014,71.76402544823597,95.1923076923077,61.375751828792346,0.5746268656716418,0.5,0.7873134328358209,0.7313432835820896,C+,C,B,B,acadiapharmaceuticalsinc,0.0854700854700855,0.7777777777777778,0.7421875,27.0,0.0,0.0,0.0854700854700855,0.9375,A,65.89498259802312,74.21875,44.53125,61.622236078418496,False,False,49.40615112441738
ULTA,Ulta Beauty Inc,Consumer Discretionary,Other Specialty Retail,537.48,20.3797,1.8969,12.6219,8.467545643738589,1.06,41.38,44.07,0.12369999999999999,40.57,0.47385441212260987,35.8508,1.06,22.4075,35.8508,0.47385441212260987,44.07,0.12369999999999999,40.49049999999998,45.858254550131846,78.22300469483568,81.10328638497653,68.3098591549296,59.70695970695971,66.04695800373015,0.4589041095890411,0.8424657534246576,0.8972602739726028,0.6917808219178082,C,B+,B+,B-,ultabeautyinc,0.009803921568627527,0.6764705882352942,0.6602564102564102,34.0,0.0,0.0,0.009803921568627527,0.5769230769230769,C+,67.01765397442612,66.02564102564102,39.61538461538461,61.53720010261783,False,False,45.858254550131846
EME,EMCOR Group Inc,Industrials,Construction & Engineering,891.67,31.1972,2.3377,21.6748,10.805135065703054,31.03,16.62,39.129999999999995,0.1009,37.61,0.9818268135206988,122.5281,31.03,16.62,122.5281,0.9818268135206988,39.129999999999995,0.1009,27.21599999999997,40.41757609596806,72.9967744673627,77.52525252525253,76.69841269841271,70.32967032967032,64.42474458846023,0.37185929648241206,0.7989949748743719,0.8291457286432161,0.7889447236180904,C-,B,B+,B,emcorgroupinc,0.01904761904761898,0.7333333333333333,0.6875,15.0,0.0,0.0,0.01904761904761898,0.6904761904761905,B-,66.45771162142726,68.75,41.25,61.41616929714181,False,False,40.41757609596806
AX,Axos Financial Inc,Financials,Regional Banks,96.44,11.9704,2.35138,9.8485,2.032052659747068,8.63,78.88815,16.59,0.496028,12.479999999999999,0.8628821791121709,51.9219,8.63,78.88815,51.9219,0.8628821791121709,16.59,0.496028,12.479999999999999,52.19252967950824,61.34909349448988,70.79207920792079,88.0565135165202,43.29004329004329,65.62727362405928,0.5165876777251185,0.7156398104265402,0.7203791469194313,0.9146919431279621,C+,B,B,A-,axosfinancialinc,0.0,0.8571428571428571,0.7763157894736842,14.0,0.0,0.0,0.0,0.4,C-,64.9562779530636,77.63157894736842,46.578947368421055,61.2808118361351,False,False,43.29004329004329
FCX,Freeport-McMoRan Inc,Materials,Copper,57.78,37.6776,4.5296,9.8605,4.390277260673662,16.78,-27.98,12.0,0.2229,7.960000000000001,0.6389155141722579,60.3664,16.78,-17.453999999999997,60.3664,0.6389155141722579,12.0,0.2229,7.960000000000001,46.13575268817204,36.31165727939922,71.50537634408602,69.27803379416281,80.95238095238095,55.52822047277692,0.5,0.234375,0.71875,0.734375,C,D+,B,B,freeportmcmoraninc,0.0793650793650793,0.8571428571428571,0.8106060606060607,28.0,37.5,54.50191732818266,0.0793650793650793,0.8,B,58.62345856801502,81.06060606060606,70.4371305676367,60.98619296793936,False,False,36.31165727939922
CBRE,CBRE Group Inc,Real Estate,Real Estate Services,142.73,36.1225,1.0306,19.116,4.754417814493429,22.45,13.38,13.63,0.0432,7.31,0.4336505656311723,16.8194,22.45,13.38,16.8194,0.4336505656311723,13.63,0.0432,7.31,61.111111111111114,65.91666666666667,60.0,52.0,100.0,58.861111111111114,0.8333333333333334,0.6666666666666666,0.75,0.5,B+,B-,B,C,cbregroupinc,0.04999999999999993,0.85,0.79,20.0,0.0,0.0,0.04999999999999993,1.0,A+,63.861111111111114,79.0,47.4,60.56888888888889,False,False,52.0
TMDX,Transmedics Group Inc,Health Care,Health Care Equipment,100.79,18.2967,5.7502,32.1008,7.300449080110098,362.68,37.13,53.879999999999995,0.1793,22.009999999999998,0.18194560923641356,9.5424,228.7109999999996,37.13,9.5424,0.18194560923641356,53.879999999999995,0.1793,22.009999999999998,42.16794813809739,97.40072607990565,80.70175438596492,52.10084033613445,38.28125,65.6177389142236,0.3880597014925373,1.0,0.835820895522388,0.5298507462686567,C-,A+,B+,C+,transmedicsgroupinc,0.0,0.8,0.7500000000000001,20.0,0.0,0.0,0.0,0.25,D+,64.4458639142236,75.00000000000001,45.00000000000001,60.55669113137888,False,False,38.28125
AMZN,Amazon.com Inc,Consumer Discretionary,Broadline Retail,265.06,30.4264,3.7194,15.4394,6.919488439238454,36.46,14.22,23.34,0.115,18.98,0.9071872040408293,43.7263,36.46,14.22,43.7263,0.9071872040408293,23.34,0.115,18.98,27.23647823011126,86.01083423618635,67.13615023474178,76.87973997833153,26.739926739926744,61.17127195911684,0.2191780821917808,0.9246575342465754,0.6986301369863014,0.8013698630136986,D+,A-,B-,B+,amazoncominc,-0.013841421736158543,0.9342105263157895,0.9104938271604939,76.0,90.0,84.89281911636292,-0.013841421736158543,0.23076923076923078,D+,58.84526463310951,91.0493827160494,88.58675727617481,60.55535406450031,True,False,26.739926739926744
ALLY,Ally Financial Inc,Financials,Consumer Finance,44.39,9.6985,0.88959,12.6359,0.8835976097679437,387.77,37.40411,9.19,0.158682,4.17,0.8178944040467909,33.1611,95.96549999999999,37.40411,33.1611,0.8178944040467909,9.19,0.158682,4.17,91.0949744263526,86.57029431326905,30.198019801980198,62.617574257425744,43.40659340659341,65.16082227122216,0.990521327014218,0.976303317535545,0.2890995260663507,0.6777251184834123,A+,A+,D+,B-,allyfinancialinc,0.0,0.76,0.7250000000000001,25.0,0.0,0.0,0.0,0.5428571428571428,C+,64.5014816118815,72.50000000000001,43.50000000000001,60.301185289505206,False,False,30.198019801980198
WFRD,Weatherford International PLC,Energy,Oil & Gas Equipment & Services,110.35,17.8417,1.6938,12.3518,4.650408148644491,1.92,-8.81,28.37,0.1431,14.610000000000001,0.9725912459795831,166.5459,1.92,-8.81,149.71461,0.9725912459795831,28.37,0.1431,14.610000000000001,48.34307992202729,33.60865600448933,81.48148148148148,88.64197530864197,69.56521739130434,61.90626661350345,0.47368421052631576,0.22807017543859648,0.9298245614035088,0.9649122807017544,C,D+,A-,A,weatherfordinternationalplc,0.011029411764705843,0.8235294117647058,0.7613636363636364,17.0,0.0,0.0,0.011029411764705843,0.7,B-,63.862788352633885,76.13636363636364,45.68181818181818,60.226594318470745,False,False,33.60865600448933
ORCL,Oracle Corp,Information Technology,Application Software,161.39,28.7959,7.2847,26.0591,22.151612061984434,31.02,14.87,57.35,0.3056,11.77,0.12701870708027463,14.6887,31.02,14.87,14.6887,0.12701870708027463,57.35,0.3056,11.77,51.786492374727665,62.64470563975668,80.19593414996609,55.909932468134905,70.20335985853228,61.70653425275175,0.5555555555555556,0.6797385620915033,0.8300653594771242,0.5424836601307189,C+,B-,B+,C+,oraclecorp,0.05882352941176472,0.7843137254901961,0.7633928571428572,51.0,0.0,0.0,0.05882352941176472,0.6923076923076923,B-,63.72687023860498,76.33928571428572,45.80357142857143,60.14221047659827,False,False,51.786492374727665
DXPE,DXP Enterprises Inc,Industrials,Trading Companies & Distributors,170.75,29.5007,1.2974,16.8287,5.314480285845898,26.99,11.89,18.67,0.0877,7.7,0.9669782564519407,93.0251,26.99,11.89,93.0251,0.9669782564519407,18.67,0.0877,7.7,56.52843341285552,84.42424242424244,46.54882154882154,82.5019425019425,42.06349206349206,64.15455072565625,0.5879396984924623,0.9195979899497487,0.4396984924623116,0.864321608040201,C+,A-,C,B+,dxpenterprisesinc,0.0,0.8888888888888888,0.7678571428571428,9.0,0.0,0.0,0.0,0.35714285714285715,C-,63.36089993200546,76.78571428571428,46.07142857142856,59.903005659890084,False,False,42.06349206349206
UGI,UGI Corp,Utilities,Gas Utilities,36.09,11.6087,3.4581,9.1284,1.6203547809221073,150.04,0.22,14.09,0.48200000000000004,5.6899999999999995,0.4598765432098767,10.064,114.5875,0.22,10.064,0.4598765432098767,14.09,0.38924000000000003,5.6899999999999995,79.83156028368795,58.27680131565423,90.07092198581562,32.6241134751773,36.11111111111111,65.65580352554221,0.875,0.625,0.9375,0.3125,B+,B-,A,C-,ugicorp,-0.023809523809523725,0.8333333333333334,0.7045454545454546,6.0,0.0,0.0,-0.023809523809523725,0.3333333333333333,C-,64.26691463665331,70.45454545454545,42.27272727272727,59.86807716386811,False,False,32.6241134751773
PLUS,ePlus inc,Information Technology,Technology Distributors,84.69,16.6742,0.9387,9.8144,2.2979055929540664,28.46,11.01,12.93,0.0692,12.809999999999999,0.7183141297756215,35.8082,28.46,11.01,35.8082,0.7183141297756215,12.93,0.0692,12.809999999999999,91.01525054466231,67.63075722092114,53.4865601869887,52.20085826825212,34.79020979020979,65.09177578074741,0.9607843137254902,0.7450980392156863,0.5490196078431373,0.5032679738562091,A,B,C+,C+,eplusinc,0.0,0.8571428571428571,0.7291666666666667,7.0,0.0,0.0,0.0,0.34615384615384615,C-,63.570796759768385,72.91666666666667,43.75,59.60663740781471,False,False,34.79020979020979
CSCO,Cisco Systems Inc,Information Technology,Communications Equipment,91.5,32.6305,6.1201,26.8562,7.735226984529546,21.66,9.0,23.64,0.2275,14.63,0.9951718261857426,58.4964,21.66,9.0,58.4964,0.9935540278366309,23.64,0.2275,14.63,51.12418300653595,54.30499245940811,75.49741014875413,66.11335212715008,83.01282051282051,60.73906720613416,0.5490196078431373,0.5882352941176471,0.7712418300653595,0.6339869281045751,C+,C+,B,B-,ciscosystemsinc,0.07358870967741937,0.71875,0.695945945945946,32.0,0.0,0.0,0.07358870967741937,0.8205128205128205,B+,64.04034925741621,69.59459459459461,41.756756756756765,59.583630757284325,False,False,51.12418300653595
BAC,Bank of America Corp,Financials,Diversified Banks,53.46,12.1042,2.32875,26.8446,1.2715159962230314,18.65,99.36713,10.5,0.3273721,3.08,0.7816920202828932,34.0522,18.65,84.45518149999988,34.0522,0.7816920202828932,10.5,0.3273721,3.08,65.579982168833,80.58782712133228,39.10891089108911,67.54760091393754,65.83850931677019,60.7993088720345,0.7109004739336493,0.957345971563981,0.3744075829383886,0.7251184834123223,B,A,C-,B,bankofamericacorp,0.011123470522803158,0.8387096774193549,0.7986111111111112,31.0,0.0,0.0,0.011123470522803158,0.6571428571428571,B-,62.38315980371152,79.86111111111111,47.916666666666664,59.489861176302554,False,False,39.10891089108911
KOP,Koppers Holdings Inc,Materials,Commodity Chemicals,40.83,13.9884,0.4168,7.5353,1.3839364399311251,14.14,-10.17,10.45,0.07490000000000001,3.7699999999999996,0.9252649191299497,62.929,14.14,-10.17,62.929,0.9252649191299497,10.45,0.07490000000000001,3.7699999999999996,92.08669354838709,39.29335430036692,43.01075268817204,85.69424964936886,46.21212121212122,63.77188234908694,0.96875,0.265625,0.359375,0.875,A,D+,C-,B+,koppersholdingsinc,0.0,0.8571428571428571,0.7291666666666667,7.0,0.0,0.0,0.0,0.5,C,63.39309447029906,72.91666666666667,43.75,59.46447557623925,False,False,39.29335430036692
VMI,Valmont Industries Inc,Industrials,Industrial Machinery & Supplies & Components,508.04,26.588,2.3692,19.9855,5.929477453419919,9.37,2.4,23.06,0.10640000000000001,15.65,1.0,66.3948,9.37,2.4,66.3948,0.9897329490405543,23.06,0.10640000000000001,15.65,46.79373297463749,49.64028395846577,65.48821548821549,83.83471074380165,87.17948717948718,59.765486056166736,0.4723618090452261,0.48743718592964824,0.6834170854271356,0.8894472361809045,C,C,B-,B+,valmontindustriesinc,0.027272727272727337,0.7272727272727273,0.671875,11.0,0.0,0.0,0.027272727272727337,0.8809523809523809,B+,63.48343477411545,67.1875,40.3125,58.849247819292366,False,False,46.79373297463749
WMS,Advanced Drainage Systems Inc,Industrials,Building Products,149.25,24.1439,3.8018,15.9922,7.154567418315692,0.61,1.6,25.82,0.2284,14.46,0.5971189279731993,31.5094,0.61,1.6,31.5094,0.5971189279731993,25.82,0.2284,14.46,47.32331692130686,51.27162810089639,78.53535353535354,66.92288741069228,65.98639455782313,60.103570716482835,0.47738693467336685,0.5226130653266332,0.8341708542713567,0.678391959798995,C,C+,B+,B-,advanceddrainagesystemsinc,0.009523809523809601,0.8666666666666667,0.7875000000000001,15.0,0.0,0.0,0.009523809523809601,0.6428571428571429,B-,61.70221017226515,78.75000000000001,47.25000000000001,58.81176813781212,False,False,47.32331692130686
KEYS,Keysight Technologies Inc,Information Technology,Electronic Equipment & Instruments,349.91,60.7113,10.2879,53.1287,10.1861339792033,59.12,13.13,16.56,0.15960000000000002,11.53,0.9864656477390089,140.6534,59.12,13.13,140.6534,0.9864656477390089,16.56,0.15960000000000002,11.53,28.061002178649236,81.24829234972677,63.9585046675035,89.15823604175766,93.84615384615384,62.08618238983507,0.22875816993464052,0.9084967320261438,0.673202614379085,0.9411764705882353,D+,A-,B-,A,keysighttechnologiesinc,0.09210526315789469,0.8421052631578947,0.78125,19.0,0.0,0.0,0.09210526315789469,0.9230769230769231,A-,66.47079777445046,78.125,46.875,58.759700673897484,True,False,28.061002178649236
ESE,ESCO Technologies Inc,Industrials,Industrial Machinery & Supplies & Components,323.95,27.5552,6.9664,33.4677,5.430300388896339,175.22,14.09,21.34,0.1562,18.13,0.9907890163364614,107.063,108.48399999999977,14.09,107.063,0.9897329490405543,21.34,0.1562,18.13,23.80251425477556,95.18330154693791,73.23232323232322,94.66666666666667,81.5018315018315,67.22870301449561,0.15577889447236182,0.9949748743718593,0.7788944723618091,0.9798994974874372,D,A+,B,A+,escotechnologiesinc,0.023809523809523725,0.8571428571428571,0.7291666666666667,7.0,0.0,0.0,0.023809523809523725,0.7857142857142857,B,70.37888616467876,72.91666666666667,43.75,58.735765564376514,True,False,23.80251425477556
KLAC,KLA Corp,Information Technology,Semiconductor Materials & Equipment,1750.35,50.3358,18.0021,39.4057,49.24639940128352,44.58,17.49,95.22,0.4199,42.71,0.8506038761895729,149.0928,44.58,17.49,149.0928,0.8506038761895729,95.22,0.4199,42.71,28.997821350762525,74.21257232401157,94.50432122812333,57.914791523673486,98.93162393162393,62.301008414258476,0.2549019607843137,0.8627450980392157,0.9738562091503268,0.5620915032679739,D+,B+,A+,C+,klacorp,0.18095238095238092,0.6666666666666666,0.6524390243902438,36.0,0.0,0.0,0.12009523809523824,0.9743589743589743,A+,67.19417080742087,65.24390243902438,39.14634146341463,58.65631735085193,True,False,28.997821350762525
ARMK,Aramark,Consumer Discretionary,Distributors,45.69,37.6421,0.6351,13.8443,3.8156400320684125,24.1,6.35,10.17,0.042199999999999994,3.4299999999999997,0.9172461752433932,36.6736,24.1,6.35,36.6736,0.9100637417038825,10.17,0.042199999999999994,3.4299999999999997,44.63309537590842,77.8755868544601,28.16901408450704,85.44600938967136,48.71794871794872,55.864846613930155,0.4452054794520548,0.8356164383561644,0.2191780821917808,0.8904109589041096,C,B+,D+,B+,aramark,0.006493506493506551,0.8636363636363636,0.8055555555555556,22.0,37.5,54.50191732818266,0.006493506493506551,0.5,C,55.73664148572503,80.55555555555556,70.1341002646064,58.61613324150131,False,False,28.16901408450704
TRGP,Targa Resources Corp,Energy,Oil & Gas Storage & Transportation,260.08,27.941,3.1554,14.6606,18.197847716872612,49.45,3.95,71.13000000000001,0.1956,9.77,0.9964761495487751,52.1826,49.45,3.95,52.1826,0.9964761495487751,28.447,0.1956,9.77,31.25406107862248,66.96998722860792,79.62962962962963,67.81609195402298,31.818181818181817,59.678138513589204,0.21052631578947367,0.7192982456140351,0.8596491228070176,0.6842105263157895,D+,B,B+,B-,targaresourcescorp,-0.029885057471264354,0.8666666666666667,0.8214285714285714,30.0,90.0,84.89281911636292,-0.029885057471264354,0.3,D+,57.859956695407384,82.14285714285714,83.24284193225945,58.547538626505144,True,False,31.25406107862248
SSB,SouthState Bank Corp,Financials,Regional Banks,97.67,10.2262,3.14874,8.1834,1.0688498182287756,46.43,49.54469,10.42,0.3805232,9.0,0.5500529418140285,12.549,46.43,49.54469,12.549,0.5500529418140285,10.42,0.3805232,9.0,82.26854675988926,68.9104159260576,38.613861386138616,24.334186227611525,97.61904761904762,53.86952246724079,0.9383886255924171,0.8578199052132701,0.3696682464454976,0.2037914691943128,A,B+,C-,D+,southstatebankcorp,0.10784313725490191,0.9411764705882353,0.8522727272727273,17.0,37.5,54.50191732818266,0.07508083314534932,0.9857142857142858,A+,58.63142722914556,85.22727272727273,72.9371305676367,58.53451309043164,False,True,24.334186227611525
AN,AutoNation Inc,Consumer Discretionary,Automotive Retail,212.38,11.231,0.2638,11.3612,3.193256842317344,0.81,3.24,26.700000000000003,0.0449,5.6000000000000005,0.7292519233917172,18.0024,0.81,3.24,18.0024,0.7292519233917172,26.700000000000003,0.0449,5.6000000000000005,79.28805710978197,54.07002877479934,42.25352112676057,66.41526578827806,82.51748251748252,59.48245347175112,0.863013698630137,0.5342465753424658,0.4143835616438356,0.6575342465753424,B+,C+,C,B-,autonationinc,0.06060606060606066,0.7272727272727273,0.6944444444444444,22.0,0.0,0.0,0.06060606060606066,0.8076923076923077,B+,62.734201723499375,69.44444444444444,41.666666666666664,58.52069471213284,False,False,42.25352112676057
BCO,Brinks Co,Industrials,Security & Alarm Services,106.75,22.0224,0.8359,7.898,15.799132712714785,29.64,4.97,79.36,0.1093,4.64,0.47360938333037145,19.6212,29.64,4.97,19.6212,0.47360938333037145,75.2544999999999,0.1093,4.64,81.89516606602034,69.16786916786916,57.82828282828282,45.165945165945175,43.31065759637189,62.797625090338656,0.8894472361809045,0.7487437185929648,0.592964824120603,0.40703517587939697,B+,B,C+,C,brinksco,0.0,0.8571428571428571,0.7291666666666667,7.0,0.0,0.0,0.0,0.4642857142857143,C,62.12869084997585,72.91666666666667,43.75,58.45295267998068,False,False,43.31065759637189
PSMT,PriceSmart Inc,Consumer Staples,Consumer Staples Merchandise Retail,156.92,30.8412,0.8703,15.3299,3.8678445369037524,8.73,8.85,12.23,0.0449,10.8,0.8712960868581765,54.6162,8.73,8.85,54.6162,0.8712960868581765,12.23,0.0449,10.8,47.61904761904762,71.25059497940853,38.095238095238095,86.66666666666666,92.42424242424242,58.012023757786466,0.453125,0.765625,0.296875,0.859375,C,B,D+,B+,pricesmartinc,0.10000000000000009,0.8,0.7166666666666667,10.0,0.0,0.0,0.10000000000000009,0.9166666666666666,A-,62.25444800021071,71.66666666666667,43.0,58.40355840016857,False,False,38.095238095238095
KFY,Korn Ferry,Industrials,Human Resource & Employment Services,66.44,12.8373,1.1928,6.0025,1.8317462242979317,8.41,5.44,13.94,0.1307,11.55,0.3831398025474448,7.6823,8.41,5.44,7.6823,0.3831398025474448,13.94,0.1307,11.55,87.43380200666633,60.968198468198466,55.05050505050505,52.45310245310245,41.34199134199134,63.305336948553034,0.9447236180904522,0.6482412060301508,0.5678391959798995,0.5175879396984925,A,B-,C+,C+,kornferry,0.0,0.7777777777777778,0.6964285714285714,9.0,0.0,0.0,0.0,0.2857142857142857,D+,62.43953608275217,69.64285714285714,41.785714285714285,58.30877172334459,False,False,41.34199134199134
SMP,Standard Motor Products Inc,Consumer Discretionary,Automotive Parts & Equipment,37.37,20.2975,0.4684,7.4615,1.2104663064743912,48.96,22.36,6.15,0.0762,3.19,0.5761296660117877,37.8967,48.96,22.36,37.8967,0.5761296660117877,6.15,0.0762,3.19,74.97266705254357,93.90916122533412,29.577464788732396,63.86595434677028,38.286713286713294,62.69255607473987,0.8287671232876712,0.9726027397260274,0.2328767123287671,0.6301369863013698,B+,A+,D+,B-,standardmotorproductsinc,0.0,0.8571428571428571,0.7291666666666667,7.0,0.0,0.0,0.0,0.36538461538461536,C-,61.521227403411196,72.91666666666667,43.75,57.96698192272896,False,False,29.577464788732396
ENSG,Ensign Group Inc,Health Care,Health Care Facilities,186.69,31.1794,2.1204,19.0692,4.858972924154839,14.27,18.72,16.59,0.08410000000000001,15.509999999999998,0.662152684111141,44.7321,14.27,18.72,44.7321,0.662152684111141,16.59,0.08410000000000001,15.509999999999998,48.72229760289462,72.86556909515167,58.39598997493734,79.57998444386828,39.94565217391305,62.26868260226198,0.5074626865671642,0.8208955223880597,0.5970149253731343,0.8283582089552238,C+,B+,C+,B+,ensigngroupinc,0.0,0.8181818181818182,0.734375,11.0,0.0,0.0,0.0,0.546875,C+,61.26324781965329,73.4375,44.0625,57.823098255722634,False,False,39.94565217391305
IQV,IQVIA Holdings Inc,Health Care,Life Sciences Tools & Services,158.37,19.7613,1.6478,11.8805,4.130328193786642,4.84,5.87,22.28,0.1334,6.41,0.21103202846975086,2.1281,4.84,5.87,2.1281,0.21103202846975086,22.28,0.1334,6.41,72.53505201266397,56.36591478696742,55.76441102756892,33.563909774436084,85.11904761904762,55.06083067233892,0.8507462686567164,0.6119402985074627,0.5447761194029851,0.291044776119403,B+,B-,C+,D+,iqviaholdingsinc,0.04338153503893216,0.8709677419354839,0.8263888888888888,31.0,7.5,14.572318639152048,0.04338153503893216,0.84375,B+,58.57273543424368,82.63888888888889,55.412260788994146,57.681204801439186,False,True,33.563909774436084
URI,United Rentals Inc,Industrials,Trading Companies & Distributors,959.84,23.9851,3.6743,16.4244,6.753125776123299,1.45,5.05,27.88,0.24670000000000003,10.95,0.8495140889778776,52.0057,1.45,5.05,52.0057,0.8495140889778776,27.88,0.24670000000000003,10.95,48.3249581239531,45.846930846930846,76.5993265993266,61.28205128205128,85.91269841269842,57.65686760661635,0.49748743718592964,0.40703517587939697,0.8140703517587939,0.6231155778894473,C,C,B+,B-,unitedrentalsinc,0.03703703703703698,0.7407407407407407,0.7109375,27.0,0.0,0.0,0.03703703703703698,0.8333333333333334,B+,61.248137447886194,71.09375,42.65625,57.52975995830896,False,False,45.846930846930846
FIVE,Five Below Inc,Consumer Discretionary,Specialty Stores,235.66,35.7276,2.6895,18.6132,5.934106887451905,40.49,22.9,18.14,0.096,18.14,0.910154711673699,210.5284,40.49,22.4075,81.4927499999999,0.9100637417038825,18.14,0.096,18.14,25.56756061483054,93.34741784037558,60.7981220657277,96.82816901408451,78.02197802197803,64.62653804103158,0.2054794520547945,0.9657534246575342,0.6301369863013698,1.0,D+,A,B-,A+,fivebelowinc,0.053763440860215006,0.6666666666666666,0.6513157894736843,33.0,0.0,0.0,0.053763440860215006,0.7692307692307693,B,67.42873584322939,65.13157894736842,39.078947368421055,57.296071919060715,True,False,25.56756061483054
WS,Worthington Steel Inc,Materials,Steel,38.43,15.2081,0.5529,8.5727,1.7727977266856108,12.12,5.55,11.01,0.0417,9.25,0.5694527961515333,49.7662,12.12,5.55,49.7662,0.5694527961515333,11.01,0.0417,9.25,85.76948924731182,57.647148303433056,50.806451612903224,50.61179087875418,48.484848484848484,60.79577305149121,0.90625,0.625,0.5,0.453125,A-,B-,C,C,worthingtonsteelinc,0.0,0.8,0.7166666666666667,10.0,0.0,0.0,0.0,0.6,C+,60.64425789997606,71.66666666666667,43.0,57.115406319980856,False,False,48.484848484848484
SEIC,SEI Investments Co,Financials,Asset Management & Custody Banks,90.68,14.7728,4.6053,12.4714,4.528181287046146,27.6,9.37,30.64,0.31829999999999997,30.54,0.8262711864406787,15.8258,27.6,9.37,15.8258,0.8262711864406787,30.64,0.31829999999999997,27.00399999999999,32.533668058749,62.772110689093864,90.5940594059406,58.15841584158416,71.42857142857143,59.96803717230801,0.27488151658767773,0.7488151658767772,0.909952606635071,0.6161137440758294,D+,B,A-,B-,seiinvestmentsco,0.015151515151515138,0.8333333333333334,0.75,12.0,0.0,0.0,0.015151515151515138,0.6857142857142857,B-,62.110894315165154,75.0,45.0,56.48441180304139,True,False,32.533668058749
EZPW,EZCORP Inc,Financials,Consumer Finance,32.78,16.26,1.4956,10.1791,1.9464171199201956,43.71,13.06,12.479999999999999,0.12560000000000002,8.04,0.9822572695909315,100.2443,43.71,13.06,75.48131499999998,0.9525704271812634,12.479999999999999,0.12560000000000002,8.04,42.819435972033226,61.07031509810442,52.97029702970298,95.64047029702971,43.40659340659341,60.28959032946088,0.3886255924170616,0.7061611374407583,0.5497630331753555,0.985781990521327,C-,B,C+,A+,ezcorpinc,0.0,0.7692307692307693,0.7083333333333334,13.0,0.0,0.0,0.0,0.5428571428571428,C+,59.63024967012022,70.83333333333334,42.50000000000001,56.20419973609618,False,False,42.819435972033226
RCL,Royal Caribbean Cruises Ltd,Consumer Discretionary,"Hotels, Resorts & Cruise Lines",263.76,16.5742,3.9442,13.7686,7.106388367249615,47.85,8.8,45.82,0.2728,14.56,0.36833691976636945,22.7304,47.85,8.8,22.7304,0.36833691976636945,45.82,0.27265999999999996,14.56,40.99298990288764,84.54057679409792,82.04225352112677,46.5271629778672,22.02797202797203,61.97235881039663,0.3767123287671233,0.8972602739726028,0.9178082191780822,0.4315068493150685,C-,B+,A-,C,royalcaribbeancruisesltd,-0.016544117647058876,0.7647058823529411,0.7371794871794871,34.0,0.0,0.0,-0.016544117647058876,0.19230769230769232,D,59.17515601319383,73.71794871794872,44.230769230769226,56.186278656708915,False,False,22.02797202797203
CVCO,Cavco Industries Inc,Consumer Discretionary,Homebuilding,507.0,21.3367,1.7864,15.6469,3.8137620393020586,13.34,14.3,17.14,0.09789999999999999,17.02,0.35517646138195486,0.0623,13.34,14.3,0.0623,0.35517646138195486,17.14,0.09789999999999999,17.02,39.304778442343554,86.34314980793854,57.863849765258216,42.46692274861289,88.96321070234114,55.05417156321073,0.363013698630137,0.9383561643835616,0.5616438356164384,0.3767123287671233,C-,A,C+,C-,cavcoindustriesinc,0.09722222222222221,0.875,0.7500000000000001,8.0,0.0,0.0,0.09722222222222221,0.8846153846153846,B+,58.950492633444846,75.00000000000001,45.00000000000001,56.16039410675588,False,False,39.304778442343554
OVV,Ovintiv Inc,Energy,Oil & Gas Exploration & Production,61.55,14.0413,1.9577,6.7461,1.3926410628871904,15.07,-2.67,11.86,0.127,7.86,0.9646345570899292,83.2936,15.07,-2.67,83.2936,0.9646345570899292,11.86,0.127,7.86,67.34892787524366,51.08397871555766,54.93827160493828,80.58479532163742,25.0,61.9055546774845,0.8070175438596491,0.5614035087719298,0.543859649122807,0.8947368421052632,B+,C+,C+,B+,ovintivinc,-0.07287933094384702,0.7419354838709677,0.7152777777777779,31.0,0.0,0.0,-0.07287933094384702,0.2,D,59.4055546774845,71.52777777777779,42.91666666666667,56.10777707532094,False,False,25.0
MTZ,MasTec Inc,Industrials,Construction & Engineering,394.05,78.776,2.1984,30.7979,9.538714034654545,146.92,16.22,13.08,0.045899999999999996,7.470000000000001,0.9744603930271684,209.4958,108.48399999999977,16.22,154.23297499999916,0.9744603930271684,13.08,0.045899999999999996,7.470000000000001,26.319306972573305,85.98548510313216,33.83838383838384,85.48340548340548,59.15750915750916,54.33320082004681,0.18592964824120603,0.9447236180904522,0.2663316582914573,0.914572864321608,D,A,D+,A-,mastecinc,0.004615384615384577,0.8846153846153846,0.8306451612903226,26.0,90.0,84.89281911636292,0.004615384615384577,0.5952380952380952,C+,55.24895173579773,83.06451612903226,83.79583732396452,55.95760162462576,True,False,26.319306972573305
TTMI,TTM Technologies Inc,Information Technology,Electronic Manufacturing Services,158.22,80.3592,5.1935,57.119,9.281670724195582,241.37,24.12,10.61,0.0974,6.81,0.8642271608016706,690.3097,241.03349999999992,24.12,484.5672,0.8642271608016706,10.61,0.0974,6.81,33.067538126361654,93.6455893832943,44.94726514594064,79.41745351562258,51.159951159951156,59.11630939785895,0.30718954248366015,0.9869281045751634,0.45098039215686275,0.8627450980392157,C-,A+,C,B+,ttmtechnologiesinc,0.009090909090909038,0.9090909090909091,0.796875,11.0,0.0,0.0,0.009090909090909038,0.48717948717948717,C,59.23230451385406,79.6875,47.8125,55.72935128868915,True,False,33.067538126361654
UNP,Union Pacific Corp,Industrials,Rail Transportation,269.48,22.1813,6.4775,14.586,8.655711587629927,9.44,1.87,40.38,0.4021,14.530000000000001,0.9173669467787114,24.9559,9.44,1.87,24.9559,0.9173669467787114,40.38,0.30097499999999994,14.530000000000001,46.33267346835186,52.37154150197629,86.7003367003367,56.34606938954765,45.887445887445885,60.001774720476924,0.46733668341708545,0.5376884422110553,0.9371859296482412,0.5778894472361809,C,C+,A,C+,unionpacificcorp,0.0,0.6774193548387096,0.6597222222222223,31.0,0.0,0.0,0.0,0.5595238095238095,C+,59.59051930922151,65.97222222222223,39.583333333333336,55.589082114043876,False,False,45.887445887445885
DOCN,DigitalOcean Holdings Inc,Information Technology,Internet Services & Infrastructure,96.43,38.2551,11.0027,30.9815,196.07564050427004,182.74,15.48,-20.080000000000002,0.2275,-1.73,0.9619926700149315,212.0712,182.74,15.48,212.0712,0.9619926700149315,-10.525,0.2275,-1.73,39.734204793028326,79.70470786044557,30.35392229003448,89.7682285683844,72.14452214452214,56.4166190565317,0.40522875816993464,0.8888888888888888,0.26143790849673204,0.954248366013072,C,B+,D+,A,digitaloceanholdingsinc,0.06190476190476191,0.7619047619047619,0.7211538461538463,21.0,0.0,0.0,0.06190476190476191,0.7435897435897436,B,58.63107127098392,72.11538461538463,43.269230769230774,55.55870317063329,False,False,30.35392229003448
XPEL,Xpel Inc,Consumer Discretionary,Automotive Parts & Equipment,47.62,25.7328,2.7681,18.391,4.689962180901355,13.49,13.27,19.689999999999998,0.1316,19.68,0.7065746394124414,66.2709,13.49,13.27,66.2709,0.7065746394124414,19.689999999999998,0.1316,19.68,29.683580937680876,81.43974960876369,69.24882629107982,84.28363283147158,38.286713286713294,62.87777829523722,0.2465753424657534,0.8767123287671232,0.7465753424657534,0.8767123287671232,D+,B+,B,B+,xpelinc,0.0,0.8888888888888888,0.7678571428571428,9.0,0.0,0.0,0.0,0.36538461538461536,C-,61.70644962390855,76.78571428571428,46.07142857142856,55.55016587319842,True,False,29.683580937680876
PNC,PNC Financial Services Group Inc,Financials,Diversified Banks,223.0,12.4673,2.34179,14.8279,1.4370278912292325,20.05,72.26733,11.98,0.345423,6.890000000000001,0.7599724896836314,38.7765,20.05,72.26733,38.7765,0.7599724896836314,11.98,0.345423,6.890000000000001,59.950260428886494,73.59833465503567,49.504950495049506,72.83320639756283,21.73913043478261,61.650110941503705,0.6208530805687204,0.9004739336492891,0.47393364928909953,0.7914691943127962,B-,A-,C,B,pncfinancialservicesgroupinc,-0.01666666666666672,0.7333333333333333,0.7071428571428571,30.0,0.0,0.0,-0.01666666666666672,0.2,D,58.82402398498196,70.71428571428571,42.42857142857142,55.544933473699864,False,False,21.73913043478261
MYRG,MYR Group Inc,Industrials,Construction & Engineering,404.81,52.8409,1.7106,35.8972,9.514799519570905,306.93,8.79,19.650000000000002,0.045599999999999995,17.39,0.994399308556612,230.9434,108.48399999999977,8.79,154.23297499999916,0.9897329490405543,19.650000000000002,0.045599999999999995,17.39,31.002656379540806,75.36499448264154,53.78787878787879,94.12987012987013,77.83882783882784,60.096606714357236,0.24623115577889448,0.8391959798994975,0.542713567839196,0.9723618090452262,D+,B+,C+,A+,myrgroupinc,0.02197802197802201,0.7142857142857143,0.6710526315789473,14.0,0.0,0.0,0.02197802197802201,0.7619047619047619,B,62.880489498240024,67.10526315789474,40.26315789473684,55.32920275388062,True,False,31.002656379540806
NMIH,NMI Holdings Inc,Financials,Commercial & Residential Mortgage Finance,38.71,7.9069,4.3531,6.3911,1.1392799962328122,11.04,8.52,15.8,0.7478,13.51,0.46291866028708106,7.0224,11.04,8.52,7.0224,0.46291866028708106,15.8,0.6122160399999996,13.51,84.0270282952466,44.695203944419546,65.84158415841584,39.17348256564787,44.21768707482994,59.24089041542909,0.9478672985781991,0.3886255924170616,0.6729857819905213,0.36018957345971564,A,C-,B-,C-,nmiholdingsinc,0.0,0.75,0.6911764705882353,12.0,0.0,0.0,0.0,0.6,C+,58.66265912291209,69.11764705882352,41.47058823529411,55.22424494538849,False,False,39.17348256564787
OSIS,OSI Systems Inc,Information Technology,Electronic Equipment & Instruments,286.92,30.8632,2.6286,20.5502,5.066483021666579,13.33,8.96,16.91,0.12300000000000001,9.28,0.7820087451385379,40.1387,13.33,8.96,40.1387,0.7820087451385379,16.91,0.12300000000000001,9.28,65.77342047930283,56.810109289617486,56.074968618794095,61.5176813584488,32.61538461538461,59.127655404137485,0.7124183006535948,0.6405228758169934,0.5816993464052288,0.5947712418300654,B,B-,C+,C+,osisystemsinc,0.0,0.8333333333333334,0.75,12.0,0.0,0.0,0.0,0.2564102564102564,D+,57.38919386567595,75.0,45.0,54.91135509254076,False,False,32.61538461538461
FUL,H.B. Fuller Company,Materials,Specialty Chemicals,60.52,20.647,0.9545,11.8131,1.6367019320222411,45.86,-2.57,8.09,0.1042,3.95,0.5928714859437754,11.9911,45.86,-2.57,11.9911,0.5928714859437754,8.09,0.1042,3.95,67.37231182795699,59.714391811166,45.96774193548387,48.96251089799477,84.72222222222223,55.07039398269237,0.765625,0.6875,0.390625,0.40625,B,B-,C-,C,hbfullercompany,0.09090909090909094,0.7272727272727273,0.671875,11.0,0.0,0.0,0.09090909090909094,0.8666666666666667,B+,58.542616204914594,67.1875,40.3125,54.89659296393168,False,False,45.96774193548387
LLY,Eli Lilly and Co,Health Care,Pharmaceuticals,934.6,43.0752,13.6393,32.5954,33.27719483145987,95.89,44.7,97.85000000000001,0.4035,33.32,0.6092478977595703,3.9657,95.89,44.7,3.9657,0.6092478977595703,97.85000000000001,0.4035,31.271999999999977,22.757424996230963,92.6625386996904,95.48872180451129,47.76171197223829,70.67307692307692,62.646386834571295,0.15671641791044777,0.9850746268656716,1.0,0.44029850746268656,D,A+,A+,C,elilillyandco,0.012474012474012475,0.7692307692307693,0.7443181818181819,39.0,0.0,0.0,0.012474012474012475,0.6875,B-,64.71369452687898,74.43181818181819,44.659090909090914,54.836349021582485,True,False,22.757424996230963
WFC,Wells Fargo & Co,Financials,Diversified Banks,82.23,11.5209,1.90599,22.0935,1.4040977182344876,15.48,72.74767,12.02,0.2534514,3.66,0.45374604291241655,15.8006,15.48,72.74767,15.8006,0.45374604291241655,12.02,0.2534514,3.66,65.43217117920324,63.65979381443299,50.495049504950494,36.13861386138614,90.06211180124222,53.941486706202255,0.7014218009478673,0.7772511848341233,0.5260663507109005,0.33175355450236965,B,B,C+,C-,wellsfargoco,0.06681034482758619,0.6875,0.668918918918919,32.0,0.0,0.0,0.06681034482758619,0.8857142857142857,B+,57.94769788632648,66.8918918918919,40.13513513513514,54.38518533608821,False,False,36.13861386138614
ALGN,Align Technology Inc,Health Care,Health Care Supplies,176.01,30.7185,3.124,14.2887,3.102077216184873,0.86,0.9,10.45,0.1353,10.45,0.6258038352355019,1.5638,0.86,0.9,1.5638,0.6258038352355019,10.45,0.1353,10.45,54.57560681441279,42.50923006440833,53.634085213032584,62.6000485083677,98.51190476190477,53.07427872141655,0.6044776119402985,0.373134328358209,0.503731343283582,0.6417910447761194,B-,C-,C+,B-,aligntechnologyinc,0.08695652173913038,0.6956521739130435,0.6696428571428571,23.0,0.0,0.0,0.0861389817911557,0.984375,A+,57.92546919760703,66.96428571428571,40.17857142857142,54.37608964379991,False,False,42.50923006440833
DIS,Walt Disney Co,Communication Services,Movies & Entertainment,103.75,15.0012,1.9202,12.1399,1.719582858203612,120.36,3.47,11.35,0.1353,8.09,0.4204262385828951,14.0737,120.36,3.47,14.0737,0.4204262385828951,11.35,0.1353,8.09,48.173173173173176,67.51254480286738,47.72272272272272,55.1063063063063,76.19047619047619,53.49774419580871,0.5135135135135135,0.7837837837837838,0.3783783783783784,0.5405405405405406,C+,B,C-,C+,waltdisneyco,0.04765291607396871,0.8108108108108109,0.7797619047619048,37.0,0.0,0.0,0.04765291607396871,0.75,B,56.11679181485633,77.97619047619048,46.785714285714285,54.25057630902792,False,False,47.72272272272272
WMT,Walmart Inc,Consumer Staples,Consumer Staples Merchandise Retail,131.93,48.9114,1.5015,26.2154,10.555497771768264,13.49,4.73,23.69,0.0418,15.17,0.935514018691589,35.6607,13.49,4.73,35.6607,0.935514018691589,23.69,0.0418,15.17,22.437169312169313,67.10126032159931,52.91005291005291,87.43589743589745,34.848484848484844,54.74423710705491,0.15625,0.734375,0.5234375,0.890625,D,B,C+,B+,walmartinc,-0.04166666666666674,0.9166666666666666,0.8820754716981133,48.0,90.0,84.89281911636292,-0.04166666666666674,0.3333333333333333,C-,53.22908559190339,88.20754716981133,86.88165594843197,54.15101344583572,True,False,22.437169312169313
MOG-A,Moog Inc,Industrials,Aerospace & Defense,301.31,33.3768,2.2944,19.2019,5.05676716650863,38.77,13.79,14.16,0.09119999999999999,8.94,0.7240281763631621,80.1555,38.77,13.79,80.1555,0.7240281763631621,14.16,0.09119999999999999,8.94,42.607820246011194,81.08391608391608,45.28619528619529,69.6010101010101,42.38095238095238,57.11048912003686,0.4020100502512563,0.8994974874371859,0.4120603015075377,0.7236180904522613,C,B+,C,B,mooginc,0.0,0.8333333333333334,0.75,12.0,0.0,0.0,0.0,0.39285714285714285,C-,56.3485843581321,75.0,45.0,54.078867486505686,False,False,42.38095238095238
ABCB,Ameris Bancorp,Financials,Regional Banks,85.25,14.1191,2.70304,10.5844,1.4226851952291233,15.53,52.9989,10.41,0.3410664,9.76,0.9134980988593154,42.9153,15.53,52.9989,42.9153,0.9134980988593154,10.41,0.3410664,9.76,55.94294026559054,54.60125607299443,38.11881188118812,90.16798309044388,43.29004329004329,57.46928586938233,0.5687203791469194,0.5829383886255924,0.36492890995260663,0.9383886255924171,C+,C+,C-,A,amerisbancorp,0.0,0.7692307692307693,0.7083333333333334,13.0,0.0,0.0,0.0,0.4,C-,56.79829019838666,70.83333333333334,42.50000000000001,53.93863215870933,False,False,38.11881188118812
DCOM,Dime Community Bancshares Inc,Financials,Regional Banks,35.89,14.2308,2.11729,11.7832,1.066710258429805,225.06,42.91451,7.670000000000001,0.4435096,6.45,0.858877086494689,39.7042,95.96549999999999,42.91451,39.7042,0.858877086494689,7.670000000000001,0.4435096,6.45,66.87626108582423,68.06671406564759,22.277227722772277,80.74090555122928,43.29004329004329,57.0498961255245,0.7345971563981043,0.8483412322274881,0.2132701421800948,0.8341232227488151,B,B+,D+,B+,dimecommunitybancsharesinc,0.0,0.8181818181818182,0.734375,11.0,0.0,0.0,0.0,0.4,C-,56.378900454528825,73.4375,44.0625,53.91562036362306,False,False,22.277227722772277
GVA,Granite Construction Inc,Industrials,Construction & Engineering,137.07,30.8961,1.3478,14.8319,5.056702057801421,51.42,10.4,17.580000000000002,0.0638,9.030000000000001,0.9877551020408163,68.6185,51.42,10.4,68.6185,0.9877551020408163,17.580000000000002,0.0638,9.030000000000001,57.71872832174339,69.6146337322808,44.10774410774411,70.36075036075036,36.904761904761905,58.45169492597811,0.628140703517588,0.7587939698492462,0.3969849246231156,0.7286432160804021,B-,B,C-,B,graniteconstructioninc,0.0,0.75,0.6730769230769231,8.0,0.0,0.0,0.0,0.25,D+,57.1421711164543,67.3076923076923,40.38461538461538,53.79065997008652,False,False,36.904761904761905
USFD,US Foods Holding Corp,Consumer Staples,Food Distributors,93.49,30.4592,0.5223,15.566,4.786283654756845,45.9,4.08,15.010000000000002,0.0304,7.02,0.7729303547963206,42.385,45.9,4.08,42.385,0.7729303547963206,15.010000000000002,0.0304,7.02,52.290013227513235,76.05918751681463,33.333333333333336,80.6857142857143,26.08695652173913,57.75481700071742,0.546875,0.828125,0.265625,0.796875,C+,B+,D+,B,usfoodsholdingcorp,-0.04347826086956519,0.8260869565217391,0.7767857142857143,23.0,0.0,0.0,-0.04347826086956519,0.25,D+,55.36351265289134,77.67857142857143,46.607142857142854,53.612238693741645,False,False,26.08695652173913
FLS,Flowserve Corp,Industrials,Industrial Machinery & Supplies & Components,73.64,27.2866,1.9978,15.6889,4.268738044171352,22.82,3.76,15.809999999999999,0.0823,9.36,0.6164691458929302,62.8123,22.82,3.76,62.8123,0.6164691458929302,15.809999999999999,0.0823,9.36,54.527688949799504,62.461679734407014,45.791245791245785,59.83103764921947,66.66666666666666,54.53827716198662,0.5577889447236181,0.6733668341708543,0.4271356783919598,0.6130653266331658,C+,B-,C,B-,flowservecorp,0.014705882352941124,0.7647058823529411,0.7159090909090908,17.0,0.0,0.0,0.014705882352941124,0.6666666666666666,B-,56.204943828653285,71.59090909090908,42.954545454545446,53.554864153831716,False,False,45.791245791245785
CDNS,Cadence Design Systems Inc,Information Technology,Application Software,329.59,80.9226,16.9413,58.4324,16.36453911273305,5.27,14.12,21.68,0.2817,14.6,0.5878922741345339,10.6973,5.27,14.12,10.6973,0.5878922741345339,21.68,0.2817,14.6,21.734204793028322,47.324981956902775,77.55558441183685,69.77505984275504,77.18832891246684,53.24245566114786,0.1568627450980392,0.43790849673202614,0.7973856209150327,0.6993464052287581,D,C,B,B-,cadencedesignsystemsinc,0.0625,0.875,0.8310810810810811,32.0,37.5,54.50191732818266,0.0625,0.7692307692307693,B,55.96128855239454,83.10810810810811,71.66563179613793,53.39474300083675,True,False,21.734204793028322
CHEF,Chefs' Warehouse Inc,Consumer Staples,Food Distributors,77.6,43.9216,0.7659,19.1477,5.223724865872786,29.77,9.36,12.690000000000001,0.035,5.6000000000000005,0.9311200152642622,36.212,29.77,9.36,36.212,0.9311200152642622,12.690000000000001,0.035,5.6000000000000005,37.63227513227513,82.15012106537532,29.62962962962963,82.67936507936508,48.55072463768116,54.78137341942427,0.34375,0.90625,0.234375,0.828125,C-,A-,D+,B+,chefswarehouseinc,0.0,0.8571428571428571,0.7763157894736842,14.0,0.0,0.0,0.0,0.5,C,54.63644588319239,77.63157894736842,46.578947368421055,52.859243223424876,True,False,29.62962962962963
MKSI,MKS Incorporated,Information Technology,Semiconductor Materials & Equipment,283.75,64.7543,4.8607,30.1714,7.012874030246186,54.44,9.59,11.540000000000001,0.1318,4.279999999999999,0.9544610487222566,304.548,54.44,9.59,304.548,0.9544610487222566,11.540000000000001,0.1318,4.279999999999999,42.57516339869281,61.67962471873996,43.25989409744767,88.48928710557071,21.26068376068376,56.49254673889725,0.45098039215686275,0.673202614379085,0.42483660130718953,0.934640522875817,C,B-,C,A,mksincorporated,-0.0071428571428571175,0.85,0.79,20.0,0.0,0.0,-0.0071428571428571175,0.1794871794871795,D,53.61861511496563,79.0,47.4,52.37489209197251,False,False,21.26068376068376
SCI,Service Corporation International,Consumer Discretionary,Specialized Consumer Services,81.03,20.7156,2.6085,12.3269,6.908576251822422,7.62,2.93,33.83,0.22690000000000002,8.21,0.4743545611015489,1.4143,7.62,2.93,1.4143,0.4743545611015489,33.83,0.22690000000000002,8.21,43.15068493150685,52.174525413349656,68.54460093896712,46.42018779342723,56.043956043956044,52.64276410897387,0.4246575342465753,0.5205479452054794,0.726027397260274,0.4246575342465753,C,C+,B,C,servicecorporationinternational,0.009090909090909038,0.9090909090909091,0.796875,11.0,0.0,0.0,0.009090909090909038,0.5384615384615384,C+,53.24715971336948,79.6875,47.8125,52.160227770695585,False,False,43.15068493150685
IBOC,International Bancshares Corp,Financials,Regional Banks,71.74,10.8579,3.41763,9.5107,1.37161255291243,0.83,69.21539,13.41,0.6315208,10.86,0.7632757517594367,17.5295,0.83,69.21539,17.5295,0.7632757517594367,13.41,0.6122160399999996,10.86,69.72924780629722,51.658371845005334,54.95049504950495,41.537434642340635,43.29004329004329,54.809097011419745,0.7772511848341233,0.5308056872037915,0.5687203791469194,0.3933649289099526,B,C+,C+,C-,internationalbancsharescorp,0.0,0.8571428571428571,0.7291666666666667,7.0,0.0,0.0,0.0,0.4,C-,54.13810134042407,72.91666666666667,43.75,52.06048107233926,False,False,41.537434642340635
SXT,Sensient Technologies Corp,Materials,Specialty Chemicals,113.64,35.9548,2.9995,20.5371,4.024635130205659,7.38,3.52,11.63,0.1285,7.19,0.663957219251337,20.958,7.38,3.52,20.958,0.663957219251337,11.63,0.1285,7.19,34.69422043010753,61.52846394781878,61.29032258064516,57.454228421970356,69.44444444444444,52.792674226646,0.375,0.734375,0.640625,0.59375,C-,B,B-,C+,sensienttechnologiescorp,0.0357142857142857,0.75,0.6730769230769231,8.0,0.0,0.0,0.0357142857142857,0.6666666666666666,B-,54.73711867109044,67.3076923076923,40.38461538461538,51.86661801379543,False,False,34.69422043010753
LMAT,LeMaitre Vascular Inc,Health Care,Health Care Equipment,109.75,42.3262,9.7902,35.1306,6.3511996388930685,27.88,13.53,15.58,0.2721,10.71,0.7934994837487093,20.95,27.88,13.53,20.95,0.7934994837487093,15.58,0.2721,10.71,23.247399366802355,70.42116320212295,69.17293233082705,79.71988795518206,84.375,58.13329315586836,0.16417910447761194,0.7835820895522388,0.7089552238805971,0.835820895522388,D,B,B,B+,lemaitrevascularinc,0.0404411764705882,0.6875,0.6547619047619047,16.0,0.0,0.0,0.0404411764705882,0.8125,B+,61.57079315586836,65.47619047619047,39.28571428571428,51.80731075195786,True,False,23.247399366802355
ROST,Ross Stores Inc,Consumer Discretionary,Apparel Retail,227.79,34.1988,3.2244,21.8485,11.866658331510019,4.7,7.67,36.7,0.11900000000000001,29.14,0.9749882019820669,63.8777,4.7,7.67,63.8777,0.9100637417038825,36.7,0.11900000000000001,29.14,21.165348253907,64.63428848955803,76.05633802816902,88.45070422535213,74.46153846153847,59.92242011350105,0.11643835616438356,0.6917808219178082,0.821917808219178,0.9315068493150684,D,B-,B+,A,rossstoresinc,0.05166666666666664,0.76,0.7250000000000001,25.0,0.0,0.0,0.05166666666666664,0.7307692307692307,B,62.368573959654896,72.50000000000001,43.50000000000001,51.7521033539589,True,False,21.165348253907
IDXX,IDEXX Laboratories Inc,Health Care,Health Care Equipment,560.8,42.0413,10.3495,30.035,27.845360927119433,22.64,10.42,69.78,0.316,42.61,0.38816578431659293,29.6198,22.64,10.42,29.6198,0.38816578431659293,69.78,0.316,31.271999999999977,24.51379466304839,63.88353236031254,91.97994987468671,71.55241043785935,38.28125,61.21062469406816,0.1791044776119403,0.7313432835820896,0.9776119402985075,0.7238805970149254,D,B,A+,B,idexxlaboratoriesinc,0.0,0.7272727272727273,0.6944444444444444,22.0,0.0,0.0,0.0,0.25,D+,60.03874969406816,69.44444444444444,41.666666666666664,51.54812701497345,True,False,24.51379466304839
TJX,TJX Companies Inc,Consumer Discretionary,Apparel Retail,156.75,31.5786,2.8737,20.1937,17.0300837651967,14.36,7.12,59.53000000000001,0.1189,45.410000000000004,0.802738176796181,21.8138,14.36,7.12,21.8138,0.802738176796181,59.53000000000001,0.1189,40.49049999999998,24.38742041288829,69.11413307430792,81.8075117370892,64.54589606605148,48.0,58.28073886556625,0.17123287671232876,0.7534246575342466,0.910958904109589,0.6438356164383562,D,B,A-,B-,tjxcompaniesinc,0.006666666666666599,0.84,0.7916666666666666,25.0,0.0,0.0,0.006666666666666599,0.46153846153846156,C,58.080738865566246,79.16666666666666,47.49999999999999,50.96227661466867,True,False,24.38742041288829
ADI,Analog Devices Inc,Information Technology,Semiconductors,402.26,72.5511,16.704,48.2862,5.824747866001549,74.57,25.91,7.920000000000001,0.2924,6.370000000000001,0.9724327738675329,106.3718,74.57,25.91,106.3718,0.9724327738675329,7.920000000000001,0.2924,6.370000000000001,25.259259259259256,81.14016350550308,53.48800300105325,65.4289972059464,85.64102564102564,54.000647707368024,0.1895424836601307,0.9019607843137255,0.5555555555555556,0.6274509803921569,D,A-,C+,B-,analogdevicesinc,0.07317073170731714,0.8048780487804879,0.7771739130434783,41.0,0.0,0.0,0.07317073170731714,0.8461538461538461,B+,57.56475027147059,77.71739130434783,46.630434782608695,50.93498805567766,True,False,25.259259259259256
LH,Labcorp Holdings Inc,Health Care,Health Care Services,256.8,24.3462,1.5295,15.9992,2.4488931822928244,18.34,7.25,10.280000000000001,0.0992,6.18,0.38012088650100745,6.5516,18.34,7.25,6.5516,0.38012088650100745,10.280000000000001,0.0992,6.18,63.22930800542741,54.4012628975035,42.60651629072682,51.58324382384533,39.94565217391305,52.65585741830833,0.6940298507462687,0.5746268656716418,0.40298507462686567,0.5074626865671642,B-,C+,C,C+,labcorpholdingsinc,0.0,0.7931034482758621,0.7573529411764707,29.0,0.0,0.0,0.0,0.546875,C+,51.650422635699634,75.73529411764707,45.44117647058824,50.40857340267736,False,False,39.94565217391305
USPH,US Physical Therapy Inc,Health Care,Health Care Facilities,71.22,26.7356,1.355,11.0122,2.2606150828289113,25.0,16.33,8.0,0.1108,6.03,0.169586284010436,-0.1257,25.0,16.33,-0.1257,0.169586284010436,8.0,0.1108,6.03,70.05879692446857,75.55937256935442,41.35338345864662,33.850142597874,39.94565217391305,54.734948129224485,0.8059701492537313,0.8731343283582089,0.3656716417910448,0.30597014925373134,B+,B+,C-,C-,usphysicaltherapyinc,0.0,0.8461538461538461,0.7638888888888888,13.0,0.0,0.0,0.0,0.546875,C+,53.72951334661579,76.38888888888889,45.83333333333333,50.0,False,False,33.850142597874
FRPT,Freshpet Inc,Consumer Staples,Packaged Foods & Meats,67.38,23.5983,2.9794,31.1148,2.7299688837028393,166.6,13.01,12.35,0.0687,8.95,0.47908921933085497,-8.3764,98.42999999999992,13.01,-8.3764,0.47908921933085497,12.35,0.0687,8.95,23.4457671957672,97.16390198660493,39.682539682539684,65.79782790309108,100.0,53.37442269751592,0.203125,1.0,0.3125,0.65625,D+,A+,C-,B-,freshpetinc,0.11231884057971009,0.6956521739130435,0.6696428571428571,23.0,0.0,0.0,0.10554347826086959,1.0,A+,58.37442269751592,66.96428571428571,40.17857142857142,50.0,True,False,23.4457671957672
SKY,Champion Homes Inc,Consumer Discretionary,Homebuilding,76.23,19.3299,1.566,11.7667,2.8187711001083433,32.24,8.67,13.59,0.09789999999999999,12.58,0.42265469438717607,-13.6994,32.24,8.67,-13.6994,0.42265469438717607,13.59,0.09789999999999999,12.58,52.31526143160332,86.4583866837388,52.93427230046948,31.19931711481007,98.32775919732441,54.843924192727975,0.5547945205479452,0.9452054794520548,0.5068493150684932,0.2671232876712329,C+,A,C+,D+,championhomesinc,0.1636363636363637,0.8,0.7166666666666667,10.0,0.0,0.0,0.125267094017094,1.0,A+,59.676700112460416,71.66666666666667,43.0,50.0,False,True,31.19931711481007
PEGA,Pegasystems Inc,Information Technology,Application Software,36.55,15.5504,3.5045,22.3606,7.907489939855479,403.79,16.61,60.07,0.1506,60.07,0.065600473863468,-20.6125,241.03349999999992,16.61,-20.6125,0.065600473863468,60.07,0.1506,44.5,70.33115468409586,81.52706464583977,82.18773896607945,28.396165163553864,63.2183908045977,65.11436937442255,0.7647058823529411,0.9150326797385621,0.8627450980392157,0.21568627450980393,B,A-,B+,D+,pegasystemsinc,0.05263157894736836,0.9473684210526315,0.8645833333333333,19.0,90.0,84.89281911636292,0.05263157894736836,0.6410256410256411,B-,66.43620845488232,86.45833333333333,85.83212764654516,50.0,False,True,28.396165163553864
EXLS,Exlservice Holdings Inc,Industrials,Data Processing & Outsourced Services,31.88,19.0264,2.2877,13.293,5.463956398039283,27.93,13.56,25.5,0.1503,19.46,0.22608695652173905,-34.2409,27.93,13.56,-34.2409,0.22608695652173905,25.5,0.1503,19.46,66.27920748523763,80.42268842268842,76.26262626262626,24.405594405594407,44.14682539682539,61.601115002622535,0.7537688442211056,0.8894472361809045,0.8090452261306532,0.19597989949748743,B,B+,B+,D,exlserviceholdingsinc,0.0,0.8125,0.75,16.0,0.0,0.0,0.0,0.5119047619047619,C+,61.01579754230507,75.0,45.0,50.0,False,True,24.405594405594407
HQY,Healthequity Inc,Health Care,Managed Health Care,82.03,31.7126,5.196,17.3242,3.3091957964378644,125.8,9.47,10.11,0.2455,6.88,0.21120984278879007,-4.3047,125.8,9.47,-4.3047,0.21120984278879007,10.11,0.2455,6.88,40.547263681592035,76.72619047619047,55.889724310776934,41.616541353383454,38.98809523809524,52.777793364007024,0.3656716417910448,0.8880597014925373,0.5559701492537313,0.3805970149253731,C-,B+,C+,C-,healthequityinc,0.0,0.85,0.79,20.0,0.0,0.0,0.0,0.4375,C,51.67660288781655,79.0,47.4,50.0,False,False,38.98809523809524
NWS,News Corp,Communication Services,Publishing,30.48,13.352,1.782,11.4111,1.964094699264109,179.7,-12.13,13.36,0.1,10.879999999999999,0.8799149840595113,-2.9499,179.7,-12.13,-2.9499,0.8799149840595113,13.36,0.1,10.879999999999999,56.331331331331334,51.35663082437276,50.625625625625624,56.410810810810815,100.0,53.29272756627596,0.5945945945945946,0.4594594594594595,0.43243243243243246,0.5945945945945946,C+,C,C,C+,newscorp,0.06666666666666665,0.8666666666666667,0.7875000000000001,15.0,0.0,0.0,0.06666666666666665,1.0,A+,58.29272756627596,78.75000000000001,47.25000000000001,50.0,False,False,50.625625625625624
LRN,Stride Inc,Consumer Discretionary,Education Services,97.16,12.9713,1.6422,9.2865,2.857613439841884,9.54,14.86,21.36,0.1602,15.809999999999999,0.3305612666240334,-31.6977,9.54,14.86,-31.6977,0.3305612666240334,21.36,0.1602,15.809999999999999,65.07170879156216,74.59263271939328,67.84037558685445,22.773564463705306,86.62207357859532,57.701260531223866,0.7397260273972602,0.8287671232876712,0.708904109589041,0.1917808219178082,B,B+,B,D,strideinc,0.07777777777777783,0.7777777777777778,0.6964285714285714,9.0,0.0,0.0,0.07777777777777783,0.8461538461538461,B+,61.363467889083395,69.64285714285714,41.785714285714285,50.0,False,True,22.773564463705306
MMS,Maximus Inc,Industrials,Data Processing & Outsourced Services,65.62,9.6279,0.6661,7.3792,2.148284678821292,41.59,-0.15,21.759999999999998,0.1094,11.540000000000001,0.12407643312101922,-2.0012,41.59,-0.15,-2.0012,0.12407643312101922,21.759999999999998,0.1094,11.540000000000001,93.12217653926196,54.74669774669775,60.43771043771043,33.15462315462315,44.14682539682539,60.97023592450728,0.9748743718592965,0.5678391959798995,0.628140703517588,0.3015075376884422,A+,C+,B-,C-,maximusinc,0.0,0.8333333333333334,0.7045454545454546,6.0,0.0,0.0,0.0,0.5119047619047619,C+,60.384918464189816,70.45454545454545,42.27272727272727,50.0,False,False,33.15462315462315
TGTX,TG Therapeutics Inc,Health Care,Biotechnology,33.78,11.9808,8.6933,41.1701,23.673698226925502,1889.26,87.32,101.12,0.20010000000000003,65.05,0.40094339622641517,-25.7746,228.7109999999996,49.375999999999905,-25.7746,0.40094339622641517,99.15799999999997,0.20010000000000003,31.271999999999977,41.1352329262777,96.082226843705,88.97243107769422,21.881298992161252,38.958333333333336,61.11962116816624,0.373134328358209,0.9925373134328358,0.9402985074626866,0.17164179104477612,C-,A+,A,D,tgtherapeuticsinc,0.0,0.8,0.7375,15.0,0.0,0.0,0.0,0.359375,C-,60.015454501499576,73.75,44.25,50.0,False,True,21.881298992161252
UBER,Uber Technologies Inc,Industrials,Passenger Ground Transportation,74.61,15.1166,2.9215,33.7864,5.733012655504415,3.3,18.28,40.31,0.107,28.27,0.18341783477482868,-7.9003,3.3,18.28,-7.9003,0.18341783477482868,40.31,0.107,27.21599999999997,45.74471685024449,72.78193187284097,78.70370370370371,25.463728191000918,75.05668934240364,55.76123715125543,0.4623115577889447,0.7889447236180904,0.8391959798994975,0.23115577889447236,C,B,B+,D+,ubertechnologiesinc,0.01939890710382519,0.8360655737704918,0.8143939393939393,61.0,67.5,75.76809420745609,0.01939890710382519,0.7380952380952381,B,58.26690608549579,81.43939393939394,79.17087404661879,50.0,False,True,25.463728191000918
VRSN,"VeriSign, Inc",Information Technology,Internet Services & Infrastructure,268.66,29.4995,14.7375,22.3233,68.75495841330775,10.41,6.84,113.55,0.6793,62.99,0.5877723489014636,-4.771,10.41,6.84,-4.771,0.5877723489014636,108.96000000000001,0.42322000000000004,44.5,45.93464052287582,42.55411937788986,97.69221890374986,40.51458518540716,90.67599067599068,57.520455769315824,0.5032679738562091,0.3464052287581699,0.9967320261437909,0.33986928104575165,C+,C-,A+,C-,verisigninc,0.09090909090909094,0.7272727272727273,0.671875,11.0,0.0,0.0,0.09090909090909094,0.8974358974358975,B+,61.58805483691489,67.1875,40.3125,50.0,False,False,40.51458518540716
AIT,Applied Industrial Technologies Inc,Industrials,Trading Companies & Distributors,305.75,27.9038,2.3701,21.0321,6.277048278353986,6.39,6.14,21.740000000000002,0.10869999999999999,16.619999999999997,0.959119824799249,22.3625,6.39,6.14,22.3625,0.959119824799249,21.740000000000002,0.10869999999999999,16.619999999999997,43.10018103987954,55.2944832944833,65.57239057239057,58.16627816627816,20.039682539682538,54.86029519521982,0.4120603015075377,0.5879396984924623,0.6884422110552764,0.592964824120603,C,C+,B-,C+,appliedindustrialtechnologiesinc,-0.019230769230769273,0.75,0.6911764705882353,12.0,0.0,0.0,-0.019230769230769273,0.19047619047619047,D,51.86426344918807,69.11764705882352,41.47058823529411,49.785528406409284,False,False,20.039682539682538
BCPC,Balchem Corp,Materials,Specialty Chemicals,161.62,33.3894,4.9849,20.598,4.120552024455101,21.0,8.75,12.31,0.2018,10.8,0.5019002906326852,3.2386,21.0,8.75,3.2386,0.5019002906326852,12.31,0.2018,10.8,31.031586021505376,78.9731667151022,77.95698924731182,36.35571054925894,40.27777777777778,55.31291927007653,0.265625,0.859375,0.828125,0.296875,D+,B+,B+,D+,balchemcorp,0.0,0.7777777777777778,0.6964285714285714,9.0,0.0,0.0,0.0,0.26666666666666666,D+,54.340697047854306,69.64285714285714,41.785714285714285,49.56556760732899,True,True,31.031586021505376
GEHC,GE Healthcare Technologies Inc,Health Care,Health Care Equipment,60.84,13.0179,1.316,9.7511,2.6714557326085333,4.78,4.85,21.240000000000002,0.134,10.59,0.06737588652482282,-13.4935,4.78,4.85,-13.4935,0.06737588652482282,21.240000000000002,0.134,10.59,85.01809136137494,39.75261683620817,62.155388471177936,26.82293970219667,38.28125,55.10848126581919,0.9253731343283582,0.3283582089552239,0.664179104477612,0.23880597014925373,A-,C-,B-,D+,gehealthcaretechnologiesinc,0.0,0.6785714285714286,0.6590909090909092,28.0,0.0,0.0,0.0,0.25,D+,53.93660626581919,65.90909090909092,39.545454545454554,49.496142031603284,False,True,26.82293970219667
TDY,Teledyne Technologies Inc,Information Technology,Electronic Equipment & Instruments,645.85,32.0704,4.8062,22.5899,2.8370978270514655,2.46,6.62,8.85,0.19269999999999998,7.140000000000001,0.7992736179737321,38.5855,2.46,6.62,38.5855,0.7992736179737321,8.85,0.19269999999999998,7.140000000000001,55.72549019607843,43.471653005464475,52.668484612388,60.92335263425057,32.61538461538461,52.97749483005961,0.5882352941176471,0.35947712418300654,0.5359477124183006,0.5751633986928104,C+,C-,C+,C+,teledynetechnologiesinc,0.0,0.7222222222222222,0.6847826086956522,18.0,0.0,0.0,0.0,0.2564102564102564,D+,51.239033291598076,68.47826086956522,41.08695652173913,49.20861793762629,False,False,32.61538461538461
KO,Coca-Cola Co,Consumer Staples,Soft Drinks & Non-alcoholic Beverages,78.76,24.6261,6.8461,23.4483,10.532650413897322,27.18,5.11,43.62,0.30010000000000003,17.57,0.8053609832874773,8.5596,27.18,5.11,8.5596,0.8053609832874773,43.62,0.30010000000000003,17.57,20.8994708994709,75.12294861447404,84.65608465608466,68.85079365079365,20.63492063492064,60.18363734194243,0.125,0.8125,0.921875,0.6875,D,B+,A-,B-,cocacolaco,-0.05714285714285705,0.8285714285714286,0.7937500000000001,35.0,0.0,0.0,-0.05714285714285705,0.16666666666666666,D,57.24712940543449,79.375,47.625,49.09889937785849,True,False,20.63492063492064
HWKN,Hawkins Inc,Materials,Commodity Chemicals,167.45,42.5032,3.2949,21.6657,7.524861928108246,0.89,11.65,16.73,0.1151,11.14,0.735894357743097,37.5021,0.89,11.65,37.5021,0.735894357743097,16.73,0.1151,11.14,27.856182795698924,64.84444727782737,75.26881720430107,63.899018232819074,46.21212121212122,56.52994310212929,0.1875,0.78125,0.7890625,0.65625,D,B,B,B-,hawkinsinc,0.0,0.7777777777777778,0.6964285714285714,9.0,0.0,0.0,0.0,0.5,C,56.15115522334141,69.64285714285714,41.785714285714285,48.94922408915594,True,False,27.856182795698924
MTRN,Materion Corp,Materials,Diversified Metals & Mining,183.81,50.6057,2.1194,34.3597,4.0404906357161705,1267.71,6.04,8.14,0.061500000000000006,5.42,0.915112696610994,121.4312,623.2719999999998,6.04,121.4312,0.915112696610994,8.14,0.061500000000000006,5.42,24.596774193548388,82.00631507083119,39.784946236559136,87.88856304985336,46.03174603174603,55.07440573166379,0.140625,0.890625,0.34375,0.9375,D,B+,C-,A,materioncorp,0.0,0.8,0.7166666666666667,10.0,0.0,0.0,0.0,0.4,C-,54.67758033483839,71.66666666666667,43.0,46.862504414828,True,False,24.596774193548388
RGLD,Royal Gold Inc,Materials,Gold,233.38,42.463,19.2143,25.0985,2.7553686477347723,35.14,43.24,10.92,0.6193,9.950000000000001,0.5313829783813364,27.7325,35.14,34.48599999999994,27.7325,0.5313829783813364,10.92,0.24933999999999995,9.950000000000001,20.514112903225808,84.50635386119257,75.0,48.53372434017595,22.72727272727273,55.486543866080154,0.0625,0.921875,0.765625,0.390625,D-,A-,B,C-,royalgoldinc,-0.04385964912280704,0.7894736842105263,0.7395833333333334,19.0,0.0,0.0,-0.04385964912280704,0.2,D,52.75927113880743,73.95833333333334,44.37500000000001,43.73931948008309,True,False,20.514112903225808
ARWR,Arrowhead Pharmaceuticals Inc,Health Care,Biotechnology,73.48,50.8717,9.4315,32.2445,21.39529466573492,,43539.24,36.120000000000005,0.2755,17.330000000000002,0.9490049751243781,429.0137,,49.375999999999905,101.24785999999989,0.9490049751243781,36.120000000000005,0.2755,17.330000000000002,22.512437810945272,72.9243321068629,82.45614035087719,96.61334186530155,82.08333333333333,65.1496793348885,0.14925373134328357,0.835820895522388,0.8656716417910447,0.9776119402985075,D,B+,B+,A+,arrowheadpharmaceuticalsinc,0.03947368421052633,0.7894736842105263,0.7395833333333334,19.0,0.0,0.0,0.03947368421052633,0.78125,B,68.35801266822183,73.95833333333334,44.37500000000001,42.88616413277974,True,False,22.512437810945272
ANIP,ANI Pharmaceuticals Inc,Health Care,Pharmaceuticals,79.45,22.807,2.0225,10.3602,3.306297570942867,,43.78,16.06,0.1258,7.07,0.5314325777050714,12.1858,,43.78,12.1858,0.5314325777050714,16.06,0.1258,7.07,71.07643600180914,70.89358010410643,51.879699248120296,50.692114902641215,35.33653846153846,60.05617281383189,0.8208955223880597,0.7910447761194029,0.48507462686567165,0.4925373134328358,B+,B,C,C,anipharmaceuticalsinc,0.0,0.8571428571428571,0.7763157894736842,14.0,0.0,0.0,0.0,0.125,D,58.58982665998574,77.63157894736842,46.578947368421055,42.140738101254605,False,False,35.33653846153846
DVN,Devon Energy Corp,Energy,Oil & Gas Exploration & Production,51.37,12.004,1.8452,5.1576,2.0577137226312456,-8.62,7.83,17.47,0.22949999999999998,11.110000000000001,0.9417644502390263,68.9247,-8.62,7.83,68.9247,0.9417644502390263,17.47,0.22949999999999998,11.110000000000001,77.6153346328785,58.21479374110954,77.1604938271605,64.91228070175438,83.33333333333334,68.31937200358253,0.9298245614035088,0.6140350877192983,0.8070175438596491,0.6491228070175439,A-,B-,B+,B-,devonenergycorp,0.01645021645021638,0.7878787878787878,0.756578947368421,33.0,0.0,0.0,0.01645021645021638,0.8,B,71.65270533691586,75.6578947368421,45.39473684210525,33.20055581897687,False,False,58.21479374110954
ECPG,Encore Capital Group Inc,Financials,Consumer Finance,82.77,6.839,0.993,8.5015,1.8378467195424144,13.54,33.12,28.189999999999998,0.35340000000000005,5.3100000000000005,0.9501411100658512,140.6105,13.54,33.12,75.48131499999998,0.9501411100658512,28.189999999999998,0.35340000000000005,5.3100000000000005,71.83496785697527,57.34416569670768,89.10891089108911,93.52413366336634,17.032967032967033,75.4096295590309,0.8104265402843602,0.6729857819905213,0.8957345971563981,0.966824644549763,B+,B-,B+,A,encorecapitalgroupinc,-0.018181818181818188,0.8,0.7166666666666667,10.0,0.0,0.0,-0.018181818181818188,0.14285714285714285,D,72.1129262623276,71.66666666666667,43.0,33.145170504931045,False,False,17.032967032967033
GOOGL,Alphabet Inc,Communication Services,Interactive Media & Services,384.8,29.0051,10.9985,31.7312,11.201187651913198,48.51,17.45,38.98,0.32689999999999997,35.11,0.9956302521008404,142.3174,48.51,17.45,142.3174,0.9650743374272788,38.98,0.32689999999999997,35.11,19.48198198198198,79.91231438812083,91.75425425425425,96.63770913770912,54.54545454545454,68.11906376422505,0.14864864864864866,0.9594594594594594,0.9594594594594594,0.9864864864864865,D,A,A,A+,alphabetinc,0.025210084033613467,0.8823529411764706,0.8595890410958904,68.0,90.0,84.89281911636292,0.025210084033613467,0.5,C,68.5736092187705,85.95890410958904,85.5324701122986,32.36010900001376,True,False,19.48198198198198
THC,Tenet Healthcare Corp,Health Care,Health Care Facilities,177.12,11.0286,0.7282,6.115,3.6495132127955494,-51.91,3.12,34.82,0.16440000000000002,8.17,0.37780736795383935,23.9035,-51.91,3.12,23.9035,0.37780736795383935,34.82,0.16440000000000002,8.17,92.02472486054576,21.22115633912367,64.9122807017544,59.41405237231008,39.94565217391305,60.36129313286179,0.9776119402985075,0.05970149253731343,0.6940298507462687,0.5970149253731343,A+,D-,B-,C+,tenethealthcarecorp,0.0,0.8571428571428571,0.8106060606060607,28.0,90.0,84.89281911636292,0.0,0.546875,C+,59.355858350253094,81.06060606060606,82.5934912829088,32.00169246839212,False,False,21.22115633912367
NJR,New Jersey Resources Corp,Utilities,Gas Utilities,56.31,17.3502,4.1148,13.0785,2.3656980090493933,-2.62,30.14,13.389999999999999,0.3618,5.489999999999999,0.9023876404494382,15.0593,-2.62,18.983999999999998,15.0593,0.9023876404494382,13.389999999999999,0.3618,5.489999999999999,55.93971631205674,64.99297632507623,82.97872340425532,60.83530338849488,68.05555555555556,64.89526587179225,0.625,0.7083333333333334,0.9166666666666666,0.5625,B-,B,A-,C+,newjerseyresourcescorp,-0.018181818181818188,0.8,0.7166666666666667,10.0,0.0,0.0,-0.018181818181818188,0.6666666666666666,B-,66.70082142734779,71.66666666666667,43.0,30.98032857093912,False,False,55.93971631205674
PR,Permian Resources Corp,Energy,Oil & Gas Exploration & Production,21.62,20.035,3.699,6.8075,1.758753091240401,-12.26,1.29,9.56,0.23550000000000001,6.890000000000001,0.9644572526416909,83.2203,-12.26,1.29,83.2203,0.9644572526416909,9.56,0.23550000000000001,6.890000000000001,52.111760883690714,47.8162372899215,51.851851851851855,76.9785575048733,45.833333333333336,55.94986214284461,0.543859649122807,0.42105263157894735,0.47368421052631576,0.8596491228070176,C+,C,C,B+,permianresourcescorp,-0.02639296187683282,0.9090909090909091,0.861842105263158,33.0,90.0,84.89281911636292,-0.02639296187683282,0.4,C-,55.533195476177944,86.1842105263158,85.66765396233464,30.780043586704643,False,False,45.833333333333336
NBIX,Neurocrine Biosciences Inc,Health Care,Biotechnology,131.67,27.6115,4.6198,19.3797,4.0515716109974305,41.66,21.45,16.669999999999998,0.2164,16.669999999999998,0.47907911565868777,22.2676,41.66,21.45,22.2676,0.47907911565868777,16.669999999999998,0.2164,16.669999999999998,42.49208502939846,76.35578307470804,72.43107769423558,55.194368900975846,8.125,60.04082107604528,0.39552238805970147,0.8805970149253731,0.7611940298507462,0.5447761194029851,C-,B+,B,C+,neurocrinebiosciencesinc,-0.024603174603174516,0.8611111111111112,0.8231707317073171,36.0,90.0,84.89281911636292,-0.01107142857142853,0.046875,F,55.85332107604528,82.31707317073172,83.3473715489842,30.676065585316536,False,False,8.125
WCC,Wesco International Inc,Industrials,Trading Companies & Distributors,349.12,22.9447,0.6249,13.7944,3.3761802898842244,-8.9,7.76,13.020000000000001,0.0524,6.09,0.9684487721232163,114.2366,-8.9,7.76,114.2366,0.9684487721232163,13.020000000000001,0.0524,6.09,74.81684516860396,46.07692307692307,32.49158249158249,90.0,94.04761904761905,59.04249153043123,0.8341708542713567,0.4120603015075377,0.25125628140703515,0.949748743718593,B+,C,D+,A,wescointernationalinc,0.054166666666666696,0.8666666666666667,0.7875000000000001,15.0,0.0,0.0,0.054166666666666696,0.9285714285714286,A-,63.44725343519313,78.75000000000001,47.25000000000001,30.103901374077257,False,False,32.49158249158249
BALL,Ball Corp,Materials,"Metal, Glass & Plastic Containers",61.08,17.8253,1.2352,10.844,2.990042980644024,-73.82,11.58,16.91,0.10869999999999999,7.359999999999999,0.6926683716965044,17.5972,-62.762,11.58,17.5972,0.6926683716965044,16.91,0.10869999999999999,7.359999999999999,67.94354838709677,47.88679808841099,66.12903225806453,55.833333333333336,100.0,59.2621714456392,0.78125,0.40625,0.671875,0.5625,B,C,B-,C+,ballcorp,0.15320910973084878,0.7619047619047619,0.7211538461538463,21.0,0.0,0.0,0.13535667231319404,1.0,A+,64.2621714456392,72.11538461538463,43.269230769230774,30.031791655178758,False,False,47.88679808841099
CHDN,Churchill Downs Inc,Consumer Discretionary,Casinos & Gaming,100.99,18.0804,2.389,12.5887,6.961370905481417,-3.84,5.75,37.230000000000004,0.2349,6.39,0.5429094714809001,11.7022,-3.84,5.75,11.7022,0.5429094714809001,37.230000000000004,0.2349,6.39,46.3213068364525,57.5127967806841,69.01408450704226,45.32193158953722,37.72893772893774,54.40079350991796,0.4726027397260274,0.6027397260273972,0.7397260273972602,0.410958904109589,C,B-,B,C,churchilldownsinc,0.0,0.9473684210526315,0.8645833333333333,19.0,90.0,84.89281911636292,0.0,0.3076923076923077,C-,53.173687282811734,86.45833333333333,85.83212764654516,29.852687677779215,False,False,37.72893772893774
MATX,Matson Inc,Industrials,Marine Transportation,174.43,11.9824,1.5936,8.6113,1.9219538854474496,-1.03,-2.26,16.63,0.1494,14.63,0.9313172186135663,59.8955,-1.03,-2.26,59.8955,0.9313172186135663,16.63,0.1494,14.63,81.89093616229295,34.319384319384326,64.05723905723906,76.43097643097644,43.31065759637189,63.637115954955156,0.8844221105527639,0.2663316582914573,0.6683417085427136,0.7788944723618091,B+,D+,B-,B,matsoninc,0.0,0.8888888888888888,0.7678571428571428,9.0,0.0,0.0,0.0,0.4642857142857143,C,62.96818171459235,76.78571428571428,46.07142857142856,29.7944155429798,False,False,34.319384319384326
GL,Globe Life Inc,Financials,Life & Health Insurance,154.3,10.282,1.9929,9.2473,2.042664280248774,17.67,3.96,20.64,0.2625,13.889999999999999,0.9822525597269625,25.1013,17.67,3.96,25.1013,0.9525704271812634,20.64,0.2625,13.889999999999999,59.76491014030313,50.01184974523048,78.71287128712872,80.01980198019803,18.367346938775515,65.62577570194367,0.6113744075829384,0.4928909952606635,0.7962085308056872,0.8293838862559242,B-,C,B,B+,globelifeinc,-0.023923444976076458,0.8181818181818182,0.7685185185185185,22.0,0.0,0.0,-0.023923444976076458,0.17142857142857143,D,62.46251039582122,76.85185185185185,46.11111111111111,29.5961152694396,False,False,18.367346938775515
COLL,Collegium Pharmaceutical Inc,Health Care,Pharmaceuticals,33.73,17.3865,1.4004,9.9578,3.5451898720872785,-5.88,23.62,24.11,0.2096,5.82,0.30739119488682953,24.9491,-5.88,23.62,24.9491,0.30739119488682953,24.11,0.2096,5.82,79.54168551183476,64.14435409791446,63.90977443609023,50.792365529207636,35.33653846153846,63.85020891240567,0.8880597014925373,0.7388059701492538,0.6865671641791045,0.5,B+,B,B-,C,collegiumpharmaceuticalinc,0.0,0.8333333333333334,0.75,12.0,0.0,0.0,0.0,0.125,D,62.383862758559516,75.0,45.0,29.453545103423806,False,False,35.33653846153846
CON,Concentra Group Holdings Parent Inc,Health Care,Health Care Services,22.47,17.2898,1.33,10.6907,7.349381827696735,-42.65,13.85,46.6,0.154,8.41,0.6392508143322474,1.9581,-42.65,13.85,1.9581,0.6392508143322474,46.6,0.154,8.41,79.51907131011608,45.643003612928425,67.91979949874687,55.90547798066595,39.94565217391305,62.16941402093461,0.8805970149253731,0.44029850746268656,0.7014925373134329,0.5522388059701493,B+,C,B,C+,concentragroupholdingsparentinc,0.0,0.9090909090909091,0.796875,11.0,0.0,0.0,0.0,0.546875,C+,61.163979238325915,79.6875,47.8125,29.246841695330367,False,False,39.94565217391305
GE,General Electric Co,Industrials,Aerospace & Defense,289.93,35.0842,6.2671,31.2761,16.280427885560268,26.27,21.75,46.22,0.1666,22.25,0.6138372246405487,43.8573,26.27,21.129499999999982,43.8573,0.6138372246405487,46.22,0.1666,22.25,19.784951694499433,87.81500906500906,84.84848484848483,52.03030303030303,88.38095238095238,59.12742155480849,0.11055276381909548,0.9597989949748744,0.914572864321608,0.5125628140703518,D,A,A-,C+,generalelectricco,0.04338153503893216,0.8709677419354839,0.8263888888888888,31.0,67.5,75.76809420745609,0.04338153503893216,0.9047619047619048,A-,62.96551679290373,82.63888888888889,79.89057101631576,29.20340120330189,True,False,19.784951694499433
AVGO,Broadcom Inc,Information Technology,Semiconductors,417.43,79.1443,28.9446,66.1495,24.34476805897379,147.22,25.22,32.85,0.4077,17.630000000000003,0.9515675323086958,116.8806,147.22,25.22,116.8806,0.9515675323086958,32.85,0.4077,17.630000000000003,18.880174291939,82.73695859175953,85.67718478119725,64.1943134869842,40.820512820512825,60.52559418403281,0.12418300653594772,0.9281045751633987,0.8888888888888888,0.6209150326797386,D,A-,B+,B-,broadcominc,0.0009398496240601295,0.9473684210526315,0.9153225806451611,57.0,90.0,84.89281911636292,0.0009398496240601295,0.41025641025641024,C,59.607645466084094,91.53225806451611,88.87648248525483,29.035131574410627,True,False,18.880174291939
ANDE,Andersons Inc,Consumer Staples,Food Distributors,78.54,27.9435,0.2429,10.958,2.1352139019987386,-16.73,-2.21,7.4399999999999995,1.0,4.55,0.9910304547350857,108.2737,-16.73,-2.21,76.09685999999998,0.9788525771777411,7.4399999999999995,0.4193199999999999,4.55,69.12202380952381,26.40516545601291,48.94179894179894,98.09523809523809,63.76811594202899,59.41603639808089,0.765625,0.140625,0.453125,0.9921875,B,D,C,A+,andersonsinc,0.01388888888888884,0.8888888888888888,0.7678571428571428,9.0,0.0,0.0,0.01388888888888884,0.5833333333333334,C+,60.79284799228379,76.78571428571428,46.07142857142856,28.924282054056373,False,False,26.40516545601291
KRYS,Krystal Biotech Inc,Health Care,Biotechnology,262.26,37.6887,19.8387,43.2929,6.277586817690032,129.21,33.95,18.69,0.41409999999999997,18.69,0.7946302912200931,54.3796,129.21,33.95,54.3796,0.7946302912200931,18.69,0.41409999999999997,18.69,19.734660033167497,87.13165893457048,80.20050125313283,76.77171652535594,38.958333333333336,62.764465413560366,0.09701492537313433,0.9701492537313433,0.8283582089552238,0.8059701492537313,D-,A+,B+,B+,krystalbiotechinc,0.0,0.8888888888888888,0.8152173913043478,18.0,90.0,84.89281911636292,0.0,0.359375,C-,61.6602987468937,81.52173913043478,82.87017112480603,28.78306373392103,True,False,19.734660033167497
PFS,Provident Financial Services Inc,Financials,Regional Banks,22.68,10.1307,2.313,7.5113,1.0456190498144349,134.42,36.72119,10.620000000000001,0.4091399,8.959999999999999,0.8388241571430345,38.5461,95.96549999999999,36.72119,38.5461,0.8388241571430345,10.620000000000001,0.4091399,8.959999999999999,84.22762892402986,65.42303590472805,39.603960396039604,76.43119368116587,5.627705627705628,64.32874324719614,0.95260663507109,0.8056872037914692,0.3791469194312796,0.8151658767772512,A,B+,C-,B+,providentfinancialservicesinc,-0.09722222222222221,0.7777777777777778,0.6964285714285714,9.0,0.0,0.0,-0.06964114832535884,0.02857142857142857,F,59.89151380996671,69.64285714285714,41.785714285714285,28.135176952558112,False,False,5.627705627705628
IDCC,InterDigital Inc,Information Technology,Communications Equipment,296.56,19.289,9.4048,13.8337,6.917625763350767,-0.8,-3.97,38.5,0.5526,26.590000000000003,0.4657212578848013,47.5423,-0.8,-3.0585,47.5423,0.4657212578848013,38.5,0.42322000000000004,26.590000000000003,61.53812636165577,20.752002663689602,90.62820124370573,36.18725678692755,89.31623931623932,54.42943379146381,0.6535947712418301,0.0784313725490196,0.9411764705882353,0.3006535947712418,B-,D-,A,C-,interdigitalinc,0.07575757575757569,0.9090909090909091,0.796875,11.0,0.0,0.0,0.07575757575757569,0.8717948717948718,B+,58.36105772308774,79.6875,47.8125,28.125673089235097,False,False,20.752002663689602
PLAB,Photronics Inc,Information Technology,Semiconductor Materials & Equipment,49.48,20.9807,3.3213,8.079,2.4298854300180226,-0.73,-0.06,11.84,0.2445,11.84,0.9085635359116021,170.8265,-0.73,-0.06,170.8265,0.9085635359116021,11.84,0.2445,11.84,77.96514161220044,30.661463355834133,65.2195241599215,67.093735507448,33.97435897435898,60.34720621568691,0.8300653594771242,0.1830065359477124,0.6862745098039216,0.6470588235294118,B+,D,B-,B-,photronicsinc,0.0,0.8888888888888888,0.7678571428571428,9.0,0.0,0.0,0.0,0.3076923076923077,C-,58.74464211312281,76.78571428571428,46.07142857142856,28.104999702391982,False,False,30.661463355834133
GAP,Gap Inc,Consumer Discretionary,Apparel Retail,24.59,11.0296,0.5857,4.889,2.406608140775321,-2.88,1.86,22.98,0.0726,16.189999999999998,0.5531615925058548,12.2831,-2.88,1.86,12.2831,0.5531615925058548,22.98,0.0726,16.189999999999998,85.67914335327032,36.62748907236523,56.10328638497652,40.786789703739686,90.76923076923077,55.92846318978269,0.9383561643835616,0.3150684931506849,0.5547945205479452,0.3698630136986301,A,C-,C+,C-,gapinc,0.08333333333333337,0.7083333333333334,0.6810344827586208,24.0,0.0,0.0,0.08333333333333337,0.9230769230769231,A-,60.00538626670577,68.10344827586208,40.862068965517246,28.088361403234035,False,False,36.62748907236523
SEZL,Sezzle Inc,Financials,Transaction & Payment Processing Services,79.6,19.4335,5.7457,14.9388,15.843003005393784,69.54,66.08,91.62,0.3926,51.25999999999999,0.23329039645055097,53.2243,69.54,66.08,53.2243,0.23329039645055097,52.2989999999999,0.3926,27.00399999999999,18.79428464173432,92.27107337780473,97.52475247524752,66.41234711706464,74.02597402597402,65.81644337821933,0.11848341232227488,0.990521327014218,0.976303317535545,0.7156398104265402,D,A+,A+,B,sezzleinc,0.018181818181818188,0.8181818181818182,0.734375,11.0,0.0,0.0,0.018181818181818188,0.7142857142857143,B,68.21904078081674,73.4375,44.0625,28.025038422854756,True,False,18.79428464173432
R,Ryder System Inc,Industrials,Cargo Ground Transportation,253.77,19.8757,0.7755,6.2333,3.277492279934546,4.84,-0.07,16.36,0.0795,4.6,0.9772061217844352,84.3321,4.84,-0.07,84.3321,0.9772061217844352,16.36,0.0795,4.6,87.09794765071148,48.52838732149077,35.521885521885515,85.96632996632997,16.099773242630388,62.55390175071339,0.9396984924623115,0.4623115577889447,0.314070351758794,0.9195979899497487,A,C,C-,A-,rydersysteminc,-0.05882352941176472,0.7647058823529411,0.7159090909090908,17.0,0.0,0.0,-0.05882352941176472,0.11904761904761904,D,59.163879074976435,71.59090909090908,42.954545454545446,27.96100617544512,False,False,16.099773242630388
CTRA,Coterra Energy Inc,Energy,Oil & Gas Exploration & Production,35.91,15.7952,3.5475,6.4271,1.8383143410019351,49.63,40.07,11.77,0.3207,9.21,0.9333333333333329,46.2134,49.63,40.07,46.2134,0.9333333333333329,11.77,0.3207,9.21,57.43989603638727,81.8660766029187,68.51851851851852,52.280701754385966,12.5,63.31895931018738,0.7017543859649122,0.9298245614035088,0.6842105263157895,0.49122807017543857,B,A-,B-,C,coterraenergyinc,-0.13880742913000976,0.7096774193548387,0.6875,31.0,0.0,0.0,-0.10913978494623652,0.1,D-,59.56895931018738,68.75,41.25,27.952583724074955,False,False,12.5
BANC,Banc of California Inc,Financials,Regional Banks,18.73,12.0151,1.98464,17.4115,0.8222232953023965,74.78,26.60258,7.07,0.3988023,4.66,0.657957244655582,38.9466,74.78,26.60258,38.9466,0.657957244655582,7.07,0.3988023,4.66,81.41100839941814,57.09977485484063,16.33663366336634,60.23139392590945,43.29004329004329,52.90314427184614,0.9289099526066351,0.6682464454976303,0.15639810426540285,0.6350710900473934,A-,B-,D,B-,bancofcaliforniainc,0.0,0.8823529411764706,0.8068181818181818,17.0,37.5,54.50191732818266,0.0,0.4,C-,52.232148600850465,80.68181818181817,70.20985784036397,27.913845224376587,False,False,16.33663366336634
ASTE,Astec Industries Inc,Industrials,Construction Machinery & Heavy Transportation Equipment,65.02,38.4614,1.0581,16.9044,2.1826775565559213,838.27,8.07,5.79,0.0467,4.33,0.9777777777777777,79.4645,108.48399999999977,8.07,79.4645,0.9777777777777777,5.79,0.0467,4.33,51.83747017917872,85.46757901596611,18.855218855218855,81.05571847507332,71.86147186147186,55.97783175680729,0.5376884422110553,0.9346733668341709,0.1407035175879397,0.8341708542713567,C+,A,D,B+,astecindustriesinc,0.017857142857142905,0.875,0.7500000000000001,8.0,0.0,0.0,0.017857142857142905,0.7142857142857143,B,58.16397894295448,75.00000000000001,45.00000000000001,27.765591577181794,False,False,18.855218855218855
NRG,NRG Energy Inc,Utilities,Independent Power Producers & Energy Traders,155.58,38.1459,1.0731,14.3339,17.619678592056538,-17.71,9.18,39.65,0.058499999999999996,5.87,0.5939050318922751,41.9785,-17.71,9.18,41.9785,0.5939050318922751,22.930999999999976,0.1099,5.87,46.74940898345154,37.14994533680935,63.829787234042556,63.182238667900094,100.0,52.711235855315415,0.4583333333333333,0.3125,0.6979166666666666,0.625,C,C-,B-,B-,nrgenergyinc,0.12531328320802004,0.8095238095238095,0.7596153846153846,21.0,0.0,0.0,0.11481829573934837,1.0,A+,57.711235855315415,75.96153846153845,45.57692307692307,27.642186649818473,False,False,37.14994533680935
WTFC,Wintrust Financial Corp,Financials,Regional Banks,150.57,11.4759,2.29791,8.5915,1.3892835921151212,20.33,79.30369,11.93,0.38857909999999996,10.41,0.7684112149532708,35.4412,20.33,79.30369,35.4412,0.7684112149532708,11.93,0.38857909999999996,10.41,66.16418750879828,76.53868941817751,48.51485148514851,62.92357325620203,11.255411255411255,61.56221228336261,0.7251184834123223,0.919431279620853,0.46445497630331756,0.6872037914691943,B,A-,C,B-,wintrustfinancialcorp,-0.06052631578947365,0.7894736842105263,0.7395833333333334,19.0,0.0,0.0,-0.06052631578947365,0.08571428571428572,D-,57.68775340890374,73.95833333333334,44.37500000000001,27.512601363561497,False,False,11.255411255411255
STT,State Street Corp,Financials,Asset Management & Custody Banks,152.84,13.816,1.80473,17.3722,1.5320677702419594,11.47,181.1518,11.09,0.24962610000000002,5.04,0.9526241134751773,73.4847,11.47,84.45518149999988,73.4847,0.9525704271812634,11.09,0.24962610000000002,5.04,54.67364271972221,74.26115708084644,43.06930693069307,92.37128712871288,8.441558441558444,62.76222625451568,0.5545023696682464,0.909952606635071,0.41232227488151657,0.95260663507109,C+,A-,C,A,statestreetcorp,-0.09090909090909094,0.6818181818181818,0.6574074074074073,22.0,0.0,0.0,-0.06964114832535884,0.05714285714285714,D-,58.606382098671524,65.74074074074073,39.444444444444436,27.386997283913054,False,False,8.441558441558444
STRL,Sterling Infrastructure Inc,Industrials,Construction & Engineering,515.62,54.5216,6.3531,36.7199,14.271558739191569,13.14,17.69,30.17,0.163,23.02,0.9850035705784338,245.0579,13.14,17.69,154.23297499999916,0.9850035705784338,30.17,0.163,23.02,12.073837199465338,67.17850776674305,80.80808080808082,88.46176046176046,83.51648351648352,59.34853314758725,0.05025125628140704,0.7336683417085427,0.864321608040201,0.9447236180904522,D-,B,B+,A,sterlinginfrastructureinc,0.023076923076923106,0.9230769230769231,0.8194444444444445,13.0,37.5,54.50191732818266,0.023076923076923106,0.8095238095238095,B+,62.7001814992356,81.94444444444446,70.96743359793973,27.35433587912773,True,False,12.073837199465338
CCK,Crown Holdings Inc,Materials,Paper & Plastic Packaging Products & Materials,98.31,15.0287,0.897,8.2257,3.718061207509493,78.9,4.78,25.45,0.1244,8.0,0.33199562203575356,2.0554,78.9,4.78,2.0554,0.33199562203575356,25.45,0.1244,8.0,82.15725806451613,67.87096774193549,75.26881720430107,28.387096774193544,11.111111111111116,63.608131720430116,0.875,0.8125,0.7890625,0.234375,B+,B+,B,D+,crownholdingsinc,-0.1657894736842105,0.6842105263157895,0.65625,19.0,0.0,0.0,-0.1073125996810207,0.06666666666666667,D-,59.71924283154123,65.625,39.375,26.912182851702514,False,True,11.111111111111116
NWN,Northwest Natural Holding Co,Utilities,Gas Utilities,53.0,19.4397,1.7085,10.7772,1.4933952481853838,37.23,11.83,7.779999999999999,0.21789999999999998,2.91,0.8229721728833628,22.9698,37.23,11.83,22.9698,0.8229721728833628,7.779999999999999,0.21789999999999998,2.91,78.32446808510639,74.60170623907905,26.95035460992908,67.58077226162332,18.055555555555554,59.75520137389935,0.8541666666666666,0.8541666666666666,0.1875,0.7083333333333334,B+,B+,D,B,northwestnaturalholdingco,-0.02777777777777779,0.75,0.6730769230769231,8.0,0.0,0.0,-0.026785714285714274,0.16666666666666666,D,56.560756929454904,67.3076923076923,40.38461538461538,26.662764310243503,False,False,18.055555555555554
CRUS,Cirrus Logic Inc,Information Technology,Semiconductors,163.08,20.3779,4.1707,14.731,4.374369648719985,38.36,7.04,20.13,0.2311,20.13,0.8496832632763011,69.8042,38.36,7.04,69.8042,0.8496832632763011,20.13,0.2311,20.13,69.35076252723313,53.99927940911547,78.02882742500974,40.96342289675252,7.076923076923077,60.83743794923432,0.7516339869281046,0.5816993464052288,0.803921568627451,0.35294117647058826,B,C+,B+,C-,cirruslogicinc,-0.0714285714285714,0.7142857142857143,0.6710526315789473,14.0,0.0,0.0,-0.041054945054945134,0.02564102564102564,F,56.545130256926626,67.10526315789474,40.26315789473684,26.644367892244336,False,False,7.076923076923077
ATI,ATI Inc,Industrials,Aerospace & Defense,155.46,52.472,4.6245,28.5769,11.710999118624152,13.4,5.16,22.689999999999998,0.13970000000000002,11.1,0.8909899649741067,185.8772,13.4,5.16,154.23297499999916,0.8909899649741067,22.689999999999998,0.13970000000000002,11.1,19.791719540463262,55.11784511784512,63.63636363636365,93.26767676767676,98.09523809523809,55.5341251713111,0.11557788944723618,0.5829145728643216,0.6582914572864321,0.9597989949748744,D,C+,B-,A,atiinc,0.06666666666666665,0.9333333333333333,0.8374999999999999,15.0,7.5,14.572318639152048,0.05548611111111113,1.0,A+,60.343648980834914,83.74999999999999,56.07892745566081,26.258868200806994,True,False,19.791719540463262
BLD,TopBuild Corp,Consumer Discretionary,Homebuilding,442.7,23.7777,2.2935,15.4445,5.365026619112195,-9.79,1.49,23.72,0.1464,11.73,0.5911447683180298,49.6822,-9.79,1.49,49.6822,0.5911447683180298,23.72,0.1464,11.73,35.22091452826549,54.211694408877506,65.84507042253522,81.34869825010671,34.448160535117054,57.37857476949702,0.3219178082191781,0.541095890410959,0.6643835616438356,0.8561643835616438,C-,C+,B-,B+,topbuildcorp,0.0,0.75,0.7100000000000001,20.0,0.0,0.0,0.0,0.2692307692307692,D+,55.82339082300873,71.00000000000001,42.60000000000001,26.216012627320843,True,False,34.448160535117054
HALO,Halozyme Therapeutics Inc,Health Care,Biotechnology,63.66,23.8583,5.4134,17.7146,153.6196911196911,-27.39,37.55,92.67,0.3319,15.770000000000001,0.4654377880184331,3.647,-27.39,37.55,3.647,0.4654377880184331,92.67,0.3319,15.770000000000001,45.25478667269712,52.46280595104784,85.46365914786968,39.52007678771396,38.958333333333336,56.07618800289406,0.44029850746268656,0.5447761194029851,0.9067164179104478,0.3582089552238806,C,C+,A-,C-,halozymetherapeuticsinc,0.0,0.7333333333333333,0.6875,15.0,0.0,0.0,0.0,0.359375,C-,54.97202133622739,68.75,41.25,26.113808534490957,False,False,38.958333333333336
HOOD,Robinhood Markets Inc,Financials,Investment Banking & Brokerage,72.89,34.8453,14.6689,30.6426,7.187937597380826,32.75,51.58,22.33,0.4681,9.1,0.25235480365171153,48.4219,32.75,51.58,48.4219,0.25235480365171153,22.33,0.4681,9.1,10.32682652151471,81.12340812613706,81.68316831683168,51.537565521258,95.03105590062113,54.534693439065606,0.04739336492890995,0.9620853080568721,0.8246445497630331,0.5260663507109005,F,A,B+,C+,robinhoodmarketsinc,0.07429130009775176,0.8484848484848485,0.8092105263157896,33.0,37.5,54.50191732818266,0.07429130009775176,0.9428571428571428,A,59.03779902912772,80.92105263157896,70.35339851022044,26.01294326198195,True,False,10.32682652151471
FIX,Comfort Systems USA Inc,Industrials,Construction & Engineering,1840.25,52.9411,6.3914,38.5538,26.43562578559885,107.81,38.43,51.690000000000005,0.157,49.63,0.9897148279309352,362.8977,107.81,21.129499999999982,154.23297499999916,0.9897148279309352,51.690000000000005,0.157,27.21599999999997,12.239649425579072,92.75401069518716,86.78451178451178,91.2092352092352,36.904761904761905,66.54868948340719,0.06030150753768844,0.9849246231155779,0.9447236180904522,0.9547738693467337,D-,A+,A,A,comfortsystemsusainc,0.0,0.7692307692307693,0.7083333333333334,13.0,0.0,0.0,0.0,0.25,D+,65.23916567388338,70.83333333333334,42.50000000000001,25.95011938402634,True,False,12.239649425579072
BURL,Burlington Stores Inc,Consumer Discretionary,Apparel Retail,320.01,32.7073,1.7253,16.092,11.105365806259066,22.08,8.76,39.79,0.0722,17.5,0.7634823948893179,42.2014,22.08,8.76,42.2014,0.7634823948893179,39.79,0.0722,17.5,32.214290308058395,80.12724623603691,63.84976525821596,74.29820301117047,8.615384615384615,59.90110374101007,0.273972602739726,0.863013698630137,0.6506849315068494,0.7602739726027398,D+,B+,B-,B,burlingtonstoresinc,-0.07196969696969702,0.7916666666666666,0.75,24.0,0.0,0.0,-0.06840034965034969,0.038461538461538464,F,55.76264220254853,75.0,45.0,25.78609752698066,True,False,8.615384615384615
WWD,Woodward Inc,Industrials,Electrical Components & Equipment,362.99,44.0742,5.6824,31.9677,8.47224621072434,32.85,14.52,19.63,0.14859999999999998,14.59,0.8047388103903502,93.5224,32.85,14.52,93.5224,0.8047388103903502,19.63,0.14859999999999998,14.59,17.773209481752193,88.13069114793254,66.66666666666667,68.38732149076978,97.73242630385487,57.41357156484518,0.10050251256281408,0.9748743718592965,0.7035175879396985,0.7085427135678392,D,A+,B,B,woodwardinc,0.13333333333333341,0.8,0.7375,15.0,0.0,0.0,0.05548611111111113,0.9523809523809523,A,62.18681419523067,73.75,44.25,25.644621708450856,True,False,17.773209481752193
NEE,Nextera Energy Inc,Utilities,Multi-Utilities,97.88,24.9436,7.3245,19.4048,3.733597802868477,47.29,10.29,15.24,0.2954,5.4399999999999995,0.9957534045980375,46.3517,47.29,10.29,45.796189999999996,0.9825487483568777,15.24,0.2954,5.4399999999999995,11.140661938534278,82.85441720629046,82.2695035460993,98.67021276595744,52.38095238095239,64.65746736560797,0.0625,0.9375,0.8958333333333334,1.0,D-,A,B+,A+,nexteraenergyinc,-0.022580645161290325,0.6774193548387096,0.6597222222222223,31.0,0.0,0.0,-0.022580645161290325,0.5,C,64.89556260370321,65.97222222222223,39.583333333333336,25.61605310843502,True,False,11.140661938534278
IBKR,Interactive Brokers Group Inc,Financials,Investment Banking & Brokerage,79.5,129.9228,12.5323,32.0402,6.602715834060048,28.16,12.86,19.89,0.465,3.27,0.9184559710494573,85.0559,28.16,12.86,75.48131499999998,0.9184559710494573,19.89,0.465,3.27,8.236356811036554,54.91055184960582,76.73267326732673,93.09551543389632,42.54658385093168,55.84347097629124,0.02843601895734597,0.5971563981042654,0.7772511848341233,0.957345971563981,F,C+,B,A,interactivebrokersgroupinc,0.0,0.9375,0.8452380952380951,16.0,90.0,84.89281911636292,0.0,0.2714285714285714,D+,55.09812936138441,84.52380952380952,84.67141336083088,25.601514477506022,True,False,8.236356811036554
PLTR,Palantir Technologies Inc,Information Technology,Application Software,139.11,204.738,74.3403,223.2914,44.882880557527265,234.64,56.18,25.66,0.3159,25.66,0.3306255681267791,17.4519,234.64,46.59599999999998,17.4519,0.3306255681267791,25.66,0.3159,25.66,8.753812636165577,95.41220744406641,84.16367282748273,69.66697945786669,99.1158267020336,61.2452087462987,0.032679738562091505,0.9934640522875817,0.8823529411764706,0.6928104575163399,F,A+,B+,B-,palantirtechnologiesinc,0.32291666666666663,0.6666666666666666,0.6524390243902438,36.0,0.0,0.0,0.12009523809523824,1.0,A+,66.15679141650206,65.24390243902438,39.14634146341463,25.557676277931346,True,False,8.753812636165577
GATX,GATX Corp,Industrials,Construction Machinery & Heavy Transportation Equipment,195.92,20.8815,3.999,17.009,2.5215675624889795,17.41,9.77,12.47,0.3048,2.68,0.8500311138767889,34.2286,17.41,9.77,34.2286,0.8500311138767889,12.47,0.30097499999999994,2.68,48.15068609038459,79.34180514825675,51.76767676767677,57.87552948843272,8.874458874458876,57.423057641853234,0.49246231155778897,0.8793969849246231,0.5326633165829145,0.5879396984924623,C,B+,C+,C+,gatxcorp,-0.07272727272727275,0.7272727272727273,0.671875,11.0,0.0,0.0,-0.0603937728937729,0.07142857142857142,D-,53.31050352929912,67.1875,40.3125,25.35545141171965,False,False,8.874458874458876
RPM,RPM International Inc,Materials,Specialty Chemicals,101.89,19.5273,1.6858,13.7822,4.529531532012128,3.92,5.68,21.8,0.1152,11.78,0.24779005524861875,-4.5527,3.92,5.68,-4.5527,0.24779005524861875,21.8,0.1152,11.78,54.737903225806456,61.170525364073754,82.25806451612902,16.285963382737577,94.44444444444444,54.74028968484614,0.609375,0.71875,0.890625,0.125,B-,B,B+,D,rpminternationalinc,0.12770562770562777,0.8095238095238095,0.7596153846153846,21.0,0.0,0.0,0.12770562770562777,0.9333333333333333,A,59.18473412929058,75.96153846153845,45.57692307692307,25.0,False,True,16.285963382737577
ACIW,ACI Worldwide Inc,Information Technology,Application Software,43.22,19.2229,2.4759,11.7533,2.922304035916888,13.29,10.38,15.43,0.1869,9.74,0.2969446121123279,-19.003,13.29,10.38,-19.003,0.2969446121123279,15.43,0.1869,9.74,80.08278867102398,43.636044953087946,62.39016577933602,51.21424237152898,17.50663129973475,59.588296077513384,0.8431372549019608,0.37254901960784315,0.6601307189542484,0.49673202614379086,B+,C-,B-,C,aciworldwideinc,-0.012820512820512775,0.8333333333333334,0.75,12.0,0.0,0.0,-0.012820512820512775,0.1282051282051282,D,56.33895920748686,75.0,45.0,25.0,False,False,17.50663129973475
POST,Post Holdings Inc,Consumer Staples,Packaged Foods & Meats,104.75,15.6197,0.5965,12.0059,1.4736625896507385,-11.33,5.38,8.49,0.0964,2.8899999999999997,0.4587473002159828,-7.4401,-11.33,5.38,-7.4401,0.4587473002159828,8.49,0.0964,2.8899999999999997,69.06415343915344,58.25970292964048,31.216931216931215,66.82539682539684,75.0,55.08729111502863,0.75,0.5625,0.25,0.671875,B,C+,D+,B-,postholdingsinc,0.054166666666666696,0.8666666666666667,0.7875000000000001,15.0,0.0,0.0,0.054166666666666696,0.75,B,57.58729111502863,78.75000000000001,47.25000000000001,25.0,False,False,31.216931216931215
VRRM,Verra Mobility Corp,Industrials,Data Processing & Outsourced Services,14.83,16.5322,2.3071,8.5701,7.773351504350561,388.68,11.36,40.550000000000004,0.2421,9.99,0.08295122967903289,-31.9725,108.48399999999977,11.36,-31.9725,0.08295122967903289,40.550000000000004,0.2421,9.99,74.52159788843205,89.22377622377623,79.12457912457913,19.28515928515928,8.134920634920634,65.11333135503989,0.8291457286432161,0.9798994974874372,0.8492462311557789,0.1407035175879397,B+,A+,B+,D,verramobilitycorp,-0.06043956043956045,0.7857142857142857,0.7236842105263157,14.0,0.0,0.0,-0.0603937728937729,0.047619047619047616,F,60.92682341853196,72.36842105263158,43.421052631578945,25.0,False,True,8.134920634920634
SKYW,SkyWest Inc,Industrials,Passenger Airlines,82.12,7.6416,0.796,5.117,1.1921820037426272,19.39,12.26,16.0,0.1461,8.42,0.048247610377788,-7.9062,19.39,12.26,-7.9062,0.08062103787830158,16.0,0.1461,8.42,93.96900326548568,78.732430121319,53.87205387205387,16.248196248196248,41.7184265010352,60.95638955828794,0.9949748743718593,0.864321608040201,0.5477386934673367,0.09547738693467336,A+,B+,C+,D-,skywestinc,0.0,0.8333333333333334,0.75,12.0,0.0,0.0,0.0,0.32142857142857145,C-,60.12823220839146,75.0,45.0,25.0,False,True,16.248196248196248
PCTY,Paylocity Holding Corp,Industrials,Human Resource & Employment Services,105.49,24.1236,3.4223,12.3864,4.733996006013418,9.16,12.08,20.52,0.2011,18.279999999999998,0.11469889246749432,-45.0859,9.16,12.08,-36.561035,0.11469889246749432,20.52,0.2011,18.279999999999998,56.40153630103379,75.97541347541346,78.7878787878788,14.935064935064934,87.01298701298701,56.97944945432383,0.5829145728643216,0.8542713567839196,0.8442211055276382,0.08542713567839195,C+,B+,B+,D-,paylocityholdingcorp,0.0357142857142857,0.8214285714285714,0.7803030303030304,28.0,0.0,0.0,0.0357142857142857,0.8571428571428571,B+,60.68074815562253,78.03030303030305,46.81818181818183,25.0,False,True,14.935064935064934
BR,Broadridge Financial Solutions Inc,Industrials,Data Processing & Outsourced Services,153.98,16.6187,2.4704,12.8134,6.791098095599326,41.38,7.44,40.46,0.1725,18.02,0.040126973791306995,-36.4769,41.38,7.44,-36.4769,0.08062103787830158,40.46,0.1725,18.02,66.28174542747406,74.02797202797203,83.33333333333333,10.34188034188034,98.01587301587301,59.27774016417232,0.7587939698492462,0.8140703517587939,0.8844221105527639,0.05025125628140704,B,B+,B+,D-,broadridgefinancialsolutionsinc,0.05555555555555558,0.7222222222222222,0.6847826086956522,18.0,0.0,0.0,0.05548611111111113,0.9761904761904762,A+,64.07932746575962,68.47826086956522,41.08695652173913,25.0,False,True,10.34188034188034
GEO,Geo Group Inc,Industrials,Environmental & Facilities Services,18.51,9.6568,0.9337,6.5237,1.6747493757012053,354.95,8.55,17.68,0.0947,8.25,0.30643513789581206,-40.8248,108.48399999999977,8.55,-36.561035,0.30643513789581206,17.68,0.0947,8.25,90.78134781652369,84.43696221473999,48.65319865319865,19.09465020576132,45.887445887445885,60.564959101530846,0.964824120603015,0.9246231155778895,0.4824120603015075,0.135678391959799,A,A-,C,D,geogroupinc,0.0,0.875,0.7500000000000001,8.0,0.0,0.0,0.0,0.5595238095238095,C+,60.153703690275435,75.00000000000001,45.00000000000001,25.0,False,True,19.09465020576132
APPF,Appfolio Inc,Information Technology,Application Software,167.09,38.8784,5.9358,30.0273,11.083325594661645,-21.42,20.72,30.9,0.1707,30.9,0.1328896404997,-19.0926,-21.42,20.72,-19.0926,0.1328896404997,30.9,0.1707,30.9,46.28322440087146,52.904629343231264,78.9551140544518,40.411937026882896,43.8549955791335,54.97289788785365,0.5163398692810458,0.5555555555555556,0.8235294117647058,0.3333333333333333,C+,C+,B+,C-,appfolioinc,0.004761904761904745,0.9333333333333333,0.8374999999999999,15.0,90.0,84.89281911636292,0.004761904761904745,0.4358974358974359,C,54.358397445767,83.74999999999999,84.20712764654516,25.0,False,False,40.411937026882896
CXT,Crane NXT Co,Information Technology,Electronic Equipment & Instruments,44.68,17.2969,1.5149,9.5298,2.0482728585508974,-21.44,11.43,12.22,0.1489,6.52,0.18307020490426612,-4.7741,-21.44,11.43,-4.7741,0.18307020490426612,12.22,0.1489,6.52,88.18736383442267,42.124316939890704,50.73367095182444,33.355783028309325,32.61538461538461,54.82627869020178,0.9084967320261438,0.33986928104575165,0.5098039215686274,0.27450980392156865,A-,C-,C+,D+,cranenxtco,0.0,0.7272727272727273,0.671875,11.0,0.0,0.0,0.0,0.2564102564102564,D+,53.087817151740246,67.1875,40.3125,24.94435441051076,False,True,32.61538461538461
DOCS,Doximity Inc,Health Care,Health Care Technology,24.44,18.6719,7.0086,17.534,4.263782274947662,18.89,15.92,22.89,0.37439999999999996,22.89,0.06951393852751965,-57.0323,18.89,15.92,-45.05894,0.06951393852751965,22.89,0.37439999999999996,22.89,47.01115633951455,74.87155388471177,85.21303258145365,8.427318295739347,98.51190476190477,54.715821666332275,0.4626865671641791,0.8656716417910447,0.8955223880597015,0.04477611940298507,C,B+,B+,F,doximityinc,0.12380952380952381,0.7666666666666667,0.7357142857142858,30.0,0.0,0.0,0.0861389817911557,0.984375,A+,59.567012142522756,73.57142857142858,44.142857142857146,24.637190207346006,False,True,8.427318295739347
STRA,Strategic Education Inc,Consumer Discretionary,Education Services,78.4,14.002,1.3979,7.1961,1.093751525881035,16.1,3.96,7.66,0.1374,7.66,0.36630807772467955,-3.898,16.1,3.96,-3.898,0.36630807772467955,7.66,0.1374,7.66,69.50607756125795,61.61538461538461,48.004694835680745,40.30335861321777,9.364548494983278,54.76144174495515,0.7671232876712328,0.636986301369863,0.4520547945205479,0.3561643835616438,B,B-,C,C-,strategiceducationinc,-0.11111111111111105,0.7777777777777778,0.6964285714285714,9.0,0.0,0.0,-0.06840034965034969,0.07692307692307693,D-,50.697896594453475,69.64285714285714,41.785714285714285,24.457730066352823,False,False,9.364548494983278
PLMR,Palomar Holdings Inc,Financials,Property & Casualty Insurance,120.38,16.1955,3.6929,12.7453,3.386702452391201,60.46,56.04,22.79,0.28,22.79,0.18546255506607925,-16.9908,60.46,56.04,-16.9908,0.18546255506607925,22.79,0.28,22.79,32.897330017361924,86.66494845360825,82.17821782178217,18.143564356435643,63.35403726708074,54.730589521794805,0.2796208530805687,0.981042654028436,0.8293838862559242,0.15639810426540285,D+,A+,B+,D,palomarholdingsinc,0.01098901098901095,0.8571428571428571,0.7763157894736842,14.0,0.0,0.0,0.01098901098901095,0.6285714285714286,B-,56.06599324850288,77.63157894736842,46.578947368421055,24.254961895236846,True,True,18.143564356435643
SNEX,StoneX Group Inc,Financials,Investment Banking & Brokerage,106.03,23.1907,0.0582,48.0725,3.491193815091519,-40.92,32.54,16.43,0.33,1.8800000000000001,0.9652509652509652,79.5597,-40.92,32.54,75.48131499999998,0.9525704271812634,16.43,0.33,1.8800000000000001,22.202149124865088,42.131594906003635,70.29702970297029,97.66161910308678,42.54658385093168,56.08343750877693,0.16587677725118483,0.35071090047393366,0.7156398104265402,1.0,D,C-,B,A+,stonexgroupinc,0.0,0.875,0.7500000000000001,8.0,0.0,0.0,0.0,0.2714285714285714,D+,55.3380958938701,75.00000000000001,45.00000000000001,24.183155395010736,True,False,22.202149124865088
GLW,Corning Inc,Information Technology,Electronic Components,164.24,87.3547,8.9205,63.3446,11.239615126671502,215.91,19.14,14.13,0.1458,8.34,0.8905604719764012,270.0766,215.91,19.14,270.0766,0.8905604719764012,14.13,0.1458,8.34,26.082788671023962,84.93013270882125,56.25532037686303,77.42800873108627,11.036789297658864,58.05615554995325,0.20915032679738563,0.954248366013072,0.5882352941176471,0.8300653594771242,D+,A,C+,B+,corninginc,-0.03809523809523818,0.7619047619047619,0.7211538461538463,21.0,0.0,0.0,-0.03809523809523818,0.10256410256410256,D,54.15983447971914,72.11538461538463,43.269230769230774,24.160455020696777,True,False,11.036789297658864
BDC,Belden Inc,Information Technology,Electronic Components,112.48,18.3175,1.6024,14.3394,3.4646328992274804,22.98,10.33,19.139999999999997,0.1162,9.48,0.24008195790460318,9.0874,22.98,10.33,9.0874,0.24008195790460318,19.139999999999997,0.1162,9.48,82.44008714596949,52.513270882123344,57.73636901412515,27.398266149726993,19.84392419175028,56.02642144639373,0.869281045751634,0.5294117647058824,0.6078431372549019,0.20261437908496732,B+,C+,B-,D+,beldeninc,-0.022222222222222254,0.7777777777777778,0.6964285714285714,9.0,0.0,0.0,-0.022222222222222254,0.15384615384615385,D,53.01081386556876,69.64285714285714,41.785714285714285,24.14693238354238,False,True,19.84392419175028
VITL,Vital Farms Inc,Consumer Staples,Agricultural Products & Services,13.65,9.2254,0.8052,5.6792,1.7408271798599686,20.88,25.26,20.69,0.1164,20.0,0.044767090139140944,-60.1343,20.88,13.972999999999999,-51.21891,0.061110307428528625,20.69,0.1164,20.0,84.35019841269842,87.2001614205004,66.66666666666667,7.174603174603174,12.121212121212121,61.62916918886199,0.96875,0.9375,0.734375,0.03125,A,A,B,F,vitalfarmsinc,-0.11111111111111105,0.8333333333333334,0.7717391304347826,18.0,0.0,0.0,-0.08142857142857135,0.08333333333333333,D-,57.8412904009832,77.17391304347827,46.30434782608696,24.035766910036084,False,True,7.174603174603174
ITRI,Itron Inc,Information Technology,Electronic Equipment & Instruments,83.8,12.2905,1.5631,11.7474,2.193321101685821,25.51,-3.02,18.490000000000002,0.1323,10.48,0.08310358408822359,-24.7012,25.51,-3.02,-24.7012,0.08310358408822359,18.490000000000002,0.1323,10.48,88.36601307189544,40.86065573770492,61.132031915047115,17.53804028468033,52.92307692307692,54.05425045121269,0.9150326797385621,0.30718954248366015,0.6339869281045751,0.0915032679738562,A-,C-,B-,D-,itroninc,0.007894736842105288,0.85,0.79,20.0,0.0,0.0,0.007894736842105288,0.5128205128205128,C+,54.34655814352038,79.0,47.4,23.71827004854763,False,True,17.53804028468033
INTU,Intuit Inc,Information Technology,Application Software,388.5,24.6579,5.3186,18.2687,5.5018587360594795,43.99,17.21,22.2,0.2708,16.869999999999997,0.0983789056287704,-38.0847,43.99,17.21,-38.0847,0.0983789056287704,22.2,0.2708,16.869999999999997,60.79302832244009,70.58346221259924,78.66799405560606,16.12661591772366,22.723253757736515,57.20727122057612,0.6405228758169934,0.8104575163398693,0.8169934640522876,0.0784313725490196,B-,B+,B+,D-,intuitinc,-0.010911424903722655,0.8048780487804879,0.7771739130434783,41.0,0.0,0.0,-0.010911424903722655,0.20512820512820512,D+,54.47959659634977,77.71739130434783,46.630434782608695,23.524096156802262,False,True,16.12661591772366
ATR,Aptargroup Inc,Materials,"Metal, Glass & Plastic Containers",123.68,20.264,2.1073,11.1208,2.976002848954862,6.75,5.42,14.719999999999999,0.13970000000000002,10.17,0.33500401290681875,-17.5192,6.75,5.42,-17.5192,0.33500401290681875,14.719999999999999,0.13970000000000002,10.17,55.40994623655914,56.32467144563918,76.34408602150539,19.623655913978492,43.93939393939394,53.12817353643966,0.640625,0.578125,0.8125,0.15625,B-,C+,B+,D,aptargroupinc,0.0,0.75,0.6911764705882353,12.0,0.0,0.0,0.0,0.3333333333333333,C-,52.52211293037905,69.11764705882352,41.47058823529411,23.347823395991462,False,True,19.623655913978492
HWM,Howmet Aerospace Inc,Industrials,Aerospace & Defense,243.04,64.5819,11.8019,43.8616,18.234610046141725,31.87,11.06,29.67,0.24609999999999999,18.2,0.8168301886792452,75.3788,31.87,11.06,75.3788,0.8168301886792452,29.67,0.24609999999999999,18.2,7.545302268920359,76.6886816886817,85.69023569023568,72.11111111111111,42.38095238095238,58.06884304974758,0.02512562814070352,0.8592964824120602,0.9271356783919598,0.7487437185929648,F,B+,A-,B,howmetaerospaceinc,0.0,0.8275862068965517,0.7867647058823529,29.0,0.0,0.0,0.0,0.39285714285714285,C-,57.30693828784282,78.67647058823529,47.205882352941174,23.153053365668985,True,False,7.545302268920359
CVNA,Carvana Co,Consumer Discretionary,Automotive Retail,395.8,61.6353,4.2673,49.3162,25.11437255312534,420.71,48.63,62.849999999999994,0.09179999999999999,18.38,0.6462386888811216,61.9808,260.87199999999984,22.4075,61.9808,0.6462386888811216,62.849999999999994,0.09179999999999999,18.38,10.991060518361307,98.40490686051795,71.36150234741784,79.36392548841435,18.531468531468533,61.14190718623125,0.03424657534246575,1.0,0.773972602739726,0.821917808219178,F,A+,B,B+,carvanaco,-0.03882575757575757,0.71875,0.695945945945946,32.0,0.0,0.0,-0.03882575757575757,0.15384615384615385,D,57.995054039378104,69.59459459459461,41.756756756756765,23.05202795877356,True,False,10.991060518361307
ITT,ITT Inc,Industrials,Industrial Machinery & Supplies & Components,214.34,39.2675,4.8654,21.5643,4.5078372938674995,-3.01,8.48,16.150000000000002,0.17370000000000002,12.46,0.8927631578947368,56.4297,-3.01,8.48,56.4297,0.8927631578947368,16.150000000000002,0.17370000000000002,12.46,26.683078693128945,60.7238468602105,64.14141414141415,69.5684113865932,24.17582417582417,53.764574857996514,0.19597989949748743,0.6432160804020101,0.6733668341708543,0.7185929648241206,D,B-,B-,B,ittinc,-0.005882352941176561,0.7,0.6699999999999999,20.0,0.0,0.0,-0.005882352941176561,0.21428571428571427,D+,51.18215727557893,67.0,40.199999999999996,22.606666306717507,True,False,24.17582417582417
CRS,Carpenter Technology Corp,Industrials,Industrial Machinery & Supplies & Components,428.2,49.0424,7.244,30.5008,11.2796413274257,62.57,2.3,22.99,0.1977,16.82,0.8857079613369733,118.905,62.57,2.3,118.905,0.8857079613369733,22.99,0.1977,16.82,14.594859820990473,63.15338701702338,77.1885521885522,83.72451790633609,11.172161172161172,57.32143398705756,0.07537688442211055,0.678391959798995,0.8241206030150754,0.8844221105527639,D-,B-,B+,B+,carpentertechnologycorp,-0.059523809523809534,0.8571428571428571,0.7763157894736842,14.0,0.0,0.0,-0.059523809523809534,0.09523809523809523,D-,53.43865010427368,77.63157894736842,46.578947368421055,22.458674279436394,True,False,11.172161172161172
EEFT,Euronet Worldwide Inc,Financials,Transaction & Payment Processing Services,72.38,8.8788,0.6475,4.5903,2.177208793059884,7.51,6.38,23.7,0.12480000000000001,8.72,0.17121931908155183,-26.9627,7.51,6.38,-26.9627,0.17121931908155183,23.7,0.12480000000000001,8.72,63.27718079864859,38.438447543966035,83.66336633663366,17.06464764123471,14.935064935064934,52.83575582086071,0.6682464454976303,0.3127962085308057,0.8436018957345972,0.13744075829383887,B-,C-,B+,D,euronetworldwideinc,-0.05882352941176472,0.7647058823529411,0.7159090909090908,17.0,0.0,0.0,-0.05882352941176472,0.11428571428571428,D,49.329262314367206,71.59090909090908,42.954545454545446,22.074241059205672,False,True,14.935064935064934
CIEN,Ciena Corp,Information Technology,Communications Equipment,527.58,311.6026,13.9282,217.1281,27.258495352550028,192.93,26.54,8.260000000000002,0.059800000000000006,5.3100000000000005,0.9950342336919721,685.5569,192.93,26.54,484.5672,0.9935540278366309,8.260000000000002,0.059800000000000006,5.3100000000000005,12.89760348583878,89.86740309849776,34.28991905813098,95.28660570544533,46.901709401709404,53.82768239678106,0.06535947712418301,0.9738562091503268,0.3006535947712418,0.9967320261437909,D-,A+,C-,A+,cienacorp,0.011666666666666603,0.72,0.6916666666666667,25.0,0.0,0.0,0.011666666666666603,0.46153846153846156,C,53.517853336952,69.16666666666667,41.5,21.919842298409222,True,False,12.89760348583878
FICO,Fair Isaac Corp,Information Technology,Application Software,1025.0,36.1371,11.5232,26.9516,90.11305892075326,23.94,16.19,145.71,0.47479999999999994,30.869999999999997,0.11501272642272503,-48.4842,23.94,16.19,-42.2898,0.11501272642272503,108.96000000000001,0.42322000000000004,30.869999999999997,42.623093681917204,62.73657078049284,94.93283700529513,14.461897050044142,10.521662245800176,54.828676237910486,0.45751633986928103,0.6862745098039216,0.9803921568627451,0.06535947712418301,C,B-,A+,D-,fairisaaccorp,-0.026455026455026398,0.7142857142857143,0.6893939393939394,28.0,0.0,0.0,-0.026455026455026398,0.07692307692307693,D-,50.880842462490506,68.93939393939394,41.36363636363636,21.615679862187232,False,True,10.521662245800176
LGND,Ligand Pharmaceuticals Inc,Health Care,Biotechnology,229.45,35.7139,16.5793,64.0577,4.460371798086774,,60.4,13.86,0.15289999999999998,11.1,0.879251128022089,108.8567,,49.375999999999905,101.24785999999989,0.879251128022089,13.86,0.15289999999999998,11.1,18.709482888587367,72.9243321068629,58.89724310776942,94.01535754279317,67.08333333333334,57.789619429020405,0.07462686567164178,0.835820895522388,0.6119402985074627,0.9626865671641791,D-,B+,B-,A,ligandpharmaceuticalsinc,0.004761904761904745,0.9333333333333333,0.8374999999999999,15.0,90.0,84.89281911636292,0.004761904761904745,0.65625,B-,59.49795276235374,83.74999999999999,84.20712764654516,20.837735466222867,True,False,18.709482888587367
INSW,International Seaways Inc,Energy,Oil & Gas Storage & Transportation,82.95,13.2782,4.8694,8.9925,2.0284694898136353,-25.79,-11.38,16.02,0.4092,12.1,0.9919759277833502,144.258,-25.79,-11.38,144.258,0.9919759277833502,16.02,0.40191999999999994,12.1,45.90643274853801,18.304141580003648,86.41975308641975,88.9655172413793,100.0,59.53547822301603,0.40350877192982454,0.05263157894736842,0.9649122807017544,0.9824561403508771,C,D-,A,A+,internationalseawaysinc,0.07692307692307698,0.9230769230769231,0.8194444444444445,13.0,67.5,75.76809420745609,0.05355769230769229,1.0,A+,64.53547822301603,81.94444444444446,79.4739043496491,16.88079086208566,False,False,18.304141580003648
INDV,"Indivior Pharmaceuticals, Inc",Health Care,Pharmaceuticals,36.78,33.3091,3.5285,16.4254,98.42119347069843,-74.29,-0.25,159.06,0.1873,29.4,0.9554256485202777,190.6383,-64.772,-0.25,101.24785999999989,0.9515732444827378,99.15799999999997,0.1873,29.4,47.29006482737825,16.882335930323542,85.96491228070174,97.56121071910546,35.33653846153846,61.202453606905806,0.4701492537313433,0.029850746268656716,0.917910447761194,0.9925373134328358,C,F,A-,A+,indiviorpharmaceuticalsinc,0.0,0.9230769230769231,0.8194444444444445,13.0,90.0,84.89281911636292,0.0,0.125,D,59.73610745305965,81.94444444444446,83.12379431321185,16.103411206272522,False,False,16.882335930323542
BG,Bunge Global ltd,Consumer Staples,Agricultural Products & Services,127.07,30.1807,0.3502,16.5722,1.5452997689407757,-32.99,32.43,6.140000000000001,0.018500000000000003,3.2199999999999998,0.9194430631526601,61.4202,-32.99,13.972999999999999,61.4202,0.9194430631526601,6.140000000000001,0.018500000000000003,3.2199999999999998,55.39021164021164,62.18321226795803,16.93121693121693,86.78095238095237,84.84848484848484,52.87319007263922,0.609375,0.671875,0.1484375,0.875,B-,B-,D,B+,bungegloballtd,0.05476190476190479,0.9047619047619048,0.8365384615384617,21.0,37.5,54.50191732818266,0.05476190476190479,0.8333333333333334,B+,56.3580385574877,83.65384615384616,71.99307462358075,14.871261442676579,False,False,16.93121693121693
KTB,Kontoor Brands Inc,Consumer Discretionary,"Apparel, Accessories & Luxury Goods",73.36,17.8211,1.2858,12.8522,7.174010835338066,-6.73,20.9,45.050000000000004,0.10679999999999999,13.77,0.5922272047832586,21.9618,-6.73,20.9,21.9618,0.5922272047832586,45.050000000000004,0.10679999999999999,13.77,53.13846549617338,73.79306608884073,66.90140845070424,57.47562296858071,15.034965034965037,61.263706298203694,0.5616438356164384,0.815068493150685,0.6917808219178082,0.541095890410959,C+,B+,B-,C+,kontoorbrandsinc,-0.05769230769230771,0.6923076923076923,0.6527777777777778,13.0,0.0,0.0,-0.05769230769230771,0.11538461538461539,D,57.7672028017002,65.27777777777779,39.16666666666667,13.511773893673375,False,False,15.034965034965037
PRG,PROG Holdings Inc,Financials,Consumer Finance,35.83,9.7807,0.5959,0.9455,1.899747619350597,-21.11,-2.2,21.17,0.0858,11.4,0.6588499839383231,35.9256,-21.11,-2.2,35.9256,0.6588499839383231,21.17,0.0858,11.4,65.36295809675755,15.442041486531425,79.20792079207921,56.59653465346534,43.40659340659341,55.55043495020854,0.6919431279620853,0.05687203791469194,0.8009478672985783,0.5924170616113744,B-,D-,B+,C+,progholdingsinc,0.0,0.75,0.6911764705882353,12.0,0.0,0.0,0.0,0.5428571428571428,C+,54.89109429086788,69.11764705882352,41.47058823529411,13.051748269938283,False,False,15.442041486531425
NUE,Nucor Corp,Materials,Steel,225.29,29.4239,1.5792,14.7136,2.4620916139819786,-10.95,5.73,8.49,0.0817,6.29,0.9819411231137132,88.7325,-10.95,5.73,88.7325,0.9689629865468149,8.49,0.0817,6.29,50.520833333333336,47.23577003888461,47.8494623655914,92.63626251390434,16.666666666666668,57.566980435288976,0.546875,0.390625,0.4375,0.984375,C+,C-,C,A+,nucorcorp,-0.08225108225108224,0.7272727272727273,0.6944444444444444,22.0,0.0,0.0,-0.08225108225108224,0.13333333333333333,D,54.23364710195564,69.44444444444444,41.666666666666664,12.930062753724462,False,False,16.666666666666668
CSX,CSX Corp,Industrials,Rail Transportation,45.43,27.6771,5.9653,15.7608,6.423380369312558,-2.56,-0.92,23.53,0.3345,9.54,0.9411610191752037,61.8454,-2.56,-0.92,61.8454,0.9411610191752037,23.53,0.30097499999999994,9.54,39.45146608463191,31.357048748353098,75.08417508417509,80.14931927975405,19.696969696969695,55.93518389782318,0.35175879396984927,0.20603015075376885,0.7939698492462312,0.8241206030150754,C-,D+,B,B+,csxcorp,-0.03333333333333344,0.7333333333333333,0.7071428571428571,30.0,0.0,0.0,-0.03333333333333344,0.16666666666666666,D,52.90488086752015,70.71428571428571,42.42857142857142,12.702404744932602,False,False,19.696969696969695
AIR,AAR Corp,Industrials,Aerospace & Defense,110.37,25.6654,1.4002,14.1189,3.263916818472167,-45.74,16.85,12.07,0.0955,7.199999999999999,0.774625267665953,106.4534,-45.74,16.85,106.4534,0.774625267665953,12.07,0.0955,7.199999999999999,63.58898871461687,43.71050246050247,40.57239057239057,81.6919191919192,7.809523809523809,56.12082915223619,0.7336683417085427,0.35175879396984927,0.35678391959798994,0.8442211055276382,B,C-,C-,B+,aarcorp,-0.07575757575757569,0.8333333333333334,0.75,12.0,0.0,0.0,-0.0603937728937729,0.023809523809523808,F,51.90178153318857,75.0,45.0,12.630356306637715,False,False,7.809523809523809
WM,Waste Management Inc,Industrials,Environmental & Facilities Services,232.55,34.7715,3.736,16.2519,9.379777111811139,-1.6,14.24,28.99,0.1709,8.24,0.7115883006293967,-0.3471,-1.6,14.24,-0.3471,0.7115883006293967,28.99,0.1709,8.24,38.94641557958141,64.29105873550319,66.75084175084176,51.40291806958474,17.532467532467532,54.563109693623375,0.33668341708542715,0.6984924623115578,0.7085427135678392,0.5025125628140703,C-,B-,B,C+,wastemanagementinc,-0.03880803880803885,0.717948717948718,0.6988636363636364,39.0,0.0,0.0,-0.03880803880803885,0.14285714285714285,D,51.31635644687013,69.88636363636364,41.93181818181818,12.27756663357566,True,False,17.532467532467532
BRBR,Bellring Brands Inc,Consumer Staples,Packaged Foods & Meats,17.8,11.4065,0.8994,9.4993,,-31.29,10.59,23.66314,0.1381,29.95204,0.05528791007111724,-76.9251,-31.29,10.59,-51.21891,0.061110307428528625,23.66314,0.1381,29.567835999999996,75.9507275132275,59.29601546238477,75.92592592592592,6.562238930659983,63.888888888888886,56.14081423839731,0.84375,0.59375,0.828125,0.015625,B+,C+,B+,F,bellringbrandsinc,0.03359683794466406,0.7727272727272727,0.7314814814814814,22.0,0.0,0.0,0.03359683794466406,0.6666666666666666,B-,57.5297031272862,73.14814814814814,43.88888888888888,11.752361567775038,False,True,6.562238930659983
EPAM,Epam Systems Inc,Information Technology,IT Consulting & Other Services,113.78,15.5619,1.077,7.1055,1.6793352323882338,-14.17,15.42,10.27,0.0953,10.2,0.03616059558628023,-27.4871,-14.17,15.42,-27.4871,0.06112192162994311,10.27,0.0953,10.2,93.01089324618738,52.87470725995317,49.699173267541006,21.937781735210642,8.041958041958045,55.640014427464855,0.9673202614379085,0.5490196078431373,0.48366013071895425,0.12418300653594772,A,C+,C,D,epamsystemsinc,-0.06769230769230772,0.6923076923076923,0.6693548387096775,26.0,0.0,0.0,-0.041054945054945134,0.05128205128205128,D-,51.44421023166066,66.93548387096774,40.16129032258065,11.215903992101017,False,True,8.041958041958045
ADMA,ADMA Biologics Inc,Health Care,Biotechnology,10.25,16.8476,4.8521,13.0818,5.10814312767866,-25.56,19.63,34.98,0.36869999999999997,29.82,0.1760230227158235,-56.0348,-25.56,19.63,-45.05894,0.1760230227158235,34.98,0.36869999999999997,29.82,61.55585707824514,45.94544872820349,89.4736842105263,8.096304591265397,8.125,53.565735986086636,0.6716417910447762,0.44776119402985076,0.9477611940298507,0.03731343283582089,B-,C,A,F,admabiologicsinc,-0.11111111111111105,0.7777777777777778,0.6964285714285714,9.0,0.0,0.0,-0.01107142857142853,0.046875,F,49.378235986086636,69.64285714285714,41.785714285714285,10.39341933506682,False,True,8.096304591265397
