Ticker,Name,Sector,SubIndustry,Price,PE_Rank,PS_Rank,EV_EBITDA_Used,PB_Ratio,EPS_Growth,Rev_Growth,ROE,Op_Margin,ROIC,Mom_Range,Mom_12M,EPS_Growth_Win,Rev_Growth_Win,Mom_12M_Win,Mom_Range_Win,ROE_Win,Op_Margin_Win,ROIC_Win,Value_S,Growth_S,Prof_S,Mom_S,Rev_S,Fundamental_Score,Value_Pct,Growth_Pct,Prof_Pct,Mom_Pct,Value_Grade,Growth_Grade,Prof_Grade,Mom_Grade,Name_Key
UNIT,Uniti Group Inc (Delaware),Communication Services,Alternative Carriers,11.28,2.067,1.2069,4.998,6.940684223480186,807.23,91.48,245.66,0.7885,13.11,0.869792878752618,53.4694,570.9259999999986,22.091999999999985,53.4694,0.869792878752618,81.76299999999969,0.41657500000000003,13.11,88.69352869352868,98.55699855699855,93.34656084656085,90.27417027417027,50.0,88.27625615125615,0.9487179487179487,1.0,1.0,0.9230769230769231,A,A+,A+,A-,unitigroupincdelaware
SON,Sonoco Products Co,Materials,Paper & Plastic Packaging Products & Materials,51.56,5.0593,0.6868,6.4213,1.4072321250678916,562.04,17.49,29.580000000000002,0.136,12.19,0.6523496715512888,14.4506,240.62599999999998,17.49,14.4506,0.6523496715512888,29.5,0.136,12.19,89.55026455026454,95.26455026455025,90.2116402116402,57.9047619047619,50.0,80.57433862433862,0.953125,0.984375,0.953125,0.578125,A,A+,A,C+,sonocoproductsco
MU,Micron Technology Inc,Information Technology,Semiconductors,746.81,34.499,14.3121,22.696,15.4697837822162,412.05,85.55,40.839999999999996,0.48340000000000005,33.46,0.9993974542441816,777.0523,257.60999999999973,47.04399999999999,493.0368199999996,0.9923589762072912,40.839999999999996,0.4248699999999999,33.46,46.52962821976907,97.24150684584339,92.14756129368806,97.7287102243088,50.0,78.66334079239472,0.5,0.9932432432432432,0.9594594594594594,1.0,C,A+,A,A+,microntechnologyinc
KALU,Kaiser Aluminum Corp,Materials,Aluminum,180.33,19.1326,0.7927,10.414,4.345196501289126,242.59,20.84,18.68,0.0674,8.16,0.9770638261317758,163.6018,240.62599999999998,20.84,161.80615999999998,0.9465967353939085,18.68,0.0674,8.16,73.31349206349206,95.38239538239537,60.31746031746032,97.83549783549783,50.0,77.05131673881674,0.828125,1.0,0.640625,1.0,B+,A+,B-,A+,kaiseraluminumcorp
NEM,Newmont Corporation,Materials,Gold,116.51,17.5555,5.4868,9.1075,3.746398621186397,118.49,21.34,21.72,0.47909999999999997,18.02,0.787899780625794,120.5376,118.49,21.34,120.5376,0.787899780625794,21.72,0.23540999999999998,14.592999999999996,53.56316137566137,88.78066378066377,93.65079365079366,86.43578643578643,50.0,76.8467787999038,0.609375,0.96875,0.984375,0.921875,B-,A,A+,A-,newmontcorporation
INVA,Innoviva Inc,Health Care,Pharmaceuticals,22.89,6.2522,4.1217,7.8854,1.456653578633202,3397.08,14.67,30.599999999999998,0.3981,21.88,0.7385507246376812,23.197,1439.2059999999972,14.67,23.197,0.7385507246376812,30.599999999999998,0.3981,21.88,76.0516062340967,85.90524104089994,87.5968992248062,64.06589147286822,50.0,75.90635286747936,0.8473282442748091,0.9312977099236641,0.9236641221374046,0.648854961832061,B+,A,A-,B-,innovivainc
INCY,Incyte Corp,Health Care,Biotechnology,98.56,15.2758,3.8229,10.5977,3.785251498776783,2749.07,21.22,29.15,0.29460000000000003,28.910000000000004,0.7481658107116654,65.0092,1439.2059999999972,21.22,65.0092,0.7481658107116654,29.15,0.29460000000000003,28.910000000000004,70.10376908396945,87.58482760420745,86.56330749354005,69.85972683647103,50.0,75.65568003251308,0.8015267175572519,0.9465648854961832,0.916030534351145,0.7175572519083969,B+,A,A-,B,incytecorp
BYD,Boyd Gaming Corp,Consumer Discretionary,Casinos & Gaming,85.64,3.4528,1.5482,2.8853,2.5072679737796686,272.31,3.45,91.96,0.1734,38.72,0.7782340862423001,19.6591,272.31,3.45,19.6591,0.7782340862423001,91.96,0.1734,38.72,80.17552034793414,70.61307388480601,87.58620689655173,68.2282996432818,50.0,74.70870651673903,0.9054054054054054,0.7837837837837838,0.9594594594594594,0.7162162162162162,A-,B,A,B,boydgamingcorp
APA,APA Corp (US),Energy,Oil & Gas Exploration & Production,35.56,8.7635,1.4088,3.0592,2.059968486421355,77.13,-8.39,24.51,0.3422,13.56,0.6641170601928834,119.7775,77.13,-8.39,119.7775,0.6641170601928834,24.51,0.3422,13.56,87.27272727272727,49.80260681347637,87.27272727272727,77.14285714285714,50.0,74.02545642763033,0.9636363636363636,0.4727272727272727,0.9636363636363636,0.8181818181818182,A,C,A,B+,apacorpus
ECPG,Encore Capital Group Inc,Financials,Consumer Finance,83.88,6.9372,1.0073,8.5397,1.8624934497428745,13.54,33.12,28.189999999999998,0.35340000000000005,5.3100000000000005,0.8462213639954357,105.7395,13.54,33.12,70.7628,0.8462213639954357,28.189999999999998,0.35340000000000005,5.3100000000000005,69.66977745872218,57.91536404914936,88.77551020408163,86.7408781694496,50.0,73.54257035942075,0.7839195979899497,0.6633165829145728,0.8894472361809045,0.9045226130653267,B,B-,B+,A-,encorecapitalgroupinc
AL,Sumisho Air Lease Corp,Industrials,Passenger Airlines,65.0,6.6909,2.4148,7.6199,0.8594961765643162,153.5,10.32,13.23,0.7495,3.85,1.0,54.5779,106.67149999999995,10.32,54.5779,0.957018132975151,13.23,0.2659,3.85,78.33191764753468,86.58580824193447,54.22885572139304,89.02041516555155,50.0,73.26143802372914,0.8439024390243902,0.9707317073170731,0.5658536585365853,0.9414634146341463,B+,A+,C+,A,sumishoairleasecorp
SEE,Sealed Air Corp,Materials,Paper & Plastic Packaging Products & Materials,42.15,12.2884,1.159,12.7091,5.0155285046228535,88.84,-0.61,48.39,0.134,9.58,0.874778499704666,74.6065,88.84,-0.61,74.6065,0.874778499704666,29.5,0.134,9.58,69.56018518518518,61.9431216931217,82.8042328042328,85.26984126984127,50.0,72.53369708994708,0.796875,0.671875,0.890625,0.890625,B,B-,B+,B+,sealedaircorp
DAL,Delta Air Lines Inc,Industrials,Passenger Airlines,73.33,10.7127,0.7358,7.0712,2.3072227745824785,21.36,5.24,23.14,0.08779999999999999,13.209999999999999,0.901639344262295,51.0713,21.36,5.24,51.0713,0.901639344262295,23.14,0.08779999999999999,13.209999999999999,92.82611333576021,67.61885581729392,60.19900497512438,78.69960542117002,50.0,72.51997182541393,0.9804878048780488,0.7170731707317073,0.6390243902439025,0.8292682926829268,A+,B,B-,B+,deltaairlinesinc
PAHC,Phibro Animal Health Corp,Health Care,Pharmaceuticals,40.0,18.1292,1.1401,10.6814,5.675368898978434,373.82,32.39,30.81,0.1153,8.95,0.5091664629674896,79.7753,373.82,32.39,79.7753,0.5091664629674896,30.81,0.1153,8.95,80.26995865139949,89.483367264375,60.98191214470285,71.28682170542635,50.0,72.46700549298586,0.9007633587786259,0.9618320610687023,0.6335877862595419,0.7480916030534351,A-,A,B-,B,phibroanimalhealthcorp
TMP,Tompkins Financial Corp,Financials,Regional Banks,85.77,7.4982,3.46671,5.5892,1.3112012388917849,126.16,16.23686,19.939999999999998,0.08044029999999999,17.62,0.9567448680351903,37.2759,96.085,16.23686,37.2759,0.9567448680351903,19.939999999999998,0.08044029999999999,17.62,77.5817864834376,54.577181644288444,76.53061224489795,89.90125082290982,50.0,72.42378617552355,0.8894472361809045,0.5577889447236181,0.7688442211055276,0.9396984924623115,B+,C+,B,A,tompkinsfinancialcorp
CVNA,Carvana Co,Consumer Discretionary,Automotive Retail,77.94,12.4735,0.8636,11.2056,4.945462851921649,420.71,48.63,62.849999999999994,0.09179999999999999,18.38,0.5575785161583978,36.4735,312.90999999999997,22.853999999999996,36.4735,0.5575785161583978,62.849999999999994,0.09179999999999999,18.38,65.68810189499845,98.55289868944777,69.6551724137931,68.88192267502612,50.0,72.32278285009266,0.722972972972973,1.0,0.7432432432432432,0.722972972972973,B,A+,B,B,carvanaco
INDV,"Indivior Pharmaceuticals, Inc",Health Care,Pharmaceuticals,39.5,22.933,3.8838,18.1615,105.6997591651057,7022.71,4.38,159.06,0.2113,29.4,0.950609153770168,259.745,1439.2059999999972,4.38,122.90492,0.950609153770168,98.90799999999997,0.2113,29.4,48.16515585241729,68.99632631221778,89.6640826873385,95.13178294573643,50.0,72.28293148652979,0.48091603053435117,0.7786259541984732,0.9541984732824428,0.9770992366412213,C,B,A,A+,indiviorpharmaceuticalsinc
DELL,Dell Technologies Inc,Information Technology,"Technology Hardware, Storage & Peripherals",260.46,28.6543,1.4981,17.835,67.96086105675147,33.09,18.8,130.7,0.0739,13.700000000000001,0.9790317790317788,170.6922,33.09,18.8,170.6922,0.9790317790317788,113.0909999999999,0.0739,13.700000000000001,74.58127141225732,74.31578524981046,70.35406885758998,79.8458239146815,50.0,72.06615690036023,0.7972972972972973,0.8581081081081081,0.7297297297297297,0.8783783783783784,B,B+,B,B+,delltechnologiesinc
JOE,St Joe Co,Real Estate,Real Estate Development,65.79,34.313,7.4243,21.9031,4.940747082413374,45.49,26.63,14.790000000000001,0.2847,8.39,0.7491097442538038,48.009,45.49,25.305,48.009,0.7491097442538038,14.5,0.23972500000000002,8.39,38.88888888888889,90.47619047619048,94.44444444444446,77.77777777777777,50.0,71.98412698412699,0.6666666666666666,1.0,1.0,0.8333333333333334,B-,A+,A+,B+,stjoeco
OII,Oceaneering International Inc,Energy,Oil & Gas Equipment & Services,36.54,10.8767,1.3178,9.053,3.3912147676544557,88.33,2.39,34.53,0.10310000000000001,23.09,0.8347946469773881,92.5184,88.33,2.39,92.5184,0.8347946469773881,27.732999999999997,0.10310000000000001,16.837999999999997,67.27272727272728,75.90606273109779,79.39393939393939,75.39772727272728,50.0,71.92742466743168,0.8181818181818182,0.8727272727272727,0.8,0.7818181818181819,B+,B+,B,B,oceaneeringinternationalinc
CUBI,Customers Bancorp Inc,Financials,Regional Banks,77.26,9.3105,1.99781,7.5201,1.248684808099158,85.8,55.59768,13.62,0.3985504,11.78,0.8394912174439735,49.4969,85.8,55.59768,49.4969,0.8394912174439735,13.62,0.3985504,11.78,77.11388575530715,79.43500411660199,57.39795918367348,85.51678736010533,50.0,71.61831953008664,0.8793969849246231,0.9447236180904522,0.5804020100502513,0.8894472361809045,B+,A,C+,B+,customersbancorpinc
GEF,Greif Inc,Materials,"Metal, Glass & Plastic Containers",68.07,3.5238,0.8407,6.3708,1.109266046225122,211.66,-17.63,39.51,0.1075,22.41,0.6110634648370494,24.0569,211.66,-17.069,24.0569,0.6110634648370494,29.5,0.1075,14.592999999999996,89.55853174603175,50.033068783068785,86.24338624338624,61.1111111111111,50.0,71.17931547619048,0.96875,0.5,0.921875,0.625,A,C,A-,B-,greifinc
JLL,Jones Lang LaSalle Inc,Real Estate,Real Estate Services,329.87,17.0868,0.5721,12.5149,2.0640288827638855,68.02,11.23,12.35,0.044199999999999996,9.08,0.780489417989418,44.8259,63.513999999999996,11.23,44.8259,0.780489417989418,12.35,0.044199999999999996,8.9075,83.33333333333334,76.0,60.0,74.66666666666667,50.0,70.96666666666667,1.0,0.8333333333333334,0.75,0.6666666666666666,A+,B+,B,B-,joneslanglasalleinc
CPRX,Catalyst Pharmaceuticals Inc,Health Care,Biotechnology,31.15,17.7874,6.4726,9.6667,3.999178338960855,28.29,19.78,24.32,0.43770000000000003,24.32,0.8956328645447814,36.8629,28.29,19.78,36.8629,0.8956328645447814,24.32,0.4076999999999999,24.32,61.742604961832065,70.02010693871159,87.85529715762273,70.98560354374308,50.0,70.60061762635463,0.6717557251908397,0.7938931297709924,0.9312977099236641,0.7404580152671756,B-,B,A,B,catalystpharmaceuticalsinc
SWX,Southwest Gas Holdings Inc,Utilities,Gas Utilities,89.95,14.8016,3.3551,10.2703,1.6400915315118199,120.15,-21.61,11.62,0.25329999999999997,5.52,0.8372727272727275,18.4332,85.45799999999986,-14.79,18.4332,0.8372727272727275,11.62,0.25329999999999997,5.52,72.92753623188406,52.74061687105165,77.89855072463769,85.61872909698997,50.0,70.37839093273877,0.78,0.56,0.92,0.84,B,C+,A-,B+,southwestgasholdingsinc
SNDK,Sandisk Corp,Information Technology,"Technology Hardware, Storage & Peripherals",1562.34,51.3349,17.549,42.4765,24.750607145063707,,82.76,42.33,0.4073,38.86,0.9989156492713294,4161.702,,47.04399999999999,493.0368199999996,0.9923589762072912,42.33,0.4073,38.86,32.467326481410986,74.08711528429839,91.57863849765259,97.44363299136381,50.0,70.31764089989834,0.2905405405405405,0.8513513513513513,0.9459459459459459,0.9932432432432432,D+,B+,A,A+,sandiskcorp
DINO,HF Sinclair Corp,Energy,Oil & Gas Refining & Marketing,72.43,10.6071,0.641,5.6274,1.4336782764982068,665.67,-27.05,13.11,0.056100000000000004,10.07,0.9452071147188734,112.2802,558.5374999999999,-10.862,112.2802,0.9452071147188734,13.11,0.056100000000000004,10.07,87.87878787878788,52.415881220229046,55.15151515151515,94.12587412587412,50.0,70.06592682679639,0.9818181818181818,0.5454545454545454,0.5636363636363636,0.9636363636363636,A+,C+,C+,A,hfsinclaircorp
ADEA,Adeia Inc,Information Technology,IT Consulting & Other Services,29.53,29.3223,7.3457,15.1419,6.698119627100961,72.59,17.91,26.340000000000003,0.3947,12.870000000000001,0.7883853937527496,118.5788,72.59,17.91,118.5788,0.7883853937527496,26.340000000000003,0.3947,12.870000000000001,60.53483060525315,78.36764174792344,80.31429316640585,70.3232213795594,50.0,69.95045356841132,0.6554054054054054,0.8851351351351351,0.8445945945945946,0.75,B-,B+,B+,B,adeiainc
ALL,Allstate Corp,Financials,Property & Casualty Insurance,213.15,5.3403,0.8112,4.4771,1.8104862958546106,121.66,5.58,39.47,0.19440000000000002,30.25,0.7342217015668474,5.1969,96.085,5.58,5.1969,0.7342217015668474,39.47,0.19440000000000002,25.565,72.70792739206235,60.460575798094595,94.89795918367348,53.53061224489795,50.0,69.69970925253247,0.8592964824120602,0.7035175879396985,0.949748743718593,0.5376884422110553,B+,B,A,C+,allstatecorp
JBSS,John B Sanfilippo & Son Inc,Consumer Staples,Packaged Foods & Meats,77.95,13.6182,0.7843,10.4748,2.5157009430247794,20.62,5.11,18.11,0.0832,15.24,0.7301349325337331,27.8707,20.62,5.11,27.8707,0.7301349325337331,18.11,0.0832,15.24,72.23048941798942,73.04225576083499,58.201058201058196,87.24867724867724,50.0,69.66607350666436,0.8125,0.8125,0.578125,0.859375,B+,B+,C+,B+,johnbsanfilipposoninc
BKE,Buckle Inc,Consumer Discretionary,Apparel Retail,52.41,12.9431,2.0917,8.1757,6.313849267540477,6.48,6.58,45.18,0.2014,45.18,0.631892106307021,41.6869,6.48,6.58,41.6869,0.631892106307021,45.18,0.2014,41.656,64.06337371854613,58.14923100063927,87.70114942528737,75.36945812807882,50.0,69.644868611702,0.7027027027027027,0.6148648648648649,0.9695945945945946,0.8175675675675675,B,B-,A,B+,buckleinc
MCY,Mercury General Corp,Financials,Property & Casualty Insurance,99.67,10.2707,0.9274,6.2773,2.2838196408030833,15.61,9.44,25.650000000000002,0.1155,20.16,0.9768471229145388,74.4923,15.61,9.44,70.7628,0.9645380732938337,25.650000000000002,0.1155,20.16,56.50061532150549,46.25334280461307,85.71428571428571,98.35204081632654,50.0,69.47480198313572,0.5728643216080402,0.4271356783919598,0.8592964824120602,0.9949748743718593,C+,C,B+,A+,mercurygeneralcorp
AEP,American Electric Power Company Inc,Utilities,Electric Utilities,130.16,19.7823,3.3171,13.4444,2.258099213412582,19.33,10.98,12.04,0.2491,4.66,0.7789423535016674,23.738,19.33,10.98,23.738,0.7789423535016674,12.04,0.2491,4.66,55.94202898550725,78.11841942276726,74.6376811594203,80.71348940914159,50.0,69.41130930261366,0.6,0.88,0.88,0.8,C+,B+,B+,B,americanelectricpowercompanyinc
LRCX,Lam Research Corp,Information Technology,Semiconductor Materials & Equipment,294.05,54.5496,16.8772,46.2998,37.8306401811445,47.61,26.53,65.79,0.34259999999999996,46.29,0.9823367436029461,292.5901,47.61,26.53,292.5901,0.9823367436029461,65.79,0.34259999999999996,46.00349999999993,31.077908894810303,84.56800759951031,92.42957746478874,82.04373956155233,50.0,69.19922102211228,0.28378378378378377,0.9459459459459459,0.9662162162162162,0.8986486486486487,D+,A,A,B+,lamresearchcorp
BFH,Bread Financial Holdings Inc,Financials,Consumer Finance,87.34,6.7789,0.7824,11.74,1.1577074899724558,96.57,-3.91,16.12,0.1365,2.4699999999999998,0.7640112089671739,73.0533,96.085,-3.8019999999999996,70.7628,0.7640112089671739,16.12,0.1365,2.4699999999999998,83.69269818480157,50.84141098643125,67.3469387755102,80.72974644403216,50.0,69.07414072617063,0.9547738693467337,0.49246231155778897,0.678391959798995,0.8492462311557789,A,C,B-,B+,breadfinancialholdingsinc
THC,Tenet Healthcare Corp,Health Care,Health Care Facilities,190.38,9.6243,0.7495,5.7695,3.922732189769742,27.35,6.57,40.550000000000004,0.1764,9.8,0.43514561176821387,27.7204,27.35,6.57,27.7204,0.43514561176821387,40.550000000000004,0.1764,9.8,92.3485209923664,53.641547795517326,71.31782945736434,61.78294573643411,50.0,69.00148631882297,0.9923664122137404,0.5572519083969466,0.7290076335877863,0.6259541984732825,A+,C+,B,B-,tenethealthcarecorp
APP,Applovin Corp,Information Technology,Application Software,468.55,47.2607,27.1377,39.228,74.25750419981615,114.67,45.98,249.2,0.6847,68.05,0.34902845327882337,38.0077,114.67,45.98,38.0077,0.34902845327882337,113.0909999999999,0.4248699999999999,46.00349999999993,32.75916761832255,91.19593045603052,97.54662232655191,65.29538341158059,50.0,68.87471025974084,0.2972972972972973,0.9797297297297297,0.9966216216216216,0.668918918918919,D+,A+,A+,B-,applovincorp
ASB,Associated Banc-Corp,Financials,Regional Banks,28.55,9.9437,2.01062,8.9503,0.9524413189394041,232.68,90.85232,9.83,0.359242,8.34,0.8643710470836262,22.7429,96.085,89.81605399999997,22.7429,0.8643710470836262,9.83,0.359242,8.34,86.84622090042046,96.97211543818597,36.98979591836735,66.47794601711652,50.0,68.64901649575745,0.9748743718592965,1.0,0.36432160804020103,0.7085427135678392,A+,A+,C-,B,associatedbanccorp
FAF,First American Financial Corp,Financials,Property & Casualty Insurance,71.04,10.5763,0.923,6.6977,1.3175880571325769,329.61,22.59,11.87,0.1388,8.09,0.9766050054406968,17.3827,96.085,22.59,17.3827,0.9645380732938337,11.87,0.1388,8.09,69.78899600041022,85.47352916597023,48.46938775510204,84.37755102040816,50.0,68.53481197615375,0.7939698492462312,0.9597989949748744,0.47738693467336685,0.8743718592964824,B,A,C,B+,firstamericanfinancialcorp
TGTX,TG Therapeutics Inc,Health Care,Biotechnology,42.86,14.621,10.609,49.9695,30.037143457845676,1889.26,87.32,101.12,0.20010000000000003,65.05,0.907589055240062,26.58,1439.2059999999972,37.382,26.58,0.907589055240062,98.90799999999997,0.20010000000000003,29.843999999999994,35.45841284987277,96.3057578367656,88.63049095607236,66.13510520487264,50.0,68.51039855981392,0.29770992366412213,1.0,0.9427480916030534,0.6946564885496184,D+,A+,A,B-,tgtherapeuticsinc
PRDO,Perdoceo Education Corp,Consumer Discretionary,Education Services,36.04,14.1311,2.6708,9.0536,2.315600102801336,10.81,24.2,16.3,0.23170000000000002,16.08,0.7923174335162515,19.615,10.81,22.853999999999996,19.615,0.7923174335162515,16.3,0.23170000000000002,16.08,57.04411307859584,81.63914592909065,68.50574712643679,77.61273209549071,50.0,68.23784065617443,0.6216216216216216,0.8716216216216216,0.722972972972973,0.831081081081081,B-,B+,B,B+,perdoceoeducationcorp
SOLV,Solventum Corp,Health Care,Health Care Technology,73.38,8.1668,1.5264,6.6161,2.5214415305954145,221.66,0.86,36.74,0.252,14.530000000000001,0.4260263361735086,10.1306,221.66,0.86,10.1306,0.4260263361735086,36.74,0.252,14.530000000000001,88.27131043256998,54.47453554758914,80.6201550387597,50.497416020671835,50.0,68.21725668148463,0.9618320610687023,0.5877862595419847,0.8396946564885496,0.48854961832061067,A,C+,B+,C,solventumcorp
MEDP,Medpace Holdings Inc,Health Care,Life Sciences Tools & Services,424.0,26.3018,4.5213,19.4687,26.13911681842561,21.3,24.19,120.89000000000001,0.2102,120.89000000000001,0.4050685832325646,40.9528,21.3,24.19,40.9528,0.4050685832325646,98.90799999999997,0.2102,29.843999999999994,40.75620229007634,83.05312258800632,90.43927648578811,68.421926910299,50.0,68.09387959362718,0.366412213740458,0.916030534351145,0.9618320610687023,0.7099236641221374,C-,A-,A,B,medpaceholdingsinc
FIX,Comfort Systems USA Inc,Industrials,Construction & Engineering,1952.37,56.1373,6.7773,40.9183,28.04625606033399,107.81,38.43,51.690000000000005,0.157,49.63,0.9586207066003916,344.5793,106.67149999999995,22.59,147.7577,0.957018132975151,51.690000000000005,0.157,28.27,12.406261376046594,95.07850670731915,87.56218905472637,95.28468767274737,50.0,68.06475148370654,0.04878048780487805,0.9975609756097561,0.9463414634146341,0.9902439024390244,F,A+,A,A+,comfortsystemsusainc
DVA,DaVita Inc,Health Care,Health Care Services,198.65,16.8453,0.9221,8.4998,132.08989959438793,-7.8,6.46,181.22,0.14880000000000002,9.56,0.9936908517350157,38.3068,-7.8,6.46,38.3068,0.9890856315799909,98.90799999999997,0.14880000000000002,9.56,84.92763994910942,34.86793810194973,71.57622739018088,84.63787375415284,50.0,68.02712920604309,0.9541984732824428,0.25190839694656486,0.7404580152671756,0.8854961832061069,A,D+,B,B+,davitainc
ENVA,Enova International Inc,Financials,Consumer Finance,174.9,13.7893,2.3234,11.1236,3.233846483815976,56.49,19.67,24.45,0.4035,5.7700000000000005,0.9796989051094891,84.144,56.49,19.67,70.7628,0.9645380732938337,24.45,0.4035,5.7700000000000005,37.08465798379654,69.3979216365561,83.16326530612244,95.2752009894867,50.0,67.9966053476883,0.2814070351758794,0.8592964824120602,0.8341708542713567,0.9698492462311558,D+,B+,B+,A,enovainternationalinc
EXEL,Exelixis Inc,Health Care,Biotechnology,48.16,15.2855,5.1557,12.7402,5.84884808297203,39.67,6.85,36.89,0.3759,36.89,0.9079735266309485,31.9452,39.67,6.85,31.9452,0.9079735266309485,36.89,0.3759,29.843999999999994,60.33913804071246,52.85617339880906,92.24806201550386,70.97822074566261,50.0,67.91367884294841,0.648854961832061,0.5419847328244275,0.9847328244274809,0.732824427480916,B-,C+,A+,B,exelixisinc
HCA,HCA Healthcare Inc,Health Care,Health Care Facilities,435.19,14.21,1.2638,9.2062,258.2423451222407,29.19,6.71,695.73,0.1567,9.06,0.4643740067102243,22.9628,29.19,6.71,22.9628,0.4643740067102243,98.90799999999997,0.1567,9.06,84.66125954198473,58.85247827108293,72.09302325581395,59.622739018087856,50.0,67.88361415728383,0.9465648854961832,0.6717557251908397,0.7557251908396947,0.6106870229007634,A,B-,B,B-,hcahealthcareinc
FTDR,Frontdoor Inc,Consumer Discretionary,Specialized Consumer Services,64.62,17.6598,2.1419,10.0643,18.947368421052634,12.69,12.12,98.66,0.16140000000000002,17.88,0.7242152466367716,20.8528,12.69,12.12,20.8528,0.7242152466367716,98.66,0.16140000000000002,17.88,53.623796210003114,74.40558919013776,81.60919540229885,70.95172413793104,50.0,67.87971056868926,0.5945945945945946,0.8243243243243243,0.9054054054054054,0.7432432432432432,C+,B+,A-,B,frontdoorinc
TRN,Trinity Industries Inc,Industrials,Construction Machinery & Heavy Transportation Equipment,36.63,11.5195,1.3518,8.5564,2.7135946424470507,86.85,-29.95,24.45,0.3003,3.75,0.957018132975151,46.6373,86.85,-13.55,46.6373,0.957018132975151,24.45,0.2659,3.75,84.00679529183351,50.45729234263465,64.01326699834163,78.80907960199005,50.0,67.85828996146873,0.9121951219512195,0.5024390243902439,0.6682926829268293,0.8390243902439024,A-,C+,B-,B+,trinityindustriesinc
CARG,CarGurus Inc,Communication Services,Interactive Media & Services,34.745,20.0993,3.4549,11.3334,8.810030934631573,887.26,1.41,39.290000000000006,0.2695,39.290000000000006,0.6412125863392169,24.3113,570.9259999999986,1.41,24.3113,0.6412125863392169,39.290000000000006,0.2695,28.901999999999987,45.44566544566544,71.6117216117216,92.93650793650795,69.46275946275946,50.0,67.81043956043956,0.46153846153846156,0.8717948717948718,0.9487179487179487,0.7435897435897436,C,B+,A,B,cargurusinc
SNX,TD Synnex Corp,Information Technology,Technology Distributors,239.07,19.4031,0.294,11.1002,2.2660985701218497,50.42,10.39,11.600000000000001,0.0246,7.64,0.9887658481784625,101.9002,50.42,10.39,101.9002,0.9887658481784625,11.600000000000001,0.0246,7.64,91.0734678340312,69.48180309929754,38.4161450182577,82.52850435949027,50.0,67.77446470482978,0.9391891891891891,0.7837837837837838,0.32432432432432434,0.9121621621621622,A,B,C-,A-,tdsynnexcorp
HCI,Hci Group Inc,Financials,Property & Casualty Insurance,152.24,6.6332,2.2017,1.8709,1.8998841899285173,74.84,20.1,38.04,0.4866,33.550000000000004,0.21408336705787137,-1.6982,74.84,20.1,-1.6982,0.21408336705787137,38.04,0.4866,25.565,69.65824018049432,77.92885397515181,94.38775510204081,30.75510204081633,50.0,67.74829002382741,0.7788944723618091,0.9296482412060302,0.9447236180904522,0.27638190954773867,B,A-,A,D+,hcigroupinc
URBN,Urban Outfitters Inc,Consumer Discretionary,Apparel Retail,71.5,12.9161,0.974,7.7624,2.2780712542454964,18.83,11.07,17.66,0.09820000000000001,17.66,0.611195158850227,38.0309,18.83,11.07,38.0309,0.611195158850227,17.66,0.09820000000000001,17.66,73.98726312519416,79.76112134772309,58.390804597701155,67.80788177339902,50.0,67.60831755494826,0.8040540540540541,0.8648648648648649,0.5675675675675675,0.6891891891891891,B+,B+,C+,B-,urbanoutfittersinc
NXT,Nextpower Inc,Industrials,Electrical Components & Equipment,125.91,31.5748,5.1883,23.2759,11.263586348794561,4.17,30.02,31.28,0.2051,31.28,0.9340083303138691,182.3094,4.17,22.59,147.7577,0.9340083303138691,31.28,0.2051,28.27,28.610605509040166,76.56961320334857,90.04975124378109,87.55223880597015,50.0,67.48945959006906,0.2146341463414634,0.8585365853658536,0.9658536585365853,0.9219512195121952,D+,B+,A,A-,nextpowerinc
NVDA,NVIDIA Corp,Information Technology,Semiconductors,215.2,43.835,24.3734,37.6849,33.251440844265204,66.76,65.47,104.37,0.6038,97.21,0.9746563992591868,83.3518,66.76,47.04399999999999,83.3518,0.9746563992591868,104.37,0.4248699999999999,46.00349999999993,35.49041999746225,88.59328372393605,96.49028429838289,57.25645539906103,50.0,67.16512389856071,0.32432432432432434,0.9594594594594594,0.9864864864864865,0.527027027027027,C-,A,A+,C+,nvidiacorp
PTC,PTC Inc,Information Technology,Application Software,146.65,21.2636,6.0839,16.0407,4.581523946390078,109.43,23.62,22.470000000000002,0.3804,16.71,0.17747747747747766,-10.9809,109.43,23.62,-10.9809,0.17747747747747766,22.470000000000002,0.3804,16.71,66.35262022585965,83.08237583395106,81.25978090766823,42.91210224308816,50.0,67.10199589878982,0.7027027027027027,0.918918918918919,0.8513513513513513,0.3581081081081081,B,A-,B+,C-,ptcinc
CNX,CNX Resources Corp,Energy,Oil & Gas Exploration & Production,35.72,4.2862,2.3713,4.5779,1.1743857653398386,,45.18,27.46,0.4461,17.299999999999997,0.5031446540880503,15.412,,45.18,15.412,0.5031446540880503,27.46,0.4461,16.837999999999997,78.18181818181819,72.07792207792207,95.15151515151514,21.73160173160173,50.0,67.0952380952381,0.9272727272727272,0.8,0.9818181818181818,0.16363636363636364,A-,B,A+,D,cnxresourcescorp
SYF,Synchrony Financial,Financials,Consumer Finance,73.14,6.8691,0.73096,8.1129,1.5137529234017013,32.06,20.4839,21.41,0.1839285,11.14,0.5457715780296426,31.8788,32.06,20.4839,31.8788,0.5457715780296426,21.41,0.1839285,11.14,73.74756435237411,65.32991677176241,78.57142857142857,54.63203463203463,50.0,67.07213851171008,0.864321608040201,0.7989949748743719,0.7889447236180904,0.5577889447236181,B+,B,B,C+,synchronyfinancial
TILE,Interface Inc,Industrials,Office Services & Supplies,29.66,14.9271,1.2496,9.6396,2.6800639745547534,14.79,5.41,19.759999999999998,0.11599999999999999,13.34,0.6669945802604164,45.1787,14.79,5.41,45.1787,0.6669945802604164,19.759999999999998,0.11599999999999999,13.34,81.52570480928689,64.02714687432403,63.847429519071305,64.54925373134328,50.0,67.05856370322303,0.8731707317073171,0.6829268292682927,0.6634146341463415,0.6439024390243903,B+,B-,B-,B-,interfaceinc
GEV,GE Vernova Inc,Industrials,Heavy Electrical Equipment,1040.15,29.8175,7.0986,37.3105,25.08059596405312,395.59,10.27,87.97,0.1547,82.54,0.821617269662356,163.9975,106.67149999999995,10.27,147.7577,0.821617269662356,66.03,0.1547,28.27,21.846863244751855,86.04222675442662,87.72802653399668,87.01729447998105,50.0,67.00562669156866,0.13170731707317074,0.9609756097560975,0.9512195121951219,0.9170731707317074,D,A,A,A-,gevernovainc
VLY,Valley National Bancorp,Financials,Regional Banks,13.41,11.3257,2.27179,12.0031,0.9560134027233194,59.34,77.66814,8.49,0.4257981,7.430000000000001,0.8767361111111113,51.6968,59.34,77.66814,51.6968,0.8767361111111113,8.49,0.4257981,7.430000000000001,80.81222438724234,87.09179093852333,25.255102040816325,90.02852754004829,50.0,66.94089530272899,0.9296482412060302,0.9849246231155779,0.24874371859296482,0.9447236180904522,A-,A+,D+,A,valleynationalbancorp
OTTR,Otter Tail Corp,Utilities,Electric Utilities,88.03,13.3641,6.5055,9.033,1.9814259604390065,-8.68,8.05,15.36,0.6099,9.66,0.7672747374239913,14.7868,-8.68,8.05,14.7868,0.7672747374239913,15.36,0.38217500000000004,8.935,67.8840579710145,32.25566703827573,94.92753623188406,72.8205128205128,50.0,66.71813452248236,0.72,0.2,1.0,0.74,B,D,A+,B,ottertailcorp
BTSG,Brightspring Health Services Inc,Health Care,Health Care Services,54.83,34.3106,0.7792,23.2587,5.618000553295695,417.71,17.97,16.72,0.0268,7.07,0.9966611018363939,143.4725,417.71,17.97,122.90492,0.9890856315799909,16.72,0.0268,7.07,51.11720737913486,91.48918587872078,44.83204134366925,96.95681063122925,50.0,66.67651148269104,0.5572519083969466,0.9770992366412213,0.4122137404580153,1.0,C+,A+,C,A+,brightspringhealthservicesinc
MD,Pediatrix Medical Group Inc,Health Care,Health Care Services,23.51,11.5769,1.0004,8.4945,2.2529947292764736,34.98,-4.92,19.580000000000002,0.12,11.41,0.88745247148289,62.8116,34.98,-4.92,62.8116,0.88745247148289,19.580000000000002,0.12,11.41,88.7503975826972,39.76211450048659,59.173126614987076,83.44629014396456,50.0,66.6225619783113,0.9694656488549618,0.35877862595419846,0.6068702290076335,0.8702290076335878,A,C-,B-,B+,pediatrixmedicalgroupinc
MCRI,Monarch Casino & Resort Inc,Consumer Discretionary,Casinos & Gaming,118.61,20.5746,3.8268,10.9611,3.930880661763975,42.37,4.39,18.68,0.2339,18.68,0.9459713413201786,48.5782,42.37,4.39,48.5782,0.9049423889407532,18.68,0.2339,18.68,39.815159987573786,70.29431015824895,74.94252873563218,94.19738406658739,50.0,66.58776102576876,0.36486486486486486,0.7702702702702703,0.7804054054054054,0.972972972972973,C-,B,B,A+,monarchcasinoresortinc
TOL,Toll Brothers Inc,Consumer Discretionary,Homebuilding,137.89,9.4538,1.1591,7.9485,1.5804736033743667,-3.66,4.6,16.86,0.15289999999999998,12.55,0.5481909845788846,32.7397,-3.66,4.6,32.7397,0.5481909845788846,16.86,0.15289999999999998,12.55,75.10872941907425,63.27555238994782,60.45977011494253,74.60446247464503,50.0,66.46812785642277,0.8243243243243243,0.6824324324324325,0.6013513513513513,0.7972972972972973,B+,B-,B-,B,tollbrothersinc
LVS,Las Vegas Sands Corp,Consumer Discretionary,Casinos & Gaming,53.11,19.3575,2.5951,10.9727,22.546272711835627,50.5,22.67,82.89,0.2266,9.42,0.4434532881965057,33.5765,50.5,22.67,33.5765,0.4434532881965057,82.89,0.2266,9.42,45.211245728487114,92.00476901732222,76.0919540229885,63.6385255648038,50.0,66.4544588542941,0.42567567567567566,0.9662162162162162,0.8040540540540541,0.6081081081081081,C,A,B+,B-,lasvegassandscorp
MATX,Matson Inc,Industrials,Marine Transportation,182.72,12.3482,1.6422,8.8643,2.013297104563194,-1.03,-2.26,16.63,0.1494,14.63,0.9294311784119588,84.0822,-1.03,-2.26,84.0822,0.9294311784119588,16.63,0.1494,14.63,81.88326659385997,32.18148388492321,65.58872305140962,89.5974672094075,50.0,66.22378763018354,0.8829268292682927,0.2097560975609756,0.6926829268292682,0.9609756097560975,B+,D+,B-,A,matsoninc
ENR,Energizer Holdings Inc,Consumer Staples,Household Products,18.86,6.1299,0.4358,9.4525,7.571864461217279,285.73,3.37,135.8,0.08310000000000001,6.13,0.20013995801259618,-14.7763,60.61,3.37,-14.7763,0.20013995801259618,135.8,0.08310000000000001,6.13,86.86342592592592,80.46021875869246,59.25925925925926,42.944718117131906,50.0,66.21165867146118,0.96875,0.890625,0.59375,0.40625,A,B+,C+,C,energizerholdingsinc
NFG,National Fuel Gas Co,Utilities,Gas Utilities,79.52,11.6509,1.8214,6.7183,2.3224095583274678,-2.57,112.85,21.09,0.2394,11.05,0.11592741935483855,-2.3456,-2.57,21.3075,-2.3456,0.12178844806511223,20.5475,0.2394,8.935,91.27536231884058,66.68524712002973,86.95652173913044,16.52173913043478,50.0,66.19936826458566,0.98,0.74,0.96,0.08,A+,B,A,D-,nationalfuelgasco
THG,Hanover Insurance Group Inc,Financials,Property & Casualty Insurance,189.14,9.9402,1.001,7.6952,1.8747187525399,55.07,5.61,19.99,0.132,15.299999999999999,0.9186046511627904,13.7753,55.07,5.61,13.7753,0.9186046511627904,19.99,0.132,15.299999999999999,64.13829350835812,52.07532453061451,77.04081632653062,77.31632653061223,50.0,66.17310767096754,0.6834170854271356,0.5125628140703518,0.7738693467336684,0.8090452261306532,B-,C+,B,B+,hanoverinsurancegroupinc
ZION,Zions Bancorporation NA,Financials,Regional Banks,62.5,9.396,1.56245,8.6373,1.2852809624183847,20.22,53.61248,13.77,0.336199,8.16,0.8218780251694092,33.6327,20.22,53.61248,33.6327,0.8218780251694092,13.77,0.336199,8.16,75.08460670700441,62.911118539565805,59.183673469387756,74.82115426815888,50.0,66.11352460564298,0.8743718592964824,0.7587939698492462,0.5979899497487438,0.7939698492462312,B+,B,C+,B,zionsbancorporationna
ALLY,Ally Financial Inc,Financials,Consumer Finance,44.24,9.5602,0.88959,12.5662,0.8806118102305436,387.77,37.40411,9.19,0.158682,4.17,0.7948266522210183,32.0597,96.085,37.40411,32.0597,0.7948266522210183,9.19,0.158682,4.17,90.14331863398625,86.11382423811912,30.612244897959183,68.286951144094,50.0,66.06904595942899,0.9849246231155779,0.964824120603015,0.3015075376884422,0.7286432160804021,A+,A,C-,B,allyfinancialinc
TRV,Travelers Companies Inc,Financials,Property & Casualty Insurance,298.04,8.3284,1.2939,6.8074,1.970684383694974,82.92,4.11,24.14,0.20199999999999999,18.790000000000003,0.7641170029720009,10.051,82.92,4.11,10.051,0.7641170029720009,24.14,0.20199999999999999,18.790000000000003,66.37652548456569,55.42077553067023,82.6530612244898,63.26530612244898,50.0,65.99461300788772,0.7386934673366834,0.5979899497487438,0.8291457286432161,0.6834170854271356,B,C+,B+,B-,travelerscompaniesinc
MAS,Masco Corp,Industrials,Building Products,71.74,17.4816,1.9032,13.5905,94.91929081767663,10.01,-0.31,279.76,0.1664,15.870000000000001,0.6456649845662129,16.2534,10.01,-0.31,16.2534,0.6456649845662129,66.03,0.1664,15.870000000000001,69.86449864498645,52.87914925752626,83.74792703150912,60.03927729772191,50.0,65.98679173017354,0.7853658536585366,0.5609756097560976,0.8926829268292683,0.6097560975609756,B,C+,B+,B-,mascocorp
SBH,Sally Beauty Holdings Inc,Consumer Discretionary,Specialty Stores,14.03,7.6404,0.3719,5.1617,1.7290036354673732,5.62,-0.45,23.43,0.0816,10.96,0.6032636409994899,68.024,5.62,-0.45,68.024,0.6032636409994899,23.43,0.0816,10.96,92.98539919229574,44.30955514609107,52.87356321839081,78.01379310344828,50.0,65.92941025257952,0.9864864864864865,0.3918918918918919,0.5067567567567568,0.8445945945945946,A+,C-,C+,B+,sallybeautyholdingsinc
EAT,Brinker International Inc,Consumer Discretionary,Restaurants,138.68,18.5302,1.4507,11.1615,16.638671593799494,58.84,15.07,121.26999999999998,0.1003,51.9,0.4420487658800089,1.493,58.84,15.07,1.493,0.4420487658800089,121.26999999999998,0.1003,41.656,53.310034172103144,86.46122044500876,80.80459770114942,50.42596348884381,50.0,65.90609475508366,0.5743243243243243,0.9459459459459459,0.8851351351351351,0.47297297297297297,C+,A,B+,C,brinkerinternationalinc
CCK,Crown Holdings Inc,Materials,Paper & Plastic Packaging Products & Materials,101.19,15.4295,0.9209,8.3751,3.826982133942484,78.9,4.78,25.45,0.1244,8.0,0.437066763954761,3.9659,78.9,4.78,3.9659,0.437066763954761,25.45,0.1244,8.0,81.69642857142857,71.18783068783068,75.66137566137566,36.12698412698411,50.0,65.80241402116403,0.90625,0.828125,0.765625,0.359375,A-,B+,B,C-,crownholdingsinc
FSLR,First Solar Inc,Information Technology,Semiconductors,219.95,13.864,4.2605,9.3967,2.4746070105802245,31.57,27.3,18.01,0.3176,16.75,0.5837771405161817,64.4363,31.57,27.3,64.4363,0.5837771405161817,18.01,0.3176,16.75,81.89633295267099,75.00108896745294,75.89006259780906,31.10263432446531,50.0,65.66734354600366,0.8851351351351351,0.8648648648648649,0.7905405405405406,0.24324324324324326,B+,B+,B,D+,firstsolarinc
DVN,Devon Energy Corp,Energy,Oil & Gas Exploration & Production,45.61,10.7687,1.6553,4.7226,1.8269870136112736,-8.62,7.83,17.47,0.22949999999999998,11.110000000000001,0.6840231419670671,42.8437,-8.62,7.83,42.8437,0.6840231419670671,17.47,0.22949999999999998,11.110000000000001,78.7878787878788,53.84269715791456,76.96969696969698,54.1991341991342,50.0,65.5477602108037,0.9454545454545454,0.5636363636363636,0.7818181818181819,0.509090909090909,A,C+,B,C+,devonenergycorp
STLD,Steel Dynamics Inc,Materials,Steel,235.1,24.8442,1.7927,20.4431,3.8042563657781976,23.4,10.44,15.25,0.0915,10.56,0.9303508701094197,81.3623,23.4,10.44,81.3623,0.9303508701094197,15.25,0.0915,10.56,42.88194444444445,77.29779798745315,69.31216931216932,85.06841817186644,50.0,65.52177167101736,0.46875,0.875,0.71875,0.875,C,B+,B,B+,steeldynamicsinc
ESE,ESCO Technologies Inc,Industrials,Industrial Machinery & Supplies & Components,303.11,25.7825,6.5183,31.3295,5.080964194716374,175.22,14.09,21.34,0.1562,18.13,0.7552955874836732,74.3715,106.67149999999995,14.09,74.3715,0.7552955874836732,21.34,0.1562,18.13,27.391497795574967,93.87288631803501,74.95854063018241,80.55755704237433,50.0,65.47359827852121,0.1902439024390244,0.9853658536585366,0.7951219512195122,0.848780487804878,D,A+,B,B+,escotechnologiesinc
CTRA,Coterra Energy Inc,Energy,Oil & Gas Exploration & Production,32.56,14.3999,3.2341,5.9276,1.6668202434704265,49.63,40.07,11.77,0.3207,9.21,0.7030927835051547,41.9974,49.63,40.07,41.9974,0.7030927835051547,11.77,0.3207,9.21,60.0,85.01976284584981,70.30303030303031,54.32900432900432,50.0,65.44551101072841,0.7272727272727273,0.9272727272727272,0.7090909090909091,0.5272727272727272,B,A-,B,C+,coterraenergyinc
FDX,FedEx Corp,Industrials,Air Freight & Logistics,378.58,20.226,0.9865,10.037,3.2094474304413434,17.85,4.69,15.76,0.062,8.88,0.8658266554196542,72.702,17.85,4.69,72.702,0.8658266554196542,15.76,0.062,8.88,78.90789952675647,67.54168122597713,42.12271973466003,82.92001530807501,50.0,65.34999412216455,0.8536585365853658,0.7121951219512195,0.36585365853658536,0.8682926829268293,B+,B,C-,B+,fedexcorp
AAPL,Apple Inc,Information Technology,"Technology Hardware, Storage & Peripherals",293.32,35.1999,9.5574,27.1634,58.769785614105395,29.01,12.76,146.69,0.3264,69.07,0.9857847976307996,48.524,29.01,12.76,48.524,0.9857847976307996,113.0909999999999,0.3264,46.00349999999993,48.73429767795965,60.220665724742815,93.72717788210745,63.291021851272234,50.0,65.31770640521978,0.527027027027027,0.668918918918919,0.9797297297297297,0.6418918918918919,C+,B-,A+,B-,appleinc
VRRM,Verra Mobility Corp,Industrials,Data Processing & Outsourced Services,14.3,15.5616,2.1717,8.2173,7.495544606352868,388.68,11.36,40.550000000000004,0.2421,9.99,0.09995706646891224,-41.1038,106.67149999999995,11.36,-37.9304,0.09995706646891224,40.550000000000004,0.2421,9.99,77.50920195769122,88.10516813923692,80.92868988391376,15.279372368924605,50.0,65.28638106203354,0.8341463414634146,0.975609756097561,0.8634146341463415,0.1073170731707317,B+,A+,B+,D,verramobilitycorp
NEE,Nextera Energy Inc,Utilities,Multi-Utilities,93.1,23.8172,6.9938,18.8213,3.551266402197131,47.29,10.29,15.24,0.2954,5.4399999999999995,0.8379696013765413,36.2705,47.29,10.29,36.2705,0.8379696013765413,15.24,0.2954,5.4399999999999995,17.507246376811594,79.43840579710145,86.231884057971,92.06521739130434,50.0,65.23550724637681,0.1,0.9,0.94,0.98,D-,B+,A,A+,nexteraenergyinc
WT,WisdomTree Inc,Financials,Asset Management & Custody Banks,19.1,23.8835,5.2789,19.7191,6.497040615007824,70.96,15.43,26.490000000000002,0.3248,9.33,0.9810945273631843,103.6247,70.96,15.43,70.7628,0.9645380732938337,26.490000000000002,0.3248,9.33,15.136909034970769,77.1498993260823,86.22448979591837,96.92882030861125,50.0,65.156093634661,0.08542713567839195,0.9195979899497487,0.864321608040201,0.9874371859296482,D-,A-,B+,A+,wisdomtreeinc
PM,Philip Morris International Inc,Consumer Staples,Tobacco,170.99,23.4841,6.5562,19.2869,1288.5455915599096,60.61,7.31,575.44,0.3664,44.05,0.5871112014637121,-0.5872,60.61,7.31,-0.5872,0.5871112014637121,149.049,0.3664,29.504835999999994,23.024140211640212,88.57889556392763,96.2962962962963,62.80193236714976,50.0,65.10627471319961,0.203125,0.96875,1.0,0.59375,D+,A,A+,C+,philipmorrisinternationalinc
UTHR,United Therapeutics Corp,Health Care,Biotechnology,564.94,18.1624,7.6166,13.8344,3.4745033546356336,13.31,10.61,19.3,0.4689,19.16,0.8683094623847227,83.4221,13.31,10.61,83.4221,0.8683094623847227,19.3,0.4076999999999999,19.16,52.92422073791349,52.556387052511084,82.17054263565892,78.63418235511259,50.0,65.01180472491782,0.5801526717557252,0.5343511450381679,0.8702290076335878,0.8091603053435115,C+,C+,B+,B+,unitedtherapeuticscorp
GMED,Globus Medical Inc,Health Care,Health Care Equipment,77.95,19.9921,3.6588,14.2224,2.301983633619888,428.44,16.65,12.4,0.20329999999999998,12.389999999999999,0.5273396159854862,7.5766,428.44,16.65,7.5766,0.5273396159854862,12.4,0.20329999999999998,12.389999999999999,59.77059478371501,87.68201445297528,64.72868217054264,56.59883720930232,50.0,64.98098957101993,0.6412213740458015,0.9541984732824428,0.6870229007633588,0.5267175572519084,B-,A,B-,C+,globusmedicalinc
KRYS,Krystal Biotech Inc,Health Care,Biotechnology,305.71,43.9985,23.16,51.039,7.317627796980171,129.21,33.95,18.69,0.41409999999999997,18.69,0.9978723404255316,122.8694,129.21,33.95,122.8694,0.9890856315799909,18.69,0.4076999999999999,18.69,16.114026717557255,87.13775816488995,81.39534883720931,90.86378737541528,50.0,64.9776529967527,0.08396946564885496,0.9389312977099237,0.851145038167939,0.9618320610687023,D-,A,B+,A,krystalbiotechinc
JBL,Jabil Inc,Information Technology,Electronic Manufacturing Services,355.15,46.3155,1.147,28.4487,25.22927633214699,78.78,19.0,58.989999999999995,0.042800000000000005,17.96,0.9215811284666878,130.0194,78.78,19.0,130.0194,0.9215811284666878,58.989999999999995,0.042800000000000005,17.96,66.04809034386498,80.07298175015002,60.0,62.102615694164996,50.0,64.94714207482926,0.6959459459459459,0.9054054054054054,0.6283783783783784,0.6283783783783784,B-,A-,B-,B-,jabilinc
LECO,Lincoln Electric Holdings Inc,Industrials,Industrial Machinery & Supplies & Components,271.11,27.5641,3.4118,18.234,10.116573253826692,19.5,7.89,37.29,0.17,19.8,0.696409055425449,44.816,19.5,7.89,44.816,0.696409055425449,37.29,0.17,19.8,42.86373012983862,78.0970625798212,84.41127694859038,62.06381883685023,50.0,64.85092805294153,0.4195121951219512,0.8829268292682927,0.9073170731707317,0.6292682926829268,C,B+,A-,B-,lincolnelectricholdingsinc
CCL,Carnival Corp,Consumer Discretionary,"Hotels, Resorts & Cruise Lines",26.38,12.0261,1.3807,8.5326,2.817533216559149,50.48,6.1,26.22,0.16269999999999998,8.1,0.45859872611464964,30.2716,50.48,6.1,30.2716,0.45859872611464964,26.22,0.16269999999999998,8.1,69.45479962721343,77.72826722677702,61.60919540229886,57.65935214211076,50.0,64.84352263115562,0.75,0.8445945945945946,0.6114864864864865,0.5472972972972973,B,B+,B-,C+,carnivalcorp
SFM,Sprouts Farmers Market Inc,Consumer Staples,Food Retail,82.83,14.5286,0.864,8.8917,5.662970204969029,41.08,14.08,38.21,0.0779,37.16,0.1542004264392324,-47.6356,41.08,12.819999999999997,-41.132799999999996,0.1542004264392324,38.21,0.0779,29.504835999999994,74.91732804232804,95.14982285474088,75.39682539682539,16.007326007326007,50.0,64.80996813220173,0.859375,0.984375,0.8515625,0.046875,B+,A+,B+,F,sproutsfarmersmarketinc
LLY,Eli Lilly and Co,Health Care,Pharmaceuticals,948.45,35.4134,12.3895,27.9987,33.77033537117282,128.83,47.44,101.30999999999999,0.4363,37.71,0.6363957112335105,26.216,128.83,37.382,26.216,0.6363957112335105,98.90799999999997,0.4076999999999999,29.843999999999994,22.564805979643765,90.07376738965885,97.67441860465117,58.558139534883715,50.0,64.78618753098225,0.16793893129770993,0.9694656488549618,1.0,0.5725190839694656,D,A,A+,C+,elilillyandco
ECG,Everus Construction Group Inc,Industrials,Construction & Engineering,163.24,41.2947,2.224,30.7257,13.220275840844854,40.52,31.47,37.07,0.0707,24.27,0.9330130085089631,238.1811,40.52,22.59,147.7577,0.9330130085089631,37.07,0.0707,24.27,31.137806900457065,83.88285453340612,69.65174129353234,88.96075179657268,50.0,64.76610831449311,0.25365853658536586,0.9414634146341463,0.7365853658536585,0.9317073170731708,D+,A,B,A,everusconstructiongroupinc
RL,Ralph Lauren Corp,Consumer Discretionary,"Apparel, Accessories & Luxury Goods",358.45,23.5529,2.7618,15.8355,8.516396052212672,33.85,12.71,34.74,0.1463,21.84,0.7627176163165573,42.5419,33.85,12.71,42.5419,0.7627176163165573,34.74,0.1463,21.84,28.09568188878534,84.1218832302012,75.40229885057471,85.0,50.0,64.69887183088025,0.22297297297297297,0.9121621621621622,0.7972972972972973,0.8783783783783784,D+,A-,B,B+,ralphlaurencorp
DXPE,DXP Enterprises Inc,Industrials,Trading Companies & Distributors,156.18,26.2598,1.1549,15.2881,4.860998717677378,26.99,11.89,18.67,0.0877,7.7,0.7440228930120928,80.5549,26.99,11.89,80.5549,0.7440228930120928,18.67,0.0877,7.7,62.7917323949359,82.35595680707081,47.595356550580426,78.08734107241571,50.0,64.68543181227639,0.7073170731707317,0.9219512195121952,0.44390243902439025,0.8146341463414634,B,A-,C,B+,dxpenterprisesinc
PLUS,ePlus inc,Information Technology,Technology Distributors,90.31,17.3022,0.974,10.2479,2.4503938375213337,28.46,11.01,12.93,0.0692,12.809999999999999,0.8848446815186696,37.9621,28.46,11.01,37.9621,0.8848446815186696,12.93,0.0692,12.809999999999999,91.11153406928055,65.72681704260651,53.592853416797084,51.71249720545495,50.0,64.6639597211317,0.9459459459459459,0.7297297297297297,0.5743243243243243,0.4797297297297297,A,B,C+,C,eplusinc
NI,NiSource Inc,Utilities,Multi-Utilities,46.72,24.2582,3.4568,12.8291,2.3653061431131723,17.43,23.47,10.23,0.2814,3.7600000000000002,0.8078231292517009,17.95,17.43,21.3075,17.95,0.8078231292517009,10.23,0.2814,3.7600000000000002,43.507246376811594,87.6887077294686,63.76811594202898,76.4945652173913,50.0,64.65549516908212,0.44,0.94,0.63,0.78,C,A,B-,B,nisourceinc
ULTA,Ulta Beauty Inc,Consumer Discretionary,Other Specialty Retail,521.58,19.7768,1.8408,12.2427,8.217054507816428,1.06,41.38,44.07,0.12369999999999999,40.57,0.41213497040306735,34.3447,1.06,22.853999999999996,34.3447,0.41213497040306735,44.07,0.12369999999999999,40.57,45.35259397328363,76.87275160129857,78.85057471264368,65.7471264367816,50.0,64.57476777909787,0.4391891891891892,0.831081081081081,0.8445945945945946,0.6351351351351351,C,B+,B+,B-,ultabeautyinc
CMC,Commercial Metals Co,Materials,Steel,70.96,15.5712,0.938,15.3457,1.8816740959558325,638.58,8.38,11.88,0.0816,7.6499999999999995,0.649357196874212,53.7595,240.62599999999998,8.38,53.7595,0.649357196874212,11.88,0.0816,7.6499999999999995,66.38558201058201,85.76270472822196,57.14285714285714,57.515051997810616,50.0,64.5376611335663,0.765625,0.953125,0.609375,0.5625,B,A,B-,C+,commercialmetalsco
APH,Amphenol Corp,Information Technology,Electronic Components,128.03,37.7687,6.9836,24.0397,11.707098508609102,74.13,51.71,35.77,0.2541,19.74,0.5512481306798575,58.8856,74.13,47.04399999999999,58.8856,0.5512481306798575,35.77,0.2541,19.74,51.7002918411369,88.77132581061417,82.49869587897756,41.04503564597461,50.0,64.51301922134638,0.5608108108108109,0.9662162162162162,0.8716216216216216,0.33783783783783783,C+,A,B+,C-,amphenolcorp
NHC,National Healthcare Corp,Health Care,Health Care Facilities,188.82,24.3653,1.9266,16.5714,2.74481984666688,17.38,16.09,11.57,0.08460000000000001,10.65,0.9882792241468727,99.4718,17.38,16.09,99.4718,0.9882792241468727,11.57,0.08460000000000001,10.65,57.3791348600509,66.16068463301823,50.64599483204134,95.8656330749354,50.0,64.4115459646138,0.6183206106870229,0.7404580152671756,0.48854961832061067,0.9847328244274809,B-,B,C,A+,nationalhealthcarecorp
HRB,H & R Block Inc,Consumer Discretionary,Specialized Consumer Services,36.96,7.503,1.2149,6.7629,55.68781075787254,19.35,4.7,336.84,0.22260000000000002,18.93,0.24136238093017773,-36.6798,19.35,4.7,-36.6798,0.24136238093017773,170.61999999999995,0.22260000000000002,18.93,79.45324634979806,67.22902956918489,88.39080459770115,19.55862068965517,50.0,64.31854278864282,0.8716216216216216,0.75,0.9864864864864865,0.14864864864864866,B+,B,A+,D,hrblockinc
WFRD,Weatherford International PLC,Energy,Oil & Gas Equipment & Services,102.32,15.895,1.509,11.0769,4.312005090795689,1.92,-8.81,28.37,0.1431,14.610000000000001,0.8563829787234041,124.583,1.92,-8.81,121.21914999999998,0.8563829787234041,27.732999999999997,0.1431,14.610000000000001,50.90909090909091,37.24399942623995,83.03030303030303,91.44886363636363,50.0,64.2234210973692,0.4818181818181818,0.32727272727272727,0.8909090909090909,0.9272727272727272,C,C-,B+,A-,weatherfordinternationalplc
CBT,Cabot Corp,Materials,Diversified Chemicals,85.68,14.1317,1.2185,7.102,2.920992073638456,-24.11,-9.62,20.419999999999998,0.165,11.459999999999999,0.9871864284425198,15.3008,-24.11,-9.62,15.3008,0.9465967353939085,20.419999999999998,0.165,11.459999999999999,78.60449735449735,22.685185185185183,84.12698412698411,69.6031746031746,50.0,64.14054232804233,0.875,0.0625,0.90625,0.75,B+,D-,A-,B,cabotcorp
MPC,Marathon Petroleum Corp,Energy,Oil & Gas Refining & Marketing,244.87,17.3835,0.5209,8.66,4.1721544005520395,34.15,-3.8,24.01,0.061399999999999996,8.4,0.8560990286254619,63.2793,34.15,-3.8,63.2793,0.8560990286254619,24.01,0.061399999999999996,8.4,67.87878787878788,57.705609607783515,62.424242424242415,75.10489510489509,50.0,64.13785851829329,0.8363636363636363,0.6727272727272727,0.6363636363636364,0.7454545454545455,B+,B-,B-,B,marathonpetroleumcorp
GL,Globe Life Inc,Financials,Life & Health Insurance,151.08,10.0674,1.9513,9.0871,2.0000370671418324,17.67,3.96,20.64,0.2625,13.889999999999999,0.85960960960961,24.6226,17.67,3.96,24.6226,0.85960960960961,20.64,0.2625,13.889999999999999,61.08860629679007,46.59258635647196,77.55102040816327,75.55242786769881,50.0,64.0889095210725,0.6331658291457286,0.4321608040201005,0.7788944723618091,0.7989949748743719,B-,C,B,B,globelifeinc
EME,EMCOR Group Inc,Industrials,Construction & Engineering,921.64,32.3239,2.4221,22.48,11.168307425341844,31.03,16.62,39.129999999999995,0.1009,37.61,0.9413471582775563,109.3494,31.03,16.62,109.3494,0.9413471582775563,39.129999999999995,0.1009,28.27,37.5731100594588,69.04798814759879,78.27529021558873,81.57822001105583,50.0,64.08734170049281,0.33170731707317075,0.7317073170731707,0.8414634146341463,0.8585365853658536,C-,B,B+,B+,emcorgroupinc
DLTR,Dollar Tree Inc,Consumer Staples,Consumer Staples Merchandise Retail,94.24,14.7531,0.9747,8.7321,4.9820521360337064,-4.81,10.99,34.83,0.08839999999999999,19.45,0.17955706984667788,10.3771,-4.81,10.99,10.3771,0.17955706984667788,34.83,0.08839999999999999,19.45,71.27976190476191,66.55053440117192,71.95767195767196,49.300411522633745,50.0,63.979547650369604,0.78125,0.734375,0.796875,0.484375,B,B,B,C,dollartreeinc
D,Dominion Energy Inc,Utilities,Multi-Utilities,61.89,18.2711,3.4129,14.4995,1.870551433364061,41.05,16.9,10.7,0.2768,3.9800000000000004,0.6224700729150742,12.5273,41.05,16.9,12.5273,0.6224700729150742,10.7,0.2768,3.9800000000000004,52.811594202898554,90.02113526570048,67.39130434782608,54.42934782608695,50.0,63.940821256038646,0.56,0.98,0.73,0.58,C+,A+,B,C+,dominionenergyinc
GEO,Geo Group Inc,Industrials,Environmental & Facilities Services,21.76,11.3523,1.0976,7.2205,1.968803155875647,354.95,8.55,17.68,0.0947,8.25,0.6010396361273556,-17.2624,106.67149999999995,8.55,-17.2624,0.6010396361273556,17.68,0.0947,8.25,88.1009586215265,82.75306310064583,50.24875621890547,38.962331201137175,50.0,63.9305075704646,0.9317073170731708,0.926829268292683,0.526829268292683,0.34146341463414637,A,A-,C+,C-,geogroupinc
PLAB,Photronics Inc,Information Technology,Semiconductor Materials & Equipment,53.64,22.536,3.5675,8.8184,2.6341765251852616,-0.73,-0.06,11.84,0.2445,11.84,0.9924993302973479,174.5138,-0.73,-0.06,174.5138,0.9923589762072912,11.84,0.2445,11.84,79.4474051516305,35.020072497302806,64.89958268127282,79.11304427874435,50.0,63.913370313435266,0.8513513513513513,0.21621621621621623,0.6824324324324325,0.8445945945945946,B+,D+,B-,B+,photronicsinc
FOXA,Fox Corp,Communication Services,Broadcasting,62.94,13.4204,1.5308,8.8706,2.3484724108595394,-11.16,9.2,16.220000000000002,0.1807,10.27,0.48975720789074345,24.8314,-11.16,9.2,24.8314,0.48975720789074345,16.220000000000002,0.1807,10.27,68.73015873015872,62.301587301587304,63.664021164021165,66.69973544973544,50.0,63.89880952380952,0.7564102564102564,0.6794871794871795,0.6794871794871795,0.717948717948718,B,B-,B-,B,foxcorp
ARWR,Arrowhead Pharmaceuticals Inc,Health Care,Biotechnology,72.69,50.9132,9.4392,32.2699,21.165269042627532,,43539.24,36.120000000000005,0.2755,17.330000000000002,0.8987171837708829,448.6038,,37.382,122.90492,0.8987171837708829,36.120000000000005,0.2755,17.330000000000002,20.75978053435114,73.25581395348837,83.4625322997416,90.81579918789221,50.0,63.8699008367993,0.13740458015267176,0.8473282442748091,0.8778625954198473,0.9541984732824428,D,B+,B+,A,arrowheadpharmaceuticalsinc
SMP,Standard Motor Products Inc,Consumer Discretionary,Automotive Parts & Equipment,40.4,19.3364,0.4853,7.7104,1.3086122232155581,44.69,18.32,6.69,0.0799,3.5000000000000004,0.6875,41.2094,44.69,18.32,41.2094,0.6875,6.69,0.0799,3.5000000000000004,73.9919229574402,92.5639579337921,27.586206896551726,74.7816091954023,50.0,63.86364588933686,0.8108108108108109,0.972972972972973,0.21621621621621623,0.8040540540540541,B+,A+,D+,B+,standardmotorproductsinc
MNST,Monster Beverage Corp,Consumer Staples,Soft Drinks & Non-alcoholic Beverages,86.29,43.7341,10.0469,32.3746,10.225387495852491,30.46,10.7,25.650000000000002,0.2917,25.480000000000004,0.9191655801825297,43.4819,30.46,10.7,43.4819,0.9191655801825297,25.650000000000002,0.2917,25.480000000000004,8.870701058201059,87.3541118532011,84.65608465608464,89.782480893592,50.0,63.80901497793005,0.03125,0.9375,0.890625,0.90625,F,A,B+,A-,monsterbeveragecorp
DLX,Deluxe Corp,Industrials,Commercial Printing,26.58,14.3095,0.5507,9.7691,1.757936507936508,52.91,0.54,12.61,0.10890000000000001,3.8899999999999997,0.7026002166847236,68.7619,52.91,0.54,68.7619,0.7026002166847236,12.61,0.10890000000000001,3.8899999999999997,89.00214375278081,61.5998564489804,38.4742951907131,73.04387155133423,50.0,63.797855335936404,0.9463414634146341,0.6585365853658537,0.32682926829268294,0.7463414634146341,A,B-,C-,B,deluxecorp
CATY,Cathay General Bancorp,Financials,Regional Banks,57.45,11.5039,3.2522,9.4632,1.319703669672084,22.47,54.98545,11.37,0.5396866,10.86,0.9659863945578233,32.2818,22.47,54.98545,32.2818,0.9645380732938337,11.37,0.5396866,10.86,65.01128089426726,68.05940906642896,45.91836734693878,87.21088435374148,50.0,63.7864707443356,0.7035175879396985,0.8492462311557789,0.45226130653266333,0.9095477386934674,B,B+,C,A-,cathaygeneralbancorp
MSFT,Microsoft Corp,Information Technology,Systems Software,415.12,24.7035,9.7189,17.2087,8.984542396945706,29.75,17.87,33.129999999999995,0.4675,26.33,0.2954260179745946,-5.2605,29.75,17.87,-5.2605,0.2954260179745946,33.129999999999995,0.4248699999999999,26.33,58.19692932368989,69.77634055606987,89.56540166927492,39.27709626937251,50.0,63.75127011332968,0.6283783783783784,0.7972972972972973,0.9391891891891891,0.32432432432432434,B-,B,A,C-,microsoftcorp
SCHL,Scholastic Corp,Consumer Discretionary,Publishing,40.1,13.8846,0.5393,4.0739,1.0591653460116217,403.61,1.38,6.909999999999999,0.010700000000000001,5.48,0.8763622698233747,111.3864,312.90999999999997,1.38,77.53155999999989,0.8763622698233747,6.909999999999999,0.010700000000000001,5.48,83.08480894687791,70.3101693428095,19.54022988505747,95.0574712643678,50.0,63.72978782941931,0.9256756756756757,0.777027027027027,0.13513513513513514,0.9932432432432432,A-,B,D,A+,scholasticcorp
HCSG,Healthcare Services Group Inc,Industrials,Environmental & Facilities Services,23.06,22.6842,0.8314,16.7532,3.1455463101896055,69.63,6.46,13.600000000000001,0.0321,13.600000000000001,0.8866155157715259,60.6969,69.63,6.46,60.6969,0.8866155157715259,13.600000000000001,0.0321,13.600000000000001,65.82291793067185,73.24209696857328,42.620232172470985,84.29282160625445,50.0,63.61777124075125,0.7414634146341463,0.8146341463414634,0.3804878048780488,0.8829268292682927,B,B+,C-,B+,healthcareservicesgroupinc
DG,Dollar General Corp,Consumer Staples,Consumer Staples Merchandise Retail,113.29,16.8558,0.5966,8.9259,2.929676388292673,33.92,5.2,18.66,0.0516,11.28,0.37565990552931383,23.1815,33.92,5.2,23.1815,0.37565990552931383,18.66,0.0516,11.28,72.81746031746032,77.81006351133854,47.61904761904761,64.59729570840682,50.0,63.590598828076054,0.828125,0.875,0.453125,0.625,B+,B+,C,B-,dollargeneralcorp
PTCT,PTC Therapeutics Inc,Health Care,Pharmaceuticals,73.69,8.5724,3.3813,8.4388,3475.943396226415,,114.51,-351.90999999999997,0.5009,-39.77,0.7121117365019803,73.3474,,37.382,73.3474,0.7121117365019803,-38.344,0.4076999999999999,-26.982,78.57824427480915,73.16860465116278,34.62532299741602,78.26744186046511,50.0,63.58810112038187,0.8931297709923665,0.8282442748091603,0.29389312977099236,0.7938931297709924,B+,B+,D+,B,ptctherapeuticsinc
PFS,Provident Financial Services Inc,Financials,Regional Banks,22.4,10.0501,2.313,7.4602,1.032710172656232,134.42,36.72119,10.620000000000001,0.4091399,8.959999999999999,0.8040799612850388,30.2326,96.085,36.72119,30.2326,0.8040799612850388,10.620000000000001,0.4091399,8.959999999999999,83.78884217003385,64.86791278994187,41.83673469387755,70.98090849242924,50.0,63.57615847245208,0.9597989949748744,0.7939698492462312,0.4120603015075377,0.7386934673366834,A,B,C,B,providentfinancialservicesinc
MCK,McKesson Corp,Health Care,Health Care Distributors,736.09,20.6699,0.2254,15.369,23.418416205089702,59.37,15.49,39.43,0.014199999999999999,16.23,0.2737292817679559,6.6411,59.37,15.49,6.6411,0.2737292817679559,39.43,0.014199999999999999,16.23,74.47519083969466,79.6549927995833,60.0,45.00842601954837,50.0,63.55148147375,0.8244274809160306,0.8931297709923665,0.6259541984732825,0.4122137404580153,B+,B+,B-,C,mckessoncorp
EQT,EQT Corp,Energy,Oil & Gas Exploration & Production,55.96,10.6838,3.6737,5.52,1.4702868583259328,836.61,50.77,14.06,0.4972,10.61,0.3788568538189177,4.794,558.5374999999999,48.977999999999994,4.794,0.3835109421886937,14.06,0.49587,10.61,65.45454545454545,98.39862130623001,81.2121212121212,10.952380952380953,50.0,63.536867118388855,0.8,1.0,0.8727272727272727,0.07272727272727272,B,A+,B+,D-,eqtcorp
USB,US Bancorp,Financials,Diversified Banks,55.53,10.9462,2.0972,16.3652,1.3245143685837502,17.02,84.11849,12.21,0.25222680000000003,5.489999999999999,0.7125444388014222,31.775,17.02,84.11849,31.775,0.7125444388014222,12.21,0.25222680000000003,5.489999999999999,67.26874166752128,71.24384473958267,52.04081632653062,72.29199372056515,50.0,63.53455719054254,0.7437185929648241,0.864321608040201,0.5276381909547738,0.7487437185929648,B,B+,C+,B,usbancorp
C,Citigroup Inc,Financials,Diversified Banks,125.55,13.4348,1.09533,38.244,1.033508561945482,26.54,99.23775,7.55,0.2301502,1.72,0.8486167236555798,75.2513,26.54,89.81605399999997,70.7628,0.8486167236555798,7.55,0.2301502,1.72,69.71464465183058,86.97543681456435,21.428571428571427,91.56200941915228,50.0,63.49329326684382,0.7889447236180904,0.9798994974874372,0.21105527638190955,0.9547738693467337,B,A+,D+,A,citigroupinc
AWI,Armstrong World Industries Inc,Industrials,Building Products,161.76,22.6943,4.3224,16.6256,7.707555081192345,17.56,12.11,36.09,0.2659,22.900000000000002,0.22272886706418776,6.7371,17.56,12.11,6.7371,0.22272886706418776,36.09,0.2659,22.900000000000002,46.31719451522873,77.16328730109939,91.70812603648424,42.765121759622936,50.0,63.49201195007271,0.47804878048780486,0.8682926829268293,0.975609756097561,0.3902439024390244,C,B+,A+,C-,armstrongworldindustriesinc
EXPE,Expedia Group Inc,Consumer Discretionary,"Hotels, Resorts & Cruise Lines",229.98,21.7778,1.9127,10.2729,21.940888015417197,9.19,7.61,114.29,0.1274,17.65,0.5245088566827696,36.0909,9.19,7.61,36.0909,0.5245088566827696,114.29,0.1274,17.65,49.55110282696489,66.83010937950692,76.89655172413792,66.93834900731453,50.0,63.365605315139995,0.5067567567567568,0.7364864864864865,0.8243243243243243,0.6621621621621622,C+,B,B+,B-,expediagroupinc
RRC,Range Resources Corp,Energy,Oil & Gas Exploration & Production,40.52,10.609,2.9809,7.6226,2.209185676276879,152.9,23.03,20.93,0.3124,16.64,0.5041374920432846,10.3185,152.9,23.03,10.3185,0.5041374920432846,20.93,0.3124,16.64,61.21212121212121,87.1009787314135,86.06060606060606,20.562770562770563,50.0,63.350931677018636,0.7454545454545455,0.9818181818181818,0.9454545454545454,0.12727272727272726,B,A+,A,D,rangeresourcescorp
UAL,United Airlines Holdings Inc,Industrials,Passenger Airlines,99.58,8.8211,0.5345,5.9301,2.107789805223119,2.02,4.73,24.91,0.08439999999999999,9.32,0.5881242131766682,25.3998,2.02,4.73,25.3998,0.5881242131766682,24.91,0.08439999999999999,9.32,96.25045504186386,49.08844884593951,56.053067993366504,52.036369874764105,50.0,63.300844502948316,1.0,0.43902439024390244,0.5951219512195122,0.526829268292683,A+,C,C+,C+,unitedairlinesholdingsinc
SM,SM Energy Co,Energy,Oil & Gas Exploration & Production,29.44,10.8568,2.2305,4.6241,0.7016072143524433,-15.68,17.24,14.000000000000002,0.317,8.82,0.7588607594936709,28.9531,-15.68,17.24,28.9531,0.7588607594936709,14.000000000000002,0.317,8.82,73.93939393939394,57.61504799548277,70.9090909090909,52.813852813852805,50.0,63.297901373988324,0.9,0.6545454545454545,0.7272727272727273,0.4909090909090909,B+,B-,B,C,smenergyco
PEGA,Pegasystems Inc,Information Technology,Application Software,35.975,15.183,3.4217,21.8133,7.783090303318766,403.79,16.61,60.07,0.1506,60.07,0.04857100547904638,-23.4249,257.60999999999973,16.61,-23.4249,0.05854309805993903,60.07,0.1506,46.00349999999993,72.24337013069407,79.49213065919886,82.23787167449139,18.672241784037553,50.0,63.253184939943644,0.7702702702702703,0.8986486486486487,0.8648648648648649,0.13513513513513514,B,B+,B+,D,pegasystemsinc
YOU,Clear Secure Inc,Information Technology,Application Software,56.81,71.3123,8.6425,35.5936,42.57982311497527,5.72,16.91,77.38000000000001,0.2018,77.38000000000001,0.8711640211640214,121.347,5.72,16.91,121.347,0.8711640211640214,77.38000000000001,0.2018,46.00349999999993,37.301738358076385,52.19123218845236,87.10876369327075,83.36039384454878,50.0,63.21295071943702,0.35135135135135137,0.5608108108108109,0.8986486486486487,0.9324324324324325,C-,C+,B+,A,clearsecureinc
CON,Concentra Group Holdings Parent Inc,Health Care,Health Care Services,24.16,18.2242,1.4018,11.0709,7.90213907241447,-42.65,13.85,46.6,0.154,8.41,0.9144951140065148,7.9104,-42.65,13.85,7.9104,0.9144951140065148,46.6,0.154,8.41,76.68972646310432,46.43772651766838,68.73385012919897,62.78626799557033,50.0,63.20069305072356,0.8549618320610687,0.45038167938931295,0.6946564885496184,0.6412213740458015,B+,C,B-,B-,concentragroupholdingsparentinc
NATL,NCR Atleos Corp,Financials,Transaction & Payment Processing Services,44.27,18.2401,0.7494,6.6758,8.096047987417935,94.63,0.93,52.72,0.1244,5.59,0.8303929430633522,60.8064,94.63,0.93,60.8064,0.8303929430633522,40.677499999999995,0.1244,5.59,19.385191262434617,55.33572721276592,97.70408163265306,89.09809084924294,50.0,63.15908183617369,0.1306532663316583,0.592964824120603,0.9773869346733668,0.9246231155778895,D,C+,A+,A-,ncratleoscorp
ARW,Arrow Electronics Inc,Information Technology,Technology Distributors,194.95,17.4812,0.3237,13.3289,1.5120021716368712,49.65,10.49,9.049999999999999,0.026600000000000002,6.16,0.9537264537264536,64.7372,49.65,10.49,64.7372,0.9537264537264536,9.049999999999999,0.026600000000000002,6.16,89.89024235503109,69.1067457375834,33.007303077725616,67.54918399284597,50.0,63.05557230427505,0.9256756756756757,0.777027027027027,0.2702702702702703,0.7094594594594594,A-,B,D+,B,arrowelectronicsinc
SEZL,Sezzle Inc,Financials,Transaction & Payment Processing Services,96.34,25.2118,7.4542,19.2541,19.174810421352227,69.54,66.08,91.62,0.3926,51.25999999999999,0.3412999125619353,28.4876,69.54,66.08,28.4876,0.3412999125619353,40.677499999999995,0.3926,25.565,11.325761460363037,91.26027328326316,97.70408163265306,62.69914417379855,50.0,63.04934426466637,0.06030150753768844,0.9949748743718593,0.9773869346733668,0.678391959798995,D-,A+,A+,B-,sezzleinc
ES,Eversource Energy,Utilities,Electric Utilities,66.51,14.7485,1.8424,12.2508,1.5268910514680056,97.9,13.83,10.6,0.1996,3.6999999999999997,0.3730208993033571,6.0596,85.45799999999986,13.83,6.0596,0.3730208993033571,10.6,0.1996,3.6999999999999997,78.46376811594203,91.84937445807012,50.0,37.45819397993311,50.0,62.97745571658616,0.86,1.0,0.46,0.34,B+,A+,C,C-,eversourceenergy
GILD,"Gilead Sciences, Inc",Health Care,Biotechnology,131.33,19.1178,5.5263,16.5957,7.179131157308961,1903.07,2.4,41.02,0.3404,21.57,0.5812565529478186,33.7918,1439.2059999999972,2.4,33.7918,0.5812565529478186,41.02,0.3404,21.57,48.97622455470738,61.46817939453598,88.63049095607236,56.40088593576965,50.0,62.97549194375606,0.5114503816793893,0.7175572519083969,0.9427480916030534,0.5190839694656488,C+,B,A,C+,gileadsciencesinc
KOP,Koppers Holdings Inc,Materials,Commodity Chemicals,43.99,15.677,0.4671,7.9634,1.4910449177705167,14.14,-10.17,10.45,0.07490000000000001,3.7699999999999996,0.8875905585417153,68.1575,14.14,-10.17,68.1575,0.8875905585417153,10.45,0.07490000000000001,3.7699999999999996,88.4920634920635,39.19317397578267,44.97354497354497,83.71290545203588,50.0,62.94761800196583,0.9375,0.28125,0.359375,0.84375,A,D+,C-,B+,koppersholdingsinc
FIVE,Five Below Inc,Consumer Discretionary,Specialty Stores,223.13,34.3776,2.5879,17.8678,5.618591486875768,40.49,22.9,18.14,0.096,18.14,0.8319872664033484,159.4535,40.49,22.853999999999996,77.53155999999989,0.8319872664033484,18.14,0.096,18.14,22.6623174899037,91.92761252961306,59.77011494252873,94.59310344827585,50.0,62.91225130368589,0.18243243243243243,0.9594594594594594,0.581081081081081,0.9797297297297297,D,A,C+,A+,fivebelowinc
PRIM,Primoris Services Corp,Industrials,Construction & Engineering,104.8,20.8296,0.7559,11.2155,3.3693740616068184,51.48,18.97,17.48,0.054299999999999994,13.0,0.2721358872425009,53.0374,51.48,18.97,53.0374,0.2721358872425009,17.48,0.054299999999999994,13.0,79.19103668648626,81.98483084920463,49.08789386401327,46.95688225538973,50.0,62.85807525854375,0.8585365853658536,0.9170731707317074,0.47073170731707314,0.4292682926829268,B+,A-,C,C,primorisservicescorp
HRMY,Harmony Biosciences Holdings Inc,Health Care,Biotechnology,30.99,11.4577,2.0936,5.3073,2.055735029751441,8.31,21.51,19.84,0.24,16.36,0.3563517915309446,-6.0407,8.31,21.51,-6.0407,0.3563517915309446,19.84,0.24,16.36,83.70904898218829,66.03637892397583,74.93540051679587,24.780361757105943,50.0,62.8244605109624,0.9236641221374046,0.732824427480916,0.7938931297709924,0.21374045801526717,A-,B,B,D+,harmonybiosciencesholdingsinc
OVV,Ovintiv Inc,Energy,Oil & Gas Exploration & Production,57.83,13.1927,1.8394,6.4316,1.3084716923926276,15.07,-2.67,11.86,0.127,7.86,0.8067975524967484,63.6853,15.07,-2.67,63.6853,0.8067975524967484,11.86,0.127,7.86,69.0909090909091,51.72101449275362,55.75757575757575,81.16883116883116,50.0,62.79009034443817,0.8545454545454545,0.509090909090909,0.5818181818181818,0.8363636363636363,B+,C+,C+,B+,ovintivinc
TCBI,Texas Capital Bancshares Inc,Financials,Regional Banks,99.96,12.2969,1.94001,10.0838,1.2181583093970993,280.86,62.22861,9.93,0.3685057,8.19,0.7697841726618703,37.667,96.085,62.22861,37.667,0.7697841726618703,9.93,0.3685057,8.19,65.57147984822069,86.17476368228499,38.265306122448976,72.83739302172481,50.0,62.76162783346938,0.7085427135678392,0.9698492462311558,0.3768844221105528,0.7537688442211056,B,A,C-,B,texascapitalbancsharesinc
PFBC,Preferred Bank,Financials,Regional Banks,95.04,9.4339,2.84979,7.3661,1.46598118472381,15.88,79.98955,17.48,0.7110449,14.66,0.6584221748400857,13.9295,15.88,79.98955,13.9295,0.6584221748400857,17.48,0.6023860799999997,14.66,71.00681981335248,71.27883942776137,73.46938775510205,36.822470923853416,50.0,62.73931396243659,0.8241206030150754,0.8693467336683417,0.7386934673366834,0.33668341708542715,B+,B+,B,C-,preferredbank
COLL,Collegium Pharmaceutical Inc,Health Care,Pharmaceuticals,37.8,19.5127,1.5716,10.7544,3.9729670075570453,-5.88,23.62,24.11,0.2096,5.82,0.4583635711485364,38.6139,-5.88,23.62,38.6139,0.4583635711485364,24.11,0.2096,5.82,74.66006679389314,60.42655234515699,63.56589147286821,55.09302325581396,50.0,62.66040468688453,0.8320610687022901,0.6946564885496184,0.6717557251908397,0.5038167938931297,B+,B-,B-,C+,collegiumpharmaceuticalinc
BCO,Brinks Co,Industrials,Security & Alarm Services,107.22,22.3462,0.8482,7.9722,15.868693297023693,29.64,4.97,79.36,0.1093,4.64,0.48196196907766126,15.0553,29.64,4.97,15.0553,0.48196196907766126,66.03,0.1093,4.64,81.90591756663837,70.44024185490765,58.54063018242122,42.1937929400616,50.0,62.63844389625874,0.8878048780487805,0.7609756097560976,0.624390243902439,0.3804878048780488,B+,B,B-,C-,brinksco
EXLS,Exlservice Holdings Inc,Industrials,Data Processing & Outsourced Services,31.08,18.5578,2.2314,12.9758,5.3268433140232405,27.93,13.56,25.5,0.1503,19.46,0.19166666666666654,-31.7373,27.93,13.56,-31.7373,0.19166666666666654,25.5,0.1503,19.46,67.77009262629939,79.36340038935757,77.61194029850746,26.72024492920015,50.0,62.56223729491326,0.7609756097560976,0.8926829268292683,0.8292682926829268,0.22926829268292684,B,B+,B+,D+,exlserviceholdingsinc
RUN,Sunrun Inc,Industrials,Building Products,14.61,7.7326,1.1766,19.5493,1.0895748346247642,29.08,45.11,15.440000000000001,-0.042699999999999995,2.6100000000000003,0.541031652989449,71.8824,29.08,22.59,71.8824,0.541031652989449,15.440000000000001,-0.024399999999999998,2.6100000000000003,69.34838005096469,92.46767687117426,23.548922056384743,78.76931133804662,50.0,62.471723168681535,0.775609756097561,0.9804878048780488,0.18292682926829268,0.8341463414634146,B,A+,D,B+,sunruninc
WS,Worthington Steel Inc,Materials,Steel,40.43,16.8918,0.6141,9.4424,1.8650588626047162,12.12,5.55,11.01,0.0417,9.25,0.6496291842052515,54.5489,12.12,5.55,54.5489,0.6496291842052515,11.01,0.0417,9.25,81.15906084656085,54.20298092711886,53.17460317460317,64.78379857690203,50.0,62.380771906095184,0.890625,0.578125,0.53125,0.703125,B+,C+,C+,B,worthingtonsteelinc
DECK,Deckers Outdoor Corp,Consumer Discretionary,Footwear,100.42,13.8045,2.6709,9.0561,6.002032155878309,14.74,9.16,41.36,0.2382,41.36,0.39453411592076304,-20.0605,14.74,9.16,-20.0605,0.39453411592076304,41.36,0.2382,41.36,57.26467847157502,76.88250154688691,87.81609195402298,28.43260188087774,50.0,62.33321329195243,0.6283783783783784,0.8378378378378378,0.9797297297297297,0.2702702702702703,B-,B+,A+,D+,deckersoutdoorcorp
ANF,Abercrombie & Fitch Co,Consumer Discretionary,Apparel Retail,77.99,6.9391,0.6679,3.2289,2.500144257586346,-1.56,6.42,38.98,0.1328,38.98,0.1853384569908364,6.4129,-1.56,6.42,6.4129,0.1853384569908364,38.98,0.1328,38.98,88.50419384902143,48.33320798706426,79.3103448275862,28.497536945812808,50.0,62.31978365572732,0.9594594594594594,0.44594594594594594,0.8614864864864865,0.27702702702702703,A,C,B+,D+,abercrombiefitchco
EXPD,Expeditors International of Washington Inc,Industrials,Air Freight & Logistics,156.69,25.2211,1.8464,17.149,8.905573300899139,3.93,4.42,35.55,0.0951,35.55,0.8215196328403875,42.1353,3.93,4.42,42.1353,0.8215196328403875,35.55,0.0951,28.27,55.40670630586903,53.52376911429475,75.9535655058043,68.51128970531956,50.0,62.2470797168412,0.5902439024390244,0.5658536585365853,0.8170731707317073,0.697560975609756,C+,C+,B+,B-,expeditorsinternationalofwashingtoninc
LCII,LCI Industries,Consumer Discretionary,Automotive Parts & Equipment,118.82,15.3284,0.7,8.7574,2.1129152433266767,36.3,10.18,13.76,0.0658,8.14,0.4611134788925116,38.5171,36.3,10.18,38.5171,0.4611134788925116,13.76,0.0658,8.14,72.14818266542405,82.17372366161521,40.91954022988506,62.48275862068965,50.0,62.19822718028825,0.777027027027027,0.8783783783783784,0.39864864864864863,0.5878378378378378,B,B+,C-,C+,lciindustries
EVR,Evercore Inc,Financials,Investment Banking & Brokerage,341.19,22.829,3.4827,15.4106,6.469663556257573,54.71,29.49,33.81,0.2036,26.51,0.7331985851440123,57.419,54.71,29.49,57.419,0.7331985851440123,33.81,0.2036,25.565,16.907240283047898,74.8504094935651,92.3469387755102,74.0408163265306,50.0,62.09178992865866,0.11055276381909548,0.8994974874371859,0.9246231155778895,0.7738693467336684,D,B+,A-,B,evercoreinc
ASO,Academy Sports and Outdoors Inc,Consumer Discretionary,Specialty Stores,54.11,9.2465,0.5755,5.6377,1.6184317572741196,-3.5,2.02,18.07,0.08460000000000001,14.66,0.6423514267324608,34.4014,-3.5,2.02,34.4014,0.6423514267324608,18.07,0.08460000000000001,14.66,86.2193227710469,44.91181889971045,52.643678160919535,66.53793103448275,50.0,62.00570021983025,0.9459459459459459,0.39864864864864863,0.5,0.6554054054054054,A,C-,C,B-,academysportsandoutdoorsinc
IIIN,Insteel Industries Inc,Industrials,Building Products,26.97,12.4294,0.766,7.0892,1.409724327545292,88.38,20.94,11.72,0.0784,11.72,0.1515326778484672,-23.9639,88.38,20.94,-23.9639,0.1515326778484672,11.72,0.0784,11.72,91.03425959632732,93.87485247295179,44.69320066334992,21.437549096622156,50.0,61.994345378834105,0.9658536585365853,0.9902439024390244,0.3951219512195122,0.1902439024390244,A,A+,C-,D,insteelindustriesinc
LEA,Lear Corp,Consumer Discretionary,Automotive Parts & Equipment,139.69,12.9798,0.2916,10.1281,1.405104404618568,17.13,2.84,10.41,0.0358,6.74,0.9444444444444443,57.0786,17.13,2.84,57.0786,0.9049423889407532,10.41,0.0358,6.74,79.74060267163715,57.15921483097056,29.19540229885057,91.49425287356323,50.0,61.96469478352869,0.8918918918918919,0.6013513513513513,0.24324324324324326,0.9391891891891891,B+,B-,D+,A,learcorp
NTAP,NetApp Inc,Information Technology,"Technology Hardware, Storage & Peripherals",118.0,18.3939,3.3229,14.264,22.805898610386347,10.76,3.09,116.57,0.22210000000000002,32.64,0.7434074074074075,24.9471,10.76,3.09,24.9471,0.7434074074074075,113.0909999999999,0.22210000000000002,32.64,78.13094784925771,35.17356953235381,87.33372456964007,42.638961340056795,50.0,61.92867427920657,0.831081081081081,0.22297297297297297,0.9054054054054054,0.34459459459459457,B+,D+,A-,C-,netappinc
SLM,SLM Corp,Financials,Consumer Finance,22.47,5.6505,1.90601,10.3317,1.825938566552901,28.55,31.52147,31.16,0.2673951,8.58,0.27325581395348836,-29.6934,28.55,31.52147,-29.6934,0.27325581395348836,31.16,0.2673951,8.58,72.20156906983898,67.99175156630656,91.3265306122449,12.158317872603586,50.0,61.912038808303,0.8492462311557789,0.8442211055276382,0.914572864321608,0.09547738693467336,B+,B+,A-,D-,slmcorp
AX,Axos Financial Inc,Financials,Regional Banks,86.98,10.3924,2.35138,8.6286,1.832724391795935,14.36,78.88815,16.6,0.496028,12.08,0.5659390625499363,26.0214,14.36,78.88815,26.0214,0.5659390625499363,16.6,0.496028,12.08,63.90242026458825,66.06214521390854,70.91836734693877,49.54136493307,50.0,61.82589893227746,0.6733668341708543,0.8090452261306532,0.7135678391959799,0.47738693467336685,B-,B+,B,C,axosfinancialinc
WST,West Pharmaceutical Services Inc,Health Care,Health Care Supplies,325.92,42.4679,7.1553,27.2421,7.38861647068425,17.51,11.23,17.87,0.2034,16.73,0.9799442896935935,51.7742,17.51,11.23,51.7742,0.9799442896935935,17.87,0.2034,16.73,25.127226463104325,73.24385885432397,72.09302325581395,89.12306201550388,50.0,61.778446603695144,0.17557251908396945,0.8396946564885496,0.7557251908396947,0.9312977099236641,D,B+,B,A,westpharmaceuticalservicesinc
AROC,Archrock Inc,Energy,Oil & Gas Equipment & Services,36.96,20.0989,4.348,10.508,4.333399772543411,75.16,28.7,22.73,0.36369999999999997,8.290000000000001,0.8334652942728952,51.7241,75.16,28.7,51.7241,0.8334652942728952,22.73,0.36369999999999997,8.290000000000001,32.72727272727273,86.53596359811297,80.30303030303031,55.45454545454546,50.0,61.65567756810745,0.2,0.9454545454545454,0.8363636363636363,0.5454545454545454,D,A,B+,C+,archrockinc
STT,State Street Corp,Financials,Asset Management & Custody Banks,149.49,13.5088,1.80473,17.1467,1.498487378784811,11.47,181.1518,11.09,0.24962610000000002,5.04,0.8953870211102424,58.9305,11.47,89.81605399999997,58.9305,0.8953870211102424,11.09,0.24962610000000002,5.04,54.41621372166957,73.43955606353217,44.89795918367347,85.4654056744649,50.0,61.609535573935176,0.542713567839196,0.8894472361809045,0.44221105527638194,0.8844221105527639,C+,B+,C,B+,statestreetcorp
PBI,Pitney Bowes Inc,Industrials,Office Services & Supplies,15.7,14.6957,1.1235,9.4551,45.05021520803444,58.9,-28.29,5.27,0.1553,0.13,0.9642857142857143,66.8438,58.9,-13.55,66.8438,0.957018132975151,5.27,0.1553,0.13,83.64923350726043,49.57084144494916,31.343283582089555,89.4129353233831,50.0,61.54488462600395,0.9024390243902439,0.4585365853658537,0.24878048780487805,0.9512195121951219,A-,C,D+,A,pitneybowesinc
CRUS,Cirrus Logic Inc,Information Technology,Semiconductors,171.67,21.3864,4.3771,15.5361,4.604783159159674,38.36,7.04,20.13,0.2311,20.13,0.9157277535065531,75.9455,38.36,7.04,75.9455,0.9157277535065531,20.13,0.2311,20.13,71.54231696485218,54.652464947127655,76.646452790819,42.77908189880021,50.0,61.53350180810337,0.75,0.6148648648648649,0.7972972972972973,0.35135135135135137,B,B-,B,C-,cirruslogicinc
CMCSA,Comcast Corp,Communication Services,Cable & Satellite,25.4,4.8651,0.73,3.8832,0.9447366267695214,24.85,1.39,19.830000000000002,0.15289999999999998,9.719999999999999,0.12490216030056339,-20.7696,24.85,1.39,-20.7696,0.12490216030056339,19.830000000000002,0.15289999999999998,9.719999999999999,93.06471306471308,61.133069828722,65.15873015873017,23.706631532718493,50.0,61.52380107814891,0.9743589743589743,0.6410256410256411,0.7435897435897436,0.1794871794871795,A+,B-,B,D,comcastcorp
FNB,FNB Corp,Financials,Regional Banks,17.9,10.9093,2.56275,13.9805,0.9462538392002834,27.72,64.79501,8.76,0.42536409999999997,6.36,0.7824561403508768,29.5224,27.72,64.79501,29.5224,0.7824561403508768,8.76,0.42536409999999997,6.36,83.33632447954056,77.73853077546877,27.55102040816326,65.85034013605441,50.0,61.43961040423059,0.949748743718593,0.9246231155778895,0.271356783919598,0.7035175879396985,A,A-,D+,B,fnbcorp
BK,Bank of New York Mellon Corp,Financials,Asset Management & Custody Banks,130.5,16.2089,2.12845,16.0755,2.026828688711729,27.82,284.5591,12.659999999999998,0.2654159,5.84,0.8416056429328748,52.6316,27.82,89.81605399999997,52.6316,0.8416056429328748,12.659999999999998,0.2654159,5.84,38.97420777356169,87.94153682187965,54.08163265306123,77.78994524639124,50.0,61.41025652030991,0.32160804020100503,0.9899497487437185,0.5477386934673367,0.8140703517587939,C-,A+,C+,B+,bankofnewyorkmelloncorp
CI,Cigna Group,Health Care,Health Care Services,288.06,12.6718,0.2746,9.061,1.819419776510625,80.88,11.24,14.530000000000001,0.0335,8.200000000000001,0.48852887905011083,-13.5241,80.88,11.24,-13.5241,0.48852887905011083,14.530000000000001,0.0335,8.200000000000001,92.55526399491094,74.30503120910097,45.736434108527135,34.653377630121824,50.0,61.36460629370408,1.0,0.8702290076335878,0.4198473282442748,0.29770992366412213,A+,B+,C,D+,cignagroup
JNJ,Johnson & Johnson,Health Care,Pharmaceuticals,221.32,25.3307,5.5308,14.4712,6.535438186188527,-3.89,7.87,33.78,0.2588,20.849999999999998,0.7122022823050332,42.1817,-3.89,7.87,42.1817,0.7122022823050332,33.78,0.2588,20.849999999999998,46.018209287531796,48.774763135228255,83.97932816537468,70.39922480620154,50.0,61.33418195151258,0.4351145038167939,0.48091603053435117,0.8854961832061069,0.7251908396946565,C,C,B+,B,johnsonjohnson
CBOE,Cboe Global Markets Inc,Financials,Financial Exchanges & Data,348.56,29.5345,7.6123,20.4241,7.098851548545953,53.49,10.61,24.63,0.3378,19.12,0.9939256440281031,52.7834,53.49,10.61,52.7834,0.9645380732938337,24.63,0.3378,19.12,10.096400369192903,68.80264692614737,83.6734693877551,95.6550362080316,50.0,61.33400406607281,0.04522613065326633,0.8542713567839196,0.8391959798994975,0.9748743718592965,F,B+,B+,A+,cboeglobalmarketsinc
VZ,Verizon Communications Inc,Communication Services,Integrated Telecommunication Services,47.22,11.3156,1.4101,7.5805,1.9063306163479357,-2.49,2.85,16.68,0.2109,6.67,0.6644093303235514,8.2779,-2.49,2.85,8.2779,0.6644093303235514,16.68,0.2109,6.67,73.57753357753359,48.05194805194805,62.08994708994709,63.95382395382395,50.0,61.31802456802457,0.8717948717948718,0.4358974358974359,0.6410256410256411,0.6666666666666666,B+,C,B-,B-,verizoncommunicationsinc
SKYW,SkyWest Inc,Industrials,Passenger Airlines,88.23,8.1855,0.8527,5.3538,1.2808842935973208,19.39,12.26,16.0,0.1461,8.42,0.1873008648156578,-11.7965,19.39,12.26,-11.7965,0.1873008648156578,16.0,0.1461,8.42,92.51708934999799,76.7622518698007,55.72139303482587,19.516212043232116,50.0,61.315313378812526,0.975609756097561,0.8634146341463415,0.5804878048780487,0.17073170731707318,A+,B+,C+,D,skywestinc
NWN,Northwest Natural Holding Co,Utilities,Gas Utilities,50.44,18.7306,1.6462,10.5957,1.4212614399711463,37.23,11.83,7.779999999999999,0.21789999999999998,2.91,0.6714031971580815,15.7677,37.23,11.83,15.7677,0.6714031971580815,7.779999999999999,0.21789999999999998,2.91,82.14492753623189,74.40542549238201,30.434782608695652,66.32107023411372,50.0,61.29022668153103,0.92,0.86,0.22,0.66,A-,B+,D+,B-,northwestnaturalholdingco
EBAY,eBay Inc,Consumer Discretionary,Broadline Retail,107.69,23.1838,4.242,22.5837,10.477311643835616,9.32,7.95,42.68,0.2051,17.65,0.9151919099057688,52.6219,9.32,7.95,52.6219,0.9049423889407532,42.68,0.2051,17.65,21.029822926374653,65.34824953935245,79.19540229885057,90.73103448275863,50.0,61.27216311072853,0.14189189189189189,0.7027027027027027,0.8513513513513513,0.9256756756756757,D,B,B+,A-,ebayinc
ADBE,Adobe Inc,Information Technology,Application Software,253.04,14.3842,4.24,11.0813,9.113172755560678,13.16,10.96,62.31,0.3665,40.56,0.14540790664923045,-34.1025,13.16,10.96,-34.1025,0.14540790664923045,62.31,0.3665,40.56,80.0469483568075,42.441709222194774,91.8329420970266,23.92377412623891,50.0,61.24306928314526,0.8716216216216216,0.3581081081081081,0.9527027027027027,0.1891891891891892,B+,C-,A,D,adobeinc
ORCL,Oracle Corp,Information Technology,Application Software,195.95,34.3484,8.6894,30.1798,26.895150774805437,31.02,14.87,57.35,0.3056,11.77,0.29069381955955476,30.3726,31.02,14.87,30.3726,0.29069381955955476,57.35,0.3056,11.77,48.43293998223576,60.765519040166915,80.1219353155973,59.60517736045904,50.0,61.212858104583454,0.5202702702702703,0.6824324324324325,0.8378378378378378,0.5675675675675675,C+,B-,B+,C+,oraclecorp
IBM,International Business Machines Corp,Information Technology,IT Consulting & Other Services,229.76,20.0919,3.1349,19.5023,6.593999506368421,94.45,9.67,35.53,0.1532,11.44,0.08677289306968702,-9.5931,94.45,9.67,-9.5931,0.08677289306968702,35.53,0.1532,11.44,72.04669458190585,69.55769705955028,69.90414710485133,34.03454917539425,50.0,61.206159668678204,0.7635135135135135,0.7905405405405406,0.7162162162162162,0.2702702702702703,B,B,B,D+,internationalbusinessmachinescorp
KEYS,Keysight Technologies Inc,Information Technology,Electronic Equipment & Instruments,360.3,64.4525,10.9218,56.3827,10.488594417727269,59.12,13.13,16.56,0.15960000000000002,11.53,0.9685133887349954,136.6658,59.12,13.13,136.6658,0.9685133887349954,16.56,0.15960000000000002,11.53,31.030326100748642,79.1473407704192,62.61737089201878,84.63072340855167,50.0,61.16753708398603,0.27702702702702703,0.8918918918918919,0.668918918918919,0.9459459459459459,D+,B+,B-,A,keysighttechnologiesinc
TMDX,Transmedics Group Inc,Health Care,Health Care Equipment,67.84,12.3212,3.8722,21.6888,4.913805591771694,362.68,37.13,53.879999999999995,0.1793,22.009999999999998,0.0016985618842713813,-27.2103,362.68,37.13,-27.2103,0.013961706883119818,53.879999999999995,0.1793,22.009999999999998,54.44895038167939,93.84558559895157,81.65374677002585,16.69896640826873,50.0,61.13458468937038,0.5954198473282443,0.9923664122137404,0.8625954198473282,0.13740458015267176,C+,A+,B+,D,transmedicsgroupinc
ENS,EnerSys,Industrials,Electrical Components & Equipment,229.82,27.0215,2.261,17.5615,4.700814491484861,-0.06,5.2,16.61,0.1161,10.14,0.9907853470852597,147.7577,-0.06,5.2,147.7577,0.957018132975151,16.61,0.1161,10.14,50.03114508757028,52.18699108157364,56.71641791044775,95.00829187396351,50.0,61.12594734061194,0.5219512195121951,0.5560975609756098,0.6,0.9853658536585366,C+,C+,C+,A+,enersys
AVGO,Broadcom Inc,Information Technology,Semiconductors,430.0,81.2337,29.7087,67.8511,25.077858001003115,147.22,25.22,32.85,0.4077,17.630000000000003,0.967178084533527,106.9596,147.22,25.22,106.9596,0.967178084533527,32.85,0.4077,17.630000000000003,21.03476716152772,83.62565179651911,85.47209181011998,63.739241001564935,50.0,61.099693302528735,0.16216216216216217,0.9324324324324325,0.8783783783783784,0.6486486486486487,D,A,B+,B-,broadcominc
GDDY,GoDaddy Inc,Information Technology,Internet Services & Infrastructure,91.02,13.7561,2.3825,10.7816,57.01578551741418,21.35,7.83,366.9,0.2373,21.65,0.15293488516259118,-50.2569,21.35,7.83,-44.66056999999999,0.15293488516259118,113.0909999999999,0.2373,21.65,87.48889734805228,51.777870886647115,86.61971830985915,11.076682316118935,50.0,61.098064555031065,0.9121621621621622,0.5472972972972973,0.8918918918918919,0.060810810810810814,A-,C+,B+,D-,godaddyinc
BOOT,Boot Barn Holdings Inc,Consumer Discretionary,Apparel Retail,163.3,22.7383,2.2958,13.0253,4.417106889658885,27.79,17.5,18.279999999999998,0.13449999999999998,18.07,0.5240750126710595,37.4116,27.79,17.5,37.4116,0.5240750126710595,18.279999999999998,0.13449999999999998,18.07,36.526871699285486,89.41074718910991,67.35632183908045,60.88669950738917,50.0,61.030287723891306,0.3108108108108108,0.9527027027027027,0.6891891891891891,0.5608108108108109,C-,A,B-,C+,bootbarnholdingsinc
COLB,Columbia Banking System Inc,Financials,Regional Banks,30.04,11.6323,2.74981,8.4696,1.1319489191093626,19.29,230.0598,10.36,0.2585466,9.54,0.7534754402224279,24.9064,19.29,89.81605399999997,24.9064,0.7534754402224279,10.36,0.2585466,9.54,71.91057327453595,81.1148872422481,40.30612244897959,58.56045644064077,50.0,60.98924266745666,0.8341708542713567,0.9547738693467337,0.3969849246231156,0.6381909547738693,B+,A,C-,B-,columbiabankingsysteminc
FTNT,Fortinet Inc,Information Technology,Systems Software,114.07,44.7531,12.1986,35.5351,68.48994296007204,7.39,14.17,123.64,0.3066,74.3,0.9867534800179613,16.7076,7.39,14.17,16.7076,0.9867534800179613,113.0909999999999,0.3066,46.00349999999993,39.56350716914097,46.41467936082823,93.2642149191445,67.24367711646221,50.0,60.93860181752945,0.40540540540540543,0.39864864864864863,0.972972972972973,0.7027027027027027,C,C-,A+,B,fortinetinc
AMZN,Amazon.com Inc,Consumer Discretionary,Broadline Retail,272.68,32.1298,3.9276,16.2984,7.118411331817482,36.46,14.22,23.34,0.115,18.98,0.9344773790951638,41.9617,36.46,14.22,41.9617,0.9049423889407532,23.34,0.115,18.98,20.42404473438956,84.3169255067123,66.4367816091954,86.67586206896553,50.0,60.9137641010318,0.12837837837837837,0.918918918918919,0.6722972972972973,0.9054054054054054,D,A-,B-,A-,amazoncominc
FULT,Fulton Financial Corp,Financials,Regional Banks,21.5,10.4764,2.12687,10.1705,1.108093203523221,22.36,55.27646,11.450000000000001,0.3345719,8.82,0.7668231611893586,22.787,22.36,55.27646,22.787,0.7668231611893586,11.450000000000001,0.3345719,8.82,78.1996718285304,67.44194972174247,46.42857142857143,56.0588106210226,50.0,60.85721288282847,0.8994974874371859,0.8391959798994975,0.457286432160804,0.5879396984924623,B+,B+,C,C+,fultonfinancialcorp
YELP,Yelp Inc,Communication Services,Interactive Media & Services,27.08,10.2524,1.019,5.3179,2.283959988529595,18.34,3.75,19.96,0.126,19.96,0.3459759481961146,-24.2306,18.34,3.75,-24.2306,0.3459759481961146,19.96,0.126,19.96,86.88644688644689,63.00366300366299,70.02645502645503,20.06105006105006,50.0,60.84116809116809,0.9230769230769231,0.7692307692307693,0.8717948717948718,0.15384615384615385,A-,B,B+,D,yelpinc
COR,Cencora Inc,Health Care,Health Care Distributors,261.08,31.2549,0.1559,15.3315,33.57596646004269,18.29,7.45,101.42999999999999,0.82,17.07,0.12251356238698001,-7.9959,18.29,7.45,-7.9959,0.12251356238698001,98.90799999999997,0.4076999999999999,17.07,66.84756679389312,55.03365301140832,91.73126614987079,25.918436130771823,50.0,60.83512606437701,0.7480916030534351,0.6106870229007634,0.9770992366412213,0.22137404580152673,B,B-,A+,D+,cencorainc
KEX,Kirby Corp,Industrials,Marine Transportation,142.24,21.235,2.2323,10.8464,2.2624931007003486,29.1,5.52,10.54,0.1456,8.04,0.8023538441857492,36.914,29.1,5.52,36.914,0.8023538441857492,10.54,0.1456,8.04,67.9941754641427,73.23289678091754,47.595356550580426,61.442786069651746,50.0,60.83251957379464,0.7707317073170732,0.8097560975609757,0.44390243902439025,0.624390243902439,B,B+,C,B-,kirbycorp
T,AT&T Inc,Communication Services,Integrated Telecommunication Services,25.16,8.18,1.3855,5.6391,1.6019049680701374,82.59,2.92,19.650000000000002,0.1981,8.73,0.3230994152046785,-8.4092,82.59,2.92,-8.4092,0.3230994152046785,19.650000000000002,0.1981,8.73,78.9010989010989,67.53246753246754,66.95767195767196,29.22077922077922,50.0,60.81534206534207,0.8974358974358975,0.8205128205128205,0.8205128205128205,0.23076923076923078,B+,B+,B+,D+,attinc
PLTR,Palantir Technologies Inc,Information Technology,Application Software,137.8,144.7931,63.2348,156.4262,44.60413025182884,287.77,67.71,32.18,0.38130000000000003,32.18,0.2695652173913045,15.6525,257.60999999999973,47.04399999999999,15.6525,0.2695652173913045,32.18,0.38130000000000003,32.18,13.450069788097956,97.33250624605333,88.06403234220136,54.571596244131456,50.0,60.75934603061178,0.060810810810810814,1.0,0.9121621621621622,0.4864864864864865,D-,A+,A-,C,palantirtechnologiesinc
CPF,Central Pacific Financial Corp,Financials,Regional Banks,34.79,11.7065,1.82951,9.0959,1.548451993092275,45.7,22.86278,13.43,0.3274692,11.57,0.9366700715015324,29.8134,45.7,22.86278,29.8134,0.9366700715015324,13.43,0.3274692,11.57,59.66952107476156,51.302300963842,56.63265306122449,82.11542681588764,50.0,60.75908908994245,0.6130653266331658,0.5025125628140703,0.5728643216080402,0.8592964824120602,B-,C+,C+,B+,centralpacificfinancialcorp
QLYS,Qualys Inc,Information Technology,Systems Software,94.28,16.2927,4.8289,12.6047,6.00303080469138,16.99,10.13,37.830000000000005,0.3317,37.830000000000005,0.24419466403162052,-29.3677,16.99,10.13,-29.3677,0.24419466403162052,37.830000000000005,0.3317,37.830000000000005,76.16102017510468,46.14853808760884,88.55959833072508,26.57075066888788,50.0,60.72401237775678,0.8175675675675675,0.38513513513513514,0.918918918918919,0.20270270270270271,B+,C-,A-,D+,qualysinc
MMS,Maximus Inc,Industrials,Data Processing & Outsourced Services,64.27,9.5751,0.6625,7.3503,2.104088026635849,41.59,-0.15,21.759999999999998,0.1094,11.540000000000001,0.08968152866242028,-15.1439,41.59,-0.15,-15.1439,0.08968152866242028,21.759999999999998,0.1094,11.540000000000001,93.62617805282531,54.655934374948,62.354892205638485,28.859548411787216,50.0,60.698364121962996,0.9902439024390244,0.5804878048780487,0.6536585365853659,0.24878048780487805,A+,C+,B-,D+,maximusinc
HIG,Hartford Insurance Group Inc,Financials,Property & Casualty Insurance,132.02,8.9258,1.2611,7.6867,1.9263094001330703,41.63,6.9,22.009999999999998,0.18059999999999998,17.79,0.4986945169712797,2.9717,41.63,6.9,2.9717,0.4986945169712797,22.009999999999998,0.18059999999999998,17.79,66.13680648138651,54.670733745612566,79.59183673469387,41.40816326530612,50.0,60.64794020620383,0.7336683417085427,0.5628140703517588,0.7989949748743719,0.40703517587939697,B,C+,B,C,hartfordinsurancegroupinc
EHC,Encompass Health Corp,Health Care,Health Care Facilities,106.1,18.5889,1.7733,9.2468,4.351428055842643,24.23,10.46,24.48,0.17739999999999997,11.85,0.3784781374219193,-8.4635,24.23,10.46,-8.4635,0.3784781374219193,24.48,0.17739999999999997,11.85,77.78506679389312,61.641879905713104,69.50904392764858,32.325581395348834,50.0,60.617019940597814,0.8702290076335878,0.7251908396946565,0.7022900763358778,0.26717557251908397,B+,B,B,D+,encompasshealthcorp
MTCH,Match Group Inc,Communication Services,Interactive Media & Services,36.96,14.0562,2.4727,11.7366,,18.92,0.22,17.73,0.2502,5.48,0.8193548387096773,34.5468,18.92,0.22,34.5468,0.8193548387096773,17.73,0.2502,5.48,47.71672771672772,50.54945054945054,64.86772486772487,86.56898656898656,50.0,60.56980056980056,0.5128205128205128,0.5384615384615384,0.717948717948718,0.8717948717948718,C+,C+,B,B+,matchgroupinc
AIZ,Assurant Inc,Financials,Multi-line Insurance,239.67,13.4688,0.917,8.3802,2.03247275280613,18.42,7.92,15.61,0.0934,11.28,0.8944649739738544,22.9897,18.42,7.92,22.9897,0.8944649739738544,15.61,0.0934,11.28,46.50420469695416,56.62834822119463,65.81632653061224,80.57445200302342,50.0,60.52069285173521,0.4221105527638191,0.6180904522613065,0.6633165829145728,0.8442211055276382,C,B-,B-,B+,assurantinc
KSS,Kohls Corp,Consumer Discretionary,Broadline Retail,14.5,5.9502,0.1039,3.6439,0.4011852950371996,144.37,-4.28,6.909999999999999,0.04019999999999999,3.36,0.4235009411132025,105.3824,144.37,-4.28,77.53155999999989,0.4235009411132025,6.909999999999999,0.04019999999999999,3.36,98.63466915191053,53.9120821268755,20.3448275862069,74.84137931034482,50.0,60.49556647197342,1.0,0.527027027027027,0.14864864864864866,0.8108108108108109,A+,C+,D,B+,kohlscorp
PNC,PNC Financial Services Group Inc,Financials,Diversified Banks,216.85,12.1372,2.34179,14.5666,1.397396852973359,20.05,72.26733,11.98,0.345423,6.890000000000001,0.6554311879928771,30.0606,20.05,72.26733,30.0606,0.6554311879928771,11.98,0.345423,6.890000000000001,61.733411957747926,72.7438211685245,49.48979591836735,65.69858712715856,50.0,60.494283628165434,0.6532663316582915,0.8844221105527639,0.48743718592964824,0.6984924623115578,B-,B+,C,B-,pncfinancialservicesgroupinc
PHIN,Phinia Inc,Consumer Discretionary,Automotive Retail,79.87,22.7449,0.8526,9.4637,1.908181744336616,85.63,1.91,8.21,0.0732,5.06,0.9691772309221975,90.3933,85.63,1.91,77.53155999999989,0.9049423889407532,8.21,0.0732,5.06,59.04784094439267,65.77165691529669,32.183908045977006,97.62800417972832,50.0,60.487869466597424,0.6554054054054054,0.7094594594594594,0.28378378378378377,1.0,B-,B,D+,A+,phiniainc
PRGS,Progress Software Corp,Information Technology,Systems Software,29.87,13.9849,1.2036,8.9053,2.6435967784759717,53.68,22.42,17.82,0.16940000000000002,4.52,0.1451535508637236,-51.6354,53.68,22.42,-44.66056999999999,0.1451535508637236,17.82,0.16940000000000002,4.52,92.05050120543079,85.89328842323893,52.507172665623365,10.653238426977637,50.0,60.44872383780685,0.9527027027027027,0.9527027027027027,0.5405405405405406,0.05405405405405406,A,A,C+,D-,progresssoftwarecorp
MAR,Marriott International Inc,Consumer Discretionary,"Hotels, Resorts & Cruise Lines",353.18,36.2301,3.5987,25.2652,193.1317329250287,14.13,4.33,309.12,0.15810000000000002,25.790000000000003,0.7878919688402073,36.2052,14.13,4.33,36.2052,0.7878919688402073,170.61999999999995,0.15810000000000002,25.790000000000003,15.385212799005904,64.4351281411968,86.78160919540228,85.01567398119121,50.0,60.43186592307965,0.06756756756756757,0.6959459459459459,0.9527027027027027,0.8851351351351351,D-,B-,A,B+,marriottinternationalinc
FFIV,F5 Inc,Information Technology,Communications Equipment,354.03,27.5467,6.05,19.4725,5.685374889794974,15.69,9.69,19.88,0.2466,19.88,0.9962526766595289,29.6148,15.69,9.69,29.6148,0.9923589762072912,19.88,0.2466,19.88,59.443598528105575,47.683029894430106,76.98552425665102,58.36243153364633,50.0,60.316372981804435,0.6418918918918919,0.44594594594594594,0.8040540540540541,0.5472972972972973,B-,C,B+,C+,f5inc
HFWA,Heritage Financial Corp,Health Care,Regional Banks,27.52,15.5472,2.30429,13.5624,1.0142929802964742,37.75,30.89696,7.580000000000001,0.3585707,7.41,0.8093994778067884,19.3211,37.75,30.89696,19.3211,0.8093994778067884,7.580000000000001,0.3585707,7.41,68.20332379134861,57.68890454936967,61.24031007751938,57.05092939901642,50.0,60.30887525689422,0.7786259541984732,0.648854961832061,0.6412213740458015,0.5572519083969466,B,B-,B-,C+,heritagefinancialcorp
LDOS,Leidos Holdings Inc,Industrials,Diversified Support Services,130.11,14.957,0.9453,9.9678,3.3448676552248937,17.43,3.07,29.609999999999996,0.12279999999999999,14.940000000000001,0.028817149091842863,-15.9007,17.43,3.07,-15.9007,0.028817149091842863,29.609999999999996,0.12279999999999999,14.940000000000001,83.30137928244955,60.34746930017578,72.96849087893865,20.82587064676617,50.0,60.30213552973544,0.8975609756097561,0.6487804878048781,0.7707317073170732,0.18048780487804877,B+,B-,B,D,leidosholdingsinc
ORI,Old Republic International Corp,Financials,Property & Casualty Insurance,39.26,9.3261,1.0184,8.4992,1.6354244772140298,32.73,12.35,16.7,0.1373,13.25,0.32795698924731165,3.0446,32.73,12.35,3.0446,0.32795698924731165,16.7,0.1373,13.25,69.20956824941032,61.50029249540364,72.44897959183673,37.91836734693878,50.0,60.29836892878024,0.7688442211055276,0.7185929648241206,0.7286432160804021,0.35175879396984927,B,B,B,C-,oldrepublicinternationalcorp
CRC,California Resources Corp,Energy,Oil & Gas Exploration & Production,58.92,14.4127,1.4259,5.4275,1.4233534322820036,-0.74,14.73,10.34,0.16269999999999998,7.91,0.6044821320411872,44.731,-0.74,14.73,44.731,0.6044821320411872,10.34,0.16269999999999998,7.91,73.93939393939394,64.25254093732354,54.54545454545454,51.47186147186147,50.0,60.266092603049124,0.9,0.7090909090909091,0.5454545454545454,0.4727272727272727,B+,B,C+,C,californiaresourcescorp
MWA,Mueller Water Products Inc,Industrials,Industrial Machinery & Supplies & Components,26.37,20.8367,2.881,13.3581,4.199312058092872,45.37,5.94,21.0,0.187,14.24,0.4394673123486685,6.5885,45.37,5.94,6.5885,0.4394673123486685,21.0,0.187,14.24,60.92788092060025,80.68646025246085,74.46102819237149,26.32012352032939,50.0,60.24854403280098,0.6926829268292682,0.9024390243902439,0.7853658536585366,0.22439024390243903,B-,A-,B,D+,muellerwaterproductsinc
URI,United Rentals Inc,Industrials,Trading Companies & Distributors,937.0,23.4174,3.5874,16.1079,6.592430876216381,1.45,5.05,27.88,0.24670000000000003,10.95,0.7682705388649562,39.8507,1.45,5.05,39.8507,0.7682705388649562,27.88,0.24670000000000003,10.95,48.93823565101323,49.361370097364045,78.1094527363184,67.9122903998526,50.0,60.21665419627624,0.5024390243902439,0.45365853658536587,0.8341463414634146,0.6878048780487804,C+,C,B+,B-,unitedrentalsinc
ACIW,ACI Worldwide Inc,Information Technology,Application Software,45.51,20.6136,2.655,12.4974,3.077141524168847,13.29,10.38,15.43,0.1869,9.74,0.45949277372037833,-6.0875,13.29,10.38,-6.0875,0.45949277372037833,15.43,0.1869,9.74,80.90026646364674,42.119230980424454,62.11528429838288,55.14410537297861,50.0,60.20655496118802,0.8783783783783784,0.34459459459459457,0.6554054054054054,0.5,B+,C-,B-,C,aciworldwideinc
HUBB,Hubbell Inc,Industrials,Industrial Machinery & Supplies & Components,492.58,28.673,4.331,19.5254,6.817159567592404,14.59,7.18,24.5,0.2071,15.4,0.6560055929831082,38.9232,14.59,7.18,38.9232,0.6560055929831082,24.5,0.2071,15.4,37.31909557901549,70.52156964635427,81.2603648424544,57.24309487047522,50.0,60.19779800873337,0.3170731707317073,0.7658536585365854,0.8731707317073171,0.5756097560975609,C-,B,B+,C+,hubbellinc
ILMN,Illumina Inc,Health Care,Life Sciences Tools & Services,141.88,24.914,4.8376,17.651,7.971950959128861,4.22,1.29,33.989999999999995,0.19260000000000002,18.96,0.8300016191508177,78.286,4.22,1.29,78.286,0.8300016191508177,33.989999999999995,0.19260000000000002,18.96,44.632633587786266,33.23181985972684,78.0361757105943,89.25802879291251,50.0,60.16517205512302,0.4198473282442748,0.22137404580152673,0.816793893129771,0.9465648854961832,C,D+,B+,A,illuminainc
BR,Broadridge Financial Solutions Inc,Industrials,Data Processing & Outsourced Services,149.5,16.1931,2.4072,12.5301,6.593513217899073,41.38,7.44,40.46,0.1725,18.02,0.009227033589639711,-36.6525,41.38,7.44,-36.6525,0.028817149091842863,40.46,0.1725,18.02,66.96679205598026,73.70719978701808,84.742951907131,12.365097588978184,50.0,60.14189546597707,0.7463414634146341,0.8390243902439024,0.9121951219512195,0.06829268292682927,B,B+,A-,D-,broadridgefinancialsolutionsinc
META,Meta Platforms Inc,Communication Services,Interactive Media & Services,609.63,22.0694,7.2469,14.4746,7.099717236463919,7.49,26.18,33.22,0.4121,27.51,0.32381608029276426,1.9431,7.49,22.091999999999985,1.9431,0.32381608029276426,33.22,0.4121,27.51,34.505494505494504,78.2967032967033,91.48148148148148,39.42612942612942,50.0,60.041310541310544,0.3333333333333333,0.9230769230769231,0.9230769230769231,0.3076923076923077,C-,A-,A-,C-,metaplatformsinc
BMY,Bristol-Myers Squibb Co,Health Care,Pharmaceuticals,56.16,19.2805,2.3768,13.9477,6.11971362878532,26.27,1.78,41.64,0.171,12.1,0.6697305365700367,19.7952,26.27,1.78,19.7952,0.6697305365700367,41.64,0.171,12.1,64.36863867684478,47.58505598621877,72.86821705426358,55.55038759689923,50.0,59.93630264940069,0.7099236641221374,0.4732824427480916,0.7862595419847328,0.5114503816793893,B,C,B,C+,bristolmyerssquibbco
KO,Coca-Cola Co,Consumer Staples,Soft Drinks & Non-alcoholic Beverages,78.42,24.7312,6.8753,23.5394,10.487181887478771,27.18,5.11,43.62,0.30010000000000003,17.57,0.7849359012867801,10.1869,27.18,5.11,10.1869,0.7849359012867801,43.62,0.30010000000000003,17.57,18.816137566137566,72.0405547363653,85.71428571428572,71.39329805996474,50.0,59.81937637937183,0.078125,0.78125,0.9375,0.71875,D-,B,A,B,cocacolaco
UNP,Union Pacific Corp,Industrials,Rail Transportation,264.65,21.8755,6.3882,14.4166,8.500571736923927,9.44,1.87,40.38,0.4021,14.530000000000001,0.8414386239249407,22.0485,9.44,1.87,22.0485,0.8414386239249407,40.38,0.2659,14.530000000000001,47.87444889374266,51.49112659763564,87.47927031509123,53.40687865022712,50.0,59.818030851781025,0.4878048780487805,0.5365853658536586,0.9414634146341463,0.5414634146341464,C,C+,A,C+,unionpacificcorp
NDSN,Nordson Corp,Industrials,Industrial Machinery & Supplies & Components,283.53,30.1764,5.5481,19.7849,5.209343857483023,17.82,6.5,17.299999999999997,0.259,10.22,0.8100021838829439,46.0742,17.82,6.5,46.0742,0.8100021838829439,17.299999999999997,0.259,10.22,33.24111151559277,73.51805026176795,70.23217247097844,71.1219763252702,50.0,59.79632631405043,0.28780487804878047,0.8195121951219512,0.7463414634146341,0.7268292682926829,D+,B+,B,B,nordsoncorp
BJRI,BJ's Restaurants Inc,Consumer Discretionary,Restaurants,42.7,18.3782,0.6411,7.4541,2.4620032749832794,215.12,3.08,13.19,0.0331,10.84,0.7672413793103449,9.9948,215.12,3.08,9.9948,0.7672413793103449,13.19,0.0331,10.84,72.65455110282697,63.72110307666104,35.86206896551724,74.5841784989858,50.0,59.79021133221542,0.7837837837837838,0.6891891891891891,0.3581081081081081,0.7905405405405406,B,B-,C-,B,bjsrestaurantsinc
VMI,Valmont Industries Inc,Industrials,Industrial Machinery & Supplies & Components,510.55,26.64,2.3738,20.0223,5.958772368009486,9.37,2.4,23.06,0.10640000000000001,15.65,0.9199160770484119,65.1143,9.37,2.4,65.1143,0.9199160770484119,23.06,0.10640000000000001,15.65,46.402135663147675,47.97351531531084,67.16417910447761,83.96122834105336,50.0,59.778527423179156,0.48292682926829267,0.424390243902439,0.7024390243902439,0.8780487804878049,C,C,B,B+,valmontindustriesinc
HCC,Warrior Met Coal Inc,Materials,Steel,85.87,32.9736,3.0872,13.6026,2.1080773215364146,29.59,11.13,6.4399999999999995,0.09699999999999999,5.76,0.698272523045937,89.6004,29.59,11.13,89.6004,0.698272523045937,6.4399999999999995,0.09699999999999999,5.76,42.46858465608466,82.89440444612859,48.67724867724868,76.93486590038314,50.0,59.75231240263568,0.421875,0.90625,0.421875,0.78125,C,A-,C,B,warriormetcoalinc
JBHT,J B Hunt Transport Services Inc,Industrials,Cargo Ground Transportation,245.4,36.8954,1.8915,15.0798,6.5113736769626325,17.3,0.58,17.299999999999997,0.0736,12.15,0.9144851657940664,78.4987,17.3,0.58,78.4987,0.9144851657940664,17.299999999999997,0.0736,12.15,49.95914735266755,61.4389620221872,50.66334991708126,86.44444444444446,50.0,59.73230561076353,0.5170731707317073,0.6536585365853659,0.5365853658536586,0.9024390243902439,C+,B-,C+,A-,jbhunttransportservicesinc
GRBK,Green Brick Partners Inc,Consumer Discretionary,Homebuilding,66.09,9.0446,1.35,6.8981,1.5360622513108477,-16.14,-0.02,17.7,0.19510000000000002,14.729999999999999,0.3831587412790338,9.0054,-16.14,-0.02,9.0054,0.3831587412790338,17.7,0.19510000000000002,14.729999999999999,76.29077353215284,45.143845903720795,66.66666666666667,49.77687626774848,50.0,59.72350448399873,0.831081081081081,0.40540540540540543,0.6824324324324325,0.44594594594594594,B+,C,B-,C,greenbrickpartnersinc
PRI,Primerica Inc,Financials,Life & Health Insurance,274.55,11.4436,2.6117,9.4432,3.5706389564448373,28.59,5.9,32.29,0.30329999999999996,18.05,0.7673455298584748,0.9375,28.59,5.9,0.9375,0.7673455298584748,32.29,0.30329999999999996,18.05,45.1094759511845,58.39083753173675,91.83673469387756,43.81421534130894,50.0,59.67756323587465,0.40703517587939697,0.6683417085427136,0.9195979899497487,0.4371859296482412,C,B-,A-,C,primericainc
ANET,Arista Networks Inc,Information Technology,Communications Equipment,141.77,48.0497,18.411,40.4086,14.399910616340959,23.51,30.57,30.580000000000002,0.4279,30.580000000000002,0.6036146838715057,62.4499,23.51,30.57,62.4499,0.6036146838715057,30.580000000000002,0.4248699999999999,30.580000000000002,32.936810049486105,76.57248504639452,88.62643453312467,44.78530907668231,50.0,59.66236997026806,0.30405405405405406,0.8783783783783784,0.9256756756756757,0.3783783783783784,C-,B+,A-,C-,aristanetworksinc
CENT,Central Garden & Pet Co,Consumer Staples,Household Products,38.14,13.923,0.7014,9.919,1.5145318015939513,35.0,-4.11,9.9,0.07719999999999999,5.63,0.7343260188087775,10.2631,35.0,-4.11,10.2631,0.7343260188087775,9.9,0.07719999999999999,5.63,75.65310846560847,51.04219943111972,37.83068783068783,80.02736726874657,50.0,59.584862414047336,0.8828125,0.5234375,0.2890625,0.78125,B+,C+,D+,B,centralgardenpetco
TGT,Target Corp,Consumer Staples,Consumer Staples Merchandise Retail,125.25,15.3531,0.5429,8.6655,3.508708039073421,-8.21,-1.68,23.89,0.048799999999999996,11.68,0.8419250906161901,29.217,-8.21,-1.68,29.217,0.8419250906161901,23.89,0.048799999999999996,11.68,79.62962962962963,27.68188433033606,52.38095238095238,80.12933568489123,50.0,59.56488950569096,0.921875,0.1875,0.5,0.796875,A-,D,C,B,targetcorp
R,Ryder System Inc,Industrials,Cargo Ground Transportation,239.14,18.8223,0.7344,6.0461,3.088542790020677,4.84,-0.07,16.36,0.0795,4.6,0.8296887059428865,63.1687,4.84,-0.07,63.1687,0.8296887059428865,16.36,0.0795,4.6,88.76754439186182,47.4798625918029,36.81592039800995,68.14925373134328,50.0,59.52168946209718,0.9414634146341463,0.4195121951219512,0.3024390243902439,0.6926829268292682,A,C,C-,B-,rydersysteminc
GE,General Electric Co,Industrials,Aerospace & Defense,297.15,36.3808,6.4987,32.3975,16.68585226156049,26.27,21.75,46.22,0.1666,22.25,0.62796260056534,38.5379,26.27,21.75,38.5379,0.62796260056534,46.22,0.1666,22.25,18.279335032156293,86.10059605354868,86.06965174129353,56.00608070757325,50.0,59.50858204558684,0.09268292682926829,0.9658536585365853,0.926829268292683,0.5707317073170731,D-,A,A-,C+,generalelectricco
VCTR,Victory Capital Holdings Inc,Financials,Asset Management & Custody Banks,85.33,16.5586,4.1844,11.1313,2.257538798554413,13.77,46.19,15.65,0.36579999999999996,10.73,0.9015610066900286,42.0509,13.77,46.19,42.0509,0.9015610066900286,15.65,0.36579999999999996,10.73,34.90411239872834,65.77932690619429,66.3265306122449,80.00995520159285,50.0,59.46551717430074,0.2663316582914573,0.8040201005025126,0.6683417085427136,0.8291457286432161,D+,B+,B-,B+,victorycapitalholdingsinc
WMS,Advanced Drainage Systems Inc,Industrials,Building Products,143.2,23.8425,3.7544,15.7999,6.864549777573247,0.61,1.6,25.82,0.2284,14.46,0.5160469011725292,23.4589,0.61,1.6,23.4589,0.5160469011725292,25.82,0.2284,14.46,47.97233345467782,51.22229242802008,81.01160862354892,59.82979837653836,50.0,59.45640368046838,0.4926829268292683,0.5317073170731708,0.8682926829268293,0.6048780487804878,C,C+,B+,B-,advanceddrainagesystemsinc
RCL,Royal Caribbean Cruises Ltd,Consumer Discretionary,"Hotels, Resorts & Cruise Lines",275.24,16.4809,4.0145,13.7099,7.415689771768972,37.86,9.75,45.81,0.27690000000000003,14.82,0.3353241077931538,18.2099,37.86,9.75,18.2099,0.3353241077931538,45.81,0.2651399999999998,14.82,37.62503883193538,84.02729585935693,80.80459770114942,39.68652037617555,50.0,59.3501723803777,0.32432432432432434,0.9054054054054054,0.8851351351351351,0.3581081081081081,C-,A-,B+,C-,royalcaribbeancruisesltd
MKC,McCormick & Company Inc,Consumer Staples,Packaged Foods & Meats,48.32,7.9674,1.8418,13.2432,2.2607963318205213,109.59,5.68,27.310000000000002,0.151,15.72,0.033052495139339055,-36.6046,60.61,5.68,-36.6046,0.033052495139339055,27.310000000000002,0.151,15.72,58.58134920634921,86.9602379506751,73.01587301587301,20.264550264550266,50.0,59.34426319860062,0.671875,0.921875,0.8125,0.125,B-,A-,B+,D,mccormickcompanyinc
CSCO,Cisco Systems Inc,Information Technology,Communications Equipment,96.57,34.4385,6.4592,28.2566,8.16383464367233,21.66,9.0,23.64,0.2275,14.63,0.988030323181274,61.7317,21.66,9.0,61.7317,0.988030323181274,23.64,0.2275,14.63,52.544093389163805,50.805886437804084,75.00652060511214,61.31944444444445,50.0,59.3127196750187,0.5878378378378378,0.5337837837837838,0.777027027027027,0.6013513513513513,C+,C+,B,B-,ciscosystemsinc
PPC,Pilgrims Pride Corp,Consumer Staples,Packaged Foods & Meats,29.1,6.5275,0.3819,4.5867,1.8784009708299176,-0.63,3.46,30.72,0.0872,16.28,0.00044722719141330775,-38.4778,-0.63,3.46,-38.4778,0.0202064614085461,30.72,0.0872,16.28,94.78339947089948,55.75432966143349,67.72486772486774,12.416225749559082,50.0,59.26117788114032,1.0,0.5625,0.734375,0.03125,A+,C+,B,F,pilgrimspridecorp
ANIP,ANI Pharmaceuticals Inc,Health Care,Pharmaceuticals,81.86,23.6801,2.1,10.6947,3.406589290841826,,43.78,16.06,0.1258,7.07,0.5877541481654592,14.4415,,37.382,14.4415,0.5877541481654592,16.06,0.1258,7.07,67.0324427480916,73.16860465116278,51.808785529715756,49.492248062015506,50.0,59.2424776120875,0.7557251908396947,0.8282442748091603,0.4961832061068702,0.46564885496183206,B,B+,C,C,anipharmaceuticalsinc
ACT,Enact Holdings Inc,Financials,Commercial & Residential Mortgage Finance,44.04,9.1184,4.9748,6.9433,1.16950057226924,3.47,2.83,12.83,0.7354,11.24,0.9300177718026871,20.823,3.47,2.83,20.823,0.9300177718026871,12.83,0.6023860799999997,11.24,79.66106040406112,28.292861520339375,55.10204081632652,74.44120505344995,50.0,59.23758861985477,0.9195979899497487,0.17587939698492464,0.5577889447236181,0.7839195979899497,A-,D,C+,B,enactholdingsinc
TTMI,TTM Technologies Inc,Information Technology,Electronic Manufacturing Services,157.31,82.2565,5.3162,58.4317,9.228287331710321,241.37,24.12,10.61,0.0974,6.81,0.8529726227118095,501.798,241.37,24.12,493.0368199999996,0.8529726227118095,10.61,0.0974,6.81,36.63240705494226,92.33559250238271,44.982394366197184,76.48334451151354,50.0,59.167487758064105,0.33783783783783783,0.9864864864864865,0.4391891891891892,0.8108108108108109,C-,A+,C,B+,ttmtechnologiesinc
BRBR,Bellring Brands Inc,Consumer Staples,Packaged Foods & Meats,10.31,6.551,0.5165,6.868,,-31.29,10.59,23.66314,0.1381,29.95204,0.01894955438262526,-83.3279,-31.29,10.59,-41.132799999999996,0.0202064614085461,23.66314,0.1381,29.504835999999994,88.50859788359787,57.94807297539538,75.39682539682539,7.760141093474426,50.0,59.11799863387978,0.984375,0.625,0.8515625,0.015625,A+,B-,B+,F,bellringbrandsinc
MS,Morgan Stanley,Financials,Investment Banking & Brokerage,193.09,16.6489,2.4383,40.2742,2.737828368546947,28.42,12.28,15.45,0.1894,1.78,0.9767504008551575,58.4263,28.42,12.28,58.4263,0.9645380732938337,15.45,0.1894,1.78,31.591631627525388,57.239864802124536,65.3061224489796,92.12244897959184,50.0,59.09690127546953,0.24120603015075376,0.6432160804020101,0.6582914572864321,0.9597989949748744,D+,B-,B-,A,morganstanley
GVA,Granite Construction Inc,Industrials,Construction & Engineering,141.88,33.4758,1.3352,15.3574,5.234149616698516,47.93,14.93,16.7,0.06280000000000001,8.14,0.95088161209068,71.3734,47.93,14.93,71.3734,0.95088161209068,16.7,0.06280000000000001,8.14,53.51696800550095,72.77245587109311,41.87396351575456,78.424543946932,50.0,59.08713284391891,0.551219512195122,0.8,0.35853658536585364,0.824390243902439,C+,B,C-,B+,graniteconstructioninc
CTS,CTS Corp,Information Technology,Electronic Manufacturing Services,61.75,26.69,3.2205,14.2272,3.2182913609072714,15.91,4.95,11.940000000000001,0.1527,10.41,0.989613387189844,54.2979,15.91,4.95,54.2979,0.989613387189844,11.940000000000001,0.1527,10.41,74.086410354016,46.524762610752234,57.700834637454356,59.054884864744025,50.0,59.062740742966845,0.7905405405405406,0.4189189189189189,0.6216216216216216,0.5608108108108109,B,C,B-,C+,ctscorp
AIT,Applied Industrial Technologies Inc,Industrials,Trading Companies & Distributors,308.87,28.3875,2.4111,21.3914,6.3411018862966335,6.39,6.14,21.740000000000002,0.10869999999999999,16.619999999999997,0.91753972630207,39.1118,6.39,6.14,39.1118,0.91753972630207,21.740000000000002,0.10869999999999999,16.619999999999997,42.80224891801157,57.806293997619974,67.74461028192371,73.95245992260917,50.0,58.988465584029655,0.4146341463414634,0.6097560975609756,0.7121951219512195,0.7658536585365854,C,B-,B,B,appliedindustrialtechnologiesinc
SEIC,SEI Investments Co,Financials,Asset Management & Custody Banks,91.18,14.7842,4.6089,12.4813,4.553149203273794,27.6,9.37,30.64,0.31829999999999997,30.54,0.8527542372881363,12.0974,27.6,9.37,12.0974,0.8527542372881363,30.64,0.31829999999999997,25.565,30.749410316890575,59.38782762828728,90.81632653061224,58.43703334992534,50.0,58.95640640751823,0.23618090452261306,0.6834170854271356,0.9095477386934674,0.6331658291457286,D+,B-,A-,B-,seiinvestmentsco
BRC,Brady Corp,Industrials,Commercial Printing,78.33,18.123,2.3574,12.0297,3.0924782464507365,6.41,10.47,16.6,0.1635,15.36,0.3749440715883668,6.8622,6.41,10.47,6.8622,0.3749440715883668,16.6,0.1635,15.36,67.46106864053715,64.22875739877686,68.32504145936981,35.753052917232026,50.0,58.94288958817852,0.751219512195122,0.6878048780487804,0.7268292682926829,0.3024390243902439,B,B-,B,C-,bradycorp
OGS,ONE Gas Inc,Utilities,Gas Utilities,84.91,20.4589,2.2269,11.2201,1.5473884289387696,11.81,16.5,8.14,0.1885,4.03,0.7051732797589149,6.5236,11.81,16.5,6.5236,0.7051732797589149,8.14,0.1885,4.03,72.69565217391305,74.27536231884058,41.30434782608696,52.876254180602004,50.0,58.93032329988852,0.76,0.84,0.4,0.54,B,B+,C-,C+,onegasinc
ROST,Ross Stores Inc,Consumer Discretionary,Apparel Retail,225.81,33.8797,3.1944,21.6357,11.763510767980497,4.7,7.67,36.7,0.11900000000000001,29.14,0.9498453173338334,57.5016,4.7,7.67,57.5016,0.9049423889407532,36.7,0.11900000000000001,29.14,18.111214662938806,59.68017899447223,74.94252873563218,93.32512315270935,50.0,58.86449627907906,0.08783783783783784,0.6351351351351351,0.7804054054054054,0.9527027027027027,D-,B-,B,A,rossstoresinc
LQDT,Liquidity Services Inc,Industrials,Diversified Support Services,36.19,37.3454,2.338,19.6974,5.462394155736344,21.77,14.78,14.46,0.0785,14.46,0.8461538461538461,27.8799,21.77,14.78,27.8799,0.8461538461538461,14.46,0.0785,14.46,39.263843384702504,84.80222575279524,50.82918739635158,71.59867330016584,50.0,58.80343750585574,0.35609756097560974,0.9512195121951219,0.5414634146341464,0.7365853658536585,C-,A,C+,B,liquidityservicesinc
WLY,John Wiley & Sons Inc,Communication Services,Publishing,41.39,13.8182,1.2764,10.2876,2.938003094876418,282.11,-1.9,20.75,0.1352,9.83,0.7537659327925841,-7.7352,282.11,-1.9,-7.7352,0.7537659327925841,20.75,0.1352,9.83,65.3968253968254,59.72222222222223,65.23809523809524,45.62169312169312,50.0,58.727513227513235,0.6923076923076923,0.6153846153846154,0.7692307692307693,0.38461538461538464,B-,B-,B,C-,johnwileysonsinc
INSW,International Seaways Inc,Energy,Oil & Gas Storage & Transportation,91.62,14.666,5.3784,9.8395,2.240486734861064,-25.79,-11.38,16.02,0.4092,12.1,0.9817735716789346,150.3279,-25.79,-10.862,121.21914999999998,0.945675165903864,16.02,0.4092,12.1,38.78787878787879,17.504721665141453,83.63636363636364,98.0564263322884,50.0,58.71829020554658,0.32727272727272727,0.05454545454545454,0.9272727272727272,1.0,C-,D-,A-,A+,internationalseawaysinc
MTB,M&T Bank Corp,Financials,Regional Banks,212.14,10.6084,2.1162,12.4242,1.1039396605960565,19.4,86.15662,10.25,0.4064285,6.660000000000001,0.5818804483188044,19.4751,19.4,86.15662,19.4751,0.5818804483188044,10.25,0.4064285,6.660000000000001,78.4663111475746,79.13374932679629,39.285714285714285,42.14175992977836,50.0,58.69310820963715,0.9095477386934674,0.9396984924623115,0.3869346733668342,0.4120603015075377,A-,A,C-,C,mtbankcorp
HAFC,Hanmi Financial Corp,Financials,Regional Banks,30.37,11.8873,1.8749,9.302,1.1400278531665147,22.37,43.94988,9.85,0.4678737,8.42,0.8988408851422552,29.1241,22.37,43.94988,29.1241,0.8988408851422552,9.85,0.4678737,8.42,70.64660034868218,55.00888319374029,37.755102040816325,77.86701777485187,50.0,58.67560579109306,0.8090452261306532,0.5778894472361809,0.37185929648241206,0.8190954773869347,B+,C+,C-,B+,hanmifinancialcorp
AAMI,Acadian Asset Management Inc,Financials,Asset Management & Custody Banks,68.63,30.6455,4.3492,17.3675,40.41813898704358,-1.05,11.49,285.59999999999997,0.23190000000000002,24.33,0.9698992596188856,132.6441,-1.05,11.49,70.7628,0.9645380732938337,40.677499999999995,0.23190000000000002,24.33,7.039021638806275,40.411872291704256,97.70408163265306,96.92882030861125,50.0,58.653914337927944,0.03015075376884422,0.35175879396984927,0.9773869346733668,0.9874371859296482,F,C-,A+,A+,acadianassetmanagementinc
SNA,Snap-On Inc,Industrials,Industrial Machinery & Supplies & Components,374.0,18.6814,3.6577,12.9908,3.2702169797709972,2.51,4.15,17.49,0.2548,14.530000000000001,0.7286493034524532,17.9997,2.51,4.15,17.9997,0.7286493034524532,17.49,0.2548,14.530000000000001,59.96197872426486,50.984551256709956,75.37313432835822,48.08715045462344,50.0,58.648118605422454,0.6829268292682927,0.5170731707317073,0.8048780487804879,0.44878048780487806,B-,C+,B+,C,snaponinc
NBIX,Neurocrine Biosciences Inc,Health Care,Biotechnology,152.25,32.0243,5.3581,22.6536,4.684831607612659,41.66,21.45,16.669999999999998,0.2164,16.669999999999998,0.8218778077268643,29.5524,41.66,21.45,29.5524,0.8218778077268643,16.669999999999998,0.2164,16.669999999999998,33.06297709923664,76.95089507105011,72.60981912144702,58.83720930232559,50.0,58.575819929846055,0.2366412213740458,0.8778625954198473,0.7709923664122137,0.5801526717557252,D+,B+,B,C+,neurocrinebiosciencesinc
PBF,PBF Energy Inc,Energy,Oil & Gas Refining & Marketing,40.71,10.7592,0.1575,4.9361,0.8949160590279687,,-4.33,8.35,0.025099999999999997,5.6899999999999995,0.668975468975469,110.6053,,-4.33,110.6053,0.668975468975469,8.35,0.025099999999999997,5.6899999999999995,91.5151515151515,45.10489510489511,30.909090909090917,69.58041958041957,50.0,58.543123543123535,1.0,0.43636363636363634,0.3090909090909091,0.7272727272727273,A+,C,C-,B,pbfenergyinc
CINF,Cincinnati Financial Corp,Financials,Property & Casualty Insurance,161.5,10.4586,1.9814,11.3174,1.5773425245684527,4.45,11.41,16.13,0.1575,15.290000000000001,0.5867313915857603,10.1111,4.45,11.41,10.1111,0.5867313915857603,16.13,0.1575,15.290000000000001,65.69582606912111,42.46552732742771,67.85714285714286,58.244897959183675,50.0,58.53032728888827,0.7135678391959799,0.36683417085427134,0.6834170854271356,0.6231155778894473,B,C-,B-,B-,cincinnatifinancialcorp
RDN,Radian Group Inc,Financials,Property & Casualty Insurance,38.06,8.8374,4.1454,6.9795,1.078541390371907,5.61,-3.73,12.590000000000002,0.6816,8.86,0.8937329700272478,12.3045,5.61,-3.73,12.3045,0.8937329700272478,12.590000000000002,0.6023860799999997,8.86,85.26561378320173,20.967881219009413,53.57142857142857,73.08163265306123,50.0,58.519163363071705,0.9698492462311558,0.09547738693467336,0.542713567839196,0.7587939698492462,A,D-,C+,B,radiangroupinc
BALL,Ball Corp,Materials,"Metal, Glass & Plastic Containers",58.52,17.2973,1.1986,10.6072,2.864723562987693,-73.82,11.58,16.91,0.10869999999999999,7.359999999999999,0.5835464620630861,13.0166,-62.762,11.58,13.0166,0.5835464620630861,16.91,0.10869999999999999,7.359999999999999,67.04695767195767,48.64417989417989,67.1957671957672,51.12433862433862,50.0,58.514384920634924,0.78125,0.421875,0.703125,0.46875,B,C,B,C,ballcorp
WSFS,WSFS Financial Corp,Financials,Regional Banks,71.7,13.032,2.33073,10.3067,1.3983559079074392,15.55,54.50711,10.6,0.381658,9.64,0.9347779446470716,36.4514,15.55,54.50711,36.4514,0.9347779446470716,10.6,0.381658,9.64,58.211978258640144,57.4403092713305,41.3265306122449,85.59139784946237,50.0,58.49096864187983,0.5979899497487438,0.6482412060301508,0.40703517587939697,0.8944723618090452,C+,B-,C,B+,wsfsfinancialcorp
TBBK,Bancorp Inc,Financials,Regional Banks,57.0,10.6955,4.64103,10.2084,3.499960088174433,16.07,89.12521,30.56,0.5646253999999999,19.72,0.24822673408024978,9.2582,16.07,89.12521,9.2582,0.24822673408024978,30.56,0.5646253999999999,19.72,49.388524253922675,74.40637361412892,90.3061224489796,18.22690366469168,50.0,58.45031713148968,0.46733668341708545,0.8944723618090452,0.9045226130653267,0.1658291457286432,C,B+,A-,D,bancorpinc
WAFD,WaFd Inc,Financials,Regional Banks,35.55,10.7258,2.34917,8.934,0.9144482828693354,15.2,56.51548,8.36,0.43785110000000005,8.219999999999999,0.9433384379785605,22.4174,15.2,56.51548,22.4174,0.9433384379785605,8.36,0.43785110000000005,8.219999999999999,84.85539944621064,58.54058721934369,24.23469387755102,71.8718455123985,50.0,58.35500987728885,0.964824120603015,0.6733668341708543,0.23869346733668342,0.7437185929648241,A,B-,D+,B,wafdinc
CW,Curtiss-Wright Corp,Industrials,Aerospace & Defense,729.2,55.2745,7.6508,34.7117,10.60865947105096,21.95,12.08,18.740000000000002,0.18109999999999998,13.66,0.9467376830892145,92.8947,21.95,12.08,92.8947,0.9467376830892145,18.740000000000002,0.18109999999999998,13.66,12.419204789062817,70.84294710024756,70.64676616915423,91.91265892758429,50.0,58.31761394512063,0.05365853658536585,0.775609756097561,0.7560975609756098,0.9804878048780488,D-,B,B,A+,curtisswrightcorp
VTOL,Bristow Group Inc,Energy,Oil & Gas Equipment & Services,42.36,10.8541,0.9399,7.9073,1.1663027706574083,34.98,5.3,12.870000000000001,0.1065,7.630000000000001,0.6411633109619685,47.4417,34.98,5.3,47.4417,0.6411633109619685,12.870000000000001,0.1065,7.630000000000001,73.33333333333333,73.43530855539973,51.51515151515151,36.98863636363636,50.0,58.296910195928426,0.8727272727272727,0.8363636363636363,0.4727272727272727,0.32727272727272727,B+,B+,C,C-,bristowgroupinc
EXP,Eagle Materials Inc,Materials,Construction Materials,210.45,15.4944,2.898,10.8999,4.763640149937525,-5.47,1.44,28.78,0.2368,14.860000000000001,0.5367759944173063,-8.4323,-5.47,1.44,-8.4323,0.5367759944173063,28.78,0.23540999999999998,14.592999999999996,59.73875661375661,43.02967563837129,96.2962962962963,28.1711525189786,50.0,58.248928858983206,0.6875,0.359375,1.0,0.21875,B-,C-,A+,D+,eaglematerialsinc
AOS,A O Smith Corp,Industrials,Building Products,58.6,15.6873,2.1713,10.9566,4.369547386473791,4.86,0.23,28.42,0.1807,24.3,0.016266591119549183,-13.8362,4.86,0.23,-13.8362,0.028817149091842863,28.42,0.1807,24.3,72.86575253812241,51.196178717397,84.07960199004974,18.860958366064416,50.0,58.24776604873532,0.8048780487804879,0.526829268292683,0.9024390243902439,0.16097560975609757,B+,C+,A-,D,aosmithcorp
VRSN,"VeriSign, Inc",Information Technology,Internet Services & Infrastructure,288.21,29.842,14.9086,22.5695,73.75815738963531,10.41,6.84,113.55,0.6793,62.99,0.7799290150668515,1.0519,10.41,6.84,1.0519,0.7799290150668515,113.0909999999999,0.4248699999999999,46.00349999999993,47.66527090470752,40.756373481161575,97.54662232655191,43.92237871674491,50.0,58.23872374739616,0.5067567567567568,0.30405405405405406,0.9966216216216216,0.3716216216216216,C+,C-,A+,C-,verisigninc
PEG,Public Service Enterprise Group Inc,Utilities,Electric Utilities,77.13,18.2887,3.1729,14.4389,2.261850300876236,19.02,18.25,12.6,0.24489999999999998,5.24,0.07407407407407379,-2.9567,19.02,18.25,-2.9567,0.12178844806511223,12.6,0.24489999999999998,5.24,56.2608695652174,88.08373590982288,76.81159420289855,11.727982162764771,50.0,58.23045955654652,0.64,0.96,0.9,0.06,B-,A,B+,D-,publicserviceenterprisegroupinc
OSK,Oshkosh Corp,Industrials,Construction Machinery & Heavy Transportation Equipment,137.97,13.1665,0.8174,9.0853,1.9060736843850332,-3.18,-3.1,14.57,0.0901,11.23,0.5354782323701316,51.3327,-3.18,-3.1,51.3327,0.5354782323701316,14.57,0.0901,11.23,87.56138009141286,36.00171695868483,50.49751243781095,57.55907960199005,50.0,58.22688244444093,0.9219512195121952,0.2780487804878049,0.5317073170731708,0.5804878048780487,A-,D+,C+,C+,oshkoshcorp
FSS,Federal Signal Corp,Industrials,Construction Machinery & Heavy Transportation Equipment,118.33,29.5413,3.3409,21.8103,5.214406268039783,14.4,17.14,19.09,0.1563,15.190000000000001,0.6696539988655702,32.0795,14.4,17.14,32.0795,0.6696539988655702,19.09,0.1563,15.190000000000001,37.58605347247502,81.76458062946139,70.48092868988391,49.26616915422886,50.0,58.222895497327784,0.33658536585365856,0.9073170731707317,0.751219512195122,0.48292682926829267,C-,A-,B,C,federalsignalcorp
COKE,Coca-Cola Consolidated Inc,Consumer Staples,Soft Drinks & Non-alcoholic Beverages,174.31,20.3351,1.6052,13.9596,9.607562145179958,-86.84,4.76,39.61,0.1133,18.35,0.6038098566934639,46.9978,-50.25,4.76,46.9978,0.6038098566934639,39.61,0.1133,18.35,45.535714285714285,33.02878730929733,75.13227513227514,82.15167548500881,50.0,58.20308991335858,0.421875,0.265625,0.828125,0.8125,C,D+,B+,B+,cocacolaconsolidatedinc
TNL,Travel + Leisure Co,Consumer Discretionary,"Hotels, Resorts & Cruise Lines",65.78,17.3253,1.0144,13.9017,8.553966189856958,-40.1,4.25,121.75,0.1374,12.04,0.5556204379562044,37.0131,-40.1,4.25,37.0131,0.5556204379562044,121.75,0.1374,12.04,51.35911773842809,35.3412059612333,74.36781609195403,73.20794148380355,50.0,58.141562946602896,0.5472972972972973,0.2702702702702703,0.7702702702702703,0.7702702702702703,C+,D+,B,B,travelleisureco
FFBC,First Financial Bancorp,Financials,Regional Banks,30.6,12.528,2.27169,10.5257,1.0886696527997666,10.28,66.57654,9.77,0.3827952,8.52,0.907692307692308,26.1336,10.28,66.57654,26.1336,0.907692307692308,9.77,0.3827952,8.52,69.9274433391447,57.60277576590464,35.714285714285715,75.88325652841782,50.0,58.1076387222221,0.7989949748743719,0.6532663316582915,0.35175879396984927,0.8040201005025126,B,B-,C-,B+,firstfinancialbancorp
BBWI,Bath & Body Works Inc,Consumer Discretionary,Other Specialty Retail,19.73,6.0694,0.5403,4.8746,320.29220779220776,-13.86,-0.22,3138.89,0.15439999999999998,11.92,0.26759872455236694,-37.8387,-13.86,-0.22,-37.8387,0.26759872455236694,170.61999999999995,0.15439999999999998,11.92,90.28735632183907,31.28729051504782,76.66666666666667,25.488505747126432,50.0,58.093664999561284,0.9797297297297297,0.22297297297297297,0.8175675675675675,0.22972972972972974,A+,D+,B+,D+,bathbodyworksinc
NEU,NewMarket Corp,Materials,Specialty Chemicals,684.91,15.3825,2.3461,10.1053,3.619497970436706,-12.87,-3.47,24.12,0.1957,16.02,0.35439616138406427,8.0811,-12.87,-3.47,8.0811,0.35439616138406427,24.12,0.1957,14.592999999999996,63.94675925925926,38.032611418551156,92.32804232804233,31.962833914053427,50.0,58.067789463346315,0.75,0.25,0.96875,0.265625,B,D+,A,D+,newmarketcorp
NSC,Norfolk Southern Corp,Industrials,Rail Transportation,312.01,24.6022,5.8031,14.7923,4.503862082305441,10.17,0.47,19.16,0.3576,8.93,0.8900822447992258,39.2467,10.17,0.47,39.2467,0.8900822447992258,19.16,0.2659,8.93,45.25340775795818,49.82060397445663,71.14427860696519,69.86805104910232,50.0,58.03715259594263,0.4585365853658537,0.4634146341463415,0.7609756097560976,0.7121951219512195,C,C,B,B,norfolksoutherncorp
EZPW,EZCORP Inc,Financials,Consumer Finance,33.54,17.0557,1.5688,10.6641,1.9915445455193215,43.71,13.06,12.479999999999999,0.12560000000000002,8.04,0.8523171987641606,126.6216,43.71,13.06,70.7628,0.8523171987641606,12.479999999999999,0.12560000000000002,8.04,37.976874166752125,62.06993837337102,53.06122448979592,88.44774273345702,50.0,57.86306088550263,0.3015075376884422,0.7336683417085427,0.5376884422110553,0.914572864321608,C-,B,C+,A-,ezcorpinc
SANM,Sanmina Corp,Information Technology,Electronic Manufacturing Services,248.35,58.5888,1.4483,33.6744,5.63441953114188,2.17,20.93,9.86,0.0365,7.41,0.9611675198687671,208.3561,2.17,20.93,208.3561,0.9611675198687671,9.86,0.0365,7.41,59.63710189062302,60.590296162942565,39.31924882629108,79.97987927565393,50.0,57.85312276694783,0.6486486486486487,0.6756756756756757,0.36486486486486486,0.8851351351351351,B-,B-,C-,B+,sanminacorp
GEN,Gen Digital Inc,Information Technology,Systems Software,22.68,22.7802,2.906,11.463,6.167233174711081,-5.53,15.97,25.6,0.3668,5.53,0.3394527190855558,-20.1408,-5.53,15.97,-20.1408,0.3394527190855558,25.6,0.3668,5.53,78.90178911305672,46.413554900426895,66.71231090245175,35.62572568024635,50.0,57.81138112001177,0.8378378378378378,0.3918918918918919,0.7094594594594594,0.28378378378378377,B+,C-,B,D+,gendigitalinc
AA,Alcoa Corp,Materials,Aluminum,63.18,16.1243,1.3175,26.0816,2.7170337113441962,16.67,-0.08,16.27,-0.96,11.63,0.7559468926840014,145.6454,16.67,-0.08,145.6454,0.7559468926840014,16.27,-0.33933,11.63,48.53670634920635,51.29870129870129,56.34920634920635,81.60173160173159,50.0,57.80156475468975,0.515625,0.546875,0.578125,0.828125,C+,C+,C+,B+,alcoacorp
ENSG,Ensign Group Inc,Health Care,Health Care Facilities,171.45,29.7154,2.0209,18.1425,4.462322073203423,14.27,18.72,16.59,0.08410000000000001,15.509999999999998,0.44133675932115507,25.8072,14.27,18.72,25.8072,0.44133675932115507,16.59,0.08410000000000001,15.509999999999998,50.20674300254453,68.61230589779106,57.62273901808785,60.59948320413436,50.0,57.79972832554318,0.5343511450381679,0.7709923664122137,0.5725190839694656,0.6183206106870229,C+,B,C+,B-,ensigngroupinc
ANDE,Andersons Inc,Consumer Staples,Food Distributors,71.45,25.747,0.2238,10.2901,1.9424628634811545,-16.73,-2.21,7.4399999999999995,1.0,4.55,0.7892447607750099,107.6431,-16.73,-2.21,84.20400999999997,0.7892447607750099,7.4399999999999995,0.4193199999999999,4.55,67.5512566137566,24.69216757741348,50.529100529100525,91.66984126984127,50.0,57.79249105516523,0.75,0.109375,0.484375,0.953125,B,D,C,A,andersonsinc
MTZ,MasTec Inc,Industrials,Construction & Engineering,414.29,72.0648,2.1222,28.9689,10.028660924798963,111.21,22.59,14.249999999999998,0.0496,8.14,0.9083603457590492,180.6082,106.67149999999995,22.59,147.7577,0.9083603457590492,14.249999999999998,0.0496,8.14,28.2174493386725,95.07850670731915,37.230514096185736,86.96517412935322,50.0,57.77072702604903,0.2048780487804878,0.9975609756097561,0.3073170731707317,0.9121951219512195,D+,A+,C-,A-,mastecinc
DCOM,Dime Community Bancshares Inc,Financials,Regional Banks,37.22,14.8344,2.11729,12.2093,1.106240061821046,225.06,42.91451,7.670000000000001,0.4435096,6.45,0.948987246811703,40.0828,96.085,42.91451,40.0828,0.948987246811703,7.670000000000001,0.4435096,6.45,61.36934673366834,67.4355581555147,22.448979591836736,91.51634847487382,50.0,57.744962907453974,0.6381909547738693,0.8341708542713567,0.22110552763819097,0.949748743718593,B-,B+,D+,A,dimecommunitybancsharesinc
ABCB,Ameris Bancorp,Financials,Regional Banks,86.52,14.3162,2.70304,10.7286,1.443879449750425,15.53,52.9989,10.41,0.3410664,9.76,0.9483304042179262,42.584,15.53,52.9989,42.584,0.9483304042179262,10.41,0.3410664,9.76,52.92405907086453,53.70181563813521,40.816326530612244,92.66183892912002,50.0,57.707827313820246,0.5376884422110553,0.5376884422110553,0.4020100502512563,0.964824120603015,C+,C+,C,A,amerisbancorp
WAL,Western Alliance Bancorp,Financials,Regional Banks,81.9,9.3956,2.03505,12.2687,1.1719353675498396,17.72,69.87056,12.790000000000001,0.41207459999999996,8.23,0.5120165526022602,9.2728,17.72,69.87056,9.2728,0.5120165526022602,12.790000000000001,0.41207459999999996,8.23,78.39708747820737,72.70380274976631,54.59183673469388,24.388852315119593,50.0,57.6657620662025,0.9045226130653267,0.8793969849246231,0.5527638190954773,0.23115577889447236,A-,B+,C+,D+,westernalliancebancorp
MYRG,MYR Group Inc,Industrials,Construction & Engineering,437.86,56.298,1.8225,38.2797,10.291618580665785,306.93,8.79,19.650000000000002,0.045599999999999995,17.39,0.8835997705177306,182.3992,106.67149999999995,8.79,147.7577,0.8835997705177306,19.650000000000002,0.045599999999999995,17.39,30.29891194434332,73.58873335187417,55.80431177446102,82.08402432283029,50.0,57.660357464641976,0.24390243902439024,0.824390243902439,0.5853658536585366,0.8634146341463415,D+,B+,C+,B+,myrgroupinc
LMAT,LeMaitre Vascular Inc,Health Care,Health Care Equipment,107.94,41.6612,9.6364,34.6086,6.246455480839342,27.88,13.53,15.58,0.2721,10.71,0.7460917801311143,32.4417,27.88,13.53,32.4417,0.7460917801311143,15.58,0.2721,10.71,21.511211832061065,66.8757263578255,70.54263565891473,81.28875968992247,50.0,57.64635908229354,0.15267175572519084,0.7557251908396947,0.7099236641221374,0.8358778625954199,D,B,B,B+,lemaitrevascularinc
LRN,Stride Inc,Consumer Discretionary,Education Services,87.93,11.7238,1.4843,8.4029,2.5861460453406435,9.54,14.86,21.36,0.1602,15.809999999999999,0.24707363645162203,-43.8792,9.54,14.86,-39.07486,0.24707363645162203,21.36,0.1602,15.809999999999999,69.91456974215595,73.22220422378359,67.35632183908046,18.209549071618035,50.0,57.60407355438942,0.7567567567567568,0.7972972972972973,0.6959459459459459,0.11486486486486487,B,B,B-,D,strideinc
VNT,Vontier Corp,Information Technology,Electronic Equipment & Instruments,30.09,10.6463,1.4057,9.2317,3.4390143549419405,0.48,3.24,34.02,0.1837,12.35,0.004398020890599136,-13.7328,0.48,3.24,-13.7328,0.05854309805993903,34.02,0.1837,12.35,93.84278644842026,31.406378281004645,73.85889410537298,21.954580304407088,50.0,57.59761185553065,0.9594594594594594,0.16891891891891891,0.7567567567567568,0.1554054054054054,A,D,B,D,vontiercorp
RS,Reliance Inc,Materials,Steel,369.29,23.4413,1.2713,14.5595,2.6645684335694204,9.89,8.49,11.16,0.0746,9.26,0.9029745629298204,24.8234,9.89,8.49,24.8234,0.9029745629298204,11.16,0.0746,9.26,53.910383597883595,63.24786324786325,57.67195767195767,60.10946907498632,50.0,57.56705178203023,0.625,0.734375,0.625,0.609375,B-,B,B-,B-,relianceinc
FCN,FTI Consulting Inc,Industrials,Research & Consulting Services,163.9,18.6655,1.2849,13.926,2.917761494805352,14.95,5.6,15.14,0.1018,11.67,0.36484121030257566,-1.7504,14.95,5.6,-1.7504,0.36484121030257566,15.14,0.1018,11.67,72.12474214294382,60.18494484101234,54.56053067993366,44.27860696517412,50.0,57.564028566956665,0.8,0.6439024390243903,0.5707317073170731,0.4,B,B-,C+,C-,fticonsultinginc
RAMP,Liveramp Holdings Inc,Information Technology,Application Software,30.38,27.885,2.4105,20.4127,2.094435750184418,352633.33,9.18,7.23,0.0712,7.23,0.6426982950333578,8.6164,257.60999999999973,9.18,8.6164,0.6426982950333578,7.23,0.0712,7.23,70.00063443725416,63.79377385168712,38.559598330725095,63.18694574856546,50.0,57.53620211204534,0.7364864864864865,0.7027027027027027,0.34459459459459457,0.6351351351351351,B,B,C-,B-,liverampholdingsinc
GLW,Corning Inc,Information Technology,Electronic Components,186.94,102.7967,10.4974,74.0136,12.793068995250673,215.91,19.14,14.13,0.1458,8.34,0.9262832002607136,314.9612,215.91,19.14,314.9612,0.9262832002607136,14.13,0.1458,8.34,25.295013323182342,83.69063503829997,55.363197704746995,78.14467049208832,50.0,57.531613863059995,0.20270270270270271,0.9391891891891891,0.6013513513513513,0.831081081081081,D+,A,B-,B+,corninginc
INTU,Intuit Inc,Information Technology,Application Software,396.31,24.5639,5.2983,18.2011,5.612462382722606,43.99,17.21,22.2,0.2708,16.869999999999997,0.1149397258240651,-39.5943,43.99,17.21,-39.5943,0.1149397258240651,22.2,0.2708,16.869999999999997,63.97665270904707,69.09111344480137,77.5593375065206,16.631455399061032,50.0,57.5285113226644,0.6756756756756757,0.7702702702702703,0.8175675675675675,0.10810810810810811,B-,B,B+,D,intuitinc
AMP,Ameriprise Financial Inc,Financials,Asset Management & Custody Banks,465.56,10.8399,2.1858,11.8024,6.487836352006511,36.78,6.82,61.59,0.3195,8.459999999999999,0.3379234801658713,-4.7935,36.78,6.82,-4.7935,0.3379234801658713,40.677499999999995,0.3195,8.459999999999999,43.53271459337504,59.56936823782059,97.70408163265306,26.32155301144848,50.0,57.48738330636084,0.38190954773869346,0.6884422110552764,0.9773869346733668,0.25125628140703515,C-,B-,A+,D+,ameriprisefinancialinc
CBRE,CBRE Group Inc,Real Estate,Real Estate Services,146.33,37.0336,1.0566,19.538,4.8743358704885,22.45,13.38,13.63,0.0432,7.31,0.49625890201027684,16.5697,22.45,13.38,16.5697,0.49625890201027684,13.63,0.0432,7.31,61.111111111111114,65.91666666666667,60.0,45.06666666666667,50.0,57.47444444444445,0.8333333333333334,0.6666666666666666,0.75,0.5,B+,B-,B,C,cbregroupinc
KTB,Kontoor Brands Inc,Consumer Discretionary,"Apparel, Accessories & Luxury Goods",73.65,17.8915,1.2909,12.8927,7.202370474681689,-6.73,20.9,45.050000000000004,0.10679999999999999,13.77,0.6008968609865473,6.4614,-6.73,20.9,6.4614,0.6008968609865473,45.050000000000004,0.10679999999999999,13.77,50.274930102516315,71.78065517102105,65.05747126436782,46.330049261083744,50.0,57.45524122814199,0.5135135135135135,0.7905405405405406,0.6554054054054054,0.4189189189189189,C+,B,B-,C,kontoorbrandsinc
SCSC,Scansource Inc,Information Technology,Technology Distributors,45.9,13.064,0.3192,8.2518,1.1250772111811596,27.98,0.07,8.14,0.030699999999999998,7.13,0.9719775820656524,19.5624,27.98,0.07,19.5624,0.9719775820656524,8.14,0.030699999999999998,7.13,96.34881360233474,39.83506300963677,35.10367762128325,58.091884641180414,50.0,57.448512336067935,0.9864864864864865,0.2905405405405405,0.2905405405405405,0.5405405405405406,A+,D+,D+,C+,scansourceinc
MOG-A,Moog Inc,Industrials,Aerospace & Defense,314.08,34.763,2.3897,19.9285,5.271081051598123,38.77,13.79,14.16,0.09119999999999999,8.94,0.7808705208039189,73.3238,38.77,13.79,73.3238,0.7808705208039189,14.16,0.09119999999999999,8.94,38.603729320875296,79.41031557189896,46.434494195688224,76.50635710337203,50.0,57.44289041419508,0.3463414634146341,0.8975609756097561,0.424390243902439,0.8,C-,B+,C,B,mooginc
MRK,Merck & Co Inc,Health Care,Pharmaceuticals,111.38,30.926,4.2015,12.4042,5.2393899765737455,-48.26,2.89,36.19,0.1818,20.13,0.7345166891761526,43.4385,-48.26,2.89,43.4385,0.7345166891761526,36.19,0.1818,20.13,50.948234732824424,25.005448542270248,78.29457364341086,75.37209302325581,50.0,57.386210407164036,0.549618320610687,0.07633587786259542,0.8244274809160306,0.7786259541984732,C+,D-,B+,B,merckcoinc
STRL,Sterling Infrastructure Inc,Industrials,Construction & Engineering,844.8,87.4231,10.187,59.0193,23.38274858009588,13.14,17.69,30.17,0.163,23.02,0.9383603719319799,370.8505,13.14,17.69,147.7577,0.9383603719319799,30.17,0.163,23.02,7.6649273955426125,59.18531909122434,82.25538971807629,90.29297954671088,50.0,57.375739005991775,0.024390243902439025,0.624390243902439,0.8878048780487805,0.9658536585365853,F,B-,B+,A,sterlinginfrastructureinc
IDXX,IDEXX Laboratories Inc,Health Care,Health Care Equipment,560.11,41.8839,10.3108,29.9241,27.811100408147052,22.64,10.42,69.78,0.316,42.61,0.26250131777769964,14.3128,22.64,10.42,14.3128,0.26250131777769964,69.78,0.316,29.843999999999994,21.789519720101783,61.41270415291223,93.02325581395348,56.614987080103354,50.0,57.30873213011694,0.16030534351145037,0.7099236641221374,0.9923664122137404,0.5343511450381679,D,B,A+,C+,idexxlaboratoriesinc
LNT,Alliant Energy Corp,Utilities,Electric Utilities,71.76,22.5749,4.3203,16.0952,2.5159790615566395,9.76,9.02,11.24,0.2373,4.3,0.7616663686751299,17.4276,9.76,9.02,17.4276,0.7616663686751299,11.24,0.2373,4.3,33.130434782608695,62.535612535612536,66.66666666666667,74.22519509476031,50.0,57.30143688839341,0.32,0.66,0.7,0.76,C-,B-,B-,B,alliantenergycorp
AN,AutoNation Inc,Consumer Discretionary,Automotive Retail,205.97,10.141,0.2505,11.0907,3.0968787635940456,9.32,1.94,26.700000000000003,0.0443,5.6000000000000005,0.5679593373493976,14.6635,9.32,1.94,14.6635,0.5679593373493976,26.700000000000003,0.0443,5.6000000000000005,79.66604535570053,56.1408330142701,40.0,55.5276907001045,50.0,57.25021608180005,0.8851351351351351,0.5878378378378378,0.38513513513513514,0.5202702702702703,B+,C+,C-,C+,autonationinc
MC,Moelis & Co,Financials,Investment Banking & Brokerage,65.08,22.2625,3.4204,13.929,8.88573340069087,66.96,26.98,44.3,0.18059999999999998,44.3,0.5162725270840544,18.0482,66.96,26.98,18.0482,0.5162725270840544,40.677499999999995,0.18059999999999998,25.565,15.106142959696445,75.94517800434565,97.70408163265306,44.12244897959184,50.0,57.216081544874875,0.08040201005025126,0.914572864321608,0.9773869346733668,0.44221105527638194,D-,A-,A+,C,moelisco
CAT,Caterpillar Inc,Industrials,Construction Machinery & Heavy Transportation Equipment,897.45,46.4785,6.1092,29.0046,19.587750371587777,-14.7,4.29,45.15,0.165,14.63,0.9442846577368724,176.7772,-14.7,4.29,147.7577,0.9442846577368724,45.15,0.165,14.63,16.669498038263963,43.5024267250703,80.6799336650083,95.82711442786069,50.0,57.20326615640427,0.08780487804878048,0.3463414634146341,0.8585365853658536,0.9951219512195122,D-,C-,B+,A+,caterpillarinc
PPG,PPG Industries Inc,Materials,Specialty Chemicals,109.61,15.6426,1.5529,11.1979,3.0839743625815235,47.06,-8.81,20.84,0.1318,10.6,0.40516918466724916,0.9207,47.06,-8.81,0.9207,0.40516918466724916,20.84,0.1318,10.6,63.88888888888889,50.56420942360684,79.8941798941799,30.70073557878436,50.0,57.19875619624544,0.734375,0.53125,0.84375,0.25,B,C+,B+,D+,ppgindustriesinc
BHF,Brighthouse Financial Inc,Financials,Life & Health Insurance,61.38,8.1061,0.5188,2.0415,0.5184944906792632,13.91,43.23,7.199999999999999,0.0925,4.72,0.7959604286892005,6.0287,13.91,43.23,6.0287,0.7959604286892005,7.199999999999999,0.0925,4.72,96.72597682288996,64.43918689159514,18.367346938775512,52.68121041520056,50.0,57.197410401775514,0.9949748743718593,0.7889447236180904,0.18090452261306533,0.5276381909547738,A+,B,D,C+,brighthousefinancialinc
RGLD,Royal Gold Inc,Materials,Gold,238.91,43.2818,19.5848,25.5668,2.820657826850263,35.14,43.24,10.92,0.6193,9.950000000000001,0.5669457022158856,33.6784,35.14,22.33,33.6784,0.5669457022158856,10.92,0.23540999999999998,9.950000000000001,19.899140211640212,85.53391053391053,76.98412698412699,54.18470418470419,50.0,57.16453974266474,0.09375,0.9375,0.8125,0.5,D-,A,B+,C,royalgoldinc
IBP,Installed Building Products Inc,Consumer Discretionary,Homebuilding,219.99,22.1257,1.9766,14.992,8.359330767155457,6.83,1.0,39.12,0.1301,16.96,0.34899000348187664,35.237,6.83,1.0,35.237,0.34899000348187664,39.12,0.1301,16.96,36.0111835973905,60.12301998978059,70.80459770114942,67.079107505071,50.0,57.1443708236053,0.30405405405405406,0.6418918918918919,0.75,0.668918918918919,C-,B-,B,B-,installedbuildingproductsinc
RMBS,Rambus Inc,Information Technology,Semiconductors,129.245,61.3193,19.97,53.6032,10.20965155500786,27.75,27.13,18.29,0.3677,18.29,0.7064737174285456,150.4748,27.75,27.13,150.4748,0.7064737174285456,18.29,0.3677,18.29,27.680497398807262,71.18112973839438,79.61984872196139,55.40786384976525,50.0,57.14288524782409,0.23648648648648649,0.831081081081081,0.831081081081081,0.5067567567567568,D+,B+,B+,C+,rambusinc
PSX,Phillips 66,Energy,Oil & Gas Refining & Marketing,171.56,15.217,0.5061,10.7027,2.3654965115958415,117.21,-7.53,15.9,0.0172,9.17,0.773940904236383,57.1206,117.21,-7.53,57.1206,0.773940904236383,15.9,0.0172,9.17,63.03030303030303,54.76588628762541,53.93939393939394,59.44055944055944,50.0,57.08371338806121,0.7818181818181819,0.6,0.5272727272727272,0.5818181818181818,B,C+,C+,C+,phillips66
PAYX,Paychex Inc,Industrials,Human Resource & Employment Services,93.93,20.2065,5.2215,13.3166,8.202920319977645,-5.65,16.44,40.94,0.3636,18.26,0.11188811188811193,-37.9304,-5.65,16.44,-37.9304,0.11188811188811193,40.94,0.2659,18.26,54.264450107187635,62.513911225222344,92.03980099502486,14.716003316749585,50.0,57.02204568394752,0.5609756097560976,0.6682926829268293,0.9804878048780488,0.09268292682926829,C+,B-,A+,D-,paychexinc
IQV,IQVIA Holdings Inc,Health Care,Life Sciences Tools & Services,178.71,21.9314,1.8287,12.7437,4.660800350518475,4.84,5.87,22.28,0.1334,6.41,0.3919928825622776,16.5829,4.84,5.87,16.5829,0.3919928825622776,22.28,0.1334,6.41,67.71230916030534,49.526410282224234,55.42635658914728,56.65559246954596,50.0,57.0210669877172,0.7709923664122137,0.4961832061068702,0.5343511450381679,0.5419847328244275,B,C,C+,C+,iqviaholdingsinc
CTSH,Cognizant Technology Solutions Corp,Information Technology,IT Consulting & Other Services,51.68,10.9734,1.1593,5.8756,1.6486636509222692,1.1,6.95,14.84,0.1606,14.280000000000001,0.040575383362735716,-34.7557,1.1,6.95,-34.7557,0.05854309805993903,14.84,0.1606,14.280000000000001,95.70168760309605,38.43872954325141,65.4310119979134,19.888949079089922,50.0,56.94871062472063,0.9797297297297297,0.25675675675675674,0.6891891891891891,0.14189189189189189,A+,D+,B-,D,cognizanttechnologysolutionscorp
DRI,Darden Restaurants Inc,Consumer Discretionary,Restaurants,196.23,20.3844,1.7657,13.2343,9.933332320916035,6.61,8.51,50.71,0.11349999999999999,17.82,0.45942297958495,-1.392,6.61,8.51,-1.392,0.45942297958495,50.71,0.11349999999999999,17.82,41.927617272444856,66.54150473034699,71.72413793103448,50.77079107505072,50.0,56.875397961949375,0.38513513513513514,0.7297297297297297,0.7567567567567568,0.4797297297297297,C-,B,B,C,dardenrestaurantsinc
YUM,Yum! Brands Inc,Consumer Discretionary,Restaurants,151.95,28.7738,5.4619,20.1653,70.05532503457815,6.52,8.8,117.63999999999999,0.3134,26.46,0.4560199625701805,2.6828,6.52,8.8,2.6828,0.4560199625701805,117.63999999999999,0.2651399999999998,26.46,17.899968934451692,66.9255067122927,92.06896551724138,54.98985801217039,50.0,56.87530655781589,0.08108108108108109,0.7432432432432432,1.0,0.5135135135135135,D-,B,A+,C+,yumbrandsinc
IBOC,International Bancshares Corp,Financials,Regional Banks,73.27,11.1286,3.41763,9.716,1.4008649533299937,0.83,69.21539,13.41,0.6315208,10.86,0.8481455563331,15.5314,0.83,69.21539,15.5314,0.8481455563331,13.41,0.6023860799999997,10.86,65.7458209414419,53.130103193616485,56.12244897959183,53.90388413429888,50.0,56.87386494584151,0.7185929648241206,0.5276381909547738,0.5678391959798995,0.5527638190954773,B,C+,C+,C+,internationalbancsharescorp
NUE,Nucor Corp,Materials,Steel,227.5,29.8575,1.6025,14.9116,2.486243695596343,-10.95,5.73,8.49,0.0817,6.29,0.9385591580902266,96.9868,-10.95,5.73,96.9868,0.9385591580902266,8.49,0.0817,6.29,48.17294973544974,43.77394636015325,49.73544973544973,92.99397920087574,50.0,56.830684979930666,0.5,0.375,0.453125,0.953125,C,C-,C,A,nucorcorp
SEM,Select Medical Holdings Corp,Health Care,Health Care Facilities,16.41,15.2591,0.3691,8.3699,1.1932115641905647,-52.12,13.28,7.829999999999999,0.0583,3.7600000000000002,0.8913857677902625,11.7086,-52.12,13.28,11.7086,0.8913857677902625,7.829999999999999,0.0583,3.7600000000000002,91.30685432569975,37.15972880367427,34.883720930232556,64.18087855297158,50.0,56.81576528531225,0.9847328244274809,0.2824427480916031,0.3053435114503817,0.6564885496183206,A+,D+,C-,B-,selectmedicalholdingscorp
HWKN,Hawkins Inc,Materials,Commodity Chemicals,167.16,42.0409,3.259,21.4461,7.5118299187971,0.89,11.65,16.73,0.1151,11.14,0.7317986017936585,40.0117,0.89,11.65,40.0117,0.7317986017936585,16.73,0.1151,11.14,27.22387566137566,65.62362758014932,76.19047619047619,64.09937888198758,50.0,56.79818925539035,0.171875,0.796875,0.796875,0.6875,D,B,B,B-,hawkinsinc
PSMT,PriceSmart Inc,Consumer Staples,Consumer Staples Merchandise Retail,158.26,30.9066,0.8722,15.3623,3.900873543272928,8.73,8.85,12.23,0.0449,10.8,0.8907779886148005,49.5841,8.73,8.85,49.5841,0.8907779886148005,12.23,0.0449,10.8,41.32771164021164,68.50695347963108,38.095238095238095,90.99353321575543,50.0,56.755834772939735,0.375,0.75,0.3125,0.9375,C-,B,C-,A,pricesmartinc
FLS,Flowserve Corp,Industrials,Industrial Machinery & Supplies & Components,71.13,26.1799,1.9167,15.1031,4.12323923250826,22.82,3.76,15.809999999999999,0.0823,9.36,0.5501057082452431,48.4659,22.82,3.76,48.4659,0.5501057082452431,15.809999999999999,0.0823,9.36,58.41119605225904,66.69810824272773,47.595356550580426,59.55052324583976,50.0,56.75136444842337,0.6585365853658537,0.7073170731707317,0.44390243902439025,0.5951219512195122,B-,B,C,C+,flowservecorp
FUL,H.B. Fuller Company,Materials,Specialty Chemicals,61.25,20.8533,0.9641,11.887,1.6564440405876117,45.86,-2.57,8.09,0.1042,3.95,0.6295180722891568,11.7905,45.86,-2.57,11.7905,0.6295180722891568,8.09,0.1042,3.95,63.8723544973545,62.84188472136822,48.41269841269841,55.400696864111495,50.0,56.719779544609175,0.71875,0.703125,0.40625,0.53125,B,B,C,C+,hbfullercompany
OGN,Organon & Co,Health Care,Pharmaceuticals,13.35,18.7472,0.564,10.533,4.621296039878151,-78.5,-2.92,25.5,0.0684,1.96,0.9883870967741936,48.0044,-54.491,-2.92,48.0044,0.9883870967741936,25.5,0.0684,1.96,83.85615458015268,9.388262469657818,46.253229974160206,86.53100775193798,50.0,56.711200182897386,0.9312977099236641,0.015267175572519083,0.4389312977099237,0.9083969465648855,A,F,C,A-,organonco
BBY,Best Buy Co Inc,Consumer Discretionary,Computer & Electronics Retail,59.4,11.5897,0.2972,7.3737,4.19047619047619,18.26,0.39,38.54,0.0332,27.11,0.09607912398445777,-14.4339,18.26,0.39,-14.4339,0.09607912398445777,38.54,0.0332,27.11,88.65952159055608,52.315826819414724,57.93103448275861,22.908545727136435,50.0,56.69251352763891,0.9662162162162162,0.5,0.5472972972972973,0.1891891891891892,A,C,C+,D,bestbuycoinc
BURL,Burlington Stores Inc,Consumer Discretionary,Apparel Retail,304.51,31.0406,1.6374,15.3055,10.567466459372982,22.08,8.76,39.79,0.0722,17.5,0.644941123528088,22.2932,22.08,8.76,22.2932,0.644941123528088,39.79,0.0722,17.5,31.933830382106247,78.36225698492083,61.839080459770116,62.389162561576356,50.0,56.593511619768535,0.25675675675675674,0.8581081081081081,0.6216216216216216,0.581081081081081,D+,B+,B-,C+,burlingtonstoresinc
MO,Altria Group Inc,Consumer Staples,Tobacco,68.12,16.4105,4.8973,13.4032,44.59282534694946,-37.1,-3.08,149.65,0.4252,14.12,0.6757301107754281,12.7815,-37.1,-3.08,12.7815,0.6757301107754281,149.049,0.4193199999999999,14.12,40.34391534391534,20.50537962868683,87.83068783068784,77.08764665286404,50.0,56.562256049960965,0.34375,0.046875,0.984375,0.765625,C-,F,A+,B,altriagroupinc
HAL,Halliburton Co,Energy,Oil & Gas Equipment & Services,39.83,21.8153,1.5154,10.9316,3.1792530391679503,-23.69,-1.72,14.680000000000001,0.1131,8.63,0.8860485268630848,96.7885,-23.69,-1.72,96.7885,0.8860485268630848,14.680000000000001,0.1131,8.63,45.45454545454546,36.856910620935864,62.42424242424243,86.02272727272727,50.0,56.5456245484296,0.4,0.3090909090909091,0.6545454545454545,0.8909090909090909,C-,C-,B-,B+,halliburtonco
TJX,TJX Companies Inc,Consumer Discretionary,Apparel Retail,153.36,31.0346,2.8242,19.839,16.661777647403934,14.36,7.12,59.53000000000001,0.1189,45.410000000000004,0.729009667351755,19.7283,14.36,7.12,19.7283,0.729009667351755,59.53000000000001,0.1189,41.656,21.958682820751786,66.32901515436392,81.26436781609195,62.36453201970443,50.0,56.5444720940246,0.16216216216216217,0.722972972972973,0.8986486486486487,0.5743243243243243,D,B,B+,C+,tjxcompaniesinc
DXCM,Dexcom Inc,Health Care,Health Care Equipment,60.61,25.1,4.8471,18.2009,8.493315770297919,77.45,16.15,33.83,0.2145,20.01,0.1812099247281851,-28.9782,77.45,16.15,-28.9782,0.1812099247281851,33.83,0.2145,20.01,42.30677480916031,78.59137581444803,81.39534883720931,24.441214470284237,50.0,56.53204896853886,0.3969465648854962,0.8854961832061069,0.851145038167939,0.20610687022900764,C-,B+,B+,D+,dexcominc
CSX,CSX Corp,Industrials,Rail Transportation,44.83,27.3146,5.8872,15.5905,6.338545937844639,-2.56,-0.92,23.53,0.3345,9.54,0.9055925440064988,54.7997,-2.56,-0.92,54.7997,0.9055925440064988,23.53,0.2659,9.54,40.502366217692035,30.562452388341846,75.70480928689884,81.57040882543802,50.0,56.47836611890369,0.37073170731707317,0.2,0.8097560975609757,0.8536585365853658,C-,D,B+,B+,csxcorp
SNCY,Sun Country Airlines Holdings Inc,Industrials,Passenger Airlines,17.02,17.4672,0.8186,6.8089,1.4490162524795884,0.72,4.74,8.62,0.0889,4.49,0.5662551440329218,43.0252,0.72,4.74,43.0252,0.5662551440329218,8.62,0.0889,4.49,88.43910528657527,48.61613036765199,29.6849087893864,61.03962943901183,50.0,56.46215548032318,0.9365853658536586,0.4292682926829268,0.22439024390243903,0.6195121951219512,A,C,D+,B-,suncountryairlinesholdingsinc
VOYA,Voya Financial Inc,Financials,Multi-Sector Holdings,81.59,11.373,0.9083,7.6697,1.5458536298856194,2.9,1.73,13.83,0.1324,9.569999999999999,0.8764102564102566,21.9581,2.9,1.73,21.9581,0.8764102564102566,13.83,0.1324,9.569999999999999,61.4321608040201,31.444769843057745,59.693877551020414,74.3566992014197,50.0,56.44180339765562,0.6432160804020101,0.23618090452261306,0.6030150753768844,0.7788944723618091,B-,D+,B-,B,voyafinancialinc
ZWS,Zurn Elkay Water Solutions Corp,Industrials,Industrial Machinery & Supplies & Components,51.19,42.7554,4.9918,25.2083,5.331347573867128,26.08,8.26,12.559999999999999,0.1704,9.55,0.8669083376488865,45.5502,26.08,8.26,45.5502,0.8669083376488865,12.559999999999999,0.1704,9.55,22.24001941511953,82.81426243760376,58.208955223880594,73.70389432149597,50.0,56.41587501156998,0.14634146341463414,0.9317073170731708,0.6146341463414634,0.7609756097560976,D,A,B-,B,zurnelkaywatersolutionscorp
LII,Lennox International Inc,Industrials,Building Products,521.25,22.5885,3.5035,17.2451,15.594054962873434,1.12,-2.73,80.86,0.2004,36.980000000000004,0.34141279661680624,-9.5649,1.12,-2.73,-9.5649,0.34141279661680624,66.03,0.2004,28.27,48.08639728188327,43.067604388431604,93.69817578772802,36.61691542288557,50.0,56.38304722966626,0.4975609756097561,0.33658536585365856,0.9902439024390244,0.3121951219512195,C,C-,A+,C-,lennoxinternationalinc
KBR,KBR Inc,Industrials,Diversified Support Services,32.54,9.8988,0.5251,8.5691,2.7377436751726862,15.19,1.05,28.27,0.0986,10.100000000000001,0.03885804916732753,-40.6421,15.19,1.05,-37.9304,0.03885804916732753,28.27,0.0986,10.100000000000001,93.43445374752254,50.89937618255549,61.857379767827524,11.650082918739635,50.0,56.33285019909654,0.9853658536585366,0.5121951219512195,0.6487804878048781,0.04878048780487805,A+,C+,B-,F,kbrinc
PCTY,Paylocity Holding Corp,Industrials,Human Resource & Employment Services,110.98,24.6154,3.4921,12.6425,4.980366638992977,9.16,12.08,20.52,0.2011,18.279999999999998,0.16507464603921793,-42.6578,9.16,12.08,-37.9304,0.16507464603921793,20.52,0.2011,18.279999999999998,55.256239129555475,69.5520703038055,80.59701492537313,17.211857379767828,50.0,56.31609905044681,0.5853658536585366,0.7414634146341463,0.8536585365853658,0.14634146341463414,C+,B,B+,D,paylocityholdingcorp
GEHC,GE Healthcare Technologies Inc,Health Care,Health Care Equipment,63.47,13.8475,1.3999,10.2669,2.786937793370539,4.78,4.85,21.240000000000002,0.134,10.59,0.15215989684074788,-9.9716,4.78,4.85,-9.9716,0.15215989684074788,21.240000000000002,0.134,10.59,83.11068702290076,37.33019454026186,62.273901808785524,37.29005167958656,50.0,56.27019645189126,0.916030534351145,0.29770992366412213,0.6564885496183206,0.3511450381679389,A-,D+,B-,C-,gehealthcaretechnologiesinc
PLXS,Plexus Corp,Information Technology,Electronic Manufacturing Services,266.55,40.2827,1.7258,25.0715,4.9161732971836445,56.35,1.82,12.389999999999999,0.0509,11.129999999999999,0.9421734795613163,110.6449,56.35,1.82,110.6449,0.9421734795613163,12.389999999999999,0.0509,11.129999999999999,66.78086537241467,50.61641780507607,48.920839853938446,61.061368209255534,50.0,56.2609835094546,0.7094594594594594,0.527027027027027,0.46621621621621623,0.5945945945945946,B,C+,C,C+,plexuscorp
TFC,Truist Financial Corp,Financials,Diversified Banks,49.11,11.0702,1.76233,18.8601,0.9510787995220398,17.14,58.19041,8.51,0.2905613,4.35,0.6047287496373658,24.1405,17.14,58.19041,24.1405,0.6047287496373658,8.51,0.2905613,4.35,82.57870987591016,64.22416933448189,26.02040816326531,56.043956043956044,50.0,56.20340458548146,0.9396984924623115,0.7688442211055276,0.2562814070351759,0.5829145728643216,A,B,D+,C+,truistfinancialcorp
CPK,Chesapeake Utilities Corp,Utilities,Gas Utilities,126.42,21.6796,3.1694,13.0446,1.8898555924298142,13.67,18.22,9.26,0.2666,4.569999999999999,0.4410256410256411,-2.8734,13.67,18.22,-2.8734,0.4410256410256411,9.26,0.2666,4.569999999999999,56.1159420289855,80.64845782237086,65.94202898550725,22.775919732441473,50.0,56.19936826458565,0.62,0.92,0.68,0.18,B-,A-,B-,D,chesapeakeutilitiescorp
HMN,Horace Mann Educators Corp,Financials,Multi-line Insurance,44.51,11.1802,1.0598,9.3681,1.2205790003372978,57.19,7.59,11.52,0.1402,7.95,0.5395292697646346,6.1278,57.19,7.59,6.1278,0.5395292697646346,11.52,0.1402,7.95,70.09024715413804,67.36648900279187,46.93877551020408,42.34315948601663,50.0,56.199185363847235,0.8040201005025126,0.8241206030150754,0.4623115577889447,0.4221105527638191,B+,B+,C,C,horacemanneducatorscorp
FCX,Freeport-McMoRan Inc,Materials,Copper,61.65,40.0773,4.8181,10.4491,4.684330099005387,16.78,-27.98,12.0,0.2229,7.960000000000001,0.7399134440876727,64.4877,16.78,-17.069,64.4877,0.7399134440876727,12.0,0.2229,7.960000000000001,41.53439153439154,36.281179138322,73.54497354497354,75.81254724111866,50.0,56.18858654572941,0.40625,0.21875,0.734375,0.765625,C,D+,B,B,freeportmcmoraninc
MSI,Motorola Solutions Inc,Information Technology,Communications Equipment,383.99,30.2446,5.5767,21.8797,26.4012265889277,38.29,8.0,103.24,0.2554,21.23,0.18538311004064423,-6.4283,38.29,8.0,-6.4283,0.18538311004064423,103.24,0.2554,21.23,57.594213932242106,57.55017286112319,86.25130412102243,18.45901799687011,50.0,56.16321768491479,0.6216216216216216,0.6554054054054054,0.8851351351351351,0.12162162162162163,B-,B-,B+,D,motorolasolutionsinc
OSIS,OSI Systems Inc,Information Technology,Electronic Equipment & Instruments,230.83,25.4675,2.1691,17.402,4.076036093305786,13.33,8.96,16.91,0.12300000000000001,9.28,0.249065886885284,3.8979,13.33,8.96,3.8979,0.249065886885284,16.91,0.12300000000000001,9.28,74.84456287273188,54.82382616052264,54.93283776734481,38.63182454944722,50.0,56.13548030201315,0.8108108108108109,0.6216216216216216,0.581081081081081,0.3108108108108108,B+,B-,C+,C-,osisystemsinc
MOS,Mosaic Co,Materials,Fertilizers & Agricultural Chemicals,22.19,13.4293,0.6025,6.0837,0.582818540931249,206.43,8.36,4.41,0.0682,3.19,0.0012453300124532739,-31.1938,206.43,8.36,-30.721349999999997,0.13757366871863083,4.41,0.0682,3.19,92.17096560846561,84.58707154359328,37.03703703703704,9.556878306878305,50.0,56.13079063146998,0.984375,0.921875,0.34375,0.0390625,A+,A-,C-,F,mosaicco
ACAD,ACADIA Pharmaceuticals Inc,Health Care,Pharmaceuticals,22.4,9.8263,4.6447,27.9713,3.108175611922073,117.79,-13.64,41.9,0.10339999999999999,41.9,0.5647403072421359,32.3095,117.79,-7.6259999999999994,32.3095,0.5647403072421359,41.9,0.10339999999999999,29.843999999999994,48.779421119592875,41.980300420222896,75.45219638242894,58.21317829457365,50.0,56.096600118464764,0.4961832061068702,0.3893129770992366,0.8015267175572519,0.5648854961832062,C,C-,B+,C+,acadiapharmaceuticalsinc
PYPL,PayPal Holdings Inc,Financials,Transaction & Payment Processing Services,45.37,7.9187,1.1876,6.1673,2.0606429460335915,19.79,5.79,25.080000000000002,0.17850000000000002,16.27,0.1683723196881091,-35.6271,19.79,5.79,-35.6271,0.1683723196881091,25.080000000000002,0.17850000000000002,16.27,64.57927392062354,48.953845932651475,84.6938775510204,19.855167873601054,50.0,56.08009062916149,0.6934673366834171,0.4472361809045226,0.8492462311557789,0.20100502512562815,B-,C,B+,D+,paypalholdingsinc
CHRW,CH Robinson Worldwide Inc,Industrials,Air Freight & Logistics,171.39,34.309,1.2408,23.4698,10.997535997535996,25.4,-8.42,32.519999999999996,0.049,19.15,0.7244026567756403,91.3262,25.4,-8.42,91.3262,0.7244026567756403,32.519999999999996,0.049,19.15,43.7293208752983,46.467495299422616,60.0,79.2422502870264,50.0,56.07427933611438,0.44390243902439025,0.4,0.6341463414634146,0.8439024390243902,C,C-,B-,B+,chrobinsonworldwideinc
SLGN,Silgan Holdings Inc,Materials,"Metal, Glass & Plastic Containers",40.26,14.8771,0.6618,8.2405,1.866550451569831,4.46,10.73,13.03,0.0922,4.15,0.19674485399712777,-25.1812,4.46,10.73,-25.1812,0.19674485399712777,13.03,0.0922,4.15,85.87136243386243,64.91402116402116,56.08465608465608,12.63227513227513,50.0,55.998263888888886,0.921875,0.78125,0.5546875,0.078125,A-,B,C+,D-,silganholdingsinc
TXN,Texas Instruments Inc,Information Technology,Semiconductors,287.8,49.1148,14.2965,33.5849,16.040932804209213,10.83,14.89,30.44,0.3529,16.57,0.9654063326424132,73.7503,10.83,14.89,73.7503,0.9654063326424132,30.44,0.3529,16.57,38.250222053038954,54.172091704523126,81.27608242044862,51.283581116327596,50.0,55.972710682542036,0.3716216216216216,0.5945945945945946,0.8581081081081081,0.46621621621621623,C-,C+,B+,C,texasinstrumentsinc
MHO,M/I Homes Inc,Consumer Discretionary,Homebuilding,131.87,9.3987,0.7746,7.6987,1.0730018828591468,-29.79,-1.62,11.42,0.1035,8.76,0.5117328519855598,19.0377,-29.79,-1.62,19.0377,0.5117328519855598,11.42,0.1035,8.76,79.85243864554211,32.80042735704443,45.747126436781606,65.03042596348885,50.0,55.96606193468759,0.8986486486486487,0.23648648648648649,0.42567567567567566,0.6283783783783784,B+,D+,C,B-,mihomesinc
AIR,AAR Corp,Industrials,Aerospace & Defense,117.78,28.1257,1.5344,15.2615,3.483049043033902,-45.74,16.85,12.07,0.0955,7.199999999999999,0.8629033665001542,97.717,-45.74,16.85,97.717,0.8629033665001542,12.07,0.0955,7.199999999999999,58.404724345750914,43.2795262816353,41.70812603648425,86.37645107794361,50.0,55.95940806747457,0.6536585365853659,0.34146341463414637,0.35121951219512193,0.8975609756097561,B-,C-,C-,B+,aarcorp
RMD,Resmed Inc,Health Care,Health Care Equipment,206.76,19.6884,5.4025,15.001,5.071612363588198,16.47,10.28,24.41,0.3418,22.05,0.08532100451823056,-14.9451,16.47,10.28,-14.9451,0.08532100451823056,24.41,0.3418,22.05,51.59231870229007,55.39425002781796,85.01291989664082,28.585271317829452,50.0,55.94721391886221,0.5725190839694656,0.6183206106870229,0.8931297709923665,0.2366412213740458,C+,B-,B+,D+,resmedinc
TRST,TrustCo Bank Corp NY,Financials,Regional Banks,49.06,14.03,2.5976,11.4191,1.2882659090073578,26.92,24.59725,8.86,0.4587097,7.779999999999999,0.9921218073624337,55.3515,26.92,24.59725,55.3515,0.9645380732938337,8.86,0.4587097,7.779999999999999,56.990308686288586,48.60710284076489,28.8265306122449,98.40245775729647,50.0,55.85612194424564,0.5778894472361809,0.44221105527638194,0.28391959798994976,1.0,C+,C,D+,A+,trustcobankcorpny
CASY,Caseys General Stores Inc,Consumer Staples,Food Retail,859.49,49.149,1.8814,24.2918,9.092755650110501,21.4,9.22,17.549999999999997,0.0562,10.54,0.9803917092768444,89.9425,21.4,9.22,84.20400999999997,0.9396208141146897,17.549999999999997,0.0562,10.54,19.328703703703706,76.9012990652335,45.5026455026455,96.24542124542124,50.0,55.83718136371825,0.109375,0.859375,0.421875,0.9765625,D,B+,C,A+,caseysgeneralstoresinc
BLKB,Blackbaud Inc,Information Technology,Application Software,37.5,14.3633,1.4641,13.8209,20.591949920377793,71.88,-2.34,146.36,0.1691,9.48,0.08673344734913262,-41.5433,71.88,-2.34,-41.5433,0.08673344734913262,113.0909999999999,0.1691,9.48,87.16850653470372,41.79678705762842,73.16770996348461,11.658841940532078,50.0,55.775179924179184,0.9054054054054054,0.33783783783783783,0.7432432432432432,0.06756756756756757,A-,C-,B,D-,blackbaudinc
PGR,Progressive Corp,Financials,Property & Casualty Insurance,194.0,9.8072,1.2678,8.0766,3.749103790266631,32.6,13.89,35.449999999999996,0.1659,28.99,0.022910090622136243,-31.6709,32.6,13.89,-31.6709,0.037798461982752614,35.449999999999996,0.1659,25.565,51.881858270946566,61.62495125076606,93.36734693877551,10.66326530612245,50.0,55.76994461380822,0.5175879396984925,0.7236180904522613,0.9346733668341709,0.07537688442211055,C+,B,A,D-,progressivecorp
PEN,Penumbra Inc,Health Care,Health Care Equipment,322.23,71.2577,9.0204,65.5738,8.854686199022282,1389.2,17.5,13.43,0.1348,13.19,0.7153382925965286,11.6025,1389.2,17.5,11.6025,0.7153382925965286,13.43,0.1348,13.19,16.096135496183205,91.66995073130323,59.43152454780361,67.62273901808786,50.0,55.740452960874926,0.07633587786259542,0.9847328244274809,0.6183206106870229,0.7022900763358778,D-,A+,B-,B,penumbrainc
CHTR,Charter Communications Inc,Communication Services,Cable & Satellite,154.86,4.3142,0.3928,5.4716,1.22151687059462,3.8,-0.56,31.240000000000002,0.2351,4.43,0.0005666525003542464,-61.7072,3.8,-0.56,-61.54053,0.046500002380003305,31.240000000000002,0.2351,4.43,93.62637362637362,43.59589685676642,67.77777777777779,8.253340862036517,50.0,55.72088539479844,1.0,0.358974358974359,0.8461538461538461,0.02564102564102564,A+,C-,B+,F,chartercommunicationsinc
LUV,Southwest Airlines Co,Industrials,Passenger Airlines,41.31,24.5165,0.6935,8.755,2.6686736091371874,80.72,4.72,10.67,0.034,6.65,0.47197245073656025,32.9578,80.72,4.72,32.9578,0.47197245073656025,10.67,0.034,6.65,81.5612991950815,69.04834496397856,27.36318407960199,48.24498198661863,50.0,55.68978620879031,0.8780487804878049,0.7365853658536585,0.2048780487804878,0.45365853658536587,B+,B,D+,C,southwestairlinesco
UBER,Uber Technologies Inc,Industrials,Passenger Ground Transportation,75.45,15.2776,2.9526,34.1383,5.797558033210135,3.3,18.28,40.31,0.107,28.27,0.20847002684163463,-8.3232,3.3,18.28,-8.3232,0.20847002684163463,40.31,0.107,28.27,44.94276584556891,70.89123833121238,79.43615257048093,27.07824513794663,50.0,55.688626297844266,0.45365853658536587,0.7804878048780488,0.848780487804878,0.24390243902439024,C,B,B+,D+,ubertechnologiesinc
AWR,American States Water Co,Utilities,Water Utilities,77.2,23.3368,5.8391,15.2959,2.885636110820388,6.32,11.14,13.100000000000001,0.3899,6.76,0.574499629355078,-3.8845,6.32,11.14,-3.8845,0.574499629355078,13.100000000000001,0.38217500000000004,6.76,27.85507246376811,69.74637681159419,92.02898550724638,33.51449275362319,50.0,55.6231884057971,0.26,0.8,0.98,0.28,D+,B,A+,D+,americanstateswaterco
GS,Goldman Sachs Group Inc,Financials,Investment Banking & Brokerage,936.48,15.2584,2.1562,56.5799,2.2216560219432657,27.69,1.28,14.56,0.1775,1.38,0.886937560083472,65.5436,27.69,1.28,65.5436,0.886937560083472,14.56,0.1775,1.38,38.680648138652444,38.51133767897933,61.73469387755102,89.00680272108843,50.0,55.60746358406442,0.3165829145728643,0.3316582914572864,0.6231155778894473,0.9195979899497487,C-,C-,B-,A-,goldmansachsgroupinc
USFD,US Foods Holding Corp,Consumer Staples,Food Distributors,84.4,27.6134,0.4735,14.4106,4.32091496910341,45.9,4.08,15.010000000000002,0.0304,7.02,0.46804680468046833,17.5324,45.9,4.08,17.5324,0.46804680468046833,15.010000000000002,0.0304,7.02,52.298280423280424,75.59927140255009,34.92063492063492,68.12698412698413,50.0,55.54997994188568,0.578125,0.828125,0.265625,0.6875,C+,B+,D+,B-,usfoodsholdingcorp
CMS,CMS Energy Corp,Utilities,Multi-Utilities,72.61,21.0388,2.7712,12.2081,2.4330419223075195,5.67,12.95,12.33,0.2213,4.01,0.38735177865612674,0.0138,5.67,12.95,0.0138,0.38735177865612674,12.33,0.2213,4.01,66.52173913043478,67.7007850241546,64.49275362318842,21.277173913043477,50.0,55.549214975845416,0.7,0.76,0.66,0.16,B-,B,B-,D,cmsenergycorp
BWXT,BWX Technologies Inc,Industrials,Aerospace & Defense,205.33,56.8855,5.8504,42.7925,15.232308845021105,17.0,18.3,27.650000000000002,0.1265,11.95,0.7331627056672761,90.2084,17.0,18.3,90.2084,0.7331627056672761,27.650000000000002,0.1265,11.95,13.538001051652307,75.03124474247122,67.9933665008292,75.61912658927585,50.0,55.51291615446979,0.05853658536585366,0.8536585365853658,0.7170731707317073,0.7902439024390244,D-,B+,B,B,bwxtechnologiesinc
ADI,Analog Devices Inc,Information Technology,Semiconductors,416.52,74.8786,17.2398,49.791,6.031233483684595,74.57,25.91,7.920000000000001,0.2924,6.370000000000001,0.9897607787318058,105.4049,74.57,25.91,105.4049,0.9897607787318058,7.920000000000001,0.2924,6.370000000000001,27.464788732394368,81.95753185328797,53.12989045383412,69.79916536254564,50.0,55.500009239723845,0.20945945945945946,0.9121621621621622,0.5540540540540541,0.7364864864864865,D+,A-,C+,B,analogdevicesinc
WSM,Williams-Sonoma Inc,Consumer Discretionary,Homefurnishing Retail,182.1,19.8996,2.7744,12.5303,10.385299753627155,0.53,1.24,51.449999999999996,0.1813,51.449999999999996,0.4652184227562294,13.1829,0.53,1.24,13.1829,0.4652184227562294,51.449999999999996,0.1813,41.656,38.12674743709226,40.925841728684574,87.70114942528737,53.98119122257053,50.0,55.43838080584593,0.33783783783783783,0.34459459459459457,0.9695945945945946,0.5,C-,C-,A,C,williamssonomainc
OZK,Bank Ozk,Financials,Regional Banks,48.5,7.7827,3.52526,6.3165,0.8733577273251123,0.68,67.44116,11.63,0.5657224,10.489999999999998,0.54295837023915,8.1865,0.68,67.44116,8.1865,0.54295837023915,11.63,0.5657224,10.489999999999998,94.16726489590812,51.8419472455909,47.44897959183674,23.2696949747641,50.0,55.42638956600722,0.9899497487437185,0.507537688442211,0.46733668341708545,0.22110552763819097,A+,C+,C,D+,bankozk
TROW,T Rowe Price Group Inc,Financials,Asset Management & Custody Banks,105.33,10.7118,3.0291,7.8996,2.119819192484332,5.66,4.23,19.48,0.3073,19.42,0.6093939393939394,13.6736,5.66,4.23,13.6736,0.6093939393939394,19.48,0.3073,19.42,56.28012511537278,35.114923391200186,76.0204081632653,51.49825783972126,50.0,55.39776956584381,0.5678391959798995,0.271356783919598,0.7638190954773869,0.5226130653266332,C+,D+,B,C+,trowepricegroupinc
INGR,Ingredion Inc,Consumer Staples,Agricultural Products & Services,107.39,9.2834,0.9375,6.1051,1.582959052966261,15.14,-2.84,17.48,0.1407,12.23,0.16264913562210873,-21.7445,15.14,-2.84,-21.7445,0.16264913562210873,17.48,0.1407,12.23,79.67096560846561,47.7030748547142,60.31746031746031,29.2989417989418,50.0,55.39750981221268,0.9375,0.453125,0.640625,0.234375,A,C,B-,D+,ingredioninc
ACA,Arcosa Inc,Industrials,Construction & Engineering,129.94,30.6122,2.2125,13.6236,2.4104878668647887,121.29,12.2,8.18,0.1186,5.0,0.8949133594186695,49.6832,106.67149999999995,12.2,49.6832,0.8949133594186695,8.18,0.1186,5.0,55.06451482425272,77.46518442981778,36.15257048092869,60.4007739082366,50.0,55.377462993906235,0.5804878048780487,0.8731707317073171,0.28780487804878047,0.6146341463414634,C+,B+,D+,B-,arcosainc
RF,Regions Financial Corp,Financials,Regional Banks,27.63,10.5743,1.92217,10.3053,1.259406807086955,14.13,45.41902,11.78,0.3873294,9.54,0.6368715083798882,29.7183,14.13,45.41902,29.7183,0.6368715083798882,11.78,0.3873294,9.54,72.08106860834786,43.52687553005119,47.95918367346938,58.27518104015799,50.0,55.37047438449614,0.8391959798994975,0.3969849246231156,0.4723618090452261,0.628140703517588,B+,C-,C,B-,regionsfinancialcorp
CACI,CACI International Inc,Industrials,Diversified Support Services,480.99,19.8654,1.164,14.5634,2.7166318938085485,14.41,9.58,13.15,0.0932,7.12,0.2605885789396816,0.991,14.41,9.58,0.991,0.2605885789396816,13.15,0.0932,7.12,70.46960320349471,69.83853844222168,42.288557213930346,41.03814262023217,50.0,55.36487631684704,0.7902439024390244,0.751219512195122,0.37073170731707317,0.36097560975609755,B,B,C-,C-,caciinternationalinc
DGX,Quest Diagnostics Inc,Health Care,Health Care Services,187.39,20.2389,1.8376,14.7083,2.8748822524078808,14.88,11.03,14.11,0.1427,7.920000000000001,0.46550665301944694,6.5321,14.88,11.03,6.5321,0.46550665301944694,14.11,0.1427,7.920000000000001,65.60512086513995,57.754937246216315,54.263565891472865,44.026578073089695,50.0,55.32347475301441,0.7251908396946565,0.6564885496183206,0.5267175572519084,0.40458015267175573,B,B-,C+,C,questdiagnosticsinc
JPM,JPMorgan Chase & Co,Financials,Diversified Banks,302.1,13.7535,2.89596,25.0869,2.247403322972911,2.39,108.9793,16.32,0.4122809,4.130000000000001,0.5898483080513421,19.1857,2.39,89.81605399999997,19.1857,0.5898483080513421,16.32,0.4122809,4.130000000000001,43.19941544456979,62.26493226535012,69.13265306122449,48.8226059654631,50.0,55.30052477261121,0.37185929648241206,0.7437185929648241,0.6959798994974874,0.4723618090452261,C-,B,B-,C,jpmorganchaseco
UBSI,United Bankshares Inc,Financials,Regional Banks,43.41,12.0513,4.20702,10.7174,1.104844415712664,32.06,50.64327,9.26,0.4541967,8.450000000000001,0.7869822485207097,21.1893,32.06,50.64327,21.1893,0.7869822485207097,9.26,0.4541967,8.450000000000001,71.67854579017536,66.2514779529655,31.63265306122449,56.014922097871406,50.0,55.28107972301734,0.8291457286432161,0.8140703517587939,0.31155778894472363,0.5778894472361809,B+,B+,C-,C+,unitedbanksharesinc
POST,Post Holdings Inc,Consumer Staples,Packaged Foods & Meats,102.05,14.7168,0.562,11.7215,1.435677969201507,-11.33,5.38,8.49,0.0964,2.8899999999999997,0.34211663066954645,-7.947,-11.33,5.38,-7.947,0.34211663066954645,8.49,0.0964,2.8899999999999997,71.14748677248677,57.63726255529535,33.333333333333336,63.042328042328045,50.0,55.25612314597971,0.765625,0.609375,0.25,0.609375,B,B-,D+,B-,postholdingsinc
INSP,Inspire Medical Systems Inc,Health Care,Health Care Equipment,44.26,8.7694,1.3984,18.5038,1.619270267402765,185.05,13.6,21.07,0.051500000000000004,21.07,0.0022902705912290783,-71.0321,185.05,13.6,-44.18556,0.013961706883119818,21.07,0.051500000000000004,21.07,70.29063295165395,79.86153610771115,62.273901808785524,5.666989664082687,50.0,55.246838844468634,0.8091603053435115,0.9007633587786259,0.6564885496183206,0.019083969465648856,B+,A-,B-,F,inspiremedicalsystemsinc
CHEF,Chefs' Warehouse Inc,Consumer Staples,Food Distributors,81.71,45.8348,0.7993,19.8442,5.500393798846202,29.77,9.36,12.690000000000001,0.035,5.6000000000000005,0.9628113686713133,30.9245,29.77,9.36,30.9245,0.9396208141146897,12.690000000000001,0.035,5.6000000000000005,31.870039682539684,83.76112412177986,30.687830687830683,89.21904761904761,50.0,55.235501940758084,0.265625,0.90625,0.234375,0.890625,D+,A-,D+,B+,chefswarehouseinc
YETI,Yeti Holdings Inc,Consumer Discretionary,Leisure Products,41.53,19.2872,1.7072,11.1836,4.789417842974444,-17.37,1.56,22.66,0.1143,20.53,0.5891062640244853,40.2567,-17.37,1.56,40.2567,0.5891062640244853,22.66,0.1143,20.53,50.602671637154394,34.15650879786178,65.97701149425288,71.0344827586207,50.0,55.18311909414832,0.5337837837837838,0.24324324324324326,0.6621621621621622,0.75,C+,D+,B-,B,yetiholdingsinc
DY,Dycom Industries Inc,Industrials,Construction & Engineering,428.31,45.7535,2.3198,21.2666,6.904439500918851,21.16,17.95,18.81,0.0753,9.54,0.8700100714399381,129.7677,21.16,17.95,129.7677,0.8700100714399381,18.81,0.0753,9.54,35.81685070582049,68.8801077428592,49.834162520729684,74.64621337755668,50.0,55.11801753072072,0.3024390243902439,0.7268292682926829,0.4975609756097561,0.7804878048780488,C-,B,C,B,dycomindustriesinc
LPG,Dorian LPG Ltd,Energy,Oil & Gas Storage & Transportation,40.29,14.2628,4.2614,9.4528,1.6463982739175207,-27.64,-3.51,11.41,0.34869999999999995,7.59,0.9806389157792837,84.478,-27.64,-3.51,84.478,0.945675165903864,11.41,0.34869999999999995,7.59,44.84848484848485,27.888247434724196,63.03030303030303,87.7115987460815,50.0,55.08966620585811,0.38181818181818183,0.10909090909090909,0.6727272727272727,0.9090909090909091,C-,D,B-,A-,dorianlpgltd
QNST,QuinStreet Inc,Communication Services,Interactive Media & Services,13.21,11.4108,0.6439,16.1567,3.094039114650428,-24.95,19.04,24.45,0.0134,24.45,0.4269005847953219,-15.5371,-24.95,19.04,-15.5371,0.4269005847953219,24.45,0.0134,24.45,66.7887667887668,58.88278388278388,60.0,33.06471306471306,50.0,55.08669108669108,0.717948717948718,0.5897435897435898,0.5897435897435898,0.28205128205128205,B,C+,C+,D+,quinstreetinc
VSNT,Versant Media Group Inc,Communication Services,Cable & Satellite,41.14,10.6897,1.2061,,0.5826262935252573,-19.22,,,0.1552,,0.4388941250392711,,-19.22,,,0.4388941250392711,,0.1552,,70.51282051282051,43.11594202898551,55.55555555555556,49.710144927536234,50.0,55.08231140839837,0.8461538461538461,0.3333333333333333,0.5384615384615384,0.41025641025641024,B+,C-,C+,C,versantmediagroupinc
PHM,Pultegroup Inc,Consumer Discretionary,Homebuilding,117.55,10.9279,1.3267,8.6096,1.7446321579266852,-27.04,-5.94,15.920000000000002,0.1592,13.639999999999999,0.4533468559837727,13.7287,-27.04,-5.94,13.7287,0.4533468559837727,15.920000000000002,0.1592,13.639999999999999,71.02671637154397,28.344920489912205,61.60919540229886,56.125760649087226,50.0,55.053114171260596,0.7635135135135135,0.19594594594594594,0.6114864864864865,0.5337837837837838,B,D,B-,C+,pultegroupinc
BDC,Belden Inc,Information Technology,Electronic Components,112.3,18.666,1.6329,14.5652,3.4590885009179058,22.98,10.33,19.139999999999997,0.1162,9.48,0.1547323644097838,4.6891,22.98,10.33,4.6891,0.1547323644097838,19.139999999999997,0.1162,9.48,83.74254536226367,49.95980561732971,57.404147104851326,23.763983075407175,50.0,55.03143085532613,0.8918918918918919,0.4864864864864865,0.6148648648648649,0.18243243243243243,B+,C,B-,D,beldeninc
HAE,Haemonetics Corp,Health Care,Health Care Supplies,55.12,14.7478,1.9626,11.6549,3.237743917482172,43.23,-4.02,20.26,0.1905,8.39,0.1951006124234471,-18.9531,43.23,-4.02,-18.9531,0.1951006124234471,20.26,0.1905,8.39,75.15108142493638,47.13172002416188,64.21188630490956,28.706395348837212,50.0,55.0083650070613,0.8396946564885496,0.46564885496183206,0.6793893129770993,0.24427480916030533,B+,C,B-,D+,haemoneticscorp
RH,RH,Consumer Discretionary,Homefurnishing Retail,133.89,20.2085,0.7332,10.5167,41.57816284702813,75.14,8.14,203.42,0.11259999999999999,2.03,0.18305890721935428,-31.8973,75.14,8.14,-31.8973,0.18305890721935428,170.61999999999995,0.11259999999999999,2.03,60.78906492699596,83.92399913852928,57.12643678160919,18.71473354231975,50.0,55.006621963321095,0.668918918918919,0.8986486486486487,0.5337837837837838,0.12162162162162163,B-,B+,C+,D,rh
PEP,PepsiCo Inc,Consumer Staples,Soft Drinks & Non-alcoholic Beverages,154.62,24.199,2.2141,16.4739,10.357994587207589,-6.44,4.29,43.89,0.1241,12.31,0.615770282588879,17.6444,-6.44,4.29,17.6444,0.615770282588879,43.89,0.1241,12.31,31.38227513227513,46.77817291660644,71.95767195767195,74.01528512639624,50.0,54.99367838108731,0.25,0.4375,0.78125,0.75,D+,C,B,B,pepsicoinc
INVX,Innovex International Inc,Energy,Oil & Gas Equipment & Services,26.6,22.1555,1.8865,8.6928,1.7372222730181952,-50.2,54.51,8.19,0.1322,7.95,0.8204488778054865,69.8595,-50.2,48.977999999999994,69.8595,0.8204488778054865,8.19,0.1322,7.95,49.69696969696971,57.56646053805942,50.303030303030305,67.38636363636364,50.0,54.990564834884616,0.45454545454545453,0.6363636363636364,0.45454545454545453,0.6545454545454545,C,B-,C,B-,innovexinternationalinc
ZTS,Zoetis Inc,Health Care,Pharmaceuticals,82.83,13.6191,3.8453,11.7793,10.566398775354,10.17,2.28,58.230000000000004,0.3549,22.45,0.018983869197849272,-48.7723,10.17,2.28,-44.18556,0.018983869197849272,58.230000000000004,0.3549,22.45,69.03824745547074,44.5940020358625,91.47286821705427,4.670542635658915,50.0,54.98068785243554,0.7862595419847328,0.4198473282442748,0.9694656488549618,0.007633587786259542,B,C,A,F,zoetisinc
MUSA,Murphy USA Inc,Consumer Discretionary,Automotive Retail,577.87,22.8188,0.554,12.9323,17.206859279948308,0.37,-4.25,74.25,0.037200000000000004,17.07,0.879245097613104,30.1362,0.37,-4.25,30.1362,0.879245097613104,74.25,0.037200000000000004,17.07,52.97297297297297,32.090756538802076,58.39080459770114,78.39080459770115,50.0,54.937256619969176,0.5675675675675675,0.22972972972972974,0.5608108108108109,0.8513513513513513,C+,D+,C+,B+,murphyusainc
CDW,CDW Corp,Information Technology,Technology Distributors,104.79,12.9532,0.6161,9.6529,5.203104285522769,1.33,6.79,42.94,0.0738,13.05,0.00432358630105825,-41.8124,1.33,6.79,-41.8124,0.05854309805993903,42.94,0.0738,13.05,94.49942900647125,40.860513960958734,66.24934793948879,7.482394366197184,50.0,54.85577590192119,0.9662162162162162,0.31756756756756754,0.6959459459459459,0.033783783783783786,A,C-,B-,F,cdwcorp
HALO,Halozyme Therapeutics Inc,Health Care,Biotechnology,64.12,24.2901,5.5114,17.9679,154.72972972972974,-27.39,37.55,92.67,0.3319,15.770000000000001,0.4786866359447006,-5.33,-27.39,37.382,-5.33,0.4786866359447006,92.67,0.3319,15.770000000000001,42.83953562340967,55.80351316785425,86.30490956072352,31.797711332595057,50.0,54.80635619612316,0.4122137404580153,0.6259541984732825,0.9083969465648855,0.2595419847328244,C,B-,A-,D+,halozymetherapeuticsinc
IPAR,Interparfums Inc,Consumer Staples,Household Products,94.48,18.0996,2.0475,10.0893,3.4400646650597495,2.74,2.49,19.93,0.1816,16.1,0.26406727828746185,-21.1484,2.74,2.49,-21.1484,0.26406727828746185,19.93,0.1816,16.1,54.53869047619048,52.92784911213401,71.16402116402116,38.75205254515599,50.0,54.761658241510915,0.625,0.546875,0.765625,0.34375,B-,C+,B,C-,interparfumsinc
AMKR,Amkor Technology Inc,Information Technology,Semiconductors,76.61,50.5497,2.8176,17.1194,4.237395945684339,5.19,6.18,8.73,0.0694,6.41,0.9574951330304996,325.6111,5.19,6.18,325.6111,0.9574951330304996,8.73,0.0694,6.41,64.73797741403375,39.505145470212184,38.44874804381847,80.10465571205008,50.0,54.71864160091552,0.6824324324324325,0.27702702702702703,0.3310810810810811,0.8918918918918919,B-,D+,C-,B+,amkortechnologyinc
FCFS,Firstcash Holdings Inc,Financials,Consumer Finance,227.68,28.1555,2.5748,16.7544,4.397769437743014,27.91,14.39,15.909999999999998,0.1568,8.21,0.9727827100708457,69.9993,27.91,14.39,69.9993,0.9645380732938337,15.909999999999998,0.1568,8.21,14.924110347656654,56.66944917164289,66.83673469387756,89.70933828076686,50.0,54.71596875086551,0.07537688442211055,0.6231155778894473,0.6733668341708543,0.9346733668341709,D-,B-,B-,A,firstcashholdingsinc
POWL,Powell Industries Inc,Industrials,Electrical Components & Equipment,309.39,60.4462,10.1664,47.3466,17.484106128676782,-41.75,5.12,30.64,0.20199999999999999,30.64,0.9389899883843132,421.561,-41.75,5.12,147.7577,0.9389899883843132,30.64,0.20199999999999999,28.27,9.460016988229585,35.66183326247324,89.38640132669984,89.15091210613598,50.0,54.674153652454194,0.03902439024390244,0.2634146341463415,0.9609756097560975,0.9463414634146341,F,D+,A,A,powellindustriesinc
ABG,Asbury Automotive Group Inc,Consumer Discretionary,Automotive Retail,200.39,6.7843,0.2069,9.065,0.9900677024688205,34.23,4.83,12.97,0.056900000000000006,5.56,0.1755478918678382,-11.2769,34.23,4.83,-11.2769,0.1755478918678382,12.97,0.056900000000000006,5.56,89.24200062131096,74.27415607775572,34.71264367816092,18.7251828631139,50.0,54.5885288630419,0.972972972972973,0.8175675675675675,0.3310810810810811,0.12837837837837837,A+,B+,C-,D,asburyautomotivegroupinc
WMT,Walmart Inc,Consumer Staples,Consumer Staples Merchandise Retail,130.43,47.4965,1.4581,25.4849,10.43548529047021,13.49,4.73,23.69,0.0418,15.17,0.9004672897196264,33.8705,13.49,4.73,33.8705,0.9004672897196264,23.69,0.0418,15.17,22.96626984126984,64.46882740143212,52.91005291005291,88.60670194003526,50.0,54.584186556124166,0.1875,0.71875,0.515625,0.875,D,B,C+,B+,walmartinc
PRG,PROG Holdings Inc,Financials,Consumer Finance,36.34,9.9189,0.6043,0.9566,1.9267884032152025,-21.11,-2.2,21.17,0.0858,11.4,0.6871945259042035,30.3443,-21.11,-2.2,30.3443,0.6871945259042035,21.17,0.0858,11.4,63.36914162649984,13.93720813770329,78.06122448979592,57.11811997526283,50.0,54.56865715166717,0.6683417085427136,0.05527638190954774,0.7839195979899497,0.6080402010050251,B-,D-,B,B-,progholdingsinc
BCPC,Balchem Corp,Materials,Specialty Chemicals,160.97,32.6707,4.8844,20.1791,4.103980072865596,16.84,9.62,12.379999999999999,0.2023,10.92,0.48736865638274096,-2.5487,16.84,9.62,-2.5487,0.48736865638274096,12.379999999999999,0.2023,10.92,31.960978835978835,79.26544601580468,79.89417989417989,28.726287262872624,50.0,54.562136338275145,0.296875,0.890625,0.828125,0.234375,D+,B+,B+,D+,balchemcorp
BOH,Bank of Hawaii Corp,Financials,Regional Banks,80.46,14.5335,3.18756,12.8953,1.7266131472385133,38.55,38.5708,12.120000000000001,0.3821164,10.94,0.9026737967914437,17.6316,38.55,38.5708,17.6316,0.9026737967914437,12.120000000000001,0.3821164,10.94,48.8462721772126,59.60752997690988,51.53061224489795,62.664033355277596,50.0,54.54853377196513,0.44221105527638194,0.6934673366834171,0.5226130653266332,0.6733668341708543,C,B-,C+,B-,bankofhawaiicorp
NWS,News Corp,Communication Services,Publishing,31.31,13.4682,1.7975,11.5111,2.0175789053136235,179.7,-12.13,13.36,0.1,10.879999999999999,0.9681190223166843,-5.1264,179.7,-9.546999999999999,-5.1264,0.9195558865345992,13.36,0.1,10.879999999999999,56.837606837606835,44.84126984126984,54.404761904761905,63.64417989417989,50.0,54.507682132682135,0.6282051282051282,0.3974358974358974,0.5,0.6410256410256411,B-,C-,C,B-,newscorp
PR,Permian Resources Corp,Energy,Oil & Gas Exploration & Production,19.72,18.2743,3.3739,6.3013,1.6041910711961473,-12.26,1.29,9.56,0.23550000000000001,6.890000000000001,0.7252440725244071,51.5757,-12.26,1.29,51.5757,0.7252440725244071,9.56,0.23550000000000001,6.890000000000001,52.72727272727273,46.63796348578957,52.72727272727273,69.00432900432901,50.0,54.49209486166008,0.6,0.45454545454545453,0.509090909090909,0.6909090909090909,C+,C,C+,B-,permianresourcescorp
KEY,KeyCorp,Financials,Regional Banks,21.6,12.0095,1.67174,16.4018,1.1683380391393243,-7.03,57.09544,9.74,0.233279,5.76,0.783632982021079,38.7283,-7.03,57.09544,38.7283,0.783632982021079,9.74,0.233279,5.76,68.61347554097014,43.088225280269405,35.204081632653065,74.54026771999122,50.0,54.48008789345793,0.7587939698492462,0.39195979899497485,0.34673366834170855,0.7889447236180904,B,C-,C-,B,keycorp
XPEL,Xpel Inc,Consumer Discretionary,Automotive Parts & Equipment,43.55,23.5334,2.5315,16.7562,4.2891191301607305,13.49,13.27,19.689999999999998,0.1316,19.68,0.49858012170385385,15.7629,13.49,13.27,15.7629,0.49858012170385385,19.689999999999998,0.1316,19.68,28.75271823547686,77.74599205304654,68.9655172413793,47.42528735632184,50.0,54.46381475108772,0.24324324324324326,0.8513513513513513,0.7297297297297297,0.42567567567567566,D+,B+,B,C,xpelinc
LNTH,Lantheus Holdings Inc,Health Care,Health Care Supplies,93.06,26.0428,3.9456,16.5289,5.515124217712877,-23.1,0.5,20.580000000000002,0.2016,13.71,0.9621463361358304,15.6887,-23.1,0.5,15.6887,0.9621463361358304,20.580000000000002,0.2016,13.71,46.952528625954194,25.22961131246015,71.31782945736434,73.85174418604652,50.0,54.383860620530974,0.46564885496183206,0.09923664122137404,0.7290076335877863,0.7709923664122137,C,D-,B,B,lantheusholdingsinc
GNTX,Gentex Corp,Consumer Discretionary,Automotive Parts & Equipment,23.39,12.9428,1.9654,8.7618,2.0255641962692903,-22.14,9.55,15.57,0.1814,15.55,0.3269662921348315,5.5029,-22.14,9.55,5.5029,0.3269662921348315,15.57,0.1814,15.55,63.584964274619445,53.54783213627647,64.82758620689656,32.781609195402304,50.0,54.36902588671476,0.6891891891891891,0.5202702702702703,0.6486486486486487,0.3108108108108108,B-,C+,B-,C-,gentexcorp
CL,Colgate-Palmolive Co,Consumer Staples,Household Products,87.55,33.8269,3.3949,20.1974,1298.9614243323442,-27.01,4.25,475.12999999999994,0.1542,23.919999999999998,0.5247125277385515,-3.6111,-27.01,4.25,-3.6111,0.5247125277385515,149.049,0.1542,23.919999999999998,19.36177248677249,48.261954112717255,87.03703703703702,65.26546250684183,50.0,54.3051857048642,0.140625,0.46875,0.953125,0.640625,D,C,A,B-,colgatepalmoliveco
HGV,Hilton Grand Vacations Inc,Consumer Discretionary,"Hotels, Resorts & Cruise Lines",48.67,23.6714,0.7489,13.3294,3.1389671785412543,477.92,4.24,12.24,0.1047,1.92,0.7769784172661872,24.285,312.90999999999997,4.24,24.285,0.7769784172661872,12.24,0.1047,1.92,47.09381795588692,74.23514239611853,35.40229885057471,69.15360501567397,50.0,54.301778683973914,0.46621621621621623,0.8108108108108109,0.35135135135135137,0.7297297297297297,C,B+,C-,B,hiltongrandvacationsinc
DKS,DICK'S Sporting Goods Inc,Consumer Discretionary,Specialty Stores,225.81,23.6485,1.1666,12.1752,3.6211989518552614,-27.24,28.06,19.45,0.0637,14.01,0.8363688104723961,18.0459,-27.24,22.853999999999996,18.0459,0.8363688104723961,19.45,0.0637,14.01,45.807704255980106,60.41616214793367,50.3448275862069,65.79310344827587,50.0,54.27998607978866,0.44594594594594594,0.6486486486486487,0.47297297297297297,0.6418918918918919,C,B-,C,B-,dickssportinggoodsinc
ETR,Entergy Corp,Utilities,Electric Utilities,111.59,28.7247,3.9524,14.892,2.928963641899483,-7.14,9.17,10.71,0.24850000000000003,3.75,0.8244333461390705,33.9455,-7.14,9.17,33.9455,0.8244333461390705,10.71,0.24850000000000003,3.75,27.362318840579714,45.14430818778645,61.594202898550726,89.9442586399108,50.0,54.25684380032206,0.24,0.36,0.6,0.94,D+,C-,C+,A,entergycorp
HUM,Humana Inc,Health Care,Managed Health Care,274.96,26.5004,0.2428,13.7488,1.8778829696995358,-1.51,10.11,6.59,0.0203,3.8600000000000003,0.7347039048018169,8.5297,-1.51,10.11,8.5297,0.7347039048018169,6.59,0.0203,3.8600000000000003,72.01415394402035,54.522198731501064,29.97416020671834,64.24567680381634,50.0,54.250653644748155,0.816793893129771,0.5954198473282443,0.25190839694656486,0.6641221374045801,B+,C+,D+,B-,humanainc
DAR,Darling Ingredients Inc,Consumer Staples,Agricultural Products & Services,63.12,44.8725,1.5888,16.3878,2.1079418512618595,30.98,11.11,1.3599999999999999,0.07429999999999999,0.73,0.9213452671548685,86.4697,30.98,11.11,84.20400999999997,0.9213452671548685,1.3599999999999999,0.07429999999999999,0.73,29.31547619047619,88.44056292826785,19.57671957671958,96.6931216931217,50.0,54.249785866076856,0.21875,0.953125,0.15625,1.0,D+,A,D,A+,darlingingredientsinc
SXT,Sensient Technologies Corp,Materials,Specialty Chemicals,118.2,37.4638,3.1254,21.2937,4.18613052085805,7.38,3.52,11.63,0.1285,7.19,0.7614973262032088,23.9903,7.38,3.52,23.9903,0.7614973262032088,11.63,0.1285,7.19,30.87797619047619,61.9685272482977,63.492063492063494,66.11691831204026,50.0,54.20959903270251,0.265625,0.6875,0.671875,0.71875,D+,B-,B-,B,sensienttechnologiescorp
IOSP,Innospec Inc,Materials,Specialty Chemicals,80.55,16.7541,1.0987,9.5352,1.5050392188369996,232.77,-3.65,9.01,0.0728,9.01,0.5006657789613846,-13.758,232.77,-3.65,-13.758,0.5006657789613846,9.01,0.0728,9.01,73.33829365079366,67.14490674318508,52.91005291005291,20.905923344947734,50.0,54.1722526578382,0.84375,0.8125,0.515625,0.171875,B+,B+,C+,D,innospecinc
PLMR,Palomar Holdings Inc,Financials,Property & Casualty Insurance,113.36,15.2511,3.4775,11.9763,3.1892057651027295,60.46,56.04,22.79,0.28,22.79,0.08237885462555065,-29.1544,60.46,56.04,-29.1544,0.08237885462555065,22.79,0.28,22.79,33.319659522100295,86.26420691960556,80.61224489795919,17.04081632653061,50.0,54.1439807542421,0.25125628140703515,0.9748743718592965,0.8090452261306532,0.1407035175879397,D+,A+,B+,D,palomarholdingsinc
PG,Procter & Gamble Co,Consumer Staples,Personal Care Products,146.42,20.7747,4.0093,15.305,6.592733674631798,7.54,1.08,31.25,0.23579999999999998,18.709999999999997,0.26370991908900154,-7.7088,7.54,1.08,-7.7088,0.26370991908900154,31.25,0.23579999999999998,18.709999999999997,32.48181216931217,50.21467603434816,82.53968253968253,51.71717171717172,50.0,54.14174322755265,0.296875,0.5,0.875,0.53125,D+,C,B+,C+,proctergambleco
IDCC,InterDigital Inc,Information Technology,Communications Equipment,279.61,19.4502,8.5967,13.9698,6.522246222317602,-15.71,1.65,33.37,0.4962,23.630000000000003,0.3569770815201625,31.9102,-15.71,1.65,31.9102,0.3569770815201625,33.37,0.4248699999999999,23.630000000000003,66.88871970562111,17.936884388606288,89.56540166927489,32.137128325508606,50.0,54.128332886546985,0.7162162162162162,0.05405405405405406,0.9324324324324325,0.25675675675675674,B,D-,A,D+,interdigitalinc
FAST,Fastenal Co,Industrials,Trading Companies & Distributors,44.17,38.8818,5.9851,26.8118,12.858806404657933,12.69,10.94,33.25,0.2025,31.869999999999997,0.4459548701939158,11.3997,12.69,10.94,11.3997,0.4459548701939158,33.25,0.2025,28.27,20.27585648990818,70.31888895667828,90.38142620232172,36.75327068361894,50.0,54.07875260111692,0.12195121951219512,0.7560975609756098,0.9707317073170731,0.32195121951219513,D,B,A+,C-,fastenalco
STRA,Strategic Education Inc,Consumer Discretionary,Education Services,80.18,14.3199,1.4296,7.3736,1.118584149810477,16.1,3.96,7.66,0.1374,7.66,0.44125386833961405,-9.093,16.1,3.96,-9.093,0.44125386833961405,7.66,0.1374,7.66,68.61913637775707,61.01048859011481,45.862068965517246,41.27320954907161,50.0,54.07704096365587,0.7432432432432432,0.6554054054054054,0.43243243243243246,0.38513513513513514,B,B-,C,C-,strategiceducationinc
ATI,ATI Inc,Industrials,Aerospace & Defense,158.39,50.3706,4.6649,28.2557,11.931719737545858,10.68,2.93,24.23,0.1432,11.82,0.8745314657723414,122.8961,10.68,2.93,122.8961,0.8745314657723414,24.23,0.1432,11.82,19.609270719572866,45.99406349893047,67.49585406301824,90.48092868988391,50.0,54.071279633410654,0.11707317073170732,0.3951219512195122,0.7073170731707317,0.9707317073170731,D,C-,B,A+,atiinc
MSA,MSA Safety Inc,Industrials,Office Services & Supplies,169.94,23.5023,3.4965,14.3562,4.8374195495056975,-1.62,3.69,21.82,0.19829999999999998,14.87,0.3257221933921466,7.8916,-1.62,3.69,7.8916,0.3257221933921466,21.82,0.19829999999999998,14.87,53.57521336407394,44.9225881462254,77.11442786069652,37.06666666666666,50.0,54.07026126877103,0.5560975609756098,0.375609756097561,0.824390243902439,0.33170731707317075,C+,C-,B+,C-,msasafetyinc
LOW,Lowe's Companies Inc,Consumer Discretionary,Home Improvement Retail,229.2,19.3543,1.4925,13.9039,116.59375317936717,-2.89,3.12,264.53000000000003,0.1177,27.57,0.22809138160280404,2.1026,-2.89,3.12,2.1026,0.22809138160280404,170.61999999999995,0.1177,27.57,44.14725069897484,45.32600112157662,82.64367816091954,41.46926536731634,50.0,54.056785512752185,0.41216216216216217,0.41216216216216217,0.9121621621621622,0.3918918918918919,C,C,A-,C-,lowescompaniesinc
DBX,Dropbox Inc,Information Technology,Application Software,28.9,13.5716,2.7369,10.7642,35.13250668611719,46.77,-1.07,-36.76,0.2733,-27.12,0.6730499766464269,-2.6608,46.77,-1.07,-2.6608,0.6730499766464269,-7.7065,0.2733,-6.505999999999999,85.92183733028804,40.80502017955688,29.19600938967136,60.57968179447052,50.0,54.05640207479533,0.8986486486486487,0.3108108108108108,0.24324324324324326,0.5878378378378378,B+,C-,D+,C+,dropboxinc
FIZZ,National Beverage Corp,Consumer Staples,Soft Drinks & Non-alcoholic Beverages,35.14,17.3482,2.7259,11.3791,7.409437861088854,1.24,1.01,35.99,0.1984,35.99,0.23559314921498922,-19.7717,1.24,1.01,-19.7717,0.23559314921498922,35.99,0.1984,29.504835999999994,49.289021164021165,41.602818014475574,87.56613756613756,32.46325690770135,50.0,54.02700466697506,0.484375,0.34375,0.96875,0.2890625,C,C-,A,D+,nationalbeveragecorp
TER,Teradyne Inc,Information Technology,Semiconductor Materials & Equipment,359.77,101.6507,17.6548,86.1852,20.086090422859183,4.98,13.13,19.88,0.20379999999999998,19.189999999999998,0.8200917722432252,368.2067,4.98,13.13,368.2067,0.8200917722432252,19.88,0.20379999999999998,19.189999999999998,19.842025123715263,56.95131540265261,74.66418883672405,70.0409252903039,50.0,54.02500162870113,0.12837837837837837,0.6351351351351351,0.7635135135135135,0.7432432432432432,D,B-,B,B,teradyneinc
ATR,Aptargroup Inc,Materials,"Metal, Glass & Plastic Containers",120.99,20.3445,2.0312,11.0296,2.9112757494748442,7.17,8.95,14.360000000000001,0.13470000000000001,9.73,0.2909439339590191,-21.1072,7.17,8.95,-21.1072,0.2909439339590191,14.360000000000001,0.13470000000000001,9.73,53.48048941798942,63.8558201058201,75.66137566137566,19.70899470899471,50.0,53.998429232804234,0.59375,0.765625,0.765625,0.140625,C+,B,B,D,aptargroupinc
ESI,Element Solutions Inc,Materials,Specialty Chemicals,43.9,56.0501,4.1919,21.1575,3.9837383618577467,-21.85,3.84,7.290000000000001,0.1566,4.5,0.9585062240663901,105.8134,-21.85,3.84,105.8134,0.9465967353939085,7.290000000000001,0.1566,4.5,25.677910052910054,48.76625446926738,56.61375661375661,93.33333333333334,50.0,53.992834227186805,0.15625,0.4375,0.59375,0.96875,D,C,C+,A,elementsolutionsinc
RPM,RPM International Inc,Materials,Specialty Chemicals,100.81,19.3989,1.6748,13.705,4.4815200092466645,3.92,5.68,21.8,0.1152,11.78,0.21795580110497237,-9.0983,3.92,5.68,-9.0983,0.21795580110497237,21.8,0.1152,11.78,52.35615079365079,62.91191273257271,82.01058201058201,13.929539295392953,50.0,53.95997360665133,0.5625,0.71875,0.875,0.09375,C+,B,B+,D-,rpminternationalinc
SNEX,StoneX Group Inc,Financials,Investment Banking & Brokerage,121.92,26.8548,0.0673,50.4538,4.014395453512761,-40.92,32.54,16.43,0.33,1.8800000000000001,0.9513145082765336,108.2679,-40.92,32.54,70.7628,0.9513145082765336,16.43,0.33,1.8800000000000001,16.443185314326737,40.07372741285494,70.40816326530613,96.1156462585034,50.0,53.95071187917989,0.09547738693467336,0.34673366834170855,0.7085427135678392,0.9798994974874372,D-,C-,B,A+,stonexgroupinc
RRR,Red Rock Resorts Inc,Consumer Discretionary,Casinos & Gaming,54.48,30.3801,2.8404,11.2136,27.452758881330308,5.98,3.74,85.64,0.3012,5.18,0.42489100277447484,23.3696,5.98,3.74,23.3696,0.42489100277447484,85.64,0.2651399999999998,5.18,34.602360981671325,54.68261964481478,72.06896551724138,56.67063020214031,50.0,53.938481594119196,0.27702702702702703,0.5472972972972973,0.7635135135135135,0.5405405405405406,D+,C+,B,C+,redrockresortsinc
DUOL,Duolingo Inc,Consumer Discretionary,Education Services,107.99,12.1517,4.8493,27.9557,3.7381786461001645,353.51,38.71,36.6,0.1307,36.6,0.043978645195168906,-78.5551,312.90999999999997,22.853999999999996,-39.07486,0.043978645195168906,36.6,0.1307,36.6,33.17334575955265,97.22928098487456,77.24137931034483,9.19098143236074,50.0,53.887733750921434,0.2702702702702703,0.9864864864864865,0.831081081081081,0.033783783783783786,D+,A+,B+,F,duolingoinc
SYY,Sysco Corp,Consumer Staples,Food Distributors,72.44,19.4679,0.4233,11.9757,18.90150032615786,-4.44,2.58,88.72,0.037000000000000005,11.63,0.17966603255125765,1.1732,-4.44,2.58,1.1732,0.17966603255125765,88.72,0.037000000000000005,11.63,66.96428571428571,46.75253708040593,56.08465608465608,43.61904761904762,50.0,53.83655238962616,0.734375,0.421875,0.546875,0.421875,B,C,C+,C,syscocorp
DHI,D.R. Horton Inc,Consumer Discretionary,Homebuilding,147.63,13.1958,1.2554,10.7247,1.797133205514471,-19.22,-5.57,13.239999999999998,0.1268,10.47,0.4754529307282416,19.2103,-19.22,-5.57,19.2103,0.4754529307282416,13.239999999999998,0.1268,10.47,62.351662006834424,34.53114596720499,53.44827586206896,64.88843813387425,50.0,53.8339012874417,0.6824324324324325,0.25675675675675674,0.5202702702702703,0.6216216216216216,B-,D+,C+,B-,drhortoninc
MGY,Magnolia Oil & Gas Corp,Energy,Oil & Gas Exploration & Production,27.8,16.3405,4.0514,6.2059,2.6762163306956235,-27.41,-0.31,16.76,0.3358,13.94,0.5970755483346875,36.1219,-27.41,-0.31,36.1219,0.5970755483346875,16.76,0.3358,13.94,52.121212121212125,33.44038208168643,83.33333333333334,41.341991341991346,50.0,53.82011104837193,0.5454545454545454,0.2545454545454545,0.9090909090909091,0.36363636363636365,C+,D+,A-,C-,magnoliaoilgascorp
CMI,Cummins Inc,Industrials,Construction Machinery & Heavy Transportation Equipment,679.55,32.9019,2.7781,25.6989,7.5994708160414755,-27.19,-1.27,24.13,0.1195,14.6,0.9076351432338485,121.778,-27.19,-1.27,121.778,0.9076351432338485,24.13,0.1195,14.6,32.79941754641427,27.560904715552674,68.98839137645108,88.97077114427861,50.0,53.753287402682595,0.2731707317073171,0.15609756097560976,0.7317073170731707,0.9365853658536586,D+,D,B,A,cumminsinc
BANC,Banc of California Inc,Financials,Regional Banks,19.04,12.3049,1.98464,17.6042,0.8358319029662375,74.78,26.60258,7.07,0.3988023,4.66,0.6929510155316606,36.8799,74.78,26.60258,36.8799,0.6929510155316606,7.07,0.3988023,4.66,79.60593785252794,56.60754854804662,16.3265306122449,67.14066271669957,50.0,53.73275936914245,0.914572864321608,0.6130653266331658,0.16080402010050251,0.7135678391959799,A-,B-,D,B,bancofcaliforniainc
DIS,Walt Disney Co,Communication Services,Movies & Entertainment,108.02,15.3553,1.9655,12.3742,1.7903550876448593,120.36,3.47,11.35,0.1353,8.09,0.4871558221812028,2.7588,120.36,3.47,2.7588,0.4871558221812028,11.35,0.1353,8.09,49.32844932844933,67.93650793650794,50.925925925925924,50.26455026455025,50.0,53.70380545380545,0.5641025641025641,0.8461538461538461,0.4358974358974359,0.5128205128205128,C+,B+,C,C+,waltdisneyco
UPS,United Parcel Service Inc,Industrials,Air Freight & Logistics,100.78,16.3019,0.9689,8.944,5.269019025560859,-9.84,-2.85,33.03,0.08460000000000001,12.989999999999998,0.4647364513734225,3.9505,-9.84,-2.85,3.9505,0.4647364513734225,33.03,0.08460000000000001,12.989999999999998,83.9938518788173,27.199911812176573,63.681592039801,31.71450440107157,50.0,53.70174422230421,0.9073170731707317,0.15121951219512195,0.6585365853658537,0.28292682926829266,A-,D,B-,D+,unitedparcelserviceinc
ULS,UL Solutions Inc,Industrials,nan,100.44,62.1806,6.6193,28.9428,15.999235400936634,-1.25,6.38,28.77,0.171,19.08,0.8453159041394334,42.4883,-1.25,6.38,42.4883,0.8453159041394334,28.77,0.171,19.08,13.74914047647939,54.044477405931005,81.75787728026535,70.05448945747453,50.0,53.69654781186729,0.06341463414634146,0.5756097560975609,0.8780487804878049,0.7170731707317073,D-,C+,B+,B,ulsolutionsinc
GWW,WW Grainger Inc,Industrials,Industrial Machinery & Supplies & Components,1233.71,34.0618,3.2387,21.7043,15.65874195460436,-8.76,4.51,47.22,0.1391,28.51,0.8609470180378123,17.9579,-8.76,4.51,17.9579,0.8609470180378123,47.22,0.1391,28.27,33.85268778060915,42.40891577428533,84.74295190713102,52.76719849030708,50.0,53.68413277485353,0.2926829268292683,0.33170731707317075,0.9170731707317074,0.5317073170731708,D+,C-,A-,C+,wwgraingerinc
ELV,Elevance Health Inc,Health Care,Managed Health Care,378.07,15.5193,0.406,12.6022,1.9016696888227171,-8.29,9.44,11.95,0.0381,6.950000000000001,0.6932837308177772,-8.32,-8.29,9.44,-8.32,0.6932837308177772,11.95,0.0381,6.950000000000001,82.99737595419847,41.92399848213802,41.343669250645995,46.00477042337508,50.0,53.671015082313744,0.9083969465648855,0.3816793893129771,0.37786259541984735,0.42748091603053434,A-,C-,C-,C,elevancehealthinc
NFLX,Netflix Inc,Communication Services,Movies & Entertainment,87.49,27.5406,7.8549,32.2426,13.878930169104349,46.23,16.72,49.24,0.2375,32.15,0.21113178819150719,-23.5495,46.23,16.72,-23.5495,0.21113178819150719,49.24,0.2375,28.901999999999987,23.46764346764347,80.46560846560847,92.98941798941799,17.295708406819518,50.0,53.66652873875096,0.23076923076923078,0.9743589743589743,0.9743589743589743,0.10256410256410256,D+,A+,A+,D,netflixinc
UMBF,UMB Financial Corp,Financials,Regional Banks,131.36,14.1985,2.36702,13.5456,1.2969523200202204,4.25,72.21914,9.629999999999999,0.3178459,6.52,0.8748353096179183,26.8443,4.25,72.21914,26.8443,0.8748353096179183,9.629999999999999,0.3178459,6.52,55.72633576043482,57.17594913984685,34.183673469387756,73.72394118937898,50.0,53.657480373300814,0.5628140703517588,0.6331658291457286,0.33668341708542715,0.7638190954773869,C+,B-,C-,B,umbfinancialcorp
HLT,Hilton Worldwide Holdings Inc,Consumer Discretionary,"Hotels, Resorts & Cruise Lines",316.78,49.4952,5.9901,29.0137,169.49170679507756,-0.49,7.74,171.01,0.2237,9.64,0.731031829983652,30.2656,-0.49,7.74,30.2656,0.731031829983652,170.61999999999995,0.2237,9.64,10.646163404784092,62.43442157052699,79.65517241379311,67.96238244514107,50.0,53.65469475777792,0.033783783783783786,0.668918918918919,0.8716216216216216,0.6959459459459459,F,B-,B+,B-,hiltonworldwideholdingsinc
HOOD,Robinhood Markets Inc,Financials,Investment Banking & Brokerage,77.03,36.8707,15.5215,32.3808,7.596197463660928,32.75,51.58,22.33,0.4681,9.1,0.24860660010425437,42.4635,32.75,51.58,42.4635,0.24860660010425437,22.33,0.4681,9.1,7.579991795713259,80.0725202889669,80.10204081632652,53.578231292517,50.0,53.65065846930672,0.04020100502512563,0.949748743718593,0.8040201005025126,0.542713567839196,F,A,B+,C+,robinhoodmarketsinc
BJ,BJ's Wholesale Club Holdings Inc,Consumer Staples,Consumer Staples Merchandise Retail,92.97,20.8446,0.5619,11.3363,5.484211581909239,9.44,4.66,27.41,0.0381,21.8,0.188323353293413,-18.9663,9.44,4.66,-18.9663,0.188323353293413,27.41,0.0381,21.8,63.359788359788354,56.503888744325906,60.0,32.46325690770135,50.0,53.63337622035254,0.71875,0.578125,0.6171875,0.2890625,B,C+,B-,D+,bjswholesaleclubholdingsinc
ABNB,Airbnb Inc,Consumer Discretionary,"Hotels, Resorts & Cruise Lines",141.49,34.0364,6.9819,32.9281,10.544004769356881,-1.88,10.26,30.880000000000003,0.2078,24.79,0.8419319429198685,11.9471,-1.88,10.26,11.9471,0.8419319429198685,30.880000000000003,0.2078,24.79,11.528424976700839,66.07615524690476,79.3103448275862,63.40647857889237,50.0,53.60621921623119,0.04054054054054054,0.7162162162162162,0.8614864864864865,0.5945945945945946,F,B,B+,C+,airbnbinc
ITT,ITT Inc,Industrials,Industrial Machinery & Supplies & Components,206.15,37.7504,4.6775,20.6873,4.335591388125338,-3.01,8.48,16.150000000000002,0.17370000000000002,12.46,0.7706983441324696,43.7186,-3.01,8.48,43.7186,0.7706983441324696,16.150000000000002,0.17370000000000002,12.46,28.01520851029406,59.854328639991785,65.67164179104478,66.05935838051124,50.0,53.604449979435316,0.1951219512195122,0.6390243902439025,0.697560975609756,0.6634146341463415,D,B-,B-,B-,ittinc
MSCI,MSCI Inc,Financials,Financial Exchanges & Data,585.42,32.1252,13.0874,24.6777,131.54027637344117,20.42,10.86,108.67,0.5536,15.49,0.6736421725239615,4.9177,20.42,10.86,4.9177,0.6736421725239615,40.677499999999995,0.5536,15.49,6.030150753768843,57.714150667033294,97.70408163265306,55.40487162606978,50.0,53.55736255522609,0.02512562814070352,0.6582914572864321,0.9773869346733668,0.5728643216080402,F,B-,A+,C+,msciinc
RGA,Reinsurance Group of America Inc,Financials,Reinsurance,210.6,11.5858,0.5777,7.9939,1.0241920384388123,65.43,7.16,9.48,0.08039999999999999,6.49,0.7078034228293293,4.2265,65.43,7.16,4.2265,0.7078034228293293,9.48,0.08039999999999999,6.49,77.51897241308583,60.593374349015335,33.6734693877551,43.14868804664724,50.0,53.54652292934274,0.8844221105527639,0.7085427135678392,0.3316582914572864,0.4271356783919598,B+,B,C-,C,reinsurancegroupofamericainc
PH,Parker-Hannifin Corp,Industrials,Industrial Machinery & Supplies & Components,878.83,31.4043,5.4287,25.4562,8.13184088118461,13.38,2.78,25.650000000000002,0.21050000000000002,15.049999999999999,0.6161335529712586,36.9961,13.38,2.78,36.9961,0.6161335529712586,25.650000000000002,0.21050000000000002,15.049999999999999,27.11483234235327,51.90222053152529,81.92371475953566,53.83427689140504,50.0,53.4069362600583,0.18536585365853658,0.5463414634146342,0.8829268292682927,0.5560975609756098,D,C+,B+,C+,parkerhannifincorp
DUK,Duke Energy Corp,Utilities,Electric Utilities,124.17,19.5378,3.0109,11.9505,1.8634351316875515,9.07,6.19,9.700000000000001,0.2676,3.5700000000000003,0.5565105285775676,3.475,9.07,6.19,3.475,0.5565105285775676,9.700000000000001,0.2676,3.5700000000000003,67.91304347826087,47.41731698253437,55.43478260869565,40.200668896321076,50.0,53.36055369751023,0.74,0.4,0.56,0.4,B,C-,C+,C-,dukeenergycorp
VMC,Vulcan Materials Co,Materials,Construction Materials,283.72,34.8194,4.721,17.6243,4.346440673811669,18.37,7.06,12.740000000000002,0.2039,8.219999999999999,0.39839979679959414,5.7,18.37,7.06,5.7,0.39839979679959414,12.740000000000002,0.2039,8.219999999999999,32.498346560846564,71.60110420979987,75.66137566137566,34.96204278812974,50.0,53.35255995514148,0.328125,0.84375,0.765625,0.34375,C-,B+,B,C-,vulcanmaterialsco
ZD,Ziff Davis Inc,Communication Services,Advertising,41.02,33.3932,1.0896,5.5726,0.8977187177197682,-20.04,3.54,2.62,0.0741,1.77,0.6608540925266906,26.6831,-20.04,3.54,26.6831,0.6608540925266906,2.62,0.0741,1.77,69.5970695970696,42.757936507936506,26.428571428571427,78.88888888888889,50.0,53.33577533577534,0.7948717948717948,0.3076923076923077,0.20512820512820512,0.8205128205128205,B,C-,D+,B+,ziffdavisinc
ITRI,Itron Inc,Information Technology,Electronic Equipment & Instruments,81.87,12.0608,1.5339,11.5405,2.142806665811673,25.51,-3.02,18.490000000000002,0.1323,10.48,0.05269791256400156,-24.1031,25.51,-2.9859999999999993,-24.1031,0.05854309805993903,18.490000000000002,0.1323,10.48,89.92830859028042,37.601892996446374,60.781820552947316,15.63018230349841,50.0,53.323947345795894,0.9324324324324325,0.24324324324324326,0.6351351351351351,0.0945945945945946,A,D+,B-,D-,itroninc
CPAY,Corpay Inc,Financials,Transaction & Payment Processing Services,343.99,18.9001,4.4651,11.2778,6.054776195589038,7.68,13.93,27.889999999999997,0.44,8.6,0.8350893266147503,5.2022,7.68,13.93,5.2022,0.8350893266147503,27.889999999999997,0.44,8.6,20.931186544969748,46.22847170926945,87.75510204081633,59.40750493745885,50.0,53.298767475792175,0.15577889447236182,0.4221105527638191,0.8793969849246231,0.6482412060301508,D,C,B+,B-,corpayinc
AVY,Avery Dennison Corp,Materials,Paper & Plastic Packaging Products & Materials,163.51,18.2732,1.3997,12.4296,5.606454400197499,2.08,2.89,30.81,0.1025,11.59,0.16809051027476335,-5.4965,2.08,2.89,-5.4965,0.16809051027476335,29.5,0.1025,11.59,57.59755291005291,47.26322751322751,81.21693121693123,20.444444444444443,50.0,53.24515542328042,0.671875,0.40625,0.859375,0.15625,B-,C,B+,D,averydennisoncorp
APPF,Appfolio Inc,Information Technology,Application Software,166.59,38.555,5.8864,29.7711,11.050159858846628,-21.42,20.72,30.9,0.1707,30.9,0.13016202062080634,-22.7856,-21.42,20.72,-22.7856,0.13016202062080634,30.9,0.1707,30.9,52.065093262276356,48.45907805507508,78.79499217527386,29.09135367762128,50.0,53.225107705926824,0.5743243243243243,0.46621621621621623,0.8243243243243243,0.22297297297297297,C+,C,B+,D+,appfolioinc
MZTI,Marzetti Co,Consumer Staples,Packaged Foods & Meats,113.69,17.5524,1.6239,9.9712,3.1350132084732767,14.08,2.34,17.79,0.1148,17.79,0.03315815815815805,-31.2678,14.08,2.34,-31.2678,0.03315815815815805,17.79,0.1148,17.79,58.19279100529101,58.79376644403966,64.55026455026454,28.844797178130513,50.0,53.213476613322925,0.65625,0.640625,0.6875,0.21875,B-,B-,B-,D+,marzettico
HPQ,HP Inc,Information Technology,"Technology Hardware, Storage & Peripherals",22.68,8.2197,0.3668,8.0403,1.4734448595095013,-4.73,4.36,16.85,0.054900000000000004,9.98,0.42702251876563807,-13.8625,-4.73,4.36,-13.8625,0.42702251876563807,16.85,0.054900000000000004,9.98,97.48445628727319,29.73538486881704,51.02373500260824,25.694661797948186,50.0,53.21305715582341,0.9932432432432432,0.14189189189189189,0.527027027027027,0.19594594594594594,A+,D,C+,D,hpinc
SKY,Champion Homes Inc,Consumer Discretionary,Homebuilding,72.84,18.8613,1.528,11.4384,2.693418430170428,32.24,8.67,13.59,0.09789999999999999,12.58,0.3373182194632614,-16.2993,32.24,8.67,-16.2993,0.3373182194632614,13.59,0.09789999999999999,12.58,50.57471264367816,85.59257080036542,50.57471264367816,28.864097363083165,50.0,53.1786899545288,0.527027027027027,0.9324324324324325,0.4831081081081081,0.28378378378378377,C+,A,C,D+,championhomesinc
HAYW,Hayward Holdings Inc,Industrials,Electrical Components & Equipment,14.58,21.1423,2.8557,14.6036,1.9893573475235367,27.25,6.71,10.02,0.2079,6.13,0.328358208955224,7.3401,27.25,6.71,7.3401,0.328358208955224,10.02,0.2079,6.13,57.94604214698864,78.46292028115296,51.57545605306799,25.48922056384743,50.0,53.17080271901424,0.6390243902439025,0.8878048780487805,0.551219512195122,0.2146341463414634,B-,B+,C+,D+,haywardholdingsinc
PAG,Penske Automotive Group Inc,Consumer Discretionary,Automotive Retail,173.81,12.2217,0.372,11.7101,2.054836627424461,2.83,0.91,16.79,0.0434,8.17,0.6821218870216644,9.5418,2.83,0.91,9.5418,0.6821218870216644,16.79,0.0434,8.17,73.07859583721653,43.83930031427728,38.04597701149425,58.05642633228841,50.0,53.160288541490836,0.7972972972972973,0.3783783783783784,0.36486486486486486,0.5540540540540541,B,C-,C-,C+,penskeautomotivegroupinc
KD,Kyndryl Holdings Inc,Information Technology,IT Consulting & Other Services,12.26,11.1003,0.1828,3.6186,2.322145617092204,86.41,0.11,20.44,0.0264,5.72,0.06334310850439882,-66.5302,86.41,0.11,-44.66056999999999,0.06334310850439882,20.44,0.0264,5.72,98.63913208983631,52.752276139970725,41.22652582159625,13.001083423618631,50.0,53.11708639057601,1.0,0.581081081081081,0.3918918918918919,0.07432432432432433,A+,C+,C-,D-,kyndrylholdingsinc
TTC,Toro Co,Industrials,Agricultural & Farm Machinery,95.5,27.9502,2.0338,17.8549,6.432492506651399,-14.62,-0.55,23.0,0.09210000000000002,13.41,0.7461004063442128,33.0269,-14.62,-0.55,33.0269,0.7461004063442128,23.0,0.09210000000000002,13.41,51.16288476317599,35.36484245439469,61.02819237147596,64.8424543946932,50.0,53.089228653480575,0.5365853658536586,0.24878048780487805,0.6439024390243903,0.6487804878048781,C+,D+,B-,B-,toroco
CDNS,Cadence Design Systems Inc,Information Technology,Application Software,362.7,88.1768,18.46,63.7011,18.008490355254338,5.27,14.12,21.68,0.2817,14.6,0.8791074444131719,17.775,5.27,14.12,17.775,0.8791074444131719,21.68,0.2817,14.6,22.40515163050374,44.14761105620075,77.07681272822117,71.44235785080855,50.0,52.988484871083095,0.18243243243243243,0.3716216216216216,0.8108108108108109,0.7635135135135135,D,C-,B+,B,cadencedesignsystemsinc
MTSI,MACOM Technology Solutions Holdings Inc,Information Technology,Semiconductors,359.88,166.5483,26.4466,150.6338,20.196872930533264,,29.12,12.6,0.1523,8.77,0.9833167238919626,200.7521,,29.12,200.7521,0.9833167238919626,12.6,0.1523,8.77,15.045679482299201,68.63262910798122,55.121935315597284,83.45559467918622,50.0,52.95954845690761,0.08108108108108109,0.7635135135135135,0.5945945945945946,0.9391891891891891,D-,B,C+,A,macomtechnologysolutionsholdingsinc
USPH,US Physical Therapy Inc,Health Care,Health Care Facilities,59.29,22.4911,1.1399,9.4511,1.8819414246128356,25.0,16.33,8.0,0.1108,6.03,0.03115264797507792,-16.387,25.0,16.33,-16.387,0.03115264797507792,8.0,0.1108,6.03,78.03355597964376,73.88228718621662,41.343669250645995,16.599483204134366,50.0,52.940660385642644,0.8778625954198473,0.8625954198473282,0.37786259541984735,0.1297709923664122,B+,B+,C-,D,usphysicaltherapyinc
MSM,MSC Industrial Direct Co Inc,Industrials,Trading Companies & Distributors,104.28,28.213,1.5287,16.0952,4.190829847003364,-2.16,2.16,15.049999999999999,0.08039999999999999,10.97,0.9274943856272054,37.1744,-2.16,2.16,37.1744,0.9274943856272054,15.049999999999999,0.08039999999999999,10.97,56.74634955304777,35.81749064660593,48.59038142620233,72.10613598673301,50.0,52.91890807148032,0.6097560975609756,0.2731707317073171,0.4585365853658537,0.7414634146341463,B-,D+,C,B,mscindustrialdirectcoinc
ROK,Rockwell Automation Inc,Industrials,Electrical Components & Equipment,453.89,50.6858,5.8579,38.9839,13.962022707627758,8.54,5.84,27.689999999999998,0.12210000000000001,14.11,0.9459558409372534,55.8474,8.54,5.84,55.8474,0.9459558409372534,27.689999999999998,0.12210000000000001,14.11,14.685919993528293,63.083246933747056,69.98341625207297,70.59038142620231,50.0,52.90205973339019,0.06829268292682927,0.6731707317073171,0.7414634146341463,0.7219512195121951,D-,B-,B,B,rockwellautomationinc
SAIC,Science Applications International Corp,Industrials,Diversified Support Services,93.93,11.172,0.5508,9.4948,2.75528073474153,7.0,-2.9,23.73,0.0717,9.19,0.2986635676932018,-22.8754,7.0,-2.9,-22.8754,0.2986635676932018,23.73,0.0717,9.19,90.47526594668932,32.15679473695988,51.90713101160862,29.071310116086238,50.0,52.84122021018371,0.9560975609756097,0.2048780487804878,0.5560975609756098,0.25365853658536586,A,D+,C+,D+,scienceapplicationsinternationalcorp
KN,Knowles Corp,Information Technology,Electronic Components,35.28,52.4997,4.7789,26.8626,3.860294117647059,47.89,-1.25,7.32,0.13390000000000002,6.1,0.9963655244029076,115.5162,47.89,-1.25,115.5162,0.9923589762072912,7.32,0.13390000000000002,6.1,52.79786829082604,41.79150536748758,41.76447574334898,79.15463977279313,50.0,52.829815036599896,0.5945945945945946,0.3310810810810811,0.40540540540540543,0.8513513513513513,C+,C-,C,B+,knowlescorp
NTCT,Netscout Systems Inc,Information Technology,Communications Equipment,39.09,29.8044,3.3183,15.4664,1.805209199224162,,4.91,6.069999999999999,0.1278,6.069999999999999,0.9685757729346175,81.308,,4.91,81.308,0.9685757729346175,6.069999999999999,0.1278,6.069999999999999,70.6509326227636,37.830105633802816,38.497652582159624,64.6620696400626,50.0,52.785581356003895,0.7432432432432432,0.25,0.33783783783783783,0.6554054054054054,B,D+,C-,B-,netscoutsystemsinc
L,Loews Corp,Financials,Multi-line Insurance,104.5,12.8917,1.1629,11.5515,1.1520610316734101,24.7,5.29,9.3,0.14279999999999998,6.15,0.6302879488091006,18.7905,24.7,5.29,18.7905,0.6302879488091006,9.3,0.14279999999999998,6.15,66.1086042457184,53.92531926879245,32.142857142857146,62.131519274376416,50.0,52.774233055777664,0.7286432160804021,0.5477386934673367,0.3165829145728643,0.6683417085427136,B,C+,C-,B-,loewscorp
CVCO,Cavco Industries Inc,Consumer Discretionary,Homebuilding,484.54,20.4125,1.709,14.9296,3.644813133182287,13.34,14.3,17.14,0.09789999999999999,17.02,0.28487362078409906,-6.9515,13.34,14.3,-6.9515,0.28487362078409906,17.14,0.09789999999999999,17.02,39.16899658278969,86.10044438939039,56.666666666666664,32.39350912778905,50.0,52.65770651579998,0.3581081081081081,0.9391891891891891,0.527027027027027,0.2905405405405405,C-,A,C+,D+,cavcoindustriesinc
SPXC,SPX Technologies Inc,Industrials,Industrial Machinery & Supplies & Components,202.84,40.1866,4.3226,23.0113,4.5206755606270645,18.94,17.39,12.32,0.1575,9.27,0.5584651022258033,35.8061,18.94,17.39,35.8061,0.5584651022258033,12.32,0.1575,9.27,26.178052825304373,85.91649448907387,55.223880597014926,50.18528049408131,50.0,52.57083835221087,0.16585365853658537,0.9560975609756097,0.5756097560975609,0.5121951219512195,D,A,C+,C+,spxtechnologiesinc
EPAM,Epam Systems Inc,Information Technology,IT Consulting & Other Services,99.23,13.8724,0.9601,6.1212,1.4645845940401163,-14.17,15.42,10.27,0.0953,10.2,0.0037973660822493245,-44.7833,-14.17,15.42,-44.66056999999999,0.05854309805993903,10.27,0.0953,10.2,94.5660449181576,47.28526353804338,50.03586332811685,9.731852654387865,50.0,52.55390030005486,0.972972972972973,0.43243243243243246,0.5202702702702703,0.0472972972972973,A+,C,C+,F,epamsystemsinc
SMCI,Super Micro Computer Inc,Information Technology,"Technology Hardware, Storage & Peripherals",35.37,24.2745,0.7551,19.3388,3.3347475604582093,-42.62,34.76,13.33,0.035699999999999996,8.1,0.37058631466019865,10.1526,-42.62,34.76,10.1526,0.37058631466019865,13.33,0.035699999999999996,8.1,79.0477096815125,53.17381874090547,43.782603025560775,30.834637454355757,50.0,52.50926941582056,0.8445945945945946,0.5878378378378378,0.42567567567567566,0.23648648648648649,B+,C+,C,D+,supermicrocomputerinc
KMT,Kennametal Inc,Industrials,Industrial Machinery & Supplies & Components,36.1,24.9525,1.355,16.8749,2.1371316259960453,17.43,0.36,8.61,0.0816,5.86,0.7056128293241695,74.0598,17.43,0.36,74.0598,0.7056128293241695,8.61,0.0816,5.86,58.34000728066982,50.11343312589145,30.76285240464345,75.90667352890719,50.0,52.47973625228804,0.6487804878048781,0.4926829268292683,0.24390243902439024,0.7951219512195122,B-,C,D+,B,kennametalinc
KW,Kennedy-Wilson Holdings Inc,Real Estate,Real Estate Services,11.02,326.4736,3.0627,22.2531,0.9900011678779658,-63.05,-5.72,0.3,0.1048,0.08,0.987267384916748,79.187,-63.05,-2.1674999999999995,71.3925,0.9355728931849155,0.3,0.1048,0.08,33.333333333333336,29.500000000000004,52.77777777777778,100.0,50.0,52.42777777777778,0.5,0.16666666666666666,0.5,1.0,C,D,C,A+,kennedywilsonholdingsinc
WM,Waste Management Inc,Industrials,Environmental & Facilities Services,215.37,32.8393,3.5284,15.5243,8.686831204346442,-1.6,14.24,28.99,0.1709,8.24,0.39355794150314694,-7.6181,-1.6,14.24,-7.6181,0.39355794150314694,28.99,0.1709,8.24,41.15600857501113,61.71587713605884,68.24212271973467,38.39729921819474,50.0,52.37216809453717,0.3804878048780488,0.6634146341463415,0.7219512195121951,0.33658536585365856,C-,B-,B,C-,wastemanagementinc
