Ticker,Name,Sector,SubIndustry,Price,PE_Rank,PS_Rank,EV_EBITDA_Used,PB_Ratio,EPS_Growth,Rev_Growth,ROE,Op_Margin,ROIC,Mom_Range,Mom_12M,EPS_Growth_Win,Rev_Growth_Win,Mom_12M_Win,Mom_Range_Win,ROE_Win,Op_Margin_Win,ROIC_Win,Value_S,Growth_S,Prof_S,Mom_S,Rev_S,Fundamental_Score,Value_Pct,Growth_Pct,Prof_Pct,Mom_Pct,Value_Grade,Growth_Grade,Prof_Grade,Mom_Grade,Name_Key,Rev_Change,Rec_BuyRatio,Shrunk_Ratio,Analyst_Count,Streak_Days,Streak_Score,Rev_Change_Win,Rev_Pct,Rev_Grade,FundamentalPlusRev_Score,Consensus_Score,Sentiment_Score,Alpha_Score,Val_Fail,Mom_Fail,Min_Fund_Factor
MU,Micron Technology Inc,Information Technology,Semiconductors,1058.55,23.2549,13.001,16.913,21.92731701860575,700.71,166.98,70.55,0.6563,61.480000000000004,0.8214658972145227,590.0976,700.71,54.72500000000002,262.11377,0.8214658972145227,70.55,0.4317149999999999,61.480000000000004,55.02364808304035,96.11014226971236,94.07407407407408,90.73192164609293,55.172413793103445,79.64284332243966,0.5966850828729282,1.0,0.9779005524861878,0.9558011049723757,C+,A+,A+,A,microntechnologyinc,0.0030788177339902134,0.9137931034482759,0.8849206349206349,58.0,90.0,84.89281911636292,0.0030788177339902134,0.525,C+,80.16008470175001,88.4920634920635,87.05236574178326,81.53854090975666,False,False,55.02364808304035
NEM,Newmont Corporation,Materials,Gold,116.52,14.2519,4.755,7.5974,3.746720172866183,42.23,25.18,25.05,0.5097,21.54,0.6831532748143146,45.1297,42.23,25.18,45.1297,0.6831532748143146,25.05,0.44605999999999996,21.267,61.27450980392157,71.95225916453538,94.11764705882354,86.70076726342711,83.69565217391305,75.57864450127877,0.7352941176470589,0.8088235294117647,0.9705882352941176,0.8823529411764706,B,B+,A+,B+,newmontcorporation,0.005040322580645129,0.84375,0.8040540540540542,32.0,37.0,54.02167057694348,0.005040322580645129,0.8125,B+,78.94820971867009,80.40540540540542,69.85191147402064,77.1289500697402,False,False,61.27450980392157
CENX,Century Aluminum Co,Materials,Aluminum,37.4,6.202,1.4033,4.6956,4.594651039939065,383.76,9.67,58.86,0.2783,37.84,0.26648900732844766,47.8814,383.76,9.67,47.8814,0.26648900732844766,37.95649999999999,0.2783,21.267,81.86274509803921,78.85763000852515,94.6078431372549,65.72890025575447,88.63636363636364,78.03495311167946,0.9117647058823529,0.8823529411764706,0.9852941176470589,0.6764705882352942,A-,B+,A+,B-,centuryaluminumco,0.007575757575757569,0.9166666666666666,0.8088235294117647,12.0,7.0,13.670602258368058,0.007575757575757569,0.875,B+,81.89858947531582,80.88235294117648,53.99765266805311,76.31840211386327,False,False,65.72890025575447
INDV,"Indivior Pharmaceuticals, Inc",Health Care,Pharmaceuticals,36.9,12.262,3.268,11.2088,98.74230666309874,237.5,13.55,159.06,0.30260000000000004,29.4,0.708133734999259,57.0364,237.5,13.55,57.0364,0.708133734999259,108.10399999999996,0.30260000000000004,29.4,74.96804926222842,77.42270235751158,92.43421052631578,66.37698898408813,32.53968253968254,75.61050321545599,0.8223684210526315,0.881578947368421,0.9605263157894737,0.6513157894736842,B+,B+,A,B-,indiviorpharmaceuticalsinc,-0.016666666666666607,0.9,0.7833333333333333,10.0,90.0,84.89281911636292,-0.016666666666666607,0.3055555555555556,C-,73.86447146942425,78.33333333333333,80.95712764654516,75.28300270484843,False,False,32.53968253968254
LPG,Dorian LPG Ltd,Energy,Oil & Gas Storage & Transportation,53.9,7.2255,3.9742,6.1989,2.024580434815271,557.35,81.06,28.439999999999998,0.5763,19.400000000000002,0.8323667495167082,69.7807,557.35,65.13999999999997,69.7807,0.8323667495167082,28.439999999999998,0.51006,19.400000000000002,56.71641791044775,96.75373134328359,93.28358208955224,87.11442786069651,93.7888198757764,79.27363184079603,0.6268656716417911,1.0,0.9701492537313433,0.9253731343283582,B-,A+,A+,A-,dorianlpgltd,0.09090909090909094,0.7272727272727273,0.671875,11.0,0.0,0.0,0.09090909090909094,0.9285714285714286,A-,83.65251382837367,67.1875,40.3125,74.98451106269894,False,False,56.71641791044775
NVDA,NVIDIA Corp,Information Technology,Semiconductors,229.97,29.0319,18.4825,27.8931,35.53361454905051,125.15,83.38,110.11,0.6517000000000001,101.59,0.9090909090909092,26.6644,125.15,54.72500000000002,26.6644,0.9090909090909092,110.11,0.4317149999999999,61.4965,40.98652268541772,90.53328065258228,96.29629629629629,61.64082769439145,63.793103448275865,69.75552641482325,0.3867403314917127,0.9779005524861878,0.994475138121547,0.5966850828729282,C-,A+,A+,C+,nvidiacorp,0.01449275362318836,0.9420289855072463,0.9155405405405406,69.0,90.0,84.89281911636292,0.01449275362318836,0.625,B-,71.13483675965084,91.55405405405406,88.88956007897761,74.6857814235162,False,False,40.98652268541772
INSW,International Seaways Inc,Energy,Oil & Gas Storage & Transportation,108.34,6.8857,4.2678,6.0367,2.6493596687933603,225.76,57.36,37.04,0.6415000000000001,28.28,0.9322799097065465,122.8692,225.76,57.36,103.39053999999997,0.8382860335526865,36.65899999999999,0.51006,21.97099999999999,58.208955223880594,88.62354892205639,97.76119402985076,98.50746268656717,40.683229813664596,81.41873963515755,0.6791044776119403,0.9701492537313433,1.0,1.0,B-,A+,A+,A+,internationalseawaysinc,0.0,0.8571428571428571,0.7763157894736842,14.0,0.0,0.0,0.0,0.17857142857142858,D,80.48706261652401,77.63157894736842,46.578947368421055,73.70543956690342,False,False,40.683229813664596
THC,Tenet Healthcare Corp,Health Care,Health Care Facilities,257.76,9.2886,0.9366,5.8758,5.311080203987019,66.15,7.43,50.629999999999995,0.204,12.709999999999999,0.7984378735952816,32.0201,66.15,7.43,32.0201,0.7984378735952816,50.629999999999995,0.204,12.709999999999999,92.53805042407343,65.53006391541072,77.41228070175437,67.6140350877193,90.74074074074073,74.11640258208297,0.9802631578947368,0.7302631578947368,0.8092105263157895,0.6776315789473685,A+,B,B+,B-,tenethealthcarecorp,0.03703703703703709,0.8518518518518519,0.8046875,27.0,7.0,13.670602258368058,0.03703703703703709,0.9166666666666666,A-,78.19047665615705,80.46875,53.74949090334722,73.30227950559508,False,False,65.53006391541072
CAH,Cardinal Health Inc,Health Care,Health Care Distributors,220.29,29.8211,0.201,19.335,35.79274038930231,12.43,14.23,37.169999999999995,0.98,7.340000000000001,0.6619106109376236,47.8383,12.43,14.23,47.8383,0.6619106109376236,37.169999999999995,0.40932999999999975,7.340000000000001,70.06942023934006,59.12471395881006,78.1798245614035,65.43859649122807,68.59903381642512,66.97497329019352,0.7763157894736842,0.618421052631579,0.8223684210526315,0.6447368421052632,B,B-,B+,B-,cardinalhealthinc,0.005434782608695676,0.875,0.8189655172413793,24.0,90.0,84.89281911636292,0.005434782608695676,0.6944444444444444,B-,68.83487667183603,81.89655172413794,83.09505868102792,71.68691307367442,False,False,59.12471395881006
GOOGL,Alphabet Inc,Communication Services,Interactive Media & Services,342.75,17.1647,9.4013,27.0373,9.977149344317175,115.31,20.05,50.839999999999996,0.3311,44.84,0.6187995601088151,39.9243,115.31,20.05,39.9243,0.6187995601088151,50.839999999999996,0.3311,44.84,29.351656095842145,82.47115470952681,91.2878787878788,79.9711369370747,83.22981366459628,67.64834205025053,0.2840909090909091,0.8977272727272727,0.9431818181818182,0.8181818181818182,D+,B+,A,B+,alphabetinc,0.0304347826086957,0.9,0.8766666666666667,70.0,90.0,84.89281911636292,0.0304347826086957,0.8571428571428571,B+,70.97132341671016,87.66666666666667,86.55712764654517,71.6469319403844,True,False,29.351656095842145
SWX,Southwest Gas Holdings Inc,Utilities,Gas Utilities,82.09,11.4172,3.4059,10.8519,1.496777252048975,166.8,-15.28,12.889999999999999,0.2868,6.890000000000001,0.3018335684062063,5.7194,90.91999999999999,-15.28,5.7194,0.3018335684062063,12.889999999999999,0.2868,6.890000000000001,67.24137931034483,52.63522957214677,85.05747126436782,69.20332936979787,63.04347826086957,67.4424244320671,0.7241379310344828,0.5517241379310345,0.9310344827586207,0.6724137931034483,B,C+,A,B-,southwestgasholdingsinc,0.0,0.9230769230769231,0.8194444444444445,13.0,90.0,84.89281911636292,0.0,0.5,C,68.74677225815405,81.94444444444446,83.12379431321185,71.62217666916561,False,False,52.63522957214677
BTSG,Brightspring Health Services Inc,Health Care,Health Care Services,56.54,30.5955,0.7791,21.127,5.7932108568910925,440.76,19.91,18.96,0.031200000000000002,8.36,0.6374565777471619,110.7635,358.9789999999997,19.91,110.7635,0.6374565777471619,18.96,0.031200000000000002,8.36,64.58260718020216,89.29360782656536,49.12280701754386,71.95121951219512,61.728395061728406,65.6753190171886,0.6973684210526315,0.9868421052631579,0.46381578947368424,0.7302631578947368,B-,A+,C,B,brightspringhealthservicesinc,0.003478260869565153,0.96,0.8916666666666667,25.0,90.0,84.89281911636292,0.003478260869565153,0.6111111111111112,B-,66.84815852336145,89.16666666666667,87.45712764654516,70.9699523479982,False,False,49.12280701754386
CHRD,Chord Energy Corp,Energy,Oil & Gas Exploration & Production,135.15,8.7142,1.1697,3.0205,0.949438450887372,248.85,19.23,10.42,0.18969999999999998,8.82,0.6990797967312183,31.6873,248.85,19.23,31.6873,0.6990797967312183,10.42,0.18969999999999998,8.82,85.57213930348259,81.92220714608773,50.74626865671642,68.40464344941957,40.88669950738916,69.14497210915121,0.9701492537313433,0.8805970149253731,0.44776119402985076,0.6865671641791045,A+,B+,C,B-,chordenergycorp,0.0,0.8636363636363636,0.8055555555555556,22.0,67.0,75.51231872528592,0.0,0.42857142857142855,C,68.23364205989013,80.55555555555556,78.5382608234477,70.29456581260165,False,False,40.88669950738916
PARR,Par Pacific Holdings Inc,Energy,Oil & Gas Refining & Marketing,77.6,4.5422,0.4516,3.4581,2.5507520774166403,5.6,13.19,53.510000000000005,0.1328,34.58,0.8143459915611814,104.704,5.6,13.19,103.39053999999997,0.8143459915611814,36.65899999999999,0.1328,21.97099999999999,96.01990049751244,53.384101205339846,81.59203980099504,85.02316006176017,42.17687074829932,77.08443732804687,1.0,0.5970149253731343,0.8955223880597015,0.8805970149253731,A+,C+,B+,B+,parpacificholdingsinc,0.0,0.8461538461538461,0.7638888888888888,13.0,0.0,0.0,0.0,0.6428571428571429,B-,76.30212440287681,76.38888888888889,45.83333333333333,70.20836618896813,False,False,42.17687074829932
DAR,Darling Ingredients Inc,Consumer Staples,Agricultural Products & Services,60.59,15.9907,1.46,13.786,2.023450519137454,470.42,14.85,4.72,0.1452,2.55,0.7701012594976706,95.0048,100.61199999999988,14.85,67.96360499999999,0.7701012594976706,4.72,0.1452,2.55,55.23809523809524,92.78846153846153,36.19047619047619,96.54761904761904,59.26573426573426,65.72435897435898,0.6,0.9857142857142858,0.29285714285714287,0.9714285714285714,C+,A+,D+,A+,darlingingredientsinc,0.0,0.8888888888888888,0.8152173913043478,18.0,90.0,84.89281911636292,0.0,0.5,C,66.6509324009324,81.52173913043478,82.87017112480603,69.89478014570713,False,False,36.19047619047619
DXCM,Dexcom Inc,Health Care,Health Care Equipment,86.68,32.6477,6.568,23.3951,12.146520557159274,79.4,15.54,36.19,0.22920000000000001,22.93,0.8464137214137215,26.8228,79.4,15.54,26.8228,0.8464137214137215,36.19,0.22920000000000001,22.93,39.79173928197978,79.39814142992688,84.21052631578948,70.88421052631578,44.44444444444445,66.05703679069084,0.40789473684210525,0.9013157894736842,0.881578947368421,0.6973684210526315,C,A-,B+,B-,dexcominc,-0.007309941520467822,0.8611111111111112,0.8231707317073171,36.0,90.0,84.89281911636292,-0.007309941520467822,0.3888888888888889,C-,65.50148123513529,82.31707317073172,83.3473715489842,69.07065929790508,False,False,39.79173928197978
LTH,"Life Time Group Holdings, Inc",Consumer Discretionary,Leisure Facilities,39.85,21.3237,2.7799,11.6985,2.8180866711925776,79.11,12.69,13.139999999999999,0.1727,8.86,0.6802338168434727,44.4525,79.11,12.69,44.4525,0.6802338168434727,13.139999999999999,0.1727,8.86,34.374307862679956,86.66407867494826,53.10782703886152,91.33333333333334,92.06349206349206,62.47001612704169,0.2914285714285714,0.9257142857142857,0.49714285714285716,0.9371428571428572,D+,A-,C,A,lifetimegroupholdingsinc,0.05263157894736836,0.9473684210526315,0.8645833333333333,19.0,90.0,84.89281911636292,0.05263157894736836,0.9166666666666666,A-,66.67636533339089,86.45833333333333,85.83212764654516,68.44265477485254,True,False,34.374307862679956
TILE,Interface Inc,Industrials,Office Services & Supplies,34.96,9.4098,1.4512,7.367,3.1589695397988597,127.84,4.06,33.54,0.1889,25.540000000000003,0.6559006211180125,24.1623,127.84,4.06,24.1623,0.6559006211180125,33.54,0.1889,25.540000000000003,84.97609485561293,65.8858387429816,83.11996284457557,71.24126017413452,43.696397941680964,74.44943420847035,0.9156626506024096,0.7630522088353414,0.9076305220883534,0.7269076305220884,A-,B,A-,B,interfaceinc,0.0,0.8888888888888888,0.7678571428571428,9.0,0.0,0.0,0.0,0.5,C,73.81907400263844,76.78571428571428,46.07142857142856,68.26954491639647,False,False,43.696397941680964
APH,Amphenol Corp,Information Technology,Electronic Components,84.62,40.489,7.1782,24.3112,7.7376761368312295,59.37,54.17,37.14,0.2703,17.66,0.9069207622868606,37.4918,59.37,54.17,37.4918,0.9069207622868606,37.14,0.2703,17.66,46.5584714548803,78.77140271688194,78.33333333333333,64.83176288509787,75.0,64.94358431744938,0.4419889502762431,0.8839779005524862,0.8259668508287292,0.6243093922651933,C,B+,B+,B-,amphenolcorp,0.03623188405797095,0.8695652173913043,0.8124999999999999,23.0,37.0,54.02167057694348,0.03623188405797095,0.725,B,67.44358431744938,81.24999999999999,70.35866823077738,68.02660110011499,False,False,46.5584714548803
INVA,Innoviva Inc,Health Care,Pharmaceuticals,21.25,4.2388,3.4415,6.8097,1.3522887088665594,1744.6,18.84,30.03,0.36950000000000005,24.68,0.548088064889919,11.6855,358.9789999999997,18.84,11.6855,0.548088064889919,30.03,0.36950000000000005,24.68,79.37870338096899,87.90710978659997,89.25438596491229,42.03182374541004,51.58730158730158,73.14605904287231,0.8947368421052632,0.9736842105263158,0.9342105263157895,0.40131578947368424,B+,A+,A,C,innovivainc,0.0,0.8181818181818182,0.734375,11.0,0.0,0.0,0.0,0.5,C,73.30478920160246,73.4375,44.0625,67.45633136128197,False,False,42.03182374541004
ECPG,Encore Capital Group Inc,Financials,Consumer Finance,96.49,6.8518,1.0868,8.4985,2.142489186524678,13.54,29.55,29.830000000000002,0.3605,5.970000000000001,0.869444871597724,125.9701,13.54,29.55,49.25565499999992,0.8514107033572301,29.830000000000002,0.3605,5.970000000000001,67.01680672268907,46.759777700082026,87.39495798319328,96.78125795772854,60.25,72.3111483080327,0.7142857142857143,0.42857142857142855,0.8739495798319328,0.9873949579831933,B,C,B+,A+,encorecapitalgroupinc,0.0,0.8,0.7166666666666667,10.0,0.0,0.0,0.0,0.734375,B,73.3361483080327,71.66666666666667,43.0,67.26891864642616,False,False,46.759777700082026
FIVE,Five Below Inc,Consumer Discretionary,Specialty Stores,228.0,19.7923,2.3062,11.8844,5.741236430663239,125.33,25.56,27.73,0.1475,27.73,0.7155148487371634,46.7176,109.7939999999999,25.56,46.7176,0.7155148487371634,27.73,0.1475,27.73,36.64673311184939,95.22390109890111,72.28352490421456,88.98901098901098,98.01587301587301,69.0751469215984,0.3485714285714286,0.9942857142857143,0.7657142857142857,0.88,C-,A+,B,B+,fivebelowinc,0.06060606060606066,0.696969696969697,0.6776315789473686,33.0,0.0,0.0,0.0594098883572568,0.9583333333333334,A,73.87673422318571,67.76315789473686,40.65789473684212,67.18494277854134,True,False,36.64673311184939
TPR,Tapestry Inc,Consumer Discretionary,"Apparel, Accessories & Luxury Goods",113.66,14.8868,2.8413,11.6359,32.91058605513088,1030.94,14.17,262.81,0.23920000000000002,50.449999999999996,0.28774373259052916,5.6401,109.7939999999999,14.17,5.6401,0.28774373259052916,195.4694999999998,0.23920000000000002,41.3595,42.56810631229235,91.53140394088669,95.03886152162015,62.914285714285725,77.53623188405797,70.29087988951261,0.4228571428571429,0.9542857142857143,1.0,0.6285714285714286,C,A,A+,B-,tapestryinc,0.0357142857142857,0.75,0.7196969696969697,28.0,0.0,0.0,0.0357142857142857,0.75,B,73.0445030779184,71.96969696969697,43.18181818181818,67.07196609869837,False,False,42.56810631229235
MSFT,Microsoft Corp,Information Technology,Systems Software,505.86,28.0019,11.2863,19.7898,8.492613913945675,31.56,17.79,33.22,0.4673,26.5,0.7659886563661256,1.8027,31.56,17.79,1.8027,0.7659886563661256,33.22,0.4317149999999999,26.5,52.208898376025445,57.42864914319273,87.22222222222221,52.96807701696741,47.82608695652174,61.937125381593944,0.574585635359116,0.5966850828729282,0.9060773480662984,0.47513812154696133,C+,C+,A-,C,microsoftcorp,0.0010656436487638254,0.927536231884058,0.9020270270270271,69.0,90.0,84.89281911636292,0.0010656436487638254,0.5,C,61.719734077246116,90.20270270270271,88.07874926816679,66.99153711543025,False,False,47.82608695652174
AMRX,Amneal Pharmaceuticals Inc,Health Care,Pharmaceuticals,20.5,41.5927,2.0995,14.1096,475.6380510440835,7506.35,9.28,174.60999999999999,0.1456,2.09,0.9422336328626444,105.9375,358.9789999999997,9.28,105.9375,0.9422336328626444,108.10399999999996,0.1456,2.09,59.37173231090973,75.42240966420096,60.635964912280706,91.60342717258263,80.55555555555556,68.40709167315433,0.631578947368421,0.8618421052631579,0.5986842105263158,0.9605263157894737,B-,B+,C+,A,amnealpharmaceuticalsinc,0.009090909090909038,0.9090909090909091,0.796875,11.0,0.0,0.0,0.009090909090909038,0.8333333333333334,B+,71.46264722870988,79.6875,47.8125,66.7326177829679,False,False,59.37173231090973
ENVA,Enova International Inc,Financials,Consumer Finance,170.02,12.1518,2.0972,10.6311,3.1436168049079027,43.8,22.52,25.759999999999998,0.4019,5.93,0.4074684713668256,41.2359,43.8,22.52,41.2359,0.4074684713668256,25.759999999999998,0.4019,5.93,40.96638655462185,59.327233654194245,83.61344537815127,67.5273745861981,60.25,61.51587963127176,0.35714285714285715,0.6680672268907563,0.8361344537815126,0.680672268907563,C-,B-,B+,B-,enovainternationalinc,0.0,0.9230769230769231,0.8194444444444445,13.0,90.0,84.89281911636292,0.0,0.734375,B,62.54087963127176,81.94444444444446,83.12379431321185,66.65746256765978,False,False,40.96638655462185
KEYS,Keysight Technologies Inc,Information Technology,Electronic Equipment & Instruments,362.71,48.9319,9.3671,41.5146,10.558751266316563,131.85,25.54,20.169999999999998,0.2025,14.360000000000001,0.9433189821665897,110.1491,131.85,25.54,110.1491,0.9433189821665897,20.169999999999998,0.2025,14.360000000000001,31.60576762096099,89.66151110031662,69.44444444444444,91.9820681819509,95.45454545454545,66.59126887280486,0.30939226519337015,0.9668508287292817,0.7237569060773481,0.9723756906077348,C-,A,B,A+,keysighttechnologiesinc,0.09473684210526312,0.8947368421052632,0.8229166666666666,19.0,7.0,13.670602258368058,0.09473684210526312,0.95,A,71.13672341825941,82.29166666666666,54.843240903347215,66.49984045719056,True,False,31.60576762096099
HCSG,Healthcare Services Group Inc,Industrials,Environmental & Facilities Services,20.78,11.7099,0.7722,9.2048,2.8345382621743282,1113.07,5.22,24.12,0.06849999999999999,24.12,0.5320351049003729,28.6675,191.6919999999998,5.22,28.6675,0.5320351049003729,24.12,0.06849999999999999,24.12,87.75018441111384,66.68616188320622,61.494959429554946,67.42709048721275,91.42367066895369,69.133936434251,0.9397590361445783,0.7751004016064257,0.6385542168674698,0.7028112449799196,A,B,B-,B,healthcareservicesgroupinc,0.02564102564102566,0.6923076923076923,0.6527777777777778,13.0,0.0,0.0,0.02564102564102566,0.9245283018867925,A-,73.27630350114637,65.27777777777779,39.16666666666667,66.45437613425044,False,False,61.494959429554946
AMG,Affiliated Managers Group Inc,Financials,Asset Management & Custody Banks,368.13,11.148,4.2049,19.4101,3.0692667293087332,121.28,11.81,26.950000000000003,0.2152,14.46,0.8477464978175273,57.2372,121.28,11.81,49.25565499999992,0.8477464978175273,26.950000000000003,0.2152,14.46,46.42857142857143,66.20771081224791,85.29411764705883,93.07936507936508,59.82142857142857,69.78808744723017,0.4327731092436975,0.7773109243697479,0.8529411764705882,0.9495798319327731,C,B,B+,A,affiliatedmanagersgroupinc,0.0,0.9,0.7833333333333333,10.0,0.0,0.0,0.0,0.59375,C+,70.77023030437303,78.33333333333333,46.99999999999999,66.01618424349843,False,False,46.42857142857143
ADI,Analog Devices Inc,Information Technology,Semiconductors,395.43,45.6956,13.6115,34.4568,5.725849074362334,114.38,33.65,12.26,0.3555,9.73,0.7730623988491278,59.011,114.38,33.65,59.011,0.7730623988491278,12.26,0.3555,9.73,33.378327473631344,81.22879119221778,62.59259259259259,67.64113392509694,86.20689655172413,58.76671504001892,0.3149171270718232,0.9060773480662984,0.6685082872928176,0.7016574585635359,C-,A-,B-,B,analogdevicesinc,0.05533063427800278,0.8974358974358975,0.8579545454545455,39.0,90.0,84.89281911636292,0.05533063427800278,0.875,B+,62.387404695191336,85.79545454545455,85.4344003738179,65.82158365321962,True,False,33.378327473631344
HCC,Warrior Met Coal Inc,Materials,Steel,91.75,21.9028,2.858,10.8465,2.2524291865723303,440.05,37.48,10.02,0.1364,8.95,0.6030272452068618,39.3803,440.05,37.48,39.3803,0.6030272452068618,10.02,0.1364,8.95,52.94117647058823,93.78608207208612,59.31372549019608,77.48478701825557,100.0,67.31789930826443,0.5882352941176471,1.0,0.5955882352941176,0.7794117647058824,C+,A+,C+,B,warriormetcoalinc,0.02564102564102566,0.6923076923076923,0.6527777777777778,13.0,0.0,0.0,0.017124542124542175,1.0,A+,72.31789930826443,65.27777777777779,39.16666666666667,65.68765277994488,False,False,52.94117647058823
JBSS,John B Sanfilippo & Son Inc,Consumer Staples,Packaged Foods & Meats,67.59,12.649,0.6663,9.5937,2.0801851515589846,4.7,6.18,16.509999999999998,0.0759,13.850000000000001,0.25810360496819157,6.781,4.7,6.18,6.781,0.25810360496819157,16.509999999999998,0.0759,13.850000000000001,78.57142857142857,69.48717948717949,55.23809523809524,65.86080586080587,100.0,65.52197802197801,0.8857142857142857,0.7857142857142857,0.55,0.6,B+,B,C+,C+,johnbsanfilipposoninc,0.125,0.875,0.7500000000000001,8.0,0.0,0.0,0.07222222222222213,1.0,A+,70.52197802197801,75.00000000000001,45.00000000000001,65.41758241758242,False,False,55.23809523809524
RELY,Remitly Global Inc,Financials,Transaction & Payment Processing Services,21.56,15.1924,2.5606,20.1328,5.226920093095423,2130.02,23.79,32.97,0.09449999999999999,31.55,0.6156243911942333,31.4462,185.31,23.79,31.4462,0.6156243911942333,32.97,0.09449999999999999,29.45649999999999,25.0,81.91790426232485,90.75630252100841,76.05042016806723,58.59375,65.53274051633052,0.21428571428571427,0.9369747899159664,0.907563025210084,0.773109243697479,D+,A,A-,B,remitlyglobalinc,0.0,0.9411764705882353,0.8522727272727273,17.0,90.0,84.89281911636292,0.0,0.484375,C,66.39211551633052,85.22727272727273,85.09349128290881,65.37340701706306,True,False,25.0
ADEA,Adeia Inc,Information Technology,IT Consulting & Other Services,24.92,22.4016,5.8364,11.942,5.652459908816659,45.93,24.35,26.700000000000003,0.41619999999999996,14.13,0.5855697316322042,52.9412,45.93,24.35,52.9412,0.5855697316322042,26.700000000000003,0.41619999999999996,14.13,66.5201741168592,76.03655000793096,78.33333333333333,71.9352768444322,39.28571428571429,70.80774223302076,0.7182320441988951,0.8453038674033149,0.8259668508287292,0.7734806629834254,B,B+,B+,B,adeiainc,0.0,0.9,0.7833333333333333,10.0,0.0,0.0,0.0,0.4,C-,69.73631366159219,78.33333333333333,46.99999999999999,65.18905092927375,False,False,39.28571428571429
RL,Ralph Lauren Corp,Consumer Discretionary,"Apparel, Accessories & Luxury Goods",356.16,21.5317,2.533,14.3832,7.53332952605763,26.61,14.68,35.63,0.1494,23.22,0.46193060351915805,17.8976,26.61,14.68,17.8976,0.46193060351915805,35.63,0.1494,23.22,28.359911406423034,79.0316091954023,73.23918992884511,80.49523809523811,85.5072463768116,62.305144791945125,0.2057142857142857,0.8628571428571429,0.7828571428571428,0.7942857142857143,D+,B+,B,B,ralphlaurencorp,0.03571428571428581,0.8928571428571429,0.840909090909091,28.0,90.0,84.89281911636292,0.03571428571428581,0.8333333333333334,B+,65.85586942962628,84.09090909090911,84.41167310109063,64.5482658449507,True,False,28.359911406423034
UFCS,United Fire Group Inc,Financials,Property & Casualty Insurance,52.9,9.7598,0.934,6.8829,1.4345101378377132,52.92,11.36,14.96,0.12869999999999998,12.950000000000001,0.8577777777777776,74.6806,52.92,11.36,49.25565499999992,0.8514107033572301,14.96,0.12869999999999998,12.950000000000001,69.11764705882354,63.276217484319645,59.2436974789916,98.38491494158639,56.793478260869556,69.42256261963499,0.7584033613445378,0.7394957983193278,0.592436974789916,1.0,B,B,C+,A+,unitedfiregroupinc,0.0,0.7777777777777778,0.6964285714285714,9.0,0.0,0.0,0.0,0.328125,C-,70.10191044572194,69.64285714285714,41.785714285714285,64.43867121372041,False,False,56.793478260869556
TGTX,TG Therapeutics Inc,Health Care,Biotechnology,55.63,19.9116,10.9948,71.121,38.98661433877637,633.73,76.08,72.3,0.1591,39.92,0.8872157344806395,65.791,358.9789999999997,50.35399999999998,65.791,0.8872157344806395,72.3,0.1591,30.006499999999996,32.69867549668874,97.28017917913513,84.3201754385965,71.28289473684211,86.90476190476191,67.96732751701677,0.28289473684210525,1.0,0.8914473684210527,0.7039473684210527,D+,A+,B+,B,tgtherapeuticsinc,0.05714285714285705,0.8571428571428571,0.7763157894736842,14.0,0.0,0.0,0.05714285714285705,0.8611111111111112,B+,71.65780370749296,77.63157894736842,46.578947368421055,64.40601687755778,True,False,32.69867549668874
EAT,Brinker International Inc,Consumer Discretionary,Restaurants,202.45,17.8758,1.499,10.7802,19.254912404177205,44.75,36.41,123.85,0.1067,55.76,0.6603529639925011,55.7543,44.75,26.012999999999973,54.84940999999998,0.6603529639925011,123.85,0.1067,41.3595,48.696566998892585,86.51785714285714,79.9792008757526,90.68253968253967,20.63492063492064,72.60902133374066,0.49142857142857144,0.92,0.88,0.9142857142857143,C,A-,B+,A-,brinkerinternationalinc,-0.028490028490028574,0.7407407407407407,0.7109375,27.0,0.0,0.0,-0.028490028490028574,0.16666666666666666,D,69.67251339723272,71.09375,42.65625,64.26926071778618,False,False,20.63492063492064
ZD,Ziff Davis Inc,Communication Services,Advertising,55.58,3.0247,1.4692,5.9172,1.2163629042141568,1040.24,-8.46,34.27,-0.22,23.45,0.8711520611305253,54.9493,431.6479999999967,-8.46,54.9493,0.8711520611305253,34.27,-0.113465,23.45,83.22762508809022,55.396239262518336,56.06060606060606,87.69031781226903,61.038961038961034,68.43936920213154,0.9318181818181818,0.6590909090909091,0.4772727272727273,0.9090909090909091,A,B-,C,A-,ziffdavisinc,0.0,0.7692307692307693,0.7083333333333334,13.0,0.0,0.0,0.0,0.7142857142857143,B,69.54326530602765,70.83333333333334,42.50000000000001,64.13461224482212,False,False,55.396239262518336
JLL,Jones Lang LaSalle Inc,Real Estate,Real Estate Services,314.1,14.5,0.5281,10.8778,1.9653544489530312,79.2,11.17,13.569999999999999,0.04650000000000001,10.24,0.40496977837474846,7.0429,79.2,11.314,7.0429,0.40496977837474846,13.569999999999999,0.04650000000000001,10.044,80.0,60.41666666666667,60.0,75.0,75.0,67.08333333333334,1.0,0.8,0.7,0.8,A+,B,B-,B,joneslanglasalleinc,0.0,0.6875,0.6547619047619047,16.0,0.0,0.0,0.0,0.75,B,69.58333333333334,65.47619047619047,39.28571428571428,63.52380952380953,False,False,60.0
GFF,Griffon Corp,Industrials,Building Products,96.08,24.2629,1.9609,12.3105,60.19672952822504,192.58,-12.03,176.12,0.1959,12.25,0.7132690541781451,31.4847,191.6919999999998,-5.83,31.4847,0.7132690541781451,69.54999999999994,0.1959,12.25,60.761686200584656,52.54469720685937,80.10928066005519,86.28190312269486,42.45283018867924,67.98306178107082,0.6546184738955824,0.5220883534136547,0.8514056224899599,0.8875502008032129,B-,C+,B+,B+,griffoncorp,0.0,0.9090909090909091,0.796875,11.0,0.0,0.0,0.0,0.3867924528301887,C-,67.22834479993874,79.6875,47.8125,63.345175839951,False,False,42.45283018867924
FAF,First American Financial Corp,Financials,Property & Casualty Insurance,64.72,9.0809,0.8475,4.6961,1.2003702006984849,298.96,22.52,13.600000000000001,0.1519,9.26,0.3599508236198715,3.144,185.31,22.52,3.144,0.3599508236198715,13.600000000000001,0.1519,9.26,77.94117647058823,82.93754642022202,54.621848739495796,44.30006148800983,94.56521739130434,63.588277884167375,0.8991596638655462,0.9453781512605042,0.5462184873949579,0.4579831932773109,B+,A,C+,C,firstamericanfinancialcorp,0.018181818181818188,0.8181818181818182,0.734375,11.0,0.0,0.0,0.018181818181818188,0.9375,A,68.0447996232978,73.4375,44.0625,63.24833969863825,False,False,44.30006148800983
HPE,Hewlett Packard Enterprise Co,Information Technology,"Technology Hardware, Storage & Peripherals",62.63,29.7407,1.9824,23.0814,3.34431551798711,128.23,26.59,11.020000000000001,0.0703,5.9799999999999995,0.9340755293604017,159.9752,128.23,26.59,159.9752,0.9340755293604017,11.020000000000001,0.0703,5.9799999999999995,67.39494391428093,76.05797163899872,35.55555555555555,84.94877413911951,98.95833333333334,62.938974023082764,0.7458563535911602,0.850828729281768,0.3011049723756906,0.8895027624309392,B,B+,C-,B+,hewlettpackardenterpriseco,0.12301587301587302,0.6785714285714286,0.6590909090909092,28.0,0.0,0.0,0.09512820512820508,1.0,A+,67.83480735641609,65.90909090909092,39.545454545454554,62.17693679422379,False,False,35.55555555555555
FDX,FedEx Corp,Industrials,Air Freight & Logistics,289.65,15.1898,0.7109,8.1151,2.1966063133946343,9.81,7.73,15.110000000000001,0.0576,8.42,0.6610293223019831,50.0446,9.81,7.73,50.0446,0.6610293223019831,15.110000000000001,0.0576,8.42,88.24276698631259,54.53738668024381,39.063464743327046,83.8882689312982,78.4366576819407,64.51168905471832,0.9477911646586346,0.5542168674698795,0.3493975903614458,0.8674698795180723,A,C+,C-,B+,fedexcorp,0.01904761904761909,0.6857142857142857,0.66875,35.0,0.0,0.0,0.01904761904761909,0.7735849056603774,B,67.35535482291239,66.875,40.125,61.909283858329914,False,False,39.063464743327046
UMBF,UMB Financial Corp,Financials,Regional Banks,133.1,10.7736,2.36702,,1.3141318041617793,40.79,72.21914,12.17,0.3178459,8.25,0.5951141369643572,14.3266,40.79,72.21914,14.3266,0.5951141369643572,12.17,0.3178459,8.25,67.85714285714286,81.25132641987511,46.21848739495798,53.53962145605906,97.29166666666667,60.47709713821204,0.7184873949579832,0.9327731092436975,0.46218487394957986,0.5630252100840336,B,A,C,C+,umbfinancialcorp,0.023809523809523725,0.8571428571428571,0.7980769230769231,21.0,0.0,0.0,0.020714285714285675,0.984375,A+,65.2062638048787,79.8076923076923,47.88461538461538,61.741934120826045,False,False,46.21848739495798
IQV,IQVIA Holdings Inc,Health Care,Life Sciences Tools & Services,271.01,32.4053,2.6236,17.3615,7.068006843455945,16.8,8.17,21.95,0.1292,6.279999999999999,0.9480065093572011,53.0194,16.8,8.17,53.0194,0.9480065093572011,21.95,0.1292,6.279999999999999,56.05466480771465,55.357118091671865,58.55263157894737,77.44816586921849,98.73737373737374,60.21288088884358,0.5789473684210527,0.5921052631578947,0.5723684210526315,0.8289473684210527,C+,C+,C+,B+,iqviaholdingsinc,0.06280788177339902,0.8214285714285714,0.7803030303030304,28.0,0.0,0.0,0.059819617502173295,0.9722222222222222,A+,65.08661826258096,78.03030303030305,46.81818181818183,61.43293097370113,False,False,55.357118091671865
ANDE,Andersons Inc,Consumer Staples,Food Distributors,66.45,12.8412,0.2082,11.1165,1.806531242523761,119.33,-5.2,14.149999999999999,0.013300000000000001,8.0,0.6353899883585565,68.7327,100.61199999999988,-5.2,67.96360499999999,0.6353899883585565,14.149999999999999,0.013300000000000001,8.0,83.80952380952381,55.07692307692307,33.80952380952381,90.68571428571428,63.210702341137115,63.55728937728938,0.9428571428571428,0.4714285714285714,0.2571428571428571,0.9285714285714286,A,C,D+,A-,andersonsinc,0.0,0.9,0.7833333333333333,10.0,0.0,0.0,0.0,0.7692307692307693,B,64.87835961140308,78.33333333333333,46.99999999999999,61.30268768912247,False,False,33.80952380952381
TWLO,Twilio Inc,Information Technology,Systems Software,283.99,37.9278,7.8189,134.5031,5.5338502339303215,5800.25,17.82,14.149999999999999,0.052000000000000005,12.61,0.899374727352043,172.18,703.5419999999999,17.82,172.18,0.899374727352043,14.149999999999999,0.052000000000000005,12.61,31.396492549807466,79.23221045192898,47.22222222222222,89.76036484478104,73.91304347826087,58.45319375234943,0.30386740331491713,0.8895027624309392,0.4585635359116022,0.9447513812154696,C-,B+,C,A,twilioinc,0.03654970760233911,0.8421052631578947,0.8081395348837209,38.0,37.0,54.02167057694348,0.03654970760233911,0.7,B-,60.844498100175514,80.81395348837209,70.09704032380064,61.248864819348285,True,False,31.396492549807466
CUBI,Customers Bancorp Inc,Financials,Regional Banks,75.79,8.9325,1.99781,,1.2249265027936211,85.16,55.59768,13.569999999999999,0.3985504,11.82,0.6570800878769725,15.3075,85.16,55.59768,15.3075,0.6570800878769725,13.569999999999999,0.3985504,11.82,77.52100840336135,76.57154183441739,54.20168067226891,61.72465247781355,58.54166666666667,65.58991113135376,0.8886554621848739,0.907563025210084,0.542016806722689,0.6260504201680672,B+,A-,C+,B-,customersbancorpinc,0.0,0.7058823529411765,0.6704545454545455,17.0,0.0,0.0,0.0,0.40625,C,66.44407779802043,67.04545454545455,40.22727272727273,61.200716783870895,False,False,54.20168067226891
ASTH,Astrana Health Inc,Health Care,Health Care Facilities,35.13,42.5981,0.4493,13.3697,2.2037236845406873,58.83,58.91,5.09,0.0276,2.2399999999999998,0.5086515513126493,30.4519,58.83,50.35399999999998,30.4519,0.5086515513126493,5.09,0.0276,2.2399999999999998,68.80736609736262,88.81266603540335,28.070175438596493,53.982456140350884,31.944444444444443,57.778409819140634,0.75,0.9802631578947368,0.25,0.5197368421052632,B,A+,D+,C+,astranahealthinc,-0.007352941176470562,0.875,0.7976190476190476,16.0,90.0,84.89281911636292,-0.007352941176470562,0.2777777777777778,D+,55.97285426358508,79.76190476190476,81.81427050368802,61.14113751160566,False,False,28.070175438596493
AMAT,Applied Materials Inc,Information Technology,Semiconductor Materials & Equipment,486.76,41.3327,12.4211,39.5673,18.907706650093225,38.36,7.77,40.44,0.2964,31.47,0.5346385265056028,142.986,38.36,7.77,142.986,0.5346385265056028,40.44,0.2964,31.47,33.84710363301523,45.28325485936645,84.62962962962962,69.02636529450872,37.0,57.48110734643625,0.3259668508287293,0.425414364640884,0.8729281767955801,0.7292817679558011,C-,C,B+,B,appliedmaterialsinc,0.0,0.8666666666666667,0.8350000000000001,45.0,90.0,84.89281911636292,0.0,0.35,C-,56.18110734643625,83.50000000000001,84.05712764654518,61.01421208430862,True,False,33.84710363301523
TER,Teradyne Inc,Information Technology,Semiconductor Materials & Equipment,411.2,54.1448,13.9511,45.4198,22.957446095782572,152.84,57.87,38.04,0.3023,36.82,0.7865134142268729,199.8269,152.84,54.72500000000002,199.8269,0.7865134142268729,38.04,0.3023,36.82,26.03905072827725,93.0887234298702,84.81481481481482,87.80108756126535,75.99999999999999,68.89142858400014,0.20994475138121546,0.988950276243094,0.8839779005524862,0.9171270718232044,D+,A+,B+,A-,teradyneinc,0.031620553359683834,0.7272727272727273,0.6944444444444444,22.0,0.0,0.0,0.031620553359683834,0.75,B,71.49142858400013,69.44444444444444,41.666666666666664,60.93781274284415,True,False,26.03905072827725
JBL,Jabil Inc,Information Technology,Electronic Manufacturing Services,322.02,38.3895,0.9852,23.0833,22.875775206188862,55.75,17.8,62.419999999999995,0.042800000000000005,18.59,0.5532895281119714,50.6851,55.75,17.8,50.6851,0.5532895281119714,62.419999999999995,0.042800000000000005,18.59,67.7580361627323,68.79706335441196,60.0,52.757426375593596,84.78260869565217,61.25040698668419,0.7569060773480663,0.7292817679558011,0.6353591160220995,0.4696132596685083,B,B,B-,C,jabilinc,0.05882352941176472,0.8235294117647058,0.7613636363636364,17.0,0.0,0.0,0.05882352941176472,0.825,B+,64.7286678562494,76.13636363636364,45.68181818181818,60.91929792136317,False,False,52.757426375593596
LRCX,Lam Research Corp,Information Technology,Semiconductor Materials & Equipment,322.52,54.2243,16.9572,45.3769,32.36040736467165,38.62,26.02,66.97,0.3529,48.57,0.6300242439709072,146.008,38.62,26.02,146.008,0.6300242439709072,66.97,0.3529,48.57,24.755148166750374,71.28198988283367,90.0,74.64630141572738,68.0,62.8744453013998,0.19337016574585636,0.7845303867403315,0.9392265193370166,0.8066298342541437,D,B,A,B+,lamresearchcorp,0.024390243902439046,0.8536585365853658,0.8206521739130435,41.0,37.0,54.02167057694348,0.024390243902439046,0.675,B-,64.6744453013998,82.06521739130434,70.84779866555999,60.74744901879131,True,False,24.755148166750374
WCC,Wesco International Inc,Industrials,Trading Companies & Distributors,364.89,25.9674,0.7259,15.1458,3.5286847673460544,6.03,12.51,13.84,0.053399999999999996,6.4399999999999995,0.88745446362283,76.2218,6.03,12.51,75.1288999999999,0.8559255587332271,13.84,0.053399999999999996,6.4399999999999995,63.05985848154523,53.27677112994132,31.591399612053653,97.78500440207175,98.42767295597484,58.875169629802336,0.6987951807228916,0.5341365461847389,0.2570281124497992,0.9919678714859438,B-,C+,D+,A+,wescointernationalinc,0.06666666666666665,0.8666666666666667,0.7875000000000001,15.0,0.0,0.0,0.06416666666666665,0.9622641509433962,A,63.71793692539982,78.75000000000001,47.25000000000001,60.42434954031986,False,False,31.591399612053653
MATX,Matson Inc,Industrials,Marine Transportation,222.0,14.4079,1.9318,9.9301,2.4461030933287495,0.86,-0.16,16.939999999999998,0.1518,15.040000000000001,0.8773879142300195,117.8416,0.86,-0.16,75.1288999999999,0.8559255587332271,16.939999999999998,0.1518,15.040000000000001,76.22653880829439,25.128282271139415,61.98071196350026,97.78796074837383,43.696397941680964,64.13506129685132,0.8473895582329317,0.11646586345381527,0.642570281124498,0.9959839357429718,B+,D,B-,A+,matsoninc,0.0,0.9,0.7833333333333333,10.0,0.0,0.0,0.0,0.5,C,63.504701091019406,78.33333333333333,46.99999999999999,60.20376087281553,False,False,25.128282271139415
EZPW,EZCORP Inc,Financials,Consumer Finance,30.83,12.0085,1.1998,8.2308,1.8306296463434908,61.24,28.61,14.45,0.139,9.8,0.6947878787878787,69.4399,61.24,28.61,49.25565499999992,0.6947878787878787,14.45,0.139,9.8,52.52100840336134,66.98916031729141,58.40336134453782,87.28800611153552,60.25,63.58652572274018,0.5084033613445378,0.7899159663865546,0.5840336134453782,0.8949579831932774,C+,B,C+,B+,ezcorpinc,0.0,0.7692307692307693,0.7083333333333334,13.0,0.0,0.0,0.0,0.734375,B,64.61152572274018,70.83333333333334,42.50000000000001,60.18922057819215,False,False,52.52100840336134
PM,Philip Morris International Inc,Consumer Staples,Tobacco,191.68,27.7581,7.0946,19.3274,1444.461190655614,31.96,8.93,575.44,0.3775,44.05,0.7550647372429552,16.1463,31.96,8.93,16.1463,0.7550647372429552,137.46399999999994,0.34928499999999985,28.479999999999983,23.80952380952381,79.45532728141424,97.85714285714285,81.36645962732919,85.34798534798534,67.58102404841536,0.18571428571428572,0.9,1.0,0.8571428571428571,D,B+,A+,B+,philipmorrisinternationalinc,0.009971509971509973,0.7407407407407407,0.7109375,27.0,0.0,0.0,0.009971509971509973,0.8461538461538461,B+,71.1158225832139,71.09375,42.65625,60.049801332531366,True,False,23.80952380952381
NXT,Nextpower Inc,Industrials,Electrical Components & Equipment,79.52,20.6502,3.3791,15.6197,5.088954306924356,6.1,16.97,26.32,0.1934,26.32,0.10967948035352995,9.985,6.1,16.97,9.985,0.10967948035352995,26.32,0.1934,26.32,49.122203098106716,55.402469868256176,81.48075294374779,29.043099511749624,98.49056603773585,54.53985288646479,0.4899598393574297,0.5742971887550201,0.8835341365461847,0.24497991967871485,C,C+,B+,D+,nextpowerinc,0.09536541889483063,0.8529411764705882,0.8141025641025641,34.0,37.0,54.02167057694348,0.06416666666666665,0.9811320754716981,A+,59.388909490238376,81.41025641025641,70.45482207693124,59.90741598246891,False,True,29.043099511749624
GMED,Globus Medical Inc,Health Care,Health Care Equipment,74.78,18.6862,3.1814,12.3985,2.2083686481346403,50.93,19.74,11.59,0.20600000000000002,11.59,0.4366137566137566,35.245,50.93,19.74,35.245,0.4366137566137566,11.59,0.20600000000000002,11.59,69.0382827930754,78.29979907350561,63.37719298245614,62.78947368421053,32.850241545893724,66.32172349542611,0.7631578947368421,0.8881578947368421,0.6381578947368421,0.6118421052631579,B,B+,B-,B-,globusmedicalinc,-0.018633540372670843,0.6956521739130435,0.6696428571428571,23.0,0.0,0.0,-0.018633540372670843,0.3333333333333333,C-,64.60674765001548,66.96428571428571,40.17857142857142,59.72111240572667,False,False,32.850241545893724
EME,EMCOR Group Inc,Industrials,Construction & Engineering,765.52,23.207,1.7958,16.2108,9.276466624981216,33.41,18.92,38.49,0.1038,38.43,0.5182926829268292,21.9536,33.41,18.92,21.9536,0.5182926829268292,38.49,0.1038,29.789999999999996,54.99057454307024,57.423734566591705,76.0882987733246,60.27895254487338,79.55974842767296,61.31025575139172,0.5863453815261044,0.6305220883534136,0.8112449799196787,0.6024096385542169,C+,B-,B+,B-,emcorgroupinc,0.01904761904761898,0.7333333333333333,0.6875,15.0,0.0,0.0,0.01904761904761898,0.7924528301886793,B,64.26623059415901,68.75,41.25,59.662984475327214,False,False,54.99057454307024
NUE,Nucor Corp,Materials,Steel,241.88,23.7974,1.6239,12.966,2.643396154245466,79.23,12.27,11.16,0.0999,8.36,0.7430606895624705,83.4743,79.23,12.27,79.35161499999998,0.7430606895624705,11.16,0.0999,8.36,50.98039215686274,71.12394029229729,51.470588235294116,95.03042596348885,50.0,63.84361834919645,0.5735294117647058,0.7941176470588235,0.47794117647058826,0.9705882352941176,C+,B,C,A+,nucorcorp,0.0,0.75,0.7155172413793104,24.0,0.0,0.0,0.0,0.375,C-,63.84361834919645,71.55172413793103,42.93103448275862,59.66110157590888,False,False,50.0
GEV,GE Vernova Inc,Industrials,Heavy Electrical Equipment,949.77,26.7684,6.1654,34.6731,22.901310031032764,744.44,12.98,83.39,0.15439999999999998,74.29,0.6302532368049505,57.6294,191.6919999999998,12.98,57.6294,0.6302532368049505,69.54999999999994,0.15439999999999998,29.789999999999996,21.05674398273366,87.38778707722807,86.11835095483976,87.00006770649591,89.21832884097036,66.67134469113816,0.12449799196787148,0.9477911646586346,0.9518072289156626,0.8955823293172691,D,A,A,B+,gevernovainc,0.023809523809523836,0.8333333333333334,0.8031914893617021,42.0,7.0,13.670602258368058,0.023809523809523836,0.8867924528301887,B+,70.59317757523519,80.31914893617021,53.65973026504935,59.628889102041256,True,False,21.05674398273366
AIZ,Assurant Inc,Financials,Multi-line Insurance,263.53,12.2454,0.9675,7.9206,2.234812636320772,53.42,9.36,18.029999999999998,0.107,13.120000000000001,0.5872740271678069,22.6852,53.42,9.36,22.6852,0.5872740271678069,18.029999999999998,0.107,13.120000000000001,45.79831932773109,62.69851591740004,68.90756302521008,78.02676626206039,59.82142857142857,61.821527024127384,0.41386554621848737,0.7226890756302521,0.6890756302521008,0.7983193277310925,C,B,B-,B,assurantinc,0.0,0.8461538461538461,0.7638888888888888,13.0,0.0,0.0,0.0,0.59375,C+,62.80366988127024,76.38888888888889,45.83333333333333,59.40960257168286,False,False,45.79831932773109
STRL,Sterling Infrastructure Inc,Industrials,Construction & Engineering,511.83,34.9831,4.3899,23.6697,14.166657440519026,50.75,60.83,36.67,0.1752,29.43,0.31798085403097526,51.368,50.75,36.967999999999954,51.368,0.31798085403097526,36.67,0.1752,29.43,22.46318607764391,77.89823673752245,83.35573586864466,66.06142939103353,63.36477987421383,60.24666371228334,0.14457831325301204,0.8995983935742972,0.9116465863453815,0.6827309236947792,D,B+,A-,B-,sterlinginfrastructureinc,0.004166666666666652,0.9375,0.8452380952380951,16.0,90.0,84.89281911636292,0.004166666666666652,0.660377358490566,B-,61.583141699704726,84.52380952380952,84.67141336083088,59.401256439493785,True,False,22.46318607764391
WLY,John Wiley & Sons Inc,Communication Services,Publishing,47.57,12.2554,1.4578,11.9451,2.851986858198038,110.82,-0.27,25.28,0.1478,11.68,0.6601329897935666,19.8035,110.82,-0.27,19.8035,0.6601329897935666,25.28,0.1478,11.68,63.988724453840724,54.955373978629794,65.15151515151514,74.40886917960088,59.183673469387756,63.157908532985104,0.7045454545454546,0.6136363636363636,0.7386363636363636,0.75,B,B-,B,B,johnwileysonsinc,0.0,0.8,0.675,5.0,0.0,0.0,0.0,0.5,C,64.07627587992388,67.5,40.5,59.36102070393911,False,False,54.955373978629794
WST,West Pharmaceutical Services Inc,Health Care,Health Care Supplies,372.67,46.1748,7.8406,30.0857,8.448440415224287,17.22,12.38,18.509999999999998,0.2045,17.330000000000002,0.917802306221866,45.5674,17.22,12.38,45.5674,0.917802306221866,18.509999999999998,0.2045,17.330000000000002,28.584291855466486,63.148535785466464,73.6842105263158,71.74872665534805,62.96296296296296,57.54657808360848,0.2236842105263158,0.6973684210526315,0.7697368421052632,0.7171052631578947,D+,B-,B,B,westpharmaceuticalservicesinc,0.0039525691699604515,0.9130434782608695,0.8482142857142856,23.0,67.0,75.51231872528592,0.0039525691699604515,0.6388888888888888,B-,58.84287437990478,84.82142857142856,81.0977846329715,59.29634970859067,True,False,28.584291855466486
SNX,TD Synnex Corp,Information Technology,Technology Distributors,255.89,18.0775,0.2944,11.0718,2.4255321165703774,63.4,16.26,13.120000000000001,0.025699999999999997,8.59,0.7260943635224295,64.7129,63.4,16.26,64.7129,0.7260943635224295,13.120000000000001,0.025699999999999997,8.59,88.82471120040181,69.65012873409677,35.46296296296296,66.39481818221903,39.77272727272727,63.28090792410435,0.9392265193370166,0.7458563535911602,0.292817679558011,0.6795580110497238,A,B,D+,B-,tdsynnexcorp,0.0,0.8235294117647058,0.7613636363636364,17.0,0.0,0.0,0.0,0.4375,C,62.258180651377074,76.13636363636364,45.68181818181818,58.9429081574653,False,False,35.46296296296296
IOSP,Innospec Inc,Materials,Specialty Chemicals,97.58,20.1225,1.3272,12.8796,1.8232368339430718,549.32,2.87,9.15,0.07,9.15,0.9642212868310284,27.2329,450.345,2.87,27.2329,0.8204581764965266,9.15,0.07,9.15,60.7843137254902,72.16361436970772,45.588235294117645,79.85652797704446,50.0,61.9971657242524,0.7205882352941176,0.8235294117647058,0.39705882352941174,0.8088235294117647,B,B+,C-,B+,innospecinc,0.0,0.8888888888888888,0.7678571428571428,9.0,0.0,0.0,0.0,0.375,C-,61.9971657242524,76.78571428571428,46.07142857142856,58.812018293687636,False,False,45.588235294117645
CENT,Central Garden & Pet Co,Consumer Staples,Household Products,39.68,13.1507,0.7092,8.5832,1.5756848947888829,22.39,-1.16,10.15,0.0818,5.87,0.5994505494505494,18.72,22.39,-1.16,18.72,0.5994505494505494,10.15,0.0818,5.87,79.28571428571429,55.210918114143915,40.952380952380956,77.2811059907834,59.26573426573426,61.55792863050928,0.9071428571428571,0.5071428571428571,0.37142857142857144,0.8142857142857143,A-,C+,C-,B+,centralgardenpetco,0.0,0.8181818181818182,0.734375,11.0,0.0,0.0,0.0,0.5,C,62.48450205708271,73.4375,44.0625,58.80010164566617,False,False,40.952380952380956
EWBC,East West Bancorp Inc,Financials,Regional Banks,126.72,12.0152,3.27879,,1.959050404734372,21.65,74.7411,16.189999999999998,0.5797675999999999,15.47,0.7600446428571428,17.9038,21.65,74.7411,17.9038,0.7600446428571428,16.189999999999998,0.5797675999999999,15.47,50.42016806722689,68.56777085263167,62.60504201680672,72.7338412000314,58.54166666666667,61.51662493154102,0.48739495798319327,0.819327731092437,0.6260504201680672,0.7394957983193278,C,B+,B-,B,eastwestbancorpinc,0.0,0.782608695652174,0.7410714285714286,23.0,0.0,0.0,0.0,0.40625,C,62.37079159820769,74.10714285714286,44.464285714285715,58.7894904214233,False,False,50.42016806722689
PLXS,Plexus Corp,Information Technology,Electronic Manufacturing Services,266.08,37.7531,1.5228,22.6632,4.90750474925764,15.43,14.2,12.46,0.050199999999999995,10.97,0.7658687082214477,86.6681,15.43,14.2,86.6681,0.7658687082214477,12.46,0.050199999999999995,10.97,67.41587142139629,50.95217447509884,43.333333333333336,73.78516973627933,98.91304347826087,57.63477003095804,0.7513812154696132,0.5303867403314917,0.40331491712707185,0.7955801104972375,B,C+,C,B,plexuscorp,0.10256410256410264,0.7692307692307693,0.7083333333333334,13.0,0.0,0.0,0.09512820512820508,0.975,A+,62.526074378784124,70.83333333333334,42.50000000000001,58.5208595030273,False,False,43.333333333333336
AMZN,Amazon.com Inc,Consumer Discretionary,Broadline Retail,246.15,19.5911,3.4168,16.1469,6.425835959098112,89.71,15.77,30.5,0.1208,24.19,0.5498903508771931,14.4488,89.71,15.77,14.4488,0.5498903508771931,30.5,0.1208,24.19,24.116279069767444,92.93956043956044,66.75314723590587,72.92307692307693,32.539682539682545,60.8898840489458,0.14857142857142858,0.9657142857142857,0.7142857142857143,0.72,D,A,B,B,amazoncominc,-0.0009009009009008917,0.9324324324324325,0.9082278481012658,74.0,90.0,84.89281911636292,-0.0009009009009008917,0.2916666666666667,D+,59.143852302914055,90.82278481012658,88.45079853262112,58.45828507857788,True,False,24.116279069767444
CASY,Caseys General Stores Inc,Consumer Staples,Food Retail,606.24,29.2185,1.2093,15.753,5.661508577618812,33.36,13.78,19.68,0.0588,12.139999999999999,0.25288638000325225,10.1872,33.36,13.78,10.1872,0.25288638000325225,19.68,0.0588,12.139999999999999,41.904761904761905,86.74352712814252,56.19047619047618,57.354497354497354,92.67399267399267,58.343414420337496,0.38571428571428573,0.9428571428571428,0.5928571428571429,0.5142857142857142,C-,A,C+,C+,caseysgeneralstoresinc,0.03703703703703709,0.7037037037037037,0.6796875,27.0,0.0,0.0,0.03703703703703709,0.9230769230769231,A-,62.610813687736766,67.96875,40.78125,58.24490095018942,False,False,41.904761904761905
KEX,Kirby Corp,Industrials,Marine Transportation,130.38,19.1442,1.9489,10.2316,2.073845967866363,23.27,6.56,10.45,0.1401,8.08,0.6506332352564922,53.2097,23.27,6.56,53.2097,0.6506332352564922,10.45,0.1401,8.08,69.38830150534109,57.978572264286555,44.72365653088544,81.48788102316502,43.696397941680964,61.42128016654695,0.8032128514056225,0.6546184738955824,0.41767068273092367,0.8353413654618473,B+,B-,C,B+,kirbycorp,0.0,0.9,0.7833333333333333,10.0,0.0,0.0,0.0,0.5,C,60.790919960715044,78.33333333333333,46.99999999999999,58.032735968572034,False,False,43.696397941680964
VMI,Valmont Industries Inc,Industrials,Industrial Machinery & Supplies & Components,466.93,18.1606,2.124,14.2724,5.449671103309508,108.33,3.8,29.84,0.13699999999999998,20.45,0.4702288033539984,28.0179,108.33,3.8,28.0179,0.4702288033539984,29.84,0.13699999999999998,20.45,59.87979127393928,56.598331854131274,73.84148840258995,64.19109250989769,39.308176100628934,62.5882047919381,0.6345381526104418,0.6024096385542169,0.7831325301204819,0.6465863453815262,B-,B-,B,B-,valmontindustriesinc,0.0,0.8181818181818182,0.734375,11.0,0.0,0.0,0.0,0.2169811320754717,D+,61.51902240200099,73.4375,44.0625,58.0277179216008,False,False,39.308176100628934
FCX,Freeport-McMoRan Inc,Materials,Copper,71.96,34.7936,3.9611,11.8824,5.4677111747676825,53.11,-24.23,15.260000000000002,0.2676,10.27,0.8163672654690618,104.6123,53.11,-16.235,79.35161499999998,0.8163672654690618,15.260000000000002,0.2676,10.27,39.70588235294118,39.192343604108316,75.0,96.49859943977592,52.38095238095239,60.81465919701214,0.4117647058823529,0.27941176470588236,0.8088235294117647,1.0,C,D+,B+,A+,freeportmcmoraninc,0.0,0.8,0.7642857142857142,30.0,0.0,0.0,0.0,0.6875,B-,61.05275443510738,76.42857142857142,45.85714285714285,58.013632119514476,False,False,39.192343604108316
ULTA,Ulta Beauty Inc,Consumer Discretionary,Other Specialty Retail,552.99,19.3708,1.8092,12.2097,8.711892657458886,5.21,11.16,45.4,0.1246,41.160000000000004,0.4031027748093009,1.0603,5.21,11.16,1.0603,0.4031027748093009,45.4,0.1246,41.160000000000004,39.09966777408638,66.97857142857143,77.28188286808977,70.56,52.38095238095239,61.60310194625833,0.38285714285714284,0.7371428571428571,0.8342857142857143,0.7028571428571428,C-,B,B+,B,ultabeautyinc,0.0,0.7352941176470589,0.7115384615384616,34.0,0.0,0.0,0.0,0.5833333333333334,C+,61.84119718435357,71.15384615384616,42.69230769230769,58.0114192859444,False,False,39.09966777408638
BRC,Brady Corp,Industrials,Commercial Printing,84.1,19.1088,2.3619,12.1689,2.905369925102949,9.26,9.78,15.620000000000001,0.1586,14.95,0.4711823088977886,9.3299,9.26,9.78,9.3299,0.4711823088977886,15.620000000000001,0.1586,14.95,64.11933448078025,54.63612963612964,61.01303171871158,53.00333057648032,87.42138364779875,57.81098359239495,0.714859437751004,0.5622489959839357,0.6305220883534136,0.5020080321285141,B,C+,B-,C+,bradycorp,0.023809523809523725,0.8571428571428571,0.7291666666666667,7.0,0.0,0.0,0.023809523809523725,0.8679245283018868,B+,61.553121957174824,72.91666666666667,43.75,57.99249756573986,False,False,53.00333057648032
LLY,Eli Lilly and Co,Health Care,Pharmaceuticals,1184.96,41.9015,14.0492,32.6097,42.191466710343136,94.62,49.58,92.58,0.42219999999999996,35.77,0.8145194626248707,65.6138,94.62,49.58,65.6138,0.8145194626248707,92.58,0.40932999999999975,30.006499999999996,25.50395027303357,86.05715502102069,96.27192982456138,74.17380660954713,51.58730158730158,67.4901623505123,0.17763157894736842,0.9407894736842105,0.9967105263157895,0.756578947368421,D,A,A+,B,elilillyandco,0.0,0.7894736842105263,0.7616279069767442,38.0,0.0,0.0,0.0,0.5,C,67.64889250924247,76.16279069767442,45.697674418604656,57.80675217747278,True,False,25.50395027303357
ATMU,Atmus Filtration Technologies Inc,Industrials,Industrial Machinery & Supplies & Components,44.04,16.9602,1.9204,12.6434,9.483816784029976,15.91,13.05,54.67999999999999,0.1716,18.22,0.06025104602510451,0.789,15.91,13.05,0.789,0.06025104602510451,54.67999999999999,0.1716,18.22,68.77851542223316,68.17150470786338,81.39059639920225,25.263197475734255,75.3319357092942,61.22921839207838,0.7911646586345381,0.7911646586345381,0.8795180722891566,0.22088353413654618,B,B,B+,D+,atmusfiltrationtechnologiesinc,0.015151515151515138,0.8333333333333334,0.75,12.0,0.0,0.0,0.015151515151515138,0.7358490566037735,B,63.7624119630078,75.0,45.0,57.63604279824359,False,True,25.263197475734255
ZBRA,Zebra Technologies Corp,Information Technology,Electronic Equipment & Instruments,372.89,31.6353,2.9163,19.7216,5.154044976433675,3.28,12.66,15.14,0.1467,8.86,0.9287317021049256,22.542,3.28,12.66,22.542,0.9287317021049256,15.14,0.1467,8.86,66.7629331993973,49.11592793502152,53.333333333333336,72.76952992376309,65.90909090909092,59.40115820493958,0.7237569060773481,0.47513812154696133,0.5524861878453039,0.7790055248618785,B,C,C+,B,zebratechnologiescorp,0.029230769230769282,0.76,0.7250000000000001,25.0,0.0,0.0,0.029230769230769282,0.65,B-,60.99206729584867,72.50000000000001,43.50000000000001,57.493653836678945,False,False,49.11592793502152
KRYS,Krystal Biotech Inc,Health Care,Biotechnology,336.22,41.5804,22.7936,47.2142,8.04793045010197,62.37,22.63,19.34,0.4489,19.34,0.7936557439130338,114.5951,62.37,22.63,114.5951,0.7936557439130338,19.34,0.40932999999999975,19.34,20.43394911118857,74.85404564924016,84.3201754385965,72.67543859649123,58.33333333333333,60.694427986592544,0.09210526315789473,0.8552631578947368,0.8914473684210527,0.7368421052631579,D-,B+,B+,B,krystalbiotechinc,0.005847953216374324,0.8947368421052632,0.8229166666666666,19.0,90.0,84.89281911636292,0.005847953216374324,0.5833333333333334,C+,61.52776131992588,82.29166666666666,83.33212764654516,57.39246854662544,True,False,20.43394911118857
VLY,Valley National Bancorp,Financials,Regional Banks,12.76,10.1628,2.27179,,0.9096741997576103,48.82,77.66814,8.88,0.4257981,8.14,0.5611510791366906,22.8169,48.82,77.66814,22.8169,0.5611510791366906,8.88,0.4257981,8.14,85.29411764705883,86.30480602151297,22.689075630252102,65.29490300793213,32.083333333333336,62.31574012521675,0.9453781512605042,0.9789915966386554,0.226890756302521,0.6680672268907563,A,A+,D+,B-,valleynationalbancorp,-0.011695906432748537,0.7777777777777778,0.7282608695652174,18.0,0.0,0.0,-0.011695906432748537,0.28125,D+,60.524073458550085,72.82608695652173,43.69565217391304,57.15838920162268,False,False,22.689075630252102
UNP,Union Pacific Corp,Industrials,Rail Transportation,273.84,22.2329,6.4135,15.1119,8.797026538210718,7.27,4.17,38.65,0.4003,14.63,0.5804300218992631,18.0129,7.27,4.17,18.0129,0.5804300218992631,38.65,0.28918,14.63,41.24361391142803,43.35515639863466,84.91107286288009,63.460942260612995,84.56260720411665,57.90189142542656,0.3855421686746988,0.3413654618473896,0.9437751004016064,0.6385542168674698,C-,C-,A,B-,unionpacificcorp,0.022246941045606206,0.6774193548387096,0.6597222222222223,31.0,0.0,0.0,0.022246941045606206,0.8301886792452831,B+,61.358152145838226,65.97222222222223,39.583333333333336,57.003188383337246,False,False,41.24361391142803
FRPT,Freshpet Inc,Consumer Staples,Packaged Foods & Meats,57.17,13.6776,2.3639,23.4168,2.3163004019188382,449.74,12.77,16.650000000000002,0.081,12.34,0.2710493046776232,17.5838,100.61199999999988,12.77,17.5838,0.2710493046776232,16.650000000000002,0.081,12.34,39.047619047619044,95.32967032967032,54.76190476190476,75.0915750915751,32.51748251748252,62.53663003663004,0.34285714285714286,1.0,0.5285714285714286,0.7571428571428571,C-,A+,C+,B,freshpetinc,-0.0434782608695653,0.7391304347826086,0.7053571428571428,23.0,0.0,0.0,-0.0434782608695653,0.3076923076923077,C-,60.78837828837829,70.53571428571428,42.32142857142856,56.89107767232768,True,False,32.51748251748252
AVNT,Avient Corp,Materials,Specialty Chemicals,41.19,22.2231,1.134,10.3404,1.5891694188092225,43.14,2.36,7.090000000000001,0.09449999999999999,3.93,0.7155532359081418,26.7813,43.14,2.36,26.7813,0.7155532359081418,7.090000000000001,0.09449999999999999,3.93,63.23529411764705,55.793034573944354,37.745098039215684,70.55954088952655,94.79166666666666,55.51561313190986,0.75,0.6029411764705882,0.3161764705882353,0.7352941176470589,B,B-,C-,B,avientcorp,0.014285714285714346,0.8,0.7375,15.0,0.0,0.0,0.014285714285714346,0.9375,A,59.99477979857652,73.75,44.25,56.84582383886122,False,False,37.745098039215684
WOR,"Worthington Enterprises, Inc",Industrials,Building Products,60.49,17.7044,2.0365,22.4982,2.8674089980422552,54.64,18.44,16.189999999999998,0.056299999999999996,12.42,0.6872364039955607,17.9011,54.64,18.44,17.9011,0.6872364039955607,16.189999999999998,0.056299999999999996,12.42,49.99071114389531,87.98001048483673,45.057508947354044,76.55638882058847,42.45283018867924,61.66933488389738,0.5180722891566265,0.9558232931726908,0.42168674698795183,0.7751004016064257,C+,A,C,B,worthingtonenterprisesinc,0.0,0.75,0.6730769230769231,8.0,0.0,0.0,0.0,0.3867924528301887,C-,60.9146179027653,67.3076923076923,40.38461538461538,56.808617399135315,False,False,42.45283018867924
CVX,Chevron Corp,Energy,Integrated Oil & Gas,206.37,19.8165,1.9551,8.5375,2.2074963096078557,34.62,11.17,10.979999999999999,0.1322,9.0,0.8399495020339459,27.2088,34.62,11.17,27.2088,0.8382860335526865,10.979999999999999,0.1322,9.0,47.76119402985074,62.53957485300769,49.25373134328358,67.96472184531886,86.39455782312925,55.354590682948896,0.417910447761194,0.7164179104477612,0.417910447761194,0.6119402985074627,C,B,C,B-,chevroncorp,0.06666666666666665,0.8333333333333334,0.7928571428571429,30.0,0.0,0.0,0.06666666666666665,0.8571428571428571,B+,58.99404646526182,79.28571428571429,47.57142857142858,56.70952288649518,False,False,47.76119402985074
SHOO,Steven Madden Ltd,Consumer Discretionary,Footwear,44.88,22.9434,1.1994,15.646,3.76459535632801,56.95,18.15,16.05,0.075,12.709999999999999,0.7376156777354382,37.7982,56.95,18.15,37.7982,0.7376156777354382,16.05,0.075,12.709999999999999,34.605758582502766,89.80654761904762,45.52599890530925,90.54761904761905,52.38095238095239,61.103772705286346,0.29714285714285715,0.9485714285714286,0.4228571428571429,0.9085714285714286,D+,A,C,A-,stevenmaddenltd,0.0,0.8125,0.75,16.0,0.0,0.0,0.0,0.5833333333333334,C+,61.34186794338159,75.0,45.0,56.53869486104521,True,False,34.605758582502766
BKH,Black Hills Corp,Utilities,Multi-Utilities,69.73,17.6063,2.2747,11.4806,1.3764555627715456,0.03,2.45,7.7299999999999995,0.2371,3.55,0.5371900826446284,17.3942,0.03,2.45,16.02893,0.5371900826446284,7.7299999999999995,0.2371,3.55,67.24137931034483,36.7513611615245,36.7816091954023,96.05778191985087,64.28571428571429,57.56757574271185,0.7241379310344828,0.22413793103448276,0.3275862068965517,0.9655172413793104,B,D+,C-,A,blackhillscorp,0.0,0.8888888888888888,0.7678571428571428,9.0,0.0,0.0,0.0,0.75,B,58.99614717128328,76.78571428571428,46.07142857142856,56.411203451312346,False,False,36.7513611615245
XPEL,Xpel Inc,Consumer Discretionary,Automotive Parts & Equipment,43.84,20.8085,2.2416,15.2346,4.317680428616451,12.87,13.19,19.15,0.13470000000000001,18.43,0.5055305202785746,35.157,12.87,13.19,35.157,0.5055305202785746,19.15,0.13470000000000001,18.43,29.098560354374303,73.48214285714286,60.61193212917351,84.21428571428572,98.10606060606061,58.966908835172674,0.21714285714285714,0.8114285714285714,0.6057142857142858,0.8285714285714286,D+,B+,B-,B+,xpelinc,0.11111111111111105,0.8888888888888888,0.7678571428571428,9.0,0.0,0.0,0.0594098883572568,1.0,A+,63.77751489577874,76.78571428571428,46.07142857142856,56.234886431141206,True,False,29.098560354374303
VCYT,Veracyte Inc,Health Care,Health Care Services,46.3,31.9013,6.4996,29.2222,2.80573752113393,323.93,17.28,8.64,0.1957,8.64,0.5355269432522651,38.4217,323.93,17.28,38.4217,0.5355269432522651,8.64,0.1957,8.64,37.7962704775183,82.55846402857621,55.48245614035088,52.862644415917835,79.42386831275721,55.4039033433661,0.3881578947368421,0.9210526315789473,0.5361842105263158,0.506578947368421,C-,A-,C+,C+,veracyteinc,0.00877192982456132,0.8421052631578947,0.78125,19.0,0.0,0.0,0.00877192982456132,0.7777777777777778,B,58.34629017464182,78.125,46.875,56.05203213971346,False,False,37.7962704775183
SHC,Sotera Health Co,Health Care,Health Care Services,18.45,32.207,4.3293,17.4642,8.657500821172164,579.33,8.15,26.75,0.32630000000000003,5.74,0.7928994082840234,18.018,358.9789999999997,8.15,18.018,0.7928994082840234,26.75,0.32630000000000003,5.74,48.59416753805042,71.1934794568606,71.05263157894736,49.15275994865212,47.94238683127572,58.98094766035199,0.506578947368421,0.8026315789473685,0.7105263157894737,0.46710526315789475,C+,B+,B,C,soterahealthco,0.0,0.8,0.7375,15.0,0.0,0.0,0.0,0.4305555555555556,C,58.77518634347956,73.75,44.25,55.870149074783654,False,False,47.94238683127572
ENSG,Ensign Group Inc,Health Care,Health Care Facilities,176.36,27.311,1.8851,17.5621,4.590114440537509,15.73,18.89,16.54,0.0852,15.58,0.45511646165925157,3.0652,15.73,18.89,3.0652,0.45511646165925157,16.54,0.0852,15.58,63.28424538166609,62.38025723980115,60.52631578947368,35.94736842105264,79.62962962962963,55.6181654249557,0.6776315789473685,0.6710526315789473,0.5855263157894737,0.3092105263157895,B-,B-,C+,C-,ensigngroupinc,0.015151515151515138,0.8333333333333334,0.75,12.0,0.0,0.0,0.015151515151515138,0.8055555555555556,B+,58.58112838791866,75.0,45.0,55.86490271033493,False,False,35.94736842105264
MOG-A,Moog Inc,Industrials,Aerospace & Defense,387.06,31.4827,2.8749,25.07,6.495875674450999,86.78,15.72,18.58,0.1056,11.77,0.7591223916740962,88.784,86.78,15.72,75.1288999999999,0.7591223916740962,18.58,0.1056,11.77,29.54074802611808,74.45799332445294,55.40365543807885,96.08057596164645,73.74897456931912,60.34381472326911,0.2248995983935743,0.8634538152610441,0.5582329317269076,0.9879518072289156,D+,B+,C+,A+,mooginc,0.012820512820512775,0.8461538461538461,0.7638888888888888,13.0,0.0,0.0,0.012820512820512775,0.6981132075471698,B-,62.718712180201024,76.38888888888889,45.83333333333333,55.62980513733898,True,False,29.54074802611808
AVGO,Broadcom Inc,Information Technology,Semiconductors,349.57,43.7929,18.8065,38.225,20.387132142815485,100.1,48.69,43.91,0.4797,25.34,0.29072376121732346,4.9717,100.1,48.69,4.9717,0.29072376121732346,43.91,0.4317149999999999,25.34,30.36895195044367,82.34044692456577,89.25925925925925,24.827079509232007,35.3448275862069,56.34055808918528,0.27624309392265195,0.9116022099447514,0.9337016574585635,0.17679558011049723,D+,A-,A,D,broadcominc,0.0,0.9122807017543859,0.8830645161290321,57.0,90.0,84.89281911636292,0.0,0.275,D+,54.87504084780597,88.30645161290322,86.9409986142871,55.391760892456446,True,True,24.827079509232007
TTMI,TTM Technologies Inc,Information Technology,Electronic Manufacturing Services,126.58,55.8358,3.851,37.5907,7.4255712316311255,145.74,28.41,13.089999999999998,0.1007,8.59,0.4370151673034618,136.9657,145.74,28.41,136.9657,0.4370151673034618,13.089999999999998,0.1007,8.59,43.26552821027959,88.20372844107857,45.833333333333336,68.23693852984881,35.869565217391305,58.56284878008871,0.40331491712707185,0.9558011049723757,0.4419889502762431,0.712707182320442,C,A,C,B,ttmtechnologiesinc,0.0,0.9090909090909091,0.796875,11.0,0.0,0.0,0.0,0.325,C-,57.14980530182784,79.6875,47.8125,55.282344241462276,False,False,35.869565217391305
COR,Cencora Inc,Health Care,Health Care Distributors,303.81,22.0875,0.1742,16.394,39.07122096761748,38.37,5.09,106.43,0.91,21.19,0.44446955997588905,2.7107,38.37,5.09,2.7107,0.44446955997588905,106.43,0.40932999999999975,21.19,79.09114674102476,49.11565598779558,93.75,28.61842105263158,25.60386473429952,63.75710209334162,0.881578947368421,0.48026315789473684,0.9802631578947368,0.2236842105263158,B+,C,A+,D+,cencorainc,-0.0357142857142857,0.7142857142857143,0.6826923076923077,21.0,0.0,0.0,-0.0357142857142857,0.25,D+,61.31748856677157,68.26923076923077,40.96153846153846,55.061900311743344,False,True,25.60386473429952
GL,Globe Life Inc,Financials,Life & Health Insurance,166.69,10.5768,2.0706,9.473,2.206686382855917,20.3,5.24,20.28,0.2644,13.87,0.6097331240188382,16.7867,20.3,5.24,16.7867,0.6097331240188382,20.28,0.2644,13.87,55.25210084033613,33.50469943146982,73.94957983193278,61.74894957983193,59.82142857142857,56.35114997032757,0.5462184873949579,0.2647058823529412,0.7394957983193278,0.6302521008403361,C+,D+,B,B-,globelifeinc,0.0,0.782608695652174,0.7410714285714286,23.0,0.0,0.0,0.0,0.59375,C+,57.33329282747043,74.10714285714286,44.464285714285715,54.75949140483349,False,False,33.50469943146982
COP,ConocoPhillips,Energy,Oil & Gas Exploration & Production,126.04,16.5705,2.4281,6.542,2.394595251846673,1.31,9.6,14.32,0.22510000000000002,10.52,0.7220338983050848,31.4947,1.31,9.6,31.4947,0.7220338983050848,14.32,0.22510000000000002,10.52,51.74129353233831,43.38798432082014,59.95024875621891,68.0464344941957,73.39901477832512,55.209769335142475,0.5074626865671642,0.3582089552238806,0.582089552238806,0.6268656716417911,C+,C-,C+,B-,conocophillips,0.032258064516129004,0.7419354838709677,0.7152777777777779,31.0,0.0,0.0,0.032258064516129004,0.7142857142857143,B,57.54967081297499,71.52777777777779,42.91666666666667,54.62306998371333,False,False,43.38798432082014
BAC,Bank of America Corp,Financials,Diversified Banks,55.47,11.6283,2.32875,,1.3193227143750759,25.82,99.36713,11.129999999999999,0.3273721,3.3000000000000003,0.4894006804501441,9.3539,25.82,83.28401599999997,9.3539,0.4894006804501441,11.129999999999999,0.3273721,3.3000000000000003,62.81512605042016,77.98175569992452,39.075630252100844,48.334889511360096,61.141304347826086,55.73601811788717,0.6386554621848739,0.9117647058823529,0.3907563025210084,0.5168067226890757,B-,A-,C-,C+,bankofamericacorp,0.0,0.7931034482758621,0.7573529411764707,29.0,0.0,0.0,0.0,0.828125,B+,56.85014855266978,75.73529411764707,45.44117647058824,54.568354136253475,False,False,39.075630252100844
SXI,Standex International Corp,Industrials,Industrial Machinery & Supplies & Components,276.69,32.8232,3.852,17.4421,4.438580308802887,86.72,12.85,14.35,0.21710000000000002,8.39,0.4685843134865013,38.8768,86.72,12.85,38.8768,0.4685843134865013,14.35,0.21710000000000002,8.39,31.934540884626944,80.75741578826793,58.98150424828566,71.52360741334145,68.83298392732354,58.185215923550025,0.24899598393574296,0.9156626506024096,0.5943775100401606,0.7349397590361446,D+,A-,C+,B,standexinternationalcorp,0.011111111111111183,0.9,0.7833333333333333,10.0,0.0,0.0,0.011111111111111183,0.6792452830188679,B-,60.06851431628238,78.33333333333333,46.99999999999999,54.55322810354076,True,False,31.934540884626944
KFY,Korn Ferry,Industrials,Human Resource & Employment Services,71.0,13.9164,1.3031,7.2278,1.8077473431206303,12.84,6.94,14.14,0.1288,11.76,0.4219187675070027,1.7014,12.84,6.94,1.7014,0.4219187675070027,14.14,0.1288,11.76,85.25257492555254,49.806474313863475,52.76179548124471,42.94430360428342,45.96912521440824,58.05374818532869,0.9236947791164659,0.4457831325301205,0.5180722891566265,0.3855421686746988,A-,C,C+,C-,kornferry,0.0,0.7777777777777778,0.6964285714285714,9.0,0.0,0.0,0.0,0.6132075471698113,B-,57.650660706769514,69.64285714285714,41.785714285714285,54.47767142255847,False,False,42.94430360428342
A,Agilent Technologies Inc,Health Care,Life Sciences Tools & Services,175.21,34.0977,6.6604,26.8543,7.357066075447613,18.74,8.6,20.47,0.2223,13.669999999999998,1.0,41.759,18.74,8.6,41.759,0.9928328932685071,20.47,0.2223,13.669999999999998,36.266991983269435,60.006587615283266,74.34210526315788,74.88038277511961,24.747474747474747,59.62966838968741,0.34868421052631576,0.6381578947368421,0.7763157894736842,0.7697368421052632,C-,B-,B,B,agilenttechnologiesinc,-0.02643678160919538,0.7666666666666667,0.7357142857142858,30.0,0.0,0.0,-0.02643678160919538,0.2222222222222222,D+,57.104415864434884,73.57142857142858,44.142857142857146,54.47624089372452,True,False,24.747474747474747
AA,Alcoa Corp,Materials,Aluminum,42.25,8.7191,0.8185,10.4594,1.8169464119071272,24.14,6.46,19.16,0.0361,14.01,0.21355236139630396,36.248,24.14,6.46,36.248,0.21355236139630396,19.16,0.0361,14.01,80.3921568627451,49.31798806479114,60.0,52.42966751918158,21.59090909090909,60.447570332480815,0.8970588235294118,0.45588235294117646,0.6176470588235294,0.5,B+,C,B-,C,alcoacorp,-0.045454545454545414,0.7272727272727273,0.6944444444444444,22.0,0.0,0.0,-0.045454545454545414,0.1875,D,57.60666124157172,69.44444444444444,41.666666666666664,54.41866232659071,False,False,21.59090909090909
PHIN,Phinia Inc,Consumer Discretionary,Automotive Retail,60.33,16.8372,0.6323,7.6493,1.4413497512937028,34.56,7.06,8.62,0.0701,5.28,0.26383508577753173,7.6149,34.56,7.06,7.6149,0.26383508577753173,8.62,0.0701,5.28,67.3156146179402,69.59033613445378,30.012041598248498,67.47899159663865,52.38095238095239,56.745779600265664,0.7257142857142858,0.7542857142857143,0.26285714285714284,0.6742857142857143,B,B,D+,B-,phiniainc,0.0,0.8181818181818182,0.734375,11.0,0.0,0.0,0.0,0.5833333333333334,C+,56.983874838360904,73.4375,44.0625,54.399599870688725,False,False,30.012041598248498
AX,Axos Financial Inc,Financials,Regional Banks,87.72,10.1919,2.35138,,1.5717162740362218,14.77,78.88815,16.41,0.496028,11.600000000000001,0.41588330632090764,1.4091,14.77,78.88815,1.4091,0.41588330632090764,16.41,0.496028,11.600000000000001,65.54621848739495,64.52505151070716,64.07563025210085,23.221550302363937,87.08333333333333,54.95478254748818,0.6764705882352942,0.7521008403361344,0.6407563025210085,0.226890756302521,B-,B,B-,D+,axosfinancialinc,0.009523809523809601,0.8666666666666667,0.7875000000000001,15.0,0.0,0.0,0.009523809523809601,0.875,B+,58.663115880821515,78.75000000000001,47.25000000000001,54.31952511419286,False,True,23.221550302363937
ESE,ESCO Technologies Inc,Industrials,Industrial Machinery & Supplies & Components,266.04,21.8939,5.3401,24.6528,4.459568190961513,173.22,16.55,19.97,0.1542,18.17,0.42951267287944456,28.1011,173.22,16.55,28.1011,0.42951267287944456,19.97,0.1542,18.17,32.22905226347567,90.90195991508185,68.3665273338251,62.086179551062116,39.308176100628934,60.74652279255399,0.25301204819277107,0.9839357429718876,0.7068273092369478,0.6224899598393574,D+,A+,B,B-,escotechnologiesinc,0.0,0.8888888888888888,0.7678571428571428,9.0,0.0,0.0,0.0,0.2169811320754717,D+,59.677340402616885,76.78571428571428,46.07142857142856,54.1941274810006,True,False,32.22905226347567
ENS,EnerSys,Industrials,Electrical Components & Equipment,177.98,18.1626,1.6877,11.3572,3.4060745937608243,6.65,3.73,18.48,0.1295,11.58,0.5127470428330027,62.8049,6.65,3.73,62.8049,0.5127470428330027,18.48,0.1295,11.58,71.372291888643,30.665725749759368,58.33784116056061,74.86707178568501,40.45283018867924,58.53409276938978,0.8152610441767069,0.18072289156626506,0.5903614457831325,0.7590361445783133,B+,D,C+,B,enersys,0.0,0.7272727272727273,0.671875,11.0,0.0,0.0,0.0,0.2830188679245283,D+,57.57937578825771,67.1875,40.3125,54.12600063060617,False,False,30.665725749759368
PLAB,Photronics Inc,Information Technology,Semiconductor Materials & Equipment,30.81,10.7427,2.0459,4.4895,1.5130309235823622,60.21,1.25,13.459999999999999,0.22460000000000002,13.44,0.2993045897079276,27.1435,60.21,1.25,27.1435,0.2993045897079276,13.459999999999999,0.22460000000000002,13.44,91.6917796752051,44.34583933629413,63.24074074074074,27.249269493539536,60.0,58.05215186995319,0.9558011049723757,0.4088397790055249,0.6740331491712708,0.20994475138121546,A,C,B-,D+,photronicsinc,0.011111111111111183,0.9,0.7833333333333333,10.0,0.0,0.0,0.011111111111111183,0.6,C+,59.05215186995319,78.33333333333333,46.99999999999999,54.091279340205126,False,True,27.249269493539536
GATX,GATX Corp,Industrials,Construction Machinery & Heavy Transportation Equipment,181.26,17.4831,3.1361,15.6507,2.3328875886931018,15.6,22.81,13.350000000000001,0.2897,2.5700000000000003,0.55930359085963,5.2954,15.6,22.81,5.2954,0.55930359085963,13.350000000000001,0.28918,2.5700000000000003,53.26776493730023,73.80898305268053,51.16957626424064,55.21808723489396,41.42367066895369,56.91474935790012,0.570281124497992,0.8554216867469879,0.4939759036144578,0.5220883534136547,C+,B+,C,C+,gatxcorp,0.0,0.8181818181818182,0.734375,11.0,0.0,0.0,0.0,0.330188679245283,C-,56.05711642479549,73.4375,44.0625,53.65819313983639,False,False,41.42367066895369
PLUS,ePlus inc,Information Technology,Technology Distributors,89.08,18.6107,0.9495,9.6923,2.19156243541927,6.85,13.54,11.78,0.0688,11.78,0.6863966770508826,27.7848,6.85,13.54,27.7848,0.6863966770508826,11.78,0.0688,11.78,88.69809978235394,42.943728656533125,45.555555555555564,48.504363009440326,39.77272727272727,56.85303216767207,0.9281767955801105,0.39779005524861877,0.43646408839779005,0.4143646408839779,A-,C-,C,C,eplusinc,0.0,0.8571428571428571,0.7291666666666667,7.0,0.0,0.0,0.0,0.4375,C,55.830304894944796,72.91666666666667,43.75,53.414243915955836,False,False,39.77272727272727
USFD,US Foods Holding Corp,Consumer Staples,Food Distributors,94.63,27.5569,0.4999,14.6542,4.844646724244735,39.02,3.83,16.75,0.031400000000000004,7.539999999999999,0.5958599109399445,21.9841,39.02,3.83,21.9841,0.5958599109399445,16.75,0.031400000000000004,7.539999999999999,57.61904761904762,67.6043956043956,39.52380952380952,74.17142857142858,28.76254180602007,57.64087912087912,0.6571428571428571,0.7428571428571429,0.34285714285714286,0.7285714285714285,B-,B,C-,B,usfoodsholdingcorp,-0.05335968379446643,0.7727272727272727,0.7314814814814814,22.0,0.0,0.0,-0.05335968379446643,0.23076923076923078,D+,55.517133301481124,73.14814814814814,43.88888888888888,53.19148441896268,False,False,28.76254180602007
AR,Antero Resources Corp,Energy,Oil & Gas Exploration & Production,34.34,9.929,1.7552,5.8512,1.403058618759474,153.24,25.76,13.86,0.2409,11.04,0.31471471471471485,2.79,153.24,25.76,2.79,0.31471471471471485,13.86,0.2409,11.04,67.16417910447761,84.23714759535655,62.6865671641791,26.898839137645105,40.88669950738916,59.68988391376451,0.7910447761194029,0.9402985074626866,0.6119402985074627,0.19402985074626866,B,A,B-,D,anteroresourcescorp,0.0,0.7857142857142857,0.75,28.0,0.0,0.0,0.0,0.42857142857142855,C,58.77855386450343,75.0,45.0,53.05446856958499,False,True,26.898839137645105
URI,United Rentals Inc,Industrials,Trading Companies & Distributors,1031.63,24.7901,3.8852,17.0339,7.258217144963827,7.67,6.88,29.18,0.25079999999999997,11.39,0.6910529952469693,12.436,7.67,6.88,12.436,0.6910529952469693,29.18,0.25079999999999997,11.39,39.97322623828648,43.21789383763005,76.6467229462066,62.25502404615168,44.221698113207545,55.249570872879616,0.36947791164658633,0.3373493975903614,0.8232931726907631,0.6305220883534136,C-,C-,B+,B-,unitedrentalsinc,0.0,0.7777777777777778,0.7421875,27.0,0.0,0.0,0.0,0.5754716981132075,C+,54.67174068420037,74.21875,44.53125,52.6436425473603,False,False,39.97322623828648
NTCT,Netscout Systems Inc,Information Technology,Communications Equipment,39.31,23.546,3.2272,13.1305,1.7033538434873041,63.1,5.79,7.42,0.1482,7.42,0.7026892430278885,52.9868,63.1,5.79,52.9868,0.7026892430278885,7.42,0.1482,7.42,72.75552486187844,50.022875111679646,41.48148148148149,64.47541046110719,38.541666666666664,56.45890870039735,0.7900552486187845,0.5027624309392266,0.3756906077348066,0.6132596685082873,B,C+,C-,B-,netscoutsystemsinc,0.0,0.7777777777777778,0.6964285714285714,9.0,0.0,0.0,0.0,0.375,C-,55.313075367064016,69.64285714285714,41.785714285714285,52.60760315079408,False,False,38.541666666666664
CSCO,Cisco Systems Inc,Information Technology,Communications Equipment,106.74,31.7202,6.6456,27.2136,8.376166299153281,30.78,11.77,27.389999999999997,0.2427,16.97,0.6282687914204255,57.2587,30.78,11.77,57.2587,0.6282687914204255,27.389999999999997,0.2427,16.97,49.28427925665495,53.3689548253637,73.98148148148148,60.70229110194034,20.833333333333336,58.63068936999491,0.5193370165745856,0.5469613259668509,0.7513812154696132,0.585635359116022,C+,C+,B,C+,ciscosystemsinc,-0.011255411255411296,0.6857142857142857,0.66875,35.0,0.0,0.0,-0.011255411255411296,0.15,D,55.71402270332825,66.875,40.125,52.5962181626626,False,False,20.833333333333336
VRTX,Vertex Pharmaceuticals Inc,Health Care,Biotechnology,525.68,30.4146,10.6443,25.23,7.153082051979861,22.46,10.23,23.31,0.3795,23.28,0.8113300223762482,37.793,22.46,10.23,37.793,0.8113300223762482,23.31,0.3795,23.28,36.93069594516091,52.50414393005926,87.06140350877193,52.203947368421055,21.42857142857143,56.93964312317927,0.375,0.5197368421052632,0.9210526315789473,0.5,C-,C+,A-,C,vertexpharmaceuticalsinc,-0.019444444444444375,0.8055555555555556,0.774390243902439,36.0,0.0,0.0,-0.019444444444444375,0.19444444444444445,D,54.08250026603642,77.4390243902439,46.46341463414634,52.55868313965841,False,False,21.42857142857143
AVY,Avery Dennison Corp,Materials,Paper & Plastic Packaging Products & Materials,171.89,18.1702,1.385,13.9996,5.893789045623803,2.32,5.84,31.069999999999997,0.1026,11.72,0.41320033955857377,7.3278,2.32,5.84,7.3278,0.41320033955857377,31.069999999999997,0.1026,11.72,55.88235294117647,44.147058823529406,75.49019607843138,43.529411764705884,52.38095238095239,55.37843137254902,0.6470588235294118,0.36764705882352944,0.8382352941176471,0.39705882352941174,B-,C-,B+,C-,averydennisoncorp,0.0,0.7058823529411765,0.6704545454545455,17.0,0.0,0.0,0.0,0.6875,B-,55.61652661064426,67.04545454545455,40.22727272727273,52.538675833969954,False,False,43.529411764705884
CSX,CSX Corp,Industrials,Rail Transportation,46.76,26.948,5.9849,15.8412,6.61143002573311,6.36,2.52,24.07,0.34149999999999997,9.969999999999999,0.6583416583416583,38.4843,6.36,2.52,38.4843,0.6583416583416583,24.07,0.28918,9.969999999999999,34.519574898232385,32.3233171059258,73.75461027784608,81.52282599786902,78.30188679245282,54.83777491477858,0.285140562248996,0.20481927710843373,0.7791164658634538,0.8393574297188755,D+,D+,B,B+,csxcorp,0.021428571428571352,0.7,0.6785714285714286,30.0,0.0,0.0,0.021428571428571352,0.7547169811320755,B,57.66796359402386,67.85714285714286,40.714285714285715,52.5170327721085,True,False,32.3233171059258
CIEN,Ciena Corp,Information Technology,Communications Equipment,344.19,75.0963,8.1622,66.5631,17.7832774468217,362.8,32.57,22.82,0.1215,13.55,0.41783105747856464,160.1954,362.8,32.57,160.1954,0.41783105747856464,22.82,0.1215,13.55,23.734932194876944,89.76242196573614,62.31481481481482,66.13994985320898,81.25,57.69291111621196,0.1878453038674033,0.9723756906077348,0.6574585635359116,0.6740331491712708,D,A+,B-,B-,cienacorp,0.038461538461538436,0.7307692307692307,0.7016129032258065,26.0,0.0,0.0,0.038461538461538436,0.8,B,60.81791111621196,70.16129032258065,42.09677419354839,52.44630081034007,True,False,23.734932194876944
PLMR,Palomar Holdings Inc,Financials,Property & Casualty Insurance,122.0,15.8767,2.9784,14.1397,3.432278610996233,30.94,60.67,21.61,0.2408,18.66,0.45267988181987134,8.3829,30.94,60.67,8.3829,0.45267988181987134,21.61,0.2408,18.66,28.991596638655466,72.62082625842702,77.31092436974791,54.86780077884812,56.793478260869556,57.07335565955587,0.24789915966386555,0.8739495798319328,0.773109243697479,0.5798319327731093,D+,B+,B,C+,palomarholdingsinc,0.0,0.8,0.7375,15.0,0.0,0.0,0.0,0.328125,C-,57.752703485642826,73.75,44.25,52.241726746999774,True,False,28.991596638655466
ABBV,AbbVie Inc,Health Care,Biotechnology,266.28,74.0285,7.255,30.1112,141.36759396899552,67.6,10.39,95.59,0.262,5.66,0.9604526958290944,20.9573,67.6,10.39,20.9573,0.9604526958290944,95.59,0.262,5.66,27.267050075519922,68.06414290324473,73.1359649122807,55.032894736842096,77.38095238095238,54.720161274967516,0.21052631578947367,0.7697368421052632,0.7598684210526315,0.5394736842105263,D+,B,B,C+,abbvieinc,0.02564102564102566,0.8205128205128205,0.7897727272727273,39.0,0.0,0.0,0.02564102564102566,0.75,B,57.45825651306276,78.97727272727273,47.38636363636364,51.577396976276475,True,False,27.267050075519922
MKSI,MKS Incorporated,Information Technology,Semiconductor Materials & Equipment,263.57,38.9039,3.9378,22.2521,6.514125843707443,58.58,16.23,15.83,0.1537,6.370000000000001,0.43887195121951217,113.3497,58.58,16.23,113.3497,0.43887195121951217,15.83,0.1537,6.370000000000001,56.555541603884144,63.35834070887195,50.0,55.124354273775715,22.000000000000004,55.33542439750057,0.6077348066298343,0.6685082872928176,0.5,0.5082872928176796,B-,B-,C,C+,mksincorporated,-0.0071428571428571175,0.85,0.79,20.0,0.0,0.0,-0.0071428571428571175,0.175,D,52.53542439750057,79.0,47.4,51.508339518000454,False,False,22.000000000000004
TTEK,Tetra Tech Inc,Industrials,Construction & Engineering,34.02,19.6623,1.9667,13.5618,4.99691548426897,106.14,-5.22,23.75,0.1414,16.42,0.4737449509521064,2.4471,106.14,-5.22,2.4471,0.4737449509521064,23.75,0.1414,16.42,61.7845531787012,44.63594481451624,67.98240581373112,44.40562248995984,37.97169811320755,55.250053209003305,0.678714859437751,0.37349397590361444,0.6987951807228916,0.40963855421686746,B-,C-,B-,C,tetratechinc,0.0,0.7333333333333333,0.6875,15.0,0.0,0.0,0.0,0.16981132075471697,D,54.04722302032406,68.75,41.25,51.48777841625925,False,False,37.97169811320755
PNC,PNC Financial Services Group Inc,Financials,Diversified Banks,223.07,11.7675,2.34179,,1.4374789762175106,22.76,72.26733,12.34,0.345423,7.13,0.562743664717349,11.2953,22.76,72.26733,11.2953,0.562743664717349,12.34,0.345423,7.13,58.403361344537814,65.74295994896853,47.89915966386555,60.04979769685652,23.3695652173913,56.73418178126586,0.5966386554621849,0.7647058823529411,0.4789915966386555,0.6134453781512605,C+,B,C,B-,pncfinancialservicesgroupinc,-0.03703703703703698,0.7037037037037037,0.6796875,27.0,0.0,0.0,-0.03703703703703698,0.21875,D+,54.07113830300499,67.96875,40.78125,51.413160642403994,False,False,23.3695652173913
RGLD,Royal Gold Inc,Materials,Gold,240.7,27.9296,13.3227,16.6561,2.841791213941896,34.26,93.51,11.55,0.6142,10.459999999999999,0.5228215767634854,30.7493,34.26,46.40449999999998,30.7493,0.5228215767634854,11.55,0.44605999999999996,10.459999999999999,27.941176470588232,75.70332480818414,74.26470588235294,66.24040920716112,52.17391304347826,58.940217391304344,0.16911764705882354,0.8529411764705882,0.7941176470588235,0.6911764705882353,D,B+,B,B-,royalgoldinc,0.0,0.8095238095238095,0.7596153846153846,21.0,0.0,0.0,0.0,0.5625,C+,59.15760869565217,75.96153846153845,45.57692307692307,51.336838481211885,True,False,27.941176470588232
AIT,Applied Industrial Technologies Inc,Industrials,Trading Companies & Distributors,337.42,29.6175,2.4719,21.5738,6.669921701262941,8.18,8.84,22.17,0.1106,17.919999999999998,0.7260735746738972,28.6723,8.18,8.84,28.6723,0.7260735746738972,22.17,0.1106,17.919999999999998,36.275715105319236,50.839219733228944,64.77174002130972,72.47190209157895,44.221698113207545,54.92408814661882,0.3172690763052209,0.4819277108433735,0.6706827309236948,0.7469879518072289,C-,C,B-,B,appliedindustrialtechnologiesinc,0.0,0.7692307692307693,0.7083333333333334,13.0,0.0,0.0,0.0,0.5754716981132075,C+,54.34625795793958,70.83333333333334,42.50000000000001,51.126378651721616,True,False,36.275715105319236
COHR,Coherent Corp,Information Technology,Electronic Components,282.45,69.9597,7.9118,45.6232,5.07088830760337,1617.2,22.51,8.37,0.1458,6.25,0.5336825904220683,177.5922,703.5419999999999,22.51,177.5922,0.5336825904220683,8.37,0.1458,6.25,28.238531726100792,88.0451538884161,40.92592592592593,75.85084195720327,56.81818181818181,55.07031358213055,0.2430939226519337,0.9502762430939227,0.36464088397790057,0.8121546961325967,D+,A,C-,B+,coherentcorp,0.007526881720430034,0.7741935483870968,0.7430555555555556,31.0,0.0,0.0,0.007526881720430034,0.575,C+,55.75213176394873,74.30555555555556,44.583333333333336,50.65765246537835,True,False,28.238531726100792
WTFC,Wintrust Financial Corp,Financials,Regional Banks,143.79,11.0439,2.29791,,1.3267256937652474,20.25,79.30369,12.33,0.38857909999999996,10.85,0.507929839302594,9.3638,20.25,79.30369,9.3638,0.507929839302594,12.33,0.38857909999999996,10.85,65.7563025210084,69.77243652704088,47.47899159663865,39.6607241027252,22.5,55.19545565536498,0.6932773109243697,0.8277310924369747,0.47478991596638653,0.40336134453781514,B-,B+,C,C,wintrustfinancialcorp,-0.03947368421052633,0.75,0.7100000000000001,20.0,0.0,0.0,-0.03947368421052633,0.1875,D,52.44545565536498,71.00000000000001,42.60000000000001,50.47636452429199,False,False,22.5
SNDK,Sandisk Corp,Information Technology,"Technology Hardware, Storage & Peripherals",1715.71,22.7678,12.8558,20.3814,15.918512388106231,,175.3,93.13,0.6119,89.56,0.7175051031578761,1785.4598,,54.72500000000002,262.11377,0.7175051031578761,93.13,0.4317149999999999,61.4965,52.17227523857358,73.41760299625469,96.1111111111111,79.96434046318302,22.916666666666664,72.74723527930871,0.569060773480663,0.8011049723756906,0.988950276243094,0.8453038674033149,C+,B+,A+,B+,sandiskcorp,-0.018181818181818188,0.8484848484848485,0.8092105263157896,33.0,7.0,13.670602258368058,-0.018181818181818188,0.2,D,70.03890194597538,80.92105263157896,54.0208724822946,50.126472039929425,False,False,22.916666666666664
CBRE,CBRE Group Inc,Real Estate,Real Estate Services,130.35,29.0132,0.8649,16.3834,4.342032944154828,22.19,14.53,15.160000000000002,0.0453,7.89,0.16470140737923153,-13.9155,22.19,14.53,-13.9155,0.16470140737923153,15.160000000000002,0.0453,7.89,60.0,57.336956521739125,60.0,41.66666666666667,75.0,54.800724637681164,0.8,0.6,0.7,0.4,B,C+,B-,C-,cbregroupinc,0.0,0.9,0.8300000000000001,20.0,90.0,84.89281911636292,0.0,0.75,B,57.300724637681164,83.0,83.75712764654517,50.0,False,False,41.66666666666667
CVSA,Covista Inc,Consumer Discretionary,Education Services,117.51,16.0434,2.0654,,2.7653576067925525,13.69,9.27,17.82,0.1962,12.790000000000001,0.44075624188194557,-18.346,13.69,9.27,-18.346,0.44075624188194557,17.82,0.1962,12.790000000000001,45.047619047619044,63.76231527093596,63.05856595511768,53.8128078817734,52.083333333333336,55.54157088122605,0.44571428571428573,0.7028571428571428,0.64,0.5371428571428571,C,B,B-,C+,covistainc,0.0,0.9,0.7833333333333333,10.0,0.0,0.0,0.0,0.4375,C,55.749904214559386,78.33333333333333,46.99999999999999,50.0,False,False,45.047619047619044
PRGS,Progress Software Corp,Information Technology,Systems Software,39.08,17.415,1.5449,9.8523,3.4587131604566776,60.3,15.5,18.16,0.17329999999999998,4.8,0.6479830148619957,-4.5146,60.3,15.5,-4.5146,0.6479830148619957,18.16,0.17329999999999998,4.8,86.66185334003013,60.55791589829369,52.40740740740741,42.671593867001135,91.30434782608697,60.41321713991836,0.9116022099447514,0.6243093922651933,0.5359116022099447,0.36464088397790057,A-,B-,C+,C-,progresssoftwarecorp,0.07051282051282048,0.9166666666666666,0.8088235294117647,12.0,7.0,13.670602258368058,0.07051282051282048,0.9,B+,64.54365192252706,80.88235294117648,53.99765266805311,50.0,False,False,42.671593867001135
EXLS,Exlservice Holdings Inc,Industrials,Data Processing & Outsourced Services,34.6,20.8195,2.3264,13.8773,5.930140883693826,10.07,13.63,28.49,0.149,20.14,0.5007704160246533,-19.5974,10.07,13.63,-19.5974,0.5007704160246533,28.49,0.149,20.14,58.02311285960167,61.528853609598954,74.36384995765376,44.03442340791739,94.8542024013722,59.20939610781712,0.6265060240963856,0.7068273092369478,0.7951807228915663,0.39759036144578314,B-,B,B,C-,exlserviceholdingsinc,0.0625,0.9375,0.8452380952380951,16.0,7.0,13.670602258368058,0.0625,0.9433962264150944,A,63.694816347954344,84.52380952380952,56.18252661763293,50.0,False,False,44.03442340791739
RCL,Royal Caribbean Cruises Ltd,Consumer Discretionary,"Hotels, Resorts & Cruise Lines",257.45,14.7524,3.4729,12.6187,6.936380365288191,22.36,8.72,43.79,0.2713,13.99,0.26257732727137206,-25.2149,22.36,8.72,-25.2149,0.26257732727137206,43.79,0.2713,13.99,37.55924695459579,72.57936507936509,76.83196496989602,33.2063492063492,27.27272727272727,54.75494583826581,0.3657142857142857,0.7942857142857143,0.8285714285714286,0.32571428571428573,C-,B,B+,C-,royalcaribbeancruisesltd,-0.019841269841269882,0.6944444444444444,0.6768292682926829,36.0,0.0,0.0,-0.019841269841269882,0.20833333333333334,D+,52.48221856553854,67.68292682926828,40.60975609756097,50.0,False,False,27.27272727272727
STRA,Strategic Education Inc,Consumer Discretionary,Education Services,76.01,12.5578,1.3131,6.8784,1.0604088454364473,24.75,3.53,8.19,0.1401,8.19,0.3150274588117824,-8.4594,24.75,3.53,-8.4594,0.3150274588117824,8.19,0.1401,8.19,68.87596899224805,51.47167487684729,44.700602079912414,58.14778325123153,52.083333333333336,55.318034393655886,0.7428571428571429,0.5028571428571429,0.4114285714285714,0.5657142857142857,B,C+,C,C+,strategiceducationinc,0.0,0.7777777777777778,0.6964285714285714,9.0,0.0,0.0,0.0,0.4375,C,55.52636772698922,69.64285714285714,41.785714285714285,50.0,False,False,44.700602079912414
ADUS,Addus Homecare Corp,Health Care,Health Care Services,111.91,20.0582,1.4307,12.5761,1.9094662844662844,25.89,15.88,9.569999999999999,0.10039999999999999,8.73,0.6566182515757741,-2.0763,25.89,15.88,-2.0763,0.6566182515757741,9.569999999999999,0.10039999999999999,8.73,76.26931567328919,61.297490810802195,49.12280701754386,35.30166880616174,47.94238683127572,55.66786259610105,0.8355263157894737,0.6513157894736842,0.46381578947368424,0.29605263157894735,B+,B-,C,D+,addushomecarecorp,0.0,0.85,0.79,20.0,0.0,0.0,0.0,0.4305555555555556,C,55.46210127922863,79.0,47.4,50.0,False,True,35.30166880616174
APOG,Apogee Enterprises Inc,Industrials,Building Products,36.41,11.2473,0.5488,6.6868,1.509654574779937,35.74,1.79,13.43,0.0688,9.02,0.2811500327842793,-15.1439,35.74,1.79,-15.1439,0.2811500327842793,13.43,0.0688,9.02,94.09447313061771,61.02927803700004,39.315903068054524,34.07847717400213,42.45283018867924,57.37414509186849,0.9879518072289156,0.7028112449799196,0.3534136546184739,0.30522088353413657,A+,B,C-,C-,apogeeenterprisesinc,0.0,0.75,0.6730769230769231,8.0,0.0,0.0,0.0,0.3867924528301887,C-,56.619428110736415,67.3076923076923,40.38461538461538,50.0,False,False,34.07847717400213
BR,Broadridge Financial Solutions Inc,Industrials,Data Processing & Outsourced Services,162.92,16.3649,2.4606,14.7738,6.544338576730883,35.62,8.53,40.239999999999995,0.174,18.65,0.2773048360804202,-30.275,35.62,8.53,-30.275,0.2773048360804202,40.239999999999995,0.174,18.65,60.81031609430921,69.1178145758891,80.02568095511297,29.23792312105565,41.42367066895369,59.880146801744495,0.6586345381526104,0.8072289156626506,0.8473895582329317,0.25301204819277107,B-,B+,B+,D+,broadridgefinancialsolutionsinc,0.0,0.7222222222222222,0.6847826086956522,18.0,0.0,0.0,0.0,0.330188679245283,C-,59.02251386863986,68.47826086956522,41.08695652173913,50.0,False,True,29.23792312105565
SMP,Standard Motor Products Inc,Consumer Discretionary,Automotive Parts & Equipment,37.76,16.408,0.4559,6.7471,1.2230989492232545,26.88,11.32,7.359999999999999,0.0839,3.9,0.2975277067348675,-5.1108,26.88,11.32,-5.1108,0.2975277067348675,7.359999999999999,0.0839,3.9,74.60354374307862,79.83630952380952,27.507389162561577,53.51785714285714,50.0,57.198566559743384,0.84,0.88,0.22285714285714286,0.5257142857142857,B+,B+,D+,C+,standardmotorproductsinc,0.0,0.8571428571428571,0.7291666666666667,7.0,0.0,0.0,0.0,0.375,C-,57.198566559743384,72.91666666666667,43.75,50.0,False,False,27.507389162561577
TRU,TransUnion,Industrials,Research & Consulting Services,63.75,17.1768,2.5894,10.0591,2.762993654866336,90.89,12.37,15.950000000000001,0.23,7.39,0.014757281553398154,-17.9575,90.89,12.37,-17.9575,0.014757281553398154,15.950000000000001,0.23,7.39,68.72332868890528,84.26181283324141,59.65084829112368,20.768182328710154,43.39622641509435,58.09954327739755,0.7871485943775101,0.927710843373494,0.606425702811245,0.17269076305220885,B,A-,B-,D,transunion,0.0,0.7692307692307693,0.7338709677419356,26.0,0.0,0.0,0.0,0.44339622641509435,C,57.43916591890699,73.38709677419357,44.032258064516135,50.0,False,True,20.768182328710154
WMG,Warner Music Group Corp,Communication Services,Movies & Entertainment,27.88,21.1218,1.9433,12.9687,22.511102139685104,123.91,12.91,90.84,0.136,12.72,0.3758278145695363,-18.474,123.91,12.91,-18.474,0.3758278145695363,85.65150000000006,0.136,12.72,45.7892882311487,82.80192152285176,72.72727272727273,35.028824833702885,59.183673469387756,58.19528951091629,0.4318181818181818,0.9318181818181818,0.8409090909090909,0.29545454545454547,C,A,B+,D+,warnermusicgroupcorp,0.0,0.782608695652174,0.7410714285714286,23.0,0.0,0.0,0.0,0.5,C,59.11365685785506,74.10714285714286,44.464285714285715,50.0,False,True,35.028824833702885
AWI,Armstrong World Industries Inc,Industrials,Building Products,164.75,21.7145,4.0383,13.0826,7.850022871083326,8.16,8.57,35.36,0.2579,22.919999999999998,0.25931899641577055,-15.2781,8.16,8.57,-15.2781,0.25931899641577055,35.36,0.2579,22.919999999999998,51.35589978963473,57.26264391804932,87.66275988306968,31.054421768707485,83.39622641509435,57.41807805552747,0.5461847389558233,0.6265060240963856,0.9598393574297188,0.27309236947791166,C+,B-,A,D+,armstrongworldindustriesinc,0.02083333333333337,0.6875,0.6547619047619047,16.0,0.0,0.0,0.02083333333333337,0.8113207547169812,B+,60.7577006970369,65.47619047619047,39.28571428571428,50.0,False,True,31.054421768707485
KTB,Kontoor Brands Inc,Consumer Discretionary,"Apparel, Accessories & Luxury Goods",64.62,13.2176,1.154,11.0698,6.319309980637213,7.16,15.78,45.96,0.1191,15.079999999999998,0.2572474824534638,-17.7218,7.16,15.78,-17.7218,0.2572474824534638,45.96,0.1191,15.079999999999998,58.20708748615726,72.86453201970443,65.03010399562123,38.400000000000006,47.82608695652174,58.06220427438551,0.6285714285714286,0.8057142857142857,0.6742857142857143,0.37714285714285717,B-,B+,B-,C-,kontoorbrandsinc,0.0,0.7142857142857143,0.6710526315789473,14.0,0.0,0.0,0.0,0.3333333333333333,C-,57.84481297003768,67.10526315789474,40.26315789473684,50.0,False,False,38.400000000000006
SR,Spire Inc,Utilities,Gas Utilities,77.14,8.3104,1.7974,13.7027,1.3427912441794683,89.9,4.12,15.879999999999999,0.20629999999999998,5.55,0.06628982528263133,-2.0053,89.9,4.12,-2.0053,0.06628982528263133,15.879999999999999,0.20629999999999998,5.55,68.39080459770115,61.14587896614306,69.54022988505747,46.82520808561237,100.0,61.07697603104074,0.7672413793103449,0.6724137931034483,0.7327586206896551,0.5172413793103449,B,B-,B,C+,spireinc,0.03801169590643272,0.7222222222222222,0.6847826086956522,18.0,0.0,0.0,0.03801169590643272,1.0,A+,66.07697603104074,68.47826086956522,41.08695652173913,50.0,False,False,46.82520808561237
CRM,Salesforce Inc,Information Technology,Application Software,227.27,18.9724,4.172,22.821,3.569947535421445,59.27,11.23,20.150000000000002,0.18780000000000002,13.18,0.6592556397100742,-2.8761,59.27,11.23,-2.8761,0.6592556397100742,20.150000000000002,0.18780000000000002,13.18,64.64297672861208,54.52038493035243,66.85185185185185,62.95190180766896,23.999999999999996,61.368164492720254,0.7071823204419889,0.574585635359116,0.7016574585635359,0.6077348066298343,B,C+,B,B-,salesforceinc,-0.012857977790765585,0.7457627118644068,0.73046875,59.0,0.0,0.0,-0.012857977790765585,0.225,D+,58.76816449272025,73.046875,43.828125,50.0,False,False,23.999999999999996
QNST,QuinStreet Inc,Communication Services,Interactive Media & Services,14.22,10.0772,0.6328,12.9849,2.5283146347100973,1687.12,18.29,27.66,0.0274,24.72,0.3275000000000001,-11.2138,431.6479999999967,18.29,-11.2138,0.3275000000000001,27.66,0.0274,24.72,70.01409443269908,86.20542584055013,59.84848484848485,41.26200124518039,100.0,62.95913023744209,0.8181818181818182,0.9545454545454546,0.5795454545454546,0.36363636363636365,B+,A,C+,C-,quinstreetinc,0.08333333333333326,0.9166666666666666,0.8088235294117647,12.0,7.0,13.670602258368058,0.06746376811594196,1.0,A+,67.95913023744208,80.88235294117648,53.99765266805311,50.0,False,False,41.26200124518039
NLY,Annaly Capital Management Inc,Financials,Mortgage REITs,20.33,5.2265,1.8309,45.7469,0.8932298188496535,231.09,50.87,18.39,0.35240000000000005,2.22,0.07300884955752175,-1.0086,185.31,50.87,-1.0086,0.07300884955752175,18.39,0.35240000000000005,2.22,94.9579831932773,88.51509254569527,69.74789915966386,32.773109243697476,59.82142857142857,70.43411094611385,0.9831932773109243,0.9873949579831933,0.6974789915966386,0.33613445378151263,A+,A+,B-,C-,annalycapitalmanagementinc,0.0,0.7058823529411765,0.6704545454545455,17.0,0.0,0.0,0.0,0.59375,C+,71.41625380325671,67.04545454545455,40.22727272727273,50.0,False,False,32.773109243697476
EHC,Encompass Health Corp,Health Care,Health Care Facilities,124.02,19.7402,1.9753,10.126,5.086372360844529,20.08,9.47,25.009999999999998,0.1794,12.379999999999999,0.8872799545712664,-1.688,20.08,9.47,-1.688,0.8872799545712664,25.009999999999998,0.1794,12.379999999999999,78.04693853839899,53.52790709908204,71.49122807017544,48.78947368421053,54.629629629629626,62.848017808802126,0.868421052631579,0.5328947368421053,0.7236842105263158,0.4605263157894737,B+,C+,B,C,encompasshealthcorp,0.0032679738562091387,0.9444444444444444,0.8586956521739131,18.0,90.0,84.89281911636292,0.0032679738562091387,0.5555555555555556,C+,63.31098077176509,85.86956521739131,85.47886677697996,50.0,False,False,48.78947368421053
PRDO,Perdoceo Education Corp,Consumer Discretionary,Education Services,29.83,10.6274,2.1923,6.9344,1.9166024158314057,20.02,11.68,17.7,0.24559999999999998,17.51,0.26773648648648635,-16.6484,20.02,11.68,-16.6484,0.26773648648648635,17.7,0.24559999999999998,17.51,64.30121816168328,72.78940886699507,69.55555555555556,49.73399014778325,79.16666666666666,62.96887323226537,0.68,0.8,0.7485714285714286,0.49142857142857144,B-,B,B,C,perdoceoeducationcorp,0.017857142857142905,0.875,0.7500000000000001,8.0,0.0,0.0,0.017857142857142905,0.7916666666666666,B,65.88553989893204,75.00000000000001,45.00000000000001,50.0,False,False,49.73399014778325
BKNG,Booking Holdings Inc,Consumer Discretionary,"Hotels, Resorts & Cruise Lines",163.87,17.107,4.3668,12.8148,55.75706022456618,57.21,12.85,139.63,0.3287,29.37,0.18340903018968763,-26.4897,57.21,12.85,-26.4897,0.18340903018968763,139.63,0.2860499999999996,29.37,31.450719822812847,87.71825396825398,92.91625615763547,26.20634920634921,73.48484848484848,58.876664630032714,0.26285714285714284,0.9314285714285714,0.9942857142857143,0.2571428571428571,D+,A,A+,D+,bookingholdingsinc,0.0037002775208140326,0.8297872340425532,0.8028846153846154,47.0,7.0,13.670602258368058,0.0037002775208140326,0.7083333333333334,B,61.225149478517565,80.28846153846155,53.64131782642415,50.0,True,True,26.20634920634921
FSS,Federal Signal Corp,Industrials,Construction Machinery & Heavy Transportation Equipment,115.01,24.252,2.8275,17.4894,5.068105002005033,29.03,23.97,20.22,0.16149999999999998,15.370000000000001,0.4148537134283573,-6.563,29.03,23.97,-6.563,0.4148537134283573,20.22,0.16149999999999998,15.370000000000001,44.24610004644429,83.35036717389659,67.126738245499,36.178953509114486,86.27787307032591,56.74907370958804,0.41365461847389556,0.9236947791164659,0.6907630522088354,0.3333333333333333,C,A-,B-,C-,federalsignalcorp,0.022727272727272707,0.75,0.6911764705882353,12.0,0.0,0.0,0.022727272727272707,0.8490566037735849,B+,60.37686101662063,69.11764705882352,41.47058823529411,50.0,False,False,36.178953509114486
BCO,Brinks Co,Industrials,Security & Alarm Services,104.75,23.3203,0.7696,7.7033,15.5031302262939,16.02,8.12,64.68,0.10289999999999999,4.08,0.30229479258605474,-7.699,16.02,8.12,-7.699,0.30229479258605474,64.68,0.10289999999999999,4.08,79.88689451684289,57.57886166049432,52.55744064694151,34.37633917594577,43.39622641509435,56.502123958234115,0.8714859437751004,0.6385542168674698,0.5140562248995983,0.3092369477911647,B+,B-,C+,C-,brinksco,0.0,0.8571428571428571,0.7291666666666667,7.0,0.0,0.0,0.0,0.44339622641509435,C,55.84174659974355,72.91666666666667,43.75,50.0,False,False,34.37633917594577
ALLY,Ally Financial Inc,Financials,Consumer Finance,38.19,8.1155,0.88959,,0.7601845622220718,325.79,37.40411,9.42,0.158682,4.3999999999999995,0.1996481970096743,-4.9963,185.31,37.40411,-4.9963,0.1996481970096743,9.42,0.158682,4.3999999999999995,93.27731092436974,83.80834711306815,27.73109243697479,23.396995161701042,60.25,56.69316929528997,0.976890756302521,0.9621848739495799,0.2773109243697479,0.23109243697478993,A+,A,D+,D+,allyfinancialinc,0.0,0.7916666666666666,0.75,24.0,0.0,0.0,0.0,0.734375,B,57.71816929528997,75.0,45.0,50.0,False,True,23.396995161701042
LQDT,Liquidity Services Inc,Industrials,Diversified Support Services,43.19,40.8143,2.7725,20.8136,6.518950085279156,23.68,5.18,15.18,0.09,15.18,0.9598572702943797,59.2768,23.68,5.18,59.2768,0.8559255587332271,15.18,0.09,15.18,28.252329044067423,54.614662203947915,52.315930388219535,94.4807802639128,45.96912521440824,54.96115335164389,0.20883534136546184,0.5582329317269076,0.5100401606425703,0.9759036144578314,D+,C+,C+,A+,liquidityservicesinc,0.0,0.875,0.7500000000000001,8.0,0.0,0.0,0.0,0.6132075471698113,B-,54.55806587308471,75.00000000000001,45.00000000000001,48.93054343671849,True,False,28.252329044067423
TRGP,Targa Resources Corp,Energy,Oil & Gas Storage & Transportation,276.24,26.2734,3.5587,14.3972,19.32856603087085,40.38,-1.97,72.17,0.2291,10.530000000000001,0.8064713064713066,61.7794,40.38,-1.97,61.7794,0.8064713064713066,36.65899999999999,0.2291,10.530000000000001,26.86567164179105,43.80597014925373,76.36815920398011,80.9950248756219,40.683229813664596,55.76865671641792,0.1791044776119403,0.373134328358209,0.8656716417910447,0.8059701492537313,D,C-,B+,B+,targaresourcescorp,0.0,0.8387096774193549,0.7986111111111112,31.0,0.0,0.0,0.0,0.17857142857142858,D,54.83697969778438,79.86111111111111,47.916666666666664,48.885484996796876,True,False,26.86567164179105
WDFC,WD-40 Co,Consumer Staples,Household Products,202.08,28.94,3.8273,21.9535,10.19442454572054,3.51,10.15,33.050000000000004,0.1748,24.45,0.21616107643358526,-0.1103,3.51,10.15,-0.1103,0.21616107643358526,33.050000000000004,0.1748,24.45,22.857142857142858,70.09925558312655,86.1904761904762,42.85714285714286,59.26573426573426,54.85318444995865,0.16428571428571428,0.8142857142857143,0.9142857142857143,0.39285714285714285,D,B+,A-,C-,wd40co,0.0,0.8181818181818182,0.734375,11.0,0.0,0.0,0.0,0.5,C,55.779757876532074,73.4375,44.0625,48.474363573254706,True,False,22.857142857142858
LGND,Ligand Pharmaceuticals Inc,Health Care,Biotechnology,315.56,30.2946,20.564,47.9436,6.1342990830432,,54.89,20.06,0.3261,12.33,0.9321608040201006,80.8107,,50.35399999999998,80.8107,0.9321608040201006,20.06,0.3261,12.33,26.79214592773324,73.47861842105263,76.64473684210526,79.3092105263158,67.85714285714286,61.41678648193331,0.20394736842105263,0.8256578947368421,0.7894736842105263,0.8486842105263158,D+,B+,B,B+,ligandpharmaceuticalsinc,0.008928571428571397,0.9375,0.8452380952380951,16.0,90.0,84.89281911636292,0.008928571428571397,0.6666666666666666,B-,63.20250076764759,84.52380952380952,84.67141336083088,46.925458791303214,True,False,26.79214592773324
HAS,Hasbro Inc,Consumer Discretionary,Leisure Products,89.45,15.6834,2.5043,12.3423,23.31916890429886,,16.99,138.2,0.2339,19.84,0.5322838847385273,18.1465,,16.99,18.1465,0.5322838847385273,138.2,0.2339,19.84,40.42635658914728,71.73469387755102,84.88669950738915,79.71428571428572,52.38095238095239,66.61805994250145,0.4057142857142857,0.7885714285714286,0.9314285714285714,0.7771428571428571,C,B,A,B,hasbroinc,0.0,0.8,0.7500000000000001,20.0,0.0,0.0,0.0,0.5833333333333334,C+,66.85615518059669,75.00000000000001,45.00000000000001,46.863693108358014,False,False,40.42635658914728
WWD,Woodward Inc,Industrials,Electrical Components & Equipment,327.59,34.6186,4.5588,25.2633,7.646004397286939,42.27,22.35,21.75,0.16,15.540000000000001,0.43325214833877107,35.3951,42.27,22.35,35.3951,0.43325214833877107,21.75,0.16,15.540000000000001,21.10045624675573,80.69736775018887,67.81356719394584,59.95677169318674,40.45283018867924,55.35933374885052,0.1285140562248996,0.9116465863453815,0.6947791164658634,0.5943775100401606,D,A-,B-,C+,woodwardinc,0.0,0.8235294117647058,0.7613636363636364,17.0,0.0,0.0,0.0,0.2830188679245283,D+,54.404616767718444,76.13636363636364,45.68181818181818,46.82832583299383,True,False,21.10045624675573
MTRN,Materion Corp,Materials,Diversified Metals & Mining,265.16,61.2324,2.6298,43.6989,5.828717137079048,460.64,21.6,9.41,0.0599,6.29,0.7978150484689954,124.5614,450.345,21.6,79.35161499999998,0.7978150484689954,9.41,0.0599,6.29,21.078431372549016,91.44597232832527,39.21568627450981,95.58823529411765,52.38095238095239,57.480370936253294,0.04411764705882353,0.9705882352941176,0.3382352941176471,0.9852941176470589,F,A+,C-,A+,materioncorp,0.0,0.8,0.7166666666666667,10.0,0.0,0.0,0.0,0.6875,B-,57.718466174348535,71.66666666666667,43.0,46.3974547252056,True,False,21.078431372549016
BCPC,Balchem Corp,Materials,Specialty Chemicals,168.68,32.2873,4.8886,20.0184,4.300548914027265,16.69,10.14,12.790000000000001,0.20420000000000002,11.360000000000001,0.6597361949474627,11.8446,16.69,10.14,11.8446,0.6597361949474627,12.790000000000001,0.20420000000000002,11.360000000000001,25.980392156862745,69.37012968745606,72.54901960784314,58.33572453371592,50.0,55.173523785410865,0.09558823529411764,0.75,0.7720588235294118,0.5882352941176471,D-,B,B,C+,balchemcorp,0.0,0.7777777777777778,0.6964285714285714,9.0,0.0,0.0,0.0,0.375,C-,55.173523785410865,69.64285714285714,41.785714285714285,45.81816673386378,True,False,25.980392156862745
MTUS,Metallus Inc,Materials,Steel,19.16,96.408,0.6388,11.1924,1.1646850001215745,,16.12,1.17,0.36,1.17,0.592371871275328,12.8144,,16.12,12.8144,0.592371871275328,1.17,0.36,1.17,57.35294117647059,65.46653144016227,47.05882352941177,53.06288032454361,50.0,54.80882352941177,0.6617647058823529,0.7352941176470589,0.4338235294117647,0.5294117647058824,B-,B,C,C+,metallusinc,0.0,0.75,0.6730769230769231,8.0,0.0,0.0,0.0,0.375,C-,54.80882352941177,67.3076923076923,40.38461538461538,38.94298642533937,False,False,47.05882352941177
CON,Concentra Group Holdings Parent Inc,Health Care,Health Care Services,35.36,22.4645,1.9517,12.9357,11.565382351017204,-24.01,14.02,47.3,0.16390000000000002,9.92,0.9256812551610238,70.1166,-24.01,14.02,70.1166,0.9256812551610238,47.3,0.16390000000000002,9.92,72.75909143720227,38.778773551056865,72.36842105263158,84.7625160462131,73.66255144032921,65.99013604191245,0.8026315789473685,0.3223684210526316,0.7368421052631579,0.9144736842105263,B+,C-,B,A-,concentragroupholdingsparentinc,0.0064102564102564985,0.9230769230769231,0.8194444444444445,13.0,67.0,75.51231872528592,0.0064102564102564985,0.7222222222222222,B,68.35639118594537,81.94444444444446,79.37159415678104,35.27971589005625,False,False,38.778773551056865
DAL,Delta Air Lines Inc,Industrials,Passenger Airlines,84.03,13.8216,0.7997,7.9572,2.643882854877481,-12.71,10.28,19.33,0.0806,11.379999999999999,0.7134071340713406,49.7004,-12.71,10.28,49.7004,0.7134071340713406,19.33,0.0806,11.379999999999999,88.3140726169986,44.520226663083804,51.043083900226755,90.03020396020969,48.31829368334701,66.74937525396504,0.9518072289156626,0.3654618473895582,0.4899598393574297,0.927710843373494,A,C-,C,A-,deltaairlinesinc,0.0,0.90625,0.8581081081081081,32.0,90.0,84.89281911636292,0.0,0.6415094339622641,B-,66.58120462229974,85.8108108108108,85.44361413303164,35.17684326222306,False,False,44.520226663083804
GEO,Geo Group Inc,Industrials,Environmental & Facilities Services,30.22,13.4941,1.3915,12.2413,2.7342477651912707,227.6,15.32,19.3,0.10880000000000001,9.42,0.8580426356589147,49.2352,191.6919999999998,15.32,49.2352,0.8559255587332271,19.3,0.10880000000000001,9.42,77.36578968936972,90.96483887124282,53.21585662377401,93.76173236224278,16.552315608919383,74.59072582498305,0.8514056224899599,0.9879518072289156,0.5301204819277109,0.9678714859437751,B+,A+,C+,A,geogroupinc,-0.017857142857142905,0.8571428571428571,0.7291666666666667,7.0,0.0,0.0,-0.017857142857142905,0.11320754716981132,D,71.24595738587499,72.91666666666667,43.75,32.87338295434999,False,False,16.552315608919383
HRMY,Harmony Biosciences Holdings Inc,Health Care,Biotechnology,40.01,12.854,2.4274,7.6002,2.654080624083742,-0.38,24.25,20.06,0.2403,17.02,0.8063439065108512,52.5888,-0.38,24.25,52.5888,0.8063439065108512,20.06,0.2403,17.02,82.00737771581271,55.18908056093411,77.52192982456141,58.67324561403508,92.46031746031747,67.65479212008736,0.9144736842105263,0.5789473684210527,0.8157894736842105,0.5723684210526315,A-,C+,B+,C+,harmonybiosciencesholdingsinc,0.05882352941176472,0.7058823529411765,0.6704545454545455,17.0,0.0,0.0,0.05882352941176472,0.9444444444444444,A,71.90082386611911,67.04545454545455,40.22727272727273,32.78305681917492,False,False,55.18908056093411
MLI,Mueller Industries Inc,Industrials,Industrial Machinery & Supplies & Components,60.64,15.7387,2.8718,10.5934,4.200638685499345,-24.03,14.81,25.85,0.2286,25.840000000000003,0.5413566739606126,21.1127,-24.03,14.81,21.1127,0.5413566739606126,25.85,0.2286,25.840000000000003,67.37152692402262,47.9708242849694,84.14282982269214,65.1301717733343,98.60237596086652,65.49878839833943,0.7590361445783133,0.42168674698795183,0.927710843373494,0.6586345381526104,B,C,A-,B-,muellerindustriesinc,0.16666666666666674,0.8333333333333334,0.7045454545454546,6.0,0.0,0.0,0.06416666666666665,1.0,A+,70.35902599442608,70.45454545454545,42.27272727272727,32.37088312504316,False,False,47.9708242849694
DELL,Dell Technologies Inc,Information Technology,"Technology Hardware, Storage & Peripherals",543.43,30.2397,2.2756,22.1878,141.795172863666,145.25,49.03,130.7,0.0943,13.700000000000001,0.8926827257928248,329.8183,145.25,49.03,262.11377,0.8926827257928248,114.73149999999994,0.0943,13.700000000000001,67.05801104972375,87.78747024033956,68.24074074074075,88.38422996594545,7.291666666666666,74.05902798887313,0.7348066298342542,0.9447513812154696,0.7071823204419889,0.9337016574585635,B,A,B,A,delltechnologiesinc,-0.021008403361344574,0.7142857142857143,0.69375,35.0,0.0,0.0,-0.020438175270108067,0.05,F,69.7881946555398,69.375,41.625,32.07777786221592,False,False,7.291666666666666
WDC,Western Digital Corp,Information Technology,"Technology Hardware, Storage & Peripherals",453.94,16.6404,12.1386,36.4912,17.651702214531525,363.83,35.7,117.8,0.3025,85.72999999999999,0.5018647850817193,326.089,363.83,35.7,262.11377,0.5018647850817193,114.73149999999994,0.3025,61.4965,47.51171940398459,89.12742700579213,92.96296296296298,71.10982849264894,16.666666666666664,72.1661216914251,0.4696132596685083,0.9613259668508287,0.9558011049723757,0.7569060773480663,C,A,A,B,westerndigitalcorp,-0.018909899888765347,0.7741935483870968,0.7430555555555556,31.0,0.0,0.0,-0.018909899888765347,0.125,D,68.83278835809178,74.30555555555556,44.583333333333336,31.991448676570045,False,False,16.666666666666664
SM,SM Energy Co,Energy,Oil & Gas Exploration & Production,33.14,8.2173,1.5702,4.4413,0.789784751482336,-28.4,67.03,16.53,0.31079999999999997,8.959999999999999,0.6507673164661966,24.167,-28.4,65.13999999999997,24.167,0.6507673164661966,16.53,0.31079999999999997,8.959999999999999,78.1094527363184,59.350972410673904,64.17910447761194,55.5820895522388,100.0,63.55875169606512,0.8955223880597015,0.6865671641791045,0.6791044776119403,0.5223880597014925,B+,B-,B-,C+,smenergyco,0.10079051383399218,0.782608695652174,0.7410714285714286,23.0,0.0,0.0,0.09436758893280638,1.0,A+,68.55875169606512,74.10714285714286,44.464285714285715,31.86992924985462,False,False,55.5820895522388
HALO,Halozyme Therapeutics Inc,Health Care,Biotechnology,112.89,31.108,7.7333,21.4626,272.41795366795367,-23.53,41.15,180.63,0.3557,18.67,0.9288860918816866,53.9813,-23.53,41.15,53.9813,0.9288860918816866,108.10399999999996,0.3557,18.67,40.455443243871265,55.17780393710028,91.99561403508771,71.39254385964912,99.0079365079365,63.42683387908963,0.4144736842105263,0.5723684210526315,0.9539473684210527,0.7105263157894737,C,C+,A,B,halozymetherapeuticsinc,0.125,0.8125,0.75,16.0,0.0,0.0,0.059819617502173295,1.0,A+,68.32762752988327,75.0,45.0,31.83105101195331,False,False,40.455443243871265
PR,Permian Resources Corp,Energy,Oil & Gas Exploration & Production,21.17,14.4847,3.1175,5.3577,1.7221462970193937,-1.68,12.81,11.32,0.3132,8.62,0.7269098081743957,56.0263,-1.68,12.81,56.0263,0.7269098081743957,11.32,0.3132,8.62,56.716417910447774,44.522840343735865,58.208955223880594,82.23548922056385,40.88669950738916,59.083009196442035,0.6417910447761194,0.40298507462686567,0.5223880597014925,0.8507462686567164,B-,C,C+,B+,permianresourcescorp,0.0,0.9032258064516129,0.8541666666666667,31.0,90.0,84.89281911636292,0.0,0.42857142857142855,C,58.17167914718095,85.41666666666667,85.20712764654516,31.789384423526897,False,False,40.88669950738916
UAL,United Airlines Holdings Inc,Industrials,Passenger Airlines,112.01,10.3709,0.5764,6.6787,2.3708931119003975,7.02,8.48,22.5,0.0775,8.74,0.5056345834103085,14.9672,7.02,8.48,14.9672,0.5056345834103085,22.5,0.0775,8.74,94.36439636095402,46.81070395356109,49.150342868070915,54.87497988932297,16.899097621000823,61.21582157583304,0.9919678714859438,0.41365461847389556,0.4779116465863454,0.5140562248995983,A+,C,C,C+,unitedairlinesholdingsinc,-0.033333333333333326,0.8666666666666667,0.8214285714285714,30.0,90.0,84.89281911636292,-0.033333333333333326,0.1320754716981132,D,57.90573133793312,82.14285714285714,83.24284193225945,31.486576728399196,False,False,16.899097621000823
LAUR,Laureate Education Inc,Consumer Discretionary,Education Services,37.52,16.116,2.8316,9.8321,4.514661821507214,31.4,17.89,28.599999999999998,0.24420000000000003,24.91,0.7864936042136949,22.1424,31.4,17.89,22.1424,0.7864936042136949,28.599999999999998,0.24420000000000003,24.91,45.50830564784053,85.78201970443348,78.75314723590587,91.33004926108373,9.375,71.48777701404003,0.4514285714285714,0.9085714285714286,0.8514285714285714,0.9314285714285714,C,A-,B+,A,laureateeducationinc,-0.0641025641025641,0.7692307692307693,0.7083333333333334,13.0,0.0,0.0,-0.03838461538461542,0.041666666666666664,F,67.42527701404003,70.83333333333334,42.50000000000001,31.220110805616017,False,False,9.375
SMTC,Semtech Corp,Information Technology,Semiconductors,183.26,48.81,13.1204,258.4178,30.892938419783885,1063.4,25.36,51.24999999999999,0.102,29.270000000000003,0.9445696259576386,195.7975,703.5419999999999,25.36,195.7975,0.9445696259576386,51.24999999999999,0.102,29.270000000000003,19.75242759082538,84.80092738399938,72.22222222222223,91.36376152979788,79.3103448275862,63.226600236021355,0.13259668508287292,0.9281767955801105,0.7403314917127072,0.9613259668508287,D,A-,B,A,semtechcorp,0.049407114624505866,0.9130434782608695,0.8482142857142856,23.0,90.0,84.89281911636292,0.049407114624505866,0.775,B,66.15763471877997,84.82142857142856,84.8499847894023,31.149141149270186,True,False,19.75242759082538
BG,Bunge Global SA,Consumer Staples,Agricultural Products & Services,109.06,20.7811,0.2279,12.35,1.326279946491548,-48.66,80.53,6.329999999999999,0.0209,3.25,0.539566419841199,37.2969,-48.66,29.54249999999999,37.2969,0.539566419841199,6.329999999999999,0.0209,3.25,70.95238095238095,56.959706959706956,24.28571428571429,77.26190476190476,59.26573426573426,55.653846153846146,0.8214285714285714,0.5428571428571428,0.15714285714285714,0.8,B+,C+,D,B,bungeglobalsa,0.0,0.9,0.8300000000000001,20.0,90.0,84.89281911636292,0.0,0.5,C,56.58041958041957,83.0,83.75712764654517,31.007880596822346,False,False,24.28571428571429
MCK,McKesson Corp,Health Care,Health Care Distributors,851.22,21.8517,0.2442,15.5235,27.08123224347085,49.07,8.84,39.43,0.0158,16.23,0.4790792766752443,17.6669,49.07,8.84,17.6669,0.4790792766752443,39.43,0.0158,16.23,79.31334959916347,65.94918001525554,60.0,40.02192982456141,11.594202898550723,61.022559367754255,0.8881578947368421,0.7368421052631579,0.5789473684210527,0.3618421052631579,B+,B,C+,C-,mckessoncorp,-0.0778985507246377,0.7916666666666666,0.75,24.0,90.0,84.89281911636292,-0.0778985507246377,0.08333333333333333,D-,57.181979657609325,75.0,78.95712764654516,30.768504627698245,False,False,11.594202898550723
NJR,New Jersey Resources Corp,Utilities,Gas Utilities,50.35,13.8639,3.6348,11.5948,2.115306246770324,-11.74,10.73,14.42,0.3956,5.89,0.39597701149425296,7.0431,-11.74,10.73,7.0431,0.39597701149425296,14.42,0.39203,5.89,59.195402298850574,46.58614431441267,89.6551724137931,79.97621878715813,26.08695652173913,67.52511629847508,0.646551724137931,0.41379310344827586,0.9655172413793104,0.8275862068965517,B-,C,A,B+,newjerseyresourcescorp,-0.09090909090909094,0.7272727272727273,0.671875,11.0,0.0,0.0,-0.09090909090909094,0.25,D+,65.13381195064899,67.1875,40.3125,30.084774780259597,False,False,26.08695652173913
META,Meta Platforms Inc,Communication Services,Interactive Media & Services,725.56,28.1192,8.3894,18.0844,8.449831599640373,-3.69,27.65,29.73,0.38079999999999997,23.74,0.7909563598593304,0.3672,-3.69,27.65,0.3672,0.7909563598593304,29.73,0.367945,23.74,26.004228329809724,68.74653608815598,86.36363636363637,69.74042357978439,29.19254658385093,60.78935810694961,0.22727272727272727,0.8181818181818182,0.8863636363636364,0.7045454545454546,D+,B+,B+,B,metaplatformsinc,-0.014084507042253613,0.8732394366197183,0.8519736842105263,71.0,90.0,84.89281911636292,-0.014084507042253613,0.2857142857142857,D+,58.7086127653347,85.19736842105263,85.07554869917675,30.027915886612025,True,False,26.004228329809724
DVN,Devon Energy Corp,Energy,Oil & Gas Exploration & Production,46.73,15.9064,2.6516,7.3156,1.8718505403651569,-5.34,14.64,14.899999999999999,0.2274,10.52,0.7184557438794725,31.5716,-5.34,14.64,31.5716,0.7184557438794725,14.899999999999999,0.2274,10.52,49.25373134328358,45.70480928689884,61.44278606965174,68.35820895522389,40.88669950738916,55.48673300165838,0.4626865671641791,0.43283582089552236,0.5970149253731343,0.6716417910447762,C,C,C+,B-,devonenergycorp,0.0,0.8787878787878788,0.8355263157894737,33.0,67.0,75.51231872528592,0.0,0.42857142857142855,C,54.5754029523973,83.55263157894737,80.3365064374828,29.8638118247072,False,False,40.88669950738916
BALL,Ball Corp,Materials,"Metal, Glass & Plastic Containers",57.13,15.7914,1.0439,10.2814,2.796679035432107,82.34,15.56,17.05,0.1025,7.359999999999999,0.5242966751918159,17.2478,82.34,15.56,17.2478,0.5242966751918159,17.05,0.1025,7.359999999999999,73.03921568627452,81.781045751634,57.84313725490196,61.51960784313726,16.66666666666667,66.38071895424838,0.8235294117647058,0.8970588235294118,0.5735294117647058,0.6176470588235294,B+,B+,C+,B-,ballcorp,-0.045454545454545525,0.7727272727272727,0.7314814814814814,22.0,0.0,0.0,-0.045454545454545525,0.125,D,63.04738562091504,73.14814814814814,43.88888888888888,29.607843137254907,False,False,16.66666666666667
JNJ,Johnson & Johnson,Health Care,Pharmaceuticals,270.2,31.1855,6.6992,21.1583,7.978833354003885,-7.75,8.06,25.740000000000002,0.25730000000000003,16.04,0.8966337010270065,52.6023,-7.75,8.06,52.6023,0.8966337010270065,25.740000000000002,0.25730000000000003,16.04,41.9934355756942,41.1972486828801,80.04385964912281,76.7686658506732,90.07936507936508,59.10250671291491,0.4342105263157895,0.375,0.8618421052631579,0.8223684210526315,C,C-,B+,B+,johnsonjohnson,0.032258064516129115,0.7096774193548387,0.6875,31.0,0.0,0.0,0.032258064516129115,0.8888888888888888,B+,63.110443220851415,68.75,41.25,29.369177288340566,False,False,41.1972486828801
C,Citigroup Inc,Financials,Diversified Banks,131.31,12.3718,1.09533,,1.080924008515024,35.24,99.23775,8.41,0.2301502,1.87,0.6933701657458563,31.5052,35.24,83.28401599999997,31.5052,0.6933701657458563,8.41,0.2301502,1.87,68.0672268907563,84.64361236178118,18.907563025210084,86.0566448801743,61.141304347826086,60.8837489273827,0.7226890756302521,0.9663865546218487,0.18907563025210083,0.8781512605042017,B,A,D,B+,citigroupinc,0.0,0.7857142857142857,0.75,28.0,0.0,0.0,0.0,0.828125,B+,61.99787936216531,75.0,45.0,29.299151744866123,False,False,18.907563025210084
VRT,Vertiv Holdings Co,Industrials,Electrical Components & Equipment,252.31,54.7863,8.266,40.0502,24.48993457962068,111.16,26.23,42.11,0.1841,24.610000000000003,0.48137838551719936,81.212,111.16,26.23,75.1288999999999,0.48137838551719936,42.11,0.1841,24.610000000000003,7.656749446766661,90.1341076971329,84.83375679589103,78.85857131148501,89.9622641509434,61.92116236238801,0.028112449799196786,0.9759036144578314,0.9397590361445783,0.7911646586345381,F,A+,A,B,vertivholdingsco,0.03594771241830064,0.8888888888888888,0.847560975609756,36.0,90.0,84.89281911636292,0.03594771241830064,0.9056603773584906,A-,65.91738877748234,84.75609756097559,84.81078618313052,29.239459961707844,True,False,7.656749446766661
TOL,Toll Brothers Inc,Consumer Discretionary,Homebuilding,135.93,10.5535,1.1755,9.1714,1.558008390069459,-8.47,-1.08,14.23,0.1384,10.71,0.28268082282680823,1.7258,-8.47,-1.08,1.7258,0.28268082282680823,14.23,0.1384,10.71,67.25581395348837,50.341836734693885,51.40667761357417,67.68979591836735,88.09523809523809,58.27194942237789,0.72,0.4742857142857143,0.4685714285714286,0.68,B,C,C,B-,tollbrothersinc,0.04347826086956519,0.7391304347826086,0.7053571428571428,23.0,0.0,0.0,0.04347826086956519,0.875,B+,62.0814732319017,70.53571428571428,42.32142857142856,29.064732149903538,False,False,50.341836734693885
ANET,Arista Networks Inc,Information Technology,Communications Equipment,204.92,64.4083,24.7141,55.6547,20.814203876000487,24.69,32.57,30.78,0.4314,30.78,0.9006675301384875,44.38,24.69,32.57,44.38,0.9006675301384875,30.78,0.4314,30.78,18.793947764942235,70.47290565006845,86.2962962962963,69.93191510994347,56.25,59.35352516731202,0.12154696132596685,0.7513812154696132,0.9005524861878453,0.7458563535911602,D,B,A-,B,aristanetworksinc,0.001680672268907557,0.9428571428571428,0.8937499999999999,35.0,90.0,84.89281911636292,0.001680672268907557,0.55,C+,59.97852516731202,89.375,87.58212764654516,29.008747405927934,True,False,18.793947764942235
CXW,CoreCivic Inc,Industrials,Diversified Support Services,31.69,24.1471,1.2433,11.3284,2.256270780972995,33.31,24.35,8.959999999999999,0.09880000000000001,4.77,0.7664584334454592,50.2806,33.31,24.35,50.2806,0.7664584334454592,8.959999999999999,0.09880000000000001,4.77,69.23257656476245,84.94877066305638,30.5209955468131,85.23454361664344,18.267581475128644,63.97505588383386,0.7991967871485943,0.9357429718875502,0.24096385542168675,0.8795180722891566,B,A,D+,B+,corecivicinc,-0.01388888888888884,0.875,0.7500000000000001,8.0,0.0,0.0,-0.01388888888888884,0.1509433962264151,D,60.80181403134672,75.00000000000001,45.00000000000001,28.82072561253869,False,False,18.267581475128644
SN,Sharkninja Inc,Consumer Discretionary,Household Appliances,183.0,36.0153,3.6235,25.6003,9.652407827417058,33.4,17.49,26.009999999999998,0.1376,20.419999999999998,0.896427930353617,67.5686,33.4,17.49,54.84940999999998,0.80102298550181,26.009999999999998,0.1376,20.419999999999998,10.713178294573645,86.42045454545455,66.73344280240832,97.92207792207792,52.38095238095239,61.23016176775198,0.045714285714285714,0.9142857142857143,0.7085714285714285,1.0,F,A-,B,A+,sharkninjainc,0.0,0.9545454545454546,0.8796296296296297,22.0,90.0,84.89281911636292,0.0,0.5833333333333334,C+,61.46825700584722,87.96296296296296,86.73490542432295,28.20040121445957,True,False,10.713178294573645
FIX,Comfort Systems USA Inc,Industrials,Construction & Engineering,1658.3,40.4027,5.1615,29.3273,23.821871072005745,108.88,46.11,53.55,0.16469999999999999,51.739999999999995,0.6843635866635283,112.1694,108.88,36.967999999999954,75.1288999999999,0.6843635866635283,53.55,0.16469999999999999,29.789999999999996,15.451738928503127,89.64459848388421,85.6235827664399,94.73116957626425,73.82075471698113,67.14398403576544,0.07228915662650602,0.9718875502008032,0.9477911646586346,0.9839357429718876,D-,A+,A,A+,comfortsystemsusainc,0.017857142857142905,0.875,0.7976190476190476,16.0,0.0,0.0,0.017857142857142905,0.7169811320754716,B,69.52605950746356,79.76190476190476,47.857142857142854,28.069987589033875,True,False,15.451738928503127
AIR,AAR Corp,Industrials,Aerospace & Defense,115.09,24.5971,1.3957,14.251,2.693820993968219,1500.3,18.97,12.19,0.0933,7.57,0.5005134788189988,40.467,191.6919999999998,18.97,40.467,0.5005134788189988,12.19,0.0933,7.57,60.41745212141081,87.3695012670168,38.70393137174549,79.01355502244587,7.629204265791634,63.05695713118161,0.642570281124498,0.9437751004016064,0.3413654618473896,0.8112449799196787,B-,A,C-,B+,aarcorp,-0.06818181818181823,0.75,0.6911764705882353,12.0,0.0,0.0,-0.04949494949494954,0.02830188679245283,F,58.819877557760776,69.11764705882352,41.47058823529411,27.67500984663372,False,False,7.629204265791634
CDE,"Coeur Mining, Inc",Materials,Gold,17.87,21.9692,5.8914,11.6726,3.463312531493469,211.84,117.26,12.49,0.3369,11.57,0.30379746835443044,5.6044,211.84,46.40449999999998,5.6044,0.30379746835443044,12.49,0.3369,11.57,44.117647058823536,91.13384484228473,75.49019607843137,35.54987212276215,9.782608695652174,60.23870417732311,0.47058823529411764,0.9558823529411765,0.8235294117647058,0.3235294117647059,C,A,B+,C-,coeurmininginc,-0.06666666666666665,0.8,0.7375,15.0,0.0,0.0,-0.05075757575757581,0.0625,D-,56.216965046888326,73.75,44.25,26.911786018755333,False,False,9.782608695652174
COCO,Vita Coco Company Inc,Consumer Staples,Soft Drinks & Non-alcoholic Beverages,57.66,30.2363,4.6876,22.2096,9.927344099721083,67.78,26.1,31.09,0.191,31.09,0.41556016597510365,50.1923,67.78,26.1,50.1923,0.41556016597510365,31.09,0.191,28.479999999999983,18.571428571428573,91.67974882260597,87.85714285714285,75.40816326530611,61.53846153846153,65.02472527472527,0.08571428571428572,0.9714285714285714,0.9571428571428572,0.7714285714285715,D-,A+,A,B,vitacococompanyinc,0.0,0.7647058823529411,0.7159090909090908,17.0,0.0,0.0,0.0,0.6923076923076923,B-,66.17857142857142,71.59090909090908,42.954545454545446,26.701259276437845,True,False,18.571428571428573
DCOM,Dime Community Bancshares Inc,Financials,Regional Banks,39.59,15.7944,2.11729,,1.1766803881648364,225.06,42.91451,7.670000000000001,0.4435096,6.45,0.8543451652386783,33.7641,185.31,42.91451,33.7641,0.8514107033572301,7.670000000000001,0.4435096,6.45,54.411764705882355,67.2840015121204,15.126050420168067,95.1904500117804,58.54166666666667,54.87934408629277,0.5357142857142857,0.7941176470588235,0.15126050420168066,0.9663865546218487,C+,B,D,A,dimecommunitybancsharesinc,0.0,0.8181818181818182,0.734375,11.0,0.0,0.0,0.0,0.40625,C,55.73351075295943,73.4375,44.0625,26.699654301183774,False,False,15.126050420168067
PLTR,Palantir Technologies Inc,Information Technology,Application Software,185.32,149.3442,73.1855,168.4407,59.98575775231436,290.0,78.92,37.47,0.428,37.47,0.7805239742956004,5.8899,290.0,54.72500000000002,5.8899,0.7805239742956004,37.47,0.428,37.47,8.171145153189352,94.35053586760809,88.88888888888887,74.61622272292354,86.0,63.05836022862589,0.04419889502762431,0.994475138121547,0.925414364640884,0.8011049723756906,F,A+,A-,B+,palantirtechnologiesinc,0.05128205128205132,0.717948717948718,0.6988636363636364,39.0,0.0,0.0,0.05128205128205132,0.85,B+,66.65836022862588,69.88636363636364,41.93181818181818,26.138546050245047,True,False,8.171145153189352
DAVE,Dave Inc,Financials,Consumer Finance,320.7,18.3739,6.3554,18.0519,12.320257546013684,308.0,48.63,84.35000000000001,0.3452,51.129999999999995,0.5505489478499542,45.5099,185.31,48.63,45.5099,0.5505489478499542,44.400499999999866,0.3452,29.45649999999999,15.966386554621847,89.56982454836532,97.68907563025209,76.45530939648587,14.000000000000002,66.61889233518872,0.09663865546218488,0.9957983193277311,0.976890756302521,0.7857142857142857,D-,A+,A+,B,daveinc,-0.04678362573099415,0.8421052631578947,0.78125,19.0,0.0,0.0,-0.04678362573099415,0.125,D,63.018892335188724,78.125,46.875,26.10793102414954,True,False,14.000000000000002
SCL,Stepan Co,Materials,Specialty Chemicals,63.67,1000000.0,0.5974,13.3151,1.1579479569047673,-31.52,7.63,-0.22,0.82,-0.13999999999999999,0.8346065699006876,38.9535,-31.52,7.63,38.9535,0.8204581764965266,-0.22,0.44605999999999996,-0.13999999999999999,47.79411764705882,41.59071088980786,47.05882352941177,89.15351506456241,50.0,54.86208048499171,0.5294117647058824,0.3235294117647059,0.4338235294117647,0.9117647058823529,C+,C-,C,A-,stepanco,0.0,0.8,0.675,5.0,0.0,0.0,0.0,0.375,C-,54.86208048499171,67.5,40.5,25.994832193996686,False,False,41.59071088980786
SKYW,SkyWest Inc,Industrials,Passenger Airlines,101.12,9.5663,0.9358,5.8785,1.4680156383153244,2.47,9.1,15.02,0.14029999999999998,8.04,0.5832287220687925,0.6593,2.47,9.1,0.6593,0.5832287220687925,15.02,0.14029999999999998,8.04,91.02641859956834,45.19892734178448,49.89153894489524,50.427317736554684,7.629204265791634,59.35473840178373,0.9678714859437751,0.3855421686746988,0.4859437751004016,0.46987951807228917,A,C-,C,C,skywestinc,-0.07692307692307698,0.6923076923076923,0.6527777777777778,13.0,0.0,0.0,-0.04949494949494954,0.02830188679245283,F,55.11765882836289,65.27777777777779,39.16666666666667,25.963730198011827,False,False,7.629204265791634
MLKN,MillerKnoll Inc,Industrials,Office Services & Supplies,20.28,13.9923,0.3596,8.0689,1.0298598415600244,33.57,1.2,7.340000000000001,0.0516,3.71,0.5950639853747716,14.1069,33.57,1.2,14.1069,0.5950639853747716,7.340000000000001,0.0516,3.71,93.26503292079884,48.673921959636246,19.89509056634702,61.397111207782466,43.696397941680964,55.30423750527021,0.9799196787148594,0.42971887550200805,0.14056224899598393,0.6144578313253012,A+,C,D,B-,millerknollinc,0.0,0.75,0.6730769230769231,8.0,0.0,0.0,0.0,0.5,C,54.6738772994383,67.3076923076923,40.38461538461538,25.90801245823686,False,False,19.89509056634702
CPAY,Corpay Inc,Financials,Transaction & Payment Processing Services,396.23,22.9136,5.2066,12.7641,6.974284054705789,12.37,20.36,30.4,0.4361,8.43,0.8211545069293325,36.255,12.37,20.36,36.255,0.8211545069293325,30.4,0.4361,8.43,13.445378151260506,46.898424258939286,88.23529411764706,94.81792717086834,89.58333333333334,58.76343835318842,0.07983193277310924,0.4369747899159664,0.8823529411764706,0.9621848739495799,D-,C,B+,A,corpayinc,0.007905138339920903,0.8260869565217391,0.7767857142857143,23.0,0.0,0.0,0.007905138339920903,0.90625,A-,62.721771686521755,77.67857142857143,46.607142857142854,25.730750909170116,True,False,13.445378151260506
CFG,Citizens Financial Group Inc,Financials,Regional Banks,64.8,12.982,1.48499,,1.0569169341579894,37.2,62.72879,8.14,0.31448550000000003,5.87,0.6153424657534247,23.8987,37.2,62.72879,23.8987,0.6153424657534247,8.14,0.31448550000000003,5.87,66.59663865546219,73.20651295452328,17.647058823529413,72.14010837980051,17.083333333333332,55.13024863661266,0.7100840336134454,0.8781512605042017,0.17647058823529413,0.7226890756302521,B,B+,D,B,citizensfinancialgroupinc,-0.04347826086956519,0.8260869565217391,0.7767857142857143,23.0,0.0,0.0,-0.04347826086956519,0.15625,D,51.838581969946,77.67857142857143,46.607142857142854,25.396147073692685,False,False,17.083333333333332
PGNY,Progyny Inc,Health Care,Health Care Services,25.13,24.8574,1.4912,15.2876,4.059708243808662,58.09,5.54,15.98,0.0855,15.98,0.5322723253757736,19.1011,58.09,5.54,19.1011,0.5322723253757736,15.98,0.0855,15.98,69.00778436156617,47.08536984029533,60.52631578947369,40.51347881899871,19.753086419753085,54.903294769618775,0.756578947368421,0.4473684210526316,0.5921052631578947,0.375,B,C,C+,C-,progynyinc,-0.04901960784313719,0.8333333333333334,0.7717391304347826,18.0,0.0,0.0,-0.04901960784313719,0.16666666666666666,D,51.878603411594085,77.17391304347827,46.30434782608696,25.38187614724633,False,False,19.753086419753085
NMIH,NMI Holdings Inc,Financials,Commercial & Residential Mortgage Finance,40.82,7.8446,4.2437,6.317,1.2013797325296665,7.97,7.53,15.14,0.7323999999999999,13.05,0.5025210084033611,5.3129,7.97,7.53,5.3129,0.5025210084033611,15.14,0.5811805599999998,13.05,81.0924369747899,32.24397360430202,60.08403361344538,50.05480453050785,13.690476190476195,56.7538732740208,0.9159663865546218,0.23949579831932774,0.6008403361344538,0.5294117647058824,A-,D+,B-,C+,nmiholdingsinc,-0.0714285714285714,0.7142857142857143,0.6710526315789473,14.0,0.0,0.0,-0.0714285714285714,0.09375,D-,53.12292089306842,67.10526315789474,40.26315789473684,25.275484146701054,False,False,13.690476190476195
V,Visa Inc,Financials,Transaction & Payment Processing Services,366.98,30.4288,15.4524,24.6646,18.544458593576294,14.72,14.39,61.260000000000005,0.6068,37.39,0.7972303634711644,9.6886,14.72,14.39,9.6886,0.7972303634711644,44.400499999999866,0.5811805599999998,29.45649999999999,7.9831932773109235,45.16117128778073,97.68907563025209,72.63772175536882,25.0,54.97784583552066,0.0546218487394958,0.40336134453781514,0.976890756302521,0.7352941176470589,D-,C,A+,B,visainc,-0.03601440576230497,0.8823529411764706,0.8526785714285714,51.0,90.0,84.89281911636292,-0.03601440576230497,0.25,D+,52.47784583552066,85.26785714285714,85.11784193225945,25.145663170966515,True,False,7.9831932773109235
ROST,Ross Stores Inc,Consumer Discretionary,Apparel Retail,234.74,28.0941,3.0477,18.2692,12.228716698444453,31.42,14.02,42.34,0.1375,35.23,0.7967308921559676,57.9821,31.42,14.02,54.84940999999998,0.7967308921559676,42.34,0.1375,35.23,17.794019933554818,79.17857142857143,77.46250684181719,95.38095238095238,28.030303030303035,63.72603645574776,0.09714285714285714,0.8685714285714285,0.84,0.9771428571428571,D-,B+,B+,A+,rossstoresinc,-0.027065527065527006,0.7037037037037037,0.6796875,27.0,0.0,0.0,-0.027065527065527006,0.25,D+,61.529066758778065,67.96875,40.78125,25.06254738099588,True,False,17.794019933554818
PCTY,Paylocity Holding Corp,Industrials,Human Resource & Employment Services,141.67,28.1964,4.2938,14.8959,6.178800090717188,23.04,11.04,23.44,0.21789999999999998,21.89,0.6748925551088311,-12.4901,23.04,11.04,-12.4901,0.6748925551088311,23.44,0.21789999999999998,21.89,39.52080430565801,69.23819423819424,80.74802611807776,42.65020673828318,11.406518010291595,57.44488780122943,0.357429718875502,0.8152610441767069,0.8594377510040161,0.3815261044176707,C-,B+,B+,C-,paylocityholdingcorp,-0.03703703703703709,0.8148148148148148,0.7734375,27.0,90.0,84.89281911636292,-0.03703703703703709,0.07547169811320754,D-,53.585539602258585,77.34375,80.36337764654516,25.0,False,False,11.406518010291595
BURL,Burlington Stores Inc,Consumer Discretionary,Apparel Retail,266.39,22.401,1.3096,12.2016,9.244581097869919,31.44,10.89,39.82,0.0786,18.89,0.26102455769738575,-2.9974,31.44,10.89,-2.9974,0.26102455769738575,39.82,0.0786,18.89,40.626799557032115,75.05357142857143,61.03776683087028,52.47619047619048,15.909090909090912,55.922093977927986,0.4114285714285714,0.8228571428571428,0.6171428571428571,0.5142857142857142,C,B+,B-,C+,burlingtonstoresinc,-0.029230769230769282,0.7307692307692307,0.7016129032258065,26.0,0.0,0.0,-0.029230769230769282,0.125,D,52.51300306883708,70.16129032258065,42.09677419354839,25.0,False,False,15.909090909090912
ADSK,Autodesk Inc,Information Technology,Application Software,207.19,25.8259,5.4437,19.9742,14.42505848278935,59.92,17.94,52.5,0.262,28.02,0.15415778251599146,-34.5972,59.92,17.94,-34.5972,0.15415778251599146,52.5,0.262,28.02,60.10693956135945,68.52407038446731,84.07407407407408,20.890212660884597,6.999999999999999,58.92811001792876,0.6519337016574586,0.7182320441988951,0.8674033149171271,0.13812154696132597,B-,B,B+,D,autodeskinc,-0.041973908111174185,0.8604651162790697,0.828125,43.0,90.0,84.89281911636292,-0.020438175270108067,0.025,F,54.62811001792876,82.8125,83.64462764654516,25.0,False,True,6.999999999999999
FSLR,First Solar Inc,Information Technology,Semiconductors,172.97,10.71,3.477,7.168,1.9460458041375834,38.7,23.82,18.02,0.33649999999999997,17.2,0.014452214452214372,-20.3273,38.7,23.82,-20.3273,0.0519418632356445,18.02,0.33649999999999997,17.2,85.2251799765612,62.05636692502203,74.07407407407408,9.0011371689637,94.82758620689656,59.03631433145597,0.8950276243093923,0.6353591160220995,0.7569060773480663,0.04419889502762431,B+,B-,B,F,firstsolarinc,0.08333333333333337,0.7083333333333334,0.6933962264150945,48.0,0.0,0.0,0.08333333333333337,0.925,A-,63.51907295214563,69.33962264150945,41.60377358490567,25.0,False,True,9.0011371689637
ACAD,ACADIA Pharmaceuticals Inc,Health Care,Pharmaceuticals,20.53,9.15,3.0575,35.3876,2.8486984514625076,96.46,47.0,32.39,0.0759,32.39,0.07453416149068322,-2.4988,96.46,47.0,-2.4988,0.07853041647805548,32.39,0.0759,30.006499999999996,57.51568490763332,86.28598797296578,73.1359649122807,18.6046511627907,51.58730158730158,58.6410402821298,0.6052631578947368,0.9473684210526315,0.7598684210526315,0.13157894736842105,B-,A,B,D,acadiapharmaceuticalsinc,0.0,0.7777777777777778,0.7421875,27.0,0.0,0.0,0.0,0.5,C,58.79977044085996,74.21875,44.53125,25.0,False,True,18.6046511627907
EFC,Ellington Financial Inc,Financials,Specialized Finance,12.2,7.171,2.7304,557.5172,0.7525057825751735,23.45,30.99,11.87,-0.0548,1.17,0.323943661971831,-5.4323,23.45,30.99,-5.4323,0.323943661971831,11.87,0.06414,1.17,95.16806722689076,59.5847984819808,45.168067226890756,27.073438070880528,9.226190476190482,57.415680924017636,0.9873949579831933,0.680672268907563,0.45168067226890757,0.27310924369747897,A+,B-,C,D+,ellingtonfinancialinc,-0.08333333333333337,0.75,0.6911764705882353,12.0,0.0,0.0,-0.07678571428571423,0.0625,D-,53.33829997163669,69.11764705882352,41.47058823529411,25.0,False,True,9.226190476190482
NBIX,Neurocrine Biosciences Inc,Health Care,Biotechnology,138.85,20.0503,4.1926,16.5432,4.2725048848408385,101.29,34.42,21.13,0.23559999999999998,21.13,0.26117536730228186,-1.7673,101.29,34.42,-1.7673,0.26117536730228186,21.13,0.23559999999999998,21.13,58.47420704078076,87.54721513231239,79.82456140350877,13.26754385964912,34.92063492063492,59.73764390946468,0.618421052631579,0.9671052631578947,0.8519736842105263,0.10526315789473684,B-,A,B+,D,neurocrinebiosciencesinc,-0.0037537537537537524,0.8611111111111112,0.8231707317073171,36.0,90.0,84.89281911636292,-0.0037537537537537524,0.3611111111111111,C-,58.229707401528174,82.31707317073172,83.3473715489842,25.0,False,True,13.26754385964912
EQT,EQT Corp,Energy,Oil & Gas Exploration & Production,49.87,11.5294,3.2982,5.4813,1.3102788710635145,134.0,30.17,11.15,0.4235,8.68,0.09522543022350932,-5.7853,134.0,30.17,-5.7853,0.09522543022350932,11.15,0.4235,8.68,58.208955223880594,84.16478214985678,62.68656716417911,16.82255389718076,81.77339901477832,55.42134780642244,0.6791044776119403,0.9253731343283582,0.6268656716417911,0.1044776119402985,B-,A-,B-,D,eqtcorp,0.033333333333333326,0.8,0.7642857142857142,30.0,0.0,0.0,0.033333333333333326,0.7857142857142857,B,58.59868770790027,76.42857142857142,45.85714285714285,25.0,False,True,16.82255389718076
FERG,Ferguson Enterprises Inc,Industrials,Trading Companies & Distributors,227.3,17.9809,1.3736,12.6291,7.5696017050752635,33.62,3.66,40.62,0.1058,23.61,0.2549151403125528,-1.167,33.62,3.66,-1.167,0.2549151403125528,40.62,0.1058,23.61,71.45807720678633,56.39586261706077,74.17698002895936,34.98962274377298,13.60062893081761,59.68586138110318,0.8192771084337349,0.5983935742971888,0.7911646586345381,0.321285140562249,B+,C+,B,C-,fergusonenterprisesinc,-0.032258064516129004,0.7096774193548387,0.6875,31.0,0.0,0.0,-0.032258064516129004,0.09433962264150944,D-,56.04592427418494,68.75,41.25,25.0,False,False,13.60062893081761
SEZL,Sezzle Inc,Financials,Transaction & Payment Processing Services,108.63,23.2344,7.0517,17.5172,21.62092231753677,56.65,43.06,85.55,0.4039,50.529999999999994,0.4044183024416934,32.1704,56.65,43.06,32.1704,0.4044183024416934,44.400499999999866,0.4039,29.45649999999999,9.663865546218492,80.8123127865617,97.68907563025209,69.75256769374415,58.59375,61.95121139017882,0.06722689075630252,0.9285714285714286,0.976890756302521,0.7058823529411765,D-,A-,A+,B,sezzleinc,0.0,0.6923076923076923,0.6527777777777778,13.0,0.0,0.0,0.0,0.484375,C,62.81058639017882,65.27777777777779,39.16666666666667,24.93490825574181,True,False,9.663865546218492
FNB,FNB Corp,Financials,Regional Banks,17.43,10.2335,2.56275,,0.9214080680034045,30.25,64.79501,8.94,0.42536409999999997,7.049999999999999,0.5789473684210525,9.6333,30.25,64.79501,9.6333,0.5789473684210525,8.94,0.42536409999999997,7.049999999999999,84.66386554621849,70.46506826992473,23.52941176470588,45.649886122673365,6.458333333333334,55.27131020625072,0.9411764705882353,0.8403361344537815,0.23529411764705882,0.48739495798319327,A,B+,D+,C,fnbcorp,-0.08333333333333326,0.8333333333333334,0.75,12.0,0.0,0.0,-0.07678571428571423,0.03125,F,50.91714353958405,75.0,45.0,24.86685741583362,False,False,6.458333333333334
AMD,Advanced Micro Devices Inc,Information Technology,Semiconductors,607.87,153.9434,23.9795,129.0447,15.727677058295406,124.33,39.54,10.07,0.15710000000000002,9.59,0.9357110404361654,291.0399,124.33,39.54,262.11377,0.9357110404361654,10.07,0.15710000000000002,9.59,10.40724928846476,84.04971972953271,50.55555555555555,95.68913104919119,15.517241379310345,56.18847136674986,0.06077348066298342,0.9226519337016574,0.5138121546961326,1.0,D-,A-,C+,A+,advancedmicrodevicesinc,-0.011596788581623496,0.8305084745762712,0.80859375,59.0,67.0,75.51231872528592,-0.011596788581623496,0.1,D-,52.74019550468089,80.859375,78.72055249011437,24.778957246039138,True,False,10.40724928846476
R,Ryder System Inc,Industrials,Cargo Ground Transportation,228.33,18.0965,0.7002,5.9764,2.948929393850553,4.74,1.12,16.7,0.07780000000000001,4.66,0.5582240480328647,27.618,4.74,1.12,27.618,0.5582240480328647,16.7,0.07780000000000001,4.66,87.67751277217714,37.287964246489594,35.881758325820286,60.78876676629031,8.355795148247983,55.50516397705533,0.9357429718875502,0.28112449799196787,0.30120481927710846,0.606425702811245,A,D+,C-,B-,rydersysteminc,-0.09027777777777779,0.7222222222222222,0.6847826086956522,18.0,0.0,0.0,-0.04949494949494954,0.05660377358490566,D-,51.34074349188013,68.47826086956522,41.08695652173913,24.64499304892597,False,False,8.355795148247983
TBBK,Bancorp Inc,Financials,Regional Banks,48.99,8.7959,4.64103,,3.0081235915730784,14.47,89.12521,32.32,0.5646253999999999,17.29,0.017448856799037463,-34.2006,14.47,83.28401599999997,-34.2006,0.05421287231232435,32.32,0.5646253999999999,17.29,56.09243697478992,68.28204557224517,89.49579831932773,1.751354747506479,97.29166666666667,55.40373888747974,0.5567226890756303,0.8025210084033614,0.8949579831932774,0.004201680672268907,C+,B+,B+,F,bancorpinc,0.11111111111111105,0.8888888888888888,0.7678571428571428,9.0,0.0,0.0,0.020714285714285675,0.984375,A+,60.132905554146404,76.78571428571428,46.07142857142856,24.421470041936672,False,True,1.751354747506479
KO,Coca-Cola Co,Consumer Staples,Soft Drinks & Non-alcoholic Beverages,86.72,26.2373,7.4929,24.9999,11.597148855931637,17.61,6.52,42.99,0.3035,18.26,0.7873986735445838,33.0858,17.61,6.52,33.0858,0.7799010676845441,42.99,0.3035,18.26,19.523809523809522,65.14913657770799,87.61904761904763,86.22448979591834,11.53846153846154,62.06043956043956,0.1,0.7,0.9428571428571428,0.8857142857142857,D-,B-,A,B+,cocacolaco,-0.05714285714285716,0.7714285714285715,0.74375,35.0,0.0,0.0,-0.05714285714285709,0.07692307692307693,D-,58.214285714285715,74.375,44.625,24.279687500000005,True,False,11.53846153846154
EXE,Expand Energy Corp,Energy,Oil & Gas Exploration & Production,85.31,7.1016,1.4453,3.4331,1.0986336299596915,2866.66,60.73,14.7,0.2708,11.78,0.007805745028340928,-16.804,574.281999999999,60.73,-13.20894,0.03636557772934183,14.7,0.2708,11.78,84.07960199004975,96.61521935775667,66.16915422885572,6.102819237147596,8.374384236453201,63.10579677370722,0.9552238805970149,0.9850746268656716,0.7014925373134329,0.022388059701492536,A,A+,B,F,expandenergycorp,-0.06666666666666665,0.8,0.7642857142857142,30.0,0.0,0.0,-0.023333333333333327,0.07142857142857142,D-,58.943235197352536,76.42857142857142,45.85714285714285,24.253814666277776,False,True,6.102819237147596
CRS,Carpenter Technology Corp,Industrials,Industrial Machinery & Supplies & Components,385.3,36.0836,6.119,23.3011,8.580278942574708,41.87,8.59,25.869999999999997,0.21960000000000002,19.34,0.3952410266718595,70.7573,41.87,8.59,70.7573,0.3952410266718595,25.869999999999997,0.21960000000000002,19.34,18.721416277354315,68.6529741712121,81.01794934841406,75.62750159441072,39.308176100628934,58.79093655956666,0.10843373493975904,0.7991967871485943,0.8674698795180723,0.7710843373493976,D,B,B+,B,carpentertechnologycorp,0.0,0.8,0.7375,15.0,0.0,0.0,0.0,0.2169811320754717,D+,57.721754169629556,73.75,44.25,24.19051059290948,True,False,18.721416277354315
CHEF,Chefs' Warehouse Inc,Consumer Staples,Food Distributors,111.76,48.9157,1.0244,24.2148,7.523240863530188,32.46,11.16,13.54,0.039599999999999996,6.01,0.9086113266097751,84.8927,32.46,11.16,67.96360499999999,0.7799010676845441,13.54,0.039599999999999996,6.01,27.61904761904762,81.71428571428572,36.19047619047619,97.08571428571429,17.725752508361204,56.712380952380954,0.22142857142857142,0.9142857142857143,0.29285714285714287,0.9857142857142858,D+,A-,D+,A+,chefswarehouseinc,-0.05714285714285705,0.8,0.7375,15.0,0.0,0.0,-0.05714285714285705,0.15384615384615385,D,53.484956203217074,73.75,44.25,24.159190750346962,True,False,17.725752508361204
LVS,Las Vegas Sands Corp,Consumer Discretionary,Casinos & Gaming,38.62,14.4373,1.8174,8.2388,16.39497367974189,29.56,18.11,139.84,0.21489999999999998,10.24,0.01728928681691865,-26.5172,29.56,18.11,-26.5172,0.01728928681691865,139.84,0.21489999999999998,10.24,58.33997785160576,79.7202380952381,76.07991242474002,19.504761904761903,10.714285714285719,58.44997256908645,0.6342857142857142,0.8742857142857143,0.8114285714285714,0.13714285714285715,B-,B+,B+,D,lasvegassandscorp,-0.040000000000000036,0.72,0.6916666666666667,25.0,0.0,0.0,-0.03838461538461542,0.08333333333333333,D-,54.52140114051502,69.16666666666667,41.5,23.844791961914947,False,True,10.714285714285719
VICR,Vicor Corp,Industrials,Electrical Components & Equipment,287.58,87.8596,26.9248,112.3893,18.291682303029532,115.29,24.95,19.830000000000002,0.1864,19.830000000000002,0.7162851771165956,440.7748,115.29,24.95,75.1288999999999,0.7162851771165956,19.830000000000002,0.1864,19.830000000000002,4.696336365871653,90.20785920545825,73.19673250826435,91.18215134590841,40.45283018867924,60.75126932880733,0.012048192771084338,0.9799196787148594,0.7710843373493976,0.9397590361445783,F,A+,B,A,vicorcorp,0.0,0.9,0.7833333333333333,10.0,0.0,0.0,0.0,0.2830188679245283,D+,59.79655234767526,78.33333333333333,46.99999999999999,23.78276360569109,True,False,4.696336365871653
FICO,Fair Isaac Corp,Information Technology,Application Software,840.89,22.2708,7.5833,18.8118,73.92699523499728,35.35,24.09,145.71,0.5165,30.869999999999997,0.0,-44.2578,35.35,24.09,-42.32334,0.0519418632356445,114.73149999999994,0.4317149999999999,30.869999999999997,59.969864389753894,69.21736274552606,94.62962962962962,6.630482422296986,44.99999999999999,58.81944253841049,0.6408839779005525,0.7348066298342542,0.9834254143646409,0.024861878453038673,B-,B,A+,F,fairisaaccorp,0.0,0.7241379310344828,0.698529411764706,29.0,0.0,0.0,0.0,0.475,C,58.31944253841049,69.8529411764706,41.911764705882355,23.733196901420857,False,True,6.630482422296986
CI,Cigna Group,Health Care,Health Care Services,271.83,11.1981,0.2544,8.3815,1.7169092475487162,31.74,7.77,15.24,0.0352,8.649999999999999,0.4254870984728802,-4.2421,31.74,7.77,-4.2421,0.4254870984728802,15.24,0.0352,8.649999999999999,94.72086673637737,50.23273985600268,46.92982456140351,21.861360718870344,6.790123456790123,54.831492939419824,0.9868421052631579,0.4934210526315789,0.4309210526315789,0.17763157894736842,A+,C,C,D,cignagroup,-0.08377896613190738,0.7647058823529411,0.7371794871794871,34.0,0.0,0.0,-0.07936865457645512,0.05555555555555555,D-,50.51050528509884,73.71794871794872,44.230769230769226,23.1204784118192,False,True,6.790123456790123
BGC,Bgc Group Inc,Financials,Investment Banking & Brokerage,11.77,28.1974,1.7024,13.5575,5.720256609642302,31.58,27.6,19.2,0.1155,7.02,0.7583965330444203,23.4619,31.58,27.6,23.4619,0.7583965330444203,19.2,0.1155,7.02,12.815126050420167,64.41320187848841,70.58823529411765,83.13890261987149,59.82142857142857,55.36126123580644,0.07563025210084033,0.7478991596638656,0.7058823529411765,0.8613445378151261,D-,B,B,B+,bgcgroupinc,0.0,0.8333333333333334,0.7045454545454546,6.0,0.0,0.0,0.0,0.59375,C+,56.3434040929493,70.45454545454545,42.27272727272727,23.092931372858448,True,False,12.815126050420167
CRUS,Cirrus Logic Inc,Information Technology,Semiconductors,119.53,13.8028,2.8992,9.7813,2.8419871322393044,28.21,6.25,20.349999999999998,0.2305,20.349999999999998,0.17893743257820927,-4.5223,28.21,6.25,-4.5223,0.17893743257820927,20.349999999999998,0.2305,20.349999999999998,84.08881634019757,37.918834678128846,74.44444444444444,15.147223740263104,35.3448275862069,55.24652687983889,0.8729281767955801,0.3149171270718232,0.7651933701657458,0.07734806629834254,B+,C-,B,D-,cirruslogicinc,0.0,0.75,0.6911764705882353,12.0,0.0,0.0,0.0,0.275,D+,53.78100963845958,69.11764705882352,41.47058823529411,22.802898187310472,False,True,15.147223740263104
HWM,Howmet Aerospace Inc,Industrials,Aerospace & Defense,228.32,48.5979,9.9733,34.0872,17.130209701016618,35.22,18.08,34.410000000000004,0.272,20.13,0.3526194816517396,22.4546,35.22,18.08,22.4546,0.3526194816517396,34.410000000000004,0.272,20.13,9.144605633418026,71.47566215889196,86.69945086468323,65.79421273987566,43.970467596390485,56.41498910427884,0.03614457831325301,0.8232931726907631,0.9558232931726908,0.678714859437751,F,B+,A,B-,howmetaerospaceinc,0.0,0.8214285714285714,0.7803030303030304,28.0,0.0,0.0,0.0,0.5471698113207547,C+,55.812035863917885,78.03030303030305,46.81818181818183,22.768543507274565,True,False,9.144605633418026
TMDX,Transmedics Group Inc,Health Care,Health Care Equipment,81.77,19.0543,4.3241,34.9449,5.922787193973635,105.49,25.82,32.97,0.12210000000000001,13.239999999999998,0.2259241879138641,-25.1185,105.49,25.82,-25.1185,0.2259241879138641,32.97,0.12210000000000001,13.239999999999998,46.7729754850703,90.94750795334042,69.51754385964914,18.021052631578947,16.425120772946862,55.86634195316373,0.47368421052631576,0.993421052631579,0.7039473684210527,0.125,C,A+,B,D,transmedicsgroupinc,-0.05263157894736836,0.6842105263157895,0.65625,19.0,0.0,0.0,-0.05263157894736836,0.1388888888888889,D,52.50885403045842,65.625,39.375,22.758700471117322,False,True,16.425120772946862
PH,Parker-Hannifin Corp,Industrials,Industrial Machinery & Supplies & Components,975.09,33.5605,5.6946,26.0531,7.975935347718684,5.03,8.31,25.11,0.2165,15.14,0.675351691499597,31.3054,5.03,8.31,31.3054,0.675351691499597,25.11,0.2165,15.14,18.41433762259924,48.694811514072626,76.80681911318744,79.30013375130248,39.308176100628934,54.40427823702169,0.10040160642570281,0.43373493975903615,0.8273092369477911,0.8192771084337349,D,C,B+,B+,parkerhannifincorp,0.0,0.7941176470588235,0.7628205128205128,34.0,0.0,0.0,0.0,0.2169811320754717,D+,53.33509584708459,76.28205128205127,45.76923076923076,22.67729424308765,True,False,18.41433762259924
APP,Applovin Corp,Communication Services,Advertising,308.24,23.3909,15.1048,19.3898,48.85099369235158,84.72,60.59,193.1,0.7744,76.07000000000001,0.02396732945035819,-51.4385,84.72,32.55499999999999,-47.3851,0.026673819289919205,85.65150000000006,0.367945,44.84,24.453840732910503,86.89699874292899,97.34848484848486,8.120842572062084,17.532467532467532,54.454149658347056,0.18181818181818182,0.9772727272727273,1.0,0.022727272727272728,D,A+,A+,F,applovincorp,-0.10510510510510507,0.7837837837837838,0.7559523809523809,37.0,90.0,84.89281911636292,-0.07779892568624963,0.14285714285714285,D,51.20739641159381,75.59523809523809,79.31427050368802,22.416983552062096,True,True,8.120842572062084
ORCL,Oracle Corp,Information Technology,Application Software,134.18,21.3516,5.6281,20.4865,9.090970683685983,49.08,21.62,42.58,0.3212,10.76,0.09459719284752935,-52.94,49.08,21.62,-42.32334,0.09459719284752935,42.58,0.3212,10.76,61.74347061778,70.93977260850642,74.62962962962963,10.25663343518833,13.999999999999998,55.33255627059136,0.6906077348066298,0.7679558011049724,0.7734806629834254,0.055248618784530384,B-,B,B,D-,oraclecorp,-0.020408163265306145,0.7959183673469388,0.7731481481481481,49.0,0.0,0.0,-0.020408163265306145,0.075,D-,51.73255627059136,77.31481481481481,46.388888888888886,22.231901245488263,False,True,10.25663343518833
NX,Quanex Building Products Corp,Industrials,Building Products,19.56,19.5009,0.4747,7.0863,1.230273792526527,,1.26,6.1899999999999995,0.0596,3.18,0.693246541903987,46.3306,,1.26,46.3306,0.693246541903987,6.1899999999999995,0.0596,3.18,87.66439909297053,43.75,19.741551238969482,89.88918941070406,42.45283018867924,58.57932546512582,0.9317269076305221,0.3534136546184739,0.13654618473895583,0.9196787148594378,A,C-,D,A-,quanexbuildingproductscorp,0.0,0.9,0.7833333333333333,10.0,0.0,0.0,0.0,0.3867924528301887,C-,57.82460848399374,78.33333333333333,46.99999999999999,20.87238254519812,False,False,19.741551238969482
MRVL,Marvell Technology Inc,Information Technology,Semiconductors,259.58,83.674,23.374,59.4947,15.371496586151558,,30.62,16.220000000000002,0.3557,12.57,0.7287756322459924,212.5343,,30.62,212.5343,0.7287756322459924,16.220000000000002,0.3557,12.57,16.75770132261845,64.51310861423221,70.37037037037037,82.27989365442772,35.3448275862069,56.14061837697919,0.09392265193370165,0.6795580110497238,0.7348066298342542,0.8674033149171271,D-,B-,B,B+,marvelltechnologyinc,0.0,0.86,0.8318181818181818,50.0,90.0,84.89281911636292,0.0,0.275,D+,54.67510113559988,83.18181818181817,83.86621855563607,19.786979540240665,True,False,16.75770132261845
LQDA,Liquidia Corp,Health Care,Pharmaceuticals,72.69,47.5746,14.6241,38.3674,80.2406446627663,,2233.65,149.64,0.3739,50.019999999999996,0.7112889870273253,204.8107,,50.35399999999998,121.83342499999998,0.7112889870273253,108.10399999999996,0.3739,30.006499999999996,21.76280934123388,74.46450428396574,96.27192982456138,79.94492044063648,6.547619047619047,65.39056973636926,0.11842105263157894,0.8421052631578947,0.9967105263157895,0.868421052631579,D,B+,A+,B+,liquidiacorp,-0.12380952380952381,0.7333333333333333,0.6875,15.0,0.0,0.0,-0.07936865457645512,0.027777777777777776,F,61.04533164113116,68.75,41.25,18.928603761647427,True,False,6.547619047619047
ANIP,ANI Pharmaceuticals Inc,Health Care,Pharmaceuticals,74.83,15.6122,1.7283,8.2201,3.114037095451916,,30.9,19.64,0.1537,9.28,0.19146608315098468,-20.7454,,30.9,-20.7454,0.19146608315098468,19.64,0.1537,9.28,82.88021377948182,69.21664626682987,63.48684210526316,16.48714810281518,15.079365079365079,58.732522845115255,0.9276315789473685,0.7828947368421053,0.6447368421052632,0.1118421052631579,A-,B,B-,D,anipharmaceuticalsinc,-0.06593406593406603,0.8571428571428571,0.7763157894736842,14.0,0.0,0.0,-0.06593406593406603,0.1111111111111111,D,55.24045935305176,77.63157894736842,46.578947368421055,18.177812202775904,False,True,15.079365079365079
GPOR,Gulfport Energy Corp,Energy,Oil & Gas Exploration & Production,152.09,5.4145,1.7479,3.5904,1.5584365015769834,-1.63,35.16,27.200000000000003,0.4499,18.87,0.037989556135770194,-12.4164,-1.63,35.16,-12.4164,0.037989556135770194,27.200000000000003,0.4499,18.87,81.59203980099502,66.9998492386552,90.04975124378109,12.205638474295192,40.88669950738916,63.75154530378411,0.9402985074626866,0.7910447761194029,0.9552238805970149,0.05970149253731343,A,B,A,D-,gulfportenergycorp,0.0,0.6842105263157895,0.65625,19.0,0.0,0.0,0.0,0.42857142857142855,C,62.84021525452303,65.625,39.375,12.5,False,True,12.205638474295192
