Ticker,Name,Sector,SubIndustry,Price,PE_Rank,PS_Rank,EV_EBITDA_Used,PB_Ratio,EPS_Growth,Rev_Growth,ROE,Op_Margin,ROIC,Mom_Range,Mom_12M,EPS_Growth_Win,Rev_Growth_Win,Mom_12M_Win,Mom_Range_Win,ROE_Win,Op_Margin_Win,ROIC_Win,Value_S,Growth_S,Prof_S,Mom_S,Rev_S,Fundamental_Score,Value_Pct,Growth_Pct,Prof_Pct,Mom_Pct,Value_Grade,Growth_Grade,Prof_Grade,Mom_Grade,Name_Key
UNIT,Uniti Group Inc (Delaware),Communication Services,Alternative Carriers,11.77,2.1567,1.2593,5.046,7.242185577159734,807.23,91.48,245.66,0.7885,13.11,0.9410635326972305,43.8875,544.6700000000001,21.8,43.8875,0.9410635326972305,75.67500000000001,0.4873799999999984,13.11,85.53553553553554,98.66299743578847,91.67917917917919,84.93537015276146,50.0,86.02335219638867,0.9459459459459459,1.0,0.918918918918919,0.8378378378378378,A,A+,A-,B+,unitigroupincdelaware
EIX,Edison International,Utilities,Electric Utilities,69.88,5.7199,1.392,6.3368,1.5296049031410746,206.15,9.78,27.639999999999997,0.36719999999999997,8.42,0.7776022467965593,28.0792,114.5875,9.78,28.0792,0.7776022467965593,22.930999999999976,0.36719999999999997,7.921999999999993,96.56969170646983,81.38475770298157,95.03546099290782,80.16366612111294,50.0,85.21097293966332,1.0,0.8979591836734694,0.9897959183673469,0.8979591836734694,A+,B+,A+,B+,edisoninternational
MU,Micron Technology Inc,Information Technology,Semiconductors,542.21,25.3606,10.521,16.6567,11.231600359603442,412.05,85.55,40.839999999999996,0.48340000000000005,33.46,0.9920985756080895,597.1969,241.03349999999992,47.995000000000005,489.749,0.9920985756080895,40.839999999999996,0.42322000000000004,33.46,56.09083957350416,97.23501227487145,91.51120345121124,94.70112990008366,50.0,80.28773919116988,0.5947712418300654,1.0,0.954248366013072,0.9934640522875817,C+,A+,A,A+,microntechnologyinc
SON,Sonoco Products Co,Materials,Paper & Plastic Packaging Products & Materials,50.06,4.8696,0.661,6.2924,1.366292478295164,562.04,17.49,29.580000000000002,0.136,12.19,0.5765538150581103,15.7189,562.04,17.49,15.7189,0.5765538150581103,29.54,0.136,12.19,91.50025601638505,92.81720430107526,89.51612903225806,48.18064516129032,50.0,78.4536661546339,0.9523809523809523,0.9841269841269841,0.9523809523809523,0.4603174603174603,A,A+,A,C,sonocoproductsco
MLI,Mueller Industries Inc,Industrials,Industrial Machinery & Supplies & Components,133.03,17.3708,3.3649,11.8399,4.607594235225253,39.47,11.54,27.029999999999998,0.24239999999999998,27.029999999999998,0.901510663507109,81.0425,39.47,11.54,81.0425,0.901510663507109,27.029999999999998,0.24239999999999998,27.029999999999998,64.75730499879256,88.41305782385352,87.29372937293728,82.24075039082857,50.0,77.14352023586888,0.7414634146341463,0.9707317073170731,0.9512195121951219,0.8536585365853658,B,A+,A,B+,muellerindustriesinc
INCY,Incyte Corp,Health Care,Biotechnology,96.91,15.0475,3.7658,10.4101,3.7218823330606536,2749.07,21.22,29.15,0.29460000000000003,28.910000000000004,0.7179016874541451,56.2309,476.4779999999973,21.22,56.2309,0.7179016874541451,29.15,0.29460000000000003,28.910000000000004,71.93692651707919,86.16843492129533,85.85858585858585,76.40316205533597,50.0,76.96319748924253,0.8409090909090909,0.946969696969697,0.9053030303030303,0.7727272727272727,B+,A,A-,B,incytecorp
WDC,Western Digital Corp,Information Technology,"Technology Hardware, Storage & Peripherals",431.52,22.1614,12.2521,37.9683,27.028449021007926,269.21,32.04,90.82000000000001,0.29460000000000003,58.78,0.9625328767803086,881.843,241.03349999999992,32.04,489.749,0.9625328767803086,90.82000000000001,0.29460000000000003,52.535,44.18185228469607,92.44308478647855,91.79110937973424,91.4646057098336,50.0,75.77477851537,0.46405228758169936,0.9803921568627451,0.9607843137254902,0.9803921568627451,C,A+,A,A+,westerndigitalcorp
KALU,Kaiser Aluminum Corp,Materials,Aluminum,173.72,18.5052,0.7667,10.1598,4.185923230765524,242.59,20.84,18.68,0.0674,8.16,0.9342606957847958,160.8408,242.59,20.84,160.8408,0.9342606957847958,18.68,0.0674,8.16,75.01280081925243,91.56076898012381,59.67741935483871,91.2023460410557,50.0,75.22517804775869,0.8412698412698413,0.9682539682539683,0.6031746031746031,0.9841269841269841,B+,A,B-,A+,kaiseraluminumcorp
BYD,Boyd Gaming Corp,Consumer Discretionary,Casinos & Gaming,84.5,3.4632,1.5528,2.8922,2.4738923842174447,272.31,3.45,91.96,0.1734,38.72,0.7397521448999048,22.1628,208.1519999999999,3.45,22.1628,0.7397521448999048,91.96,0.1734,38.72,79.30548810101992,73.03396378269618,88.45603169846503,67.47484909456742,50.0,75.04214252532397,0.8827586206896552,0.8,0.9724137931034482,0.6827586206896552,B+,B,A+,B-,boydgamingcorp
NEM,Newmont Corporation,Materials,Gold,108.62,16.3666,5.1152,8.4803,3.492694345835263,118.49,21.34,21.72,0.47909999999999997,18.02,0.6968017549936498,110.9536,118.49,21.34,110.9536,0.6968017549936498,21.72,0.24933999999999995,14.726499999999989,55.99931728963987,85.98077549690453,93.54838709677419,77.12609970674487,50.0,75.00830113733339,0.6507936507936508,0.9365079365079365,0.9841269841269841,0.7777777777777778,B-,A,A+,B,newmontcorporation
ECPG,Encore Capital Group Inc,Financials,Consumer Finance,83.3,6.9441,1.0083,8.5424,1.849614978106598,13.54,33.12,28.189999999999998,0.35340000000000005,5.3100000000000005,0.960112888052681,142.0105,13.54,33.12,72.80332,0.960112888052681,28.189999999999998,0.35340000000000005,5.3100000000000005,70.66127740150026,56.171716375023536,89.44723618090453,92.21429729291619,50.0,74.70433112918914,0.7922705314009661,0.6231884057971014,0.8985507246376812,0.966183574879227,B,B-,B+,A,encorecapitalgroupinc
INDV,"Indivior Pharmaceuticals, Inc",Health Care,Pharmaceuticals,37.66,21.8647,3.7029,17.3367,100.77602354830077,7022.71,4.38,159.06,0.2113,29.4,0.9197005784280365,226.0606,476.4779999999973,4.38,96.76192999999994,0.9197005784280365,101.2055,0.2113,29.4,54.16763050350837,70.39078568490334,89.14141414141415,96.10722610722611,50.0,74.12686351965652,0.6136363636363636,0.7878787878787878,0.9393939393939394,0.9772727272727273,B-,B,A,A+,indiviorpharmaceuticalsinc
TMP,Tompkins Financial Corp,Financials,Regional Banks,84.55,7.5665,3.46671,5.6365,1.2925505975084577,126.16,16.23686,19.939999999999998,0.08044029999999999,17.62,0.9151643690349945,40.8228,109.115,16.23686,40.8228,0.9151643690349945,19.939999999999998,0.08044029999999999,17.62,77.9865511130532,55.336437070376554,77.88944723618091,89.29474961011957,50.0,72.89523692340775,0.893719806763285,0.5845410628019324,0.7874396135265701,0.9082125603864735,B+,C+,B,A-,tompkinsfinancialcorp
ADEA,Adeia Inc,Information Technology,IT Consulting & Other Services,33.0,32.8897,8.2394,16.8074,7.485199718737951,72.59,17.91,26.340000000000003,0.3947,12.870000000000001,0.9823191733639496,166.9903,72.59,17.91,166.9903,0.9823191733639496,26.340000000000003,0.3947,12.870000000000001,53.906419079773194,82.13296989624206,79.94344168866958,89.53568182239783,50.0,72.79619553583868,0.5882352941176471,0.9150326797385621,0.8300653594771242,0.954248366013072,C+,A-,B+,A,adeiainc
APA,APA Corp (US),Energy,Oil & Gas Exploration & Production,40.13,9.8898,1.5899,3.3578,2.324705718787654,77.13,-8.39,24.51,0.3422,13.56,0.8184498307610992,147.4106,77.13,-8.39,147.4106,0.8184498307610992,24.51,0.3422,13.56,85.93242365172189,48.83597883597883,86.41975308641975,72.79835390946502,50.0,72.41491073362418,0.9473684210526315,0.42105263157894735,0.9824561403508771,0.8070175438596491,A,C,A+,B+,apacorpus
NLY,Annaly Capital Management Inc,Financials,Mortgage REITs,22.82,7.6507,2.2413,60.4515,1.0026317986300588,175.07,36.03,14.41,0.2942,1.7500000000000002,0.7209271784096133,17.5077,109.115,36.03,17.5077,0.7209271784096133,14.41,0.2942,1.7500000000000002,90.0565630082781,84.80474628340812,60.30150753768844,63.23283082077052,50.0,72.19703305732737,0.9806763285024155,0.9710144927536232,0.6183574879227053,0.6714975845410628,A+,A+,B-,B-,annalycapitalmanagementinc
DAL,Delta Air Lines Inc,Industrials,Passenger Airlines,68.98,10.1227,0.6953,6.744,2.1703562933410523,21.36,5.24,23.14,0.08779999999999999,13.209999999999999,0.7879828326180258,66.2169,21.36,5.24,66.2169,0.7879828326180258,23.14,0.08779999999999999,13.209999999999999,93.47661595427836,67.79681643678289,58.41584158415842,77.28429985855729,50.0,71.98933764367723,0.975609756097561,0.7365853658536585,0.6,0.7804878048780488,A+,B,C+,B,deltaairlinesinc
JOE,St Joe Co,Real Estate,Real Estate Development,61.74,31.6192,6.8414,20.3543,4.636597125219664,45.49,26.63,14.790000000000001,0.2847,8.39,0.6268184693232131,43.448,45.49,25.305,43.448,0.6268184693232131,14.5,0.23972500000000002,8.39,38.88888888888889,90.47619047619048,94.44444444444446,77.77777777777777,50.0,71.98412698412699,0.6666666666666666,1.0,1.0,0.8333333333333334,B-,A+,A+,B+,stjoeco
FTDR,Frontdoor Inc,Consumer Discretionary,Specialized Consumer Services,68.8,18.7732,2.2769,10.6286,20.172995161999708,12.69,12.12,98.66,0.16140000000000002,17.88,0.921980198019802,47.8616,12.69,12.12,47.8616,0.9169155080324013,98.66,0.16140000000000002,17.88,51.481301602719775,75.5845070422535,82.43515466320382,91.09859154929578,50.0,71.81573378479077,0.5448275862068965,0.8413793103448276,0.9172413793103448,0.9379310344827586,C+,B+,A-,A,frontdoorinc
SNDK,Sandisk Corp,Information Technology,"Technology Hardware, Storage & Peripherals",1187.0,38.8734,13.289,31.9961,18.804466813363685,,82.76,42.33,0.4073,38.86,0.9980635568311491,3542.2214,,47.995000000000005,489.749,0.9925512149973489,42.33,0.4073,38.86,39.19981531979974,74.17218543046357,90.75733310248307,97.2815991738859,50.0,71.78004402644059,0.38562091503267976,0.8627450980392157,0.934640522875817,1.0,C-,B+,A,A+,sandiskcorp
ALL,Allstate Corp,Financials,Property & Casualty Insurance,216.59,5.4226,0.8237,4.5384,1.8397054976267893,121.66,5.58,39.47,0.19440000000000002,30.25,0.8610691633947449,9.8104,109.115,5.58,9.8104,0.8610691633947449,39.47,0.19440000000000002,27.17999999999999,72.87403199572742,58.947854494183204,93.96984924623115,65.62020629463106,50.0,71.6245824682525,0.8405797101449275,0.6956521739130435,0.9420289855072463,0.7198067632850241,B+,B-,A,B,allstatecorp
CUBI,Customers Bancorp Inc,Financials,Regional Banks,77.08,9.2445,1.99781,7.473,1.2457756278576635,85.8,55.59768,13.62,0.3985504,11.78,0.834840265220012,53.7602,85.8,55.59768,53.7602,0.834840265220012,13.62,0.3985504,11.78,78.81800305877212,79.46202586065388,56.03015075376885,84.39438572171201,50.0,71.48332076960843,0.9033816425120773,0.9468599033816425,0.5772946859903382,0.8792270531400966,A-,A,C+,B+,customersbancorpinc
AL,Air Lease Corp,Industrials,Passenger Airlines,65.0,6.6909,2.4148,7.6199,0.8594961765643162,153.5,10.32,13.23,0.7495,3.85,1.0,54.5779,107.05100000000004,10.32,54.5779,0.9881548103535144,13.23,0.29997499999999994,3.85,79.15318361104403,86.50085149030126,53.795379537953785,79.2857142857143,50.0,71.39445394245257,0.8585365853658536,0.9560975609756097,0.5463414634146342,0.8195121951219512,B+,A,C+,B+,airleasecorp
PARR,Par Pacific Holdings Inc,Energy,Oil & Gas Refining & Marketing,65.35,8.752,0.4331,5.9293,2.148088250762596,5.6,-6.39,28.59,0.07200000000000001,15.959999999999999,0.9509259259259258,355.7183,5.6,-6.39,152.89482999999996,0.9509259259259258,28.447,0.07200000000000001,15.959999999999999,89.05133203378819,39.66226763161629,74.07407407407408,88.28863346104725,50.0,71.37153174549827,1.0,0.3333333333333333,0.7894736842105263,0.9473684210526315,A+,C-,B,A,parpacificholdingsinc
SEE,Sealed Air Corp,Materials,Paper & Plastic Packaging Products & Materials,42.15,12.2884,1.159,12.7091,5.0155285046228535,88.84,-0.61,48.39,0.134,9.58,0.877385772122614,74.6065,88.84,-0.61,74.6065,0.877385772122614,29.54,0.134,9.58,72.28195937873356,56.83870967741936,80.91397849462365,83.22580645161291,50.0,71.31188769414575,0.8095238095238095,0.5873015873015873,0.873015873015873,0.8412698412698413,B+,C+,B+,B+,sealedaircorp
DELL,Dell Technologies Inc,Information Technology,"Technology Hardware, Storage & Peripherals",210.17,23.1217,1.2089,14.7533,54.83887801696021,33.09,18.8,130.7,0.0739,13.700000000000001,0.9126512990517308,128.5699,33.09,18.8,128.5699,0.9126512990517308,108.96000000000001,0.0739,13.700000000000001,80.73554661010836,72.33424178245588,69.69441198112798,71.1121004693268,50.0,71.29675809816563,0.8562091503267973,0.8300653594771242,0.7189542483660131,0.7320261437908496,B+,B+,B,B,delltechnologiesinc
JLL,Jones Lang LaSalle Inc,Real Estate,Real Estate Services,315.24,16.3261,0.5466,12.0397,1.9724875405538158,68.02,11.23,12.35,0.044199999999999996,9.08,0.6837301587301587,37.3655,63.513999999999996,11.23,37.3655,0.6837301587301587,12.35,0.044199999999999996,8.9075,83.33333333333334,76.0,60.0,74.66666666666667,50.0,70.96666666666667,1.0,0.8333333333333334,0.75,0.6666666666666666,A+,B+,B,B-,joneslanglasalleinc
JBSS,John B Sanfilippo & Son Inc,Consumer Staples,Packaged Foods & Meats,79.65,13.8813,0.7995,10.6618,2.570565492135006,20.62,5.11,18.11,0.0832,15.24,0.7938530734632684,26.6497,20.62,5.11,26.6497,0.7938530734632684,18.11,0.0832,15.24,75.91765873015873,74.96495475978081,56.61375661375661,87.25146198830409,50.0,70.57613718559581,0.828125,0.78125,0.546875,0.890625,B+,B,C+,B+,johnbsanfilipposoninc
GEF,Greif Inc,Materials,"Metal, Glass & Plastic Containers",66.83,3.4038,0.8121,6.1908,1.089059054932054,211.66,-17.63,39.51,0.1075,22.41,0.5994560994560993,27.4166,211.66,-17.453999999999997,27.4166,0.5994560994560993,29.54,0.1075,14.726499999999989,89.39238777948457,49.13381123058542,84.94623655913978,60.16129032258063,50.0,70.4436763952893,0.9365079365079365,0.4603174603174603,0.9206349206349206,0.6031746031746031,A,C,A-,B-,greifinc
SWX,Southwest Gas Holdings Inc,Utilities,Gas Utilities,93.2,15.3342,3.4758,10.5251,1.6993499803991285,120.15,-21.61,11.62,0.25329999999999997,5.52,0.9554545454545457,27.1487,114.5875,-19.782999999999998,27.1487,0.9554545454545457,11.62,0.25329999999999997,5.52,73.91807786944565,51.69681707609553,73.40425531914893,89.59810874704492,50.0,70.08956846177674,0.7959183673469388,0.5306122448979592,0.8775510204081632,0.9387755102040817,B,C+,B+,A,southwestgasholdingsinc
APP,Applovin Corp,Information Technology,Application Software,460.0,46.3983,26.6425,38.5168,72.90246917493423,114.67,45.98,249.2,0.6847,68.05,0.3907766472558179,64.5855,114.67,45.98,64.5855,0.3907766472558179,108.96000000000001,0.42322000000000004,52.535,29.7969960611176,90.63694352322798,97.69221890374986,75.22989336515147,50.0,70.04567111889276,0.2679738562091503,0.9738562091503268,0.9967320261437909,0.8169934640522876,D+,A+,A+,B+,applovincorp
CPRX,Catalyst Pharmaceuticals Inc,Health Care,Biotechnology,28.74,16.3762,5.9591,8.7245,3.689771603908025,28.29,19.78,24.32,0.43770000000000003,24.32,0.7172464840858621,18.4178,28.29,19.78,18.4178,0.7172464840858621,24.32,0.42408999999999974,24.32,65.38476366720643,68.43630816170862,87.87878787878788,63.346508563899874,50.0,69.67245123162027,0.7272727272727273,0.7575757575757576,0.9242424242424242,0.6363636363636364,B,B,A-,B-,catalystpharmaceuticalsinc
MCY,Mercury General Corp,Financials,Property & Casualty Insurance,96.27,9.8546,0.8898,5.9839,2.2059126800452775,15.61,9.44,25.650000000000002,0.1155,20.16,0.9178156551948755,73.8981,15.61,9.44,72.80332,0.9178156551948755,25.650000000000002,0.1155,20.16,59.809919161022506,43.537640244337425,86.4321608040201,96.85268447500661,50.0,69.63858493512946,0.6038647342995169,0.37681159420289856,0.8695652173913043,0.9951690821256038,B-,C-,B+,A+,mercurygeneralcorp
EAT,Brinker International Inc,Consumer Discretionary,Restaurants,148.14,18.9812,1.486,11.4142,17.77367183375726,58.84,15.07,121.26999999999998,0.1003,51.9,0.5510060698202088,13.91,58.84,15.07,13.91,0.5510060698202088,121.26999999999998,0.1003,40.57,52.55787599158166,90.30737365368682,81.55029467585656,64.67274233637116,50.0,69.52306586487114,0.5586206896551724,0.9586206896551724,0.903448275862069,0.6275862068965518,C+,A,A-,B-,brinkerinternationalinc
HCA,HCA Healthcare Inc,Health Care,Health Care Facilities,433.09,14.1401,1.2576,9.1757,256.99620223118916,29.19,6.71,695.73,0.1567,9.06,0.4551033021366766,26.2506,29.19,6.71,26.2506,0.4551033021366766,101.2055,0.1567,9.06,85.32654792196779,58.01574861919689,71.71717171717172,67.85788923719957,50.0,69.43565748106417,0.9318181818181818,0.6666666666666666,0.75,0.6818181818181818,A,B-,B,B-,hcahealthcareinc
OII,Oceaneering International Inc,Energy,Oil & Gas Equipment & Services,37.07,10.8914,1.3196,9.0656,3.4404031591940525,88.33,2.39,34.53,0.10310000000000001,23.09,0.863687150837989,98.7668,88.33,2.39,98.7668,0.863687150837989,28.447,0.10310000000000001,16.870999999999995,69.91552956465237,74.60893658810326,80.8641975308642,59.07968574635241,50.0,69.43265624077029,0.8245614035087719,0.8771929824561403,0.8947368421052632,0.5789473684210527,B+,B+,B+,C+,oceaneeringinternationalinc
MEDP,Medpace Holdings Inc,Health Care,Life Sciences Tools & Services,417.54,25.9011,4.4524,19.1552,25.740865180107146,21.3,24.19,120.89000000000001,0.2102,120.89000000000001,0.38698956398421774,38.1439,21.3,24.19,38.1439,0.38698956398421774,101.2055,0.2102,31.413499999999967,44.55046649703138,84.39568094740508,90.40404040404042,68.36363636363637,50.0,69.29049018747624,0.4318181818181818,0.9318181818181818,0.9621212121212122,0.7045454545454546,C,A,A,B,medpaceholdingsinc
PRDO,Perdoceo Education Corp,Consumer Discretionary,Education Services,33.64,13.1901,2.493,8.4229,2.1613980981752765,10.81,24.2,16.3,0.23170000000000002,16.08,0.6442166910688141,33.6512,10.81,22.87549999999999,33.6512,0.6442166910688141,16.3,0.23170000000000002,16.08,61.468350331876316,82.55200433369447,69.0523757200413,74.95124593716142,50.0,69.13083156715058,0.6896551724137931,0.896551724137931,0.7241379310344828,0.7862068965517242,B-,B+,B,B,perdoceoeducationcorp
AEP,American Electric Power Company Inc,Utilities,Electric Utilities,136.91,20.7875,3.4857,13.8494,2.3752025453927215,19.33,10.98,12.04,0.2491,4.66,0.9614915915184009,27.3108,19.33,10.98,27.3108,0.9583892009629715,12.04,0.2491,4.66,51.628310898827614,78.38302616285965,69.50354609929077,90.73649754500818,50.0,69.10686899110317,0.6122448979591837,0.8775510204081632,0.8367346938775511,0.9591836734693877,B-,B+,B+,A,americanelectricpowercompanyinc
TDW,Tidewater Inc,Energy,Oil & Gas Equipment & Services,87.85,13.0133,3.2193,8.6044,3.189129732418039,95.77,0.52,28.110000000000003,0.1889,18.19,0.9075306479859895,135.0816,95.77,0.52,135.0816,0.9075306479859895,28.110000000000003,0.1889,16.870999999999995,55.360623781676416,73.10606060606061,83.95061728395062,73.22109988776657,50.0,69.0932423651722,0.6666666666666666,0.8245614035087719,0.9473684210526315,0.8245614035087719,B-,B+,A,B+,tidewaterinc
BFH,Bread Financial Holdings Inc,Financials,Consumer Finance,85.34,6.6442,0.7668,11.6947,1.1311971283976343,96.57,-3.91,16.12,0.1365,2.4699999999999998,0.7358743535721127,78.5729,96.57,-3.91,72.80332,0.7358743535721127,16.12,0.1365,2.4699999999999998,86.22945646104921,50.165994105696804,67.33668341708542,78.10504133571081,50.0,69.04574205781518,0.961352657004831,0.4975845410628019,0.6859903381642513,0.8309178743961353,A,C,B-,B+,breadfinancialholdingsinc
THC,Tenet Healthcare Corp,Health Care,Health Care Facilities,183.27,9.4281,0.7342,5.6971,3.776232421573173,27.35,6.57,40.550000000000004,0.1764,9.8,0.40206276190146667,26.1408,27.35,6.57,26.1408,0.40206276190146667,40.550000000000004,0.1764,9.8,92.92158223455932,52.650768771458424,70.45454545454545,62.63322884012539,50.0,68.90083144459295,0.9848484848484849,0.5378787878787878,0.7159090909090909,0.6212121212121212,A+,C+,B,B-,tenethealthcarecorp
GOOGL,Alphabet Inc,Communication Services,Interactive Media & Services,385.69,29.0703,11.0232,31.8019,11.227094764725575,48.51,17.45,38.98,0.32689999999999997,35.11,0.9955215134773147,139.1135,48.51,17.45,139.1135,0.9618718298276311,38.98,0.32689999999999997,35.11,20.382882882882885,81.06438812083974,91.75425425425425,96.63770913770912,50.0,68.57470373599405,0.12162162162162163,0.9324324324324325,0.9594594594594594,0.9864864864864865,D,A,A,A+,alphabetinc
MD,Pediatrix Medical Group Inc,Health Care,Health Care Services,22.75,11.427,0.9875,8.396,2.18016291327264,34.98,-4.92,19.580000000000002,0.12,11.41,0.8296577946768062,78.5714,34.98,-4.92,78.5714,0.8296577946768062,19.580000000000002,0.12,11.41,89.3765903307888,42.68398268398268,58.838383838383834,89.83549783549785,50.0,68.55763964618926,0.9621212121212122,0.4015151515151515,0.6098484848484849,0.9166666666666666,A,C,B-,A-,pediatrixmedicalgroupinc
CARG,CarGurus Inc,Communication Services,Interactive Media & Services,37.04,21.4269,3.6831,12.1305,9.391956995790862,887.26,1.41,39.290000000000006,0.2695,39.290000000000006,0.8301213418986436,32.7599,544.6700000000001,1.41,32.7599,0.8301213418986436,39.290000000000006,0.2695,35.11,45.52052052052051,68.6699948796723,91.7917917917918,77.15572715572716,50.0,68.49322248515796,0.5405405405405406,0.7567567567567568,1.0,0.7837837837837838,C+,B,A+,B,cargurusinc
SYF,Synchrony Financial,Financials,Consumer Finance,75.76,7.09,0.73096,8.2697,1.5679781443384317,32.06,20.4839,21.41,0.1839285,11.14,0.6488529014844806,44.8289,32.06,20.4839,44.8289,0.6488529014844806,21.41,0.1839285,11.14,73.43480688466487,63.287104232804694,79.89949748743719,61.96790403631058,50.0,68.38457774684858,0.8454106280193237,0.7536231884057971,0.8067632850241546,0.6521739130434783,B+,B,B+,B-,synchronyfinancial
GMED,Globus Medical Inc,Health Care,Health Care Equipment,91.34,22.9349,4.1974,16.4235,2.6974109697862807,428.44,16.65,12.4,0.20329999999999998,12.389999999999999,0.7972584790606261,28.4489,428.44,16.65,28.4489,0.7972584790606261,12.4,0.20329999999999998,12.389999999999999,53.427403809083195,86.18092691622104,63.76262626262626,83.05407011289364,50.0,68.1445069237503,0.5681818181818182,0.9621212121212122,0.6818181818181818,0.8712121212121212,C+,A,B-,B+,globusmedicalinc
TRV,Travelers Companies Inc,Financials,Property & Casualty Insurance,304.72,8.5214,1.3239,6.9463,2.014853527712832,82.92,4.11,24.14,0.20199999999999999,18.790000000000003,0.86860628812764,16.55,82.92,4.11,16.55,0.86860628812764,24.14,0.20199999999999999,18.790000000000003,65.21132231204331,51.831446623575175,83.91959798994975,77.06162390901878,50.0,68.06134418201705,0.7004830917874396,0.5362318840579711,0.8454106280193237,0.8260869565217391,B,C+,B+,B+,travelerscompaniesinc
CCL,Carnival Corp,Consumer Discretionary,"Hotels, Resorts & Cruise Lines",26.66,11.936,1.3703,8.4937,2.847438800358867,50.48,6.1,26.22,0.16269999999999998,8.1,0.5251288659793814,43.1025,50.48,6.1,43.1025,0.5251288659793814,26.22,0.16269999999999998,8.1,69.50947061680428,81.29085542667772,63.87307295308494,67.06710853355426,50.0,68.0172286845187,0.7655172413793103,0.8758620689655172,0.6413793103448275,0.6689655172413793,B,B+,B-,B-,carnivalcorp
LRCX,Lam Research Corp,Information Technology,Semiconductor Materials & Equipment,256.72,47.8588,14.8072,40.6051,33.02799505969535,47.61,26.53,65.79,0.34259999999999996,46.29,0.9064762277440817,257.8977,47.61,26.53,257.8977,0.9064762277440817,65.79,0.34259999999999996,46.29,30.87477816733758,83.17868022249613,91.22191923126866,79.24310386406219,50.0,68.00853116696322,0.28104575163398693,0.9281045751633987,0.9477124183006536,0.8431372549019608,D+,A-,A,B+,lamresearchcorp
NXT,Nextpower Inc,Industrials,Electrical Components & Equipment,119.93,30.0751,4.9419,22.1111,10.728630853871271,4.17,30.02,31.28,0.2051,31.28,0.8706111398278533,186.4342,4.17,21.71699999999999,150.49414,0.8706111398278533,31.28,0.2051,28.207999999999984,32.66521774128633,75.13120164475464,88.94389438943894,87.14521452145215,50.0,67.85756126592267,0.25853658536585367,0.8341463414634146,0.9658536585365853,0.926829268292683,D+,B+,A,A-,nextpowerinc
CNX,CNX Resources Corp,Energy,Oil & Gas Exploration & Production,37.88,4.5619,2.5238,4.7777,1.2454012539494146,,45.18,27.46,0.4461,17.299999999999997,0.6389937106918242,28.0595,,45.18,28.0595,0.6389937106918242,27.46,0.4221149999999998,16.870999999999995,77.64782326185833,69.65020576131687,95.67901234567903,27.90123456790123,50.0,67.84199696772797,0.9122807017543859,0.7543859649122807,1.0,0.19298245614035087,A-,B,A+,D,cnxresourcescorp
HCI,Hci Group Inc,Financials,Property & Casualty Insurance,152.3,6.6175,2.1965,1.8605,1.9006329619424145,74.84,20.1,38.04,0.4866,33.550000000000004,0.21489275596924332,4.7744,74.84,20.1,4.7744,0.21489275596924332,38.04,0.4866,27.17999999999999,69.63683150049766,75.89465431458095,93.46733668341709,34.0148108965882,50.0,67.75793508821252,0.7681159420289855,0.9227053140096618,0.9371980676328503,0.3188405797101449,B,A-,A,C-,hcigroupinc
MCRI,Monarch Casino & Resort Inc,Consumer Discretionary,Casinos & Gaming,117.62,20.5794,3.8277,10.9638,3.8980708493101655,42.37,4.39,18.68,0.2339,18.68,0.9310758577735443,50.4284,42.37,4.39,50.4284,0.9169155080324013,18.68,0.2339,18.68,42.256758944471436,73.78350100603622,75.6700962274831,92.35412474849093,50.0,67.70923894389406,0.4,0.8068965517241379,0.8068965517241379,0.9724137931034482,C-,B+,B+,A+,monarchcasinoresortinc
EWBC,East West Bancorp Inc,Financials,Regional Banks,125.82,12.3749,3.27879,9.0844,1.9451366944734743,19.47,74.7411,16.06,0.5797675999999999,15.740000000000002,0.960112954465231,44.8371,19.47,74.7411,44.8371,0.960112954465231,16.06,0.5797675999999999,15.740000000000002,52.699487777049505,71.95433817080664,66.83417085427136,92.14925200716225,50.0,67.70413269342399,0.5217391304347826,0.8792270531400966,0.6811594202898551,0.961352657004831,C+,B+,B-,A,eastwestbancorpinc
FHI,Federated Hermes Inc,Financials,Asset Management & Custody Banks,54.12,10.1896,2.2692,7.2045,3.454240252238682,23.76,10.77,35.27,0.2895,27.029999999999998,0.7379053694843168,32.7447,23.76,10.77,32.7447,0.7379053694843168,35.27,0.2895,27.029999999999998,52.311072269560356,63.52103158006639,92.46231155778895,68.3718592964824,50.0,67.57192413214707,0.5169082125603864,0.7584541062801933,0.927536231884058,0.748792270531401,C+,B,A-,B,federatedhermesinc
ENVA,Enova International Inc,Financials,Consumer Finance,170.93,13.7929,2.3241,11.125,3.160442421261662,56.49,19.67,24.45,0.4035,5.7700000000000005,0.9344206204379563,86.6048,56.49,19.67,72.80332,0.9344206204379563,24.45,0.4035,5.7700000000000005,39.79923773456655,67.8214025561032,84.42211055276381,89.75684875992866,50.0,67.57098733503896,0.3285024154589372,0.8357487922705314,0.8502415458937198,0.9227053140096618,C-,B+,B+,A-,enovainternationalinc
UTHR,United Therapeutics Corp,Health Care,Biotechnology,570.4,18.7303,7.8547,14.2966,3.508083537161761,13.31,10.61,19.3,0.4689,19.16,0.888346189355809,94.1126,13.31,10.61,94.1126,0.888346189355809,19.3,0.42408999999999974,19.16,53.71269951422624,51.117814298592336,81.56565656565657,92.38471673254281,50.0,67.52009522619772,0.5984848484848485,0.5151515151515151,0.8484848484848485,0.946969696969697,C+,C+,B+,A,unitedtherapeuticscorp
ASB,Associated Banc-Corp,Financials,Regional Banks,28.18,9.8493,2.01062,8.879,0.9400979463296815,232.68,90.85232,9.83,0.359242,8.34,0.8223552894211575,25.4117,109.115,85.46525599999993,25.4117,0.8223552894211575,9.83,0.359242,8.34,88.93622702886412,96.80702530567066,35.427135678391956,60.3315427713279,50.0,67.51855429221374,0.9758454106280193,1.0,0.34057971014492755,0.6376811594202898,A+,A+,C-,B-,associatedbanccorp
SNX,TD Synnex Corp,Information Technology,Technology Distributors,228.2,18.5862,0.2816,10.699,2.163063929818907,50.42,10.39,11.600000000000001,0.0246,7.64,0.9716420026716217,104.0415,50.42,10.39,104.0415,0.9716420026716217,11.600000000000001,0.0246,7.64,90.80061752441962,69.36659584037719,38.33268406700429,81.69316291638069,50.0,67.49527714920755,0.9477124183006536,0.7647058823529411,0.3464052287581699,0.8823529411764706,A,B,C-,B+,tdsynnexcorp
DVN,Devon Energy Corp,Energy,Oil & Gas Exploration & Production,50.56,11.8841,1.8267,5.1154,2.025267779175312,-8.62,7.83,17.47,0.22949999999999998,11.110000000000001,0.9065623641894829,62.2593,-8.62,7.83,62.2593,0.9065623641894829,17.47,0.22949999999999998,11.110000000000001,75.82846003898636,59.19165196942975,74.69135802469135,64.30041152263374,50.0,67.32836721433213,0.8771929824561403,0.6491228070175439,0.8070175438596491,0.6491228070175439,B+,B-,B+,B-,devonenergycorp
VLY,Valley National Bancorp,Financials,Regional Banks,13.51,11.4187,2.27179,12.0754,0.96314251087189,59.34,77.66814,8.49,0.4257981,7.430000000000001,0.8940972222222223,55.1091,59.34,77.66814,55.1091,0.8940972222222223,8.49,0.4257981,7.430000000000001,82.15352122933508,86.26654201691838,25.125628140703515,91.18119332293654,50.0,67.30933441048064,0.927536231884058,0.9806763285024155,0.24154589371980675,0.9468599033816425,A-,A+,D+,A,valleynationalbancorp
RL,Ralph Lauren Corp,Consumer Discretionary,"Apparel, Accessories & Luxury Goods",362.21,23.8799,2.8001,16.0611,8.60572970866774,33.85,12.71,34.74,0.1463,21.84,0.8163085075066232,61.3336,33.85,12.71,61.3336,0.8163085075066232,34.74,0.1463,21.84,29.37995790836976,86.8136511375948,76.89208537275664,91.65763813651137,50.0,67.26226867510285,0.23448275862068965,0.9310344827586207,0.8275862068965517,0.9517241379310345,D+,A,B+,A,ralphlaurencorp
FIX,Comfort Systems USA Inc,Industrials,Construction & Engineering,1867.02,53.7113,6.4844,39.1235,26.82018315676064,107.81,38.43,51.690000000000005,0.157,49.63,0.992968479720619,346.6021,107.05100000000004,21.71699999999999,150.49414,0.9881548103535144,51.690000000000005,0.157,28.207999999999984,12.879336714159217,94.93509252426827,86.63366336633663,91.44271570014143,50.0,67.15381166500592,0.05365853658536585,0.9878048780487805,0.9390243902439024,0.9634146341463414,D-,A+,A,A,comfortsystemsusainc
ESE,ESCO Technologies Inc,Industrials,Industrial Machinery & Supplies & Components,326.96,27.8112,7.0311,33.7766,5.480756336328282,175.22,14.09,21.34,0.1562,18.13,0.9981392103273827,102.7407,107.05100000000004,14.09,102.7407,0.9881548103535144,21.34,0.1562,18.13,23.462931659019564,95.09786612828668,72.93729372937294,95.11203751954143,50.0,67.14203707666374,0.15609756097560976,0.9951219512195122,0.7804878048780488,0.9902439024390244,D,A+,B,A+,escotechnologiesinc
HL,Hecla Mining Co,Materials,Silver,18.06,37.6332,8.508,17.8617,4.671011793916821,746.25,53.03,13.65,0.3618,11.58,0.45684240337964716,230.1645,623.2719999999998,34.48599999999994,173.10159499999995,0.45684240337964716,13.65,0.24933999999999995,11.58,30.389144905273938,97.78972520908005,83.60215053763442,70.35330261136713,50.0,67.12642942481654,0.25396825396825395,1.0,0.9047619047619048,0.746031746031746,D+,A+,A-,B,heclaminingco
TRN,Trinity Industries Inc,Industrials,Construction Machinery & Heavy Transportation Equipment,36.22,11.3987,1.3376,8.5243,2.6832213472408455,86.85,-29.95,24.45,0.3003,3.75,0.9722514927994378,48.5644,86.85,-9.825999999999999,48.5644,0.9722514927994378,24.45,0.29997499999999994,3.75,84.8297512678097,50.44153749391333,63.86138613861385,74.15222772277228,50.0,67.091537394943,0.9170731707317074,0.5170731707317073,0.6634146341463415,0.751219512195122,A-,C+,B-,B,trinityindustriesinc
MAS,Masco Corp,Industrials,Building Products,71.24,17.1909,1.8715,13.3995,94.25774014289493,10.01,-0.31,279.76,0.1664,15.870000000000001,0.6218841110471668,18.1426,10.01,-0.31,18.1426,0.6218841110471668,74.1049999999999,0.1664,15.870000000000001,70.73734202688563,55.636997155280675,82.01320132013201,63.82178217821782,50.0,67.0793917034541,0.8,0.5902439024390244,0.8731707317073171,0.6585365853658537,B,C+,B+,B-,mascocorp
ZION,Zions Bancorporation NA,Financials,Regional Banks,63.26,9.4754,1.56245,8.6953,1.3009099789213923,20.22,53.61248,13.77,0.336199,8.16,0.865002311604253,39.4928,20.22,53.61248,39.4928,0.865002311604253,13.77,0.336199,8.16,75.06857961304105,62.58812898747614,57.78894472361809,81.65771385663953,50.0,67.06354965298792,0.8743961352657005,0.7391304347826086,0.5942028985507246,0.8647342995169082,B+,B,C+,B+,zionsbancorporationna
BTSG,Brightspring Health Services Inc,Health Care,Health Care Services,52.58,32.7753,0.7443,22.3562,5.387460680143857,417.71,17.97,16.72,0.0268,7.07,0.9435787211176786,193.743,417.71,17.97,96.76192999999994,0.9435787211176786,16.72,0.0268,7.07,54.764245508520325,88.26839826839827,44.57070707070707,97.83549783549783,50.0,67.05451736558607,0.6363636363636364,0.9696969696969697,0.4090909090909091,0.9924242424242424,B-,A,C,A+,brightspringhealthservicesinc
MCK,McKesson Corp,Health Care,Health Care Distributors,814.02,22.974,0.2505,17.0162,25.897728754998873,59.37,15.49,39.43,0.014199999999999999,16.23,0.4890055248618784,15.1747,59.37,15.49,15.1747,0.4890055248618784,39.43,0.014199999999999999,16.23,71.85018120132624,80.31620553359684,60.0,64.82213438735178,50.0,66.99021328452129,0.8333333333333334,0.9242424242424242,0.6212121212121212,0.6590909090909091,B+,A-,B-,B-,mckessoncorp
JBL,Jabil Inc,Information Technology,Electronic Manufacturing Services,342.47,44.6619,1.1061,27.4856,24.32850982815819,78.78,19.0,58.989999999999995,0.042800000000000005,17.96,0.9647331557660058,132.0572,78.78,19.0,132.0572,0.9647331557660058,58.989999999999995,0.042800000000000005,17.96,64.94250385952762,80.38583525908464,60.0,72.93091187910044,50.0,66.89897539251892,0.7124183006535948,0.8888888888888888,0.6143790849673203,0.7712418300653595,B,B+,B-,B,jabilinc
STLD,Steel Dynamics Inc,Materials,Steel,229.27,24.101,1.7391,19.8906,3.709918574997735,23.4,10.44,15.25,0.0915,10.56,0.9849617289509232,75.969,23.4,10.44,75.969,0.984925141476683,15.25,0.0915,10.56,44.632189793480116,80.84790317827026,67.74193548387096,87.1857619577308,50.0,66.70026434653799,0.4603174603174603,0.873015873015873,0.6825396825396826,0.9047619047619048,C,B+,B-,A-,steeldynamicsinc
GEV,GE Vernova Inc,Industrials,Heavy Electrical Equipment,1062.95,30.4711,7.2542,38.1505,25.63036050568693,395.59,10.27,87.97,0.1547,82.54,0.8518942599691343,178.0481,107.05100000000004,10.27,150.49414,0.8518942599691343,74.1049999999999,0.1547,28.207999999999984,20.201239636158736,86.57067111863412,86.96369636963696,87.64733616218764,50.0,66.63483545761328,0.11707317073170732,0.9609756097560975,0.9463414634146341,0.9365853658536586,D,A,A,A,gevernovainc
SOLV,Solventum Corp,Health Care,Health Care Technology,66.63,7.4254,1.3879,6.1636,2.2895018967507834,221.66,0.86,36.74,0.252,14.530000000000001,0.16460108443067362,1.5392,221.66,0.86,1.5392,0.16460108443067362,36.74,0.252,14.530000000000001,89.13177577299716,56.32575757575757,79.7979797979798,40.4040404040404,50.0,66.57839848870384,0.9545454545454546,0.6439393939393939,0.821969696969697,0.3939393939393939,A,B-,B+,C-,solventumcorp
TILE,Interface Inc,Industrials,Office Services & Supplies,27.83,14.0061,1.1725,9.0834,2.5147060152346183,14.79,5.41,19.759999999999998,0.11599999999999999,13.34,0.5569080949482653,47.6393,14.79,5.41,47.6393,0.5569080949482653,19.759999999999998,0.11599999999999999,13.34,83.99983900829108,63.60726072607261,61.38613861386139,62.10967250571211,50.0,66.48988105189505,0.9121951219512195,0.6926829268292682,0.6292682926829268,0.6390243902439025,A-,B-,B-,B-,interfaceinc
LLY,Eli Lilly and Co,Health Care,Pharmaceuticals,963.33,36.0084,12.5976,28.4499,34.30014990048175,128.83,47.44,101.30999999999999,0.4363,37.71,0.6655624595722994,21.3109,128.83,47.44,21.3109,0.6655624595722994,101.2055,0.42408999999999974,31.413499999999967,24.309892821343198,92.65231500525618,97.72727272727273,61.81818181818182,50.0,66.40339075184158,0.16666666666666666,0.9848484848484849,1.0,0.6060606060606061,D,A+,A+,B-,elilillyandco
DINO,HF Sinclair Corp,Energy,Oil & Gas Refining & Marketing,69.17,10.1296,0.6121,5.4034,1.3691498879660493,665.67,-27.05,13.11,0.056100000000000004,10.07,0.9663654618473895,121.2024,354.4839999999996,-10.899000000000001,121.2024,0.9663654618473895,13.11,0.056100000000000004,10.07,87.42690058479532,51.25230594579253,51.85185185185185,81.1749680715198,50.0,66.30514291262426,0.9649122807017544,0.543859649122807,0.5175438596491229,0.8947368421052632,A,C+,C+,B+,hfsinclaircorp
ECG,Everus Construction Group Inc,Industrials,Construction & Engineering,149.14,37.7278,2.0319,28.1066,12.07836277201422,40.52,31.47,37.07,0.0707,24.27,0.9932206495350647,248.1326,40.52,21.71699999999999,150.49414,0.9881548103535144,37.07,0.0707,24.27,34.871609112130734,85.18340496399826,68.81188118811882,91.44271570014143,50.0,66.24609670789033,0.28292682926829266,0.9463414634146341,0.7317073170731707,0.9634146341463414,D+,A,B,A,everusconstructiongroupinc
EXPE,Expedia Group Inc,Consumer Discretionary,"Hotels, Resorts & Cruise Lines",251.84,23.8478,2.0946,11.2241,24.026407678070562,9.19,7.61,114.29,0.1274,17.65,0.6653140096618357,59.4328,9.19,7.61,59.4328,0.6653140096618357,114.29,0.1274,17.65,43.61178565646753,72.4380695940348,77.26667332600806,82.66777133388567,50.0,66.24078293120299,0.4068965517241379,0.7931034482758621,0.8413793103448276,0.8551724137931035,C,B,B+,B+,expediagroupinc
PM,Philip Morris International Inc,Consumer Staples,Tobacco,166.38,22.851,6.3795,18.8405,1253.8055764883193,60.61,7.31,575.44,0.3664,44.05,0.4933929660500098,-2.1582,60.61,7.31,-2.1582,0.4933929660500098,149.049,0.3664,29.567835999999996,28.78637566137566,88.12740522394171,96.2962962962963,61.42167011732229,50.0,66.18048305767078,0.265625,0.9375,1.0,0.578125,D+,A,A+,C+,philipmorrisinternationalinc
DVA,DaVita Inc,Health Care,Health Care Services,151.65,13.391,0.733,7.5111,100.83782166367445,-7.8,6.46,181.22,0.14880000000000002,9.56,0.8669976035604248,7.9821,-7.8,6.46,7.9821,0.8669976035604248,101.2055,0.14880000000000002,9.56,90.39247436194,34.24242424242424,70.70707070707071,70.26839826839826,50.0,66.17705076941718,0.9696969696969697,0.22727272727272727,0.7272727272727273,0.7196969696969697,A,D+,B,B,davitainc
FAF,First American Financial Corp,Financials,Property & Casualty Insurance,68.52,10.3793,0.9058,6.5892,1.2708492915924008,329.61,22.59,11.87,0.1388,8.09,0.8394994559303589,13.2188,109.115,22.59,13.2188,0.8394994559303589,11.87,0.1388,8.09,73.93853324593984,85.51745107446641,47.73869346733669,67.78365511769373,50.0,66.07952791675116,0.855072463768116,0.9758454106280193,0.45893719806763283,0.7391304347826086,B+,A+,C,B,firstamericanfinancialcorp
EXEL,Exelixis Inc,Health Care,Biotechnology,43.68,14.1777,4.7821,11.7781,5.304769191532772,39.67,6.85,36.89,0.3759,36.89,0.6255909234163253,12.3168,39.67,6.85,12.3168,0.6255909234163253,36.89,0.3759,31.413499999999967,66.1114966458478,51.96172248803828,92.17171717171716,55.40184453227933,50.0,66.04351685845475,0.7651515151515151,0.5303030303030303,0.9772727272727273,0.553030303030303,B,C+,A+,C+,exelixisinc
GL,Globe Life Inc,Financials,Life & Health Insurance,152.72,10.1767,1.9725,9.1687,2.021747821643504,17.67,3.96,20.64,0.2625,13.889999999999999,0.9463026166097835,29.7316,17.67,3.96,29.7316,0.9463026166097835,20.64,0.2625,13.889999999999999,61.095331731119366,49.912859101849406,79.39698492462311,79.46398659966499,50.0,65.9984483042385,0.6183574879227053,0.4492753623188406,0.8019323671497585,0.8357487922705314,B-,C,B+,B+,globelifeinc
SBH,Sally Beauty Holdings Inc,Consumer Discretionary,Specialty Stores,14.03,7.5436,0.3672,5.1181,1.7290036354673732,5.62,-0.45,23.43,0.0816,10.96,0.6119700748129674,73.6386,5.62,-0.45,73.6386,0.6119700748129674,23.43,0.0816,10.96,91.68042739193783,48.11089924160347,54.97619285452669,73.28277356446371,50.0,65.94288962282957,0.9724137931034482,0.4413793103448276,0.5379310344827586,0.7586206896551724,A+,C,C+,B,sallybeautyholdingsinc
SEZL,Sezzle Inc,Financials,Transaction & Payment Processing Services,85.46,21.6983,6.4153,16.6302,17.00933463368031,69.54,66.08,91.62,0.3926,51.25999999999999,0.262022733896823,64.2514,69.54,66.08,64.2514,0.262022733896823,53.26099999999997,0.3926,27.17999999999999,16.241837205350425,91.86648667493148,97.73869346733667,69.7132722435708,50.0,65.81108445187223,0.0821256038647343,0.9903381642512077,0.9782608695652174,0.7632850241545893,D-,A+,A+,B,sezzleinc
ULTA,Ulta Beauty Inc,Consumer Discretionary,Other Specialty Retail,531.95,20.17,1.8774,12.49,8.38042514174805,1.06,41.38,44.07,0.12369999999999999,40.57,0.44365761122826136,35.3803,1.06,22.87549999999999,35.3803,0.44365761122826136,44.07,0.12369999999999999,40.57,44.90853164966813,78.22300469483568,81.28891552625446,67.95774647887325,50.0,65.78551202872242,0.43448275862068964,0.8482758620689655,0.896551724137931,0.696551724137931,C,B+,B+,B-,ultabeautyinc
AWI,Armstrong World Industries Inc,Industrials,Building Products,168.46,23.2902,4.4359,17.0423,8.02679728596478,17.56,12.11,36.09,0.2659,22.900000000000002,0.37299999999999994,14.747,17.56,12.11,14.747,0.37299999999999994,36.09,0.2659,22.900000000000002,45.09538758753924,82.91737143947354,89.76897689768977,52.01485148514851,50.0,65.70253570623166,0.44390243902439025,0.9219512195121952,0.975609756097561,0.5073170731707317,C,A-,A+,C+,armstrongworldindustriesinc
USB,US Bancorp,Financials,Diversified Banks,56.3,11.1955,2.0972,16.5585,1.3428805861924207,17.02,84.11849,12.21,0.25222680000000003,5.489999999999999,0.7693396226415093,39.0123,17.02,84.11849,39.0123,0.7693396226415093,12.21,0.25222680000000003,5.489999999999999,68.77867598863884,71.1144922529035,51.75879396984925,81.36838036335523,50.0,65.63094201287377,0.748792270531401,0.8695652173913043,0.5362318840579711,0.8454106280193237,B,B+,C+,B+,usbancorp
ALLY,Ally Financial Inc,Financials,Consumer Finance,43.41,9.575,0.88959,12.5737,0.8640903861235961,387.77,37.40411,9.19,0.158682,4.17,0.7460025004935181,34.4379,109.115,37.40411,34.4379,0.7460025004935181,9.19,0.158682,4.17,91.17811278615298,86.95823263493871,30.65326633165829,63.71535094828984,50.0,65.59256149609854,0.9903381642512077,0.9855072463768116,0.2946859903381642,0.6763285024154589,A+,A+,D+,B-,allyfinancialinc
ES,Eversource Energy,Utilities,Electric Utilities,71.07,15.7834,1.9717,12.6408,1.6315764099809222,97.9,13.83,10.6,0.1996,3.6999999999999997,0.709466811751904,20.2945,97.9,13.83,20.2945,0.709466811751904,10.6,0.1996,3.6999999999999997,77.0878564191634,89.02606798073958,46.80851063829787,58.69067103109656,50.0,65.51743956673255,0.8367346938775511,0.9795918367346939,0.40816326530612246,0.5306122448979592,B+,A+,C,C+,eversourceenergy
URBN,Urban Outfitters Inc,Consumer Discretionary,Apparel Retail,69.01,12.7062,0.9581,7.628,2.1987370245521918,18.83,11.07,17.66,0.09820000000000001,17.66,0.5383689437255494,30.6265,18.83,11.07,30.6265,0.5383689437255494,17.66,0.09820000000000001,17.66,72.74728832766716,81.55123846527441,59.68601205340792,55.444390480815926,50.0,65.50745088448684,0.8,0.8827586206896552,0.5862068965517241,0.5310344827586206,B,B+,C+,C+,urbanoutfittersinc
ANF,Abercrombie & Fitch Co,Consumer Discretionary,Apparel Retail,84.54,7.4921,0.7212,3.5571,2.7101191888235636,-1.56,6.42,38.98,0.1328,38.98,0.2821460242388413,22.4862,-1.56,6.42,22.4862,0.2821460242388413,38.98,0.1328,38.98,85.50267119961144,55.88635259834871,80.68458029500881,38.73725109276348,50.0,65.4715336118775,0.9310344827586207,0.5655172413793104,0.8827586206896552,0.3448275862068966,A,C+,B+,C-,abercrombiefitchco
VRRM,Verra Mobility Corp,Industrials,Data Processing & Outsourced Services,14.89,16.5545,2.3102,8.5782,7.804801341859735,388.68,11.36,40.550000000000004,0.2421,9.99,0.08795331388078366,-31.4141,107.05100000000004,11.36,-31.4141,0.08795331388078366,40.550000000000004,0.2421,9.99,75.23142558158254,88.90595932228784,78.87788778877889,20.09139375476009,50.0,65.32679895799994,0.8439024390243902,0.975609756097561,0.848780487804878,0.15121951219512195,B+,A+,B+,D,verramobilitycorp
EME,EMCOR Group Inc,Industrials,Construction & Engineering,903.5,31.5456,2.3638,21.9238,10.948489387175423,31.03,16.62,39.129999999999995,0.1009,37.61,0.9955443607060783,119.0197,31.03,16.62,119.0197,0.9881548103535144,39.129999999999995,0.1009,28.207999999999984,41.12291716976575,71.42836228794391,77.55775577557756,81.6916548797737,50.0,65.29417166987935,0.3804878048780488,0.775609756097561,0.8292682926829268,0.848780487804878,C-,B,B+,B+,emcorgroupinc
FSLR,First Solar Inc,Information Technology,Semiconductors,211.71,13.6601,4.1979,9.2461,2.3819006601952233,31.57,27.3,18.01,0.3176,16.75,0.5457297495642602,67.2671,31.57,27.3,67.2671,0.5457297495642602,18.01,0.3176,16.75,80.14832128583589,74.3487284928419,77.10254079556768,30.304254151991927,50.0,65.24331204931767,0.8431372549019608,0.869281045751634,0.7973856209150327,0.23529411764705882,B+,B+,B,D+,firstsolarinc
PTC,PTC Inc,Information Technology,Application Software,136.53,19.8544,5.6808,15.0348,4.265362866693742,109.43,23.62,22.470000000000002,0.3804,16.71,0.06351351351351367,-12.6711,109.43,23.62,-12.6711,0.0760286039092009,22.470000000000002,0.3804,16.71,65.91207491090624,83.32531448247892,81.49446680806246,33.15668389059985,50.0,65.14803510435793,0.7254901960784313,0.934640522875817,0.8496732026143791,0.2679738562091503,B,A,B+,D+,ptcinc
ARWR,Arrowhead Pharmaceuticals Inc,Health Care,Biotechnology,74.81,51.7925,9.6022,32.8074,21.782552993244817,,43539.24,36.120000000000005,0.2755,17.330000000000002,0.9696828358208954,432.8348,,51.467499999999895,96.76192999999994,0.9578858403006005,36.120000000000005,0.2755,17.330000000000002,21.524404348831826,72.87549407114625,82.32323232323233,97.70750988142294,50.0,65.07850995852988,0.12878787878787878,0.8409090909090909,0.8712121212121212,0.9848484848484849,D,B+,B+,A+,arrowheadpharmaceuticalsinc
HRMY,Harmony Biosciences Holdings Inc,Health Care,Biotechnology,31.83,11.6072,2.1209,5.4097,2.1114567924165333,8.31,21.51,19.84,0.24,16.36,0.4110749185667752,6.5975,8.31,21.51,6.5975,0.4110749185667752,19.84,0.24,16.36,82.82249980723263,65.25067609735802,74.36868686868686,38.6429512516469,50.0,65.07652213878086,0.9015151515151515,0.7272727272727273,0.7765151515151515,0.36363636363636365,A-,B,B,C-,harmonybiosciencesholdingsinc
NJR,New Jersey Resources Corp,Utilities,Gas Utilities,56.0,17.2808,4.0983,13.0472,2.3526742764476296,-2.62,30.14,13.389999999999999,0.3618,5.489999999999999,0.8806179775280897,14.496,-2.62,21.16299999999999,14.496,0.8806179775280897,13.389999999999999,0.3618,5.489999999999999,57.24417426545086,64.99297632507623,82.97872340425532,59.57446808510638,50.0,64.96921329946306,0.6530612244897959,0.6938775510204082,0.9183673469387755,0.5714285714285714,B-,B-,A-,C+,newjerseyresourcescorp
DECK,Deckers Outdoor Corp,Consumer Discretionary,Footwear,100.88,13.7703,2.6643,9.0299,6.0295260295260285,14.74,9.16,41.36,0.2382,41.36,0.40297138664710186,-9.2234,14.74,9.16,-9.2234,0.40297138664710186,41.36,0.2382,40.57,58.69030273595596,80.30443530749716,89.96936702960078,33.643600734843844,50.0,64.95452464985739,0.6551724137931034,0.8620689655172413,0.9862068965517241,0.296551724137931,B-,B+,A+,D+,deckersoutdoorcorp
OTTR,Otter Tail Corp,Utilities,Electric Utilities,90.78,13.8044,6.7199,9.2822,2.0433244199551632,-8.68,8.05,15.36,0.6099,9.66,0.9210810810810814,14.3901,-8.68,8.05,14.3901,0.9210810810810814,15.36,0.38924000000000003,7.921999999999993,65.21927920104213,31.881685998244738,95.03546099290782,66.72122204037098,50.0,64.78426665621063,0.7142857142857143,0.22448979591836735,0.9897959183673469,0.673469387755102,B,D+,A+,B-,ottertailcorp
PLUS,ePlus inc,Information Technology,Technology Distributors,85.21,16.9346,0.9533,9.9941,2.312014825547479,28.46,11.01,12.93,0.0692,12.809999999999999,0.7248195795418887,35.2325,28.46,11.01,35.2325,0.7248195795418887,12.93,0.0692,12.809999999999999,90.81504566506514,66.45082742683437,52.82719415948867,52.85816313280279,50.0,64.77235806806588,0.954248366013072,0.7189542483660131,0.5490196078431373,0.5032679738562091,A,B,C+,C+,eplusinc
SFM,Sprouts Farmers Market Inc,Consumer Staples,Food Retail,81.19,14.5807,0.8671,8.9243,5.550845719442659,41.08,14.08,38.21,0.0779,37.16,0.14021321961620467,-52.703,41.08,13.972999999999999,-51.65672,0.14021321961620467,38.21,0.0779,29.567835999999996,75.95899470899471,95.01645247407959,74.86772486772487,15.03052503052503,50.0,64.71607539510082,0.84375,0.984375,0.8203125,0.078125,B+,A+,B+,D-,sproutsfarmersmarketinc
APH,Amphenol Corp,Information Technology,Electronic Components,142.3,40.9686,7.5752,26.0226,13.011951244044953,74.13,51.71,35.77,0.2541,19.74,0.7217723796671167,80.9742,74.13,47.995000000000005,80.9742,0.7217723796671167,35.77,0.2541,19.74,46.65339277727279,88.61480838128325,82.43518157815002,47.6335788178406,50.0,64.52182102868048,0.5098039215686274,0.9607843137254902,0.869281045751634,0.4444444444444444,C+,A,B+,C,amphenolcorp
GILD,Gilead Sciences Inc,Health Care,Biotechnology,131.65,19.1995,5.5499,16.6608,7.196623900553756,1903.07,2.4,41.02,0.3404,21.57,0.5864182595370596,27.5061,476.4779999999973,2.4,27.5061,0.5864182595370596,41.02,0.3404,21.57,52.16092219909013,59.52153110047847,87.62626262626263,63.2806324110672,50.0,64.50722890864732,0.5378787878787878,0.6893939393939394,0.9166666666666666,0.6287878787878788,C+,B-,A-,B-,gileadsciencesinc
DG,Dollar General Corp,Consumer Staples,Consumer Staples Merchandise Retail,114.43,16.6636,0.5898,8.8362,2.959156757986853,33.92,5.2,18.66,0.0516,11.28,0.3914976382328426,26.3722,33.92,5.2,26.3722,0.3914976382328426,18.66,0.0516,11.28,76.49636243386243,80.60160178804246,47.61904761904762,61.77045177045177,50.0,64.50326322492636,0.859375,0.859375,0.421875,0.59375,B+,B+,C,C+,dollargeneralcorp
YOU,Clear Secure Inc,Information Technology,Application Software,54.98,67.4016,8.1686,33.6199,41.20821466047069,5.72,16.91,77.38000000000001,0.2018,77.38000000000001,0.8727374771993824,125.3279,5.72,16.91,125.3279,0.8727374771993824,77.38000000000001,0.2018,52.535,36.13816387482145,55.21905924622529,87.21017472478322,87.93295651385633,50.0,64.4674878019175,0.32679738562091504,0.6013071895424836,0.8954248366013072,0.9411764705882353,C-,B-,B+,A,clearsecureinc
BOOT,Boot Barn Holdings Inc,Consumer Discretionary,Apparel Retail,171.47,23.8205,2.405,13.6694,4.638097479300728,27.79,17.5,18.279999999999998,0.13449999999999998,18.07,0.6312987259935349,59.1664,27.79,17.5,59.1664,0.6312987259935349,18.279999999999998,0.13449999999999998,18.07,35.66456208515461,91.25983487129673,67.91695801285253,76.26032054395337,50.0,64.39941110755181,0.31724137931034485,0.9655172413793104,0.7103448275862069,0.8,C-,A,B,B,bootbarnholdingsinc
CMC,Commercial Metals Co,Materials,Steel,68.66,15.0697,0.9078,14.9835,1.8206840956641412,638.58,8.38,11.88,0.0816,7.6499999999999995,0.5970668655232412,51.4002,623.2719999999998,8.38,51.4002,0.5970668655232412,11.88,0.0816,7.6499999999999995,69.04761904761905,87.35442039112783,54.83870967741936,54.46051167964405,50.0,64.33456859541397,0.7936507936507936,0.9523809523809523,0.5634920634920635,0.5238095238095238,B,A,C+,C+,commercialmetalsco
UGI,UGI Corp,Utilities,Gas Utilities,35.4,11.2067,3.3384,8.9607,1.589375429333405,150.04,0.22,14.09,0.48200000000000004,5.6899999999999995,0.38888888888888856,7.0457,114.5875,0.22,7.0457,0.38888888888888856,14.09,0.38924000000000003,5.6899999999999995,80.89448545375596,57.48877925103642,90.07092198581562,25.468873128447594,50.0,64.33288233578969,0.8979591836734694,0.6326530612244898,0.9387755102040817,0.24489795918367346,B+,B-,A,D+,ugicorp
PEGA,Pegasystems Inc,Information Technology,Application Software,36.2,15.3763,3.4652,22.1012,7.8317684219635675,403.79,16.61,60.07,0.1506,60.07,0.05523471049903753,-21.3898,241.03349999999992,16.61,-21.3898,0.0760286039092009,60.07,0.1506,52.535,71.2952141857479,81.31464430346816,82.18773896607945,23.432830335682944,50.0,64.32023321578706,0.7777777777777778,0.9084967320261438,0.8627450980392157,0.16339869281045752,B,A-,B+,D,pegasystemsinc
UHS,Universal Health Services Inc,Health Care,Health Care Facilities,167.0,6.8444,0.5868,5.3811,1.4015922759676442,37.51,9.71,21.07,0.1148,12.690000000000001,0.1560918835880218,-4.3692,37.51,9.71,-4.3692,0.1560918835880218,21.07,0.1148,12.690000000000001,95.45069010717866,70.42543663233319,60.98484848484848,30.07314524555904,50.0,64.20860102358523,1.0,0.7954545454545454,0.6287878787878788,0.26515151515151514,A+,B,B-,D+,universalhealthservicesinc
TMDX,Transmedics Group Inc,Health Care,Health Care Equipment,100.01,18.1551,5.7057,31.8541,7.2439519049688545,362.68,37.13,53.879999999999995,0.1793,22.009999999999998,0.16307922272047848,10.5694,362.68,37.13,10.5694,0.16307922272047848,53.879999999999995,0.1793,22.009999999999998,41.728352224535435,94.26455733808675,80.55555555555556,48.805704099821746,50.0,64.18502923260445,0.38636363636363635,0.9924242424242424,0.8409090909090909,0.4696969696969697,C-,A+,B+,C,transmedicsgroupinc
KOP,Koppers Holdings Inc,Materials,Commodity Chemicals,41.91,14.4718,0.4312,7.6579,1.4205431348888917,14.14,-10.17,10.45,0.07490000000000001,3.7699999999999996,0.9851767388825539,66.6402,14.14,-10.17,66.6402,0.984925141476683,10.45,0.07490000000000001,3.7699999999999996,92.01228878648233,39.29335430036692,43.01075268817204,87.3772791023843,50.0,64.08988704921384,0.9841269841269841,0.25396825396825395,0.36507936507936506,0.9206349206349206,A+,D+,C-,A-,koppersholdingsinc
M,Macy's Inc,Consumer Discretionary,Broadline Retail,19.69,8.0763,0.2296,3.465,1.0655280830776392,13.23,-1.67,14.219999999999999,0.0412,9.07,0.6596971881759194,68.8679,13.23,-1.67,68.8679,0.6596971881759194,14.219999999999999,0.0412,9.07,95.39258539744212,45.25070422535211,39.547331268937505,81.44225352112676,50.0,64.07357071589068,0.993103448275862,0.41379310344827586,0.3724137931034483,0.8413793103448276,A+,C,C-,B+,macysinc
NEE,Nextera Energy Inc,Utilities,Multi-Utilities,96.95,24.7066,7.255,19.282,3.6981232834909976,47.29,10.29,15.24,0.2954,5.4399999999999995,0.9483796960137655,46.7827,47.29,10.29,45.80316999999999,0.9483796960137655,15.24,0.2954,5.4399999999999995,11.622521348965117,81.85882880609985,82.2695035460993,95.95099935525468,50.0,64.03497185603702,0.061224489795918366,0.9183673469387755,0.8979591836734694,1.0,D-,A-,B+,A+,nexteraenergyinc
DXPE,DXP Enterprises Inc,Industrials,Trading Companies & Distributors,168.9,29.5646,1.3002,16.8591,5.256900265179339,26.99,11.89,18.67,0.0877,7.7,0.9481812639707378,89.8179,26.99,11.89,89.8179,0.9481812639707378,18.67,0.0877,7.7,56.24325847218868,84.54317689019848,46.03960396039603,82.65041888804265,50.0,64.0094347637944,0.5902439024390244,0.9317073170731708,0.4292682926829268,0.8682926829268293,C+,A,C,B+,dxpenterprisesinc
RRC,Range Resources Corp,Energy,Oil & Gas Exploration & Production,42.63,11.1285,3.1269,7.9664,2.3242247132202207,152.9,23.03,20.93,0.3124,16.64,0.6384468491406747,24.5763,152.9,23.03,24.5763,0.6384468491406747,20.93,0.3124,16.64,63.125406107862254,84.45767195767196,85.80246913580248,24.09465020576132,50.0,63.94243324360284,0.7894736842105263,0.9649122807017544,0.9649122807017544,0.14035087719298245,B,A,A,D,rangeresourcescorp
THG,Hanover Insurance Group Inc,Financials,Property & Casualty Insurance,186.84,9.924,0.9994,7.6829,1.8519216015890607,55.07,5.61,19.99,0.132,15.299999999999999,0.8443152454780365,12.8329,55.07,5.61,12.8329,0.8443152454780365,19.99,0.132,15.299999999999999,64.84475517685044,48.33123051336316,78.39195979899498,67.31023538746363,50.0,63.93747192412671,0.6956521739130435,0.42995169082125606,0.7922705314009661,0.7342995169082126,B-,C,B,B,hanoverinsurancegroupinc
FIVE,Five Below Inc,Consumer Discretionary,Specialty Stores,230.52,35.505,2.6728,18.4903,5.804677585060736,40.49,22.9,18.14,0.096,18.14,0.8812376933895922,205.8917,40.49,22.87549999999999,78.51316499999996,0.8812376933895922,18.14,0.096,18.14,23.60369111219038,92.97046587215601,61.10944627576333,95.75839653304442,50.0,63.92405682802851,0.1793103448275862,0.9724137931034482,0.6275862068965518,0.993103448275862,D,A+,B-,A+,fivebelowinc
ASO,Academy Sports and Outdoors Inc,Consumer Discretionary,Specialty Stores,53.83,9.1987,0.5725,5.6097,1.6100569486983154,-3.5,2.02,18.07,0.08460000000000001,14.66,0.6613600628930817,43.203,-3.5,2.02,43.203,0.6613600628930817,18.07,0.08460000000000001,14.66,85.69855917111867,48.0602383531961,54.501714780408214,70.36836403033588,50.0,63.735788964588124,0.9379310344827586,0.43448275862068964,0.5172413793103449,0.7103448275862069,A,C,C+,B,academysportsandoutdoorsinc
CATY,Cathay General Bancorp,Financials,Regional Banks,56.41,11.3619,3.2522,9.3503,1.2958134726928157,22.47,54.98545,11.37,0.5396866,10.86,0.9769673704414583,34.1498,22.47,54.98545,34.1498,0.9602574007634097,11.37,0.5396866,10.86,68.07345908285387,66.78758526027147,45.22613065326633,85.24807947784902,50.0,63.732030381654155,0.7391304347826086,0.8164251207729468,0.43478260869565216,0.8888888888888888,B,B+,C,B+,cathaygeneralbancorp
JNJ,Johnson & Johnson,Health Care,Pharmaceuticals,227.19,25.9954,5.6759,14.8253,6.708775535514962,-3.89,7.87,33.78,0.2588,20.849999999999998,0.7677920356077464,47.0866,-3.89,7.87,47.0866,0.7677920356077464,33.78,0.2588,20.849999999999998,47.64052741151977,52.9222085104438,82.07070707070707,78.57031857031856,50.0,63.726314036709184,0.48484848484848486,0.5454545454545454,0.8636363636363636,0.803030303030303,C,C+,B+,B+,johnsonjohnson
SCHL,Scholastic Corp,Consumer Discretionary,Publishing,40.35,13.9921,0.5435,4.108,1.0657686212361333,403.61,1.38,6.909999999999999,0.010700000000000001,5.48,0.8857572341225104,119.0554,208.1519999999999,1.38,78.51316499999996,0.8857572341225104,6.909999999999999,0.010700000000000001,5.48,82.49959527278615,66.82368850785875,22.678387107515068,95.22300469483568,50.0,63.703834235614195,0.9172413793103448,0.7034482758620689,0.1724137931034483,0.9862068965517241,A-,B,D,A+,scholasticcorp
NVDA,NVIDIA Corp,Information Technology,Semiconductors,198.45,40.1637,22.332,34.5274,30.663329161451813,66.76,65.47,104.37,0.6038,97.21,0.8266591198528371,77.8066,66.76,47.995000000000005,77.8066,0.8266591198528371,104.37,0.42322000000000004,52.535,33.95662900921958,88.54438596129432,96.69884142030617,41.51933621130572,50.0,63.67661204190145,0.3006535947712418,0.954248366013072,0.9869281045751634,0.35294117647058826,C-,A,A+,C-,nvidiacorp
LECO,Lincoln Electric Holdings Inc,Industrials,Industrial Machinery & Supplies & Components,266.25,27.1101,3.3556,17.9529,9.935220496593105,19.5,7.89,37.29,0.17,19.8,0.6737752591156514,49.8818,19.5,7.89,49.8818,0.6737752591156514,37.29,0.17,19.8,44.43049182967078,75.10111762782068,83.003300330033,58.97516067396214,50.0,63.67370370028251,0.43414634146341463,0.8292682926829268,0.8829268292682927,0.6048780487804878,C,B+,B+,B-,lincolnelectricholdingsinc
COLL,Collegium Pharmaceutical Inc,Health Care,Pharmaceuticals,34.32,17.6906,1.4249,10.0717,3.607201790988302,-5.88,23.62,24.11,0.2096,5.82,0.33134902909861697,26.8293,-5.88,23.62,26.8293,0.33134902909861697,24.11,0.2096,5.82,80.01966227157067,65.00479912244617,63.63636363636365,48.60916860916861,50.0,63.63680002330654,0.8787878787878788,0.7196969696969697,0.6742424242424242,0.4621212121212121,B+,B,B-,C,collegiumpharmaceuticalinc
VLO,Valero Energy Corp,Energy,Oil & Gas Refining & Marketing,246.87,17.547,0.5913,12.6932,3.110616062507167,383.82,-2.78,17.630000000000003,0.0466,12.120000000000001,0.9197952680186418,114.8938,354.4839999999996,-2.78,114.8938,0.9197952680186418,17.630000000000003,0.0466,12.120000000000001,57.69980506822612,76.09266354477082,60.0,69.96168582375479,50.0,63.63582114076165,0.7192982456140351,0.8947368421052632,0.6140350877192983,0.7368421052631579,B,B+,B-,B,valeroenergycorp
NI,NiSource Inc,Utilities,Multi-Utilities,48.08,24.7956,3.5334,12.9949,2.4341592328955763,17.43,23.47,10.23,0.2814,3.7600000000000002,0.9234693877551021,23.4086,17.43,21.16299999999999,23.4086,0.9234693877551021,10.23,0.2814,3.7600000000000002,42.33608336951803,87.56342331735488,59.57446808510638,78.01418439716312,50.0,63.5931594065597,0.42857142857142855,0.9591836734693877,0.5714285714285714,0.8775510204081632,C,A,C+,B+,nisourceinc
MATX,Matson Inc,Industrials,Marine Transportation,173.55,11.8689,1.5785,8.5328,1.9122576209333535,-1.03,-2.26,16.63,0.1494,14.63,0.9219465445639443,57.5293,-1.03,-2.26,57.5293,0.9219465445639443,16.63,0.1494,14.63,82.55091362794816,33.78084881087641,63.28382838283829,76.42621404997642,50.0,63.50009807486718,0.8926829268292683,0.23902439024390243,0.6487804878048781,0.7609756097560976,B+,D+,B-,B,matsoninc
PFBC,Preferred Bank,Financials,Regional Banks,95.47,9.4886,2.84979,7.4043,1.4726138857910578,15.88,79.98955,17.48,0.7110449,14.66,0.6767590618336888,18.7143,15.88,79.98955,18.7143,0.6767590618336888,17.48,0.61004216,14.66,71.81195834243681,71.44844362386834,73.86934673366834,38.40582221452088,50.0,63.391179436704135,0.8164251207729468,0.8743961352657005,0.748792270531401,0.3526570048309179,B+,B+,B,C-,preferredbank
SSD,Simpson Manufacturing Co Inc,Industrials,Building Products,192.05,22.9258,3.3913,14.4114,3.9034235494020373,8.57,4.51,17.630000000000003,0.19640000000000002,14.81,0.6711492451117897,24.8456,8.57,4.51,24.8456,0.6711492451117897,17.630000000000003,0.19640000000000002,14.81,55.58882717540047,64.58463253572985,70.46204620462046,69.64851485148516,50.0,63.35934782244824,0.5804878048780487,0.7073170731707317,0.7439024390243902,0.7268292682926829,C+,B,B,B,simpsonmanufacturingcoinc
NATL,NCR Atleos Corp,Financials,Transaction & Payment Processing Services,44.52,18.3432,0.7536,6.6979,8.14176770724749,94.63,0.93,52.72,0.1244,5.59,0.8404170008019247,58.6035,94.63,0.93,58.6035,0.8404170008019247,52.72,0.1244,5.59,21.62381958099677,56.14706429519478,94.9748743718593,89.48566361217854,50.0,63.27621906968869,0.1497584541062802,0.6183574879227053,0.9516908212560387,0.9130434782608695,D,B-,A,A-,ncratleoscorp
PFS,Provident Financial Services Inc,Financials,Regional Banks,22.38,10.0166,2.313,7.439,1.0317881100020745,134.42,36.72119,10.620000000000001,0.4091399,8.959999999999999,0.8015982330094678,34.0923,109.115,36.72119,34.0923,0.8015982330094678,10.620000000000001,0.4091399,8.959999999999999,84.70371179569345,65.19311070429713,40.20100502512563,69.97054236700745,50.0,63.258909819465686,0.9468599033816425,0.7922705314009661,0.3864734299516908,0.7729468599033816,A,B,C-,B,providentfinancialservicesinc
MTDR,Matador Resources Co,Energy,Oil & Gas Exploration & Production,62.36,10.2055,2.0962,4.5685,1.3695320838585843,-14.57,5.46,13.919999999999998,0.3318,8.7,0.8491954193281186,54.0133,-14.57,5.46,54.0133,0.8491954193281186,13.919999999999998,0.3318,8.7,79.46718648473035,52.646972369194586,68.51851851851852,53.312757201646086,50.0,63.18837216498036,0.9298245614035088,0.5789473684210527,0.7280701754385965,0.5087719298245614,A-,C+,B,C+,matadorresourcesco
AX,Axos Financial Inc,Financials,Regional Banks,87.41,10.4059,2.35138,8.6376,1.8417847676118955,14.36,78.88815,16.6,0.496028,12.08,0.6333096621421838,33.4504,14.36,78.88815,33.4504,0.6333096621421838,16.6,0.496028,12.08,64.65176122156677,66.59728073864355,70.85427135678391,54.92404551493098,50.0,63.18077339530257,0.6811594202898551,0.8115942028985508,0.7198067632850241,0.5748792270531401,B-,B+,B,C+,axosfinancialinc
KRYS,Krystal Biotech Inc,Health Care,Biotechnology,266.04,38.2319,20.1246,43.9598,6.368066792413087,129.21,33.95,18.69,0.41409999999999997,18.69,0.8161683845860186,60.5649,129.21,33.95,60.5649,0.8161683845860186,18.69,0.41409999999999997,18.69,18.979875086745317,86.17467581998474,79.7979797979798,81.22529644268775,50.0,63.17445817371578,0.09090909090909091,0.9545454545454546,0.821969696969697,0.8409090909090909,D-,A,B+,B+,krystalbiotechinc
KFY,Korn Ferry,Industrials,Human Resource & Employment Services,66.52,12.8528,1.1942,6.0111,1.8339518187883566,8.41,5.44,13.94,0.1307,11.55,0.38723208348253085,6.279,8.41,5.44,6.279,0.38723208348253085,13.94,0.1307,11.55,87.95782017226115,60.170490792548904,54.290429042904286,52.758132956152764,50.0,63.147787053531694,0.9414634146341463,0.6439024390243903,0.5609756097560976,0.5121951219512195,A,B-,C+,C+,kornferry
ENR,Energizer Holdings Inc,Consumer Staples,Household Products,19.68,6.3172,0.4492,9.538,7.901075959531074,285.73,3.37,135.8,0.08310000000000001,6.13,0.2575227431770469,-26.0706,65.50799999999973,3.37,-26.0706,0.2575227431770469,135.8,0.08310000000000001,6.13,86.3425925925926,81.16904954072024,57.14285714285714,30.181405895691608,50.0,63.141453521144804,0.984375,0.875,0.578125,0.265625,A+,B+,C+,D+,energizerholdingsinc
FHN,First Horizon Corp,Financials,Regional Banks,24.89,11.5756,1.91295,12.5899,1.364493564019911,36.94,64.16455,11.43,0.36179209999999995,7.28,0.8060394889663184,36.1597,36.94,64.16455,36.1597,0.8060394889663184,11.43,0.36179209999999995,7.28,65.62886898259413,78.3364261270458,45.7286432160804,72.98446254259804,50.0,63.1035557835974,0.7053140096618358,0.9371980676328503,0.4396135265700483,0.8019323671497585,B,A,C,B+,firsthorizoncorp
BCO,Brinks Co,Industrials,Security & Alarm Services,107.52,22.1481,0.8407,7.9268,15.913093669986827,29.64,4.97,79.36,0.1093,4.64,0.4872934067886973,20.8905,29.64,4.97,20.8905,0.4872934067886973,74.1049999999999,0.1093,4.64,82.40038638010144,69.27807534851846,57.755775577557756,45.5917020273456,50.0,63.01299596458761,0.8878048780487805,0.7414634146341463,0.5951219512195122,0.4146341463414634,B+,B,C+,C,brinksco
AAPL,Apple Inc,Information Technology,"Technology Hardware, Storage & Peripherals",280.14,33.5531,9.1103,25.904,56.12903225806452,29.01,12.76,146.69,0.3264,69.07,0.911083149837475,31.3238,29.01,12.76,31.3238,0.911083149837475,108.96000000000001,0.3264,52.535,47.963467947885555,59.3776979904979,94.09744766191982,53.10380222729268,50.0,63.011528946009456,0.5424836601307189,0.6601307189542484,0.9673202614379085,0.5098039215686274,C+,B-,A,C+,appleinc
STT,State Street Corp,Financials,Asset Management & Custody Banks,152.0,13.7255,1.80473,17.3058,1.5236476123840474,11.47,181.1518,11.09,0.24962610000000002,5.04,0.9393851508120649,71.3062,11.47,85.46525599999993,71.3062,0.9393851508120649,11.09,0.24962610000000002,5.04,55.59925230014808,75.7516124339605,43.71859296482412,90.03266331658293,50.0,62.98631646635174,0.5603864734299517,0.9130434782608695,0.42028985507246375,0.927536231884058,C+,A-,C,A-,statestreetcorp
FIBK,First Interstate Bancsystem Inc,Financials,Regional Banks,35.45,11.4431,2.2313,9.5653,1.0398028920892852,81.45,104.1652,8.83,0.3286886,7.109999999999999,0.7167286245353164,33.0206,81.45,85.46525599999993,33.0206,0.7167286245353164,8.83,0.3286886,7.109999999999999,78.89689995873086,93.80733328226445,28.643216080402013,61.41165598105471,50.0,62.928826862447046,0.9082125603864735,0.9951690821256038,0.2753623188405797,0.642512077294686,A-,A+,D+,B-,firstinterstatebancsysteminc
CCK,Crown Holdings Inc,Materials,Paper & Plastic Packaging Products & Materials,100.15,15.2318,0.9091,8.3014,3.7876495771750154,78.9,4.78,25.45,0.1244,8.0,0.3991244071506752,4.2035,78.9,4.78,4.2035,0.3991244071506752,25.45,0.1244,8.0,79.28827444956477,66.9820788530466,74.19354838709678,30.709677419354836,50.0,62.908806963645674,0.8571428571428571,0.8095238095238095,0.7777777777777778,0.25396825396825395,B+,B+,B,D+,crownholdingsinc
COR,Cencora Inc,Health Care,Health Care Distributors,304.0,36.3874,0.1815,17.5764,39.09565575246277,18.29,7.45,101.42999999999999,0.82,17.07,0.3097428195982729,4.6724,18.29,7.45,4.6724,0.3097428195982729,101.2055,0.42408999999999974,17.07,63.00408666820881,55.8498023715415,91.66666666666667,40.31620553359684,50.0,62.900889914746536,0.6893939393939394,0.6363636363636364,0.9696969696969697,0.3787878787878788,B-,B-,A,C-,cencorainc
T,AT&T Inc,Communication Services,Integrated Telecommunication Services,26.12,8.4686,1.4344,5.7547,1.6630269382349758,82.59,2.92,19.650000000000002,0.1981,8.73,0.46345029239766106,-5.4993,82.59,2.92,-5.4993,0.46345029239766106,19.650000000000002,0.1981,8.73,77.35235235235236,69.98030798872314,64.1891891891892,42.49902075989033,50.0,62.88125113510808,0.8918918918918919,0.8108108108108109,0.7297297297297297,0.40540540540540543,B+,B+,B,C,attinc
CTRA,Coterra Energy Inc,Energy,Oil & Gas Exploration & Production,35.38,15.6471,3.5142,6.3741,1.8111824390044131,49.63,40.07,11.77,0.3207,9.21,0.8969072164948454,42.1454,49.63,40.07,42.1454,0.8969072164948454,11.77,0.3207,9.21,56.82261208576998,81.47707231040565,67.90123456790123,51.79012345679013,50.0,62.834400816856956,0.7017543859649122,0.9298245614035088,0.7017543859649122,0.49122807017543857,B,A-,B,C,coterraenergyinc
WTS,Watts Water Technologies Inc,Industrials,Building Products,293.6,28.5085,3.9843,19.6851,4.82785951191919,16.99,8.27,17.82,0.1838,16.150000000000002,0.6274651448385467,39.4642,16.99,8.27,39.4642,0.6274651448385467,17.82,0.1838,16.150000000000002,38.392497786364004,76.66227429472886,70.95709570957095,75.82178217821783,50.0,62.83420966857308,0.33170731707317075,0.8585365853658536,0.751219512195122,0.7560975609756098,C-,B+,B,B,wattswatertechnologiesinc
VTOL,Bristow Group Inc,Energy,Oil & Gas Equipment & Services,49.29,11.1473,0.9653,8.0748,1.3571072607578767,34.98,5.3,12.870000000000001,0.1065,7.630000000000001,0.9585175826489788,67.5391,34.98,5.3,67.5391,0.9585175826489788,12.870000000000001,0.1065,7.630000000000001,75.95841455490579,69.77413019079685,50.0,61.70594837261504,50.0,62.785619351408826,0.8947368421052632,0.7719298245614035,0.4298245614035088,0.631578947368421,B+,B,C,B-,bristowgroupinc
MAR,Marriott International Inc,Consumer Discretionary,"Hotels, Resorts & Cruise Lines",354.97,36.1564,3.5913,25.2212,194.11057035052224,14.13,4.33,309.12,0.15810000000000002,25.790000000000003,0.8207533657977658,45.5093,14.13,4.33,45.5093,0.8207533657977658,171.01,0.15810000000000002,25.790000000000003,18.023312287518213,69.73664043082022,87.40385575866547,87.2659486329743,50.0,62.757309824304826,0.06896551724137931,0.7448275862068966,0.9655172413793104,0.903448275862069,D-,B,A,A-,marriottinternationalinc
HRB,H & R Block Inc,Consumer Discretionary,Specialized Consumer Services,31.25,6.4538,1.045,6.112,47.084526141328915,19.35,4.7,336.84,0.22260000000000002,18.93,0.0847511087584374,-49.6698,19.35,4.7,-34.377039999999994,0.0847511087584374,171.01,0.22260000000000002,18.93,79.47709243969564,68.34859154929578,89.0337295641461,8.676056338028168,50.0,62.53263507842523,0.896551724137931,0.7103448275862069,0.9793103448275862,0.013793103448275862,B+,B,A+,F,hrblockinc
SMP,Standard Motor Products Inc,Consumer Discretionary,Automotive Parts & Equipment,38.51,20.6324,0.4761,7.5361,1.247392492971068,48.96,22.36,6.15,0.0762,3.19,0.6137184115523465,39.3775,48.96,22.36,39.3775,0.6137184115523465,6.15,0.0762,3.19,72.29237493929092,93.66632489701941,30.158492325109048,65.61437591063624,50.0,62.46885697763112,0.7862068965517242,0.9793103448275862,0.2413793103448276,0.6344827586206897,B,A+,D+,B-,standardmotorproductsinc
XPEL,Xpel Inc,Consumer Discretionary,Automotive Parts & Equipment,47.8,25.83,2.7786,18.4633,4.707689883391112,13.49,13.27,19.689999999999998,0.1316,19.68,0.7018382352941176,64.6573,13.49,13.27,64.6573,0.7018382352941176,19.689999999999998,0.1316,19.68,27.516593815768175,82.03234220135627,69.5751340192455,83.79796017484216,50.0,62.43899243399311,0.2206896551724138,0.8896551724137931,0.7379310344827587,0.8827586206896552,D+,B+,B,B+,xpelinc
CBOE,Cboe Global Markets Inc,Financials,Financial Exchanges & Data,326.96,27.7277,7.1466,19.1505,6.658941078473102,53.49,10.61,24.63,0.3378,19.12,0.9758202323991795,47.8053,53.49,10.61,47.8053,0.9602574007634097,24.63,0.3378,19.12,14.425994707838708,68.07997747628033,84.92462311557789,94.91206030150755,50.0,62.43606201141172,0.06763285024154589,0.8454106280193237,0.855072463768116,0.9758454106280193,D-,B+,B+,A+,cboeglobalmarketsinc
VCTR,Victory Capital Holdings Inc,Financials,Asset Management & Custody Banks,77.89,15.1148,3.8195,10.2856,2.0607019456158824,13.77,46.19,15.65,0.36579999999999996,10.73,0.9470459518599565,35.6732,13.77,46.19,35.6732,0.9470459518599565,15.65,0.36579999999999996,10.73,41.98407496419294,69.0905991358389,65.32663316582915,83.91206030150755,50.0,62.428208919974814,0.37681159420289856,0.8647342995169082,0.6666666666666666,0.8743961352657005,C-,B+,B-,B+,victorycapitalholdingsinc
IBM,International Business Machines Corp,Information Technology,IT Consulting & Other Services,232.2,20.3012,3.1675,19.664,6.664026311711122,94.45,9.67,35.53,0.1532,11.44,0.1101938951814167,-3.1127,94.45,9.67,-3.1127,0.1101938951814167,35.53,0.1532,11.44,70.66759006766797,71.40414411340478,69.70667590067667,40.18275301290494,50.0,62.4109459173481,0.7712418300653595,0.8169934640522876,0.7254901960784313,0.32679738562091504,B,B+,B,C-,internationalbusinessmachinescorp
UAL,United Airlines Holdings Inc,Industrials,Passenger Airlines,92.52,8.1957,0.4966,5.6508,1.9583522070620907,2.02,4.73,24.91,0.08439999999999999,9.32,0.46969998013113456,33.7767,2.02,4.73,33.7767,0.46969998013113456,24.91,0.08439999999999999,9.32,96.57812122675682,48.58307161707584,54.29042904290429,49.66053748231966,50.0,62.365859387294385,1.0,0.4634146341463415,0.5658536585365853,0.4682926829268293,A+,C,C+,C,unitedairlinesholdingsinc
EQT,EQT Corp,Energy,Oil & Gas Exploration & Production,58.66,11.1723,3.8417,5.7373,1.5412263600678917,836.61,50.77,14.06,0.4972,10.61,0.5154274152756702,16.4813,354.4839999999996,50.77,16.4813,0.5154274152756702,14.06,0.4221149999999998,10.61,62.76803118908382,96.43298059964727,78.39506172839506,13.888888888888888,50.0,62.355147127076954,0.7543859649122807,1.0,0.8596491228070176,0.08771929824561403,B,A+,B+,D-,eqtcorp
AROC,Archrock Inc,Energy,Oil & Gas Equipment & Services,39.02,21.2174,4.5899,10.9342,4.574925842116988,75.16,28.7,22.73,0.36369999999999997,8.290000000000001,0.9794238683127572,63.7432,75.16,28.7,63.7432,0.9794238683127572,22.73,0.36369999999999997,8.290000000000001,35.152696556205335,85.4412177328844,77.46913580246913,60.11223344556679,50.0,62.26614832535885,0.24561403508771928,0.9824561403508771,0.8245614035087719,0.5964912280701754,D+,A+,B+,C+,archrockinc
WFRD,Weatherford International PLC,Energy,Oil & Gas Equipment & Services,109.49,17.7026,1.6806,12.2607,4.6141657289994145,1.92,-8.81,28.37,0.1431,14.610000000000001,0.9603431303614118,156.9585,1.92,-8.81,152.89482999999996,0.9603431303614118,28.37,0.1431,14.610000000000001,49.545159194282,33.04748877665544,81.48148148148148,89.0909090909091,50.0,62.18433974245378,0.49122807017543857,0.21052631578947367,0.9122807017543859,0.9649122807017544,C,D+,A-,A,weatherfordinternationalplc
KEYS,Keysight Technologies Inc,Information Technology,Electronic Equipment & Instruments,352.41,62.8248,10.646,54.967,10.258910793092609,59.12,13.13,16.56,0.15960000000000002,11.53,0.9946803412249595,142.1396,59.12,13.13,142.1396,0.9925512149973489,16.56,0.15960000000000002,11.53,28.222885916691922,80.71090272500271,63.73775411562712,90.25669301769807,50.0,62.18367915661992,0.22875816993464052,0.8954248366013072,0.6666666666666666,0.9673202614379085,D+,B+,B-,A,keysighttechnologiesinc
CI,Cigna Group,Health Care,Health Care Services,282.9,12.5213,0.2713,8.9792,1.7868286286706094,80.88,11.24,14.530000000000001,0.0335,8.200000000000001,0.39270522219205345,-15.5976,80.88,11.24,-15.5976,0.39270522219205345,14.530000000000001,0.0335,8.200000000000001,93.16061377130079,76.62337662337663,44.94949494949495,36.294372294372295,50.0,62.11107696374872,0.9924242424242424,0.8863636363636364,0.42424242424242425,0.3333333333333333,A+,B+,C,C-,cignagroup
ARW,Arrow Electronics Inc,Information Technology,Technology Distributors,184.52,16.5003,0.3055,12.7437,1.4311086981812542,49.65,10.49,9.049999999999999,0.026600000000000002,6.16,0.9004135829342623,63.1909,49.65,10.49,63.1909,0.9004135829342623,9.049999999999999,0.026600000000000002,6.16,89.69397913690864,69.01763419513935,32.58739846196021,63.37612307616203,50.0,62.04909585397749,0.9281045751633987,0.7581699346405228,0.27450980392156865,0.6143790849673203,A-,B,D+,B-,arrowelectronicsinc
KLAC,KLA Corp,Information Technology,Semiconductor Materials & Equipment,1726.26,49.643,17.7544,38.8714,48.56862309278698,44.58,17.49,95.22,0.4199,42.71,0.8314882176182192,155.2469,44.58,17.49,155.2469,0.8314882176182192,95.22,0.4199,42.71,29.7912248048594,73.87755089822271,94.28357067624695,56.193654503744106,50.0,62.03293995066995,0.26143790849673204,0.8496732026143791,0.9738562091503268,0.5424836601307189,D+,B+,A+,C+,klacorp
CON,Concentra Group Holdings Parent Inc,Health Care,Health Care Services,22.53,17.3979,1.3383,10.7347,7.369006345260679,-42.65,13.85,46.6,0.154,8.41,0.6490228013029318,4.6447,-42.65,13.85,4.6447,0.6490228013029318,46.6,0.154,8.41,80.26254915567893,45.064935064935064,67.67676767676768,55.16883116883117,50.0,62.031582454864896,0.8939393939393939,0.4318181818181818,0.696969696969697,0.5454545454545454,B+,C,B-,C+,concentragroupholdingsparentinc
HCSG,Healthcare Services Group Inc,Industrials,Environmental & Facilities Services,21.3,21.5366,0.7894,15.8234,2.905469922247988,69.63,6.46,13.600000000000001,0.0321,13.600000000000001,0.7365728900255755,46.6942,69.63,6.46,46.6942,0.7365728900255755,13.600000000000001,0.0321,13.600000000000001,70.4998792562183,75.25573693200703,40.92409240924093,70.56577086280056,50.0,62.02029447532633,0.7951219512195122,0.8390243902439024,0.36585365853658536,0.7365853658536585,B,B+,C-,B,healthcareservicesgroupinc
KSS,Kohls Corp,Consumer Discretionary,Broadline Retail,14.66,6.0724,0.106,3.6689,0.40561216725829974,144.37,-4.28,6.909999999999999,0.04019999999999999,3.36,0.4368000000000001,103.3287,144.37,-4.28,78.51316499999996,0.4368000000000001,6.909999999999999,0.04019999999999999,3.36,98.14149263396472,55.07380281690141,24.1833982619119,76.66478873239437,50.0,61.92894103382831,1.0,0.5517241379310345,0.1793103448275862,0.8068965517241379,A+,C+,D,B+,kohlscorp
FNB,FNB Corp,Financials,Regional Banks,17.66,10.7274,2.56275,13.8394,0.9335666368869835,27.72,64.79501,8.76,0.42536409999999997,6.36,0.7601296596434359,33.283,27.72,64.79501,33.283,0.7601296596434359,8.76,0.42536409999999997,6.36,86.79144514844755,76.35734039542945,27.63819095477387,65.02397042684687,50.0,61.88367119026062,0.9710144927536232,0.927536231884058,0.26570048309178745,0.7101449275362319,A+,A-,D+,B,fnbcorp
ILMN,Illumina Inc,Health Care,Life Sciences Tools & Services,135.78,24.1804,4.6952,17.1524,7.629204265791633,4.22,1.29,33.989999999999995,0.19260000000000002,18.96,0.7581824192778166,77.467,4.22,1.29,77.467,0.7581824192778166,33.989999999999995,0.19260000000000002,18.96,47.85642686406046,36.45071403692093,77.27272727272727,91.31313131313132,50.0,61.83505760420739,0.49242424242424243,0.2727272727272727,0.803030303030303,0.9318181818181818,C,D+,B+,A,illuminainc
ORCL,Oracle Corp,Information Technology,Application Software,171.83,30.4868,7.7125,27.3139,23.584556048149114,31.02,14.87,57.35,0.3056,11.77,0.17646223064172395,18.1043,31.02,14.87,18.1043,0.17646223064172395,57.35,0.3056,11.77,50.13057467284191,62.026774795517255,79.75731867434244,59.76933486543852,50.0,61.83119526898725,0.5490196078431373,0.673202614379085,0.8235294117647058,0.5816993464052288,C+,B-,B+,C+,oraclecorp
CMCSA,Comcast Corp,Communication Services,Cable & Satellite,27.19,5.1673,0.7753,4.0081,1.0113145229080036,24.85,1.39,19.830000000000002,0.15289999999999998,9.719999999999999,0.3000352222917972,-14.1827,24.85,1.39,-14.1827,0.3000352222917972,19.830000000000002,0.15289999999999998,9.719999999999999,91.86686686686687,61.14192415033931,62.46246246246246,30.089734002777483,50.0,61.828663962955694,0.972972972972973,0.6756756756756757,0.6756756756756757,0.1891891891891892,A+,B-,B-,D,comcastcorp
FOXA,Fox Corp,Communication Services,Broadcasting,63.35,13.484,1.5381,8.9062,2.3637706899897015,-11.16,9.2,16.220000000000002,0.1807,10.27,0.5461190393317091,28.7078,-11.16,9.2,28.7078,0.5461190393317091,16.220000000000002,0.1807,10.27,64.15165165165165,58.185289075892165,61.91191191191191,68.14727771249511,50.0,61.78240424856835,0.6621621621621622,0.5540540540540541,0.6351351351351351,0.6756756756756757,B-,C+,B-,B-,foxcorp
SLM,SLM Corp,Financials,Consumer Finance,22.69,5.7185,1.90601,10.3823,1.843816024703397,28.55,31.52147,31.16,0.2673951,8.58,0.28604651162790706,-24.3414,28.55,31.52147,-24.3414,0.28604651162790706,31.16,0.2673951,8.58,72.12997353919354,65.98471099024923,91.4572864321608,13.334414005511428,50.0,61.760639991990715,0.8260869565217391,0.8067632850241546,0.9178743961352657,0.11594202898550725,B+,B+,A-,D,slmcorp
BAC,Bank of America Corp,Financials,Diversified Banks,53.24,12.0543,2.32875,26.8068,1.2662834201068873,18.65,99.36713,10.5,0.3273721,3.08,0.7601558152476352,32.5367,18.65,85.46525599999993,32.5367,0.7601558152476352,10.5,0.3273721,3.08,65.97722914087345,80.73138458267488,39.698492462311556,70.65326633165829,50.0,61.695860583662885,0.7101449275362319,0.9565217391304348,0.38164251207729466,0.782608695652174,B,A,C-,B,bankofamericacorp
IIIN,Insteel Industries Inc,Industrials,Building Products,26.4,12.0661,0.7436,6.8759,1.3799303762401078,88.38,20.94,11.72,0.0784,11.72,0.1185656448814342,-21.9166,88.38,20.94,-21.9166,0.1185656448814342,11.72,0.0784,11.72,91.52298156644933,96.80926569792442,43.15181518151815,18.193069306930695,50.0,61.669166187962894,0.9707317073170731,1.0,0.3902439024390244,0.11707317073170732,A+,A+,C-,D,insteelindustriesinc
EBAY,eBay Inc,Consumer Discretionary,Broadline Retail,104.07,22.7509,4.1628,22.2017,10.125116749688667,9.32,7.95,42.68,0.2051,17.65,0.9185554171855539,53.7905,9.32,7.95,53.7905,0.9169155080324013,42.68,0.2051,17.65,24.4746640764125,65.18084507042255,80.76449239170245,86.51267605633802,50.0,61.64849334238086,0.2,0.6896551724137931,0.8896551724137931,0.896551724137931,D,B-,B+,B+,ebayinc
PNC,PNC Financial Services Group Inc,Financials,Diversified Banks,220.71,12.3393,2.34179,14.7266,1.422270968041273,20.05,72.26733,11.98,0.345423,6.890000000000001,0.7267701717243004,37.0955,20.05,72.26733,37.0955,0.7267701717243004,11.98,0.345423,6.890000000000001,61.23249095720146,73.50777162880175,49.246231155778894,71.58484731349051,50.0,61.63820431670354,0.6328502415458938,0.8888888888888888,0.47342995169082125,0.7922705314009661,B-,B+,C,B,pncfinancialservicesgroupinc
WS,Worthington Steel Inc,Materials,Steel,39.17,16.3654,0.595,9.1705,1.80693434697568,12.12,5.55,11.01,0.0417,9.25,0.5991180597314091,52.5312,12.12,5.55,52.5312,0.5991180597314091,11.01,0.0417,9.25,82.44580986516469,57.09097477729291,50.26881720430108,60.133481646273644,50.0,61.623548052079755,0.8888888888888888,0.6190476190476191,0.47619047619047616,0.5873015873015873,B+,B-,C,C+,worthingtonsteelinc
META,Meta Platforms Inc,Communication Services,Interactive Media & Services,608.745,21.8882,7.1874,14.3584,7.089410575449417,7.49,26.18,33.22,0.4121,27.51,0.32060944237110045,6.3849,7.49,21.8,6.3849,0.32060944237110045,33.22,0.4121,27.51,36.43643643643643,79.68830005120327,89.86486486486486,45.341055341055345,50.0,61.58119640377704,0.3783783783783784,0.8918918918918919,0.8918918918918919,0.43243243243243246,C-,B+,B+,C,metaplatformsinc
EXLS,Exlservice Holdings Inc,Industrials,Data Processing & Outsourced Services,31.74,19.3186,2.3228,13.4907,5.439961608336475,27.93,13.56,25.5,0.1503,19.46,0.2196796338672768,-31.4619,27.93,13.56,-31.4619,0.2196796338672768,25.5,0.1503,19.46,65.85446349513,80.31316095039517,75.9075907590759,24.8971820258949,50.0,61.48258215880949,0.7463414634146341,0.8975609756097561,0.8097560975609757,0.2,B,B+,B+,D,exlserviceholdingsinc
VITL,Vital Farms Inc,Consumer Staples,Agricultural Products & Services,14.18,9.5836,0.8364,5.9144,1.8084197370266926,20.88,25.26,20.69,0.1164,20.0,0.057592256503327256,-59.5666,20.88,13.972999999999999,-51.65672,0.057592256503327256,20.69,0.1164,20.0,83.30853174603175,85.87812752219531,66.13756613756614,9.46031746031746,50.0,61.42921346740203,0.953125,0.90625,0.71875,0.03125,A,A-,B,F,vitalfarmsinc
NTAP,NetApp Inc,Information Technology,"Technology Hardware, Storage & Peripherals",112.08,18.2482,3.2966,14.1551,21.661738273322896,10.76,3.09,116.57,0.22210000000000002,32.64,0.6113036523593708,24.9081,10.76,3.09,24.9081,0.6113036523593708,108.96000000000001,0.22210000000000002,32.64,77.26413597079744,34.74012984245315,87.42226839227227,41.39057388959999,50.0,61.39774183717806,0.8169934640522876,0.22875816993464052,0.9019607843137255,0.3464052287581699,B+,D+,A-,C-,netappinc
MMS,Maximus Inc,Industrials,Data Processing & Outsourced Services,65.58,9.6221,0.6657,7.376,2.146975148386167,41.59,-0.15,21.759999999999998,0.1094,11.540000000000001,0.12305732484076429,-1.1307,41.59,-0.15,-1.1307,0.12305732484076429,21.759999999999998,0.1094,11.540000000000001,93.79457457940914,54.824920196937725,59.73597359735973,35.13328255902513,50.0,61.37427759538479,0.9804878048780488,0.5804878048780487,0.6146341463414634,0.34146341463414637,A+,C+,B-,C-,maximusinc
ENSG,Ensign Group Inc,Health Care,Health Care Facilities,183.72,31.1998,2.1218,19.0821,4.781672856745017,14.27,18.72,16.59,0.08410000000000001,15.509999999999998,0.6272292301000435,43.408,14.27,18.72,43.408,0.6272292301000435,16.59,0.08410000000000001,15.509999999999998,49.09977638985273,69.24503657262278,57.82828282828283,78.62068965517241,50.0,61.30516005009293,0.5,0.7727272727272727,0.5795454545454546,0.8106060606060606,C,B,C+,B+,ensigngroupinc
MNST,Monster Beverage Corp,Consumer Staples,Soft Drinks & Non-alcoholic Beverages,77.12,39.5795,9.0925,29.2201,9.138740105228232,30.46,10.7,25.650000000000002,0.2917,25.480000000000004,0.6497097985660637,29.5699,30.46,10.7,29.5699,0.6497097985660637,25.650000000000002,0.2917,25.480000000000004,10.970568783068783,89.45386064030131,83.5978835978836,73.75238095238095,50.0,61.28336141377455,0.015625,0.96875,0.8828125,0.75,F,A,B+,B,monsterbeveragecorp
D,Dominion Energy Inc,Utilities,Multi-Utilities,63.94,18.8657,3.524,14.7486,1.9325102383147204,41.05,16.9,10.7,0.2768,3.9800000000000004,0.7587288715777436,16.615,41.05,16.9,16.615,0.7587288715777436,10.7,0.2768,3.9800000000000004,47.96642061079751,89.16267204888851,63.120567375886516,52.66279819471309,50.0,61.136841045391336,0.5306122448979592,1.0,0.673469387755102,0.4489795918367347,C+,A+,B-,C,dominionenergyinc
YELP,Yelp Inc,Communication Services,Interactive Media & Services,28.9,10.9414,1.0875,5.7358,2.4374609921900037,18.34,3.75,19.96,0.126,19.96,0.43015726179463454,-17.8043,18.34,3.75,-17.8043,0.43015726179463454,19.96,0.126,19.96,84.58458458458459,61.41833077316948,65.36536536536536,31.460746460746464,50.0,61.06330293427068,0.918918918918919,0.7027027027027027,0.7837837837837838,0.21621621621621623,A-,B,B,D+,yelpinc
PPC,Pilgrims Pride Corp,Consumer Staples,Packaged Foods & Meats,31.88,7.0078,0.4101,4.8372,2.0578495859126384,-0.63,3.46,30.72,0.0872,16.28,0.058229066410009495,-31.8075,-0.63,3.46,-31.8075,0.058229066410009495,30.72,0.0872,16.28,93.21263227513226,59.54947396740438,66.66666666666667,20.868838763575603,50.0,61.05348728164573,1.0,0.625,0.734375,0.125,A+,B-,B,D,pilgrimspridecorp
R,Ryder System Inc,Industrials,Cargo Ground Transportation,249.99,19.5797,0.7639,6.1807,3.2286727945022546,4.84,-0.07,16.36,0.0795,4.6,0.9269003475681589,79.9784,4.84,-0.07,79.9784,0.9269003475681589,16.36,0.0795,4.6,87.6302020445947,49.29860388799689,35.64356435643564,76.82529543276908,50.0,61.04322146441078,0.9365853658536586,0.47317073170731705,0.3073170731707317,0.7658536585365854,A,C,C-,B,rydersysteminc
ANET,Arista Networks Inc,Information Technology,Communications Equipment,172.7,61.9293,24.1468,53.3574,17.54154308698655,23.67,28.6,31.009999999999998,0.4282,31.009999999999998,0.92680412371134,96.6075,23.67,28.6,96.6075,0.92680412371134,31.009999999999998,0.42322000000000004,31.009999999999998,23.87424432613369,78.15560547728607,89.30369793244745,60.33767620366763,50.0,60.99314190083603,0.17647058823529413,0.8758169934640523,0.9215686274509803,0.5882352941176471,D,B+,A-,C+,aristanetworksinc
SKYW,SkyWest Inc,Industrials,Passenger Airlines,83.54,7.7146,0.8036,5.1488,1.2127969385370077,19.39,12.26,16.0,0.1461,8.42,0.08056440600819313,-7.3631,19.39,12.26,-7.3631,0.08056440600819313,16.0,0.1461,8.42,93.98132496176447,78.45661192452839,53.3003300330033,17.31258840169731,50.0,60.974253813937075,0.9951219512195122,0.8780487804878049,0.5414634146341464,0.09268292682926829,A+,B+,C+,D-,skywestinc
PLTR,Palantir Technologies Inc,Information Technology,Application Software,144.07,212.038,76.9909,231.2871,46.483190294895785,234.64,56.18,25.66,0.3159,25.66,0.37915790524256865,23.9845,234.64,47.995000000000005,23.9845,0.37915790524256865,25.66,0.3159,25.66,8.740567603052993,95.41512301739307,83.5071924281118,69.11349420437924,50.0,60.96766345214566,0.032679738562091505,0.9934640522875817,0.8758169934640523,0.6993464052287581,F,A+,B+,B-,palantirtechnologiesinc
PLAB,Photronics Inc,Information Technology,Semiconductor Materials & Equipment,50.16,21.6698,3.4304,8.4066,2.4632791667280522,-0.73,-0.06,11.84,0.2445,11.84,0.9273480662983423,172.3127,-0.73,-0.06,172.3127,0.9273480662983423,11.84,0.2445,11.84,77.75757838087407,30.187162328290345,64.77802305616875,71.47873189010703,50.0,60.967079202940184,0.8235294117647058,0.1830065359477124,0.6797385620915033,0.7450980392156863,B+,D,B-,B,photronicsinc
EXPD,Expeditors International of Washington Inc,Industrials,Air Freight & Logistics,147.23,24.162,1.7688,16.3794,8.367908335512032,3.93,4.42,35.55,0.0951,35.55,0.6738029089720541,34.3217,3.93,4.42,34.3217,0.6738029089720541,35.55,0.0951,28.207999999999984,58.93584480399259,54.37543057584447,75.24752475247526,57.718811881188124,50.0,60.96469088052348,0.6439024390243903,0.5707317073170731,0.8048780487804879,0.5804878048780487,B-,C+,B+,C+,expeditorsinternationalofwashingtoninc
WCC,Wesco International Inc,Industrials,Trading Companies & Distributors,354.59,24.779,0.6905,14.5791,3.429078165072316,-4.87,11.16,13.69,0.053,6.329999999999999,0.995247718782534,133.2369,-4.87,11.16,133.2369,0.9881548103535144,13.69,0.053,6.329999999999999,70.86613539402721,55.46965402719339,33.49834983498349,93.73191165270373,50.0,60.9314344432321,0.8048780487804879,0.5853658536585366,0.25853658536585367,0.9853658536585366,B+,C+,D+,A+,wescointernationalinc
KO,Coca-Cola Co,Consumer Staples,Soft Drinks & Non-alcoholic Beverages,78.58,24.6858,6.8627,23.5001,10.5085788410875,27.18,5.11,43.62,0.30010000000000003,17.57,0.7945477045812256,10.2258,27.18,5.11,10.2258,0.7945477045812256,43.62,0.30010000000000003,17.57,21.95767195767196,75.48345439870864,84.65608465608466,70.88253968253969,50.0,60.92663796968882,0.125,0.796875,0.921875,0.703125,D,B,A-,B,cocacolaco
AVGO,Broadcom Inc,Information Technology,Semiconductors,421.28,79.8743,29.2115,66.744,24.569302368982772,147.22,25.22,32.85,0.4077,17.630000000000003,0.9655911213952092,113.4901,147.22,25.22,113.4901,0.9655911213952092,32.85,0.4077,17.630000000000003,19.711725749902612,82.4864742920794,85.45643422932086,65.5441867696306,50.0,60.898172207147866,0.1437908496732026,0.9215686274509803,0.8823529411764706,0.6535947712418301,D,A-,B+,B-,broadcominc
AMZN,Amazon.com Inc,Consumer Discretionary,Broadline Retail,268.26,31.7731,3.884,16.1186,7.003025611975054,36.46,14.22,23.34,0.115,18.98,0.9375763634344108,41.041,36.46,14.22,41.041,0.9169155080324013,23.34,0.115,18.98,23.393232960984296,85.7712676056338,67.47078213964637,80.05633802816902,50.0,60.881524901918226,0.1724137931034483,0.9241379310344827,0.6896551724137931,0.8275862068965517,D,A-,B-,B+,amazoncominc
WTFC,Wintrust Financial Corp,Financials,Regional Banks,149.57,11.5945,2.29791,8.673,1.380056763449948,20.33,79.30369,11.93,0.38857909999999996,10.41,0.7445631438382294,32.7977,20.33,79.30369,32.7977,0.7445631438382294,11.93,0.38857909999999996,10.41,64.38229796324617,76.5553677818963,48.24120603015075,61.94189337492058,50.0,60.855328229712605,0.6763285024154589,0.9323671497584541,0.463768115942029,0.6473429951690821,B-,A,C,B-,wintrustfinancialcorp
GRBK,Green Brick Partners Inc,Consumer Discretionary,Homebuilding,66.27,9.1309,1.3629,6.9593,1.5402458071473728,-16.14,-0.02,17.7,0.19510000000000002,14.729999999999999,0.3958076448828605,13.6317,-16.14,-0.02,13.6317,0.3958076448828605,17.7,0.19510000000000002,14.729999999999999,74.39048081593006,44.98932991890739,67.88199647054905,56.04780196329493,50.0,60.77554569806024,0.8206896551724138,0.4068965517241379,0.696551724137931,0.5379310344827586,B+,C,B-,C+,greenbrickpartnersinc
PTCT,PTC Therapeutics Inc,Health Care,Pharmaceuticals,65.15,7.9129,3.1212,7.9301,3073.11320754717,,114.51,-351.90999999999997,0.5009,-39.77,0.5664403491755577,31.563,,51.467499999999895,31.563,0.5664403491755577,-45.372,0.42408999999999974,-26.048999999999996,80.03701133472127,74.41724941724942,34.5959595959596,60.94794094794095,50.0,60.731280805708295,0.8863636363636364,0.8636363636363636,0.30303030303030304,0.5909090909090909,B+,B+,C-,C+,ptctherapeuticsinc
TGTX,TG Therapeutics Inc,Health Care,Biotechnology,33.85,12.0879,8.771,41.5271,23.722755624080175,1889.26,87.32,101.12,0.20010000000000003,65.05,0.40424528301886803,-25.3912,476.4779999999973,51.467499999999895,-25.3912,0.40424528301886803,101.12,0.20010000000000003,31.413499999999967,40.70282982496723,96.03338880798836,87.87878787878789,21.71277997364954,50.0,60.69463818226636,0.3712121212121212,1.0,0.9318181818181818,0.17424242424242425,C-,A+,A,D,tgtherapeuticsinc
CVNA,Carvana Co,Consumer Discretionary,Automotive Retail,382.6,59.6515,4.13,47.7783,24.27680378682606,420.71,48.63,62.849999999999994,0.09179999999999999,18.38,0.5688536111455622,51.9038,208.1519999999999,22.87549999999999,51.9038,0.5688536111455622,62.849999999999994,0.09179999999999999,18.38,11.06847984458475,98.40490686051795,71.51633203476176,76.7287596547024,50.0,60.672936272880705,0.034482758620689655,1.0,0.7724137931034483,0.8137931034482758,F,A+,B,B+,carvanaco
AMGN,Amgen Inc,Health Care,Biotechnology,329.82,22.8204,4.7823,14.8856,20.525234924388574,31.27,9.07,89.41,0.28800000000000003,12.11,0.5266440782381024,16.2238,31.27,9.07,16.2238,0.5266440782381024,89.41,0.28800000000000003,12.11,53.444752872233785,55.75237500866792,81.81818181818181,53.43873517786561,50.0,60.653955709910605,0.5757575757575758,0.6287878787878788,0.8560606060606061,0.5151515151515151,C+,B-,B+,C+,amgeninc
CFG,Citizens Financial Group Inc,Financials,Regional Banks,64.42,13.8623,1.48499,12.977,1.0507189644823716,31.85,62.72879,7.630000000000001,0.31448550000000003,5.47,0.8637568199532345,72.7541,31.85,62.72879,72.7541,0.8637568199532345,7.630000000000001,0.31448550000000003,5.47,69.21564343456413,75.37128376212951,21.35678391959799,89.64246519956103,50.0,60.64585663087864,0.7536231884057971,0.9082125603864735,0.20531400966183574,0.9178743961352657,B,A-,D+,A-,citizensfinancialgroupinc
GEO,Geo Group Inc,Industrials,Environmental & Facilities Services,18.75,9.782,0.9458,6.5752,1.6964641163910101,354.95,8.55,17.68,0.0947,8.25,0.31869254341164444,-40.5517,107.05100000000004,8.55,-35.189144999999996,0.31869254341164444,17.68,0.0947,8.25,91.04000643966837,84.94214761054559,48.34983498349835,18.903818953323903,50.0,60.616653668565576,0.9658536585365853,0.9365853658536586,0.47804878048780486,0.13170731707317074,A,A,C,D,geogroupinc
ROST,Ross Stores Inc,Consumer Discretionary,Apparel Retail,228.84,34.3678,3.2404,21.9612,11.921357797018098,4.7,7.67,36.7,0.11900000000000001,29.14,0.9848985370457763,64.716,4.7,7.67,64.716,0.9169155080324013,36.7,0.11900000000000001,29.14,19.881819653553503,64.60126274890723,75.97476109612761,93.46284604176785,50.0,60.5769669455553,0.1103448275862069,0.6827586206896552,0.8137931034482758,0.9793103448275862,D,B-,B+,A+,rossstoresinc
MKC,McCormick & Company Inc,Consumer Staples,Packaged Foods & Meats,50.24,8.2137,1.8987,13.5436,2.3506292986478265,109.59,5.68,27.310000000000002,0.151,15.72,0.0887728459530026,-33.1114,65.50799999999973,5.68,-33.1114,0.0887728459530026,27.310000000000002,0.151,15.72,59.64781746031746,88.20400223723149,72.4867724867725,24.335839598997495,50.0,60.54161585401829,0.671875,0.953125,0.78125,0.140625,B-,A,B,D,mccormickcompanyinc
KTB,Kontoor Brands Inc,Consumer Discretionary,"Apparel, Accessories & Luxury Goods",72.2,17.5393,1.2655,12.6903,7.060572277963583,-6.73,20.9,45.050000000000004,0.10679999999999999,13.77,0.5575485799701048,19.7148,-6.73,20.9,19.7148,0.5575485799701048,45.050000000000004,0.10679999999999999,13.77,52.714910150558524,73.82990249187432,67.24436453234775,53.8786565547129,50.0,60.53153048004402,0.5655172413793104,0.8137931034482758,0.6827586206896552,0.5172413793103449,C+,B+,B-,C+,kontoorbrandsinc
VIRT,Virtu Financial Inc,Financials,Financial Exchanges & Data,48.12,15.8904,2.6635,11.0592,4.652466909667501,73.4,-2.87,32.56,0.3116,4.63,0.8020329138431751,20.8438,73.4,-2.87,20.8438,0.8020329138431751,32.56,0.3116,4.63,29.740489889058825,50.83828600473065,91.95979899497488,74.51319095477388,50.0,60.495367612909334,0.26570048309178745,0.5120772946859904,0.9227053140096618,0.8067632850241546,D+,C+,A-,B+,virtufinancialinc
QLYS,Qualys Inc,Information Technology,Systems Software,88.53,15.9257,4.7202,12.297,5.63691469176207,16.99,10.13,37.830000000000005,0.3317,37.830000000000005,0.17317193675889325,-30.3023,16.99,10.13,-30.3023,0.17317193675889325,37.830000000000005,0.3317,37.830000000000005,74.2284551789811,49.52750195557708,88.13429713312844,24.912781889797863,50.0,60.47874484710238,0.7973856209150327,0.46405228758169936,0.9084967320261438,0.1830065359477124,B,C,A-,D,qualysinc
ADBE,Adobe Inc,Information Technology,Application Software,250.71,14.059,4.1442,10.8305,9.029258384234183,13.16,10.96,62.31,0.3665,40.56,0.13368876370586466,-33.078,13.16,10.96,-33.078,0.13368876370586466,62.31,0.3665,40.56,78.37943124269576,43.60626855093275,90.99539742313408,22.0266746375338,50.0,60.470295804150766,0.8366013071895425,0.37254901960784315,0.9411764705882353,0.1503267973856209,B+,C-,A,D,adobeinc
CRUS,Cirrus Logic Inc,Information Technology,Semiconductors,164.24,20.7429,4.2454,15.0224,4.405484860839897,38.36,7.04,20.13,0.2311,20.13,0.8634183884909123,71.9071,38.36,7.04,71.9071,0.8634183884909123,20.13,0.2311,20.13,69.18293439524449,53.954228276079476,77.36946139750971,40.040387015733444,50.0,60.43702200655113,0.7516339869281046,0.5816993464052288,0.803921568627451,0.3202614379084967,B,C+,B+,C-,cirruslogicinc
GDDY,GoDaddy Inc,Information Technology,Internet Services & Infrastructure,86.76,13.2971,2.303,10.4843,54.347281383112005,21.35,7.83,366.9,0.2373,21.65,0.11370238194041,-54.8971,21.35,7.83,-40.3528,0.11370238194041,108.96000000000001,0.2373,21.65,87.75627984821597,49.85442781623978,86.9692247760031,8.640403011263938,50.0,60.38034232155551,0.9019607843137255,0.47058823529411764,0.8888888888888888,0.026143790849673203,A-,C,B+,F,godaddyinc
VNT,Vontier Corp,Information Technology,Electronic Equipment & Instruments,35.16,12.2597,1.6188,10.2521,4.01846941574472,0.48,3.24,34.02,0.1837,12.35,0.193568336425479,9.0909,0.48,3.24,9.0909,0.193568336425479,34.02,0.1837,12.35,89.94070034194694,32.723950982520904,72.98907789753135,40.48445351449831,50.0,60.374125459273415,0.9411764705882353,0.20261437908496732,0.738562091503268,0.3333333333333333,A,D+,B,C-,vontiercorp
NBIX,Neurocrine Biosciences Inc,Health Care,Biotechnology,131.78,27.6346,4.6236,19.3968,4.054956382602274,41.66,21.45,16.669999999999998,0.2164,16.669999999999998,0.48108898227663066,23.6326,41.66,21.45,23.6326,0.48108898227663066,16.669999999999998,0.2164,16.669999999999998,41.768833371886814,76.89376603564247,72.47474747474747,57.061923583662704,50.0,60.35203313551961,0.3939393939393939,0.8939393939393939,0.7651515151515151,0.5681818181818182,C-,B+,B,C+,neurocrinebiosciencesinc
MWA,Mueller Water Products Inc,Industrials,Industrial Machinery & Supplies & Components,27.39,21.4599,2.9672,13.7583,4.361742786164724,45.37,5.94,21.0,0.187,14.24,0.5629539951573851,3.125,45.37,5.94,3.125,0.5629539951573851,21.0,0.187,14.24,59.830958705626664,79.61393109879486,71.61716171617162,32.81917665450756,50.0,60.34865165611006,0.6829268292682927,0.8878048780487805,0.7560975609756098,0.2926829268292683,B-,B+,B,D+,muellerwaterproductsinc
YUM,Yum! Brands Inc,Consumer Discretionary,Restaurants,158.36,28.9769,5.5004,20.2792,73.01060396496082,6.52,8.8,117.63999999999999,0.3134,26.46,0.6559575795383661,6.568,6.52,8.8,6.568,0.6559575795383661,117.63999999999999,0.2666099999999999,26.46,20.356159948194918,71.37696768848384,92.55901841307895,63.993371996686,50.0,60.30286252735244,0.11724137931034483,0.7862068965517242,1.0,0.6068965517241379,D,B,A+,B-,yumbrandsinc
PBI,Pitney Bowes Inc,Industrials,Office Services & Supplies,15.53,15.4056,1.1778,9.7083,44.56241032998565,58.9,-28.29,5.27,0.1553,0.13,0.9425444596443229,77.4857,58.9,-9.825999999999999,77.4857,0.9425444596443229,5.27,0.1553,0.13,81.86669886500846,49.349651863042546,30.858085808580864,86.21477532368621,50.0,60.294081605743074,0.8780487804878049,0.47804878048780486,0.23658536585365852,0.9170731707317074,B+,C,D+,A-,pitneybowesinc
WMS,Advanced Drainage Systems Inc,Industrials,Building Products,147.31,24.2923,3.8252,16.0868,7.061570026077619,0.61,1.6,25.82,0.2284,14.46,0.5711222780569515,29.6629,0.61,1.6,29.6629,0.5711222780569515,25.82,0.2284,14.46,47.89342348869033,52.20134006498148,78.3003300330033,66.35643564356435,50.0,60.259993522132575,0.4878048780487805,0.5365853658536586,0.8341463414634146,0.6829268292682927,C,C+,B+,B-,advanceddrainagesystemsinc
SEIC,SEI Investments Co,Financials,Asset Management & Custody Banks,90.22,14.6978,4.5819,12.4061,4.50521080411671,27.6,9.37,30.64,0.31829999999999997,30.54,0.8019067796610172,15.3119,27.6,9.37,15.3119,0.8019067796610172,30.64,0.31829999999999997,27.17999999999999,32.89029689510354,62.539852751313795,90.95477386934674,58.5427135678392,50.0,60.177780954943174,0.28502415458937197,0.7342995169082126,0.9130434782608695,0.6038647342995169,D+,B,A-,B-,seiinvestmentsco
SM,SM Energy Co,Energy,Oil & Gas Exploration & Production,30.47,11.273,2.316,4.757,0.726153934148062,-15.68,17.24,14.000000000000002,0.317,8.82,0.8240506329113924,28.7283,-15.68,17.24,28.7283,0.8240506329113924,14.000000000000002,0.317,8.82,74.75633528265108,57.71604938271605,68.51851851851852,38.95061728395062,50.0,60.152046783625735,0.8596491228070176,0.6140350877192983,0.7280701754385965,0.3333333333333333,B+,B-,B,C-,smenergyco
AN,AutoNation Inc,Consumer Discretionary,Automotive Retail,210.0,10.6161,0.2622,11.3065,3.1574721578615796,9.32,1.94,26.700000000000003,0.0443,5.6000000000000005,0.6634649590892923,19.9863,9.32,1.94,19.9863,0.6634649590892923,26.700000000000003,0.0443,5.6000000000000005,79.00437105390967,56.42550355898834,42.966070655612164,66.2335302135393,50.0,60.02441718188598,0.8620689655172413,0.5724137931034483,0.41379310344827586,0.6551724137931034,B+,C+,C,B-,autonationinc
ENS,EnerSys,Industrials,Electrical Components & Equipment,212.39,25.0217,2.0937,16.365,4.344295491456225,-0.06,5.2,16.61,0.1161,10.14,0.981283422459893,142.6205,-0.06,5.2,142.6205,0.981283422459893,16.61,0.1161,10.14,55.03582065523625,48.456130237105114,53.96039603960396,90.3102310231023,50.0,60.002326425751534,0.5658536585365853,0.4585365853658537,0.551219512195122,0.9512195121951219,C+,C,C+,A,enersys
IBP,Installed Building Products Inc,Consumer Discretionary,Homebuilding,290.21,29.4566,2.6315,19.5188,11.0275984450938,6.83,1.0,39.12,0.1301,16.96,0.7033340229803854,74.2375,6.83,1.0,74.2375,0.7033340229803854,39.12,0.1301,16.96,25.653229723166586,60.388390951771235,72.18060133852761,92.31754161331625,50.0,59.999644278441046,0.21379310344827587,0.6413793103448275,0.7793103448275862,0.9655172413793104,D+,B-,B,A,installedbuildingproductsinc
ACAD,ACADIA Pharmaceuticals Inc,Health Care,Pharmaceuticals,21.95,9.6117,4.5433,27.1949,3.045734584003996,117.79,-13.64,41.9,0.10339999999999999,41.9,0.547703180212014,50.652,117.79,-6.905999999999999,50.652,0.547703180212014,41.9,0.10339999999999999,31.413499999999967,53.1054823039556,45.294346176699115,75.5050505050505,68.84226884226884,50.0,59.97995620604512,0.553030303030303,0.4393939393939394,0.7878787878787878,0.7121212121212122,C+,C,B,B,acadiapharmaceuticalsinc
UNP,Union Pacific Corp,Industrials,Rail Transportation,266.32,21.9352,6.4056,14.4497,8.554212223606953,9.44,1.87,40.38,0.4021,14.530000000000001,0.8675527756059418,24.4021,9.44,1.87,24.4021,0.8675527756059418,40.38,0.29997499999999994,14.530000000000001,48.10673750301859,51.61793798766905,86.38613861386138,54.3693499784761,50.0,59.82067662244902,0.4926829268292683,0.526829268292683,0.9317073170731708,0.5365853658536586,C,C+,A,C+,unionpacificcorp
TGT,Target Corp,Consumer Staples,Consumer Staples Merchandise Retail,128.89,15.754,0.5571,8.8552,3.6106776778935985,-8.21,-1.68,23.89,0.048799999999999996,11.68,0.9152235199355616,34.3024,-8.21,-1.68,34.3024,0.9152235199355616,23.89,0.048799999999999996,11.68,78.05059523809524,29.870035802239194,52.38095238095238,81.14774114774114,50.0,59.811442294757974,0.890625,0.203125,0.484375,0.796875,B+,D+,C,B,targetcorp
ORI,Old Republic International Corp,Financials,Property & Casualty Insurance,39.26,9.3709,1.0233,8.5348,1.6354244772140298,32.73,12.35,16.7,0.1373,13.25,0.32795698924731165,5.2547,32.73,12.35,5.2547,0.32795698924731165,16.7,0.1373,13.25,69.7824873158061,57.648273286399885,72.36180904522614,38.60354403596932,50.0,59.7864375547319,0.7777777777777778,0.6763285024154589,0.7342995169082126,0.357487922705314,B,B-,B,C-,oldrepublicinternationalcorp
MLM,Martin Marietta Materials Inc,Materials,Construction Materials,614.49,14.612,5.6504,19.6761,3.6941517229936283,141.46,-1.28,25.069999999999997,0.2237,16.35,0.4871086066663122,17.5203,141.46,-1.28,17.5203,0.4871086066663122,25.069999999999997,0.2237,14.726499999999989,43.053422085680154,60.386798088411,93.2795698924731,43.11827956989247,50.0,59.78426352619901,0.4444444444444444,0.6825396825396826,0.9682539682539683,0.3492063492063492,C,B-,A,C-,martinmariettamaterialsinc
BR,Broadridge Financial Solutions Inc,Industrials,Data Processing & Outsourced Services,155.25,16.9807,2.5243,13.0545,6.84710988012596,41.38,7.44,40.46,0.1725,18.02,0.0504639426990069,-31.9109,41.38,7.44,-31.9109,0.0504639426990069,40.46,0.1725,18.02,66.35434275134831,74.17907515846161,83.16831683168317,12.718964204112718,50.0,59.76027276827274,0.7560975609756098,0.8097560975609757,0.8878048780487805,0.06829268292682927,B,B+,B+,D-,broadridgefinancialsolutionsinc
BRC,Brady Corp,Industrials,Commercial Printing,82.16,19.0091,2.4726,12.6338,3.243687127899815,6.41,10.47,16.6,0.1635,15.36,0.489187173750932,16.3575,6.41,10.47,16.3575,0.489187173750932,16.6,0.1635,15.36,66.03879900185139,65.83475677778551,65.84158415841584,42.95143800094296,50.0,59.7273347458125,0.751219512195122,0.7170731707317073,0.6902439024390243,0.4,B,B,B-,C-,bradycorp
BURL,Burlington Stores Inc,Consumer Discretionary,Apparel Retail,318.0,32.7459,1.7273,16.1102,11.035612407082226,22.08,8.76,39.79,0.0722,17.5,0.746118652966324,39.4737,22.08,8.76,39.4737,0.746118652966324,39.79,0.0722,17.5,30.524526469159785,81.16464303059739,64.44244664202711,73.71539582321515,50.0,59.71775104855923,0.2413793103448276,0.8689655172413793,0.6482758620689655,0.7655172413793103,D+,B+,B-,B,burlingtonstoresinc
PAYC,Paycom Software Inc,Industrials,Human Resource & Employment Services,131.96,13.873,3.0658,8.2613,4.176385508613242,-9.26,8.95,26.06,0.2938,26.06,0.16615497973719762,-41.8934,-9.26,8.95,-35.189144999999996,0.16615497973719762,26.06,0.2938,26.06,72.96224744425662,53.67948747676065,88.11881188118811,18.507779349363506,50.0,59.70771819658601,0.824390243902439,0.5609756097560976,0.9560975609756097,0.12682926829268293,B+,C+,A,D,paycomsoftwareinc
EZPW,EZCORP Inc,Financials,Consumer Finance,32.36,16.245,1.4943,10.1699,1.9214782794575207,43.71,13.06,12.479999999999999,0.12560000000000002,8.04,0.9615574174470182,106.5093,43.71,13.06,72.80332,0.9602574007634097,12.479999999999999,0.12560000000000002,8.04,42.33243512247226,59.589357733565265,52.76381909547738,94.99270546279786,50.0,59.690476193760034,0.3864734299516908,0.7004830917874396,0.5458937198067633,0.9806763285024155,C-,B,C+,A+,ezcorpinc
ANDE,Andersons Inc,Consumer Staples,Food Distributors,79.12,28.1499,0.2447,11.0208,2.1509819700297963,-16.73,-2.21,7.4399999999999995,1.0,4.55,0.9900154400411735,111.9475,-16.73,-2.21,82.24241999999998,0.9832708785381806,7.4399999999999995,0.4193199999999999,4.55,69.64285714285715,25.727199354317996,50.0,98.09523809523809,50.0,59.67520177562551,0.78125,0.125,0.4609375,1.0,B,D,C,A+,andersonsinc
COLB,Columbia Banking System Inc,Financials,Regional Banks,29.56,11.5529,2.74981,8.4155,1.1138618524924355,19.29,230.0598,10.36,0.2585466,9.54,0.7089898053753473,28.5776,19.29,85.46525599999993,28.5776,0.7089898053753473,10.36,0.2585466,9.54,74.65467433787293,78.93514356868269,37.68844221105528,53.81967307803386,50.0,59.63674246657536,0.8599033816425121,0.9420289855072463,0.36231884057971014,0.5603864734299517,B+,A,C-,C+,columbiabankingsysteminc
CSCO,Cisco Systems Inc,Information Technology,Communications Equipment,91.85,32.7553,6.1435,26.9528,7.764815284470369,21.66,9.0,23.64,0.2275,14.63,0.9696367763904652,58.0351,21.66,9.0,58.0351,0.9696367763904652,23.64,0.2275,14.63,51.879265319078335,53.95121217941758,75.05590904500137,60.509746209006046,50.0,59.62598526870465,0.5751633986928104,0.5751633986928104,0.7712418300653595,0.5947712418300654,C+,C+,B,C+,ciscosystemsinc
NWN,Northwest Natural Holding Co,Utilities,Gas Utilities,52.86,19.3883,1.704,10.764,1.4894504305486675,37.23,11.83,7.779999999999999,0.21789999999999998,2.91,0.8146832445233865,23.102,37.23,11.83,23.102,0.8146832445233865,7.779999999999999,0.21789999999999998,2.91,78.62208713272543,73.81368417446123,26.24113475177305,68.21118991331757,50.0,59.62078028868038,0.8571428571428571,0.8163265306122449,0.17346938775510204,0.6938775510204082,B+,B+,D,B-,northwestnaturalholdingco
CINF,Cincinnati Financial Corp,Financials,Property & Casualty Insurance,162.05,10.4751,1.9846,11.3356,1.5827142792960853,4.45,11.41,16.13,0.1575,15.290000000000001,0.6754316069057106,15.8824,4.45,11.41,15.8824,0.6754316069057106,16.13,0.1575,15.290000000000001,66.17871968538344,41.52155576972304,67.8391959798995,63.97249404919333,50.0,59.60328888010401,0.714975845410628,0.34299516908212563,0.6908212560386473,0.6859903381642513,B,C-,B-,B-,cincinnatifinancialcorp
VOYA,Voya Financial Inc,Financials,Multi-Sector Holdings,82.6,11.6653,0.9316,7.8461,1.5649897025193302,2.9,1.73,13.83,0.1324,9.569999999999999,0.9622566547477154,40.0,2.9,1.73,40.0,0.9602574007634097,13.83,0.1324,9.569999999999999,61.12567669264196,32.52145487571945,58.291457286432156,91.08586410312432,50.0,59.57574729053728,0.6231884057971014,0.23671497584541062,0.5990338164251208,0.9420289855072463,B-,D+,C+,A,voyafinancialinc
LEG,Leggett & Platt Inc,Consumer Discretionary,Home Furnishings,10.89,6.3102,0.3663,6.5547,1.443684377982819,-9.45,-7.49,26.19,0.0932,9.120000000000001,0.5894941634241246,12.037,-9.45,-7.49,12.037,0.5894941634241246,26.19,0.0932,9.120000000000001,91.88602881657762,30.80465401102266,55.08274231678487,58.07715860379669,50.0,59.5185553063045,0.9793103448275862,0.20689655172413793,0.5448275862068965,0.5517241379310345,A+,D+,C+,C+,leggettplattinc
JBHT,J B Hunt Transport Services Inc,Industrials,Cargo Ground Transportation,248.73,37.7033,1.933,15.3924,6.59973094812924,17.3,0.58,17.299999999999997,0.0736,12.15,0.9415869531127489,91.6256,17.3,0.58,91.6256,0.9415869531127489,17.299999999999997,0.0736,12.15,49.373742252274006,62.33832586562875,48.76237623762376,87.57585435962949,50.0,59.51686566752609,0.5170731707317073,0.6682926829268293,0.4878048780487805,0.9317073170731708,C+,B-,C,A,jbhunttransportservicesinc
TNL,Travel + Leisure Co,Consumer Discretionary,"Hotels, Resorts & Cruise Lines",64.4,16.9618,0.9931,13.7771,8.374512353706113,-40.1,4.25,121.75,0.1374,12.04,0.5536434525410058,43.3022,-40.1,4.25,43.3022,0.5536434525410058,121.75,0.1374,12.04,52.89622794236684,40.16430198840099,75.59767588985449,71.49958574979287,50.0,59.45625350569411,0.5724137931034483,0.3586206896551724,0.8,0.7310344827586207,C+,C-,B,B,travelleisureco
BJRI,BJ's Restaurants Inc,Consumer Discretionary,Restaurants,37.37,16.0936,0.5614,6.5867,2.15468530178279,215.12,3.08,13.19,0.0331,10.84,0.48006465517241353,11.5855,208.1519999999999,3.08,11.5855,0.48006465517241353,13.19,0.0331,10.84,78.77772381414925,66.75476387738193,38.26291079812207,59.08036454018227,50.0,59.42718433658067,0.8551724137931035,0.696551724137931,0.36551724137931035,0.5586206896551724,B+,B-,C-,C+,bjsrestaurantsinc
RAMP,Liveramp Holdings Inc,Information Technology,Application Software,30.21,27.7289,2.397,20.2687,2.0827157344658085,352633.33,9.18,7.23,0.0712,7.23,0.6300963676797627,14.9543,241.03349999999992,9.18,14.9543,0.6300963676797627,7.23,0.0712,7.23,70.22320333578612,64.74585759848254,38.690501955013055,70.99687290468688,50.0,59.37697242333368,0.7581699346405228,0.7058823529411765,0.35947712418300654,0.7189542483660131,B,B,C-,B,liverampholdingsinc
ACIW,ACI Worldwide Inc,Information Technology,Application Software,43.86,19.612,2.526,11.9614,2.965577395079008,13.29,10.38,15.43,0.1869,9.74,0.33373573625362885,-18.6422,13.29,10.38,-18.6422,0.33373573625362885,15.43,0.1869,9.74,80.55230922391031,43.326994180461014,61.94866467558325,50.326846386853305,50.0,59.35601158833626,0.8496732026143791,0.35947712418300654,0.6535947712418301,0.47058823529411764,B+,C-,B-,C,aciworldwideinc
VZ,Verizon Communications Inc,Communication Services,Integrated Telecommunication Services,48.11,11.7105,1.4593,7.7245,1.9422610324544511,-2.49,2.85,16.68,0.2109,6.67,0.7313769751693002,11.1085,-2.49,2.85,11.1085,0.7313769751693002,16.68,0.2109,6.67,69.14414414414414,49.66318160567809,59.45945945945946,61.18292205248727,50.0,59.320121632533976,0.8378378378378378,0.4864864864864865,0.5405405405405406,0.6486486486486487,B+,C,C+,B-,verizoncommunicationsinc
CXW,CoreCivic Inc,Industrials,Diversified Support Services,20.58,17.4681,0.9204,9.0663,1.4652588410357912,75.96,12.72,8.0,0.0989,4.62,0.6205128205128203,-9.6972,75.96,12.72,-9.6972,0.6205128205128203,8.0,0.0989,4.62,83.83965225790871,87.60940626979689,30.858085808580864,40.26874115983027,50.0,59.25006400254782,0.9024390243902439,0.9658536585365853,0.23658536585365852,0.36097560975609755,A-,A,D+,C-,corecivicinc
FSS,Federal Signal Corp,Industrials,Construction Machinery & Heavy Transportation Equipment,121.61,30.0831,3.4022,22.1846,5.3589448682186935,14.4,17.14,19.09,0.1563,15.190000000000001,0.7834862174005679,44.3613,14.4,17.14,44.3613,0.7834862174005679,19.09,0.1563,15.190000000000001,36.72301376479111,81.63100890007034,68.15181518151816,57.92079207920792,50.0,59.129067432432976,0.3073170731707317,0.9073170731707317,0.7268292682926829,0.6,C-,A-,B,C+,federalsignalcorp
MPC,Marathon Petroleum Corp,Energy,Oil & Gas Refining & Marketing,246.15,17.9121,0.5368,8.8461,4.193963350740738,34.15,-3.8,24.01,0.061399999999999996,8.4,0.919139278809784,78.7322,34.15,-3.8,78.7322,0.919139278809784,24.01,0.061399999999999996,8.4,67.60883690708252,54.44870157513836,58.641975308641975,58.33971902937421,50.0,59.12038717483364,0.8070175438596491,0.5964912280701754,0.5877192982456141,0.5614035087719298,B+,C+,C+,C+,marathonpetroleumcorp
AMP,Ameriprise Financial Inc,Financials,Asset Management & Custody Banks,467.19,10.8779,2.1935,11.8264,6.510551304437499,36.78,6.82,61.59,0.3195,8.459999999999999,0.35067678585400214,-0.7098,36.78,6.82,-0.7098,0.35067678585400214,53.26099999999997,0.3195,8.459999999999999,44.628941810501786,61.01115974950798,97.73869346733667,31.613065326633162,50.0,59.11675383468785,0.4106280193236715,0.714975845410628,0.9782608695652174,0.2898550724637681,C,B,A+,D+,ameriprisefinancialinc
BALL,Ball Corp,Materials,"Metal, Glass & Plastic Containers",61.33,17.8982,1.2403,10.8767,3.0022812050245253,-73.82,11.58,16.91,0.10869999999999999,7.359999999999999,0.703324808184143,19.7384,-62.762,11.58,19.7384,0.703324808184143,16.91,0.10869999999999999,7.359999999999999,67.57125789383853,47.88679808841099,65.05376344086021,56.90860215053763,50.0,59.11533538146441,0.7777777777777778,0.3968253968253968,0.6666666666666666,0.5555555555555556,B,C-,B-,C+,ballcorp
ANIP,ANI Pharmaceuticals Inc,Health Care,Pharmaceuticals,80.39,23.3576,2.0714,10.5712,3.3454155031856145,,43.78,16.06,0.1258,7.07,0.5534003271792475,13.7219,,43.78,13.7219,0.5534003271792475,16.06,0.1258,7.07,69.40589097077645,70.88189588189589,51.13636363636363,48.95104895104896,50.0,59.10215261837399,0.8181818181818182,0.803030303030303,0.4772727272727273,0.4772727272727273,B+,B+,C,C,anipharmaceuticalsinc
MYRG,MYR Group Inc,Industrials,Construction & Engineering,433.49,57.0015,1.8453,38.7645,10.188904532345525,306.93,8.79,19.650000000000002,0.045599999999999995,17.39,0.9996021879661859,194.6907,107.05100000000004,8.79,150.49414,0.9881548103535144,19.650000000000002,0.045599999999999995,17.39,29.46711744345166,74.58148573501792,54.04290429042904,91.44271570014143,50.0,59.08234572050205,0.22439024390243903,0.8195121951219512,0.5560975609756098,0.9634146341463414,D+,B+,C+,A,myrgroupinc
COKE,Coca-Cola Consolidated Inc,Consumer Staples,Soft Drinks & Non-alcoholic Beverages,203.92,23.7894,1.8779,15.9098,11.23959653860993,-86.84,4.76,39.61,0.1133,18.35,0.8625480601188394,70.9161,-60.09799999999999,4.76,70.9161,0.8625480601188394,39.61,0.1133,18.35,41.34424603174603,36.0225988700565,73.01587301587301,91.36507936507935,50.0,59.067565408931934,0.390625,0.3125,0.796875,0.9375,C-,C-,B,A,cocacolaconsolidatedinc
CBT,Cabot Corp,Materials,Diversified Chemicals,77.33,12.9849,1.1196,6.6232,2.6363248955936247,-24.11,-9.62,20.419999999999998,0.165,11.459999999999999,0.7486209613869189,0.1425,-24.11,-9.62,0.1425,0.7486209613869189,20.419999999999998,0.165,11.459999999999999,83.02611367127496,22.791858678955453,82.79569892473118,40.24193548387096,50.0,59.06221198156682,0.9047619047619048,0.07936507936507936,0.8888888888888888,0.31746031746031744,A-,D-,B+,C-,cabotcorp
AAMI,Acadian Asset Management Inc,Financials,Asset Management & Custody Banks,65.49,29.2434,4.1502,16.606,38.56890459363957,-1.05,11.49,285.59999999999997,0.23190000000000002,24.33,0.89802095459837,132.234,-1.05,11.49,72.80332,0.89802095459837,53.26099999999997,0.23190000000000002,24.33,9.439710630446923,44.429780266969544,97.73869346733667,91.9070351758794,50.0,59.06196411301569,0.043478260869565216,0.3864734299516908,0.9782608695652174,0.9565217391304348,F,C-,A+,A,acadianassetmanagementinc
DGX,Quest Diagnostics Inc,Health Care,Health Care Services,192.67,20.8313,1.8914,15.0516,2.9558864591036147,14.88,11.03,14.11,0.1427,7.920000000000001,0.573592630501535,8.6567,14.88,11.03,8.6567,0.573592630501535,14.11,0.1427,7.920000000000001,65.81270722492097,59.22077922077922,53.53535353535353,61.74891774891775,50.0,59.03095458400802,0.7348484848484849,0.6818181818181818,0.5075757575757576,0.5984848484848485,B,B-,C+,C+,questdiagnosticsinc
VMI,Valmont Industries Inc,Industrials,Industrial Machinery & Supplies & Components,510.36,26.7028,2.3794,20.0666,5.956554824674021,9.37,2.4,23.06,0.10640000000000001,15.65,0.9855637749383546,70.8547,9.37,2.4,70.8547,0.9855637749383546,23.06,0.10640000000000001,15.65,46.020284955324804,47.5056895968573,65.18151815181518,83.42539517109606,50.0,58.98666773037567,0.4585365853658537,0.43902439024390244,0.6731707317073171,0.8829268292682927,C,C,B-,B+,valmontindustriesinc
INSW,International Seaways Inc,Energy,Oil & Gas Storage & Transportation,85.14,13.6287,4.998,9.2064,2.0820240188394563,-25.79,-11.38,16.02,0.4092,12.1,0.9957569913211186,150.7067,-25.79,-10.899000000000001,150.7067,0.9957569913211186,16.02,0.4092,12.1,44.73684210526316,16.164933406312716,82.71604938271605,94.27841634738186,50.0,58.95189282273372,0.42105263157894735,0.05263157894736842,0.9298245614035088,1.0,C,D-,A-,A+,internationalseawaysinc
CBRE,CBRE Group Inc,Real Estate,Real Estate Services,141.81,35.8896,1.024,19.0081,4.723772089072467,22.45,13.38,13.63,0.0432,7.31,0.4147660686919678,14.8073,22.45,13.38,14.8073,0.4147660686919678,13.63,0.0432,7.31,61.111111111111114,65.91666666666667,60.0,52.0,50.0,58.861111111111114,0.8333333333333334,0.6666666666666666,0.75,0.5,B+,B-,B,C,cbregroupinc
IDXX,IDEXX Laboratories Inc,Health Care,Health Care Equipment,567.46,42.5406,10.4724,30.3864,28.176049414592,22.64,10.42,69.78,0.316,42.61,0.34231805929919146,20.3827,22.64,10.42,20.3827,0.34231805929919146,69.78,0.316,31.413499999999967,23.2978641375588,60.07768865121807,92.42424242424242,64.45632798573975,50.0,58.83732996784187,0.15151515151515152,0.7045454545454546,0.9848484848484849,0.6515151515151515,D,B,A+,B-,idexxlaboratoriesinc
GE,General Electric Co,Industrials,Aerospace & Defense,286.51,34.6381,6.1874,30.8902,16.088384760086477,26.27,21.75,46.22,0.1666,22.25,0.5802059341552633,40.7151,26.27,21.71699999999999,40.7151,0.5802059341552633,46.22,0.1666,22.25,20.21814376559607,88.99276301825444,84.65346534653465,49.05305915206905,50.0,58.82706671209738,0.12195121951219512,0.9804878048780488,0.9073170731707317,0.4634146341463415,D,A+,A-,C,generalelectricco
DXCM,Dexcom Inc,Health Care,Health Care Equipment,61.35,25.4442,4.9136,18.4486,8.597012415571314,77.45,16.15,33.83,0.2145,20.01,0.20183997769724007,-12.6815,77.45,16.15,-12.6815,0.20183997769724007,33.83,0.2145,20.01,43.80252910787262,78.25490196078431,80.3030303030303,35.67439096850862,50.0,58.81224843858432,0.4166666666666667,0.9090909090909091,0.8333333333333334,0.3106060606060606,C,A-,B+,C-,dexcominc
OSK,Oshkosh Corp,Industrials,Construction Machinery & Heavy Transportation Equipment,155.29,15.0368,0.9335,10.2882,2.145351760876653,-3.18,-3.1,14.57,0.0901,11.23,0.7380334838947766,79.1325,-3.18,-3.1,79.1325,0.7380334838947766,14.57,0.0901,11.23,83.97569025195203,33.25378388248661,48.67986798679868,69.92574257425743,50.0,58.79979485103649,0.9073170731707317,0.22926829268292684,0.48292682926829267,0.7317073170731707,A-,D+,C,B,oshkoshcorp
AOS,A O Smith Corp,Industrials,Building Products,60.35,15.8184,2.1894,11.0437,4.50003728282753,4.86,0.23,28.42,0.1807,24.3,0.023598820058997196,-10.4732,4.86,0.23,-10.4732,0.05029979851134011,28.42,0.1807,24.3,72.57425742574257,52.305831532247275,82.50825082508251,22.534653465346537,50.0,58.73872406222503,0.8195121951219512,0.5414634146341464,0.8780487804878049,0.18048780487804877,B+,C+,B+,D,aosmithcorp
AIZ,Assurant Inc,Financials,Multi-line Insurance,231.51,13.2075,0.8992,8.2226,1.963273530279748,18.42,7.92,15.61,0.0934,11.28,0.7647713275320854,20.8109,18.42,7.92,20.8109,0.7647713275320854,15.61,0.0934,11.28,50.989245745636396,55.97851818384946,64.82412060301507,67.93225386190211,50.0,58.73549599631318,0.48792270531400966,0.6038647342995169,0.6618357487922706,0.7439613526570048,C,B-,B-,B,assurantinc
TTMI,TTM Technologies Inc,Information Technology,Electronic Manufacturing Services,158.99,84.2542,5.4453,59.8138,9.326841287067726,241.37,24.12,10.61,0.0974,6.81,0.8665353830517089,580.8994,241.03349999999992,24.12,489.749,0.8665353830517089,10.61,0.0974,6.81,32.795163687255624,93.20881864851032,44.287899118440606,78.85722942598673,50.0,58.68397531632346,0.29411764705882354,0.9869281045751634,0.4444444444444444,0.8366013071895425,D+,A+,C,B+,ttmtechnologiesinc
SANM,Sanmina Corp,Information Technology,Electronic Manufacturing Services,223.27,51.9896,1.2851,30.0826,5.065419161337015,2.17,20.93,9.86,0.0365,7.41,0.9525452415050124,184.3842,2.17,20.93,184.3842,0.9525452415050124,9.86,0.0365,7.41,59.91429684456565,62.77451649425377,39.28999119883421,81.63544004798388,50.0,58.68306331929749,0.6339869281045751,0.6928104575163399,0.37254901960784315,0.8758169934640523,B-,B-,C-,B+,sanminacorp
NOC,Northrop Grumman Corp,Industrials,Aerospace & Defense,568.14,17.6344,1.9047,12.1816,4.8383223334043,25.98,4.95,28.050000000000004,0.11630000000000001,14.35,0.3586716097074675,16.7403,25.98,4.95,16.7403,0.3586716097074675,28.050000000000004,0.11630000000000001,14.35,71.4118972872897,64.29975263405414,67.65676567656766,30.170093932470166,50.0,58.66113505426921,0.8146341463414634,0.7024390243902439,0.7121951219512195,0.2780487804878049,B+,B,B,D+,northropgrummancorp
RS,Reliance Inc,Materials,Steel,365.85,23.1952,1.258,14.4175,2.6397475193516544,9.89,8.49,11.16,0.0746,9.26,0.9780372532666111,26.0205,9.89,8.49,26.0205,0.9780372532666111,11.16,0.0746,9.26,57.424475166410645,66.77148398505463,54.83870967741935,61.179087875417125,50.0,58.65591058305185,0.6666666666666666,0.7936507936507936,0.5396825396825397,0.6190476190476191,B-,B,C+,B-,relianceinc
TRMK,Trustmark Corp,Financials,Regional Banks,44.91,11.7962,1.83041,11.0035,1.249127335334088,2.02,75.48011,10.77,0.133748,7.3999999999999995,0.9150275373721475,31.7782,2.02,75.48011,31.7782,0.9150275373721475,10.77,0.133748,7.3999999999999995,68.4218192411332,54.4470725808595,41.70854271356784,75.95217466643564,50.0,58.612439938134294,0.7439613526570048,0.5700483091787439,0.40096618357487923,0.8115942028985508,B,C+,C,B+,trustmarkcorp
REX,REX American Resources Corp,Energy,Oil & Gas Refining & Marketing,49.97,19.8418,2.5303,15.973,2.6950645316132094,-15.64,1.24,14.680000000000001,0.09390000000000001,14.6,0.995597586825371,149.2269,-15.64,1.24,149.2269,0.995597586825371,14.680000000000001,0.09390000000000001,14.6,37.069525666016894,50.063856960408685,65.12345679012346,90.24265644955301,50.0,58.60954829602743,0.2982456140350877,0.5263157894736842,0.6842105263157895,0.9824561403508771,D+,C+,B-,A+,rexamericanresourcescorp
OSIS,OSI Systems Inc,Information Technology,Electronic Equipment & Instruments,282.5,30.3878,2.5881,20.2728,4.988433896629055,13.33,8.96,16.91,0.12300000000000001,9.28,0.728724268374759,25.9305,13.33,8.96,25.9305,0.728724268374759,16.91,0.12300000000000001,9.28,67.17020877519514,56.72870752361307,55.636353143170446,57.65592639156138,50.0,58.57856726262629,0.738562091503268,0.6405228758169934,0.5751633986928104,0.5555555555555556,B,B-,C+,C+,osisystemsinc
MTD,Mettler-Toledo International Inc,Health Care,Life Sciences Tools & Services,1267.07,29.6292,6.3962,23.3568,1129.0946355373371,3.92,3.98,1675.8400000000001,0.2605,32.97,0.4795741420333103,19.9218,3.92,3.98,19.9218,0.4795741420333103,101.2055,0.2605,31.413499999999967,34.177654406662036,42.412051549982586,92.67676767676768,66.9090909090909,50.0,58.577834012672135,0.26515151515151514,0.3939393939393939,0.9924242424242424,0.6742424242424242,D+,C-,A+,B-,mettlertoledointernationalinc
PYPL,PayPal Holdings Inc,Financials,Transaction & Payment Processing Services,50.44,8.6718,1.368,6.9446,2.290915366937059,35.53,4.32,25.869999999999997,0.18280000000000002,16.37,0.2919103313840155,-22.8864,35.53,4.32,-22.8864,0.2919103313840155,25.869999999999997,0.18280000000000002,16.37,61.70344476003204,55.38677639179625,86.93467336683418,26.571090747856932,50.0,58.551102959647196,0.642512077294686,0.5893719806763285,0.8743961352657005,0.25120772946859904,B-,C+,B+,D+,paypalholdingsinc
USFD,US Foods Holding Corp,Consumer Staples,Food Distributors,93.04,30.3126,0.5198,15.5065,4.763245601011627,45.9,4.08,15.010000000000002,0.0304,7.02,0.7516393442622953,40.2684,45.9,4.08,40.2684,0.7516393442622953,15.010000000000002,0.0304,7.02,53.86904761904762,76.78019908528383,34.39153439153439,80.17777777777778,50.0,58.456740875257836,0.59375,0.828125,0.28125,0.78125,C+,B+,D+,B,usfoodsholdingcorp
HAE,Haemonetics Corp,Health Care,Health Care Supplies,59.26,15.6974,2.089,12.218,3.4809271507618567,43.23,-4.02,20.26,0.1905,8.39,0.2985876765404325,-5.9216,43.23,-4.02,-5.9216,0.2985876765404325,20.26,0.1905,8.39,73.17449302182128,48.13620071684588,63.51010101010101,48.074291300097755,50.0,58.4132469113693,0.8560606060606061,0.48484848484848486,0.6666666666666666,0.45454545454545453,B+,C,B-,C,haemoneticscorp
MS,Morgan Stanley,Financials,Investment Banking & Brokerage,190.17,16.6031,2.4316,40.243,2.6964256090246668,28.42,12.28,15.45,0.1894,1.78,0.9446946946946945,62.8726,28.42,12.28,62.8726,0.9446946946946945,15.45,0.1894,1.78,33.34547131794237,56.344855523636724,64.321608040201,88.46048423937873,50.0,58.37783779213893,0.2898550724637681,0.642512077294686,0.6570048309178744,0.8985507246376812,D+,B-,B-,B+,morganstanley
TJX,TJX Companies Inc,Consumer Discretionary,Apparel Retail,156.83,31.5947,2.8752,20.2042,17.03877535499712,14.36,7.12,59.53000000000001,0.1189,45.410000000000004,0.8044780826237784,22.8786,14.36,7.12,22.8786,0.8044780826237784,59.53000000000001,0.1189,40.57,23.119637364416388,69.42302088392424,81.76838810641628,66.10004856726566,50.0,58.326620257946146,0.15862068965517243,0.7379310344827587,0.9103448275862069,0.6413793103448275,D,B,A-,B-,tjxcompaniesinc
MC,Moelis & Co,Financials,Investment Banking & Brokerage,64.76,22.1857,3.4086,13.8757,8.842042025641376,66.96,26.98,44.3,0.18059999999999998,44.3,0.5044888460093829,21.2507,66.96,26.98,21.2507,0.5044888460093829,44.3,0.18059999999999998,27.17999999999999,16.290389143786566,80.12464453716746,94.47236180904522,47.67169179229481,50.0,58.2499550041004,0.08695652173913043,0.9516908212560387,0.9468599033816425,0.45410628019323673,D-,A,A,C,moelisco
GVA,Granite Construction Inc,Industrials,Construction & Engineering,139.42,32.7924,1.3079,15.0865,5.143396811108733,47.93,14.93,16.7,0.06280000000000001,8.14,0.9608622534780614,75.6583,47.93,14.93,75.6583,0.9608622534780614,16.7,0.06280000000000001,8.14,56.535458423891164,75.91586772673685,40.34653465346535,68.72418670438472,50.0,58.148509155563445,0.5951219512195122,0.848780487804878,0.35609756097560974,0.7121951219512195,C+,B+,C-,B,graniteconstructioninc
STRL,Sterling Infrastructure Inc,Industrials,Construction & Engineering,532.67,56.3244,6.5632,37.9418,14.7434761910034,13.14,17.69,30.17,0.163,23.02,0.9870523344640961,233.002,13.14,17.69,150.49414,0.9870523344640961,30.17,0.163,23.02,12.886581341060932,62.236590789537686,80.52805280528052,86.65063649222064,50.0,58.13110399293703,0.05853658536585366,0.6634146341463415,0.8634146341463415,0.9219512195121952,D-,B-,B+,A-,sterlinginfrastructureinc
CPF,Central Pacific Financial Corp,Financials,Regional Banks,33.7,11.3528,1.82951,8.8359,1.4999376880485678,45.7,22.86278,13.43,0.3274692,11.57,0.8301886792452836,28.8719,45.7,22.86278,28.8719,0.8301886792452836,13.43,0.3274692,11.57,64.7974170368752,50.9454725095715,55.27638190954774,64.56420031190436,50.0,58.12038430090091,0.6859903381642513,0.5169082125603864,0.5700483091787439,0.6956521739130435,B-,C+,C+,B-,centralpacificfinancialcorp
MO,Altria Group Inc,Consumer Staples,Tobacco,74.55,17.9353,5.3523,14.4531,48.80204241948154,-37.1,-3.08,149.65,0.4252,14.12,0.9994964753272908,25.6955,-37.1,-3.08,25.6955,0.9832708785381806,149.049,0.4193199999999999,14.12,39.30224867724868,21.38880116035606,87.3015873015873,85.92132505175982,50.0,58.11298423713217,0.375,0.0625,0.96875,0.859375,C-,D-,A,B+,altriagroupinc
MTZ,MasTec Inc,Industrials,Construction & Engineering,417.41,73.1223,2.1533,29.3664,10.104186334742174,111.21,22.59,14.249999999999998,0.0496,8.14,0.9974865162067341,211.4768,107.05100000000004,21.71699999999999,150.49414,0.9881548103535144,14.249999999999998,0.0496,8.14,27.054656685180714,94.93509252426827,36.22112211221122,91.44271570014143,50.0,58.09450634422993,0.1951219512195122,0.9878048780487805,0.3170731707317073,0.9634146341463414,D,A+,C-,A,mastecinc
FCN,FTI Consulting Inc,Industrials,Research & Consulting Services,173.82,19.6312,1.3514,14.5741,3.094358163679477,14.95,5.6,15.14,0.1018,11.67,0.6129032258064513,5.2115,14.95,5.6,5.2115,0.6129032258064513,15.14,0.1018,11.67,69.89294051356354,62.555794513877615,52.64026402640263,49.669966996699664,50.0,58.078453437107,0.7902439024390244,0.6731707317073171,0.5365853658536586,0.47317073170731705,B,B-,C+,C,fticonsultinginc
CRS,Carpenter Technology Corp,Industrials,Industrial Machinery & Supplies & Components,429.41,49.0584,7.2464,30.5106,11.311515138743276,62.57,2.3,22.99,0.1977,16.82,0.8858205806773292,112.2325,62.57,2.3,112.2325,0.8858205806773292,22.99,0.1977,16.82,15.017306608709655,62.58134944929638,76.98019801980199,87.76793468820567,50.0,58.06923298462832,0.07317073170731707,0.6780487804878049,0.824390243902439,0.9414634146341463,D-,B-,B+,A,carpentertechnologycorp
NMIH,NMI Holdings Inc,Financials,Commercial & Residential Mortgage Finance,37.21,7.2862,4.0114,5.9437,1.0951332642682237,11.04,8.52,15.8,0.7478,13.51,0.2834928229665069,2.2815,11.04,8.52,2.2815,0.2834928229665069,15.8,0.61004216,13.51,86.50984390551793,44.777917337342174,65.82914572864321,30.107057024251695,50.0,58.061742280859065,0.966183574879227,0.3961352657004831,0.6714975845410628,0.27053140096618356,A,C-,B-,D+,nmiholdingsinc
CALM,Cal-Maine Foods Inc,Consumer Staples,Packaged Foods & Meats,76.25,5.1975,1.0432,3.3704,1.4440494745553747,-29.23,-8.85,26.11,0.244,26.11,0.0794787077826725,-17.5497,-29.23,-6.447,-17.5497,0.0794787077826725,26.11,0.244,26.11,83.32506613756614,17.94263200373816,83.5978835978836,38.5547201336675,50.0,58.03020786134357,0.96875,0.03125,0.8828125,0.34375,A,F,B+,C-,calmainefoodsinc
CTSH,Cognizant Technology Solutions Corp,Information Technology,IT Consulting & Other Services,52.43,11.1412,1.177,5.9706,1.67258969074796,1.1,6.95,14.84,0.1606,14.280000000000001,0.004316546762589887,-30.3071,1.1,6.95,-30.3071,0.0760286039092009,14.84,0.1606,14.280000000000001,94.98333549755444,45.283783364610635,65.72162345438544,18.943458177973177,50.0,58.02168804650173,0.9738562091503268,0.3790849673202614,0.7058823529411765,0.09803921568627451,A+,C-,B,D-,cognizanttechnologysolutionscorp
BHF,Brighthouse Financial Inc,Financials,Life & Health Insurance,62.65,8.2739,0.5295,2.1575,0.5292225454717472,13.91,43.23,7.199999999999999,0.0925,4.72,0.8483099752679307,7.4614,13.91,43.23,7.4614,0.8483099752679307,7.199999999999999,0.0925,4.72,96.35739081882843,66.84817762006922,18.090452261306535,55.11222780569514,50.0,58.004041855186614,0.9951690821256038,0.821256038647343,0.17391304347826086,0.5797101449275363,A+,B+,D,C+,brighthousefinancialinc
NSC,Norfolk Southern Corp,Industrials,Rail Transportation,315.9,24.6952,5.8251,14.8381,4.560014204032848,10.17,0.47,19.16,0.3576,8.93,0.9290733004177741,42.4449,10.17,0.47,42.4449,0.9290733004177741,19.16,0.29997499999999994,8.93,45.32802060693874,50.081861357910554,69.8019801980198,70.87386999569523,50.0,57.9736464719608,0.45365853658536587,0.5024390243902439,0.7365853658536585,0.7414634146341463,C,C+,B,B,norfolksoutherncorp
HMN,Horace Mann Educators Corp,Financials,Multi-line Insurance,45.97,11.4517,1.0856,9.5414,1.260615965974064,57.19,7.59,11.52,0.1402,7.95,0.7157513578756786,11.0923,57.19,7.59,11.0923,0.7157513578756786,11.52,0.1402,7.95,69.86138421576482,66.86791104496476,46.733668341708544,51.65829145728644,50.0,57.85400363981858,0.782608695652174,0.8260869565217391,0.4492753623188406,0.5314009661835749,B,B+,C,C+,horacemanneducatorscorp
ABCB,Ameris Bancorp,Financials,Regional Banks,85.56,14.1721,2.70304,10.6232,1.4278585959390473,15.53,52.9989,10.41,0.3410664,9.76,0.9191716766867067,45.1646,15.53,52.9989,45.1646,0.9191716766867067,10.41,0.3410664,9.76,55.184133226519066,55.47574567074018,38.69346733668342,91.4341824062843,50.0,57.85138575620552,0.5555555555555556,0.5942028985507246,0.3719806763285024,0.9516908212560387,C+,C+,C-,A,amerisbancorp
SNA,Snap-On Inc,Industrials,Industrial Machinery & Supplies & Components,380.39,19.0607,3.732,13.2623,3.3260904730884753,2.51,4.15,17.49,0.2548,14.530000000000001,0.7931556632344033,22.0333,2.51,4.15,22.0333,0.7931556632344033,17.49,0.2548,14.530000000000001,59.03243982934879,50.402387568830704,73.01980198019803,48.37589022060101,50.0,57.768716010273046,0.6585365853658537,0.5121951219512195,0.7853658536585366,0.43902439024390244,B-,C+,B,C,snaponinc
LQDT,Liquidity Services Inc,Industrials,Diversified Support Services,35.91,37.4079,2.3419,19.7363,5.420131918554631,21.77,14.78,14.46,0.0785,14.46,0.9882026370575988,12.7827,21.77,14.78,12.7827,0.9881548103535144,14.46,0.0785,14.46,40.50390404894148,82.88605044475304,49.25742574257426,68.6987270155587,50.0,57.757287939941286,0.35609756097560974,0.9170731707317074,0.4926829268292683,0.7073170731707317,C-,A-,C,B,liquidityservicesinc
ACT,Enact Holdings Inc,Financials,Commercial & Residential Mortgage Finance,42.6,8.9204,4.8668,6.7965,1.1312607715410905,3.47,2.83,12.83,0.7354,11.24,0.7974198657446204,16.4889,3.47,2.83,16.4889,0.7974198657446204,12.83,0.61004216,11.24,83.3211953487243,29.06336915790118,53.266331658291456,63.90648896657199,50.0,57.74085337664858,0.9371980676328503,0.18357487922705315,0.5507246376811594,0.6811594202898551,A,D,C+,B-,enactholdingsinc
TRGP,Targa Resources Corp,Energy,Oil & Gas Storage & Transportation,254.28,28.4035,3.2076,14.8442,17.79202059922473,49.45,3.95,71.13000000000001,0.1956,9.77,0.9466265577997421,56.6342,49.45,3.95,56.6342,0.9466265577997421,28.447,0.1956,9.77,30.084470435347626,66.65982484948003,78.39506172839505,61.32822477650064,50.0,57.7174929661318,0.19298245614035087,0.7192982456140351,0.8421052631578947,0.6140350877192983,D,B,B+,B-,targaresourcescorp
VRSN,"VeriSign, Inc",Information Technology,Internet Services & Infrastructure,272.44,29.4827,14.7291,22.3112,69.72232885476647,10.41,6.84,113.55,0.6793,62.99,0.6249259140219323,-2.5956,10.41,6.84,-2.5956,0.6249259140219323,108.96000000000001,0.42322000000000004,52.535,46.89145709792379,40.38927814847911,97.69221890374986,42.23597335011437,50.0,57.67096930013711,0.5228758169934641,0.3137254901960784,0.9967320261437909,0.3660130718954248,C+,C-,A+,C-,verisigninc
SNCY,Sun Country Airlines Holdings Inc,Industrials,Passenger Airlines,15.79,16.2034,0.7594,6.4729,1.344298861730476,0.72,4.74,8.62,0.0889,4.49,0.4822779769016328,60.6307,0.72,4.74,60.6307,0.4822779769016328,8.62,0.0889,4.49,90.06681155920471,48.08657290397267,29.372937293729375,65.93352192362093,50.0,57.66395617875224,0.9609756097560975,0.44878048780487806,0.2048780487804878,0.6731707317073171,A,C,D+,B-,suncountryairlinesholdingsinc
MRK,Merck & Co Inc,Health Care,Pharmaceuticals,112.16,31.0041,4.2121,12.432,5.276081700238026,-48.26,2.89,36.19,0.1818,20.13,0.7495658884815742,34.7105,-48.26,2.89,34.7105,0.7495658884815742,36.19,0.1818,20.13,53.47559565116817,26.66689519630696,77.77777777777779,72.44755244755244,50.0,57.636232886008365,0.5909090909090909,0.09090909090909091,0.8106060606060606,0.7424242424242424,C+,D-,B+,B,merckcoinc
WLY,John Wiley & Sons Inc,Communication Services,Publishing,40.93,13.6258,1.2586,10.1803,2.90535072899956,282.11,-1.9,20.75,0.1352,9.83,0.7271147161066048,-6.2314,282.11,-1.9,-6.2314,0.7271147161066048,20.75,0.1352,9.83,67.24224224224223,59.46346943015947,61.63663663663664,42.45495495495496,50.0,57.60340459674261,0.7567567567567568,0.5945945945945946,0.5945945945945946,0.3783783783783784,B,C+,C+,C-,johnwileysonsinc
HWM,Howmet Aerospace Inc,Industrials,Aerospace & Defense,239.51,63.6571,11.6329,43.2481,17.969764039464305,31.87,11.06,29.67,0.24609999999999999,18.2,0.7732463295269167,61.7983,31.87,11.06,61.7983,0.7732463295269167,29.67,0.24609999999999999,18.2,8.807051436851003,77.05610758195353,85.64356435643565,67.85478547854785,50.0,57.59483256042194,0.024390243902439025,0.8634146341463415,0.9219512195121952,0.697560975609756,F,B+,A-,B-,howmetaerospaceinc
DRI,Darden Restaurants Inc,Consumer Discretionary,Restaurants,194.76,20.1762,1.7477,13.1191,9.85891964950113,6.61,8.51,50.71,0.11349999999999999,17.82,0.4346212249029861,-2.5518,6.61,8.51,-2.5518,0.4346212249029861,50.71,0.11349999999999999,17.82,43.9647077869516,70.78376139188069,72.91146405620485,46.06462303231151,50.0,57.58871984562756,0.41379310344827586,0.7724137931034483,0.7862068965517242,0.43448275862068964,C,B,B,C,dardenrestaurantsinc
CDW,CDW Corp,Information Technology,Technology Distributors,136.03,16.3214,0.7763,11.4948,6.754253993316749,1.33,6.79,42.94,0.0738,13.05,0.29059505799293994,-16.2377,1.33,6.79,-16.2377,0.29059505799293994,42.94,0.0738,13.05,89.92338657317231,41.53205794314251,65.1719112957913,27.45190791548407,50.0,57.57061763896622,0.934640522875817,0.3333333333333333,0.6928104575163399,0.20261437908496732,A,C-,B-,D+,cdwcorp
LGND,Ligand Pharmaceuticals Inc,Health Care,Biotechnology,227.44,36.6204,17.0001,65.5901,4.421298591226218,,60.4,13.86,0.15289999999999998,11.1,0.8657148629537342,108.3738,,51.467499999999895,96.76192999999994,0.8657148629537342,13.86,0.15289999999999998,11.1,17.70375510833526,72.87549407114625,58.58585858585858,94.51910408432148,50.0,57.551323054642005,0.07575757575757576,0.8409090909090909,0.5984848484848485,0.9696969696969697,D-,B+,C+,A,ligandpharmaceuticalsinc
PSMT,PriceSmart Inc,Consumer Staples,Consumer Staples Merchandise Retail,158.21,31.3424,0.8845,15.5784,3.899641117662138,8.73,8.85,12.23,0.0449,10.8,0.8907486993892784,56.2877,8.73,8.85,56.2877,0.8907486993892784,12.23,0.0449,10.8,46.048280423280424,69.98820388650897,38.095238095238095,87.39926739926739,50.0,57.513373886784905,0.453125,0.734375,0.3125,0.90625,C,B,C-,A-,pricesmartinc
NYT,New York Times Co,Communication Services,Publishing,78.72,37.0547,4.512,25.2873,6.24053653393371,17.61,9.24,17.549999999999997,0.15130000000000002,17.549999999999997,0.7676739672858331,52.0866,17.61,9.24,52.0866,0.7676739672858331,17.549999999999997,0.15130000000000002,17.549999999999997,26.35135135135135,70.29797153394628,64.33933933933935,78.7012012012012,50.0,57.47250721970217,0.21621621621621623,0.8378378378378378,0.7567567567567568,0.8108108108108109,D+,B+,B,B+,newyorktimesco
BBWI,Bath & Body Works Inc,Consumer Discretionary,Other Specialty Retail,19.21,5.9608,0.5306,4.8246,311.85064935064935,-13.86,-0.22,3138.89,0.15439999999999998,11.92,0.24208977189109646,-36.0732,-13.86,-0.22,-34.377039999999994,0.24208977189109646,171.01,0.15439999999999998,11.92,90.31083050024283,33.40023474178403,78.18732727333266,18.23943661971831,50.0,57.45247371569434,0.9655172413793104,0.2482758620689655,0.8482758620689655,0.13793103448275862,A,D+,B+,D,bathbodyworksinc
EXP,Eagle Materials Inc,Materials,Construction Materials,210.82,15.4059,2.8814,10.8482,4.772015283486953,-5.47,1.44,28.78,0.2368,14.860000000000001,0.5419399860432659,-7.4295,-5.47,1.44,-7.4295,0.5419399860432659,28.78,0.2368,14.726499999999989,60.17238436593275,41.62933094384707,94.89247311827957,26.8010752688172,50.0,57.45229561358593,0.7142857142857143,0.30158730158730157,1.0,0.2222222222222222,B,C-,A+,D+,eaglematerialsinc
BLD,TopBuild Corp,Consumer Discretionary,Homebuilding,438.98,23.5779,2.2742,15.3378,5.3199443985946955,-9.79,1.49,23.72,0.1464,11.73,0.5781194852632229,47.0176,-9.79,1.49,47.0176,0.5781194852632229,23.72,0.1464,11.73,34.92148292051158,54.8809218950064,65.77930942629774,81.17797695262485,50.0,57.38697785622858,0.30344827586206896,0.5379310344827586,0.6620689655172414,0.8344827586206897,C-,C+,B-,B+,topbuildcorp
PR,Permian Resources Corp,Energy,Oil & Gas Exploration & Production,22.1,20.4798,3.7811,6.9353,1.7978003384094756,-12.26,1.29,9.56,0.23550000000000001,6.890000000000001,0.9990448901623689,82.6446,-12.26,1.29,82.6446,0.9967504108330386,9.56,0.23550000000000001,6.890000000000001,51.52696556205328,48.84626690182246,51.23456790123456,84.58847736625515,50.0,57.377332219437484,0.5087719298245614,0.43859649122807015,0.4824561403508772,0.9298245614035088,C+,C,C,A-,permianresourcescorp
LRN,Stride Inc,Consumer Discretionary,Education Services,93.08,12.4104,1.5712,8.8893,2.7376148515899814,9.54,14.86,21.36,0.1602,15.809999999999999,0.29365665870383423,-38.2349,9.54,14.86,-34.377039999999994,0.29365665870383423,21.36,0.1602,15.809999999999999,66.28136635907398,74.59263271939328,67.8986448240269,19.507042253521128,50.0,57.3649377903581,0.7379310344827587,0.8344827586206897,0.7034482758620689,0.15172413793103448,B,B+,B,D,strideinc
GLW,Corning Inc,Information Technology,Electronic Components,158.26,85.191,8.6995,61.8497,10.830379261733023,215.91,19.14,14.13,0.1458,8.34,0.8454973841415903,253.4167,215.91,19.14,253.4167,0.8454973841415903,14.13,0.1458,8.34,26.907039489820946,84.51228344991237,55.813819273110276,73.84820153226853,50.0,57.35231168716899,0.21568627450980393,0.9477124183006536,0.5816993464052288,0.7908496732026143,D+,A,C+,B,corninginc
PAYX,Paychex Inc,Industrials,Human Resource & Employment Services,93.02,20.3631,5.262,13.4106,8.12344988996402,-5.65,16.44,40.94,0.3636,18.26,0.09988125082464695,-36.5528,-5.65,16.44,-35.189144999999996,0.09988125082464695,40.94,0.29997499999999994,18.26,54.14956129759317,66.26953904181627,91.41914191419141,13.387553041018386,50.0,57.323594219513076,0.5560975609756098,0.7268292682926829,0.9804878048780488,0.07804878048780488,C+,B,A+,D-,paychexinc
MOG-A,Moog Inc,Industrials,Aerospace & Defense,300.52,33.3092,2.2898,19.1664,5.043508907368403,38.77,13.79,14.16,0.09119999999999999,8.94,0.7128490424735209,77.2457,38.77,13.79,77.2457,0.7128490424735209,14.16,0.09119999999999999,8.94,43.60057957015214,81.6720518537551,45.21452145214521,68.76872302614878,50.0,57.29193023155511,0.424390243902439,0.9121951219512195,0.40487804878048783,0.7170731707317073,C,A-,C,B,mooginc
URI,United Rentals Inc,Industrials,Trading Companies & Distributors,949.23,23.72,3.6337,16.2766,6.678477225860059,1.45,5.05,27.88,0.24670000000000003,10.95,0.8143980268228765,48.1783,1.45,5.05,48.1783,0.8143980268228765,27.88,0.24670000000000003,10.95,48.37156886420349,45.28448595174776,76.23762376237623,60.342726580350345,50.0,57.27774066306455,0.4975609756097561,0.3902439024390244,0.8146341463414634,0.6146341463414634,C,C-,B+,B-,unitedrentalsinc
CAKE,Cheesecake Factory Inc,Consumer Discretionary,Restaurants,60.2,20.1966,0.799,12.0835,6.846666515023998,-4.36,4.75,37.059999999999995,0.045700000000000005,14.42,0.6432594817874578,25.0,-4.36,4.75,25.0,0.6432594817874578,37.059999999999995,0.045700000000000005,14.42,55.05747126436781,48.25020712510356,55.7286984317251,74.57332228666115,50.0,57.26124830637617,0.6068965517241379,0.4482758620689655,0.5517241379310345,0.7793103448275862,B-,C,C+,B,cheesecakefactoryinc
OGS,ONE Gas Inc,Utilities,Gas Utilities,88.91,21.1191,2.2988,11.4433,1.6202838913784714,11.81,16.5,8.14,0.1885,4.03,0.9060773480662981,14.1775,11.81,16.5,14.1775,0.9060773480662981,8.14,0.1885,4.03,69.69170646982197,72.11772364408812,34.04255319148936,59.464144996059886,50.0,57.24993864335743,0.7551020408163265,0.7959183673469388,0.29591836734693877,0.5510204081632653,B,B,D+,C+,onegasinc
JPM,JPMorgan Chase & Co,Financials,Diversified Banks,312.47,14.3092,2.89596,25.4887,2.3245485479289822,2.39,108.9793,16.32,0.4122809,4.130000000000001,0.7393773664282712,26.5624,2.39,85.46525599999993,26.5624,0.7393773664282712,16.32,0.4122809,4.130000000000001,41.14291263078678,62.97061132451942,69.09547738693468,60.324700425202934,50.0,57.218659854374835,0.34782608695652173,0.748792270531401,0.7028985507246377,0.6231884057971014,C-,B,B,B-,jpmorganchaseco
UFPT,UFP Technologies Inc,Health Care,Health Care Equipment,194.07,21.9127,2.4833,14.4626,3.531499071951086,15.56,19.5,17.36,0.1532,12.41,0.12170748927388242,-8.5998,15.56,19.5,-8.5998,0.12170748927388242,17.36,0.1532,12.41,63.306731436502425,67.26336898395722,62.878787878787875,36.00713012477719,50.0,57.200479650569456,0.696969696969697,0.7424242424242424,0.6590909090909091,0.32575757575757575,B-,B,B-,C-,ufptechnologiesinc
LMAT,LeMaitre Vascular Inc,Health Care,Health Care Equipment,112.04,44.2042,10.2246,36.6046,6.483721253226236,27.88,13.53,15.58,0.2721,10.71,0.8507496268740673,24.1578,27.88,13.53,24.1578,0.8507496268740673,15.58,0.2721,10.71,21.518621327781634,65.74643493761141,68.68686868686869,82.48366013071896,50.0,57.197391517328654,0.12121212121212122,0.7348484848484849,0.7045454545454546,0.8636363636363636,D,B,B,B+,lemaitrevascularinc
LII,Lennox International Inc,Industrials,Building Products,526.33,22.7215,3.5241,17.3396,15.746031556084748,1.12,-2.73,80.86,0.2004,36.980000000000004,0.36130472237450084,-5.5097,1.12,-2.73,-5.5097,0.36130472237450084,74.1049999999999,0.2004,28.207999999999984,48.670208484263064,44.84433775560471,92.90429042904289,39.113861386138616,50.0,57.18526455667515,0.5073170731707317,0.3853658536585366,0.9902439024390244,0.35609756097560974,C+,C-,A+,C-,lennoxinternationalinc
PBF,PBF Energy Inc,Energy,Oil & Gas Refining & Marketing,43.0,11.4368,0.1674,5.1457,0.945256461267567,,-4.33,8.35,0.025099999999999997,5.6899999999999995,0.7429291514981798,158.1032,,-4.33,152.89482999999996,0.7429291514981798,8.35,0.025099999999999997,5.6899999999999995,88.07667316439246,45.56194125159642,29.012345679012345,68.97828863346105,50.0,57.1803006878627,0.9824561403508771,0.38596491228070173,0.24561403508771928,0.7017543859649122,A+,C-,D+,B,pbfenergyinc
INTU,Intuit Inc,Information Technology,Application Software,399.04,25.4273,5.4845,18.8221,5.6511240927597814,43.99,17.21,22.2,0.2708,16.869999999999997,0.12072859127005163,-35.9682,43.99,17.21,-35.9682,0.12072859127005163,22.2,0.2708,16.869999999999997,61.084419050916914,70.36937582832667,78.01151365623512,16.555262364848474,50.0,57.15891081542304,0.6470588235294118,0.7973856209150327,0.8104575163398693,0.08496732026143791,B-,B,B+,D-,intuitinc
GEN,Gen Digital Inc,Information Technology,Systems Software,19.37,19.4556,2.4819,10.3955,5.267165193745751,-5.53,15.97,25.6,0.3668,5.53,0.1101489435400069,-24.3359,-5.53,15.97,-24.3359,0.1101489435400069,25.6,0.3668,5.53,82.53040730641042,52.5627942064811,66.48920053672683,21.903562307925377,50.0,57.14817326366561,0.8758169934640523,0.5359477124183006,0.7124183006535948,0.1437908496732026,B+,C+,B,D,gendigitalinc
HAFC,Hanmi Financial Corp,Financials,Regional Banks,30.17,11.7973,1.8749,9.2405,1.1325202611140517,22.37,43.94988,9.85,0.4678737,8.42,0.8777660695468918,31.4024,22.37,43.94988,31.4024,0.8777660695468918,9.85,0.4678737,8.42,71.94911756851893,53.647459036768026,36.18090452261307,71.46652804251141,50.0,57.05530293863889,0.821256038647343,0.5507246376811594,0.34782608695652173,0.7874396135265701,B+,C+,C-,B,hanmifinancialcorp
TROW,T Rowe Price Group Inc,Financials,Asset Management & Custody Banks,103.42,10.7432,3.0379,7.9273,2.0813794824525744,5.66,4.23,19.48,0.3073,19.42,0.5515151515151516,17.3627,5.66,4.23,17.3627,0.5515151515151516,19.48,0.3073,19.42,58.157939455732766,37.32833750400398,76.88442211055276,54.120603015075375,50.0,57.05037849538725,0.5845410628019324,0.2946859903381642,0.7777777777777778,0.5652173913043478,C+,D+,B,C+,trowepricegroupinc
DCOM,Dime Community Bancshares Inc,Financials,Regional Banks,36.07,14.3022,2.11729,11.8336,1.0720601566331307,225.06,42.91451,7.670000000000001,0.4435096,6.45,0.8725341426403642,39.4279,109.115,42.91451,39.4279,0.8725341426403642,7.670000000000001,0.4435096,6.45,66.25883038380306,67.90436779596628,22.110552763819097,81.45093282504477,50.0,56.963405911107756,0.7198067632850241,0.8405797101449275,0.21256038647342995,0.8502415458937198,B,B+,D+,B+,dimecommunitybancsharesinc
NDSN,Nordson Corp,Industrials,Industrial Machinery & Supplies & Components,283.2,30.1946,5.5514,19.7955,5.203280712584884,17.82,6.5,17.299999999999997,0.259,10.22,0.8129436552063594,48.7708,17.82,6.5,48.7708,0.8129436552063594,17.299999999999997,0.259,10.22,33.0193995009257,72.57450579685522,67.9042904290429,60.927566440854605,50.0,56.93133693003412,0.2634146341463415,0.8,0.7219512195121951,0.624390243902439,D+,B,B,B-,nordsoncorp
DY,Dycom Industries Inc,Industrials,Construction & Engineering,433.6,46.2894,2.347,21.4807,6.989715317406584,21.16,17.95,18.81,0.0753,9.54,0.9568474189871358,150.5489,21.16,17.95,150.49414,0.9568474189871358,18.81,0.0753,9.54,35.924494888513244,71.2720501282805,48.102310231023104,83.23338048090523,50.0,56.90778740172123,0.2975609756097561,0.7658536585365854,0.4682926829268293,0.8780487804878049,D+,B,C,B+,dycomindustriesinc
BBY,Best Buy Co Inc,Consumer Discretionary,Computer & Electronics Retail,60.05,11.7467,0.3012,7.4783,4.236331569664903,18.26,0.39,38.54,0.0332,27.11,0.06992355025172478,-10.4266,18.26,0.39,-10.4266,0.06992355025172478,38.54,0.0332,27.11,86.78484701311316,54.98836497244336,60.0,21.041028781383957,50.0,56.902090504043755,0.9448275862068966,0.5448275862068965,0.6068965517241379,0.1793103448275862,A,C+,B-,D,bestbuycoinc
CAT,Caterpillar Inc,Industrials,Construction Machinery & Heavy Transportation Equipment,889.67,46.5952,6.1245,29.072,19.417944033751738,-14.7,4.29,45.15,0.165,14.63,0.9741911935907962,183.3705,-14.7,4.29,150.49414,0.9741911935907962,45.15,0.165,14.63,17.465990501489173,41.78214440296489,79.12541254125414,96.96782178217822,50.0,56.89784399771445,0.08292682926829269,0.33170731707317075,0.8536585365853658,1.0,D-,C-,B+,A+,caterpillarinc
AA,Alcoa Corp,Materials,Aluminum,62.63,15.9823,1.3059,25.8659,2.693381154502802,16.67,-0.08,16.27,-0.96,11.63,0.7464611958510105,155.216,16.67,-0.08,155.216,0.7464611958510105,16.27,-0.339665,11.63,50.358422939068106,49.413489736070375,55.645161290322584,77.56598240469208,50.0,56.89679048550017,0.5396825396825397,0.5079365079365079,0.5873015873015873,0.8095238095238095,C+,C+,C+,B+,alcoacorp
TRST,TrustCo Bank Corp NY,Financials,Regional Banks,48.06,13.7622,2.5976,11.2279,1.2620069218690098,26.92,24.59725,8.86,0.4587097,7.779999999999999,0.9787465940054496,55.4837,26.92,24.59725,55.4837,0.9602574007634097,8.86,0.4587097,7.779999999999999,61.63911344160415,48.122390211034315,29.396984924623116,97.25639692716456,50.0,56.834782019196595,0.6376811594202898,0.4251207729468599,0.2826086956521739,1.0,B-,C,D+,A+,trustcobankcorpny
GAP,Gap Inc,Consumer Discretionary,Apparel Retail,24.68,11.0497,0.5868,4.8992,2.415416385292189,-2.88,1.86,22.98,0.0726,16.189999999999998,0.561592505854801,12.0291,-2.88,1.86,12.0291,0.561592505854801,22.98,0.0726,16.189999999999998,85.01861745183746,37.11316172899466,56.87576998634835,44.497328800388544,50.0,56.795694965423095,0.9241379310344827,0.296551724137931,0.5586206896551724,0.4068965517241379,A-,D+,C+,C,gapinc
INGR,Ingredion Inc,Consumer Staples,Agricultural Products & Services,110.43,9.5515,0.9645,6.2636,1.62776951502993,15.14,-2.84,17.48,0.1407,12.23,0.20572586774765658,-15.7023,15.14,-2.84,-15.7023,0.20572586774765658,17.48,0.1407,12.23,80.69609788359789,47.363465160075336,59.25925925925926,36.44444444444444,50.0,56.75042120661825,0.9375,0.484375,0.59375,0.328125,A,C,C+,C-,ingredioninc
WWD,Woodward Inc,Industrials,Electrical Components & Equipment,362.99,44.0742,5.6824,31.9677,8.47224621072434,32.85,14.52,19.63,0.14859999999999998,14.59,0.7983185382849658,90.5559,32.85,14.52,90.5559,0.7983185382849658,19.63,0.14859999999999998,14.59,18.26209450213314,86.35923598012712,66.17161716171617,66.75247524752476,50.0,56.73077016149271,0.09268292682926829,0.9512195121951219,0.697560975609756,0.6878048780487804,D-,A,B-,B-,woodwardinc
CASY,Caseys General Stores Inc,Consumer Staples,Food Retail,835.92,47.5253,1.8193,23.5358,8.843402835449359,21.4,9.22,17.549999999999997,0.0562,10.54,0.9980575840279312,83.5009,21.4,9.22,82.24241999999998,0.9832708785381806,17.549999999999997,0.0562,10.54,22.4702380952381,77.94681401461062,44.97354497354497,96.24542124542124,50.0,56.69939281920214,0.140625,0.84375,0.375,0.9765625,D,B+,C-,A+,caseysgeneralstoresinc
PCTY,Paylocity Holding Corp,Industrials,Human Resource & Employment Services,109.6,24.7816,3.5157,12.729,4.91843740884511,9.16,12.08,20.52,0.2011,18.279999999999998,0.15241188831080646,-43.5517,9.16,12.08,-35.189144999999996,0.15241188831080646,20.52,0.2011,18.279999999999998,54.65185542944538,74.9588796476477,78.71287128712872,16.654879773691654,50.0,56.6639335634114,0.5609756097560976,0.824390243902439,0.8414634146341463,0.08780487804878048,C+,B+,B+,D-,paylocityholdingcorp
GATX,GATX Corp,Industrials,Construction Machinery & Heavy Transportation Equipment,196.35,20.9273,4.0077,17.0228,2.527101831843156,17.41,9.77,12.47,0.3048,2.68,0.8516908212560385,35.3858,17.41,9.77,35.3858,0.8516908212560385,12.47,0.29997499999999994,2.68,48.5124366095146,78.2334611534924,51.48514851485149,54.92574257425743,50.0,56.63123702664149,0.5024390243902439,0.8731707317073171,0.5317073170731708,0.5414634146341464,C+,B+,C+,C+,gatxcorp
OGN,Organon & Co,Health Care,Pharmaceuticals,13.29,18.6629,0.5614,10.5186,4.600526170036001,-78.5,-2.92,25.5,0.0684,1.96,0.9870129870129868,40.6349,-62.600500000000004,-2.92,40.6349,0.9578858403006005,25.5,0.0684,1.96,84.55933379597502,9.653891859774212,46.96969696969697,84.00932400932402,50.0,56.614900865237644,0.9166666666666666,0.015151515151515152,0.44696969696969696,0.8787878787878788,A-,F,C,B+,organonco
NUE,Nucor Corp,Materials,Steel,226.04,29.5245,1.5846,14.7595,2.470288021769659,-10.95,5.73,8.49,0.0817,6.29,0.984229979466119,88.8072,-10.95,5.73,88.8072,0.984229979466119,8.49,0.0817,6.29,51.06673493770268,46.67959651274445,47.8494623655914,87.43047830923248,50.0,56.55106429021891,0.5714285714285714,0.38095238095238093,0.42857142857142855,0.9365079365079365,C+,C-,C,A,nucorcorp
RF,Regions Financial Corp,Financials,Regional Banks,28.19,10.8239,1.92217,10.497,1.284932243640292,14.13,45.41902,11.78,0.3873294,9.54,0.7057268722466961,37.4451,14.13,45.41902,37.4451,0.7057268722466961,11.78,0.3873294,9.54,71.25239725196029,44.73514794601498,47.23618090452261,64.90845029746434,50.0,56.55086418781659,0.7971014492753623,0.391304347826087,0.45410628019323673,0.7053140096618358,B,C-,C,B,regionsfinancialcorp
ABG,Asbury Automotive Group Inc,Consumer Discretionary,Automotive Retail,203.01,7.1521,0.2181,9.2619,1.0030123473137145,34.23,4.83,12.97,0.056900000000000006,5.56,0.20469462676604716,-7.0254,34.23,4.83,-7.0254,0.20469462676604716,12.97,0.056900000000000006,5.56,88.795531811559,74.36023019839467,37.74514700496121,25.106769650159016,50.0,56.52856967384079,0.9586206896551724,0.8275862068965517,0.3448275862068966,0.22758620689655173,A,B+,C-,D+,asburyautomotivegroupinc
CHRW,CH Robinson Worldwide Inc,Industrials,Air Freight & Logistics,177.3,35.5911,1.2872,24.3083,11.376761376761378,25.4,-8.42,32.519999999999996,0.049,19.15,0.7769784172661871,96.389,25.4,-8.42,96.389,0.7769784172661871,32.519999999999996,0.049,19.15,44.33872655558239,45.49645620299735,60.0,81.62376237623762,50.0,56.508725354742595,0.4292682926829268,0.4,0.6219512195121951,0.8439024390243902,C,C-,B-,B+,chrobinsonworldwideinc
CTS,CTS Corp,Information Technology,Electronic Manufacturing Services,57.0,24.9521,3.0108,13.2874,2.9707304869913274,15.91,4.95,11.940000000000001,0.1527,10.41,0.8874550454833934,47.2488,15.91,4.95,47.2488,0.8874550454833934,11.940000000000001,0.1527,10.41,74.43477759021195,46.69494548443631,57.126780071852146,45.92622479455358,50.0,56.414623471314,0.803921568627451,0.42483660130718953,0.5947712418300654,0.41830065359477125,B+,C,C+,C,ctscorp
IBKR,Interactive Brokers Group Inc,Financials,Investment Banking & Brokerage,80.46,131.4916,12.6836,32.3626,6.682446742244923,28.16,12.86,19.89,0.465,3.27,0.939165409753645,84.5836,28.16,12.86,72.80332,0.939165409753645,19.89,0.465,3.27,8.136091083436508,56.493845892416076,77.38693467336684,93.52977006243339,50.0,56.38547963017073,0.033816425120772944,0.6521739130434783,0.782608695652174,0.9710144927536232,F,B-,B,A+,interactivebrokersgroupinc
HLT,Hilton Worldwide Holdings Inc,Consumer Discretionary,"Hotels, Resorts & Cruise Lines",318.61,49.7811,6.0247,29.1584,170.47084002140184,-0.49,7.74,171.01,0.2237,9.64,0.7781832067546355,36.1058,-0.49,7.74,36.1058,0.7781832067546355,171.01,0.2237,9.64,12.261615671037717,68.51040803645402,80.28501981154064,72.70919635459818,50.0,56.38057974885503,0.041379310344827586,0.7241379310344828,0.8689655172413793,0.7448275862068966,F,B,B+,B,hiltonworldwideholdingsinc
BRBR,Bellring Brands Inc,Consumer Staples,Packaged Foods & Meats,17.2,11.0221,0.869,9.2909,,-31.29,10.59,23.66314,0.1381,29.95204,0.046111493461803155,-77.6536,-31.29,10.59,-51.65672,0.046111493461803155,23.66314,0.1381,29.567835999999996,76.99239417989418,58.40749472551435,74.86772486772487,8.450292397660817,50.0,56.336587186539795,0.875,0.578125,0.8203125,0.015625,B+,C+,B+,F,bellringbrandsinc
TFC,Truist Financial Corp,Financials,Diversified Banks,50.93,11.5108,1.76233,19.2127,0.9863254583518121,17.14,58.19041,8.51,0.2905613,4.35,0.7080676462434156,31.9772,17.14,58.19041,31.9772,0.7080676462434156,8.51,0.2905613,4.35,80.42385842254751,63.7663523124761,25.628140703517587,60.32856590645535,50.0,56.33198342530257,0.9178743961352657,0.7632850241545893,0.2463768115942029,0.6280193236714976,A-,B,D+,B-,truistfinancialcorp
RH,RH,Consumer Discretionary,Homefurnishing Retail,129.97,19.6169,0.7117,10.3789,40.360847152350786,75.14,8.14,203.42,0.11259999999999999,2.03,0.15704632429595147,-29.6547,75.14,8.14,-29.6547,0.15704632429595147,171.01,0.11259999999999999,2.03,64.37914845394204,85.16968477531859,58.1377151799687,18.175720992622406,50.0,56.298297062065885,0.7310344827586207,0.9172413793103448,0.5724137931034483,0.1310344827586207,B,A-,C+,D,rh
MOS,Mosaic Co,Materials,Fertilizers & Agricultural Chemicals,23.15,13.6086,0.6105,6.1327,0.6080328626659942,206.43,8.36,4.41,0.0682,3.19,0.026468689477082,-24.0236,206.43,8.36,-24.0236,0.15770199677058525,4.41,0.0682,3.19,91.5173237753883,83.45021037868162,36.55913978494623,12.876344086021502,50.0,56.284426783024266,0.9682539682539683,0.9047619047619048,0.3333333333333333,0.06349206349206349,A,A-,C-,D-,mosaicco
MKSI,MKS Incorporated,Information Technology,Semiconductor Materials & Equipment,279.38,63.7571,4.7858,29.7791,6.904869591436755,54.44,9.59,11.540000000000001,0.1318,4.279999999999999,0.934374161223942,290.0321,54.44,9.59,290.0321,0.934374161223942,11.540000000000001,0.1318,4.279999999999999,44.233793591019925,61.59651862862179,42.60052806994762,86.16404795913951,50.0,56.260693732794145,0.47058823529411764,0.6666666666666666,0.41830065359477125,0.9281045751633987,C,B-,C,A-,mksincorporated
PLXS,Plexus Corp,Information Technology,Electronic Manufacturing Services,264.6,40.0888,1.7175,24.9493,4.8802080451502245,56.35,1.82,12.389999999999999,0.0509,11.129999999999999,0.9522661062173888,113.1121,56.35,1.82,113.1121,0.9522661062173888,12.389999999999999,0.0509,11.129999999999999,64.74483833268407,49.9071374288506,48.65313307074118,64.35314523160257,50.0,56.20154938294695,0.6928104575163399,0.477124183006536,0.47058823529411764,0.6339869281045751,B-,C,C,B-,plexuscorp
RMBS,Rambus Inc,Information Technology,Semiconductors,111.93,52.5212,17.1047,45.8114,8.84186079579117,27.75,27.13,18.29,0.3677,18.29,0.5586725663716814,128.9894,27.75,27.13,128.9894,0.5586725663716814,18.29,0.3677,18.29,28.254627826112046,70.8602539418179,80.39359967680966,49.07564791921184,50.0,56.14923724793638,0.23529411764705882,0.8104575163398693,0.8431372549019608,0.46405228758169936,D+,B+,B+,C,rambusinc
HALO,Halozyme Therapeutics Inc,Health Care,Biotechnology,63.96,23.9125,5.4257,17.7464,154.34362934362935,-27.39,37.55,92.67,0.3319,15.770000000000001,0.4740783410138249,6.5467,-27.39,37.55,6.5467,0.4740783410138249,92.67,0.3319,15.770000000000001,44.818413139023825,51.801539421676715,85.85858585858585,40.54018445322794,50.0,56.13759452438335,0.4393939393939394,0.5227272727272727,0.9053030303030303,0.4015151515151515,C,C+,A-,C,halozymetherapeuticsinc
DOCN,DigitalOcean Holdings Inc,Information Technology,Internet Services & Infrastructure,102.82,40.6049,11.6785,32.6834,209.06872712484747,182.74,15.48,-20.080000000000002,0.2275,-1.73,0.9789672820163228,226.6201,182.74,15.48,226.6201,0.9789672820163228,-9.575,0.2275,-1.73,38.32258436855242,79.02462635254949,30.1331717381581,91.0794135959699,50.0,56.13474701638151,0.3660130718954248,0.8823529411764706,0.2549019607843137,0.9738562091503268,C-,B+,D+,A+,digitaloceanholdingsinc
YETI,Yeti Holdings Inc,Consumer Discretionary,Leisure Products,40.35,18.7392,1.6587,10.8539,4.653335178522004,-17.37,1.56,22.66,0.1143,20.53,0.5431196491960745,42.328,-17.37,1.56,42.328,0.5431196491960745,22.66,0.1143,20.53,53.760725271167225,37.388854868340474,66.76322711683814,67.21126760563381,50.0,56.051012591796194,0.5862068965517241,0.30344827586206896,0.6689655172413793,0.6758620689655173,C+,C-,B-,B-,yetiholdingsinc
SIGI,Selective Insurance Group Inc,Financials,Property & Casualty Insurance,82.08,10.8189,0.9088,9.0828,1.3663376225592196,95.64,8.54,12.93,0.11410000000000001,10.290000000000001,0.5196177062374245,-5.5357,95.64,8.54,-5.5357,0.5196177062374245,12.93,0.11410000000000001,10.290000000000001,69.48389289442382,65.46279057731499,53.768844221105525,35.43771489024068,50.0,55.99328537239347,0.7632850241545893,0.7971014492753623,0.5555555555555556,0.3285024154589372,B,B,C+,C-,selectiveinsurancegroupinc
WWW,Wolverine World Wide Inc,Consumer Discretionary,Footwear,17.33,15.2182,0.7697,10.3862,3.4484130932245542,,3.61,26.35,0.0794,9.120000000000001,0.2190812720848056,31.7871,,3.61,31.7871,0.2190812720848056,26.35,0.0794,9.120000000000001,67.59268253197344,50.4745866503368,53.442879499217526,53.16595223515003,50.0,55.98699828489511,0.7517241379310344,0.5103448275862069,0.5103448275862069,0.4896551724137931,B,C+,C+,C,wolverineworldwideinc
BWXT,BWX Technologies Inc,Industrials,Aerospace & Defense,216.31,60.2428,6.1957,45.1288,16.046854946995154,17.0,18.3,27.650000000000002,0.1265,11.95,0.8170014347202297,94.6634,17.0,18.3,94.6634,0.8170014347202297,27.650000000000002,0.1265,11.95,10.913627948160668,75.93245768460831,65.84158415841584,82.92967758314293,50.0,55.961230080194376,0.03902439024390244,0.8536585365853658,0.6902439024390243,0.8731707317073171,F,B+,B-,B+,bwxtechnologiesinc
HWKN,Hawkins Inc,Materials,Commodity Chemicals,167.49,42.4804,3.2931,21.6549,7.526659446633922,0.89,11.65,16.73,0.1151,11.14,0.7364592895981923,40.2411,0.89,11.65,40.2411,0.7364592895981923,16.73,0.1151,11.14,28.70797064345452,64.84444727782737,73.65591397849464,61.935483870967744,50.0,55.946957385246314,0.20634920634920634,0.7777777777777778,0.7619047619047619,0.6349206349206349,D+,B,B,B-,hawkinsinc
AIR,AAR Corp,Industrials,Aerospace & Defense,110.35,25.6607,1.3999,14.1167,3.263325368473349,-45.74,16.85,12.07,0.0955,7.199999999999999,0.7721929468990677,100.2722,-45.74,16.85,100.2722,0.7721929468990677,12.07,0.0955,7.199999999999999,64.0513563551477,43.30926920262212,40.26402640264027,80.98502157908098,50.0,55.93770384578761,0.7365853658536585,0.36585365853658536,0.35121951219512193,0.8292682926829268,B,C-,C-,B+,aarcorp
BDC,Belden Inc,Information Technology,Electronic Components,114.15,18.7109,1.6368,14.5943,3.5160725946552,22.98,10.33,19.139999999999997,0.1162,9.48,0.2667934529645761,12.6295,22.98,10.33,12.6295,0.2667934529645761,19.139999999999997,0.1162,9.48,82.2663723325975,51.60198985684818,57.29775353850149,28.623215290531224,50.0,55.93607249725063,0.869281045751634,0.5032679738562091,0.6013071895424836,0.20915032679738563,B+,C+,B-,D+,beldeninc
UBER,Uber Technologies Inc,Industrials,Passenger Ground Transportation,75.12,15.22,2.9415,34.0122,5.772200920540031,3.3,18.28,40.31,0.107,28.27,0.19862809424396094,-7.1331,3.3,18.28,-7.1331,0.19862809424396094,40.31,0.107,28.207999999999984,46.22474442566209,71.97477358977116,78.71287128712872,26.435643564356436,50.0,55.91648735902322,0.47317073170731705,0.7902439024390244,0.8414634146341463,0.22926829268292684,C,B,B+,D+,ubertechnologiesinc
CHTR,Charter Communications Inc,Communication Services,Cable & Satellite,171.74,4.7691,0.4342,5.5766,1.3546642603378538,3.8,-0.56,31.240000000000002,0.2351,4.43,0.04923672328531502,-55.1593,3.8,-0.56,-54.52675,0.135668120182439,31.240000000000002,0.2351,4.43,93.61861861861861,46.52609545667049,65.91591591591592,8.149236192714454,50.0,55.818699963510625,1.0,0.4594594594594595,0.8108108108108109,0.02702702702702703,A+,C,B+,F,chartercommunicationsinc
L,Loews Corp,Financials,Multi-line Insurance,111.7,13.7878,1.2437,12.1176,1.231437485530334,24.7,5.29,9.3,0.14279999999999998,6.15,0.892619251354843,29.4172,24.7,5.29,29.4172,0.892619251354843,9.3,0.14279999999999998,6.15,62.905105236326555,54.232972973505035,31.65829145728643,81.61176251628513,50.0,55.80979627136128,0.6570048309178744,0.5603864734299517,0.30434782608695654,0.855072463768116,B-,C+,C-,B+,loewscorp
AIT,Applied Industrial Technologies Inc,Industrials,Trading Companies & Distributors,302.99,27.7331,2.3556,20.9053,6.220385471327798,6.39,6.14,21.740000000000002,0.10869999999999999,16.619999999999997,0.9303368443007612,32.4662,6.39,6.14,32.4662,0.9303368443007612,21.740000000000002,0.10869999999999999,16.619999999999997,45.20244707397569,54.6302173723047,65.67656765676567,60.50266565118051,50.0,55.74633028738238,0.44878048780487806,0.5756097560975609,0.6829268292682927,0.6195121951219512,C,C+,B-,B-,appliedindustrialtechnologiesinc
SNEX,StoneX Group Inc,Financials,Investment Banking & Brokerage,105.19,23.007,0.0577,47.9531,3.4635355786992066,-40.92,32.54,16.43,0.33,1.8800000000000001,0.9498069498069497,75.4336,-40.92,32.54,72.80332,0.9498069498069497,16.43,0.33,1.8800000000000001,21.856868885490258,41.766067403242836,70.35175879396985,96.684939850769,50.0,55.7423583706674,0.15458937198067632,0.34782608695652173,0.714975845410628,0.9903381642512077,D,C-,B,A+,stonexgroupinc
ASTE,Astec Industries Inc,Industrials,Construction Machinery & Heavy Transportation Equipment,64.16,37.9002,1.0426,16.6962,2.1538079364599803,838.27,8.07,5.79,0.0467,4.33,0.948692152917505,71.6426,107.05100000000004,8.07,71.6426,0.948692152917505,5.79,0.0467,4.33,52.91475489012316,84.33366133744522,19.306930693069308,79.05321782178218,50.0,55.7327972276436,0.5463414634146342,0.926829268292683,0.15121951219512195,0.8146341463414634,C+,A-,D,B+,astecindustriesinc
ARMK,Aramark,Consumer Discretionary,Distributors,44.95,37.2772,0.6289,13.754,3.753841528594335,24.1,6.35,10.17,0.042199999999999994,3.4299999999999997,0.8603473227206947,35.8416,24.1,6.35,35.8416,0.8603473227206947,10.17,0.042199999999999994,3.4299999999999997,44.16545248502509,79.12910798122066,28.5502613791496,83.5680751173709,50.0,55.71836508576199,0.42758620689655175,0.8551724137931035,0.2206896551724138,0.8689655172413793,C,B+,D+,B+,aramark
PPG,PPG Industries Inc,Materials,Specialty Chemicals,107.51,15.2056,1.5095,10.9391,3.0248890039333967,47.06,-8.81,20.84,0.1318,10.6,0.3527281807966038,-1.1584,47.06,-8.81,-1.1584,0.3527281807966038,20.84,0.1318,10.6,66.50452295613586,49.34967225289806,78.49462365591397,22.859633827375763,50.0,55.691647869067225,0.7619047619047619,0.49206349206349204,0.8253968253968254,0.19047619047619047,B,C,B+,D,ppgindustriesinc
PEG,Public Service Enterprise Group Inc,Utilities,Electric Utilities,80.15,18.9361,3.2852,14.7544,2.35041231187904,19.02,18.25,12.6,0.24489999999999998,5.24,0.2720419534578831,1.8942,19.02,18.25,1.8942,0.27522275585027034,12.6,0.24489999999999998,5.24,49.97828918801563,85.84525249650133,70.92198581560284,16.42116748499727,50.0,55.678352747204336,0.5918367346938775,0.9387755102040817,0.8571428571428571,0.10204081632653061,C+,A,B+,D,publicserviceenterprisegroupinc
PKG,Packaging Corp of America,Materials,Paper & Plastic Packaging Products & Materials,218.06,26.1894,2.106,12.9088,4.230305875597269,-14.0,7.86,16.75,0.11699999999999999,9.86,0.5583485465524506,18.918,-14.0,7.86,18.918,0.5583485465524506,16.75,0.11699999999999999,9.86,49.5221027479092,50.587813620071685,73.11827956989247,49.49677419354838,50.0,55.67701314217443,0.5238095238095238,0.5396825396825397,0.7301587301587301,0.47619047619047616,C+,C+,B,C,packagingcorpofamerica
ULS,UL Solutions Inc,Industrials,nan,91.6,56.7079,6.0367,26.42,14.591098792570644,-1.25,6.38,28.77,0.171,19.08,0.9347796973349404,56.8762,-1.25,6.38,56.8762,0.9347796973349404,28.77,0.171,19.08,16.997504628511635,54.04831466753233,80.1980198019802,77.76777677767777,50.0,55.66209939666497,0.07804878048780488,0.5658536585365853,0.8585365853658536,0.7902439024390244,D-,C+,B+,B,ulsolutionsinc
TXN,Texas Instruments Inc,Information Technology,Semiconductors,281.02,47.6531,13.871,32.6248,15.663040085611092,10.83,14.89,30.44,0.3529,16.57,0.9495928941524796,77.5686,10.83,14.89,77.5686,0.9495928941524796,30.44,0.3529,16.57,35.49322598796693,54.53682237031338,81.94751042433161,51.9240455564124,50.0,55.65235768841979,0.30718954248366015,0.5882352941176471,0.8562091503267973,0.48366013071895425,C-,C+,B+,C,texasinstrumentsinc
BCPC,Balchem Corp,Materials,Specialty Chemicals,161.52,32.7229,4.8922,20.2108,4.118002493441331,16.84,9.62,12.379999999999999,0.2023,10.92,0.49966465459423237,2.9577,16.84,9.62,2.9577,0.49966465459423237,12.379999999999999,0.2023,10.92,32.98344427376686,79.89909264102812,76.88172043010752,36.024411508282476,50.0,55.650992005830716,0.30158730158730157,0.8571428571428571,0.8095238095238095,0.30158730158730157,C-,B+,B+,C-,balchemcorp
PEP,PepsiCo Inc,Consumer Staples,Soft Drinks & Non-alcoholic Beverages,157.41,24.6356,2.254,16.7216,10.54489670141215,-6.44,4.29,43.89,0.1241,12.31,0.6793527803099363,17.866,-6.44,4.29,17.866,0.6793527803099363,43.89,0.1241,12.31,35.59027777777778,49.71105730427764,70.8994708994709,70.41269841269842,50.0,55.64718831270738,0.3125,0.515625,0.765625,0.6875,C-,C+,B,B-,pepsicoinc
MUSA,Murphy USA Inc,Consumer Discretionary,Automotive Retail,596.92,23.466,0.5697,13.2379,17.774098744331326,0.37,-4.25,74.25,0.037200000000000004,17.07,0.9990473540457087,19.7408,0.37,-4.25,19.7408,0.9169155080324013,74.25,0.037200000000000004,17.07,54.30467864659219,37.52969862183856,59.76592415010156,72.78509768287142,50.0,55.58060996011544,0.6,0.3103448275862069,0.593103448275862,0.7517241379310344,C+,C-,C+,B,murphyusainc
SYY,Sysco Corp,Consumer Staples,Food Distributors,74.05,19.7047,0.4284,12.0833,19.321591650358773,-4.44,2.58,88.72,0.037000000000000005,11.63,0.24772775311773407,5.5595,-4.44,2.58,5.5595,0.24772775311773407,88.72,0.037000000000000005,11.63,68.52678571428571,48.62254506322303,56.613756613756614,47.42857142857143,50.0,55.49535888036947,0.734375,0.5,0.5625,0.453125,B,C,C+,C,syscocorp
RGA,Reinsurance Group of America Inc,Financials,Reinsurance,208.68,11.5655,0.5766,7.9814,1.0148546751254102,65.43,7.16,9.48,0.08039999999999999,6.49,0.6776574030460041,11.6294,65.43,7.16,11.6294,0.6776574030460041,9.48,0.08039999999999999,6.49,78.68448522807273,62.00020778116294,33.165829145728644,50.662402923709465,50.0,55.495100734424824,0.8985507246376812,0.7294685990338164,0.3188405797101449,0.5265700483091788,B+,B,C-,C+,reinsurancegroupofamericainc
ELV,Elevance Health Inc,Health Care,Managed Health Care,372.68,15.4362,0.4038,12.5492,1.8745583083303363,-8.29,9.44,11.95,0.0381,6.950000000000001,0.6574769149006843,-8.7262,-8.29,9.44,-8.7262,0.6574769149006843,11.95,0.0381,6.950000000000001,84.27982111188219,47.00757575757576,40.656565656565654,49.267676767676775,50.0,55.48914719716247,0.9090909090909091,0.4696969696969697,0.36363636363636365,0.48484848484848486,A-,C,C-,C,elevancehealthinc
PEN,Penumbra Inc,Health Care,Health Care Equipment,325.33,71.9991,9.1142,66.265,8.939872330720041,1389.2,17.5,13.43,0.1348,13.19,0.7373007438894791,11.4831,476.4779999999973,17.5,11.4831,0.7373007438894791,13.43,0.1348,13.19,16.18667591950035,90.43879976232918,58.838383838383834,68.17587641117055,50.0,55.47920017417099,0.05303030303030303,0.9772727272727273,0.6098484848484849,0.6893939393939394,D-,A+,B-,B-,penumbrainc
CVCO,Cavco Industries Inc,Consumer Discretionary,Homebuilding,510.68,21.4915,1.7993,15.7671,3.8414437834926534,13.34,14.3,17.14,0.09789999999999999,17.02,0.36669535957430166,2.4043,13.34,14.3,2.4043,0.36669535957430166,17.14,0.09789999999999999,17.02,37.66553343046786,86.82799829278703,57.91545966103953,46.07767819035425,50.0,55.4763835695051,0.33793103448275863,0.9379310344827586,0.5655172413793104,0.4413793103448276,C-,A,C+,C,cavcoindustriesinc
HOOD,Robinhood Markets Inc,Financials,Investment Banking & Brokerage,73.66,35.2134,14.8238,30.9585,7.263869987969154,32.75,51.58,22.33,0.4681,9.1,0.25946469017976925,58.0009,32.75,51.58,58.0009,0.25946469017976925,22.33,0.4681,9.1,10.280872963853083,81.85454352169742,81.4070351758794,55.82153190193391,50.0,55.45719211965939,0.05314009661835749,0.961352657004831,0.821256038647343,0.5845410628019324,D-,A,B+,C+,robinhoodmarketsinc
CSX,CSX Corp,Industrials,Rail Transportation,45.09,27.47,5.9207,15.6635,6.375307524814072,-2.56,-0.92,23.53,0.3345,9.54,0.9223817118553964,60.4055,-2.56,-0.92,60.4055,0.9223817118553964,23.53,0.29997499999999994,9.54,40.58600982049425,30.85749772411311,74.5049504950495,77.42574257425741,50.0,55.429388138560036,0.375609756097561,0.2,0.7902439024390244,0.7853658536585366,C-,D,B,B,csxcorp
FHB,First Hawaiian Inc,Financials,Regional Banks,27.47,11.8516,2.87853,8.6566,1.216983723341101,24.47,46.17888,10.39,0.4130372,10.39,0.8465562336530075,19.695,24.47,46.17888,19.695,0.8465562336530075,10.39,0.4130372,10.39,69.94877770494986,58.89831926073111,38.19095477386934,57.66187258129729,50.0,55.34697148811048,0.7874396135265701,0.6908212560386473,0.3671497584541063,0.5990338164251208,B,B-,C-,C+,firsthawaiianinc
RMD,Resmed Inc,Health Care,Health Care Equipment,205.02,19.6549,5.3933,14.9746,5.028931934527241,16.47,10.28,24.41,0.3418,22.05,0.0670379321214671,-13.3071,16.47,10.28,-13.3071,0.0670379321214671,24.41,0.3418,22.05,54.19847328244274,54.651663695781345,84.5959595959596,23.5650623885918,50.0,55.341953436475215,0.6212121212121212,0.5909090909090909,0.8863636363636364,0.20454545454545456,B-,C+,B+,D+,resmedinc
SKY,Champion Homes Inc,Consumer Discretionary,Homebuilding,76.9,19.9126,1.6132,12.1748,2.843545816585748,32.24,8.67,13.59,0.09789999999999999,12.58,0.43952060536033916,-11.822,32.24,8.67,-11.822,0.43952060536033916,13.59,0.09789999999999999,12.58,47.921321029626036,87.12761416986768,53.06912396363999,38.344003414425956,50.0,55.34193476517523,0.4896551724137931,0.9448275862068966,0.503448275862069,0.33793103448275863,C,A,C+,C-,championhomesinc
CHEF,Chefs' Warehouse Inc,Consumer Staples,Food Distributors,78.83,44.4231,0.7747,19.3303,5.306523597638553,29.77,9.36,12.690000000000001,0.035,5.6000000000000005,0.9780576225911085,36.7983,29.77,9.36,36.7983,0.9780576225911085,12.690000000000001,0.035,5.6000000000000005,37.09490740740741,82.19316653214959,30.687830687830683,84.71111111111111,50.0,55.32654005246167,0.34375,0.890625,0.25,0.828125,C-,B+,D+,B+,chefswarehouseinc
VLTO,Veralto Corp,Industrials,Environmental & Facilities Services,87.63,22.8956,3.9109,16.8932,7.0104,12.53,5.97,34.47,0.23149999999999998,17.44,0.10509554140127389,-6.9844,12.53,5.97,-6.9844,0.10509554140127389,34.47,0.23149999999999998,17.44,47.37905497866859,60.82877315834628,85.8085808580858,24.2998585572843,50.0,55.322635302314715,0.47804878048780486,0.6487804878048781,0.926829268292683,0.1951219512195122,C,B-,A-,D,veraltocorp
EPAM,Epam Systems Inc,Information Technology,IT Consulting & Other Services,112.33,15.6911,1.086,7.1807,1.6579339660236447,-14.17,15.42,10.27,0.0953,10.2,0.02330940352743061,-29.1114,-14.17,15.42,-29.1114,0.0760286039092009,10.27,0.0953,10.2,93.01677992757074,52.30178978550491,49.03980724004098,21.65395959708387,50.0,55.30529666842068,0.9673202614379085,0.5294117647058824,0.477124183006536,0.13071895424836602,A,C+,C,D,epamsystemsinc
ACA,Arcosa Inc,Industrials,Construction & Engineering,124.76,29.3932,2.1244,13.1734,2.3143948458523247,121.29,12.2,8.18,0.1186,5.0,0.876005961251863,52.0536,107.05100000000004,12.2,52.0536,0.876005961251863,8.18,0.1186,5.0,57.89664332286887,78.83891147759218,35.47854785478548,55.937765205091935,50.0,55.299133130950416,0.624390243902439,0.8829268292682927,0.3024390243902439,0.5560975609756098,B-,B+,C-,C+,arcosainc
ABNB,Airbnb Inc,Consumer Discretionary,"Hotels, Resorts & Cruise Lines",141.66,34.0773,6.9903,32.9699,10.556673373574782,-1.88,10.26,30.880000000000003,0.2078,24.79,0.8465971459934137,14.2327,-1.88,10.26,14.2327,0.8465971459934137,30.880000000000003,0.2078,24.79,13.386757325562572,70.19687241093621,80.40821762727667,64.05136702568352,50.0,55.29839162553376,0.04827586206896552,0.7586206896551724,0.8758620689655172,0.6137931034482759,F,B,B+,B-,airbnbinc
GS,Goldman Sachs Group Inc,Financials,Investment Banking & Brokerage,923.71,15.0813,2.1312,56.4512,2.1913611438890466,27.69,1.28,14.56,0.1775,1.38,0.8611338797814208,66.7858,27.69,1.28,66.7858,0.8611338797814208,14.56,0.1775,1.38,41.22059573228461,37.69762364388564,61.30653266331658,85.35708847266638,50.0,55.24272452221071,0.3526570048309179,0.2995169082125604,0.6280193236714976,0.893719806763285,C-,D+,B-,B+,goldmansachsgroupinc
APPF,Appfolio Inc,Information Technology,Application Software,173.1,40.2768,6.1493,31.135,11.481977739158122,-21.42,20.72,30.9,0.1707,30.9,0.16567563144400196,-16.2271,-21.42,20.72,-16.2271,0.16567563144400196,30.9,0.1707,30.9,45.74153428847624,52.681379728503444,78.51361295069904,43.14710414966936,50.0,55.229483585428376,0.49673202614379086,0.5424836601307189,0.8169934640522876,0.3790849673202614,C,C+,B+,C-,appfolioinc
DKS,DICK'S Sporting Goods Inc,Consumer Discretionary,Specialty Stores,224.62,23.5521,1.1618,12.1269,3.6021155332612764,-27.24,28.06,19.45,0.0637,14.01,0.8194365395560615,19.8932,-27.24,22.87549999999999,19.8932,0.8194365395560615,19.45,0.0637,14.01,48.615832928606125,60.97046587215601,52.16095628142377,64.06283856988082,50.0,55.20085819091484,0.496551724137931,0.6551724137931034,0.4896551724137931,0.6206896551724138,C,B-,C,B-,dickssportinggoodsinc
POST,Post Holdings Inc,Consumer Staples,Packaged Foods & Meats,103.4,15.5349,0.5933,11.9792,1.4546702794261228,-11.33,5.38,8.49,0.0964,2.8899999999999997,0.40043196544276494,-8.048,-11.33,5.38,-8.048,0.40043196544276494,8.49,0.0964,2.8899999999999997,69.06415343915344,59.10468261048101,32.27513227513227,65.1545530492899,50.0,55.18666856052562,0.765625,0.59375,0.265625,0.640625,B,C+,D+,B-,postholdingsinc
FCX,Freeport-McMoRan Inc,Materials,Copper,56.55,36.8756,4.4332,9.6637,4.296818606630246,16.78,-27.98,12.0,0.2229,7.960000000000001,0.597515007678347,55.3145,16.78,-17.453999999999997,55.3145,0.597515007678347,12.0,0.2229,7.960000000000001,47.51664106502816,36.31165727939922,70.43010752688171,67.12749615975423,50.0,55.17451783580815,0.5079365079365079,0.2222222222222222,0.6984126984126984,0.6825396825396826,C+,D+,B-,B-,freeportmcmoraninc
OGE,OGE Energy Corp,Utilities,Multi-Utilities,48.18,21.1241,3.0499,11.2211,1.9950393169329894,6.14,9.21,9.89,0.2452,4.45,0.7688203912270299,7.5687,6.14,9.21,7.5687,0.7688203912270299,9.89,0.2452,4.45,64.27847734838616,56.81607938777227,58.86524822695035,39.89684074790459,50.0,55.1285154209695,0.6938775510204082,0.6122448979591837,0.5510204081632653,0.32653061224489793,B-,B-,C+,C-,ogeenergycorp
RGLD,Royal Gold Inc,Materials,Gold,230.59,41.9554,18.9846,24.8081,2.7224288991394343,35.14,43.24,10.92,0.6193,9.950000000000001,0.5134408446564916,29.4867,35.14,34.48599999999994,29.4867,0.5134408446564916,10.92,0.24933999999999995,9.950000000000001,20.208226659839564,84.50635386119257,75.0,47.0674486803519,50.0,55.11681717326879,0.06349206349206349,0.9206349206349206,0.7936507936507936,0.42857142857142855,D-,A-,B,C,royalgoldinc
CART,Maplebear Inc,Consumer Staples,Food Retail,42.19,22.3418,2.6688,17.9804,4.08109964306097,2.87,10.78,13.530000000000001,0.1328,13.530000000000001,0.4554646124217621,6.005,2.87,10.78,6.005,0.4554646124217621,13.530000000000001,0.1328,13.530000000000001,36.09457671957672,72.1088346681567,56.08465608465608,63.17460317460316,50.0,55.101495769610175,0.328125,0.75,0.53125,0.625,C-,B,C+,B-,maplebearinc
BLKB,Blackbaud Inc,Information Technology,Application Software,37.54,14.9902,1.528,14.1869,20.61391466695953,71.88,-2.34,146.36,0.1691,9.48,0.08771072562912281,-38.5497,71.88,-2.34,-38.5497,0.08771072562912281,108.96000000000001,0.1691,9.48,85.97584729255941,41.58637027508127,72.99773478191865,10.183109438535713,50.0,55.097291461342905,0.8888888888888888,0.33986928104575165,0.7450980392156863,0.05228758169934641,B+,C-,B,D-,blackbaudinc
STRA,Strategic Education Inc,Consumer Discretionary,Education Services,78.24,13.9734,1.3951,7.1801,1.091519379909849,16.1,3.96,7.66,0.1374,7.66,0.359571377444685,-3.752,16.1,3.96,-3.752,0.359571377444685,7.66,0.1374,7.66,68.63849765258216,62.772481040086674,48.17450804115473,41.49512459371614,50.0,55.056772550194786,0.7586206896551724,0.6620689655172414,0.45517241379310347,0.36551724137931035,B,B-,C,C-,strategiceducationinc
LOW,Lowe's Companies Inc,Consumer Discretionary,Home Improvement Retail,233.33,19.6392,1.5145,14.0611,118.69467901108963,-2.89,3.12,264.53000000000003,0.1177,27.57,0.2780128127644144,4.9523,-2.89,3.12,4.9523,0.2780128127644144,171.01,0.1177,27.57,45.065565808644976,47.213828425096025,82.71567941930543,43.02176696542894,50.0,54.99243038509259,0.4482758620689655,0.42758620689655175,0.9241379310344827,0.3793103448275862,C,C,A-,C-,lowescompaniesinc
PG,Procter & Gamble Co,Consumer Staples,Personal Care Products,147.26,20.8405,4.022,15.35,6.630555668121012,7.54,1.08,31.25,0.23579999999999998,18.709999999999997,0.2888822295474973,-7.951,7.54,1.08,-7.951,0.2888822295474973,31.25,0.23579999999999998,18.709999999999997,38.25231481481482,52.92440627278505,81.48148148148148,47.222222222222214,50.0,54.96277477307552,0.359375,0.546875,0.859375,0.4375,C-,C+,B+,C,proctergambleco
RRR,Red Rock Resorts Inc,Consumer Discretionary,Casinos & Gaming,52.78,29.4754,2.7558,11.0018,26.596119929453263,5.98,3.74,85.64,0.3012,5.18,0.4016242155777041,24.864,5.98,3.74,24.864,0.4016242155777041,85.64,0.2666099999999999,5.18,37.87922939938481,57.67722334004024,73.17367562348083,53.31991951710261,50.0,54.96265482714498,0.3448275862068966,0.6,0.7931034482758621,0.496551724137931,C-,C+,B,C,redrockresortsinc
IBOC,International Bancshares Corp,Financials,Regional Banks,71.66,10.8074,3.41763,9.4724,1.3700830156356947,0.83,69.21539,13.41,0.6315208,10.86,0.7529411764705881,16.5962,0.83,69.21539,16.5962,0.7529411764705881,13.41,0.61004216,10.86,69.47418250673658,51.672344170878546,54.773869346733676,42.639634956391156,50.0,54.92440878882151,0.7584541062801933,0.5314009661835749,0.5652173913043478,0.4057971014492754,B,C+,C+,C,internationalbancsharescorp
GEHC,GE Healthcare Technologies Inc,Health Care,Health Care Equipment,61.03,13.3151,1.346,9.9359,2.679798543081834,4.78,4.85,21.240000000000002,0.134,10.59,0.07350096711798844,-9.8123,4.78,4.85,-9.8123,0.07350096711798844,21.240000000000002,0.134,10.59,84.56704449070861,36.35947712418301,61.86868686868687,29.970291146761735,50.0,54.87488649403782,0.9242424242424242,0.26515151515151514,0.6439393939393939,0.25757575757575757,A-,D+,B-,D+,gehealthcaretechnologiesinc
SLGN,Silgan Holdings Inc,Materials,"Metal, Glass & Plastic Containers",39.72,14.5546,0.6475,8.139,1.8415147525174786,4.46,10.73,13.03,0.0922,4.15,0.17089516515078987,-24.6443,4.46,10.73,-24.613265000000002,0.17089516515078987,13.03,0.0922,4.15,86.70421573647381,64.80734767025089,53.76344086021505,8.870967741935482,50.0,54.85257723160949,0.9206349206349206,0.7619047619047619,0.5079365079365079,0.031746031746031744,A-,B,C+,F,silganholdingsinc
POWL,Powell Industries Inc,Industrials,Electrical Components & Equipment,275.33,53.5261,9.0025,41.6808,15.559322991721059,-41.75,5.12,30.64,0.20199999999999999,30.64,0.9650013124507831,332.1614,-41.75,5.12,150.49414,0.9650013124507831,30.64,0.20199999999999999,28.207999999999984,11.085889076712553,32.05877908310899,88.28382838283828,92.83498349834983,50.0,54.82118188117947,0.04390243902439024,0.2146341463414634,0.9609756097560975,0.9804878048780488,F,D+,A,A+,powellindustriesinc
VMC,Vulcan Materials Co,Materials,Construction Materials,297.32,35.8305,4.8581,18.0846,4.554785496749208,18.37,7.06,12.740000000000002,0.2039,8.219999999999999,0.5711201422402846,12.7793,18.37,7.06,12.7793,0.5711201422402846,12.740000000000002,0.2039,8.219999999999999,33.55521420037549,69.84767025089606,72.58064516129032,46.37096774193547,50.0,54.77769243898276,0.3333333333333333,0.8253968253968254,0.7142857142857143,0.3968253968253968,C-,B+,B,C-,vulcanmaterialsco
SCSC,Scansource Inc,Information Technology,Technology Distributors,41.15,11.9623,0.2923,7.5694,1.008647652289863,27.98,0.07,8.14,0.030699999999999998,7.13,0.6219421793921422,23.2405,27.98,0.07,23.2405,0.6219421793921422,8.14,0.030699999999999998,7.13,96.49973307939804,40.1765358189742,34.66721493601119,44.581099547986966,50.0,54.74326407724454,0.9869281045751634,0.30718954248366015,0.3006535947712418,0.38562091503267976,A+,C-,C-,C-,scansourceinc
DAR,Darling Ingredients Inc,Consumer Staples,Agricultural Products & Services,63.77,45.3346,1.6051,16.5097,2.129649110503308,30.98,11.11,1.3599999999999999,0.07429999999999999,0.73,0.9683916083916083,94.8365,30.98,11.11,82.24241999999998,0.9683916083916083,1.3599999999999999,0.07429999999999999,0.73,30.91104497354497,87.4016680118375,22.75132275132275,94.2095238095238,50.0,54.73783029548919,0.296875,0.921875,0.1875,0.953125,D+,A-,D,A,darlingingredientsinc
MTRN,Materion Corp,Materials,Diversified Metals & Mining,188.22,52.3269,2.1915,35.4021,4.137430757056186,1267.71,6.04,8.14,0.061500000000000006,5.42,0.9508675206745582,123.4065,623.2719999999998,6.04,123.4065,0.9508675206745582,8.14,0.061500000000000006,5.42,24.92746202423622,81.27317724091918,39.784946236559136,86.42228739002931,50.0,54.71719499138854,0.14285714285714285,0.8888888888888888,0.3492063492063492,0.8888888888888888,D,B+,C-,B+,materioncorp
CHD,Church & Dwight Co Inc,Consumer Staples,Household Products,96.02,31.0297,3.6653,21.7018,5.675343404969619,30.09,2.22,17.45,0.17300000000000001,11.44,0.5944961554026706,3.9402,30.09,2.22,3.9402,0.5944961554026706,17.45,0.17300000000000001,11.44,22.48677248677249,69.31521196049042,60.84656084656084,75.05668934240363,50.0,54.707713593912146,0.15625,0.71875,0.640625,0.765625,D,B,B-,B,churchdwightcoinc
UPS,United Parcel Service Inc,Industrials,Air Freight & Logistics,107.57,17.4202,1.0353,9.448,5.624016437582672,-9.84,-2.85,33.03,0.08460000000000001,12.989999999999998,0.6327641672853253,13.7104,-9.84,-2.85,13.7104,0.6327641672853253,33.03,0.08460000000000001,12.989999999999998,82.2039764952105,27.19442190120651,62.04620462046205,41.00594059405941,50.0,54.70261777797133,0.8829268292682927,0.14146341463414633,0.6341463414634146,0.37073170731707317,B+,D,B-,C-,unitedparcelserviceinc
FLS,Flowserve Corp,Industrials,Industrial Machinery & Supplies & Components,71.65,26.4475,1.9363,15.2448,4.1533824126137615,22.82,3.76,15.809999999999999,0.0823,9.36,0.5616544798447634,55.221,22.82,3.76,55.221,0.5616544798447634,15.809999999999999,0.0823,9.36,57.1810351766884,62.08406935027699,45.54455445544554,57.863470557582076,50.0,54.670905389605295,0.6,0.6585365853658537,0.4146341463414634,0.5951219512195122,C+,B-,C,C+,flowservecorp
WMT,Walmart Inc,Consumer Staples,Consumer Staples Merchandise Retail,131.6,48.789,1.4977,26.1523,10.529095025882691,13.49,4.73,23.69,0.0418,15.17,0.927803738317757,35.0991,13.49,4.73,35.0991,0.927803738317757,23.69,0.0418,15.17,22.96626984126984,66.49075971109869,52.91005291005291,86.94749694749696,50.0,54.65673201954982,0.1875,0.703125,0.5078125,0.875,D,B,C+,B+,walmartinc
HAL,Halliburton Co,Energy,Oil & Gas Equipment & Services,41.66,22.6018,1.5701,11.2733,3.3253246701415216,-23.69,-1.72,14.680000000000001,0.1131,8.63,0.965576592082616,109.0316,-23.69,-1.72,109.0316,0.965576592082616,14.680000000000001,0.1131,8.63,47.888239116309286,32.68273007856341,60.18518518518519,80.38159371492704,50.0,54.63122083407171,0.45614035087719296,0.17543859649122806,0.631578947368421,0.8771929824561403,C,D,B-,B+,halliburtonco
VSNT,Versant Media Group Inc,Communication Services,Cable & Satellite,40.83,10.4466,1.1787,,0.5782360613669483,-19.22,,,0.1552,,0.42915488532830653,,-19.22,,,0.42915488532830653,,0.1552,,70.72072072072072,42.601683029453014,53.37837837837838,50.25851938895417,50.0,54.59681525845622,0.8648648648648649,0.40540540540540543,0.4594594594594595,0.5135135135135135,B+,C,C,C+,versantmediagroupinc
IQV,IQVIA Holdings Inc,Health Care,Life Sciences Tools & Services,157.77,19.6864,1.6415,11.8507,4.114680047570364,4.84,5.87,22.28,0.1334,6.41,0.20569395017793599,4.4143,4.84,5.87,4.4143,0.20569395017793599,22.28,0.1334,6.41,73.05401341660884,55.01741553465692,54.92424242424243,32.74747474747475,50.0,54.54754201663915,0.8484848484848485,0.6060606060606061,0.5227272727272727,0.2878787878787879,B+,B-,C+,D+,iqviaholdingsinc
DHI,D.R. Horton Inc,Consumer Discretionary,Homebuilding,149.98,13.4067,1.2754,10.879,1.8257402842448036,-19.22,-5.57,13.239999999999998,0.1268,10.47,0.5088454706927176,19.4584,-19.22,-5.57,19.4584,0.5088454706927176,13.239999999999998,0.1268,10.47,62.261615671037724,35.02176696542894,54.927912629440954,66.11182244985062,50.0,54.52409995817558,0.7034482758620689,0.27586206896551724,0.5241379310344828,0.6482758620689655,B,D+,C+,B-,drhortoninc
ATI,ATI Inc,Industrials,Aerospace & Defense,155.26,49.7935,4.6114,27.9522,11.695932864772839,10.68,2.93,24.23,0.1432,11.82,0.8838079776319645,149.4537,10.68,2.93,149.4537,0.8838079776319645,24.23,0.1432,11.82,20.565080898333736,47.39850669211077,65.34653465346534,92.83066768215284,50.0,54.523738762802495,0.13170731707317074,0.43414634146341463,0.6780487804878049,0.975609756097561,D,C,B-,A+,atiinc
RPM,RPM International Inc,Materials,Specialty Chemicals,101.34,19.4219,1.6767,13.7188,4.505081219492679,3.92,5.68,21.8,0.1152,11.78,0.23259668508287296,-5.7565,3.92,5.68,-5.7565,0.23259668508287296,21.8,0.1152,11.78,55.32514080901178,62.40127223998192,80.64516129032258,15.222319093286835,50.0,54.51729379148734,0.6349206349206349,0.7142857142857143,0.8571428571428571,0.1111111111111111,B-,B,B+,D,rpminternationalinc
MSCI,MSCI Inc,Financials,Financial Exchanges & Data,588.85,32.4832,13.2333,24.9185,132.31097629479834,20.42,10.86,108.67,0.5536,15.49,0.7010383386581474,7.8342,20.42,10.86,7.8342,0.7010383386581474,53.26099999999997,0.5536,15.49,7.729468599033817,58.891346307173045,97.73869346733667,56.824748743718594,50.0,54.51025952677095,0.028985507246376812,0.6859903381642513,0.9782608695652174,0.5893719806763285,F,B-,A+,C+,msciinc
FICO,Fair Isaac Corp,Information Technology,Application Software,1035.5,36.5073,11.6412,27.1964,91.03616830481951,23.94,16.19,145.71,0.47479999999999994,30.869999999999997,0.12280441380538593,-48.2685,23.94,16.19,-40.3528,0.12280441380538593,108.96000000000001,0.42322000000000004,30.869999999999997,43.81537751229999,62.361049032842196,94.71208645341875,11.605811219485503,50.0,54.42523804189522,0.4444444444444444,0.6862745098039216,0.9803921568627451,0.058823529411764705,C,B-,A+,D-,fairisaaccorp
FIZZ,National Beverage Corp,Consumer Staples,Soft Drinks & Non-alcoholic Beverages,34.11,16.9799,2.668,11.1118,7.192257411546408,1.24,1.01,35.99,0.1984,35.99,0.17384736201614973,-21.0965,1.24,1.01,-21.0965,0.17384736201614973,35.99,0.1984,29.567835999999996,52.96792328042327,44.25504439063761,87.56613756613756,27.11111111111111,50.0,54.406746311989956,0.5625,0.40625,0.984375,0.1875,C+,C,A+,D,nationalbeveragecorp
LNT,Alliant Energy Corp,Utilities,Electric Utilities,74.06,23.2984,4.4587,16.4111,2.596619416093711,9.76,9.02,11.24,0.2373,4.3,0.8987424757136898,22.3121,9.76,9.02,22.3121,0.8987424757136898,11.24,0.2373,4.3,26.704298740772902,60.584928485020995,61.70212765957447,75.34097108565194,50.0,54.28678651422143,0.1836734693877551,0.673469387755102,0.6428571428571429,0.8163265306122449,D,B-,B-,B+,alliantenergycorp
DIS,Walt Disney Co,Communication Services,Movies & Entertainment,103.08,14.9044,1.9078,12.0757,1.7084780821554535,120.36,3.47,11.35,0.1353,8.09,0.3839794754846066,13.5117,120.36,3.47,13.5117,0.3839794754846066,11.35,0.1353,8.09,53.653653653653656,68.85663082437276,48.648648648648646,49.64324324324324,50.0,54.275550389098775,0.6216216216216216,0.7837837837837838,0.40540540540540543,0.4864864864864865,B-,B,C,C,waltdisneyco
CHDN,Churchill Downs Inc,Consumer Discretionary,Casinos & Gaming,98.65,17.6614,2.3336,12.4143,6.800071688540863,-3.84,5.75,37.230000000000004,0.2349,6.39,0.48168498168498197,8.4662,-3.84,5.75,8.4662,0.48168498168498197,37.230000000000004,0.2349,6.39,46.52744050509957,58.26732394366198,69.75826590750175,42.57545271629778,50.0,54.23998193514228,0.4689655172413793,0.6068965517241379,0.7448275862068966,0.3724137931034483,C,B-,B,C-,churchilldownsinc
HSIC,Henry Schein Inc,Health Care,Health Care Distributors,73.93,21.3149,0.6435,12.5239,2.6375876757975556,7.13,4.03,11.92,0.0495,6.25,0.4381858083394295,14.6913,7.13,4.03,14.6913,0.4381858083394295,11.92,0.0495,6.25,77.96861747243426,40.566534914361,40.151515151515156,57.971014492753625,50.0,54.23754303741028,0.8712121212121212,0.3712121212121212,0.3560606060606061,0.5757575757575758,B+,C-,C-,C+,henryscheininc
SAFT,Safety Insurance Group Inc,Financials,Property & Casualty Insurance,75.62,11.1873,0.8877,8.8114,1.2399790767878607,40.54,13.6,11.29,0.0932,10.86,0.500145645208273,-0.7807,40.54,13.6,-0.7807,0.500145645208273,11.29,0.0932,10.86,72.78906610346418,61.78283231665951,44.472361809045225,37.7624966939963,50.0,54.224422780258514,0.8309178743961353,0.7246376811594203,0.427536231884058,0.34782608695652173,B+,B,C,C-,safetyinsurancegroupinc
CXT,Crane NXT Co,Information Technology,Electronic Equipment & Instruments,44.6,17.6855,1.549,9.6871,2.0446054049098037,-21.44,11.43,12.22,0.1489,6.52,0.18038293584145126,-5.1266,-21.44,11.43,-5.1266,0.18038293584145126,12.22,0.1489,6.52,87.98568728447964,41.601414070133536,50.29216984807167,31.50987294710513,50.0,54.191721686585566,0.9084967320261438,0.3464052287581699,0.5032679738562091,0.2549019607843137,A-,C-,C+,D+,cranenxtco
IDCC,InterDigital Inc,Information Technology,Communications Equipment,290.5,20.3673,9.002,14.6494,6.776268830096431,-15.71,1.65,33.37,0.4962,23.630000000000003,0.4362880886426592,43.7052,-15.71,1.65,43.7052,0.4362880886426592,33.37,0.42322000000000004,23.630000000000003,61.56631894847711,22.12427170412188,89.08294738057107,35.484107403078966,50.0,54.18399240370221,0.6601307189542484,0.0915032679738562,0.9150326797385621,0.29411764705882354,B-,D-,A-,D+,interdigitalinc
ZWS,Zurn Elkay Water Solutions Corp,Industrials,Industrial Machinery & Supplies & Components,51.28,42.948,5.0143,25.3193,5.340720914004812,26.08,8.26,12.559999999999999,0.1704,9.55,0.8752515090543261,48.9399,26.08,8.26,48.9399,0.8752515090543261,12.559999999999999,0.1704,9.55,22.69580616598245,79.92738757146734,56.43564356435644,67.052284175786,50.0,54.178796782035384,0.14146341463414633,0.8926829268292683,0.5853658536585366,0.6926829268292682,D,B+,C+,B-,zurnelkaywatersolutionscorp
VSCO,Victoria's Secret & Co,Consumer Discretionary,Apparel Retail,52.36,26.1693,0.643,15.7779,4.893457943925234,-3.99,5.2,22.720000000000002,0.0414,8.83,0.7056463866772018,172.8504,-3.99,5.2,78.51316499999996,0.7056463866772018,22.720000000000002,0.0414,8.83,45.01699854298203,45.99028654686741,43.91835647454466,88.6255463817387,50.0,54.1570053401029,0.4413793103448276,0.4206896551724138,0.43448275862068964,0.9241379310344827,C,C,C,A-,victoriassecretco
WEX,WEX Inc,Financials,Transaction & Payment Processing Services,151.14,16.5989,1.909,10.2839,4.1993481758091535,14.77,3.29,26.950000000000003,0.2464,4.93,0.4655443322109987,24.4565,14.77,3.29,24.4565,0.4655443322109987,26.950000000000003,0.2464,4.93,28.813147864928503,35.732202626712045,87.43718592964824,64.44575820277859,50.0,54.09817561454231,0.2608695652173913,0.2608695652173913,0.8792270531400966,0.6908212560386473,D+,D+,B+,B-,wexinc
BJ,BJ's Wholesale Club Holdings Inc,Consumer Staples,Consumer Staples Merchandise Retail,93.51,20.9657,0.5651,11.3997,5.516065666605711,9.44,4.66,27.41,0.0381,21.8,0.20297176820208024,-20.2541,9.44,4.66,-20.2541,0.20297176820208024,27.41,0.0381,21.8,67.0138888888889,58.15535688417044,60.0,28.51037851037851,50.0,54.08661930113202,0.71875,0.5625,0.6171875,0.203125,B,C+,B-,D+,bjswholesaleclubholdingsinc
IT,Gartner Inc,Information Technology,IT Consulting & Other Services,146.4,13.5533,1.5212,9.0665,32.42309481097602,-39.79,3.67,74.66000000000001,0.15789999999999998,20.43,0.023100303951367775,-65.1096,-39.79,3.67,-40.3528,0.0760286039092009,74.66000000000001,0.15789999999999998,20.43,91.26231802507611,22.239519518588025,80.07618058260832,8.903250041738549,50.0,54.063178563986426,0.9607843137254902,0.09803921568627451,0.8366013071895425,0.03594771241830065,A,D-,B+,F,gartnerinc
ATR,Aptargroup Inc,Materials,"Metal, Glass & Plastic Containers",119.02,19.63,1.9599,10.6913,2.8638733755062065,7.17,8.95,14.360000000000001,0.13470000000000001,9.73,0.2586768872946455,-19.7329,7.17,8.95,-19.7329,0.2586768872946455,14.360000000000001,0.13470000000000001,9.73,58.073050008533876,63.71714456391875,73.11827956989248,17.47311827956989,50.0,54.03588496330432,0.6825396825396826,0.746031746031746,0.746031746031746,0.14285714285714285,B-,B,B,D,aptargroupinc
ZTS,Zoetis Inc,Health Care,Pharmaceuticals,114.16,17.8073,5.0279,14.8364,14.563082025768592,10.17,2.28,58.230000000000004,0.3549,22.45,0.02008099898751262,-26.656,10.17,2.28,-26.656,0.06131863185496497,58.230000000000004,0.3549,22.45,57.23455933379597,49.40810823163764,90.4040404040404,11.157731157731158,50.0,54.02281781233286,0.6590909090909091,0.5,0.9545454545454546,0.09090909090909091,B-,C,A,D-,zoetisinc
CMI,Cummins Inc,Industrials,Construction Machinery & Heavy Transportation Equipment,657.44,31.9506,2.6978,24.9915,7.352212630856167,-27.19,-1.27,24.13,0.1195,14.6,0.9549242226967347,122.9517,-27.19,-1.27,122.9517,0.9549242226967347,24.13,0.1195,14.6,35.871367624567334,26.34997362441162,67.32673267326733,89.68440594059408,50.0,54.006400987459806,0.2926829268292683,0.13170731707317074,0.7073170731707317,0.9463414634146341,D+,D,B,A,cumminsinc
TER,Teradyne Inc,Information Technology,Semiconductor Materials & Equipment,345.42,97.607,16.9525,82.751,19.28492468483759,4.98,13.13,19.88,0.20379999999999998,19.189999999999998,0.7802578796561604,368.1757,4.98,13.13,368.1757,0.7802578796561604,19.88,0.20379999999999998,19.189999999999998,18.163586258638848,56.61050246827642,75.61788512314418,71.19361121932216,50.0,54.00619058296547,0.1111111111111111,0.6274509803921569,0.7777777777777778,0.738562091503268,D,B-,B,B,teradyneinc
DOCS,Doximity Inc,Health Care,Health Care Technology,24.98,19.2776,7.236,18.1112,4.357990230286113,18.89,15.92,22.89,0.37439999999999996,22.89,0.07916368834882057,-56.983,18.89,15.92,-46.128195,0.07916368834882057,22.89,0.37439999999999996,22.89,45.82465880175804,72.18434343434343,85.35353535353535,8.712121212121211,50.0,53.97384146811628,0.45454545454545453,0.8181818181818182,0.8939393939393939,0.045454545454545456,C,B+,B+,F,doximityinc
USPH,US Physical Therapy Inc,Health Care,Health Care Facilities,71.83,27.4424,1.3909,11.2722,2.2799772732322476,25.0,16.33,8.0,0.1108,6.03,0.19232202758106587,0.6727,25.0,16.33,0.6727,0.19232202758106587,8.0,0.1108,6.03,68.89120209730896,71.40655321689803,41.16161616161616,35.715778474399166,50.0,53.93767090299072,0.8106060606060606,0.8106060606060606,0.3712121212121212,0.3181818181818182,B+,B+,C-,C-,usphysicaltherapyinc
PJT,PJT Partners Inc,Financials,Investment Banking & Brokerage,154.84,20.7822,2.1843,8.9943,12.213475524144568,57.33,14.77,84.45,0.21170000000000003,84.45,0.39932243334806306,10.7186,57.33,14.77,10.7186,0.39932243334806306,53.26099999999997,0.21170000000000003,27.17999999999999,18.20333551817056,68.95890362417059,97.73869346733667,30.534490634993148,50.0,53.884186098209554,0.12077294685990338,0.855072463768116,0.9782608695652174,0.2753623188405797,D,B+,A+,D+,pjtpartnersinc
PLMR,Palomar Holdings Inc,Financials,Property & Casualty Insurance,120.97,16.2749,3.711,12.8099,3.403301176821429,60.46,56.04,22.79,0.28,22.79,0.19412628487518355,-16.028,60.46,56.04,-16.028,0.19412628487518355,22.79,0.28,22.79,32.04063797247105,84.25675571712922,81.90954773869346,17.71489024067707,50.0,53.88187561935239,0.28019323671497587,0.966183574879227,0.8260869565217391,0.13526570048309178,D+,A,B+,D,palomarholdingsinc
DUOL,Duolingo Inc,Consumer Discretionary,Education Services,111.25,12.6145,5.034,29.2966,3.8510267096827793,353.51,38.71,36.6,0.1307,36.6,0.0511115000875197,-72.1875,208.1519999999999,22.87549999999999,-34.377039999999994,0.05802310819537401,36.6,0.1307,36.6,33.40618423182775,97.16738894907908,78.32550860719874,7.437703141928493,50.0,53.85394162795814,0.27586206896551724,0.9862068965517241,0.8551724137931035,0.006896551724137931,D+,A+,B+,F,duolingoinc
BOH,Bank of Hawaii Corp,Financials,Regional Banks,80.14,14.4757,3.18756,12.8522,1.7197461797128322,38.55,38.5708,12.120000000000001,0.3821164,10.94,0.8889839572192514,19.3448,38.55,38.5708,19.3448,0.8889839572192514,12.120000000000001,0.3821164,10.94,49.70504697400044,58.54134781188101,51.256281407035175,59.36463928839601,50.0,53.82152951531431,0.46859903381642515,0.6811594202898551,0.5314009661835749,0.6086956521739131,C,B-,C+,B-,bankofhawaiicorp
AWR,American States Water Co,Utilities,Water Utilities,75.21,22.5976,5.6541,14.9232,2.8112524856839554,6.32,11.14,13.100000000000001,0.3899,6.76,0.4269829503335799,-6.3154,6.32,11.14,-6.3154,0.4269829503335799,13.100000000000001,0.38924000000000003,6.76,27.471414097553918,66.48358001850139,90.78014184397163,29.432624113475175,50.0,53.7461298117767,0.22448979591836735,0.7142857142857143,0.9591836734693877,0.2653061224489796,D+,B,A,D+,americanstateswaterco
ITRI,Itron Inc,Information Technology,Electronic Equipment & Instruments,85.4,12.5777,1.5996,12.006,2.2351983542239755,25.51,-3.02,18.490000000000002,0.1323,10.48,0.10831035840882237,-20.9625,25.51,-2.965,-20.9625,0.10831035840882237,18.490000000000002,0.1323,10.48,88.1746959269359,39.66079958744979,60.69341643942346,17.966178962721617,50.0,53.74242380162411,0.9150326797385621,0.27450980392156865,0.6274509803921569,0.0915032679738562,A-,D+,B-,D-,itroninc
WM,Waste Management Inc,Industrials,Environmental & Facilities Services,228.77,34.539,3.711,16.1643,9.22731287838759,-1.6,14.24,28.99,0.1709,8.24,0.6416142169566829,-1.9837,-1.6,14.24,-1.9837,0.6416142169566829,28.99,0.1709,8.24,39.27070755856074,62.90432907459365,66.58415841584157,48.44413012729844,50.0,53.733408333979,0.34146341463414637,0.6829268292682927,0.7024390243902439,0.44390243902439025,C-,B-,B,C,wastemanagementinc
AEO,American Eagle Outfitters Inc,Consumer Discretionary,Apparel Retail,16.94,14.7069,0.5137,5.6719,1.6904331859775874,-33.7,3.16,12.120000000000001,0.0412,11.19,0.3996873371547682,58.4659,-33.7,3.16,58.4659,0.3996873371547682,12.120000000000001,0.0412,11.19,81.32102962603204,28.956775133559983,40.25655112709353,62.57406508013598,50.0,53.70056323102059,0.9103448275862069,0.18620689655172415,0.38620689655172413,0.593103448275862,A-,D,C-,C+,americaneagleoutfittersinc
SSB,SouthState Bank Corp,Financials,Regional Banks,97.48,10.2199,3.14874,8.1789,1.0667705567824415,46.43,49.54469,10.42,0.3805232,9.0,0.5421325129436485,11.2151,46.43,49.54469,11.2151,0.5421325129436485,10.42,0.3805232,9.0,82.47153642609182,68.6302389241768,39.19597989949749,22.576098885230753,50.0,53.65814664327883,0.9323671497584541,0.8502415458937198,0.37681159420289856,0.18840579710144928,A,B+,C-,D,southstatebankcorp
WFC,Wells Fargo & Co,Financials,Diversified Banks,80.81,11.3219,1.90599,21.9573,1.3798508647759813,15.48,72.74767,12.02,0.2534514,3.66,0.3798024149286497,12.5331,15.48,72.74767,12.5331,0.3798024149286497,12.02,0.2534514,3.66,67.04901318185128,64.1077601803942,50.25125628140703,32.37340548898338,50.0,53.62130049969009,0.7342995169082126,0.7777777777777778,0.5217391304347826,0.30434782608695654,B,B,C+,C-,wellsfargoco
MSA,MSA Safety Inc,Industrials,Office Services & Supplies,165.79,23.0473,3.4288,14.0949,4.719287908159053,-1.62,3.69,21.82,0.19829999999999998,14.87,0.2539353053104997,6.4052,-1.62,3.69,6.4052,0.2539353053104997,21.82,0.19829999999999998,14.87,55.59848667793608,44.62269278630259,75.24752475247524,34.68392993145468,50.0,53.572827401154285,0.5853658536585366,0.3804878048780488,0.8,0.33170731707317075,C+,C-,B,C-,msasafetyinc
INSP,Inspire Medical Systems Inc,Health Care,Health Care Equipment,56.7,11.2281,1.7904,24.1561,2.074392773649724,185.05,13.6,21.07,0.051500000000000004,21.07,0.07301173402868323,-64.0912,185.05,13.6,-46.128195,0.07301173402868323,21.07,0.051500000000000004,21.07,63.97177885727504,78.25430778371955,61.9949494949495,6.999405822935236,50.0,53.5424248093871,0.7121212121212122,0.9015151515151515,0.6515151515151515,0.015151515151515152,B,A-,B-,F,inspiremedicalsystemsinc
DORM,Dorman Products Inc,Consumer Discretionary,Automotive Parts & Equipment,112.88,16.6785,1.5987,10.5521,2.3225955128310645,8.39,6.03,14.34,0.1406,10.870000000000001,0.21089926218131352,-1.8435,8.39,6.03,-1.8435,0.21089926218131352,14.34,0.1406,10.870000000000001,57.927796665047765,68.45113593438023,59.1649185895515,27.87761049052938,50.0,53.53892809863174,0.6413793103448275,0.7172413793103448,0.5793103448275863,0.2482758620689655,B-,B,C+,D+,dormanproductsinc
DBX,Dropbox Inc,Information Technology,Application Software,24.93,11.7073,2.361,9.6538,30.306345733041574,46.77,-1.07,-36.76,0.2733,-27.12,0.30219523587108826,-13.5576,46.77,-1.07,-13.5576,0.30219523587108826,-9.575,0.2733,-7.175,89.29576245509242,40.515187952058966,29.219870435297,53.91930640388939,50.0,53.515807093787025,0.9215686274509803,0.3202614379084967,0.24836601307189543,0.5163398692810458,A-,C-,D+,C+,dropboxinc
ZD,Ziff Davis Inc,Communication Services,Advertising,46.1,35.5444,1.1598,5.881,1.008894024546107,-20.04,3.54,2.62,0.0741,1.77,0.8416370106761567,51.8445,-20.04,3.54,51.8445,0.8416370106761567,2.62,0.0741,1.77,66.51651651651652,40.524193548387096,25.675675675675677,86.74924924924925,50.0,53.502736607575315,0.7297297297297297,0.35135135135135137,0.21621621621621623,0.8918918918918919,B,C-,D+,B+,ziffdavisinc
TDY,Teledyne Technologies Inc,Information Technology,Electronic Equipment & Instruments,640.33,31.7963,4.7652,22.4086,2.8128495031290006,2.46,6.62,8.85,0.19269999999999998,7.140000000000001,0.769955743040782,37.3332,2.46,6.62,37.3332,0.769955743040782,8.85,0.19269999999999998,7.140000000000001,56.474628114674864,43.40818722180002,52.22698350863524,62.888249787840756,50.0,53.43469030775569,0.6078431372549019,0.3660130718954248,0.5359477124183006,0.6078431372549019,B-,C-,C+,B-,teledynetechnologiesinc
CL,Colgate-Palmolive Co,Consumer Staples,Household Products,87.26,32.8526,3.4348,19.7601,1294.658753709199,-25.35,1.4,431.59000000000003,0.1606,24.07,0.5130119023602988,-3.7821,-25.35,1.4,-3.7821,0.5130119023602988,149.049,0.1606,24.07,22.503306878306876,36.92445904915638,87.03703703703702,68.31065759637188,50.0,53.43210930794162,0.171875,0.328125,0.953125,0.671875,D,C-,A,B-,colgatepalmoliveco
LPG,Dorian LPG Ltd,Energy,Oil & Gas Storage & Transportation,39.18,13.8698,4.144,9.2217,1.601039572402295,-27.64,-3.51,11.41,0.34869999999999995,7.59,0.9860968074150359,82.9132,-27.64,-3.51,82.9132,0.9860968074150359,11.41,0.34869999999999995,7.59,46.45873944119558,28.304597701149426,61.7283950617284,78.56960408684546,50.0,53.42162398332997,0.43859649122807015,0.10526315789473684,0.6491228070175439,0.8421052631578947,C,D,B-,B+,dorianlpgltd
BIIB,Biogen Inc,Health Care,Biotechnology,187.06,21.3605,2.7922,12.1415,1.5030948196824585,-21.3,2.22,7.28,0.17420000000000002,5.37,0.8238871041762277,54.6845,-21.3,2.22,54.6845,0.8238871041762277,7.28,0.17420000000000002,5.37,66.36016655100626,21.789404340891757,45.95959595959596,79.82872200263506,50.0,53.40356589635592,0.7727272727272727,0.03787878787878788,0.4393939393939394,0.8181818181818182,B,F,C,B+,biogeninc
ADMA,ADMA Biologics Inc,Health Care,Biotechnology,10.52,16.6341,4.7906,12.915,5.242699092993122,-25.56,19.63,34.98,0.36869999999999997,29.82,0.19493047662235935,-54.7916,-25.56,19.63,-46.128195,0.19493047662235935,34.98,0.36869999999999997,29.82,61.54869303724265,44.81624020525622,89.39393939393939,8.438735177865613,50.0,53.386653184419885,0.6818181818181818,0.42424242424242425,0.946969696969697,0.030303030303030304,B-,C,A,F,admabiologicsinc
FAST,Fastenal Co,Industrials,Trading Companies & Distributors,44.91,39.6724,6.1068,27.359,13.07423580786026,12.69,10.94,33.25,0.2025,31.869999999999997,0.509421340171702,11.3011,12.69,10.94,11.3011,0.509421340171702,33.25,0.2025,28.207999999999984,20.407309023585288,70.80682040461298,89.27392739273927,33.92993145468393,50.0,53.36765947594053,0.12682926829268293,0.7609756097560976,0.9707317073170731,0.3170731707317073,D,B,A+,C-,fastenalco
SEM,Select Medical Holdings Corp,Health Care,Health Care Facilities,16.44,15.2686,0.3693,8.3726,1.195392938165319,-52.12,13.28,7.829999999999999,0.0583,3.7600000000000002,0.6962209302325582,-9.8684,-52.12,13.28,-9.8684,0.6962209302325582,7.829999999999999,0.0583,3.7600000000000002,91.14619477214899,38.23742349604419,34.59595959595959,46.29049111807733,50.0,53.34112151485145,0.9772727272727273,0.3181818181818182,0.29545454545454547,0.4393939393939394,A+,C-,D+,C,selectmedicalholdingscorp
UMBF,UMB Financial Corp,Financials,Regional Banks,129.24,14.009,2.36702,13.4147,1.276020994514413,4.25,72.21914,9.629999999999999,0.3178459,6.52,0.8349747778044678,32.1743,4.25,72.21914,32.1743,0.8349747778044678,9.629999999999999,0.3178459,6.52,59.18481295365717,55.939023761097715,33.66834170854271,69.64824120603016,50.0,53.33074165897555,0.5942028985507246,0.5990338164251208,0.32367149758454106,0.7584541062801933,C+,C+,C-,B,umbfinancialcorp
IRDM,Iridium Communications Inc,Communication Services,Alternative Carriers,39.44,39.5049,4.761,13.3119,8.944933321237412,-6.26,-12.55,22.759999999999998,0.2584,4.6899999999999995,0.8286725219922965,63.8554,-6.26,-12.55,63.8554,0.8286725219922965,22.759999999999998,0.2584,4.6899999999999995,32.88288288288288,31.271693087962372,66.81681681681683,85.4524089306698,50.0,53.26974532865136,0.2972972972972973,0.1891891891891892,0.8378378378378378,0.8648648648648649,D+,D,B+,B+,iridiumcommunicationsinc
CHH,Choice Hotels International Inc,Consumer Discretionary,"Hotels, Resorts & Cruise Lines",100.7,13.3281,2.8717,10.9684,25.557726961244636,12.97,1.18,169.06,0.2671,12.58,0.31794333683105996,-19.8759,12.97,1.18,-19.8759,0.31794333683105996,169.06,0.2666099999999999,12.58,52.366844746640766,49.83776926263463,84.63939666366997,20.057995028997514,50.0,53.23071321090411,0.5517241379310345,0.4689655172413793,0.9448275862068966,0.15862068965517243,C+,C,A,D,choicehotelsinternationalinc
LNC,Lincoln National Corp,Financials,Multi-line Insurance,37.53,6.1021,0.3859,2.5176,0.6540093579276633,-69.3,-9.44,12.030000000000001,0.08410000000000001,7.489999999999999,0.38921761998685084,17.3913,-52.894999999999996,-4.937999999999998,17.3913,0.38921761998685084,12.030000000000001,0.08410000000000001,7.489999999999999,98.52159347461948,6.730170120156035,50.753768844221106,47.79080588125815,50.0,53.22303577999298,1.0,0.004830917874396135,0.5265700483091788,0.45893719806763283,A+,F,C+,C,lincolnnationalcorp
THO,Thor Industries Inc,Consumer Discretionary,Leisure Products,78.18,13.6876,0.4139,9.4886,0.9595122172734292,49.56,4.61,7.01,0.0355,5.6899999999999995,0.12045700778095163,6.4978,49.56,4.61,6.4978,0.12045700778095163,7.01,0.0355,5.6899999999999995,78.6660191031245,74.01347213717085,27.854360203775844,33.91549295774648,50.0,53.21588784570856,0.8482758620689655,0.8206896551724138,0.21379310344827587,0.30344827586206896,B+,B+,D+,C-,thorindustriesinc
FCFS,Firstcash Holdings Inc,Financials,Consumer Finance,219.93,27.1971,2.4872,16.2841,4.248073754580205,27.91,14.39,15.909999999999998,0.1568,8.21,0.9321641756512888,65.7972,27.91,14.39,65.7972,0.9321641756512888,15.909999999999998,0.1568,8.21,18.175418153569783,53.71588578437298,66.33165829145729,81.65018641595073,50.0,53.19998355132151,0.11594202898550725,0.5555555555555556,0.6763285024154589,0.8599033816425121,D,C+,B-,B+,firstcashholdingsinc
ITT,ITT Inc,Industrials,Industrial Machinery & Supplies & Components,209.89,38.4523,4.7644,21.093,4.414248248622979,-3.01,8.48,16.150000000000002,0.17370000000000002,12.46,0.8432128691053326,52.1383,-3.01,8.48,52.1383,0.8432128691053326,16.150000000000002,0.17370000000000002,12.46,28.614666344683247,60.107836831041936,63.366336633663366,65.75994441549418,50.0,53.16880699389388,0.2146341463414634,0.6390243902439025,0.6536585365853659,0.6682926829268293,D+,B-,B-,B-,ittinc
CPK,Chesapeake Utilities Corp,Utilities,Gas Utilities,126.94,21.7049,3.1731,13.0546,1.897629084820761,13.67,18.22,9.26,0.2666,4.569999999999999,0.4615384615384615,-3.9207,13.67,18.22,-3.9207,0.4615384615384615,9.26,0.2666,4.569999999999999,55.174410189607755,78.20262445609347,60.28368794326241,18.108747044917255,50.0,53.126798833419684,0.6326530612244898,0.8571428571428571,0.5918367346938775,0.12244897959183673,B-,B+,C+,D,chesapeakeutilitiescorp
NTCT,Netscout Systems Inc,Information Technology,Communications Equipment,33.98,25.5875,2.8488,12.7677,1.5692250854345615,,4.91,6.069999999999999,0.1278,6.069999999999999,0.9668508287292815,60.132,,4.91,60.132,0.9668508287292815,6.069999999999999,0.1278,6.069999999999999,75.09414361771199,40.0551876379691,37.5319222611782,59.58510438759757,50.0,53.08457487483588,0.8104575163398693,0.29411764705882354,0.3333333333333333,0.5686274509803921,B+,D+,C-,C+,netscoutsystemsinc
EEFT,Euronet Worldwide Inc,Financials,Transaction & Payment Processing Services,74.01,9.0787,0.662,4.6826,2.2262396072722024,7.51,6.38,23.7,0.12480000000000001,8.72,0.20348376880443403,-25.0911,7.51,6.38,-25.0911,0.20348376880443403,23.7,0.12480000000000001,8.72,61.974121816813536,38.43966081928028,82.91457286432161,20.79810818799882,50.0,53.069727471739604,0.6521739130434783,0.3140096618357488,0.8357487922705314,0.16908212560386474,B-,C-,B+,D,euronetworldwideinc
PSX,Phillips 66,Energy,Oil & Gas Refining & Marketing,176.19,16.0438,0.5336,11.1579,2.4293356865124234,117.21,-7.53,15.9,0.0172,9.17,0.8347467338986934,70.2977,117.21,-7.53,70.2977,0.8347467338986934,15.9,0.0172,9.17,63.12540610786224,51.887327940967786,51.23456790123456,45.15964240102171,50.0,52.9993875706721,0.7719298245614035,0.5614035087719298,0.4824561403508772,0.3508771929824561,B,C+,C,C-,phillips66
NRG,NRG Energy Inc,Utilities,Independent Power Producers & Energy Traders,153.37,38.0863,1.0714,14.3174,17.369392631853135,-17.71,9.18,39.65,0.058499999999999996,5.87,0.5351289543895312,34.3701,-17.71,9.18,34.3701,0.5351289543895312,22.930999999999976,0.1099,5.87,46.663771891735415,40.91329576991002,63.829787234042556,60.962072155411654,50.0,52.99846336650883,0.4897959183673469,0.2857142857142857,0.7040816326530612,0.6122448979591837,C,D+,B,B-,nrgenergyinc
LH,Labcorp Holdings Inc,Health Care,Health Care Services,255.84,22.3332,1.4866,15.5339,2.43973844142444,30.16,7.34,10.91,0.1018,6.510000000000001,0.3458815403211879,6.0345,30.16,7.34,6.0345,0.3458815403211879,10.91,0.1018,6.510000000000001,66.06137713007942,55.670995670995666,43.18181818181818,47.74025974025974,50.0,52.99304991022549,0.75,0.6212121212121212,0.4015151515151515,0.44696969696969696,B,B-,C,C,labcorpholdingsinc
FRPT,Freshpet Inc,Consumer Staples,Packaged Foods & Meats,65.15,22.9707,2.9002,30.3234,2.639618177103592,166.6,13.01,12.35,0.0687,8.95,0.4272769516728626,-10.4098,65.50799999999973,13.01,-10.4098,0.4272769516728626,12.35,0.0687,8.95,25.024801587301592,97.16390198660493,39.682539682539684,61.8796992481203,50.0,52.98555556440537,0.21875,1.0,0.328125,0.609375,D+,A+,C-,B-,freshpetinc
CDNS,Cadence Design Systems Inc,Information Technology,Application Software,340.94,84.8876,17.7714,61.3122,16.928080236339714,5.27,14.12,21.68,0.2817,14.6,0.6877198846045595,13.749,5.27,14.12,13.749,0.6877198846045595,21.68,0.2817,14.6,20.59184232927902,46.873068091269054,76.89621838433682,71.06150553019742,50.0,52.95892990269726,0.1503267973856209,0.43137254901960786,0.7908496732026143,0.7254901960784313,D,C,B,B,cadencedesignsystemsinc
AMKR,Amkor Technology Inc,Information Technology,Semiconductors,71.09,47.1289,2.6269,15.9676,3.9320777676373795,5.19,6.18,8.73,0.0694,6.41,0.868815471394037,306.6934,5.19,6.18,306.6934,0.868815471394037,8.73,0.0694,6.41,64.60199974029346,40.13402626861689,37.70289572782755,71.54452067802838,50.0,52.911933256359305,0.6797385620915033,0.3006535947712418,0.33986928104575165,0.7516339869281046,B-,C-,C-,B,amkortechnologyinc
WDFC,WD-40 Co,Consumer Staples,Household Products,211.06,35.1601,4.4186,27.236,10.64744281779383,-6.14,4.23,30.23,0.1649,22.32,0.4582584125353198,-7.1611,-6.14,4.23,-7.1611,0.4582584125353198,30.23,0.1649,22.32,14.624669312169315,60.49473461701064,79.8941798941799,60.884353741496604,50.0,52.90552997328876,0.03125,0.640625,0.84375,0.5625,F,B-,B+,C+,wd40co
TSCO,Tractor Supply Co,Consumer Discretionary,Other Specialty Retail,33.83,16.4577,1.1371,10.1108,6.90704179342167,1.24,4.64,42.57,0.0928,24.560000000000002,0.006096576360442618,-32.8103,1.24,4.64,-32.8103,0.05802310819537401,42.57,0.0928,24.560000000000002,63.699206734660834,59.60093896713615,71.51466719941398,10.89201877934272,50.0,52.902060032814475,0.7172413793103448,0.6344827586206897,0.7655172413793103,0.034482758620689655,B,B-,B,F,tractorsupplyco
HII,Huntington Ingalls Industries Inc,Industrials,Aerospace & Defense,360.6,23.4701,1.1374,15.1983,2.789374386488475,10.17,8.23,12.280000000000001,0.0526,7.8,0.5942028985507247,58.5194,10.17,8.23,58.5194,0.5942028985507247,12.280000000000001,0.0526,7.8,66.45174273524914,56.9485067906804,33.82838283828383,57.16679360243717,50.0,52.89309147200676,0.7609756097560976,0.6048780487804878,0.2658536585365854,0.5707317073170731,B,B-,D+,C+,huntingtoningallsindustriesinc
BANC,Banc of California Inc,Financials,Regional Banks,18.58,11.9636,1.98464,17.3773,0.8156384851424733,74.78,26.60258,7.07,0.3988023,4.66,0.6379928315412184,38.7603,74.78,26.60258,38.7603,0.6379928315412184,7.07,0.3988023,4.66,81.7869540941422,56.587994540841294,16.08040201005025,60.330387570034084,50.0,52.85051544822319,0.9227053140096618,0.6570048309178744,0.15458937198067632,0.6328502415458938,A-,B-,D,B-,bancofcaliforniainc
HAYW,Hayward Holdings Inc,Industrials,Electrical Components & Equipment,15.05,21.5431,2.9098,14.8352,2.0534861509073545,27.25,6.71,10.02,0.2079,6.13,0.42857142857142877,7.3466,27.25,6.71,7.3466,0.42857142857142877,10.02,0.2079,6.13,57.850760685824675,75.26060293988698,50.990099009900995,27.62376237623762,50.0,52.78708798715634,0.6146341463414634,0.8439024390243902,0.526829268292683,0.24878048780487805,B-,B+,C+,D+,haywardholdingsinc
MTG,MGIC Investment Corp,Financials,Reinsurance,26.26,7.5218,4.5761,6.0045,1.1190897274722467,8.55,0.49,14.330000000000002,0.7944,12.73,0.3104089219330859,3.7535,8.55,0.49,3.7535,0.3104089219330859,14.330000000000002,0.61004216,12.73,85.51452916757702,28.65290156729814,59.798994974874375,28.574691640018276,50.0,52.77389967707613,0.9516908212560387,0.1642512077294686,0.6135265700483091,0.2608695652173913,A,D,B-,D+,mgicinvestmentcorp
BG,Bunge Global ltd,Consumer Staples,Agricultural Products & Services,124.61,29.6282,0.3438,16.3743,1.5153836799221694,-32.99,32.43,6.140000000000001,0.018500000000000003,3.2199999999999998,0.8786673296867229,58.7793,-32.99,13.972999999999999,58.7793,0.8786673296867229,6.140000000000001,0.018500000000000003,3.2199999999999998,56.4401455026455,59.50524616626311,18.518518518518515,85.5111111111111,50.0,52.742937460765845,0.625,0.609375,0.15625,0.84375,B-,B-,D,B+,bungegloballtd
HPQ,HP Inc,Information Technology,"Technology Hardware, Storage & Peripherals",20.83,7.5927,0.3388,7.5747,1.3532564560662659,-4.73,4.36,16.85,0.054900000000000004,9.98,0.27272727272727265,-17.9598,-4.73,4.36,-17.9598,0.27272727272727265,16.85,0.054900000000000004,9.98,96.49684745126895,29.852002924959173,51.29636843699952,23.994441043525576,50.0,52.71759276576407,0.9803921568627451,0.17647058823529413,0.5163398692810458,0.16993464052287582,A+,D,C+,D,hpinc
SMCI,Super Micro Computer Inc,Information Technology,"Technology Hardware, Storage & Peripherals",27.09,18.5919,0.5783,14.9737,2.5540941875265166,-42.62,34.76,13.33,0.035699999999999996,8.1,0.17748029292411024,-17.2319,-42.62,34.76,-17.2319,0.17748029292411024,13.33,0.035699999999999996,8.1,85.74355422816662,53.633502098652464,43.81970595449365,22.9383939006066,50.0,52.705194245516886,0.8823529411764706,0.5620915032679739,0.43790849673202614,0.1568627450980392,B+,C+,C,D,supermicrocomputerinc
BAH,Booz Allen Hamilton Holding Corp,Industrials,IT Consulting & Other Services,78.31,11.2599,0.8278,10.3325,9.749993774745386,-15.84,-3.13,82.04,0.0916,16.8,0.07689337767521043,-34.4851,-15.84,-3.13,-34.4851,0.07689337767521043,74.1049999999999,0.0916,16.8,86.41229976656204,21.22916038676467,72.77227722772278,18.23903818953324,50.0,52.689783963830784,0.9219512195121952,0.08780487804878048,0.775609756097561,0.12195121951219512,A-,D-,B,D,boozallenhamiltonholdingcorp
