Ticker,Name,Sector,SubIndustry,Price,PE_Rank,PS_Rank,EV_EBITDA_Used,PB_Ratio,EPS_Growth,Rev_Growth,ROE,Op_Margin,ROIC,Mom_Range,Mom_12M,EPS_Growth_Win,Rev_Growth_Win,Mom_12M_Win,Mom_Range_Win,ROE_Win,Op_Margin_Win,ROIC_Win,Value_S,Growth_S,Prof_S,Mom_S,Rev_S,Fundamental_Score,Value_Pct,Growth_Pct,Prof_Pct,Mom_Pct,Value_Grade,Growth_Grade,Prof_Grade,Mom_Grade,Name_Key
UNIT,Uniti Group Inc (Delaware),Communication Services,Alternative Carriers,11.33,2.0761,1.2122,5.0029,6.971449667733202,807.23,91.48,245.66,0.7885,13.11,0.877065394461252,51.0667,623.4379999999993,22.67599999999999,51.0667,0.877065394461252,48.706,0.418365,13.11,85.94276094276093,98.46095462978579,92.94414735591205,93.48565872630044,50.0,88.1110497458855,0.9444444444444444,1.0,0.9444444444444444,0.9444444444444444,A,A+,A,A,unitigroupincdelaware
SON,Sonoco Products Co,Materials,Paper & Plastic Packaging Products & Materials,52.3,4.9898,0.6773,6.3741,1.4274290174757704,562.04,17.49,29.580000000000002,0.136,12.19,0.6897422940879232,17.9256,466.2049999999986,17.49,17.9256,0.6897422940879232,29.419999999999998,0.136,12.19,90.25641025641026,95.5986403122246,89.48717948717949,59.230769230769226,50.0,80.90177934449622,0.9538461538461539,1.0,0.9384615384615385,0.5692307692307692,A,A+,A,C+,sonocoproductsco
MU,Micron Technology Inc,Information Technology,Semiconductors,666.59,30.7198,12.7443,20.1984,13.808067877221111,412.05,85.55,40.839999999999996,0.48340000000000005,33.46,0.9981667883149731,727.9593,252.97,46.931999999999995,486.1248599999999,0.9977894488000338,40.839999999999996,0.4259,33.46,48.797539149888145,97.25833364033795,91.09906139015727,97.11781773211567,50.0,78.84938040950209,0.5369127516778524,0.9932885906040269,0.959731543624161,1.0,C+,A+,A,A+,microntechnologyinc
KALU,Kaiser Aluminum Corp,Materials,Aluminum,180.42,18.5949,0.7704,10.1961,4.347365123731958,242.59,20.84,18.68,0.0674,8.16,0.9780078237216125,166.7357,242.59,20.84,164.30203999999998,0.9719220239469605,18.68,0.0674,8.16,72.3076923076923,93.60214253831276,60.51282051282052,97.90209790209789,50.0,76.50597629321034,0.823076923076923,0.9846153846153847,0.6461538461538462,1.0,B+,A+,B-,A+,kaiseraluminumcorp
BYD,Boyd Gaming Corp,Consumer Discretionary,Casinos & Gaming,85.15,3.4119,1.5298,2.8584,2.492922325634502,272.31,3.45,91.96,0.1734,38.72,0.7707340324118213,23.2629,272.31,3.45,23.2629,0.7707340324118213,91.96,0.1734,38.72,80.44144144144144,71.90978857645524,88.28828828828829,71.76576576576576,50.0,75.91754330087664,0.8866666666666667,0.7866666666666666,0.9733333333333334,0.76,B+,B,A+,B,boydgamingcorp
APA,APA Corp (US),Energy,Oil & Gas Exploration & Production,38.3,9.4388,1.5174,3.2382,2.2186949670961162,77.13,-8.39,24.51,0.3422,13.56,0.7583708416639582,143.4838,77.13,-8.39,137.79324499999996,0.7583708416639582,24.51,0.3422,13.56,86.88271604938272,51.53189177579422,87.65432098765432,83.48690153568202,50.0,75.6380179215545,0.9642857142857143,0.5357142857142857,0.9642857142857143,0.8928571428571429,A,C+,A,B+,apacorpus
INCY,Incyte Corp,Health Care,Biotechnology,99.85,15.4792,3.8738,10.7649,3.834794664700302,2749.07,21.22,29.15,0.29460000000000003,28.910000000000004,0.771826852531181,67.5055,1414.2029999999986,21.22,67.5055,0.771826852531181,29.15,0.29460000000000003,28.910000000000004,71.00448933782268,86.35665250081726,86.2155388471178,70.04576659038901,50.0,75.58549086447638,0.8296296296296296,0.9481481481481482,0.9111111111111111,0.7333333333333333,B+,A,A-,B,incytecorp
NEM,Newmont Corporation,Materials,Gold,115.1,17.343,5.4204,8.9954,3.7010598343365744,118.49,21.34,21.72,0.47909999999999997,18.02,0.771619905322711,110.7673,118.49,21.34,110.7673,0.771619905322711,21.72,0.23417999999999997,15.787999999999997,52.82051282051282,87.19312602291325,93.33333333333333,82.93706293706293,50.0,75.56449933045677,0.6307692307692307,0.9692307692307692,0.9692307692307692,0.8461538461538461,B-,A,A,B+,newmontcorporation
ECPG,Encore Capital Group Inc,Financials,Consumer Finance,84.24,7.0006,1.0165,8.5645,1.8704869838619427,13.54,33.12,28.189999999999998,0.35340000000000005,5.3100000000000005,0.9719923317903398,155.2727,13.54,33.12,69.07595999999998,0.9634865652761514,28.189999999999998,0.35340000000000005,5.3100000000000005,70.06606637247148,58.23068273701233,89.34010152284264,94.67620366097525,50.0,75.43291925342605,0.7788944723618091,0.6582914572864321,0.8944723618090452,0.9773869346733668,B,B-,B+,A+,encorecapitalgroupinc
INVA,Innoviva Inc,Health Care,Pharmaceuticals,22.52,6.1572,4.0591,7.7405,1.433107845819996,3397.08,14.67,30.599999999999998,0.3981,21.88,0.6956521739130435,20.3634,1414.2029999999986,14.67,20.3634,0.6956521739130435,30.599999999999998,0.3981,21.88,77.74971941638609,86.45286292654713,87.468671679198,58.465394254867945,50.0,75.28824921017903,0.8740740740740741,0.9555555555555556,0.9185185185185185,0.6074074074074074,B+,A,A-,B-,innovivainc
DELL,Dell Technologies Inc,Information Technology,"Technology Hardware, Storage & Peripherals",238.8,26.2714,1.3735,16.5077,62.30919765166341,33.09,18.8,130.7,0.0739,13.700000000000001,0.9955758235774572,154.1778,33.09,18.8,154.1778,0.9955758235774572,112.17299999999994,0.0739,13.700000000000001,76.65454884414616,74.40345591686588,70.07071283612379,83.67579908675799,50.0,73.29716642079227,0.825503355704698,0.8657718120805369,0.7181208053691275,0.9194630872483222,B+,B+,B,A-,delltechnologiesinc
INDV,"Indivior Pharmaceuticals, Inc",Health Care,Pharmaceuticals,40.61,23.5774,3.9929,18.659,108.67005619480868,7022.71,4.38,159.06,0.2113,29.4,0.9933730947647448,247.094,1414.2029999999986,4.38,122.21815999999995,0.9913209608822849,97.80199999999995,0.2113,29.4,49.455667789001126,69.43917486022748,88.97243107769424,98.33044148833623,50.0,73.16094798638659,0.4962962962962963,0.7851851851851852,0.9481481481481482,1.0,C,B,A,A+,indiviorpharmaceuticalsinc
DAL,Delta Air Lines Inc,Industrials,Passenger Airlines,73.34,10.3658,0.712,6.8788,2.3075374101715393,21.36,5.24,23.14,0.08779999999999999,13.209999999999999,0.9055435119231962,63.6688,21.36,5.24,63.6688,0.9055435119231962,23.14,0.08779999999999999,13.209999999999999,92.93924466338258,67.81513303415034,59.60591133004925,82.24562595549514,50.0,73.14844079628705,0.9753694581280788,0.7241379310344828,0.6108374384236454,0.8620689655172413,A+,B,B-,B+,deltaairlinesinc
TMP,Tompkins Financial Corp,Financials,Regional Banks,85.82,7.5224,3.46671,5.606,1.3119656094402818,126.16,16.23686,19.939999999999998,0.08044029999999999,17.62,0.9585777126099703,39.8403,95.98799999999997,16.23686,39.8403,0.9585777126099703,19.939999999999998,0.08044029999999999,17.62,78.44680254062189,54.66127364775507,77.66497461928934,88.71551533877732,50.0,72.70330208728429,0.9095477386934674,0.5678391959798995,0.7788944723618091,0.914572864321608,A-,C+,B,A-,tompkinsfinancialcorp
SEE,Sealed Air Corp,Materials,Paper & Plastic Packaging Products & Materials,42.15,12.2884,1.159,12.7091,5.0155285046228535,88.84,-0.61,48.39,0.134,9.58,0.874778499704666,74.6065,88.84,-0.61,74.6065,0.874778499704666,29.419999999999998,0.134,9.58,69.74358974358974,62.677703638423765,82.82051282051283,84.14201183431952,50.0,72.5049687355743,0.7846153846153846,0.7076923076923077,0.8769230769230769,0.8615384615384616,B,B,B+,B+,sealedaircorp
AL,Sumisho Air Lease Corp,Industrials,Passenger Airlines,65.0,6.6909,2.4148,7.6199,0.8594961765643162,153.5,10.32,13.23,0.7495,3.85,1.0,54.5779,105.9125,10.32,54.5779,0.9872446872909507,13.23,0.29777999999999943,3.85,78.81773399014779,87.02451273171613,53.69458128078818,83.35994564294208,50.0,72.20497049266564,0.8522167487684729,0.9605911330049262,0.5467980295566502,0.8669950738916257,B+,A,C+,B+,sumishoairleasecorp
JOE,St Joe Co,Real Estate,Real Estate Development,65.7,33.9689,7.3498,21.7053,4.933988194475736,45.49,26.63,14.790000000000001,0.2847,8.39,0.7461961799935254,51.7321,45.49,25.305,51.7321,0.7461961799935254,14.5,0.23972500000000002,8.39,38.88888888888889,90.47619047619048,94.44444444444446,77.77777777777777,50.0,71.98412698412699,0.6666666666666666,1.0,1.0,0.8333333333333334,B-,A+,A+,B+,stjoeco
ALL,Allstate Corp,Financials,Property & Casualty Insurance,217.92,5.5069,0.8366,4.6014,1.8510024564514977,121.66,5.58,39.47,0.19440000000000002,30.25,0.8739200468589835,7.8492,95.98799999999997,5.58,7.8492,0.8739200468589835,39.47,0.19440000000000002,25.073999999999998,72.08376909930362,59.940525068114354,94.9238578680203,64.84905156291745,50.0,71.70982206803734,0.8341708542713567,0.6984924623115578,0.949748743718593,0.6984924623115578,B+,B-,A,B-,allstatecorp
OII,Oceaneering International Inc,Energy,Oil & Gas Equipment & Services,37.07,10.8047,1.3091,8.991,3.4404031591940525,88.33,2.39,34.53,0.10310000000000001,23.09,0.8604118993135013,99.623,88.33,2.39,99.623,0.8604118993135013,27.778499999999994,0.10310000000000001,16.870999999999995,70.21604938271605,76.77412566525469,79.62962962962963,68.86574074074073,50.0,71.58939303428551,0.8392857142857143,0.9107142857142857,0.8214285714285714,0.6607142857142857,B+,A-,B+,B-,oceaneeringinternationalinc
CUBI,Customers Bancorp Inc,Financials,Regional Banks,78.24,9.4718,1.99781,7.6354,1.2645236783028488,85.8,55.59768,13.62,0.3985504,11.78,0.8691701998788611,55.7325,85.8,55.59768,55.7325,0.8691701998788611,13.62,0.3985504,11.78,76.70331352192434,78.54096115453015,57.61421319796954,86.36173030236151,50.0,71.5599199713518,0.8944723618090452,0.9296482412060302,0.5804020100502513,0.8894472361809045,B+,A-,C+,B+,customersbancorpinc
JLL,Jones Lang LaSalle Inc,Real Estate,Real Estate Services,325.52,16.945,0.5673,12.4263,2.036810506918786,68.02,11.23,12.35,0.044199999999999996,9.08,0.7517195767195766,41.6043,63.513999999999996,11.23,41.6043,0.7517195767195766,12.35,0.044199999999999996,8.9075,83.33333333333334,76.0,60.0,74.66666666666667,50.0,70.96666666666667,1.0,0.8333333333333334,0.75,0.6666666666666666,A+,B+,B,B-,joneslanglasalleinc
GEF,Greif Inc,Materials,"Metal, Glass & Plastic Containers",68.22,3.4473,0.8225,6.256,1.1117104403331546,211.66,-17.63,39.51,0.1075,22.41,0.6277594625046947,27.0628,211.66,-16.508,27.0628,0.6277594625046947,29.419999999999998,0.1075,15.787999999999997,88.71794871794873,49.25327332242226,86.66666666666667,60.0,50.0,70.6968085106383,0.9230769230769231,0.4461538461538462,0.9076923076923077,0.6153846153846154,A-,C,A-,B-,greifinc
JBSS,John B Sanfilippo & Son Inc,Consumer Staples,Packaged Foods & Meats,79.64,13.8395,0.7971,10.6321,2.5702427594931807,20.62,5.11,18.11,0.0832,15.24,0.7934782608695651,32.8219,20.62,5.11,32.8219,0.7934782608695651,18.11,0.0832,15.24,72.85372930534221,76.25192012288787,57.526881720430104,88.90322580645162,50.0,70.62618194231098,0.7936507936507936,0.8412698412698413,0.5714285714285714,0.8888888888888888,B,B+,C+,B+,johnbsanfilipposoninc
SWX,Southwest Gas Holdings Inc,Utilities,Gas Utilities,90.82,14.9426,3.387,10.3378,1.65595456244473,120.15,-21.61,11.62,0.25329999999999997,5.52,0.8689090909090907,23.246,85.45799999999986,-14.79,23.246,0.8689090909090907,11.62,0.25329999999999997,5.52,71.50786308973173,52.74061687105165,78.62318840579711,86.95652173913044,50.0,70.47219059591863,0.7872340425531915,0.5319148936170213,0.9148936170212766,0.8723404255319149,B,C+,A-,B+,southwestgasholdingsinc
CARG,CarGurus Inc,Communication Services,Interactive Media & Services,37.41,21.641,3.7199,12.259,9.485775140727217,887.26,1.41,39.290000000000006,0.2695,39.290000000000006,0.856531049250535,33.8462,623.4379999999993,1.41,33.8462,0.856531049250535,39.290000000000006,0.2695,29.365999999999993,40.151515151515156,70.25541125541126,93.52346999405823,88.96256684491979,50.0,70.26234190645955,0.4444444444444444,0.8611111111111112,0.9722222222222222,0.8888888888888888,C,B+,A+,B+,cargurusinc
LRCX,Lam Research Corp,Information Technology,Semiconductor Materials & Equipment,297.17,51.2026,15.8417,43.4511,38.232039934129276,47.61,26.53,65.79,0.34259999999999996,46.29,0.9968927556818182,306.1919,47.61,26.53,306.1919,0.9968927556818182,65.79,0.34259999999999996,46.29,31.044929157345265,85.49757115489874,90.56950786402842,88.04935855620786,50.0,70.11299519756474,0.28187919463087246,0.9463087248322147,0.9530201342281879,0.9530201342281879,D+,A,A,A,lamresearchcorp
ADEA,Adeia Inc,Information Technology,IT Consulting & Other Services,29.16,29.0625,7.2806,15.0206,6.614194660557534,72.59,17.91,26.340000000000003,0.3947,12.870000000000001,0.7721073471183457,120.4082,72.59,17.91,120.4082,0.7721073471183457,26.340000000000003,0.3947,12.870000000000001,58.780760626398205,79.91413519430762,79.2015474378488,72.81474233529028,50.0,70.04135252198134,0.6241610738255033,0.9060402684563759,0.825503355704698,0.7651006711409396,B-,A-,B+,B,adeiainc
APP,Applovin Corp,Information Technology,Application Software,468.83,47.2889,27.154,39.2513,74.30187961583569,114.67,45.98,249.2,0.6847,68.05,0.39122401847575056,53.9065,114.67,45.98,53.9065,0.39122401847575056,112.17299999999994,0.4259,58.00299999999992,31.083768332090482,91.61596152278472,97.58054287163877,72.44155251141552,50.0,69.97758060777235,0.28859060402684567,0.9798657718120806,0.9966442953020134,0.7516778523489933,D+,A+,A+,B,applovincorp
AEP,American Electric Power Company Inc,Utilities,Electric Utilities,132.56,20.127,3.3749,13.5833,2.299735953672187,19.33,10.98,12.04,0.2491,4.66,0.8361124344926156,23.3805,19.33,10.98,23.3805,0.8361124344926156,12.04,0.2491,4.66,54.25531914893617,78.6758330236591,75.3623188405797,82.94314381270902,50.0,69.7282048646526,0.6170212765957447,0.8936170212765957,0.8723404255319149,0.8297872340425532,B-,B+,B+,B+,americanelectricpowercompanyinc
CPRX,Catalyst Pharmaceuticals Inc,Health Care,Biotechnology,30.52,17.4078,6.3345,9.4132,3.918296080420074,28.29,19.78,24.32,0.43770000000000003,24.32,0.8490007401924499,32.3504,28.29,19.78,32.3504,0.8490007401924499,24.32,0.40449999999999986,24.32,63.63636363636365,68.10068649885584,87.96992481203006,64.21379535796012,50.0,69.36446848346162,0.6888888888888889,0.762962962962963,0.9259259259259259,0.674074074074074,B-,B,A-,B-,catalystpharmaceuticalsinc
ASB,Associated Banc-Corp,Financials,Regional Banks,28.88,9.8561,2.01062,8.8841,0.9634502728886161,232.68,90.85232,9.83,0.359242,8.34,0.9107519325368937,27.9575,95.98799999999997,90.85232,27.9575,0.9107519325368937,9.83,0.359242,8.34,87.88358033823943,95.49875772049919,37.309644670050766,69.54535422644008,50.0,69.30712864146041,0.9698492462311558,1.0,0.3693467336683417,0.7437185929648241,A,A+,C-,B,associatedbanccorp
MCY,Mercury General Corp,Financials,Property & Casualty Insurance,96.02,9.7527,0.8806,5.9121,2.20018422704838,15.61,9.44,25.650000000000002,0.1155,20.16,0.8999785821375026,62.8286,15.61,9.44,62.8286,0.8999785821375026,25.650000000000002,0.1155,20.16,59.95714613677525,45.03265717079512,86.80203045685279,92.90943093775047,50.0,69.27821177011613,0.6130653266331658,0.40703517587939697,0.8693467336683417,0.9597989949748744,B-,C,B+,A,mercurygeneralcorp
BFH,Bread Financial Holdings Inc,Financials,Consumer Finance,88.3,6.7212,0.7757,11.7206,1.17043246352837,96.57,-3.91,16.12,0.1365,2.4699999999999998,0.7887241513850957,81.762,95.98799999999997,-3.91,69.07595999999998,0.7887241513850957,16.12,0.1365,2.4699999999999998,83.51529219702573,51.8563104131062,68.02030456852792,80.06306722042763,50.0,69.26777471809518,0.9447236180904522,0.5125628140703518,0.6834170854271356,0.8341708542713567,A,C+,B-,B+,breadfinancialholdingsinc
TGTX,TG Therapeutics Inc,Health Care,Biotechnology,41.97,13.8973,10.0839,47.5575,29.413413694022005,1889.26,87.32,101.12,0.20010000000000003,65.05,0.9928613920285542,20.3959,1414.2029999999986,45.24399999999997,20.3959,0.9913209608822849,97.80199999999995,0.20010000000000003,29.947999999999997,38.13131313131313,96.0371036286368,88.22055137844613,67.1918927754168,50.0,69.23376540825053,0.34074074074074073,1.0,0.9407407407407408,0.6962962962962963,C-,A+,A,B-,tgtherapeuticsinc
DINO,HF Sinclair Corp,Energy,Oil & Gas Refining & Marketing,71.08,10.4094,0.629,5.5347,1.406956397811577,665.67,-27.05,13.11,0.056100000000000004,10.07,0.9139010275186017,117.9699,224.5040000000001,-10.899000000000001,117.9699,0.9139010275186017,13.11,0.056100000000000004,10.07,88.47001763668432,51.35894198394198,55.555555555555564,88.86039886039887,50.0,69.05026146692815,0.9821428571428571,0.5178571428571429,0.5625,0.9464285714285714,A+,C+,C+,A,hfsinclaircorp
EAT,Brinker International Inc,Consumer Discretionary,Restaurants,147.11,18.2228,1.4267,10.9892,17.6500935835293,58.84,15.07,121.26999999999998,0.1003,51.9,0.5391428538520902,9.8082,58.84,15.07,9.8082,0.5391428538520902,121.26999999999998,0.1003,41.0835,54.927927927927925,86.54670713494244,80.96846846846846,63.561208267090606,50.0,68.9956821795057,0.6066666666666667,0.94,0.8866666666666667,0.62,B-,A,B+,B-,brinkerinternationalinc
SNDK,Sandisk Corp,Information Technology,"Technology Hardware, Storage & Peripherals",1409.98,46.3287,15.8377,38.2662,22.336918380376183,,82.76,42.33,0.4073,38.86,0.9788705858933434,4067.839,,46.931999999999995,486.1248599999999,0.9788705858933434,42.33,0.4073,38.86,34.678722346507584,74.09979423868313,90.30948756976154,88.58997124978859,50.0,68.78500557676162,0.3087248322147651,0.8590604026845637,0.9395973154362416,0.959731543624161,C-,B+,A,A,sandiskcorp
FTDR,Frontdoor Inc,Consumer Discretionary,Specialized Consumer Services,66.12,18.0698,2.1916,10.2721,19.387186629526465,12.69,12.12,98.66,0.16140000000000002,17.88,0.7914798206278031,23.7275,12.69,12.12,23.7275,0.7914798206278031,98.66,0.16140000000000002,17.88,53.63363363363363,74.62981162981163,82.31981981981983,73.70810810810812,50.0,68.65594731094731,0.5866666666666667,0.82,0.9133333333333333,0.7733333333333333,C+,B+,A-,B,frontdoorinc
THC,Tenet Healthcare Corp,Health Care,Health Care Facilities,194.51,9.6939,0.7549,5.7952,4.007829804769999,27.35,6.57,40.550000000000004,0.1764,9.8,0.4777006937561941,28.4064,27.35,6.57,28.4064,0.4777006937561941,40.550000000000004,0.1764,9.8,92.32884399551067,53.09955924293493,70.67669172932331,61.06818771065595,50.0,68.58493332192666,0.9925925925925926,0.5481481481481482,0.7037037037037037,0.6370370370370371,A+,C+,B,B-,tenethealthcarecorp
DVA,DaVita Inc,Health Care,Health Care Services,193.88,16.3654,0.8958,8.3625,128.91814615333465,-7.8,6.46,181.22,0.14880000000000002,9.56,0.995605102368957,35.9417,-7.8,6.46,35.9417,0.9913209608822849,97.80199999999995,0.14880000000000002,9.56,85.88664421997754,33.75085440874915,70.92731829573935,88.14536340852129,50.0,68.58273419238331,0.9481481481481482,0.2222222222222222,0.7185185185185186,0.9333333333333333,A,D+,B,A,davitainc
SYF,Synchrony Financial,Financials,Consumer Finance,75.15,7.0502,0.73096,8.2414,1.5553531883188112,32.06,20.4839,21.41,0.1839285,11.14,0.6193116864604095,40.7303,32.06,20.4839,40.7303,0.6193116864604095,21.41,0.1839285,11.14,73.36810958345025,66.10405525846703,80.20304568527918,59.39701584371636,50.0,68.49300303761905,0.8592964824120602,0.8140703517587939,0.8040201005025126,0.6432160804020101,B+,B+,B+,B-,synchronyfinancial
HCI,Hci Group Inc,Financials,Property & Casualty Insurance,153.91,6.4754,2.1493,1.7659,1.9207250109819893,74.84,20.1,38.04,0.4866,33.550000000000004,0.2366113584243895,4.5868,74.84,20.1,4.5868,0.2366113584243895,38.04,0.4866,25.073999999999998,69.55335050888962,76.98228011176849,94.41624365482234,34.61661768634785,50.0,68.31217810055125,0.7688442211055276,0.9195979899497487,0.9447236180904522,0.32663316582914576,B,A-,A,C-,hcigroupinc
FAF,First American Financial Corp,Financials,Property & Casualty Insurance,69.96,10.3581,0.904,6.5776,1.2975571576153584,329.61,22.59,11.87,0.1388,8.09,0.9178454842219801,14.2204,95.98799999999997,22.59,14.2204,0.9178454842219801,11.87,0.1388,8.09,72.67045889345204,84.91339538824458,48.73096446700508,79.50574405557039,50.0,68.23418372887727,0.8492462311557789,0.964824120603015,0.4824120603015075,0.8291457286432161,B+,A,C,B+,firstamericanfinancialcorp
EXEL,Exelixis Inc,Health Care,Biotechnology,48.7,15.3099,5.164,12.7613,5.914429020779442,39.67,6.85,36.89,0.3759,36.89,0.942010715411283,32.1215,39.67,6.85,32.1215,0.942010715411283,36.89,0.3759,29.947999999999997,61.77890011223345,52.1248774109186,92.23057644110274,70.23864007845702,50.0,67.97507263620918,0.6592592592592592,0.5333333333333333,0.9851851851851852,0.7407407407407407,B-,C+,A+,B,exelixisinc
MEDP,Medpace Holdings Inc,Health Care,Life Sciences Tools & Services,426.79,26.4749,4.5511,19.6041,26.311117138999688,21.3,24.19,120.89000000000001,0.2102,120.89000000000001,0.41381550423342345,47.7958,21.3,24.19,47.7958,0.41381550423342345,97.80199999999995,0.2102,29.947999999999997,41.76767676767677,82.02729044834308,89.97493734335838,68.08131439710387,50.0,67.95737449684817,0.3851851851851852,0.9259259259259259,0.9592592592592593,0.7111111111111111,C-,A-,A,B,medpaceholdingsinc
ENVA,Enova International Inc,Financials,Consumer Finance,172.57,13.4991,2.2746,11.0089,3.190765510075031,56.49,19.67,24.45,0.4035,5.7700000000000005,0.9531249999999999,86.5017,56.49,19.67,69.07595999999998,0.9531249999999999,24.45,0.4035,5.7700000000000005,38.54424406295437,69.82462971130346,84.26395939086294,90.71373634825412,50.0,67.80972407536584,0.3065326633165829,0.8693467336683417,0.8442211055276382,0.9396984924623115,C-,B+,B+,A,enovainternationalinc
ZION,Zions Bancorporation NA,Financials,Regional Banks,63.99,9.456,1.56245,8.6811,1.315922060562439,20.22,53.61248,13.77,0.336199,8.16,0.895365504061156,40.9782,20.22,53.61248,40.9782,0.895365504061156,13.77,0.336199,8.16,75.1779200571385,63.15326526554304,59.390862944162436,82.41999558596336,50.0,67.75684792062651,0.8743718592964824,0.7738693467336684,0.5979899497487438,0.8542713567839196,B+,B,C+,B+,zionsbancorporationna
GMED,Globus Medical Inc,Health Care,Health Care Equipment,89.22,22.3877,4.0973,16.0142,2.6348041025216986,428.44,16.65,12.4,0.20329999999999998,12.389999999999999,0.7545230055939123,26.679,428.44,16.65,26.679,0.7545230055939123,12.4,0.20329999999999998,12.389999999999999,52.991021324354655,86.81858492384808,64.28571428571429,79.10977443609022,50.0,67.50485577450489,0.5777777777777777,0.9629629629629629,0.6777777777777778,0.8148148148148148,C+,A,B-,B+,globusmedicalinc
FIX,Comfort Systems USA Inc,Industrials,Construction & Engineering,2011.49,55.3133,6.6778,40.3087,28.895528820254984,107.81,38.43,51.690000000000005,0.157,49.63,0.9958885501835484,368.9116,105.9125,21.683999999999983,148.74396999999996,0.9872446872909507,51.690000000000005,0.157,26.551999999999996,11.822660098522169,95.09282800995815,87.02791461412153,93.35385878489328,50.0,67.40198103713121,0.06403940886699508,0.9975369458128078,0.9408866995073891,0.9630541871921182,D-,A+,A,A,comfortsystemsusainc
BTSG,Brightspring Health Services Inc,Health Care,Health Care Services,52.74,33.0028,0.7495,22.4899,5.403854626679099,417.71,17.97,16.72,0.0268,7.07,0.9456125595738717,141.5941,417.71,17.97,122.21815999999995,0.9456125595738717,16.72,0.0268,7.07,53.32772166105499,91.26851218956483,45.739348370927324,96.46616541353383,50.0,67.31370302861531,0.5925925925925926,0.9777777777777777,0.4222222222222222,0.9925925925925926,C+,A+,C,A+,brightspringhealthservicesinc
SNX,TD Synnex Corp,Information Technology,Technology Distributors,233.93,18.4639,0.2798,10.639,2.217377498258269,50.42,10.39,11.600000000000001,0.0246,7.64,0.9832700234381315,104.8603,50.42,10.39,104.8603,0.9832700234381315,11.600000000000001,0.0246,7.64,90.47197365150386,69.94218664477286,38.343480466768135,80.1247553816047,50.0,67.21725193484352,0.9463087248322147,0.7986577181208053,0.3288590604026846,0.8859060402684564,A,B,C-,B+,tdsynnexcorp
VLY,Valley National Bancorp,Financials,Regional Banks,13.66,11.5455,2.27179,12.1742,0.9738361730947459,59.34,77.66814,8.49,0.4257981,7.430000000000001,0.9201388888888891,55.5809,59.34,77.66814,55.5809,0.9201388888888891,8.49,0.4257981,7.430000000000001,80.08953396423743,86.96145433732394,26.14213197969543,91.30876186272347,50.0,67.2119597259927,0.9246231155778895,0.9798994974874372,0.25879396984924624,0.9447236180904522,A-,A+,D+,A,valleynationalbancorp
TRN,Trinity Industries Inc,Industrials,Construction Machinery & Heavy Transportation Equipment,36.25,11.0027,1.2911,8.4192,2.685443783475446,86.85,-29.95,24.45,0.3003,3.75,0.9743589743589742,47.238,86.85,-13.184999999999995,47.238,0.9743589743589742,24.45,0.29777999999999943,3.75,85.38587848932677,50.45577337012264,64.03940886699507,73.55724735035079,50.0,67.15892598317515,0.9211822660098522,0.4876847290640394,0.6625615763546798,0.7635467980295566,A-,C,B-,B,trinityindustriesinc
CCL,Carnival Corp,Consumer Discretionary,"Hotels, Resorts & Cruise Lines",27.52,12.0542,1.3839,8.5448,2.9392916648865723,50.48,6.1,26.22,0.16269999999999998,8.1,0.5604321404456448,40.9114,50.48,6.1,40.9114,0.5604321404456448,26.22,0.16269999999999998,8.1,69.69069069069069,77.97416184512957,62.6126126126126,67.25634725634725,50.0,67.12192764612118,0.76,0.8466666666666667,0.62,0.68,B,B+,B-,B-,carnivalcorp
LVS,Las Vegas Sands Corp,Consumer Discretionary,Casinos & Gaming,53.22,18.9237,2.5369,10.7885,22.592969943963322,50.5,22.67,82.89,0.2266,9.42,0.46986265553146006,37.1296,50.5,22.67,37.1296,0.46986265553146006,82.89,0.2266,9.42,48.72372372372373,92.13759213759214,76.12612612612612,62.27027027027026,50.0,67.09403494403495,0.49333333333333335,0.9666666666666667,0.81,0.5933333333333334,C,A,B+,C+,lasvegassandscorp
DVN,Devon Energy Corp,Energy,Oil & Gas Exploration & Production,46.6,11.2495,1.7292,4.8919,1.8666431667240813,-8.62,7.83,17.47,0.22949999999999998,11.110000000000001,0.7344632768361582,52.3374,-8.62,7.83,52.3374,0.7344632768361582,17.47,0.22949999999999998,11.110000000000001,77.86596119929453,57.42825376971719,77.77777777777777,58.35591689250225,50.0,67.06776887671197,0.9285714285714286,0.625,0.8035714285714286,0.5714285714285714,A-,B-,B+,C+,devonenergycorp
MD,Pediatrix Medical Group Inc,Health Care,Health Care Services,22.21,11.9182,1.0299,8.719,2.12841399137518,34.98,-4.92,19.580000000000002,0.12,11.41,0.7885931558935363,53.384,34.98,-4.92,53.384,0.7885931558935363,19.580000000000002,0.12,11.41,88.83838383838383,40.41505278347384,59.649122807017534,84.22305764411027,50.0,67.04949874686716,0.9703703703703703,0.362962962962963,0.6222222222222222,0.8666666666666667,A+,C-,B-,B+,pediatrixmedicalgroupinc
URBN,Urban Outfitters Inc,Consumer Discretionary,Apparel Retail,71.62,12.8274,0.9673,7.7056,2.2818945906162584,18.83,11.07,17.66,0.09820000000000001,17.66,0.6169124285284384,38.2359,18.83,11.07,38.2359,0.6169124285284384,17.66,0.09820000000000001,17.66,73.48048048048048,80.38210624417519,59.234234234234236,63.765144454799625,50.0,67.00812881847364,0.7933333333333333,0.8666666666666667,0.5733333333333334,0.6333333333333333,B,B+,C+,B-,urbanoutfittersinc
SOLV,Solventum Corp,Health Care,Health Care Technology,70.99,7.9129,1.479,6.4611,2.439317719500797,221.66,0.86,36.74,0.252,14.530000000000001,0.3334624322230826,8.4313,221.66,0.86,8.4313,0.3334624322230826,36.74,0.252,14.530000000000001,88.86644219977552,54.749237223493516,79.69924812030075,44.4172932330827,50.0,66.9747286713343,0.9777777777777777,0.6148148148148148,0.8222222222222222,0.4,A+,B-,B+,C-,solventumcorp
HCA,HCA Healthcare Inc,Health Care,Health Care Facilities,429.45,14.0225,1.2472,9.1245,254.83622122003322,29.19,6.71,695.73,0.1567,9.06,0.4390340808758608,20.3953,29.19,6.71,20.3953,0.4390340808758608,97.80199999999995,0.1567,9.06,86.35802469135801,58.45864661654135,71.67919799498746,53.67902514907959,50.0,66.93684002471056,0.9629629629629629,0.674074074074074,0.7333333333333333,0.5185185185185185,A,B-,B,C+,hcahealthcareinc
TOL,Toll Brothers Inc,Consumer Discretionary,Homebuilding,141.6,9.5409,1.1698,8.0141,1.6229970428443712,-3.66,4.6,16.86,0.15289999999999998,12.55,0.6032028469750887,39.3838,-3.66,4.6,39.3838,0.6032028469750887,16.86,0.15289999999999998,12.55,74.58858858858859,64.2915642915643,61.26126126126126,75.35135135135135,50.0,66.8910455910456,0.8,0.6866666666666666,0.6066666666666667,0.8066666666666666,B,B-,B-,B+,tollbrothersinc
GEV,GE Vernova Inc,Industrials,Heavy Electrical Equipment,1118.96,32.0767,7.6365,40.214,26.980900504674207,395.59,10.27,87.97,0.1547,82.54,0.920759321692749,178.8824,105.9125,10.27,148.74396999999996,0.920759321692749,64.59599999999968,0.1547,26.551999999999996,18.555008210180624,86.64994362594871,87.192118226601,90.33544452263665,50.0,66.83385923891248,0.11330049261083744,0.9556650246305419,0.9458128078817734,0.9408866995073891,D,A,A,A,gevernovainc
JBL,Jabil Inc,Information Technology,Electronic Manufacturing Services,372.34,48.5573,1.2025,29.7544,26.450425875015092,78.78,19.0,58.989999999999995,0.042800000000000005,17.96,0.999866956406049,147.7477,78.78,19.0,147.7477,0.9977894488000338,58.989999999999995,0.042800000000000005,17.96,62.06500124285359,79.30502341421881,60.0,77.1909352274649,50.0,66.81544203905014,0.6644295302013423,0.8993288590604027,0.6241610738255033,0.8590604026845637,B-,B+,B-,B+,jabilinc
TRV,Travelers Companies Inc,Financials,Property & Casualty Insurance,301.59,8.4747,1.3166,6.9127,1.994157506638596,82.92,4.11,24.14,0.20199999999999999,18.790000000000003,0.8196464883466287,12.5126,82.92,4.11,12.5126,0.8196464883466287,24.14,0.20199999999999999,18.790000000000003,66.02555926842334,54.510418087226995,83.75634517766497,67.26689820999198,50.0,66.80093937096586,0.7135678391959799,0.5577889447236181,0.8391959798994975,0.7185929648241206,B,C+,B+,B,travelerscompaniesinc
LLY,Eli Lilly and Co,Health Care,Pharmaceuticals,987.05,36.7852,12.8694,29.039,35.144719835643556,128.83,47.44,101.30999999999999,0.4363,37.71,0.7120567653919281,27.3416,128.83,45.24399999999997,27.3416,0.7120567653919281,97.80199999999995,0.40449999999999986,29.947999999999997,24.130190796857466,92.20917678812415,97.74436090225565,63.959899749373434,50.0,66.7024532322778,0.18518518518518517,0.9851851851851852,1.0,0.6666666666666666,D,A+,A+,B-,elilillyandco
CNX,CNX Resources Corp,Energy,Oil & Gas Exploration & Production,36.55,4.3858,2.4264,4.6501,1.2016741243888887,,45.18,27.46,0.4461,17.299999999999997,0.5553459119496855,16.2532,,45.18,16.2532,0.5553459119496855,27.46,0.4461,16.870999999999995,77.31481481481482,69.8509485094851,95.67901234567903,21.84281842818428,50.0,66.58721017765734,0.9107142857142857,0.8035714285714286,0.9821428571428571,0.17857142857142858,A-,B+,A+,D,cnxresourcescorp
MCRI,Monarch Casino & Resort Inc,Consumer Discretionary,Casinos & Gaming,117.63,20.8845,3.8845,11.1342,3.8984022615571736,42.37,4.39,18.68,0.2339,18.68,0.9249599633951041,49.9235,42.37,4.39,49.9235,0.9100831604054528,18.68,0.2339,18.68,39.807807807807805,71.10034276700944,75.67567567567568,92.34234234234233,50.0,66.55940789274123,0.35333333333333333,0.7733333333333333,0.8,0.9533333333333334,C-,B,B,A,monarchcasinoresortinc
MAS,Masco Corp,Industrials,Building Products,71.95,16.9779,1.8484,13.2597,95.19714210108495,10.01,-0.31,279.76,0.1664,15.870000000000001,0.6556529514442127,18.8078,10.01,-0.31,18.8078,0.6556529514442127,64.59599999999968,0.1664,15.870000000000001,70.77175697865353,52.638049052925226,83.41543513957308,61.799325900959296,50.0,66.43427302033356,0.7783251231527094,0.5270935960591133,0.9014778325123153,0.6305418719211823,B,C+,A-,B-,mascocorp
STLD,Steel Dynamics Inc,Materials,Steel,241.85,24.5678,1.7728,20.2376,3.913481080661238,23.4,10.44,15.25,0.0915,10.56,0.9848588848063956,84.3791,23.4,10.44,84.3791,0.9719220239469605,15.25,0.0915,10.56,42.56410256410257,76.84970935154354,69.74358974358974,89.60212201591511,50.0,66.36728935041481,0.43846153846153846,0.8615384615384616,0.7230769230769231,0.9384615384615385,C,B+,B,A,steeldynamicsinc
TILE,Interface Inc,Industrials,Office Services & Supplies,27.85,14.0162,1.1733,9.0895,2.5165132060468607,14.79,5.41,19.759999999999998,0.11599999999999999,13.34,0.5564001197597473,42.0194,14.79,5.41,42.0194,0.5564001197597473,19.759999999999998,0.11599999999999999,13.34,83.74384236453203,64.29961862386779,62.725779967159276,59.34975369458128,50.0,66.34728004661264,0.9113300492610837,0.6748768472906403,0.6403940886699507,0.6009852216748769,A-,B-,B-,B-,interfaceinc
OTTR,Otter Tail Corp,Utilities,Electric Utilities,88.89,13.3923,6.5193,9.049,2.0007832968695136,-8.68,8.05,15.36,0.6099,9.66,0.8189189189189192,17.7351,-8.68,8.05,17.7351,0.8189189189189192,15.36,0.38217500000000004,8.935,65.92661116250385,32.25566703827573,94.92753623188406,72.61984392419174,50.0,66.18863904109047,0.723404255319149,0.2127659574468085,1.0,0.7446808510638298,B,D+,A+,B,ottertailcorp
PRDO,Perdoceo Education Corp,Consumer Discretionary,Education Services,34.11,13.3743,2.5278,8.5464,2.1915959907478797,10.81,24.2,16.3,0.23170000000000002,16.08,0.629379485014774,11.8361,10.81,22.8195,11.8361,0.629379485014774,16.3,0.23170000000000002,16.08,60.79879879879879,81.75360675360675,69.14414414414414,61.43451143451144,50.0,66.12335937335938,0.6666666666666666,0.8733333333333333,0.7266666666666667,0.5733333333333334,B-,B+,B,C+,perdoceoeducationcorp
NFG,National Fuel Gas Co,Utilities,Gas Utilities,81.51,11.9941,1.8751,6.8673,2.3805282079888324,-2.57,112.85,21.09,0.2394,11.05,0.21622983870967769,-0.6944,-2.57,18.9175,-0.6944,0.23602080921237534,20.5475,0.2394,8.935,90.05550416281221,66.68524712002973,86.95652173913044,17.52508361204013,50.0,66.09507262189963,0.9787234042553191,0.723404255319149,0.9574468085106383,0.14893617021276595,A+,B,A,D,nationalfuelgasco
PM,Philip Morris International Inc,Consumer Staples,Tobacco,170.53,23.421,6.5386,19.2423,1285.0791258477768,60.61,7.31,575.44,0.3664,44.05,0.5777597072575724,-2.0393,46.63549999999996,7.31,-2.0393,0.5777597072575724,149.34949999999998,0.3664,29.728437999999983,26.591568527052402,88.75642823749416,96.23655913978494,62.552594670406734,50.0,65.96883649828952,0.2222222222222222,0.9523809523809523,1.0,0.6031746031746031,D+,A,A+,B-,philipmorrisinternationalinc
SBH,Sally Beauty Holdings Inc,Consumer Discretionary,Specialty Stores,13.98,7.1787,0.3494,4.9537,1.7228418263602194,5.62,-0.45,23.43,0.0816,10.96,0.6069825436408978,76.0705,5.62,-0.45,76.0705,0.6069825436408978,23.43,0.0816,10.96,93.08708708708708,44.52252252252252,53.15315315315316,77.34054054054054,50.0,65.93267267267268,0.9866666666666667,0.41333333333333333,0.5,0.8333333333333334,A+,C,C,B+,sallybeautyholdingsinc
NEE,Nextera Energy Inc,Utilities,Multi-Utilities,95.39,24.0312,7.0566,18.9321,3.638617638083613,47.29,10.29,15.24,0.2954,5.4399999999999995,0.9036420992256955,43.3574,47.29,10.29,43.3574,0.8949588471465443,15.24,0.2954,5.4399999999999995,15.649090348442803,81.6802536231884,86.231884057971,95.57065217391303,50.0,65.92042476102374,0.10638297872340426,0.9148936170212766,0.9361702127659575,1.0,D,A-,A,A+,nexteraenergyinc
ES,Eversource Energy,Utilities,Electric Utilities,68.52,15.327,1.9147,12.4688,1.573035255549357,97.9,13.83,10.6,0.1996,3.6999999999999997,0.5488850771869638,15.7237,85.45799999999986,13.83,15.7237,0.5488850771869638,10.6,0.1996,3.6999999999999997,76.34905951279679,92.40678805896198,50.0,53.868450390189516,50.0,65.8423125680295,0.851063829787234,1.0,0.4574468085106383,0.5106382978723404,B+,A+,C,C+,eversourceenergy
ESE,ESCO Technologies Inc,Industrials,Industrial Machinery & Supplies & Components,335.59,28.5453,7.2167,34.662,5.62541906933083,175.22,14.09,21.34,0.1562,18.13,0.9425212633403759,104.5532,105.9125,14.09,104.5532,0.9425212633403759,21.34,0.1562,18.13,23.31691297208538,94.1789701032551,74.71264367816093,87.21716623528431,50.0,65.78661643026946,0.14285714285714285,0.9901477832512315,0.8029556650246306,0.916256157635468,D,A+,B+,A-,escotechnologiesinc
UTHR,United Therapeutics Corp,Health Care,Biotechnology,596.76,19.7729,8.292,15.1453,3.6702032462073153,13.31,10.61,19.3,0.4689,19.16,0.962666429439848,102.2778,13.31,10.61,102.2778,0.962666429439848,19.3,0.40449999999999986,19.16,50.56677890011223,50.88591042824452,82.70676691729322,86.1882968290291,50.0,65.73322790580609,0.5185185185185185,0.5185185185185185,0.8629629629629629,0.9037037037037037,C+,C+,B+,A-,unitedtherapeuticscorp
MATX,Matson Inc,Industrials,Marine Transportation,183.73,11.5278,1.5331,8.297,2.0244257717895997,-1.03,-2.26,16.63,0.1494,14.63,0.9392350999805861,97.3257,-1.03,-2.26,97.3257,0.9392350999805861,16.63,0.1494,14.63,83.2512315270936,32.136236029450714,64.7783251231527,86.38602776533811,50.0,65.71184192151935,0.9039408866995073,0.22660098522167488,0.6798029556650246,0.896551724137931,A-,D+,B-,B+,matsoninc
ALLY,Ally Financial Inc,Financials,Consumer Finance,44.3,9.8097,0.88959,12.6919,0.8818061300455036,387.77,37.40411,9.19,0.158682,4.17,0.801854693441857,36.1401,95.98799999999997,37.40411,36.1401,0.801854693441857,9.19,0.158682,4.17,89.91148636583935,86.17371122535238,31.472081218274113,64.7223504076296,50.0,65.52510422262476,0.9849246231155779,0.9748743718592965,0.31155778894472363,0.6884422110552764,A+,A+,C-,B-,allyfinancialinc
CCK,Crown Holdings Inc,Materials,Paper & Plastic Packaging Products & Materials,101.09,15.4282,0.9208,8.3746,3.8232001573302274,78.9,4.78,25.45,0.1244,8.0,0.43341846041590676,3.7778,78.9,4.78,3.7778,0.43341846041590676,25.45,0.1244,8.0,78.97435897435896,71.36510134709808,75.8974358974359,37.633136094674555,50.0,65.51759620630324,0.8615384615384616,0.8307692307692308,0.7769230769230769,0.3230769230769231,B+,B+,B,C-,crownholdingsinc
PTC,PTC Inc,Information Technology,Application Software,136.765,19.6794,5.6307,14.9099,4.272704551844793,109.43,23.62,22.470000000000002,0.3804,16.71,0.0661599099099099,-13.8325,109.43,23.62,-13.8325,0.0661599099099099,22.470000000000002,0.3804,16.71,66.84221973651505,83.86871280671721,80.13381532217149,34.61506849315068,50.0,65.4407650246452,0.7181208053691275,0.9395973154362416,0.8389261744966443,0.2953020134228188,B,A,B+,D+,ptcinc
SEZL,Sezzle Inc,Financials,Transaction & Payment Processing Services,86.02,21.6297,6.3951,16.579,17.12079294628107,69.54,66.08,91.62,0.3926,51.25999999999999,0.2661031769163509,55.8616,69.54,66.08,55.8616,0.2661031769163509,40.43599999999994,0.3926,25.073999999999998,14.334362166160751,91.51844259898729,97.71573604060913,70.55837563451776,50.0,65.42788819839348,0.07035175879396985,0.9949748743718593,0.9773869346733668,0.7487437185929648,D-,A+,A+,B,sezzleinc
RL,Ralph Lauren Corp,Consumer Discretionary,"Apparel, Accessories & Luxury Goods",372.15,24.4937,2.8721,16.4847,8.841893683445237,33.85,12.71,34.74,0.1463,21.84,0.8683998761993188,56.8995,33.85,12.71,56.8995,0.8683998761993188,34.74,0.1463,21.84,27.44144144144144,84.28027594694262,76.12612612612612,88.37837837837839,50.0,65.42362275695609,0.23333333333333334,0.9133333333333333,0.81,0.9133333333333333,D+,A-,B+,A-,ralphlaurencorp
FSLR,First Solar Inc,Information Technology,Semiconductors,218.0,14.0321,4.3122,9.5207,2.452668007758531,31.57,27.3,18.01,0.3176,16.75,0.5755665147637181,71.9785,31.57,27.3,71.9785,0.5755665147637181,18.01,0.3176,16.75,79.11695252299279,75.17921394537774,75.06976154236429,33.91314687975647,50.0,65.36515068136612,0.8590604026845637,0.8791946308724832,0.7785234899328859,0.28187919463087246,B+,B+,B,D+,firstsolarinc
WFRD,Weatherford International PLC,Energy,Oil & Gas Equipment & Services,108.37,16.8722,1.6018,11.7168,4.566966298763965,1.92,-8.81,28.37,0.1431,14.610000000000001,0.9434963430374301,147.8728,1.92,-8.81,137.79324499999996,0.9394185559751927,27.778499999999994,0.1431,14.610000000000001,49.074074074074076,38.15693901379385,83.33333333333333,97.2800925925926,50.0,65.18925817312913,0.4642857142857143,0.30357142857142855,0.8928571428571429,1.0,C,C-,B+,A+,weatherfordinternationalplc
AAPL,Apple Inc,Information Technology,"Technology Hardware, Storage & Peripherals",287.51,34.4205,9.3458,26.5673,57.60569024243639,29.01,12.76,146.69,0.3264,69.07,0.988361119849009,44.834,29.01,12.76,44.834,0.988361119849009,112.17299999999994,0.3264,58.00299999999992,47.825006214267965,60.431607558044334,93.58510908168442,63.16336884830035,50.0,65.07152410525704,0.5100671140939598,0.6778523489932886,0.9731543624161074,0.6241610738255033,C+,B-,A+,B-,appleinc
YOU,Clear Secure Inc,Information Technology,Application Software,60.94,72.0478,8.7317,35.9648,45.675311047818916,5.72,16.91,77.38000000000001,0.2018,77.38000000000001,1.0,133.957,5.72,16.91,133.957,0.9977894488000338,77.38000000000001,0.2018,58.00299999999992,36.507270693512304,53.38982636341403,86.59468543886352,92.94977168949771,50.0,65.0434086436763,0.3422818791946309,0.5838926174496645,0.8859060402684564,0.9865771812080537,C-,C+,B+,A+,clearsecureinc
GL,Globe Life Inc,Financials,Life & Health Insurance,154.39,10.288,1.9941,9.2517,2.043855724093377,17.67,3.96,20.64,0.2625,13.889999999999999,0.9424424424424421,28.2948,17.67,3.96,28.2948,0.9424424424424421,20.64,0.2625,13.889999999999999,60.73897405810779,47.00804230168944,79.18781725888326,77.95904078417644,50.0,64.97511444642093,0.6180904522613065,0.4321608040201005,0.7939698492462312,0.8140703517587939,B-,C,B,B+,globelifeinc
DXPE,DXP Enterprises Inc,Industrials,Trading Companies & Distributors,181.51,30.2579,1.3307,17.1886,5.649378135776801,26.99,11.89,18.67,0.0877,7.7,0.9778454721683744,98.48,26.99,11.89,98.48,0.9778454721683744,18.67,0.0877,7.7,53.858784893267654,84.21934017039689,46.30541871921182,90.35240621447517,50.0,64.95540018009427,0.5714285714285714,0.9359605911330049,0.43103448275862066,0.9458128078817734,C+,A,C,A,dxpenterprisesinc
CMC,Commercial Metals Co,Materials,Steel,72.15,15.4588,0.9312,15.2645,1.9132297917589252,638.58,8.38,11.88,0.0816,7.6499999999999995,0.6835820895522389,58.9557,466.2049999999986,8.38,58.9557,0.6835820895522389,11.88,0.0816,7.6499999999999995,65.12820512820512,86.58219989841413,57.43589743589744,59.469496021220166,50.0,64.8513648249525,0.7692307692307693,0.9538461538461539,0.6,0.5846153846153846,B,A,C+,C+,commercialmetalsco
DG,Dollar General Corp,Consumer Staples,Consumer Staples Merchandise Retail,116.37,16.517,0.5847,8.7678,3.0093251064137907,33.92,5.2,18.66,0.0516,11.28,0.4184495693248126,24.2473,33.92,5.2,24.2473,0.4184495693248126,18.66,0.0516,11.28,76.65130568356375,79.37076861808045,47.31182795698925,64.46833930704898,50.0,64.75860499516413,0.873015873015873,0.9047619047619048,0.4444444444444444,0.6507936507936508,B+,A-,C,B-,dollargeneralcorp
THG,Hanover Insurance Group Inc,Financials,Property & Casualty Insurance,186.37,9.7892,0.9858,7.58,1.8472630533512804,55.07,5.61,19.99,0.132,15.299999999999999,0.8291343669250649,11.4387,55.07,5.61,11.4387,0.8291343669250649,19.99,0.132,15.299999999999999,66.81248884013979,51.2702348240633,78.1725888324873,66.2062516697836,50.0,64.74156671692614,0.7286432160804021,0.49246231155778897,0.7839195979899497,0.7085427135678392,B,C,B,B,hanoverinsurancegroupinc
ARWR,Arrowhead Pharmaceuticals Inc,Health Care,Biotechnology,79.14,54.7798,10.156,34.6338,23.04332634521314,,43539.24,36.120000000000005,0.2755,17.330000000000002,0.9949284009546538,505.0459,,45.24399999999997,122.21815999999995,0.9913209608822849,36.120000000000005,0.2755,17.330000000000002,21.14478114478115,72.87920889179469,82.70676691729322,95.97580908793725,50.0,64.73389061146499,0.14814814814814814,0.8518518518518519,0.8629629629629629,0.9777777777777777,D,B+,B+,A+,arrowheadpharmaceuticalsinc
FDX,FedEx Corp,Industrials,Air Freight & Logistics,377.19,19.7277,0.9622,9.8293,3.1976635751708233,17.85,4.69,15.76,0.062,8.88,0.8597627880244528,76.7443,17.85,4.69,76.7443,0.8597627880244528,15.76,0.062,8.88,79.96715927750411,67.62601506761686,40.88669950738916,79.95831754452443,50.0,64.73033121865157,0.8669950738916257,0.7192118226600985,0.35960591133004927,0.8374384236453202,B+,B,C-,B+,fedexcorp
EXPE,Expedia Group Inc,Consumer Discretionary,"Hotels, Resorts & Cruise Lines",246.66,23.3573,2.0515,10.9987,23.532217748859928,9.19,7.61,114.29,0.1274,17.65,0.6319484702093396,49.7359,9.19,7.61,49.7359,0.6319484702093396,114.29,0.1274,17.65,45.36936936936937,67.09994451929936,77.13963963963964,78.23095823095822,50.0,64.69343280230376,0.4533333333333333,0.74,0.83,0.84,C,B,B+,B+,expediagroupinc
NHC,National Healthcare Corp,Health Care,Health Care Facilities,169.41,22.2506,1.7594,15.1067,2.4626624839732876,17.38,16.09,11.57,0.08460000000000001,10.65,0.8379721669980118,78.2325,17.38,16.09,78.2325,0.8379721669980118,11.57,0.08460000000000001,10.65,65.38720538720538,66.01244490536686,50.6265664160401,87.38916256157636,50.0,64.68376444420001,0.7185185185185186,0.7407407407407407,0.4962962962962963,0.9185185185185185,B,B,C,A-,nationalhealthcarecorp
ULTA,Ulta Beauty Inc,Consumer Discretionary,Other Specialty Retail,535.1,20.2895,1.8885,12.5651,8.430050744147724,1.06,41.38,44.07,0.12369999999999999,40.57,0.45323295535548996,38.2187,1.06,22.8195,38.2187,0.45323295535548996,44.07,0.12369999999999999,40.57,44.20120120120121,77.04494266994267,79.2792792792793,67.00450450450451,50.0,64.68000955500955,0.42,0.8333333333333334,0.8466666666666667,0.6733333333333333,C,B+,B+,B-,ultabeautyinc
ENR,Energizer Holdings Inc,Consumer Staples,Household Products,18.97,6.0669,0.4314,9.4238,7.616026979283763,285.73,3.37,135.8,0.08310000000000001,6.13,0.20783764870538832,-20.5279,46.63549999999996,3.37,-20.5279,0.20783764870538832,135.8,0.08310000000000001,6.13,87.19064686806621,78.73563218390804,58.60215053763441,36.95216907675194,50.0,64.58575960355715,0.9682539682539683,0.8888888888888888,0.5873015873015873,0.3333333333333333,A,B+,C+,C-,energizerholdingsinc
APH,Amphenol Corp,Information Technology,Electronic Components,138.47,41.3458,7.645,26.2564,12.661734987792723,74.13,51.71,35.77,0.2541,19.74,0.67511939959063,73.7172,74.13,46.931999999999995,73.7172,0.67511939959063,35.77,0.2541,19.74,47.832774049217,88.89289768695899,81.12633181126333,47.74226281075596,50.0,64.56680856466306,0.5167785234899329,0.9664429530201343,0.8523489932885906,0.4161073825503356,C+,A,B+,C,amphenolcorp
SFM,Sprouts Farmers Market Inc,Consumer Staples,Food Retail,78.26,14.3501,0.8533,8.7799,5.350525754447377,41.08,14.08,38.21,0.0779,37.16,0.11522388059701497,-53.8153,41.08,12.914999999999992,-40.711785,0.11522388059701497,38.21,0.0779,29.728437999999983,76.11367127496159,95.73614557485524,75.0,13.200992555831263,50.0,64.56584544487771,0.8571428571428571,0.9841269841269841,0.8333333333333334,0.06349206349206349,B+,A+,B+,D-,sproutsfarmersmarketinc
NVDA,NVIDIA Corp,Information Technology,Semiconductors,207.83,40.7698,22.6691,35.0487,32.11267170382732,66.76,65.47,104.37,0.6038,97.21,0.915145512004151,83.0456,66.76,46.931999999999995,83.0456,0.915145512004151,104.37,0.4259,58.00299999999992,35.84389758886403,88.68185265006386,96.5388762049721,42.9523401826484,50.0,64.42253201500148,0.3288590604026846,0.959731543624161,0.9865771812080537,0.35570469798657717,C-,A,A+,C-,nvidiacorp
HRMY,Harmony Biosciences Holdings Inc,Health Care,Biotechnology,32.78,11.7932,2.1549,5.5372,2.1744754525734833,8.31,21.51,19.84,0.24,16.36,0.47296416938110764,7.9439,8.31,21.51,7.9439,0.47296416938110764,19.84,0.24,16.36,84.43883277216611,64.38378555083361,74.81203007518796,33.59267734553776,50.0,64.4080082911128,0.9185185185185185,0.725925925925926,0.7777777777777778,0.3111111111111111,A-,B,B,C-,harmonybiosciencesholdingsinc
DLTR,Dollar Tree Inc,Consumer Staples,Consumer Staples Merchandise Retail,96.51,14.9936,0.9906,8.8626,5.102056999666947,-4.81,10.99,34.83,0.08839999999999999,19.45,0.22607302470697363,15.1808,-4.81,10.99,15.1808,0.22607302470697363,34.83,0.08839999999999999,19.45,71.33469875405359,67.38351254480287,70.96774193548386,51.684587813620084,50.0,64.38923024406895,0.7777777777777778,0.746031746031746,0.7777777777777778,0.5238095238095238,B,B,B,C+,dollartreeinc
AWI,Armstrong World Industries Inc,Industrials,Building Products,166.23,22.9486,4.3708,16.8034,7.920542044674848,17.56,12.11,36.09,0.2659,22.900000000000002,0.31316787314719036,10.7683,17.56,12.11,10.7683,0.31316787314719036,36.09,0.2659,22.900000000000002,46.30541871921182,77.41308994894851,90.96880131362889,47.267306196525794,50.0,64.25463423730504,0.45320197044334976,0.8719211822660099,0.9753694581280788,0.4482758620689655,C,B+,A+,C,armstrongworldindustriesinc
PEGA,Pegasystems Inc,Information Technology,Application Software,36.37,15.4852,3.4898,22.2635,7.868547444939638,403.79,16.61,60.07,0.1506,60.07,0.06026950984747511,-20.2937,252.97,16.61,-20.2937,0.06026950984747511,60.07,0.1506,58.00299999999992,70.03479990057171,79.14015244150974,81.5591704718417,27.62922374429224,50.0,64.25236783026375,0.738255033557047,0.8926174496644296,0.8590604026845637,0.18791946308724833,B,B+,B+,D,pegasystemsinc
ECG,Everus Construction Group Inc,Industrials,Construction & Engineering,169.16,42.7923,2.3047,31.8253,13.69971735626878,40.52,31.47,37.07,0.0707,24.27,0.9810753462734013,273.0099,40.52,21.683999999999983,148.74396999999996,0.9810753462734013,37.07,0.0707,24.27,29.06403940886699,83.93307378568781,69.62233169129722,88.92583470169677,50.0,64.24337447251797,0.22660098522167488,0.9310344827586207,0.7463054187192119,0.9261083743842364,D+,A,B,A-,everusconstructiongroupinc
MSFT,Microsoft Corp,Information Technology,Systems Software,413.96,24.182,9.5138,16.8536,8.959436236846319,29.75,17.87,33.129999999999995,0.4675,26.33,0.2896018476678214,-4.4656,29.75,17.87,-4.4656,0.2896018476678214,33.129999999999995,0.4259,26.33,57.18369376087497,69.89865282412558,88.55276509386097,44.12137280895566,50.0,64.23811984030024,0.6174496644295302,0.7919463087248322,0.9228187919463087,0.3691275167785235,B-,B,A-,C-,microsoftcorp
SCHL,Scholastic Corp,Consumer Discretionary,Publishing,39.9,13.9297,0.5411,4.0882,1.0538827258320127,403.61,1.38,6.909999999999999,0.010700000000000001,5.48,0.868846298384066,111.4467,308.84999999999906,1.38,87.71322500000002,0.868846298384066,6.909999999999999,0.010700000000000001,5.48,83.0960960960961,70.33681408681409,20.27027027027027,96.5653153153153,50.0,64.22201747201747,0.9266666666666666,0.7666666666666667,0.14666666666666667,0.9866666666666667,A-,B,D,A+,scholasticcorp
AROC,Archrock Inc,Energy,Oil & Gas Equipment & Services,39.1,21.2609,4.5993,10.9508,4.584305495304312,75.16,28.7,22.73,0.36369999999999997,8.290000000000001,0.9464238585378728,63.4615,75.16,28.7,63.4615,0.9394185559751927,22.73,0.36369999999999997,8.290000000000001,31.283068783068785,85.75116080156403,80.55555555555556,70.50925925925927,50.0,64.21174009682075,0.19642857142857142,0.9642857142857143,0.8482142857142857,0.7142857142857143,D,A,B+,B,archrockinc
ANF,Abercrombie & Fitch Co,Consumer Discretionary,Apparel Retail,79.4,7.06,0.6796,3.3007,2.545344967974816,-1.56,6.42,38.98,0.1328,38.98,0.20617794856636124,14.0969,-1.56,6.42,14.0969,0.20617794856636124,38.98,0.1328,38.98,87.77177177177178,54.16066536756192,79.72972972972973,31.985088536812675,50.0,64.1045261562503,0.9533333333333334,0.5466666666666666,0.8666666666666667,0.3,A,C+,B+,D+,abercrombiefitchco
PLUS,ePlus inc,Information Technology,Technology Distributors,83.45,17.3161,0.9748,10.2575,2.264260499846698,28.46,11.01,12.93,0.0692,12.809999999999999,0.6695952306244117,32.2504,28.46,11.01,32.2504,0.6695952306244117,12.93,0.0692,12.809999999999999,89.82413621675367,65.94827586206895,53.07902080162355,50.90101108936725,50.0,64.09564664488155,0.9328859060402684,0.7315436241610739,0.5570469798657718,0.48322147651006714,A,B,C+,C,eplusinc
EME,EMCOR Group Inc,Industrials,Construction & Engineering,943.75,32.1813,2.4114,22.378,11.436233380350641,31.03,16.62,39.129999999999995,0.1009,37.61,0.9843340043696869,117.9209,31.03,16.62,117.9209,0.9843340043696869,39.129999999999995,0.1009,26.551999999999996,38.423645320197046,69.25459505270406,77.66830870279146,80.78544061302682,50.0,64.0309956388933,0.33004926108374383,0.7487684729064039,0.8374384236453202,0.8423645320197044,C-,B,B+,B+,emcorgroupinc
D,Dominion Energy Inc,Utilities,Multi-Utilities,61.64,18.1973,3.3991,14.4686,1.8629954815408096,41.05,16.9,10.7,0.2768,3.9800000000000004,0.6058531462488949,12.7286,41.05,16.9,12.7286,0.6058531462488949,10.7,0.2768,3.9800000000000004,51.29509713228492,92.26298309178745,67.39130434782608,54.40217391304347,50.0,64.00463177099394,0.5531914893617021,0.9787234042553191,0.7021276595744681,0.5319148936170213,C+,A+,B,C+,dominionenergyinc
KRYS,Krystal Biotech Inc,Health Care,Biotechnology,288.99,41.5921,21.8933,48.0848,6.9174094960887755,129.21,33.95,18.69,0.41409999999999997,18.69,0.922253052164262,107.2059,129.21,33.95,107.2059,0.922253052164262,18.69,0.40449999999999986,18.69,17.87878787878788,85.82543314808761,81.95488721804512,84.29552141222624,50.0,63.98260968627102,0.0962962962962963,0.9407407407407408,0.8518518518518519,0.8740740740740741,D-,A,B+,B+,krystalbiotechinc
TCBI,Texas Capital Bancshares Inc,Financials,Regional Banks,102.35,12.544,1.94001,10.2526,1.2472839432452292,280.86,62.22861,9.93,0.3685057,8.19,0.8365061590145575,46.4235,95.98799999999997,62.22861,46.4235,0.8365061590145575,9.93,0.3685057,8.19,64.65066448996251,84.73193274656197,38.578680203045685,80.75921430147869,50.0,63.90556558286018,0.6884422110552764,0.9597989949748744,0.38190954773869346,0.8492462311557789,B-,A,C-,B+,texascapitalbancsharesinc
CATY,Cathay General Bancorp,Financials,Regional Banks,57.32,11.4862,3.2522,9.4491,1.3167173950496756,22.47,54.98545,11.37,0.5396866,10.86,0.9584859584859585,35.7329,22.47,54.98545,35.7329,0.9584859584859585,11.37,0.5396866,10.86,66.63265566410735,67.73377990561029,46.7005076142132,85.09821231516221,50.0,63.89968926373464,0.7236180904522613,0.8492462311557789,0.4623115577889447,0.8743718592964824,B,B+,C,B+,cathaygeneralbancorp
PFBC,Preferred Bank,Financials,Regional Banks,96.08,9.5234,2.84979,7.4286,1.482023066374828,15.88,79.98955,17.48,0.7110449,14.66,0.7027718550106611,18.136,15.88,79.98955,18.136,0.7027718550106611,17.48,0.6017721949999999,14.66,71.37591510853761,71.55207817781663,74.11167512690355,40.764731847274334,50.0,63.83525956387848,0.8140703517587939,0.8743718592964824,0.7437185929648241,0.39195979899497485,B+,B+,B,C-,preferredbank
CTRA,Coterra Energy Inc,Energy,Oil & Gas Exploration & Production,32.56,14.8156,3.3275,6.0764,1.6668202434704265,49.63,40.07,11.77,0.3207,9.21,0.7030927835051547,41.9974,49.63,40.07,41.9974,0.7030927835051547,11.77,0.3207,9.21,58.619929453262785,84.08885604007554,70.98765432098766,48.03974706413731,50.0,63.82761656440519,0.7142857142857143,0.9464285714285714,0.7321428571428571,0.44642857142857145,B,A,B,C,coterraenergyinc
VRRM,Verra Mobility Corp,Industrials,Data Processing & Outsourced Services,14.32,16.3425,2.2806,8.5011,7.506027885522592,388.68,11.36,40.550000000000004,0.2421,9.99,0.04043351396415169,-35.6404,105.9125,11.36,-35.6404,0.05170990071676128,40.550000000000004,0.2421,9.99,75.04105090311987,88.58322433962034,80.13136288998358,11.330049261083742,50.0,63.77575816841668,0.8300492610837439,0.9704433497536946,0.8571428571428571,0.06896551724137931,B+,A+,B+,D-,verramobilitycorp
BOOT,Boot Barn Holdings Inc,Consumer Discretionary,Apparel Retail,171.9,23.9244,2.4155,13.7312,4.6497285629660885,27.79,17.5,18.279999999999998,0.13449999999999998,18.07,0.623761404885706,54.4613,27.79,17.5,54.4613,0.623761404885706,18.279999999999998,0.13449999999999998,18.07,34.831831831831835,89.88957609647265,67.79279279279278,75.06057781919851,50.0,63.64618693929039,0.29333333333333333,0.9533333333333334,0.7,0.7933333333333333,D+,A,B-,B,bootbarnholdingsinc
KOP,Koppers Holdings Inc,Materials,Commodity Chemicals,41.61,13.7271,0.409,7.4691,1.4103746085117344,14.14,-10.17,10.45,0.07490000000000001,3.7699999999999996,0.9678068410462776,65.2502,14.14,-10.17,65.2502,0.9678068410462776,10.45,0.07490000000000001,3.7699999999999996,91.28205128205127,37.28983782175272,44.61538461538462,86.013986013986,50.0,63.63512374150672,0.9692307692307692,0.26153846153846155,0.36923076923076925,0.8769230769230769,A,D+,C-,B+,koppersholdingsinc
CRC,California Resources Corp,Energy,Oil & Gas Exploration & Production,61.46,15.0242,1.4864,5.6163,1.4847132034632033,-0.74,14.73,10.34,0.16269999999999998,7.91,0.7152138603140227,73.078,-0.74,14.73,73.078,0.7152138603140227,10.34,0.16269999999999998,7.91,72.37654320987654,66.37544930227857,55.555555555555564,66.82926829268293,50.0,63.62396821035033,0.8571428571428571,0.7321428571428571,0.5625,0.6071428571428571,B+,B,C+,B-,californiaresourcescorp
RRC,Range Resources Corp,Energy,Oil & Gas Exploration & Production,41.17,10.8365,3.0448,7.7731,2.2446242421598988,152.9,23.03,20.93,0.3124,16.64,0.5455124124761298,17.5278,152.9,23.03,17.5278,0.5455124124761298,20.93,0.3124,16.64,60.82451499118165,86.3554241603022,86.41975308641976,22.51129177958446,50.0,63.58441020737769,0.7321428571428571,0.9821428571428571,0.9464285714285714,0.19642857142857142,B,A+,A,D,rangeresourcescorp
DECK,Deckers Outdoor Corp,Consumer Discretionary,Footwear,103.92,13.9463,2.6984,9.165,6.211224672763134,14.74,9.16,41.36,0.2382,41.36,0.4587307410124725,-11.2326,14.74,9.16,-11.2326,0.4587307410124725,41.36,0.2382,41.0835,57.666666666666664,77.61228196010805,89.3018018018018,31.351351351351354,50.0,63.534843779409,0.6333333333333333,0.84,0.9866666666666667,0.2866666666666667,B-,B+,A+,D+,deckersoutdoorcorp
PFS,Provident Financial Services Inc,Financials,Regional Banks,22.62,10.0468,2.313,7.4581,1.0428528618519628,134.42,36.72119,10.620000000000001,0.4091399,8.959999999999999,0.8313789723163213,34.6429,95.98799999999997,36.72119,34.6429,0.8313789723163213,10.620000000000001,0.4091399,8.959999999999999,83.83286993342347,65.05742793942656,42.63959390862944,69.51997351578018,50.0,63.53359625155458,0.949748743718593,0.8040201005025126,0.4221105527638191,0.7386934673366834,A,B+,C,B,providentfinancialservicesinc
FIVE,Five Below Inc,Consumer Discretionary,Specialty Stores,234.18,36.6101,2.756,19.1005,5.8968393062186495,40.49,22.9,18.14,0.096,18.14,0.8982091815901535,189.0041,40.49,22.8195,87.71322500000002,0.8982091815901535,18.14,0.096,18.14,22.087087087087085,91.99344799344799,60.58558558558559,97.13513513513513,50.0,63.49388479388479,0.15333333333333332,0.96,0.6,0.9933333333333333,D,A,C+,A+,fivebelowinc
C,Citigroup Inc,Financials,Diversified Banks,127.6,13.6542,1.09533,38.3834,1.0503838510891559,26.54,99.23775,7.55,0.2301502,1.72,0.8836963097398669,83.6764,26.54,92.40466449999998,69.07595999999998,0.8836963097398669,7.55,0.2301502,1.72,68.24732801061143,86.98997249633999,21.82741116751269,92.81819890956947,50.0,63.48031907571293,0.7487437185929648,0.9849246231155779,0.21608040201005024,0.9547738693467337,B,A+,D+,A,citigroupinc
MPC,Marathon Petroleum Corp,Energy,Oil & Gas Refining & Marketing,245.78,18.1932,0.5452,8.945,4.187659201076817,34.15,-3.8,24.01,0.061399999999999996,8.4,0.867752715121136,70.0311,34.15,-3.8,70.0311,0.867752715121136,24.01,0.061399999999999996,8.4,67.87918871252204,58.4045584045584,62.34567901234568,71.05413105413105,50.0,63.44795482295482,0.8035714285714286,0.6607142857142857,0.6607142857142857,0.7321428571428571,B+,B-,B-,B,marathonpetroleumcorp
USB,US Bancorp,Financials,Diversified Banks,56.16,11.2594,2.0972,16.6082,1.339541273899935,17.02,84.11849,12.21,0.25222680000000003,5.489999999999999,0.7522655634357761,37.0425,17.02,84.11849,37.0425,0.7522655634357761,12.21,0.25222680000000003,5.489999999999999,67.88383542075861,68.71045200335679,52.28426395939086,73.15660838503479,50.0,63.415436922715685,0.7437185929648241,0.8592964824120602,0.5276381909547738,0.7688442211055276,B,B+,C+,B,usbancorp
COLL,Collegium Pharmaceutical Inc,Health Care,Pharmaceuticals,36.51,18.7937,1.5137,10.485,3.8373816255531144,-5.88,23.62,24.11,0.2096,5.82,0.40678783043720335,35.0721,-5.88,23.62,35.0721,0.40678783043720335,24.11,0.2096,5.82,78.92255892255893,62.11914401388085,63.40852130325814,51.87198766146135,50.0,63.380996391522714,0.8888888888888888,0.7185185185185186,0.6666666666666666,0.4962962962962963,B+,B,B-,C,collegiumpharmaceuticalinc
SMP,Standard Motor Products Inc,Consumer Discretionary,Automotive Parts & Equipment,38.88,18.2413,0.4578,7.4498,1.2593773078866561,44.69,18.32,6.69,0.0799,3.5000000000000004,0.6133586749932122,37.8723,44.69,18.32,37.8723,0.6133586749932122,6.69,0.0799,3.5000000000000004,77.04804804804805,92.65239265239265,28.603603603603602,66.9189189189189,50.0,63.327175227175225,0.8266666666666667,0.9733333333333334,0.23333333333333334,0.6666666666666666,B+,A+,D+,B-,standardmotorproductsinc
UAL,United Airlines Holdings Inc,Industrials,Passenger Airlines,100.04,8.8619,0.537,5.9483,2.1175265325820534,2.02,4.73,24.91,0.08439999999999999,9.32,0.5977759127150652,36.0718,2.02,4.73,36.0718,0.5977759127150652,24.91,0.08439999999999999,9.32,96.2233169129721,49.25985084686324,55.17241379310345,53.12722948870393,50.0,63.32634874363233,1.0,0.45320197044334976,0.5714285714285714,0.5270935960591133,A+,C,C+,C+,unitedairlinesholdingsinc
PTCT,PTC Therapeutics Inc,Health Care,Pharmaceuticals,66.57,8.0569,3.178,8.0412,3140.094339622641,,114.51,-351.90999999999997,0.5009,-39.77,0.5939864209505333,83.9458,,45.24399999999997,83.9458,0.5939864209505333,-45.274,0.40449999999999986,-25.738,80.70707070707071,73.78060535955274,34.58646616541353,73.45671871987662,50.0,63.27084903400693,0.9037037037037037,0.8666666666666667,0.2962962962962963,0.7703703703703704,A-,B+,D+,B,ptctherapeuticsinc
HCSG,Healthcare Services Group Inc,Industrials,Environmental & Facilities Services,22.07,21.5803,0.791,15.8588,3.010503341972446,69.63,6.46,13.600000000000001,0.0321,13.600000000000001,0.8022165387894288,53.3704,69.63,6.46,53.3704,0.8022165387894288,13.600000000000001,0.0321,13.600000000000001,69.78653530377669,75.71612070857263,41.70771756978653,76.21393384940183,50.0,63.2595741299857,0.7733990147783252,0.8522167487684729,0.3694581280788177,0.8029556650246306,B,B+,C-,B+,healthcareservicesgroupinc
EQT,EQT Corp,Energy,Oil & Gas Exploration & Production,57.36,10.9628,3.7697,5.6441,1.5070703036736153,836.61,50.77,14.06,0.4972,10.61,0.4496712190187153,7.3152,224.5040000000001,50.77,7.3152,0.4496712190187153,14.06,0.46331999999999973,10.61,63.425925925925924,96.39105248861347,81.48148148148148,13.297199638663052,50.0,63.16450227730716,0.75,1.0,0.875,0.08928571428571429,B,A+,B+,D-,eqtcorp
GILD,"Gilead Sciences, Inc",Health Care,Biotechnology,136.3,19.9097,5.7552,17.2275,7.4508153258296765,1903.07,2.4,41.02,0.3404,21.57,0.661424308411969,39.2521,1414.2029999999986,2.4,39.2521,0.661424308411969,41.02,0.3404,21.57,49.00673400673401,60.400457665903886,88.2205513784461,58.55508336057535,50.0,63.09792955159087,0.4740740740740741,0.7111111111111111,0.9333333333333333,0.6148148148148148,C,B,A,B-,gileadsciencesinc
NATL,NCR Atleos Corp,Financials,Transaction & Payment Processing Services,44.78,18.4503,0.758,6.7208,8.18931621587023,94.63,0.93,52.72,0.1244,5.59,0.8508420208500401,53.1464,94.63,0.93,53.1464,0.8508420208500401,40.43599999999994,0.1244,5.59,19.120985638854172,56.67380013264572,97.71573604060913,87.22965697584986,50.0,62.98987184156495,0.1306532663316583,0.6130653266331658,0.9773869346733668,0.8944723618090452,D,B-,A+,B+,ncratleoscorp
FOXA,Fox Corp,Communication Services,Broadcasting,62.21,13.2439,1.5107,8.7718,2.321234011432665,-11.16,9.2,16.220000000000002,0.1807,10.27,0.4843636363636364,25.5753,-11.16,9.2,25.5753,0.4843636363636364,16.220000000000002,0.1807,10.27,65.4040404040404,61.36814574314575,64.48306595365419,66.01827094474153,50.0,62.9490599270011,0.7083333333333334,0.6805555555555556,0.7361111111111112,0.75,B,B-,B,B,foxcorp
JNJ,Johnson & Johnson,Health Care,Pharmaceuticals,224.62,25.4043,5.5469,14.5104,6.6328850776326895,-3.89,7.87,33.78,0.2588,20.849999999999998,0.7434537620152469,45.4133,-3.89,7.87,45.4133,0.7434537620152469,33.78,0.2588,20.849999999999998,49.14702581369247,50.101792943898204,82.95739348370927,74.25101214574897,50.0,62.89666584227987,0.48148148148148145,0.5037037037037037,0.8814814814814815,0.7777777777777778,C,C+,B+,B,johnsonjohnson
AX,Axos Financial Inc,Financials,Regional Banks,88.03,10.5178,2.35138,8.7129,1.8548485653000248,14.36,78.88815,16.6,0.496028,12.08,0.61048965364457,31.0946,14.36,78.88815,31.0946,0.61048965364457,16.6,0.496028,12.08,63.28724842486544,66.28092303442023,71.57360406091371,54.50231736923417,50.0,62.871861202175666,0.6683417085427136,0.8241206030150754,0.7185929648241206,0.5628140703517588,B-,B+,B,C+,axosfinancialinc
BK,Bank of New York Mellon Corp,Financials,Asset Management & Custody Banks,133.64,16.4598,2.12845,16.2318,2.0755968272753673,27.82,284.5591,12.659999999999998,0.2654159,5.84,0.905050672153493,61.1868,27.82,92.40466449999998,61.1868,0.905050672153493,12.659999999999998,0.2654159,5.84,37.36448741167767,89.57878296970881,54.314720812182735,84.54871858363254,50.0,62.74530236663337,0.27638190954773867,0.9899497487437185,0.5477386934673367,0.8693467336683417,D+,A+,C+,B+,bankofnewyorkmelloncorp
ASO,Academy Sports and Outdoors Inc,Consumer Discretionary,Specialty Stores,54.46,9.3063,0.5792,5.6726,1.6289002679938744,-3.5,2.02,18.07,0.08460000000000001,14.66,0.686124213836478,44.5329,-3.5,2.02,44.5329,0.686124213836478,18.07,0.08460000000000001,14.66,85.07807807807808,45.01392301392301,53.378378378378386,70.46486486486486,50.0,62.70987168987169,0.9333333333333333,0.42,0.52,0.7133333333333334,A,C,C+,B,academysportsandoutdoorsinc
STT,State Street Corp,Financials,Asset Management & Custody Banks,151.24,13.557,1.80473,17.1821,1.5160293743221274,11.47,181.1518,11.09,0.24962610000000002,5.04,0.9262576503955815,66.6556,11.47,92.40466449999998,66.6556,0.9262576503955815,11.09,0.24962610000000002,5.04,54.536642603882356,74.97844522695621,45.68527918781726,88.27534975857373,50.0,62.70623944503089,0.5527638190954773,0.8994974874371859,0.45226130653266333,0.9045226130653267,C+,B+,C,A-,statestreetcorp
BCO,Brinks Co,Industrials,Security & Alarm Services,109.01,22.7618,0.864,8.0674,16.133615522370388,29.64,4.97,79.36,0.1093,4.64,0.5137728807535099,18.8379,29.64,4.97,18.8379,0.5137728807535099,64.59599999999968,0.1093,4.64,81.2807881773399,70.95159903041676,57.4712643678161,43.98311048557355,50.0,62.67495503948706,0.8817733990147784,0.7684729064039408,0.6009852216748769,0.41379310344827586,B+,B,B-,C,brinksco
MCK,McKesson Corp,Health Care,Health Care Distributors,743.67,21.207,0.2313,15.753,23.65957094817082,59.37,15.49,39.43,0.014199999999999999,16.23,0.2946685082872927,4.5846,59.37,15.49,4.5846,0.2946685082872927,39.43,0.014199999999999999,16.23,74.983164983165,79.53579601176855,60.0,39.816933638443935,50.0,62.61633717583375,0.8444444444444444,0.9111111111111111,0.6296296296296297,0.35555555555555557,B+,A-,B-,C-,mckessoncorp
ARW,Arrow Electronics Inc,Information Technology,Technology Distributors,191.85,17.1851,0.3182,13.1522,1.4879590491332841,49.65,10.49,9.049999999999999,0.026600000000000002,6.16,0.9724651765468091,66.6956,49.65,10.49,66.6956,0.9724651765468091,9.049999999999999,0.026600000000000002,6.16,88.85160328113348,69.5744389709907,33.00989345509893,66.07550554468362,50.0,62.595363087192965,0.9194630872483222,0.7785234899328859,0.2684563758389262,0.6510067114093959,A-,B,D+,B-,arrowelectronicsinc
ORCL,Oracle Corp,Information Technology,Application Software,194.03,31.936,8.0791,28.3895,26.631620846315386,31.02,14.87,57.35,0.3056,11.77,0.28160075775515037,31.3676,31.02,14.87,31.3676,0.28160075775515037,57.35,0.3056,11.77,49.34439473030076,61.33622727643271,79.01128868594623,66.17899543378996,50.0,62.59196539610628,0.5503355704697986,0.6912751677852349,0.8187919463087249,0.6577181208053692,C+,B-,B+,B-,oraclecorp
OVV,Ovintiv Inc,Energy,Oil & Gas Exploration & Production,59.9,13.6649,1.9052,6.6066,1.3553078743613762,15.07,-2.67,11.86,0.127,7.86,0.8821221262322061,72.8716,15.07,-2.67,72.8716,0.8821221262322061,11.86,0.127,7.86,68.09964726631394,53.38437533559484,56.17283950617284,79.13279132791328,50.0,62.571555025823315,0.8214285714285714,0.5535714285714286,0.5982142857142857,0.8035714285714286,B+,C+,C+,B+,ovintivinc
SM,SM Energy Co,Energy,Oil & Gas Exploration & Production,28.55,10.769,2.2125,4.596,0.6803969419076853,-15.68,17.24,14.000000000000002,0.317,8.82,0.7025316455696203,32.6673,-15.68,17.24,32.6673,0.7025316455696203,14.000000000000002,0.317,8.82,77.9320987654321,61.28672592087226,71.60493827160495,39.060523938572715,50.0,62.45370923114827,0.9464285714285714,0.6964285714285714,0.75,0.35714285714285715,A,B-,B,C-,smenergyco
LCII,LCI Industries,Consumer Discretionary,Automotive Parts & Equipment,116.95,15.0867,0.689,8.647,2.0796619904650298,36.3,10.18,13.76,0.0658,8.14,0.4747263559217809,39.3755,36.3,10.18,39.3755,0.4747263559217809,13.76,0.0658,8.14,72.7957957957958,82.35170235170236,40.990990990990994,62.46846846846846,50.0,62.41073086073086,0.78,0.88,0.4,0.6,B,B+,C-,C+,lciindustries
SLM,SLM Corp,Financials,Consumer Finance,22.53,5.6857,1.90601,10.3579,1.830814236957582,28.55,31.52147,31.16,0.2673951,8.58,0.27674418604651174,-27.6261,28.55,31.52147,-27.6261,0.27674418604651174,31.16,0.2673951,8.58,72.59393413769354,68.59583746807064,91.87817258883248,12.610367635748347,50.0,62.35926770239531,0.8442211055276382,0.8542713567839196,0.9195979899497487,0.10050251256281408,B+,B+,A-,D,slmcorp
META,Meta Platforms Inc,Communication Services,Interactive Media & Services,612.88,21.5691,7.0826,14.1538,7.13756655657367,7.49,26.18,33.22,0.4121,27.51,0.33559186927062573,4.3537,7.49,22.67599999999999,4.3537,0.33559186927062573,33.22,0.4121,27.51,33.333333333333336,79.67965367965368,91.97860962566845,49.848128342245985,50.0,62.23354214413038,0.3611111111111111,0.9444444444444444,0.9166666666666666,0.4166666666666667,C-,A,A-,C,metaplatformsinc
CBT,Cabot Corp,Materials,Diversified Chemicals,82.41,13.6725,1.1789,6.9103,2.8095116338532344,-24.11,-9.62,20.419999999999998,0.165,11.459999999999999,0.8938381588715665,13.716,-24.11,-9.62,13.716,0.8938381588715665,20.419999999999998,0.165,11.459999999999999,79.48717948717949,23.089587717247294,83.07692307692308,59.871794871794876,50.0,62.23330215883408,0.8769230769230769,0.06153846153846154,0.8923076923076924,0.6,B+,D-,B+,C+,cabotcorp
HRB,H & R Block Inc,Consumer Discretionary,Specialized Consumer Services,29.32,6.3225,1.0238,6.0306,44.17658580684044,19.35,4.7,336.84,0.22260000000000002,18.93,0.03181595021352343,-52.0915,19.35,4.7,-36.141299999999994,0.03940540010471037,170.32750000000001,0.22260000000000002,18.93,81.07507507507508,67.05889980889981,88.85135135135135,6.432432432432432,50.0,62.17987305487306,0.8933333333333333,0.7333333333333333,0.98,0.013333333333333334,B+,B,A+,F,hrblockinc
ENS,EnerSys,Industrials,Electrical Components & Equipment,224.1,25.0326,2.0946,16.3715,4.583815714653892,-0.06,5.2,16.61,0.1161,10.14,0.9874807524938073,150.0,-0.06,5.2,148.74396999999996,0.9872446872909507,16.61,0.1161,10.14,54.679802955665025,52.68499390857566,55.00821018062397,96.02463054187194,50.0,62.16392817416177,0.5812807881773399,0.5320197044334976,0.5665024630541872,0.9901477832512315,C+,C+,C+,A+,enersys
FNB,FNB Corp,Financials,Regional Banks,18.19,10.8938,2.56275,13.9686,0.9615842086621875,27.72,64.79501,8.76,0.42536409999999997,6.36,0.8350694444444445,31.1355,27.72,64.79501,31.1355,0.8350694444444445,8.76,0.42536409999999997,6.36,84.11728694232585,76.33517945998783,28.426395939086298,68.77620834252924,50.0,62.15819828085645,0.9547738693467337,0.914572864321608,0.2814070351758794,0.7336683417085427,A,A-,D+,B,fnbcorp
EXLS,Exlservice Holdings Inc,Industrials,Data Processing & Outsourced Services,30.97,19.1458,2.3021,13.3738,5.307990264971035,27.93,13.56,25.5,0.1503,19.46,0.18657407407407398,-33.6405,27.93,13.56,-33.6405,0.18657407407407398,25.5,0.1503,19.46,65.51724137931033,79.67794089484858,77.504105090312,27.154225085259565,50.0,62.121769813427214,0.7438423645320197,0.8866995073891626,0.8300492610837439,0.2315270935960591,B,B+,B+,D+,exlserviceholdingsinc
CON,Concentra Group Holdings Parent Inc,Health Care,Health Care Services,22.82,17.6218,1.3555,10.8258,7.463858180153071,-42.65,13.85,46.6,0.154,8.41,0.6962540716612379,5.6971,-42.65,13.85,5.6971,0.6962540716612379,46.6,0.154,8.41,79.88776655443323,46.07864357864357,68.42105263157895,53.90559732664995,50.0,62.07405297756175,0.8962962962962963,0.4444444444444444,0.6888888888888889,0.5407407407407407,B+,C,B-,C+,concentragroupholdingsparentinc
PLTR,Palantir Technologies Inc,Information Technology,Application Software,133.79,140.3098,61.2768,151.5488,43.30614358775166,287.77,67.71,32.18,0.38130000000000003,32.18,0.2785707226719399,22.901,252.97,46.931999999999995,22.901,0.2785707226719399,32.18,0.38130000000000003,32.18,13.338926174496644,97.4595968859542,86.84360730593608,62.65981735159818,50.0,62.069516217618656,0.0738255033557047,1.0,0.8993288590604027,0.610738255033557,D-,A+,B+,B-,palantirtechnologiesinc
YELP,Yelp Inc,Communication Services,Interactive Media & Services,28.31,11.0626,1.0995,5.8092,2.3876996778165744,18.34,3.75,19.96,0.126,19.96,0.40286771507863084,-18.2265,18.34,3.75,-18.2265,0.40286771507863084,19.96,0.126,19.96,81.98653198653199,64.17316017316017,69.25133689839572,32.01711229946524,50.0,62.047521715757014,0.9166666666666666,0.75,0.8333333333333334,0.25,A-,B,B+,D+,yelpinc
CMCSA,Comcast Corp,Communication Services,Cable & Satellite,26.44,5.0257,0.7541,3.9496,0.9834187563695335,24.85,1.39,19.830000000000002,0.15289999999999998,9.719999999999999,0.22665544771446472,-18.171,24.85,1.39,-18.171,0.22665544771446472,19.830000000000002,0.15289999999999998,9.719999999999999,92.50841750841751,60.02943038516161,64.08199643493761,29.317072139671538,50.0,62.01690399080541,0.9722222222222222,0.6111111111111112,0.6666666666666666,0.19444444444444445,A+,B-,B-,D,comcastcorp
RUN,Sunrun Inc,Industrials,Building Products,12.83,6.7229,1.023,19.0392,0.9568271819463193,29.08,45.11,15.440000000000001,-0.042699999999999995,2.6100000000000003,0.4366940211019929,81.728,29.08,21.683999999999983,81.728,0.4366940211019929,15.440000000000001,-0.01129999999999996,2.6100000000000003,71.5927750410509,92.37672880755838,22.988505747126435,74.44646098003629,50.0,62.00995815456327,0.7881773399014779,0.9802955665024631,0.17733990147783252,0.7733990147783252,B,A+,D,B,sunruninc
MNST,Monster Beverage Corp,Consumer Staples,Soft Drinks & Non-alcoholic Beverages,77.2,39.3732,9.0451,29.0635,9.148220126084277,30.46,10.7,25.650000000000002,0.2917,25.480000000000004,0.6524411061795836,28.6238,30.46,10.7,28.6238,0.6524411061795836,25.650000000000002,0.2917,25.480000000000004,10.616146100017072,88.41099163679809,84.40860215053765,77.3715651135006,50.0,61.91269841269842,0.031746031746031744,0.9365079365079365,0.8888888888888888,0.7619047619047619,F,A,B+,B,monsterbeveragecorp
WS,Worthington Steel Inc,Materials,Steel,41.88,16.825,0.6117,9.4079,1.931948186146068,12.12,5.55,11.01,0.0417,9.25,0.7077570655441973,59.6037,12.12,5.55,59.6037,0.7077570655441973,11.01,0.0417,9.25,79.74358974358974,53.681076810203734,53.07692307692307,64.82758620689654,50.0,61.90686080854826,0.8923076923076924,0.5692307692307692,0.5076923076923077,0.6923076923076923,B+,C+,C+,B-,worthingtonsteelinc
COLB,Columbia Banking System Inc,Financials,Regional Banks,30.2,11.5048,2.74981,8.3827,1.137977941315005,19.29,230.0598,10.36,0.2585466,9.54,0.7683039851714548,29.8925,19.29,92.40466449999998,29.8925,0.7683039851714548,10.36,0.2585466,9.54,73.48799836747187,81.88952539410084,40.609137055837564,59.93158243213418,50.0,61.88850542107436,0.864321608040201,0.949748743718593,0.4020100502512563,0.6532663316582915,B+,A,C,B-,columbiabankingsysteminc
VZ,Verizon Communications Inc,Communication Services,Integrated Telecommunication Services,47.44,11.3997,1.4206,7.6111,1.915212292239434,-2.49,2.85,16.68,0.2109,6.67,0.6809631301730623,7.4519,-2.49,2.85,7.4519,0.6809631301730623,16.68,0.2109,6.67,69.6969696969697,47.93388429752066,63.814616755793224,69.47010209042296,50.0,61.858693890779456,0.8611111111111112,0.4444444444444444,0.6388888888888888,0.8055555555555556,B+,C,B-,B+,verizoncommunicationsinc
IIIN,Insteel Industries Inc,Industrials,Building Products,26.71,11.9951,0.7393,6.8342,1.3961341041429274,88.38,20.94,11.72,0.0784,11.72,0.1364950838635049,-23.4451,88.38,20.94,-23.4451,0.1364950838635049,11.72,0.0784,11.72,91.29720853858784,94.04040164680642,43.59605911330049,21.41820067409904,50.0,61.815037377153175,0.9704433497536946,0.9852216748768473,0.3842364532019704,0.16748768472906403,A+,A+,C-,D,insteelindustriesinc
TMDX,Transmedics Group Inc,Health Care,Health Care Equipment,72.92,13.2374,4.1602,23.2853,5.281761552947994,362.68,37.13,53.879999999999995,0.1793,22.009999999999998,0.03395348837209304,-21.9105,362.68,37.13,-21.9105,0.03395348837209304,53.879999999999995,0.1793,22.009999999999998,53.075196408529735,94.03123192596877,80.95238095238095,22.03308270676692,50.0,61.71975726677482,0.5851851851851851,0.9925925925925926,0.8444444444444444,0.18518518518518517,C+,A+,B+,D,transmedicsgroupinc
CBOE,Cboe Global Markets Inc,Financials,Financial Exchanges & Data,346.0,29.3176,7.5564,20.2712,7.046714011352134,53.49,10.61,24.63,0.3378,19.12,0.996447934193307,48.2942,53.49,10.61,48.2942,0.9634865652761514,24.63,0.3378,19.12,11.088437109404891,69.27614532223386,84.77157360406092,94.30162109055183,50.0,61.680555960923584,0.05527638190954774,0.864321608040201,0.8492462311557789,0.964824120603015,D-,B+,B+,A,cboeglobalmarketsinc
WST,West Pharmaceutical Services Inc,Health Care,Health Care Supplies,312.55,40.88,6.8878,26.2095,7.085518157561249,17.51,11.23,17.87,0.2034,16.73,0.9181095775826017,52.1961,17.51,11.23,52.1961,0.9181095775826017,17.87,0.2034,16.73,27.856341189674524,72.65037593984962,72.18045112781955,85.22556390977445,50.0,61.58438604929834,0.2,0.837037037037037,0.7592592592592593,0.8962962962962963,D,B+,B,B+,westpharmaceuticalservicesinc
NTAP,NetApp Inc,Information Technology,"Technology Hardware, Storage & Peripherals",111.74,17.629,3.1847,13.6927,21.596026362072628,10.76,3.09,116.57,0.22210000000000002,32.64,0.5798366657279638,21.1142,10.76,3.09,21.1142,0.5798366657279638,112.17299999999994,0.22210000000000002,32.64,76.28479990057171,36.01068648961369,86.81665398274987,43.023845763571785,50.0,61.582269921467486,0.8120805369127517,0.24161073825503357,0.8926174496644296,0.3624161073825503,B+,D+,B+,C-,netappinc
MAR,Marriott International Inc,Consumer Discretionary,"Hotels, Resorts & Cruise Lines",359.06,35.8968,3.5656,25.0663,196.34713184229233,14.13,4.33,309.12,0.15810000000000002,25.790000000000003,0.8389078351259388,42.5067,14.13,4.33,42.5067,0.8389078351259388,170.32750000000001,0.15810000000000002,25.790000000000003,17.162162162162165,64.58085651634039,87.27477477477476,87.6167076167076,50.0,61.54874706084383,0.08,0.6933333333333334,0.96,0.9066666666666666,D-,B-,A,A-,marriottinternationalinc
VCTR,Victory Capital Holdings Inc,Financials,Asset Management & Custody Banks,82.29,15.9686,4.0353,10.7857,2.1771108371386694,13.77,46.19,15.65,0.36579999999999996,10.73,0.958633776091082,41.4404,13.77,46.19,41.4404,0.958633776091082,15.65,0.36579999999999996,10.73,37.85169502334005,67.34863234496186,67.00507614213198,84.15253188064875,50.0,61.51442563649013,0.2964824120603015,0.8341708542713567,0.6733668341708543,0.8592964824120602,D+,B+,B-,B+,victorycapitalholdingsinc
T,AT&T Inc,Communication Services,Integrated Telecommunication Services,25.57,8.3081,1.4072,5.6904,1.6280091428280372,82.59,2.92,19.650000000000002,0.1981,8.73,0.3830409356725148,-9.1974,82.59,2.92,-9.1974,0.3830409356725148,19.650000000000002,0.1981,8.73,78.36700336700336,66.84376229830775,66.96375519904933,33.90860476421974,50.0,61.48316305401867,0.8888888888888888,0.8055555555555556,0.8055555555555556,0.3055555555555556,B+,B+,B+,C-,attinc
TGT,Target Corp,Consumer Staples,Consumer Staples Merchandise Retail,130.19,15.7141,0.5556,8.8364,3.647095406043662,-8.21,-1.68,23.89,0.048799999999999996,11.68,0.9414015304067661,39.0176,-8.21,-1.68,39.0176,0.9406478107205344,23.89,0.048799999999999996,11.68,78.22153951186209,27.479091995221026,52.15053763440861,91.32616487455198,50.0,61.354070660522275,0.9206349206349206,0.1746031746031746,0.49206349206349204,0.9365079365079365,A-,D,C,A,targetcorp
SKYW,SkyWest Inc,Industrials,Passenger Airlines,87.82,7.7878,0.8112,5.1806,1.2749320941144362,19.39,12.26,16.0,0.1461,8.42,0.17796995903504764,-6.644,19.39,12.26,-6.644,0.17796995903504764,16.0,0.1461,8.42,93.26765188834155,77.07736291555477,54.1871921182266,20.329539663665706,50.0,61.34509151748613,0.9802955665024631,0.8620689655172413,0.5566502463054187,0.15270935960591134,A+,B+,C+,D,skywestinc
BAC,Bank of America Corp,Financials,Diversified Banks,53.6,11.9768,2.32875,26.7478,1.2748458173878505,18.65,99.36713,10.5,0.3273721,3.08,0.7675786996175348,31.2439,18.65,92.40466449999998,31.2439,0.7675786996175348,10.5,0.3273721,3.08,65.6429354896309,79.72120640404448,41.62436548223351,67.8623801466441,50.0,61.33354255310382,0.6984924623115578,0.9447236180904522,0.4120603015075377,0.7236180904522613,B-,A,C,B,bankofamericacorp
LDOS,Leidos Holdings Inc,Industrials,Diversified Support Services,134.9,15.2745,0.9653,10.1415,3.4680089669497973,17.43,3.07,29.609999999999996,0.12279999999999999,14.940000000000001,0.07256428711640403,-12.8271,17.43,3.07,-12.8271,0.07256428711640403,29.609999999999996,0.12279999999999999,14.940000000000001,82.26600985221675,60.63903333570781,72.57799671592775,27.433327671139796,50.0,61.325473843405646,0.8866995073891626,0.6403940886699507,0.7684729064039408,0.2413793103448276,B+,B-,B,D+,leidosholdingsinc
EXPD,Expeditors International of Washington Inc,Industrials,Air Freight & Logistics,151.24,24.8184,1.8169,16.8564,8.595819171791346,3.93,4.42,35.55,0.0951,35.55,0.7393364928909955,42.4374,3.93,4.42,42.4374,0.7393364928909955,35.55,0.0951,26.551999999999996,56.650246305418726,53.71678747652051,75.53366174055829,62.62220538082606,50.0,61.313775582963565,0.6108374384236454,0.5517241379310345,0.8152709359605911,0.645320197044335,B-,C+,B+,B-,expeditorsinternationalofwashingtoninc
GEO,Geo Group Inc,Industrials,Environmental & Facilities Services,22.2,11.5819,1.1198,7.3148,2.0086135138069556,354.95,8.55,17.68,0.0947,8.25,0.5167999999999999,-26.9015,105.9125,8.55,-26.9015,0.5167999999999999,17.68,0.0947,8.25,87.52052545155993,85.00856961249461,48.768472906403936,26.125967628430683,50.0,61.299157037676025,0.9310344827586207,0.9458128078817734,0.49261083743842365,0.22167487684729065,A,A,C,D+,geogroupinc
CI,Cigna Group,Health Care,Health Care Services,281.98,12.6229,0.2735,9.0345,1.7810178038619249,80.88,11.24,14.530000000000001,0.0335,8.200000000000001,0.42734956731736795,-15.5293,80.88,11.24,-15.5293,0.42734956731736795,14.530000000000001,0.0335,8.200000000000001,93.03030303030305,75.05753018910913,46.365914786967416,32.15121136173768,50.0,61.290802764486976,1.0,0.8814814814814815,0.44074074074074077,0.2814814814814815,A+,B+,C,D+,cignagroup
PHIN,Phinia Inc,Consumer Discretionary,Automotive Retail,78.36,22.3149,0.8365,9.3155,1.872106191138315,85.63,1.91,8.21,0.0732,5.06,0.9325153374233128,89.3668,85.63,1.91,87.71322500000002,0.9100831604054528,8.21,0.0732,5.06,60.54654654654655,65.98075348075348,32.88288288288288,98.56674856674856,50.0,61.26685776685777,0.66,0.7066666666666667,0.29333333333333333,1.0,B-,B,D+,A+,phiniainc
KLAC,KLA Corp,Information Technology,Semiconductor Materials & Equipment,1816.29,52.0531,18.6163,40.7303,51.101632684067326,44.58,17.49,95.22,0.4199,42.71,0.9026414258478431,167.3295,44.58,17.49,167.3295,0.9026414258478431,95.22,0.4199,42.71,29.710415113099675,73.95183360700602,93.77536783358703,52.87779952163514,50.0,61.23737236239991,0.2684563758389262,0.8456375838926175,0.9798657718120806,0.5167785234899329,D+,B+,A+,C+,klacorp
PLAB,Photronics Inc,Information Technology,Semiconductor Materials & Equipment,52.09,21.879,3.4635,8.5061,2.55805844886093,-0.73,-0.06,11.84,0.2445,11.84,0.975006866245537,177.2219,-0.73,-0.06,177.2219,0.975006866245537,11.84,0.2445,11.84,78.02168779517773,34.656369731800766,64.23135464231355,68.60926288323547,50.0,61.21638713238006,0.8523489932885906,0.2214765100671141,0.6711409395973155,0.7046979865771812,B+,D+,B-,B,photronicsinc
MMS,Maximus Inc,Industrials,Data Processing & Outsourced Services,63.95,9.2561,0.6404,7.1756,2.0936117831548553,41.59,-0.15,21.759999999999998,0.1094,11.540000000000001,0.08152866242038224,-3.7912,41.59,-0.15,-3.7912,0.08152866242038224,21.759999999999998,0.1094,11.540000000000001,93.92446633825944,54.61400334926475,61.08374384236453,32.622205380826074,50.0,61.199294291174155,0.9852216748768473,0.5714285714285714,0.6354679802955665,0.32019704433497537,A+,C+,B-,C-,maximusinc
EBAY,eBay Inc,Consumer Discretionary,Broadline Retail,108.15,23.6986,4.3362,23.0382,10.522065691158158,9.32,7.95,42.68,0.2051,17.65,0.9257641921397383,53.7095,9.32,7.95,53.7095,0.9100831604054528,42.68,0.2051,17.65,20.948948948948946,65.67158067158067,80.06756756756756,88.90810810810811,50.0,61.17006688506689,0.13333333333333333,0.7,0.8733333333333333,0.92,D,B-,B+,A-,ebayinc
MLM,Martin Marietta Materials Inc,Materials,Construction Materials,615.48,14.5475,5.6254,19.5996,3.7001033417437523,141.46,-1.28,25.069999999999997,0.2237,16.35,0.4698284118448849,15.043,141.46,-1.28,15.043,0.4698284118448849,25.069999999999997,0.2237,15.787999999999997,42.56410256410257,63.185351882160404,94.1025641025641,46.02564102564102,50.0,61.008865248226954,0.43846153846153846,0.7538461538461538,0.9846153846153847,0.4153846153846154,C,B,A+,C,martinmariettamaterialsinc
AMZN,Amazon.com Inc,Consumer Discretionary,Broadline Retail,274.99,32.3614,3.9559,16.4152,7.178714728386715,36.46,14.22,23.34,0.115,18.98,0.9623059866962307,48.6352,36.46,14.22,48.6352,0.9100831604054528,23.34,0.115,18.98,21.888888888888886,84.46846846846847,67.11711711711712,84.23783783783784,50.0,60.992762762762766,0.14666666666666667,0.92,0.6866666666666666,0.8733333333333333,D,A-,B-,B+,amazoncominc
ADBE,Adobe Inc,Information Technology,Application Software,250.17,14.3343,4.2253,11.0429,9.009810418347355,13.16,10.96,62.31,0.3665,40.56,0.13097273916105015,-34.6781,13.16,10.96,-34.6781,0.13097273916105015,62.31,0.3665,40.56,77.48881431767337,44.1903073286052,90.55999492643328,25.444748858447483,50.0,60.9392135484372,0.8389261744966443,0.37583892617449666,0.9463087248322147,0.174496644295302,B+,C-,A,D,adobeinc
WMS,Advanced Drainage Systems Inc,Industrials,Building Products,148.72,23.6059,3.7171,15.649,7.129160914250652,0.61,1.6,25.82,0.2284,14.46,0.5900167504187604,31.8089,0.61,1.6,31.8089,0.5900167504187604,25.82,0.2284,14.46,49.42528735632184,51.018598281639086,80.54187192118228,65.56390977443608,50.0,60.80829143059106,0.5073891625615764,0.5221674876847291,0.8669950738916257,0.6600985221674877,C+,C+,B+,B-,advanceddrainagesystemsinc
PRI,Primerica Inc,Financials,Life & Health Insurance,276.8,11.3576,2.592,9.3797,3.5999011587832124,28.59,5.9,32.29,0.30329999999999996,18.05,0.8061788056610292,4.9996,28.59,5.9,4.9996,0.8061788056610292,32.29,0.30329999999999996,18.05,46.06662755401372,59.32210133188782,92.38578680203045,46.539471381060736,50.0,60.78541813160076,0.4221105527638191,0.6834170854271356,0.9246231155778895,0.4623115577889447,C,B-,A-,C,primericainc
IBM,International Business Machines Corp,Information Technology,IT Consulting & Other Services,225.74,19.721,3.077,19.216,6.478627474615283,94.45,9.67,35.53,0.1532,11.44,0.04818583221347678,-9.385,94.45,9.67,-9.385,0.0538779035809368,35.53,0.1532,11.44,69.62621178225204,72.08880678708266,69.16539827498731,33.08300717547293,50.0,60.732265306820956,0.7315436241610739,0.8322147651006712,0.7046979865771812,0.2550335570469799,B,B+,B,D+,internationalbusinessmachinescorp
GDDY,GoDaddy Inc,Information Technology,Internet Services & Infrastructure,85.2,12.9538,2.2436,10.262,53.370082686043595,21.35,7.83,366.9,0.2373,21.65,0.10337580767671814,-53.3253,21.35,7.83,-43.038165,0.10337580767671814,112.17299999999994,0.2373,21.65,86.6843773303505,52.453439946693315,86.1126966007103,10.102739726027398,50.0,60.71050441730934,0.8993288590604027,0.5704697986577181,0.8791946308724832,0.040268456375838924,B+,C+,B+,F,godaddyinc
QLYS,Qualys Inc,Information Technology,Systems Software,90.84,15.579,4.6174,12.0063,5.783997860608454,16.99,10.13,37.830000000000005,0.3317,37.830000000000005,0.20170454545454544,-28.3709,16.99,10.13,-28.3709,0.20170454545454544,37.830000000000005,0.3317,37.830000000000005,75.00466070096942,46.45240743683458,87.33193810248605,28.40624539696568,50.0,60.55588026762392,0.7919463087248322,0.40939597315436244,0.9060402684563759,0.2080536912751678,B,C,A-,D+,qualysinc
GE,General Electric Co,Industrials,Aerospace & Defense,305.83,36.0871,6.4463,32.1434,17.1732599601314,26.27,21.75,46.22,0.1666,22.25,0.7008277216610548,46.6107,26.27,21.683999999999983,46.6107,0.7008277216610548,46.22,0.1666,22.25,17.89819376026273,89.22823586338603,85.87848932676519,58.80442018373053,50.0,60.550701981180296,0.10344827586206896,0.9753694581280788,0.9261083743842364,0.5862068965517241,D,A+,A-,C+,generalelectricco
KSS,Kohls Corp,Consumer Discretionary,Broadline Retail,14.41,5.9685,0.1042,3.6476,0.3986951794128308,144.37,-4.28,6.909999999999999,0.04019999999999999,3.36,0.4234666666666667,121.0123,144.37,-4.28,87.71322500000002,0.4234666666666667,6.909999999999999,0.04019999999999999,3.36,98.43543543543542,53.83456183456183,20.833333333333332,74.82162162162162,50.0,60.54842888342888,1.0,0.5266666666666666,0.15333333333333332,0.7866666666666666,A+,C+,D,B,kohlscorp
ILMN,Illumina Inc,Health Care,Life Sciences Tools & Services,142.58,25.0213,4.8584,17.7239,8.011282546888872,4.22,1.29,33.989999999999995,0.19260000000000002,18.96,0.8414453464594891,91.3055,4.22,1.29,91.3055,0.8414453464594891,33.989999999999995,0.19260000000000002,18.96,44.792368125701465,34.46115288220552,77.19298245614034,90.64327485380116,50.0,60.51722319266179,0.4222222222222222,0.23703703703703705,0.8074074074074075,0.9481481481481482,C,D+,B+,A,illuminainc
HUBB,Hubbell Inc,Industrials,Industrial Machinery & Supplies & Components,502.34,29.3083,4.427,19.9261,6.952235042397922,14.59,7.18,24.5,0.2071,15.4,0.7121636568216089,44.2221,14.59,7.18,44.2221,0.7121636568216089,24.5,0.2071,15.4,36.28899835796388,72.06950336793288,80.95238095238096,58.81105452116556,50.0,60.4864564054059,0.29310344827586204,0.7881773399014779,0.8768472906403941,0.5911330049261084,D+,B,B+,C+,hubbellinc
PNC,PNC Financial Services Group Inc,Financials,Diversified Banks,222.42,12.2711,2.34179,14.6727,1.4332903298977842,20.05,72.26733,11.98,0.345423,6.890000000000001,0.7331018231427507,36.0117,20.05,72.26733,36.0117,0.7331018231427507,11.98,0.345423,6.890000000000001,61.33841797821596,71.81497612061591,49.746192893401016,66.69298740364731,50.0,60.47274542275689,0.628140703517588,0.8844221105527639,0.49246231155778897,0.7135678391959799,B-,B+,C,B,pncfinancialservicesgroupinc
INSW,International Seaways Inc,Energy,Oil & Gas Storage & Transportation,85.77,13.7296,5.035,9.268,2.097430116230446,-25.79,-11.38,16.02,0.4092,12.1,0.9480347694633409,134.7291,-25.79,-10.899000000000001,134.7291,0.9394185559751927,16.02,0.4092,12.1,43.981481481481474,19.48953823953824,84.56790123456791,97.08994708994709,50.0,60.45324274490942,0.375,0.05357142857142857,0.9285714285714286,0.9821428571428571,C-,D-,A-,A+,internationalseawaysinc
PPC,Pilgrims Pride Corp,Consumer Staples,Packaged Foods & Meats,31.3,6.692,0.3916,4.6725,2.0204106662191212,-0.63,3.46,30.72,0.0872,16.28,0.05131826741996232,-32.8902,-0.63,3.46,-32.8902,0.05131826741996232,30.72,0.0872,16.28,94.70046082949308,57.834101382488484,66.66666666666667,17.714285714285715,50.0,60.45145929339478,1.0,0.5714285714285714,0.7301587301587301,0.12698412698412698,A+,C+,B,D,pilgrimspridecorp
RCL,Royal Caribbean Cruises Ltd,Consumer Discretionary,"Hotels, Resorts & Cruise Lines",287.08,17.1899,4.1872,14.171,7.734690523468378,37.86,9.75,45.81,0.27690000000000003,14.82,0.44655052264808354,27.2574,37.86,9.75,27.2574,0.44655052264808354,45.81,0.26367000000000007,14.82,36.59459459459459,84.18932128609548,81.19369369369367,45.81490581490581,50.0,60.44791749227232,0.31333333333333335,0.9,0.9,0.42,C-,B+,B+,C,royalcaribbeancruisesltd
COR,Cencora Inc,Health Care,Health Care Distributors,252.74,30.2518,0.1509,14.8927,32.50340800946526,18.29,7.45,101.42999999999999,0.82,17.07,0.059674502712477505,-13.091,18.29,7.45,-13.091,0.059674502712477505,97.80199999999995,0.40449999999999986,17.07,69.84287317620651,54.504740111147434,91.72932330827068,20.693036940176526,50.0,60.432604531384094,0.8222222222222222,0.6,0.9777777777777777,0.16296296296296298,B+,C+,A+,D,cencorainc
PRGS,Progress Software Corp,Information Technology,Systems Software,28.18,13.91,1.1972,8.8818,2.4940260200017703,53.68,22.42,17.82,0.16940000000000002,4.52,0.10460652591170824,-53.5979,53.68,22.42,-43.038165,0.10460652591170824,17.82,0.16940000000000002,4.52,91.88416604523987,86.42230344121334,52.01040081177067,10.582191780821919,50.0,60.37454075865969,0.9530201342281879,0.9530201342281879,0.5369127516778524,0.053691275167785234,A,A,C+,D-,progresssoftwarecorp
BR,Broadridge Financial Solutions Inc,Industrials,Data Processing & Outsourced Services,152.83,16.6869,2.4806,12.8588,6.74037876315395,41.38,7.44,40.46,0.1725,18.02,0.030766726355201047,-34.5678,41.38,7.44,-34.5678,0.05170990071676128,40.46,0.1725,18.02,65.84564860426929,74.46223113186406,84.72906403940887,14.092459264873057,50.0,60.35461624026696,0.7536945812807881,0.8374384236453202,0.916256157635468,0.10344827586206896,B,B+,A-,D,broadridgefinancialsolutionsinc
BMY,Bristol-Myers Squibb Co,Health Care,Pharmaceuticals,56.59,19.3394,2.3841,13.9804,6.166570410487202,26.27,1.78,41.64,0.171,12.1,0.6908437426349282,18.9615,26.27,1.78,18.9615,0.6908437426349282,41.64,0.171,12.1,67.1885521885522,48.75110854058222,72.18045112781954,53.74590321958743,50.0,60.34165318112686,0.762962962962963,0.4740740740740741,0.7481481481481481,0.5259259259259259,B,C,B,C+,bristolmyerssquibbco
KO,Coca-Cola Co,Consumer Staples,Soft Drinks & Non-alcoholic Beverages,79.23,24.7359,6.8766,23.5435,10.595503965122967,27.18,5.11,43.62,0.30010000000000003,17.57,0.8335956554649111,10.4713,27.18,5.11,10.4713,0.8335956554649111,43.62,0.30010000000000003,17.57,19.65352449223417,73.53643966547193,84.94623655913979,72.25806451612902,50.0,60.308841099163686,0.1111111111111111,0.8095238095238095,0.9206349206349206,0.7301587301587301,D,B+,A-,B,cocacolaco
CPF,Central Pacific Financial Corp,Financials,Regional Banks,34.82,11.5729,1.82951,8.9977,1.5497872491943954,45.7,22.86278,13.43,0.3274692,11.57,0.9397344228804907,30.8039,45.7,22.86278,30.8039,0.9397344228804907,13.43,0.3274692,11.57,61.31035890110451,51.532020830403916,56.852791878172596,76.470977709115,50.0,60.141387402723055,0.6231155778894473,0.507537688442211,0.5728643216080402,0.7989949748743719,B-,C+,C+,B,centralpacificfinancialcorp
URI,United Rentals Inc,Industrials,Trading Companies & Distributors,964.5,23.969,3.6719,16.4154,6.785912038538633,1.45,5.05,27.88,0.24670000000000003,10.95,0.8486008132025831,48.0089,1.45,5.05,48.0089,0.8486008132025831,27.88,0.24670000000000003,10.95,47.61904761904761,50.920844079909706,77.504105090312,68.06744979158772,50.0,60.07844695163939,0.4729064039408867,0.5123152709359606,0.8300492610837439,0.7044334975369458,C,C+,B+,B,unitedrentalsinc
ORI,Old Republic International Corp,Financials,Property & Casualty Insurance,39.2,9.1829,1.0027,8.3853,1.632925102057819,32.73,12.35,16.7,0.1373,13.25,0.32258064516129054,2.9953,32.73,12.35,2.9953,0.32258064516129054,16.7,0.1373,13.25,70.34793255618192,61.320185352294125,73.09644670050761,34.51776649746193,50.0,60.028685184123596,0.7839195979899497,0.7135678391959799,0.7336683417085427,0.32160804020100503,B,B,B,C-,oldrepublicinternationalcorp
MWA,Mueller Water Products Inc,Industrials,Industrial Machinery & Supplies & Components,27.14,21.1409,2.9231,13.5535,4.321931333205937,45.37,5.94,21.0,0.187,14.24,0.5326876513317192,7.188,45.37,5.94,7.188,0.5326876513317192,21.0,0.187,14.24,59.60591133004926,81.21120874311802,73.72742200328408,27.238874509476496,50.0,60.02334998385224,0.6748768472906403,0.9064039408866995,0.7832512315270936,0.23645320197044334,B-,A-,B,D+,muellerwaterproductsinc
ROST,Ross Stores Inc,Consumer Discretionary,Apparel Retail,228.91,33.9256,3.1987,21.6663,11.92500442805197,4.7,7.67,36.7,0.11900000000000001,29.14,0.9855592260500236,61.6482,4.7,7.67,61.6482,0.9100831604054528,36.7,0.11900000000000001,29.14,19.4024024024024,63.110367420712244,75.45045045045045,93.36439888164026,50.0,60.00816647368371,0.12,0.6666666666666666,0.7933333333333333,0.9666666666666667,D,B-,B,A,rossstoresinc
VMI,Valmont Industries Inc,Industrials,Industrial Machinery & Supplies & Components,522.81,26.713,2.3803,20.0738,6.101862269550561,9.37,2.4,23.06,0.10640000000000001,15.65,0.975223555070883,72.4364,9.37,2.4,72.4364,0.975223555070883,23.06,0.10640000000000001,15.65,46.63382594417077,48.74419861920097,66.66666666666667,84.65892961509562,50.0,60.00574879956868,0.4605911330049261,0.43842364532019706,0.6945812807881774,0.8817733990147784,C,C,B-,B+,valmontindustriesinc
TBBK,Bancorp Inc,Financials,Regional Banks,60.49,10.8671,4.64103,10.3363,3.714255890064411,16.07,89.12521,30.56,0.5646253999999999,19.72,0.35465318395003753,17.0472,16.07,89.12521,17.0472,0.35465318395003753,30.56,0.5646253999999999,19.72,48.06902532969416,74.71290676058972,90.86294416243655,26.39593908629442,50.0,59.95476154240951,0.44221105527638194,0.8944723618090452,0.9095477386934674,0.24623115577889448,C,B+,A-,D+,bancorpinc
CRS,Carpenter Technology Corp,Industrials,Industrial Machinery & Supplies & Components,458.16,50.206,7.4159,31.2093,12.06884743244596,62.57,2.3,22.99,0.1977,16.82,0.9851201004652422,120.7362,62.57,2.3,120.7362,0.9851201004652422,22.99,0.1977,16.82,12.807881773399012,64.05612712733618,78.89983579638752,96.06746263672036,50.0,59.95164734525794,0.06896551724137931,0.6699507389162561,0.8522167487684729,0.9950738916256158,D-,B-,B+,A+,carpentertechnologycorp
OGE,OGE Energy Corp,Utilities,Multi-Utilities,47.73,20.8216,3.0063,11.1187,1.976405699402482,6.14,9.21,9.89,0.2452,4.45,0.7154712507409597,5.4341,6.14,9.21,5.4341,0.7154712507409597,9.89,0.2452,4.45,65.78785075547334,61.41304347826086,63.76811594202898,51.25,50.0,59.921600370027754,0.7021276595744681,0.6170212765957447,0.6063829787234043,0.46808510638297873,B,B-,B-,C,ogeenergycorp
KEX,Kirby Corp,Industrials,Marine Transportation,142.55,21.3769,2.2472,10.9117,2.2674240122668357,29.1,5.52,10.54,0.1456,8.04,0.8063195599334785,39.4678,29.1,5.52,39.4678,0.8063195599334785,10.54,0.1456,8.04,66.99507389162561,73.7069567436642,46.14121510673235,59.35960591133006,50.0,59.89738478058835,0.7586206896551724,0.812807881773399,0.4236453201970443,0.6108374384236454,B,B+,C,B-,kirbycorp
UNP,Union Pacific Corp,Industrials,Rail Transportation,268.23,22.0558,6.4408,14.5165,8.615561522747422,9.44,1.87,40.38,0.4021,14.530000000000001,0.8974198592650509,25.8114,9.44,1.87,25.8114,0.8974198592650509,40.38,0.29777999999999943,14.530000000000001,47.61904761904762,50.85418120432871,87.4384236453202,54.72263868065967,50.0,59.87973179308963,0.47783251231527096,0.5024630541871922,0.9507389162561576,0.5467980295566502,C,C+,A,C+,unionpacificcorp
AIT,Applied Industrial Technologies Inc,Industrials,Trading Companies & Distributors,315.39,28.6457,2.4331,21.5832,6.47495750289473,6.39,6.14,21.740000000000002,0.10869999999999999,16.619999999999997,0.9895792754187769,42.9109,6.39,6.14,42.9109,0.9872446872909507,21.740000000000002,0.10869999999999999,16.619999999999997,42.692939244663386,59.470025710292674,67.07717569786536,77.3474801061008,50.0,59.80602989891088,0.4014778325123153,0.6108374384236454,0.6995073891625616,0.8177339901477833,C,B-,B-,B+,appliedindustrialtechnologiesinc
CRUS,Cirrus Logic Inc,Information Technology,Semiconductors,167.69,20.461,4.1877,14.7973,4.498025793437909,38.36,7.04,20.13,0.2311,20.13,0.904268545379196,69.8643,38.36,7.04,69.8643,0.904268545379196,20.13,0.2311,20.13,70.20569226945067,55.11277814618332,75.35197869101978,36.87071917808219,50.0,59.78611720497071,0.7449664429530202,0.6174496644295302,0.785234899328859,0.30201342281879195,B,B-,B,C-,cirruslogicinc
NOC,Northrop Grumman Corp,Industrials,Aerospace & Defense,559.6,17.2006,1.8578,11.9237,4.765595060677028,25.98,4.95,28.050000000000004,0.11630000000000001,14.35,0.33206641951462673,14.7945,25.98,4.95,14.7945,0.33206641951462673,28.050000000000004,0.11630000000000001,14.35,71.92118226600985,64.64991131287016,68.9655172413793,32.738649980029294,50.0,59.69938713542717,0.7931034482758621,0.6847290640394089,0.729064039408867,0.3251231527093596,B,B-,B,C-,northropgrummancorp
ANIP,ANI Pharmaceuticals Inc,Health Care,Pharmaceuticals,84.06,24.4094,2.1646,10.9742,3.4981418982184693,,43.78,16.06,0.1258,7.07,0.6391680299135313,19.6243,,43.78,19.6243,0.6391680299135313,16.06,0.1258,7.07,67.77216610549944,71.08636977058029,52.25563909774436,52.230576441102755,50.0,59.67034054314756,0.7777777777777778,0.7925925925925926,0.5037037037037037,0.5111111111111111,B,B,C+,C+,anipharmaceuticalsinc
CVNA,Carvana Co,Consumer Discretionary,Automotive Retail,389.38,60.7086,4.2032,48.5978,24.707009562243414,420.71,48.63,62.849999999999994,0.09179999999999999,18.38,0.5822193658954584,50.4501,308.84999999999906,22.8195,50.4501,0.5822193658954584,62.849999999999994,0.09179999999999999,18.38,10.018018018018019,98.573147010647,70.27027027027027,74.33251433251434,50.0,59.65320434070435,0.03333333333333333,1.0,0.7533333333333333,0.78,F,A+,B,B,carvanaco
AIZ,Assurant Inc,Financials,Multi-line Insurance,236.61,13.1627,0.8962,8.1956,2.006523044358737,18.42,7.92,15.61,0.0934,11.28,0.8458298565581914,19.6087,18.42,7.92,19.6087,0.8458298565581914,15.61,0.0934,11.28,49.434992219983165,57.03364757336861,66.49746192893402,71.15623237450649,50.0,59.62108952680431,0.4723618090452261,0.6231155778894473,0.6683417085427136,0.7587939698492462,C,B-,B-,B,assurantinc
MTB,M&T Bank Corp,Financials,Regional Banks,217.42,11.0072,2.1162,12.714,1.1314158621985226,19.4,86.15662,10.25,0.4064285,6.660000000000001,0.6763161841907902,26.0041,19.4,86.15662,26.0041,0.6763161841907902,10.25,0.4064285,6.660000000000001,76.50562456954825,79.5489388746453,39.59390862944163,48.036857205914814,50.0,59.54204251585949,0.8894472361809045,0.9396984924623115,0.39195979899497485,0.48743718592964824,B+,A,C-,C,mtbankcorp
SEIC,SEI Investments Co,Financials,Asset Management & Custody Banks,91.17,14.954,4.6618,12.6292,4.55264984494924,27.6,9.37,30.64,0.31829999999999997,30.54,0.8522245762711869,14.1766,27.6,9.37,14.1766,0.8522245762711869,30.64,0.31829999999999997,25.073999999999998,30.21452439864296,62.32535113774453,91.37055837563452,58.380586851553794,50.0,59.53745829142903,0.23618090452261306,0.7537688442211056,0.914572864321608,0.6331658291457286,D+,B,A-,B-,seiinvestmentsco
FSS,Federal Signal Corp,Industrials,Construction Machinery & Heavy Transportation Equipment,124.62,29.8341,3.374,22.0126,5.491585473870682,14.4,17.14,19.09,0.1563,15.190000000000001,0.8253800675675679,42.7164,14.4,17.14,42.7164,0.8253800675675679,19.09,0.1563,15.190000000000001,37.43842364532019,81.0919459973965,69.78653530377669,57.48917748917749,50.0,59.52246443458901,0.31527093596059114,0.896551724137931,0.7536945812807881,0.5763546798029556,C-,B+,B,C+,federalsignalcorp
IBP,Installed Building Products Inc,Consumer Discretionary,Homebuilding,299.47,29.2832,2.616,19.4117,11.379466270467043,6.83,1.0,39.12,0.1301,16.96,0.7500618159247916,80.8721,6.83,1.0,80.8721,0.7500618159247916,39.12,0.1301,16.96,25.417417417417415,59.733239733239735,71.39639639639638,91.83011583011583,50.0,59.51612456612456,0.22666666666666666,0.6266666666666667,0.76,0.9466666666666667,D+,B-,B,A,installedbuildingproductsinc
AMGN,Amgen Inc,Health Care,Biotechnology,331.11,22.5118,4.7177,14.7251,20.60551372207356,31.27,9.07,89.41,0.28800000000000003,12.11,0.5365778530725397,22.4338,31.27,9.07,22.4338,0.5365778530725397,89.41,0.28800000000000003,12.11,54.0628507295174,54.80876103301733,82.70676691729324,46.56423667865316,50.0,59.467003954036755,0.6074074074074074,0.6222222222222222,0.8740740740740741,0.4222222222222222,B-,B-,B+,C,amgeninc
EZPW,EZCORP Inc,Financials,Consumer Finance,33.44,16.8775,1.5524,10.5555,1.9856067263615418,43.71,13.06,12.479999999999999,0.12560000000000002,8.04,0.9721435316336164,126.8657,43.71,13.06,69.07595999999998,0.9634865652761514,12.479999999999999,0.12560000000000002,8.04,38.641175420248445,62.67805212525498,53.299492385786806,94.67620366097525,50.0,59.45601810875486,0.3165829145728643,0.7587939698492462,0.5376884422110553,0.9773869346733668,C-,B,C+,A+,ezcorpinc
WAL,Western Alliance Bancorp,Financials,Regional Banks,83.33,9.3443,2.03505,12.2303,1.1923977311102334,17.72,69.87056,12.790000000000001,0.41207459999999996,8.23,0.5575362088174438,17.1517,17.72,69.87056,17.1517,0.5575362088174438,12.790000000000001,0.41207459999999996,8.23,79.74134632553631,71.75184638475294,54.82233502538071,32.090046347384686,50.0,59.40929888415678,0.9195979899497487,0.8793969849246231,0.5527638190954773,0.2964824120603015,A-,B+,C+,D+,westernalliancebancorp
AMP,Ameriprise Financial Inc,Financials,Asset Management & Custody Banks,475.29,11.0665,2.2315,11.9454,6.623429288910505,36.78,6.82,61.59,0.3195,8.459999999999999,0.4140521085987015,-0.0778,36.78,6.82,-0.0778,0.4140521085987015,40.43599999999994,0.3195,8.459999999999999,43.00563732367421,62.77296077834545,97.71573604060913,33.36387272502167,50.0,59.40771004174426,0.3768844221105528,0.7638190954773869,0.9773869346733668,0.3165829145728643,C-,B,A+,C-,ameriprisefinancialinc
CENT,Central Garden & Pet Co,Consumer Staples,Household Products,36.83,13.5328,0.6818,9.6906,1.4625119625774836,35.0,-4.11,9.9,0.07719999999999999,5.63,0.6457246777385215,6.5991,35.0,-4.11,6.5991,0.6457246777385215,9.9,0.07719999999999999,5.63,77.12066905615292,51.612903225806456,37.634408602150536,76.86318131256951,50.0,59.383986322251054,0.8888888888888888,0.5238095238095238,0.29365079365079366,0.746031746031746,B+,C+,D+,B,centralgardenpetco
HFWA,Heritage Financial Corp,Health Care,Regional Banks,27.46,15.1978,2.30429,13.2636,1.0120815857173395,37.75,30.89696,7.580000000000001,0.3585707,7.41,0.8015665796344648,17.0566,37.75,30.89696,17.0566,0.8015665796344648,7.580000000000001,0.3585707,7.41,71.89113355780022,57.86263411337332,61.15288220551378,47.40601503759398,50.0,59.31473377102196,0.837037037037037,0.6666666666666666,0.6370370370370371,0.42962962962962964,B+,B-,B-,C,heritagefinancialcorp
BJRI,BJ's Restaurants Inc,Consumer Discretionary,Restaurants,40.05,16.3994,0.5721,6.7028,2.3092091607278764,215.12,3.08,13.19,0.0331,10.84,0.6244612068965515,7.4879,215.12,3.08,7.4879,0.6244612068965515,13.19,0.0331,10.84,77.5135135135135,63.87724623018741,36.03603603603604,65.73926868044514,50.0,59.310690369513885,0.84,0.68,0.3566666666666667,0.66,B+,B-,C-,B-,bjsrestaurantsinc
MS,Morgan Stanley,Financials,Investment Banking & Brokerage,193.35,16.7363,2.4511,40.3337,2.741514915627698,28.42,12.28,15.45,0.1894,1.78,0.9809327492914195,63.399,28.42,12.28,63.399,0.9634865652761514,15.45,0.1894,1.78,31.529474785092976,59.27674997199048,65.98984771573603,90.20795808089078,50.0,59.2767722357835,0.25125628140703515,0.678391959798995,0.6633165829145728,0.9346733668341709,D+,B-,B-,A,morganstanley
BRC,Brady Corp,Industrials,Commercial Printing,80.74,18.6806,2.4299,12.4098,3.1876253493991125,6.41,10.47,16.6,0.1635,15.36,0.44683072334079027,12.8915,6.41,10.47,12.8915,0.44683072334079027,16.6,0.1635,15.36,65.51724137931035,65.2296958828025,67.48768472906404,39.76073187895848,50.0,59.2493170794458,0.7487684729064039,0.6945812807881774,0.7093596059113301,0.3793103448275862,B,B-,B,C-,bradycorp
AOS,A O Smith Corp,Industrials,Building Products,61.06,15.8695,2.1965,11.0776,4.552978897919618,4.86,0.23,28.42,0.1807,24.3,0.12028482390897151,-9.5005,4.86,0.23,-9.5005,0.12028482390897151,28.42,0.1807,24.3,72.08538587848932,50.972978423069165,84.07224958949097,24.9598133264195,50.0,59.225967216892805,0.7980295566502463,0.5172413793103449,0.9088669950738916,0.20689655172413793,B,C+,A-,D+,aosmithcorp
PBI,Pitney Bowes Inc,Industrials,Office Services & Supplies,15.03,14.9096,1.1399,9.5314,43.127690100430414,58.9,-28.29,5.27,0.1553,0.13,0.8711484593837535,66.0773,58.9,-13.184999999999995,66.0773,0.8711484593837535,5.27,0.1553,0.13,82.92282430213464,49.37402228225364,30.54187192118226,79.82266009852216,50.0,59.20551053198439,0.896551724137931,0.458128078817734,0.2413793103448276,0.8325123152709359,B+,C,D+,B+,pitneybowesinc
SANM,Sanmina Corp,Information Technology,Electronic Manufacturing Services,238.55,51.8666,1.2821,30.0156,5.4120828635147795,2.17,20.93,9.86,0.0365,7.41,0.9987917841320983,203.1131,2.17,20.93,203.1131,0.9977894488000338,9.86,0.0365,7.41,60.0438105891126,59.96523343266638,39.46283612379503,86.57365127684761,50.0,59.18443862012971,0.6375838926174496,0.6711409395973155,0.3691275167785235,0.9463087248322147,B-,B-,C-,A,sanminacorp
CTS,CTS Corp,Information Technology,Electronic Manufacturing Services,60.0,24.8571,2.9993,13.2361,3.1270847231487657,15.91,4.95,11.940000000000001,0.1527,10.41,0.9979188345473466,54.321,15.91,4.95,54.321,0.9977894488000338,11.940000000000001,0.1527,10.41,73.18388018891373,45.47502483326238,57.36301369863014,62.25266362252663,50.0,59.182261163043776,0.7785234899328859,0.38926174496644295,0.6174496644295302,0.6040268456375839,B,C-,B-,B-,ctscorp
WAFD,WaFd Inc,Financials,Regional Banks,35.64,10.6777,2.34917,8.8946,0.9167633418133084,15.2,56.51548,8.36,0.43785110000000005,8.219999999999999,0.9613601236476044,25.5372,15.2,56.51548,25.5372,0.9613601236476044,8.36,0.43785110000000005,8.219999999999999,86.38624595056501,58.05954765044714,25.12690355329949,73.11851688369015,50.0,59.11390028279358,0.964824120603015,0.6482412060301508,0.24874371859296482,0.7638190954773869,A,B-,D+,B,wafdinc
ENSG,Ensign Group Inc,Health Care,Health Care Facilities,175.93,30.7765,2.093,18.8142,4.578922848286255,14.27,18.72,16.59,0.08410000000000001,15.509999999999998,0.5224267577238135,31.7236,14.27,18.72,31.7236,0.5224267577238135,16.59,0.08410000000000001,15.509999999999998,50.19079685746353,68.48198081410422,58.14536340852131,66.59061446720249,50.0,59.09855912275755,0.5037037037037037,0.7777777777777778,0.5888888888888889,0.6814814814814815,C+,B,C+,B-,ensigngroupinc
EXP,Eagle Materials Inc,Materials,Construction Materials,217.06,15.5165,2.9021,10.9129,4.913260779023233,-5.47,1.44,28.78,0.2368,14.860000000000001,0.6290300069783672,-5.794,-5.47,1.44,-5.794,0.6290300069783672,28.78,0.23417999999999997,14.860000000000001,56.92307692307693,44.23758865248227,95.12820512820512,36.15384615384616,50.0,59.0911074740862,0.676923076923077,0.36923076923076925,1.0,0.3076923076923077,B-,C-,A+,C-,eaglematerialsinc
WSFS,WSFS Financial Corp,Financials,Regional Banks,72.11,12.9941,2.33073,10.2789,1.4063520853445668,15.55,54.50711,10.6,0.381658,9.64,0.9589544178008208,35.4127,15.55,54.50711,35.4127,0.9589544178008208,10.6,0.381658,9.64,59.58217483355865,57.566507327002284,42.13197969543147,85.3818141690576,50.0,59.018202931459506,0.6030150753768844,0.6381909547738693,0.41708542713567837,0.8793969849246231,B-,B-,C,B+,wsfsfinancialcorp
OSK,Oshkosh Corp,Industrials,Construction Machinery & Heavy Transportation Equipment,156.71,14.9314,0.9269,10.2204,2.164969247517421,-3.18,-3.1,14.57,0.0901,11.23,0.7441635287789133,77.555,-3.18,-3.1,77.555,0.7441635287789133,14.57,0.0901,11.23,83.2512315270936,34.914294702948766,49.17898193760263,69.52978056426332,50.0,58.99636841961647,0.9039408866995073,0.2660098522167488,0.5024630541871922,0.7192118226600985,A-,D+,C+,B,oshkoshcorp
VTOL,Bristow Group Inc,Energy,Oil & Gas Equipment & Services,43.16,11.0591,0.9577,8.0244,1.1883292630210986,34.98,5.3,12.870000000000001,0.1065,7.630000000000001,0.6972746331236895,46.3547,34.98,5.3,46.3547,0.6972746331236895,12.870000000000001,0.1065,7.630000000000001,75.08818342151676,74.16503747148909,51.85185185185185,37.083333333333336,50.0,58.98468297930664,0.875,0.8571428571428571,0.48214285714285715,0.2857142857142857,B+,B+,C,D+,bristowgroupinc
R,Ryder System Inc,Industrials,Cargo Ground Transportation,241.56,18.3658,0.7166,5.965,3.1197975928635726,4.84,-0.07,16.36,0.0795,4.6,0.8537280885683134,70.0289,4.84,-0.07,70.0289,0.8537280885683134,16.36,0.0795,4.6,88.83415435139574,47.201255363101865,35.79638752052546,66.85714285714286,50.0,58.96931511202924,0.9507389162561576,0.4236453201970443,0.2955665024630542,0.6847290640394089,A,C,D+,B-,rydersysteminc
VNT,Vontier Corp,Information Technology,Electronic Equipment & Instruments,35.04,12.2178,1.6132,10.2256,4.004754503062998,0.48,3.24,34.02,0.1837,12.35,0.13077939233817681,4.816,0.48,3.24,4.816,0.13077939233817681,34.02,0.1837,12.35,89.60819040517026,33.45648604269294,72.83422120750889,33.25208628562431,50.0,58.95231736883324,0.9261744966442953,0.21476510067114093,0.738255033557047,0.2684563758389262,A-,D+,B,D+,vontiercorp
SNA,Snap-On Inc,Industrials,Industrial Machinery & Supplies & Components,386.32,19.3899,3.7965,13.4979,3.377941774398748,2.51,4.15,17.49,0.2548,14.530000000000001,0.8530183727034121,24.0511,2.51,4.15,24.0511,0.8530183727034121,17.49,0.2548,14.530000000000001,57.63546798029557,52.784788472464044,74.63054187192118,51.28329297820824,50.0,58.88011875318865,0.645320197044335,0.541871921182266,0.7980295566502463,0.5073891625615764,B-,C+,B,C+,snaponinc
AAMI,Acadian Asset Management Inc,Financials,Asset Management & Custody Banks,67.89,30.3151,4.3023,17.1881,39.98233215547703,-1.05,11.49,285.59999999999997,0.23190000000000002,24.33,0.9525464349910125,134.5888,-1.05,11.49,69.07595999999998,0.9525464349910125,40.43599999999994,0.23190000000000002,24.33,7.288982985995974,43.12639111706271,97.71573604060913,94.86566794601956,50.0,58.84959156926773,0.035175879396984924,0.3768844221105528,0.9773869346733668,0.9849246231155779,F,C-,A+,A+,acadianassetmanagementinc
OGS,ONE Gas Inc,Utilities,Gas Utilities,86.0,20.9663,2.2822,11.3917,1.5672524424535883,11.81,16.5,8.14,0.1885,4.03,0.759919638372677,6.3435,11.81,16.5,6.3435,0.759919638372677,8.14,0.1885,4.03,70.0277520814061,75.96618357487922,40.57971014492754,54.88294314381271,50.0,58.8216909003218,0.7446808510638298,0.8723404255319149,0.39361702127659576,0.5531914893617021,B,B+,C-,C+,onegasinc
ANDE,Andersons Inc,Consumer Staples,Food Distributors,68.23,23.6523,0.2056,9.6531,1.854922899584593,-16.73,-2.21,7.4399999999999995,1.0,4.55,0.7282693813625686,95.2776,-16.73,-2.21,83.45926999999998,0.7282693813625686,7.4399999999999995,0.42225999999999975,4.55,73.42549923195084,24.387096774193548,50.26881720430108,90.01290322580645,50.0,58.80357910906298,0.8253968253968254,0.1111111111111111,0.47619047619047616,0.9047619047619048,B+,D,C,A-,andersonsinc
JBHT,J B Hunt Transport Services Inc,Industrials,Cargo Ground Transportation,246.05,36.6472,1.8788,14.9838,6.528620591754914,17.3,0.58,17.299999999999997,0.0736,12.15,0.919641440583849,88.011,17.3,0.58,88.011,0.919641440583849,17.299999999999997,0.0736,12.15,49.58949096880132,60.9025901795646,49.67159277504104,83.9047619047619,50.0,58.776741352825894,0.5123152709359606,0.6551724137931034,0.5073891625615764,0.8719211822660099,C+,B-,C+,B+,jbhunttransportservicesinc
TTMI,TTM Technologies Inc,Information Technology,Electronic Manufacturing Services,164.64,84.9786,5.4921,60.3151,9.658287625025663,241.37,24.12,10.61,0.0974,6.81,0.901342411201747,555.1532,241.37,24.12,486.1248599999999,0.901342411201747,10.61,0.0974,6.81,34.97856077554064,92.16865332765717,44.820205479452056,76.83959073228479,50.0,58.75134037573657,0.31543624161073824,0.9865771812080537,0.4429530201342282,0.8523489932885906,C-,A+,C,B+,ttmtechnologiesinc
PBF,PBF Energy Inc,Energy,Oil & Gas Refining & Marketing,41.59,11.3305,0.1658,5.1128,0.9142608424213515,,-4.33,8.35,0.025099999999999997,5.6899999999999995,0.6943722943722944,121.9317,,-4.33,121.9317,0.6943722943722944,8.35,0.025099999999999997,5.6899999999999995,88.53615520282187,45.299145299145295,32.098765432098766,72.5925925925926,50.0,58.73707773707774,1.0,0.42857142857142855,0.30357142857142855,0.75,A+,C,C-,B,pbfenergyinc
NWN,Northwest Natural Holding Co,Utilities,Gas Utilities,48.66,18.0695,1.5881,10.4265,1.3711059014471842,37.23,11.83,7.779999999999999,0.21789999999999998,2.91,0.5660153937240968,11.5288,37.23,11.83,11.5288,0.5660153937240968,7.779999999999999,0.21789999999999998,2.91,84.25840271353685,75.2415458937198,30.434782608695652,49.96655518394648,50.0,58.71491654609139,0.9148936170212766,0.851063829787234,0.23404255319148937,0.425531914893617,A-,B+,D+,C,northwestnaturalholdingco
GRBK,Green Brick Partners Inc,Consumer Discretionary,Homebuilding,66.82,9.4175,1.4057,7.1622,1.5530288944256443,-16.14,-0.02,17.7,0.19510000000000002,14.729999999999999,0.41342044281574747,13.5043,-16.14,-0.02,13.5043,0.41342044281574747,17.7,0.19510000000000002,14.729999999999999,74.61561561561562,43.83292383292383,67.56756756756756,46.96525096525096,50.0,58.70543075543076,0.8066666666666666,0.38,0.6933333333333334,0.44,B+,C-,B-,C,greenbrickpartnersinc
BRBR,Bellring Brands Inc,Consumer Staples,Packaged Foods & Meats,11.1,7.1131,0.5608,7.1726,,-31.29,10.59,23.66314,0.1381,29.95204,0.030608102622391817,-82.5334,-31.29,10.59,-40.711785,0.03424629448836479,23.66314,0.1381,29.728437999999983,87.26745178358082,58.21812596006144,75.0,7.447004608294931,50.0,58.69988905956648,0.9841269841269841,0.6031746031746031,0.8333333333333334,0.015873015873015872,A+,B-,B+,F,bellringbrandsinc
LMAT,LeMaitre Vascular Inc,Health Care,Health Care Equipment,110.22,41.4139,9.5792,34.4145,6.378398398166688,27.88,13.53,15.58,0.2721,10.71,0.8035804336863337,34.2673,27.88,13.53,34.2673,0.8035804336863337,15.58,0.2721,10.71,23.866442199775534,66.5047233468286,69.92481203007519,84.37593984962407,50.0,58.62394619675322,0.17777777777777778,0.7481481481481481,0.6962962962962963,0.8814814814814815,D,B,B-,B+,lemaitrevascularinc
ACIW,ACI Worldwide Inc,Information Technology,Application Software,43.27,19.5218,2.5144,11.9132,2.925684767101429,13.29,10.38,15.43,0.1869,9.74,0.2998189186858673,-20.5034,13.29,10.38,-20.5034,0.2998189186858673,15.43,0.1869,9.74,80.381556052697,43.88200048911715,61.94824961948249,46.09817351598174,50.0,58.57848621906465,0.8657718120805369,0.3691275167785235,0.6577181208053692,0.40268456375838924,B+,C-,B-,C,aciworldwideinc
NDSN,Nordson Corp,Industrials,Industrial Machinery & Supplies & Components,286.94,30.3773,5.585,19.9024,5.271996354763795,17.82,6.5,17.299999999999997,0.259,10.22,0.8437686344663091,52.2713,17.82,6.5,52.2713,0.8437686344663091,17.299999999999997,0.259,10.22,32.01970443349754,75.09587902717746,69.04761904761905,66.43399849711949,50.0,58.57280637513854,0.2561576354679803,0.8472906403940886,0.7339901477832512,0.6650246305418719,D+,B+,B,B-,nordsoncorp
AVGO,Broadcom Inc,Information Technology,Semiconductors,425.44,80.1758,29.3218,66.9895,24.811916064992477,147.22,25.22,32.85,0.4077,17.630000000000003,0.9493670886075949,112.6243,147.22,25.22,112.6243,0.9493670886075949,32.85,0.4077,17.630000000000003,20.853529704200845,83.70926048727773,84.28779807204465,52.67028158295281,50.0,58.56124035810748,0.15436241610738255,0.9328859060402684,0.8657718120805369,0.5100671140939598,D,A,B+,C+,broadcominc
KTB,Kontoor Brands Inc,Consumer Discretionary,"Apparel, Accessories & Luxury Goods",74.94,18.2049,1.3135,13.0728,7.328521973830898,-6.73,20.9,45.050000000000004,0.10679999999999999,13.77,0.6394618834080718,15.9703,-6.73,20.9,15.9703,0.6394618834080718,45.050000000000004,0.10679999999999999,13.77,50.627627627627625,71.71706338373005,65.76576576576576,50.50193050193051,50.0,58.54214712548046,0.5333333333333333,0.78,0.6633333333333333,0.48,C+,B,B-,C,kontoorbrandsinc
STRL,Sterling Infrastructure Inc,Industrials,Construction & Engineering,886.22,60.6083,7.0624,40.8452,24.52918968590503,13.14,17.69,30.17,0.163,23.02,0.9962185746935384,415.394,13.14,17.69,148.74396999999996,0.9872446872909507,30.17,0.163,23.02,9.688013136289,59.45221321750799,82.10180623973729,93.35385878489328,50.0,58.508669244486825,0.03940886699507389,0.6059113300492611,0.8916256157635468,0.9630541871921182,F,B-,B+,A,sterlinginfrastructureinc
YUM,Yum! Brands Inc,Consumer Discretionary,Restaurants,156.02,28.159,5.3452,19.8205,71.93176579068695,6.52,8.8,117.63999999999999,0.3134,26.46,0.5829694323144109,5.2199,6.52,8.8,5.2199,0.5829694323144109,117.63999999999999,0.26367000000000007,26.46,19.192192192192195,66.92681986799633,92.45495495495497,61.049284578696344,50.0,58.507007676125326,0.11333333333333333,0.7266666666666667,1.0,0.5666666666666667,D,B,A+,C+,yumbrandsinc
COKE,Coca-Cola Consolidated Inc,Consumer Staples,Soft Drinks & Non-alcoholic Beverages,210.52,24.5593,1.9387,16.3444,11.603373201785812,-86.84,4.76,39.61,0.1133,18.35,0.9202202027263195,79.3186,-50.6275,4.76,79.3186,0.9202202027263195,39.61,0.1133,18.35,37.753882915173236,33.134209478295496,74.19354838709678,94.26523297491039,50.0,58.466746316208685,0.3492063492063492,0.25396825396825395,0.8095238095238095,0.9523809523809523,C-,D+,B+,A,cocacolaconsolidatedinc
ANET,Arista Networks Inc,Information Technology,Communications Equipment,147.06,51.8354,19.8616,43.6428,14.93722829399098,23.51,30.57,30.580000000000002,0.4279,30.580000000000002,0.6624742268041237,62.0139,23.51,30.57,62.0139,0.6624742268041237,30.580000000000002,0.4259,30.580000000000002,29.247452150136713,76.18748289545704,87.62683916793507,44.99215182648402,50.0,58.45449977390616,0.26174496644295303,0.8859060402684564,0.912751677852349,0.38926174496644295,D+,B+,A-,C-,aristanetworksinc
HAFC,Hanmi Financial Corp,Financials,Regional Banks,30.42,11.6308,1.8749,9.1266,1.1419047511796303,22.37,43.94988,9.85,0.4678737,8.42,0.9041095890410963,31.0642,22.37,43.94988,31.0642,0.9041095890410963,9.85,0.4678737,8.42,72.22661531005281,55.16355905798605,38.07106598984771,74.18340322224675,50.0,58.44381278102169,0.8391959798994975,0.5728643216080402,0.3768844221105528,0.7839195979899497,B+,C+,C-,B,hanmifinancialcorp
NBIX,Neurocrine Biosciences Inc,Health Care,Biotechnology,147.02,30.1704,5.0479,21.2782,4.523901103127837,41.66,21.45,16.669999999999998,0.2164,16.669999999999998,0.7044025157232706,23.6293,41.66,21.45,23.6293,0.7044025157232706,16.669999999999998,0.2164,16.669999999999998,36.79573512906847,76.55442955214122,72.68170426065163,53.811703170970915,50.0,58.44258639205245,0.3111111111111111,0.8888888888888888,0.7703703703703704,0.5333333333333333,C-,B+,B,C+,neurocrinebiosciencesinc
BHF,Brighthouse Financial Inc,Financials,Life & Health Insurance,62.57,8.2633,0.5288,2.1502,0.5285467624926931,13.91,43.23,7.199999999999999,0.0925,4.72,0.8450123660346249,9.026,13.91,43.23,9.026,0.8450123660346249,7.199999999999999,0.0925,4.72,96.4773104099176,64.78984671462871,18.781725888324875,58.337125853317005,50.0,58.44015358814976,0.9949748743718593,0.7989949748743719,0.18592964824120603,0.628140703517588,A+,B,D,B-,brighthousefinancialinc
TRMK,Trustmark Corp,Financials,Regional Banks,44.915,11.8,1.83041,11.0062,1.2492664054003688,2.02,75.48011,10.77,0.133748,7.3999999999999995,0.9146825396825394,30.1507,2.02,75.48011,30.1507,0.9146825396825394,10.77,0.133748,7.3999999999999995,66.90942019743386,54.01199600339699,44.16243654822335,74.16133303906423,50.0,58.40262999490655,0.7386934673366834,0.542713567839196,0.4371859296482412,0.7788944723618091,B,C+,C,B,trustmarkcorp
ABCB,Ameris Bancorp,Financials,Regional Banks,87.26,14.1488,2.70304,10.6061,1.4562288578966955,15.53,52.9989,10.41,0.3410664,9.76,0.974896836313618,46.2867,15.53,52.9989,46.2867,0.9634865652761514,10.41,0.3410664,9.76,53.79307706042904,53.78813172436819,41.11675126903553,94.40300154491283,50.0,58.36568373622235,0.542713567839196,0.5326633165829145,0.40703517587939697,0.9698492462311558,C+,C+,C,A,amerisbancorp
MC,Moelis & Co,Financials,Investment Banking & Brokerage,63.8,21.8817,3.3618,13.6648,8.710967900492893,66.96,26.98,44.3,0.18059999999999998,44.3,0.46913780278536743,21.7093,66.96,26.98,21.7093,0.46913780278536743,40.43599999999994,0.18059999999999998,25.073999999999998,14.844527204550673,78.76016567403332,97.71573604060913,46.80203045685279,50.0,58.252505037467174,0.07537688442211055,0.9346733668341709,0.9773869346733668,0.4723618090452261,D-,A,A+,C,moelisco
RAMP,Liveramp Holdings Inc,Information Technology,Application Software,29.44,27.0222,2.3359,19.6168,2.029630957387402,352633.33,9.18,7.23,0.0712,7.23,0.5730170496664195,10.2209,252.97,9.18,10.2209,0.5730170496664195,7.23,0.0712,7.23,69.1632488192891,64.41793021928751,38.48617453069508,67.27077625570776,50.0,58.2500971324951,0.7248322147651006,0.697986577181208,0.348993288590604,0.6778523489932886,B,B-,C-,B-,liverampholdingsinc
LQDT,Liquidity Services Inc,Industrials,Diversified Support Services,37.22,37.3997,2.3414,19.7312,5.617858813940501,21.77,14.78,14.46,0.0785,14.46,0.9718749999999998,16.8603,21.77,14.78,16.8603,0.9718749999999998,14.46,0.0785,14.46,38.916256157635466,84.53933489317632,49.83579638752053,70.2768812638016,50.0,58.15125636768458,0.33497536945812806,0.9408866995073891,0.5172413793103449,0.7241379310344828,C-,A,C+,B,liquidityservicesinc
WLY,John Wiley & Sons Inc,Communication Services,Publishing,40.67,13.6412,1.26,10.1889,2.8868950439387273,282.11,-1.9,20.75,0.1352,9.83,0.712050984936269,-8.5245,282.11,-1.9,-8.5245,0.712050984936269,20.75,0.1352,9.83,62.794612794612796,60.028860028860024,64.1711229946524,47.009803921568626,50.0,58.14916673740204,0.6388888888888888,0.5833333333333334,0.6944444444444444,0.3611111111111111,B-,C+,B-,C-,johnwileysonsinc
HCC,Warrior Met Coal Inc,Materials,Steel,87.54,33.6149,3.1472,13.8635,2.1490752151775676,29.59,11.13,6.4399999999999995,0.09699999999999999,5.76,0.7241459446897515,83.9076,29.59,11.13,83.9076,0.7241459446897515,6.4399999999999995,0.09699999999999999,5.76,39.99999999999999,82.37626276877927,49.23076923076923,71.6710875331565,50.0,58.117162368079455,0.36923076923076925,0.8923076923076924,0.4461538461538462,0.7538461538461538,C-,B+,C,B,warriormetcoalinc
ACAD,ACADIA Pharmaceuticals Inc,Health Care,Pharmaceuticals,21.48,9.9016,4.6803,28.2438,2.9805183992895596,117.79,-13.64,41.9,0.10339999999999999,41.9,0.5057553956834533,47.7304,117.79,-7.193999999999999,47.7304,0.5057553956834533,41.9,0.10339999999999999,29.947999999999997,50.80808080808081,43.481781376518214,75.68922305764411,63.778677462887984,50.0,58.07641773431247,0.5259259259259259,0.4,0.7925925925925926,0.6592592592592592,C+,C-,B,B-,acadiapharmaceuticalsinc
ACT,Enact Holdings Inc,Financials,Commercial & Residential Mortgage Finance,43.06,9.0168,4.9194,6.8679,1.1434762634403606,3.47,2.83,12.83,0.7354,11.24,0.8397775301798364,18.819,3.47,2.83,18.819,0.8397775301798364,12.83,0.6017721949999999,11.24,82.27431574114226,28.92320939622335,55.32994923857868,64.41866086536137,50.0,58.06944029724718,0.9396984924623115,0.18592964824120603,0.5577889447236181,0.6834170854271356,A,D,C+,B-,enactholdingsinc
HMN,Horace Mann Educators Corp,Financials,Multi-line Insurance,45.65,11.2669,1.068,9.4235,1.2518407406290193,57.19,7.59,11.52,0.1402,7.95,0.6771273385636689,9.7092,57.19,7.59,9.7092,0.6771273385636689,11.52,0.1402,7.95,70.42445731194042,67.72413849430222,47.20812182741117,50.49069373942471,50.0,58.05111123158328,0.7889447236180904,0.8442211055276382,0.46733668341708545,0.5175879396984925,B,B+,C,C+,horacemanneducatorscorp
WWD,Woodward Inc,Industrials,Electrical Components & Equipment,382.42,44.3887,5.7229,32.1913,8.925745601546053,32.85,14.52,19.63,0.14859999999999998,14.59,0.8851083879164194,95.0326,32.85,14.52,95.0326,0.8851083879164194,19.63,0.14859999999999998,14.59,16.42036124794745,87.64500238360083,67.81609195402298,72.04597701149424,50.0,57.997309179511625,0.09852216748768473,0.9655172413793104,0.7192118226600985,0.7389162561576355,D-,A,B,B,woodwardinc
NSC,Norfolk Southern Corp,Industrials,Rail Transportation,317.25,24.6823,5.822,14.8318,4.579501444221023,10.17,0.47,19.16,0.3576,8.93,0.941891378655526,45.1082,10.17,0.47,45.1082,0.941891378655526,19.16,0.29777999999999943,8.93,45.15599343185551,49.4136572266862,70.44334975369458,71.06446776611693,50.0,57.99546079494815,0.43349753694581283,0.4630541871921182,0.7586206896551724,0.729064039408867,C,C,B,B,norfolksoutherncorp
CW,Curtiss-Wright Corp,Industrials,Aerospace & Defense,742.89,55.7157,7.7119,34.9829,10.807826432321786,21.95,12.08,18.740000000000002,0.18109999999999998,13.66,0.9846083350274241,104.4895,21.95,12.08,104.4895,0.9846083350274241,18.740000000000002,0.18109999999999998,13.66,10.837438423645317,70.38057444064118,69.62233169129722,93.9049394221808,50.0,57.97204530130003,0.054187192118226604,0.7536945812807881,0.7463054187192119,0.9753694581280788,D-,B,B,A+,curtisswrightcorp
FFBC,First Financial Bancorp,Financials,Regional Banks,30.67,12.3834,2.27169,10.421,1.0911600735741451,10.28,66.57654,9.77,0.3827952,8.52,0.915976331360947,29.1912,10.28,66.57654,29.1912,0.915976331360947,9.77,0.3827952,8.52,71.74706017396628,56.493674626216645,36.04060913705584,73.20348708894284,50.0,57.886349670787425,0.8190954773869347,0.6080402010050251,0.35678391959798994,0.7738693467336684,B+,B-,C-,B,firstfinancialbancorp
USFD,US Foods Holding Corp,Consumer Staples,Food Distributors,92.05,30.1725,0.5174,15.4496,4.7125618827721425,45.9,4.08,15.010000000000002,0.0304,7.02,0.7161362996339059,37.3061,45.9,4.08,37.3061,0.7161362996339059,15.010000000000002,0.0304,7.02,52.60283324799454,75.93548387096774,34.40860215053763,79.69032258064517,50.0,57.87802013995562,0.5555555555555556,0.8253968253968254,0.2698412698412698,0.7936507936507936,C+,B+,D+,B,usfoodsholdingcorp
IDXX,IDEXX Laboratories Inc,Health Care,Health Care Equipment,579.23,43.267,10.6512,30.8976,28.76046435416439,22.64,10.42,69.78,0.316,42.61,0.37454915076398454,22.2752,22.64,10.42,22.2752,0.37454915076398454,69.78,0.316,29.947999999999997,22.396184062850725,60.154810102178516,92.73182957393483,60.291729323308275,50.0,57.87131129429375,0.16296296296296298,0.7037037037037037,0.9925925925925926,0.6296296296296297,D,B,A+,B-,idexxlaboratoriesinc
CINF,Cincinnati Financial Corp,Financials,Property & Casualty Insurance,160.43,10.3824,1.967,11.2327,1.5668920199165133,4.45,11.41,16.13,0.1575,15.290000000000001,0.561886672997784,10.7025,4.45,11.41,10.7025,0.561886672997784,16.13,0.1575,15.290000000000001,66.58163916026835,41.066936319242345,68.52791878172589,54.21854127705049,50.0,57.834485004757134,0.7185929648241206,0.35678391959798994,0.6884422110552764,0.5577889447236181,B,C-,B-,C+,cincinnatifinancialcorp
BURL,Burlington Stores Inc,Consumer Discretionary,Apparel Retail,316.73,32.3042,1.704,15.9017,10.991539363821238,22.08,8.76,39.79,0.0722,17.5,0.7365934148353709,33.6075,22.08,8.76,33.6075,0.7365934148353709,39.79,0.0722,17.5,31.44744744744745,79.06888079301874,62.612612612612615,67.51164958061509,50.0,57.83112108974178,0.24666666666666667,0.8533333333333334,0.6266666666666667,0.6866666666666666,D+,B+,B-,B-,burlingtonstoresinc
FTNT,Fortinet Inc,Information Technology,Systems Software,89.95,35.2504,9.6084,27.8509,54.00780546382468,7.39,14.17,123.64,0.3066,74.3,0.5130659767141009,-16.0444,7.39,14.17,-16.0444,0.5130659767141009,112.17299999999994,0.3066,58.00299999999992,45.32531692766592,46.80862333810053,93.12848807711822,44.245838856974515,50.0,57.824343690211045,0.47651006711409394,0.42953020134228187,0.9664429530201343,0.37583892617449666,C,C,A,C-,fortinetinc
DCOM,Dime Community Bancshares Inc,Financials,Regional Banks,37.19,14.8225,2.11729,12.2009,1.1053484121204915,225.06,42.91451,7.670000000000001,0.4435096,6.45,0.9575113808801212,41.9466,95.98799999999997,42.91451,41.9466,0.9575113808801212,7.670000000000001,0.4435096,6.45,62.696732392929114,67.65212271528664,22.84263959390863,89.3930699624807,50.0,57.7938815322629,0.6482412060301508,0.8391959798994975,0.22613065326633167,0.9296482412060302,B-,B+,D+,A-,dimecommunitybancsharesinc
VRSN,"VeriSign, Inc",Information Technology,Internet Services & Infrastructure,275.76,29.7414,14.8583,22.4971,70.57197696737043,10.41,6.84,113.55,0.6793,62.99,0.6575581458208626,-2.634,10.41,6.84,-2.634,0.6575581458208626,112.17299999999994,0.4259,58.00299999999992,46.760812826249065,42.19881725803765,97.58054287163877,41.10410958904109,50.0,57.745924293887704,0.4899328859060403,0.3288590604026846,0.9966442953020134,0.3422818791946309,C,C-,A+,C-,verisigninc
CTSH,Cognizant Technology Solutions Corp,Information Technology,IT Consulting & Other Services,51.33,10.9479,1.1566,5.8612,1.63749816567028,1.1,6.95,14.84,0.1606,14.280000000000001,0.014356709000552071,-33.8872,1.1,6.95,-33.8872,0.0538779035809368,14.84,0.1606,14.280000000000001,95.27870991797165,43.80473453749316,64.98604769152713,19.51157860404436,50.0,57.7294520306822,0.9731543624161074,0.3624161073825503,0.6778523489932886,0.1342281879194631,A+,C-,B-,D,cognizanttechnologysolutionscorp
VOYA,Voya Financial Inc,Financials,Multi-Sector Holdings,80.46,11.4705,0.9161,7.7285,1.5244439644637446,2.9,1.73,13.83,0.1324,9.569999999999999,0.8531120331950205,33.5657,2.9,1.73,33.5657,0.8531120331950205,13.83,0.1324,9.569999999999999,63.076805346529596,32.025038530957794,59.89847715736041,77.75325535201942,50.0,57.699479402567945,0.6633165829145728,0.24120603015075376,0.6030150753768844,0.8090452261306532,B-,D+,B-,B+,voyafinancialinc
AN,AutoNation Inc,Consumer Discretionary,Automotive Retail,204.77,10.1778,0.2514,11.1074,3.0788360655491225,9.32,1.94,26.700000000000003,0.0443,5.6000000000000005,0.5661157024793392,16.0301,9.32,1.94,16.0301,0.5661157024793392,26.700000000000003,0.0443,5.6000000000000005,80.03303303303305,56.408041564291565,41.21621621621622,55.46273546273545,50.0,57.686467717717726,0.8733333333333333,0.5933333333333334,0.41333333333333333,0.5,B+,C+,C,C,autonationinc
BALL,Ball Corp,Materials,"Metal, Glass & Plastic Containers",59.0,17.3554,1.2027,10.6333,2.888220953798255,-73.82,11.58,16.91,0.10869999999999999,7.359999999999999,0.6040068201193519,14.1641,-61.768,11.58,14.1641,0.6040068201193519,16.91,0.10869999999999999,7.359999999999999,64.6153846153846,49.369203491543914,67.6923076923077,48.65384615384615,50.0,57.68153300600109,0.7538461538461538,0.46153846153846156,0.7076923076923077,0.4461538461538462,B,C,B,C,ballcorp
PR,Permian Resources Corp,Energy,Oil & Gas Exploration & Production,21.21,19.655,3.6288,6.6982,1.725400234283483,-12.26,1.29,9.56,0.23550000000000001,6.890000000000001,0.8672405980969642,77.193,-12.26,1.29,77.193,0.8672405980969642,9.56,0.23550000000000001,6.890000000000001,52.00617283950617,50.41440041440042,53.086419753086425,81.4453477868112,50.0,57.64509778839047,0.5892857142857143,0.5,0.5178571428571429,0.875,C+,C,C+,B+,permianresourcescorp
PSMT,PriceSmart Inc,Consumer Staples,Consumer Staples Merchandise Retail,159.91,30.6111,0.8638,15.2157,3.941543588429002,8.73,8.85,12.23,0.0449,10.8,0.9163839252054585,58.3424,8.73,8.85,58.3424,0.9163839252054585,12.23,0.0449,10.8,45.73306024918927,68.77737953006769,37.634408602150536,90.15531660692949,50.0,57.628406440234386,0.4444444444444444,0.7619047619047619,0.29365079365079366,0.9206349206349206,C,B,D+,A-,pricesmartinc
NEU,NewMarket Corp,Materials,Specialty Chemicals,688.73,15.4151,2.351,10.1241,3.6396852683985816,-12.87,-3.47,24.12,0.1957,16.02,0.36730418328039477,9.4786,-12.87,-3.47,9.4786,0.36730418328039477,24.12,0.1957,15.787999999999997,61.538461538461526,38.03476202664211,91.53846153846155,33.733583489681045,50.0,57.622899872495395,0.7076923076923077,0.2923076923076923,0.9538461538461539,0.27692307692307694,B,D+,A,D+,newmarketcorp
PAYX,Paychex Inc,Industrials,Human Resource & Employment Services,91.38,19.8486,5.129,13.1016,7.980228455653753,-5.65,16.44,40.94,0.3636,18.26,0.07824251220477625,-38.6794,-5.65,16.44,-35.84569,0.07824251220477625,40.94,0.29777999999999943,18.26,54.51559934318555,64.79930047088,92.44663382594418,14.547176960970063,50.0,57.60985377865245,0.5763546798029556,0.6896551724137931,0.9802955665024631,0.10837438423645321,C+,B-,A+,D,paychexinc
BBWI,Bath & Body Works Inc,Consumer Discretionary,Other Specialty Retail,19.2,5.9281,0.5277,4.8096,311.68831168831167,-13.86,-0.22,3138.89,0.15439999999999998,11.92,0.24159921510914886,-35.7215,-13.86,-0.22,-35.7215,0.24159921510914886,170.32750000000001,0.15439999999999998,11.92,90.87087087087087,31.255118755118755,77.13963963963964,21.711711711711708,50.0,57.595993720993725,0.98,0.22,0.83,0.18,A+,D+,B+,D,bathbodyworksinc
PYPL,PayPal Holdings Inc,Financials,Transaction & Payment Processing Services,46.27,8.2409,1.2359,6.4039,2.1015197071407163,19.79,5.79,25.080000000000002,0.17850000000000002,16.27,0.19030214424951272,-32.0059,19.79,5.79,-32.0059,0.19030214424951272,25.080000000000002,0.17850000000000002,16.27,64.49506415325358,52.706874689894704,85.78680203045685,22.331948930933706,50.0,57.57823127009328,0.6834170854271356,0.5175879396984925,0.8592964824120602,0.19095477386934673,B-,C+,B+,D,paypalholdingsinc
SEM,Select Medical Holdings Corp,Health Care,Health Care Facilities,16.43,15.2684,0.3693,8.3725,1.1946658135070676,-52.12,13.28,7.829999999999999,0.0583,3.7600000000000002,0.8951310861423223,13.7024,-52.12,13.28,13.7024,0.8951310861423223,7.829999999999999,0.0583,3.7600000000000002,91.06621773288441,36.2406015037594,35.33834586466165,68.56624319419238,50.0,57.56250983897687,0.9851851851851852,0.2740740740740741,0.3111111111111111,0.725925925925926,A+,D+,C-,B,selectmedicalholdingscorp
GVA,Granite Construction Inc,Industrials,Construction & Engineering,142.38,32.7112,1.3047,15.0543,5.252595308891562,47.93,14.93,16.7,0.06280000000000001,8.14,0.9590688954850803,73.2538,47.93,14.93,73.2538,0.9590688954850803,16.7,0.06280000000000001,8.14,55.829228243021355,73.12339989759344,40.64039408866995,69.03667214012042,50.0,57.5494199904656,0.6059113300492611,0.7980295566502463,0.3522167487684729,0.7142857142857143,B-,B,C-,B,graniteconstructioninc
PEG,Public Service Enterprise Group Inc,Utilities,Electric Utilities,79.35,18.7757,3.2574,14.6762,2.3269521765140584,19.02,18.25,12.6,0.24489999999999998,5.24,0.21960013110455556,-0.4391,19.02,18.25,-0.4391,0.23602080921237534,12.6,0.24489999999999998,5.24,51.27967930928153,88.64114951071474,76.81159420289855,13.890746934225195,50.0,57.52919766703301,0.5319148936170213,0.9574468085106383,0.8936170212765957,0.10638297872340426,C+,A,B+,D,publicserviceenterprisegroupinc
TROW,T Rowe Price Group Inc,Financials,Asset Management & Custody Banks,106.13,10.821,3.06,7.9961,2.1359195945918747,5.66,4.23,19.48,0.3073,19.42,0.6336363636363636,17.713,5.66,4.23,17.713,0.6336363636363636,19.48,0.3073,19.42,57.708593730071684,37.97947471816024,76.6497461928934,56.617556023275974,50.0,57.50899112902852,0.5829145728643216,0.31155778894472363,0.7688442211055276,0.5879396984924623,C+,C-,B,C+,trowepricegroupinc
YETI,Yeti Holdings Inc,Consumer Discretionary,Leisure Products,42.46,18.4327,1.6315,10.6696,4.896669434449672,-17.37,1.56,22.66,0.1143,20.53,0.6312382543328462,55.2468,-17.37,1.56,55.2468,0.6312382543328462,22.66,0.1143,20.53,54.72972972972973,35.7544421892248,66.44144144144144,75.24324324324324,50.0,57.4923298792864,0.6,0.28,0.6733333333333333,0.8,C+,D+,B-,B,yetiholdingsinc
CBRE,CBRE Group Inc,Real Estate,Real Estate Services,145.16,36.7375,1.0482,19.4008,4.835362502290102,22.45,13.38,13.63,0.0432,7.31,0.4751645181646081,17.1779,22.45,13.38,17.1779,0.4751645181646081,13.63,0.0432,7.31,61.111111111111114,65.91666666666667,60.0,45.06666666666667,50.0,57.47444444444445,0.8333333333333334,0.6666666666666666,0.75,0.5,B+,B-,B,C,cbregroupinc
MRK,Merck & Co Inc,Health Care,Pharmaceuticals,113.56,31.3198,4.255,12.5445,5.341938640148273,-48.26,2.89,36.19,0.1818,20.13,0.7765772718502798,43.6741,-48.26,2.89,43.6741,0.7765772718502798,36.19,0.1818,20.13,52.16610549943883,25.62174667437825,77.69423558897243,74.27800269905534,50.0,57.445035146789536,0.5481481481481482,0.08888888888888889,0.8148148148148148,0.7851851851851852,C+,D-,B+,B,merckcoinc
WSM,Williams-Sonoma Inc,Consumer Discretionary,Homefurnishing Retail,186.47,19.5578,2.7268,12.3045,10.634524135413814,0.53,1.24,51.449999999999996,0.1813,51.449999999999996,0.5237897383591186,20.7629,0.53,1.24,20.7629,0.5237897383591186,51.449999999999996,0.1813,41.0835,42.210210210210214,41.13059340332068,88.17567567567566,57.616707616707615,50.0,57.345931675477125,0.38,0.3466666666666667,0.9666666666666667,0.5266666666666666,C-,C-,A,C+,williamssonomainc
DY,Dycom Industries Inc,Industrials,Construction & Engineering,457.78,45.3926,2.3015,21.1225,7.379501563658638,21.16,17.95,18.81,0.0753,9.54,0.9751693352412962,148.9152,21.16,17.95,148.74396999999996,0.9751693352412962,18.81,0.0753,9.54,35.63218390804598,68.95028868054452,48.6863711001642,87.04844006568145,50.0,57.27938450129774,0.2857142857142857,0.7339901477832512,0.4876847290640394,0.9113300492610837,D+,B,C,A-,dycomindustriesinc
RS,Reliance Inc,Materials,Steel,376.48,23.3369,1.2657,14.4992,2.7164470304373673,9.89,8.49,11.16,0.0746,9.26,0.9625486784323475,27.2924,9.89,8.49,27.2924,0.9625486784323475,11.16,0.0746,9.26,51.794871794871796,63.1412607934985,57.948717948717956,60.95490716180372,50.0,57.25513102695788,0.5769230769230769,0.7384615384615385,0.6307692307692307,0.6461538461538462,C+,B,B-,B-,relianceinc
OSIS,OSI Systems Inc,Information Technology,Electronic Equipment & Instruments,240.27,25.0208,2.131,17.1413,4.242729247232082,13.33,8.96,16.91,0.12300000000000001,9.28,0.3366984613242359,8.9117,13.33,8.96,8.9117,0.3366984613242359,16.91,0.12300000000000001,9.28,73.05182699478001,56.86918445539135,54.632800608828006,44.69815777042986,50.0,57.234625346066245,0.7718120805369127,0.6375838926174496,0.5771812080536913,0.3825503355704698,B,B-,C+,C-,osisystemsinc
DXCM,Dexcom Inc,Health Care,Health Care Equipment,60.36,24.7209,4.7739,17.9281,8.458283119867717,77.45,16.15,33.83,0.2145,20.01,0.1742403122386395,-25.9659,77.45,16.15,-25.9659,0.1742403122386395,33.83,0.2145,20.01,45.274971941638604,78.29400424137266,80.45112781954886,25.636090225563912,50.0,57.21754383368418,0.42962962962962964,0.8962962962962963,0.837037037037037,0.2074074074074074,C,B+,B+,D+,dexcominc
TJX,TJX Companies Inc,Consumer Discretionary,Apparel Retail,155.45,31.0329,2.8241,19.8378,16.888845430939885,14.36,7.12,59.53000000000001,0.1189,45.410000000000004,0.7744647070977282,21.0104,14.36,7.12,21.0104,0.7744647070977282,59.53000000000001,0.1189,41.0835,23.18918918918919,67.7807901945833,81.19369369369369,62.72134203168686,50.0,57.19614716597476,0.19333333333333333,0.7466666666666667,0.9066666666666666,0.6066666666666667,D,B,A-,B-,tjxcompaniesinc
MSI,Motorola Solutions Inc,Information Technology,Communications Equipment,433.66,33.39,6.1567,23.9064,29.81628668078436,38.29,8.0,103.24,0.2554,21.23,0.5592352852626825,5.094,38.29,8.0,5.094,0.5592352852626825,103.24,0.2554,21.23,53.680400198856574,59.14793719211823,85.52130898021308,27.75185502283105,50.0,57.18038573775727,0.5973154362416108,0.6644295302013423,0.87248322147651,0.19463087248322147,C+,B-,B+,D,motorolasolutionsinc
PCTY,Paylocity Holding Corp,Industrials,Human Resource & Employment Services,102.53,23.682,3.3597,12.1564,4.6011622949716156,9.16,12.08,20.52,0.2011,18.279999999999998,0.08753819473119173,-45.1653,9.16,12.08,-35.84569,0.08753819473119173,20.52,0.2011,18.279999999999998,57.307060755336614,71.43144057771421,80.623973727422,16.995073891625616,50.0,57.16806151455762,0.6330049261083743,0.7783251231527094,0.8719211822660099,0.12315270935960591,B-,B,B+,D,paylocityholdingcorp
AA,Alcoa Corp,Materials,Aluminum,63.26,16.1448,1.3191,26.1126,2.720474083248399,16.67,-0.08,16.27,-0.96,11.63,0.7586823640783008,154.5674,16.67,-0.08,154.5674,0.7586823640783008,16.27,-0.33866,11.63,47.692307692307686,50.9373605118286,56.15384615384615,79.79020979020979,50.0,57.107052521946144,0.5076923076923077,0.5230769230769231,0.5692307692307692,0.8153846153846154,C+,C+,C+,B+,alcoacorp
FCN,FTI Consulting Inc,Industrials,Research & Consulting Services,160.99,18.0291,1.2411,13.4989,2.8659574316578014,14.95,5.6,15.14,0.1018,11.67,0.2920730182545637,-2.5602,14.95,5.6,-2.5602,0.2920730182545637,15.14,0.1018,11.67,73.72742200328408,60.45500291328989,53.20197044334975,40.96551724137931,50.0,57.0164521425923,0.8103448275862069,0.6354679802955665,0.541871921182266,0.39408866995073893,B+,B-,C+,C-,fticonsultinginc
LRN,Stride Inc,Consumer Discretionary,Education Services,93.0,12.3997,1.5699,8.8817,2.735261938094846,9.54,14.86,21.36,0.1602,15.809999999999999,0.29293303894069306,-41.2025,9.54,14.86,-36.141299999999994,0.29293303894069306,21.36,0.1602,15.809999999999999,66.78978978978978,73.40609840609841,68.01801801801803,18.004158004158004,50.0,56.984003234003225,0.7333333333333333,0.8,0.7066666666666667,0.12,B,B,B,D,strideinc
MO,Altria Group Inc,Consumer Staples,Tobacco,70.17,16.9321,5.053,13.7624,45.93479968578162,-37.1,-3.08,149.65,0.4252,14.12,0.7789526686807653,16.0218,-37.1,-3.08,16.0218,0.7789526686807653,149.34949999999998,0.42225999999999975,14.12,41.52585765488991,20.032725572697522,87.63440860215053,78.40112201963535,50.0,56.976836082726685,0.38095238095238093,0.06349206349206349,0.9841269841269841,0.7777777777777778,C-,D-,A+,B,altriagroupinc
CAT,Caterpillar Inc,Industrials,Construction Machinery & Heavy Transportation Equipment,926.93,48.5794,6.3854,30.2177,20.231181070740273,-14.7,4.29,45.15,0.165,14.63,0.9941054487859837,188.8622,-14.7,4.29,148.74396999999996,0.9872446872909507,45.15,0.165,14.63,15.270935960591132,42.4174206710358,80.37766830870278,97.90117928048963,50.0,56.97587105762857,0.08374384236453201,0.3399014778325123,0.8620689655172413,1.0,D-,C-,B+,A+,caterpillarinc
MYRG,MYR Group Inc,Industrials,Construction & Engineering,454.78,59.5283,1.9271,40.5059,10.68931233297215,306.93,8.79,19.650000000000002,0.045599999999999995,17.39,0.9363842557590533,197.4362,105.9125,8.79,148.74396999999996,0.9363842557590533,19.650000000000002,0.045599999999999995,17.39,27.58620689655172,73.95161290322582,55.58292282430213,81.6351943076081,50.0,56.90964387238025,0.2019704433497537,0.8226600985221675,0.5812807881773399,0.8571428571428571,D+,B+,C+,B+,myrgroupinc
IBKR,Interactive Brokers Group Inc,Financials,Investment Banking & Brokerage,87.04,142.245,13.7209,34.5729,7.228935675428762,28.16,12.86,19.89,0.465,3.27,0.9931129476584023,95.2445,28.16,12.86,69.07595999999998,0.9634865652761514,19.89,0.465,3.27,6.060760656072239,59.26430130053049,77.15736040609137,95.9456361552317,50.0,56.846517756693345,0.02512562814070352,0.6733668341708543,0.7738693467336684,0.9949748743718593,F,B-,B,A+,interactivebrokersgroupinc
NUE,Nucor Corp,Materials,Steel,234.22,29.7053,1.5943,14.8421,2.5596835093739583,-10.95,5.73,8.49,0.0817,6.29,0.9905594676158784,100.445,-10.95,5.73,100.445,0.9719220239469605,8.49,0.0817,6.29,46.66666666666666,44.43676279699758,50.256410256410255,93.58090185676393,50.0,56.834302161521535,0.49230769230769234,0.38461538461538464,0.46153846153846156,0.9692307692307692,C,C-,C,A,nucorcorp
PSX,Phillips 66,Energy,Oil & Gas Refining & Marketing,171.72,15.6023,0.519,10.9148,2.367702616992527,117.21,-7.53,15.9,0.0172,9.17,0.7797854977850314,62.9377,117.21,-7.53,62.9377,0.7797854977850314,15.9,0.0172,9.17,63.447971781305114,55.649443149443144,54.93827160493826,55.527065527065524,50.0,56.83186258186258,0.7678571428571429,0.5892857142857143,0.5357142857142857,0.5357142857142857,B,C+,C+,C+,phillips66
MTZ,MasTec Inc,Industrials,Construction & Engineering,433.28,73.6335,2.1684,29.5585,10.488349237241772,111.21,22.59,14.249999999999998,0.0496,8.14,0.9728613765775365,199.6404,105.9125,21.683999999999983,148.74396999999996,0.9728613765775365,14.249999999999998,0.0496,8.14,26.60098522167488,95.09282800995815,35.87848932676519,85.7183908045977,50.0,56.78211240002119,0.18719211822660098,0.9975369458128078,0.30049261083743845,0.8916256157635468,D,A+,C-,B+,mastecinc
GLW,Corning Inc,Information Technology,Electronic Components,181.57,97.1213,9.9178,70.0925,12.425577925899566,215.91,19.14,14.13,0.1458,8.34,0.9059972934613988,305.6524,215.91,19.14,305.6524,0.9059972934613988,14.13,0.1458,8.34,25.31226696495153,83.61586490705265,55.28919330289193,74.53407745645188,50.0,56.780353539661775,0.19463087248322147,0.9261744966442953,0.5973154362416108,0.785234899328859,D,A-,C+,B,corninginc
LGND,Ligand Pharmaceuticals Inc,Health Care,Biotechnology,232.55,37.3542,17.3408,66.8305,4.520633957921461,,60.4,13.86,0.15289999999999998,11.1,0.9001279547444273,125.0774,,45.24399999999997,122.21815999999995,0.9001279547444273,13.86,0.15289999999999998,11.1,17.850729517396186,72.87920889179469,59.14786967418545,89.36253677672443,50.0,56.69799893159924,0.08888888888888889,0.8518518518518519,0.6074074074074074,0.9407407407407408,D-,B+,B-,A,ligandpharmaceuticalsinc
DRI,Darden Restaurants Inc,Consumer Discretionary,Restaurants,195.7,20.0746,1.7389,13.0629,9.906503262514743,6.61,8.51,50.71,0.11349999999999999,17.82,0.45048085034587454,-1.4106,6.61,8.51,-1.4106,0.45048085034587454,50.71,0.11349999999999999,17.82,43.96396396396397,66.55345184756949,72.07207207207207,46.82034976152623,50.0,56.683769330828156,0.41333333333333333,0.72,0.7666666666666667,0.43333333333333335,C,B,B,C,dardenrestaurantsinc
OGN,Organon & Co,Health Care,Pharmaceuticals,13.41,18.8314,0.5665,10.5473,4.6420659097203,-78.5,-2.92,25.5,0.0684,1.96,0.9961290322580646,46.8784,-54.0405,-2.92,46.8784,0.9913209608822849,25.5,0.0684,1.96,84.5959595959596,9.545209176788124,46.61654135338345,84.85444380181222,50.0,56.68305583305583,0.9259259259259259,0.014814814814814815,0.45185185185185184,0.8888888888888888,A-,F,C,B+,organonco
CSCO,Cisco Systems Inc,Information Technology,Communications Equipment,91.64,32.6804,6.1294,26.8948,7.747062304505875,21.66,9.0,23.64,0.2275,14.63,0.9149024491490244,54.745,21.66,9.0,54.745,0.9149024491490244,23.64,0.2275,14.63,52.962652249565004,52.12801895183361,73.96626078132927,47.48644406392694,50.0,56.65512086087567,0.5771812080536913,0.5637583892617449,0.7651006711409396,0.40939597315436244,C+,C+,B,C,ciscosystemsinc
DGX,Quest Diagnostics Inc,Health Care,Health Care Services,189.13,20.554,1.8662,14.8909,2.9015768205235206,14.88,11.03,14.11,0.1427,7.920000000000001,0.5011258955987716,7.3931,14.88,11.03,7.3931,0.5011258955987716,14.11,0.1427,7.920000000000001,66.88552188552188,56.98146882357409,54.385964912280706,49.61988304093567,50.0,56.6381420723526,0.7481481481481481,0.6518518518518519,0.5333333333333333,0.4444444444444444,B,B-,C+,C,questdiagnosticsinc
CHRW,CH Robinson Worldwide Inc,Industrials,Air Freight & Logistics,168.59,32.4064,1.172,22.2257,10.817869151202485,25.4,-8.42,32.519999999999996,0.049,19.15,0.7023809523809524,90.8854,25.4,-8.42,90.8854,0.7023809523809524,32.519999999999996,0.049,19.15,48.275862068965516,46.114832516389804,60.0,76.68813944676013,50.0,56.62955990987137,0.49507389162561577,0.4039408866995074,0.6157635467980296,0.812807881773399,C,C,B-,B+,chrobinsonworldwideinc
CHTR,Charter Communications Inc,Communication Services,Cable & Satellite,156.52,4.3434,0.3954,5.4783,1.2346107489698432,3.8,-0.56,31.240000000000002,0.2351,4.43,0.0013526982770896477,-61.0656,3.8,-0.56,-58.53012,0.05383111735282831,31.240000000000002,0.2351,4.43,94.19191919191918,44.55067330561402,69.84551396316101,8.480268859250492,50.0,56.61554672174295,1.0,0.3611111111111111,0.8611111111111112,0.027777777777777776,A+,C-,B+,F,chartercommunicationsinc
TNL,Travel + Leisure Co,Consumer Discretionary,"Hotels, Resorts & Cruise Lines",64.98,17.1146,1.002,13.8295,8.449934980494149,-40.1,4.25,121.75,0.1374,12.04,0.5392579810181192,39.6819,-40.1,4.25,39.6819,0.5392579810181192,121.75,0.1374,12.04,52.828828828828826,35.383477318961184,74.43693693693693,63.488943488943484,50.0,56.59092560302237,0.5666666666666667,0.2733333333333333,0.78,0.6133333333333333,C+,D+,B,B-,travelleisureco
MOG-A,Moog Inc,Industrials,Aerospace & Defense,318.56,35.2049,2.4201,20.1602,5.346267128747765,38.77,13.79,14.16,0.09119999999999999,8.94,0.8053396151907197,79.8859,38.77,13.79,79.8859,0.8053396151907197,14.16,0.09119999999999999,8.94,37.76683087027914,80.3276341652315,44.99178981937603,74.04872853148716,50.0,56.564927711757534,0.32019704433497537,0.8916256157635468,0.4039408866995074,0.7684729064039408,C-,B+,C,B,mooginc
GATX,GATX Corp,Industrials,Construction Machinery & Heavy Transportation Equipment,199.55,21.1309,4.0467,17.0844,2.5682870921533074,17.41,9.77,12.47,0.3048,2.68,0.9032206119162642,36.7343,17.41,9.77,36.7343,0.9032206119162642,12.47,0.29777999999999943,2.68,48.11165845648603,76.90427234364944,51.55993431855501,56.21734587251828,50.0,56.542221836993804,0.4876847290640394,0.8571428571428571,0.5369458128078818,0.5665024630541872,C,B+,C+,C+,gatxcorp
PGR,Progressive Corp,Financials,Property & Casualty Insurance,196.8,9.9487,1.2861,8.1852,3.8032145666209947,32.6,13.89,35.449999999999996,0.1659,28.99,0.048805391055748444,-30.6212,32.6,13.89,-30.6212,0.048805391055748444,35.449999999999996,0.1659,25.073999999999998,50.57903731857256,61.58640440342269,93.4010152284264,16.067325674592574,50.0,56.5257591523528,0.507537688442211,0.7236180904522613,0.9346733668341709,0.12060301507537688,C+,B,A,D,progressivecorp
INTU,Intuit Inc,Information Technology,Application Software,388.55,24.9107,5.3731,18.4505,5.502566825986901,43.99,17.21,22.2,0.2708,16.869999999999997,0.09848492880543684,-37.9858,43.99,17.21,-37.9858,0.09848492880543684,22.2,0.2708,16.869999999999997,61.81953765846382,69.27559713051276,76.48401826484019,15.339269406392692,50.0,56.49886228820709,0.6510067114093959,0.7718120805369127,0.7986577181208053,0.06711409395973154,B-,B,B,D-,intuitinc
RMD,Resmed Inc,Health Care,Health Care Equipment,209.64,20.0712,5.5075,15.3027,5.142255832378747,16.47,10.28,24.41,0.3418,22.05,0.11558264158873592,-13.354,16.47,10.28,-13.354,0.11558264158873592,24.41,0.3418,22.05,52.27833894500561,54.34470792365529,84.96240601503759,31.53984962406015,50.0,56.48709774955388,0.5555555555555556,0.5777777777777777,0.8888888888888888,0.26666666666666666,C+,C+,B+,D+,resmedinc
LII,Lennox International Inc,Industrials,Building Products,541.37,23.3943,3.6285,17.8178,16.195978005277297,1.12,-2.73,80.86,0.2004,36.980000000000004,0.4201973529642101,-4.4664,1.12,-2.73,-4.4664,0.4201973529642101,64.59599999999968,0.2004,26.551999999999996,46.63382594417077,43.03544440758304,93.43185550082103,39.255898366606175,50.0,56.47468891608579,0.4605911330049261,0.3497536945812808,0.9852216748768473,0.35960591133004927,C,C-,A+,C-,lennoxinternationalinc
GEN,Gen Digital Inc,Information Technology,Systems Software,19.56,19.6464,2.5062,10.4568,5.318830727396328,-5.53,15.97,25.6,0.3668,5.53,0.12331139591271197,-23.9502,-5.53,15.97,-23.9502,0.12331139591271197,25.6,0.3668,5.53,81.08376833209049,46.55989017779896,65.78830542871638,27.068787744881426,50.0,56.44375402473779,0.87248322147651,0.4161073825503356,0.697986577181208,0.18120805369127516,B+,C,B-,D,gendigitalinc
LNT,Alliant Energy Corp,Utilities,Electric Utilities,72.31,22.7479,4.3534,16.1708,2.535262624598113,9.76,9.02,11.24,0.2373,4.3,0.7944454377495681,18.3276,9.76,9.02,18.3276,0.7944454377495681,11.24,0.2373,4.3,29.910576626580326,63.10541310541311,65.94202898550725,74.22519509476031,50.0,56.42927304305658,0.2765957446808511,0.6595744680851063,0.6595744680851063,0.7659574468085106,D+,B-,B-,B,alliantenergycorp
AIR,AAR Corp,Industrials,Aerospace & Defense,118.71,26.8317,1.4638,14.6606,3.510551467978897,-45.74,16.85,12.07,0.0955,7.199999999999999,0.8807017543859648,101.9564,-45.74,16.85,101.9564,0.8807017543859648,12.07,0.0955,7.199999999999999,61.904761904761905,43.736355137912426,40.311986863711,85.48795100519239,50.0,56.399048420739184,0.6995073891625616,0.35960591133004927,0.3399014778325123,0.8866995073891626,B-,C-,C-,B+,aarcorp
TRST,TrustCo Bank Corp NY,Financials,Regional Banks,48.62,13.7577,2.5976,11.2246,1.2767119546664845,26.92,24.59725,8.86,0.4587097,7.779999999999999,0.9924690288812742,55.9333,26.92,24.59725,55.9333,0.9634865652761514,8.86,0.4587097,7.779999999999999,58.10269622222789,48.812168950012115,29.695431472081218,98.32597660560583,50.0,56.37716103470087,0.5879396984924623,0.44221105527638194,0.29396984924623115,1.0,C+,C,D+,A+,trustcobankcorpny
RMBS,Rambus Inc,Information Technology,Semiconductors,130.04,58.3539,19.0042,50.9769,10.272452228041487,27.75,27.13,18.29,0.3677,18.29,0.7177139809794684,159.1987,27.75,27.13,159.1987,0.7177139809794684,18.29,0.3677,18.29,26.971476510067117,71.38456012378427,78.74809741248097,53.19444444444444,50.0,56.34569439428276,0.22818791946308725,0.825503355704698,0.8120805369127517,0.5234899328859061,D+,B+,B+,C+,rambusinc
MOS,Mosaic Co,Materials,Fertilizers & Agricultural Chemicals,23.56,13.7585,0.6172,6.1737,0.6188014792402085,206.43,8.36,4.41,0.0682,3.19,0.052937378954164,-22.6273,206.43,8.36,-22.6273,0.16072252353517125,4.41,0.0682,3.19,89.74358974358974,84.8341991033943,36.410256410256416,14.166666666666664,50.0,56.33863469247373,0.9384615384615385,0.9384615384615385,0.3384615384615385,0.09230769230769231,A,A,C-,D-,mosaicco
HALO,Halozyme Therapeutics Inc,Health Care,Biotechnology,66.35,24.2102,5.4933,17.921,160.11100386100384,-27.39,37.55,92.67,0.3319,15.770000000000001,0.5429147465437787,11.738,-27.39,37.55,11.738,0.5429147465437787,92.67,0.3319,15.770000000000001,44.292929292929294,51.44982020268061,85.96491228070175,42.40601503759399,50.0,56.335627441462684,0.4148148148148148,0.5259259259259259,0.9,0.37777777777777777,C,C+,B+,C-,halozymetherapeuticsinc
CASY,Caseys General Stores Inc,Consumer Staples,Food Retail,858.14,48.2212,1.8459,23.8598,9.078473668787101,21.4,9.22,17.549999999999997,0.0562,10.54,0.9784715239052931,83.6772,21.4,9.22,83.45926999999998,0.9406478107205344,17.549999999999997,0.0562,10.54,21.232292200034138,77.33002481389579,45.16129032258064,96.21588089330024,50.0,56.3075767720929,0.14285714285714285,0.873015873015873,0.4126984126984127,0.9920634920634921,D,B+,C,A+,caseysgeneralstoresinc
PPG,PPG Industries Inc,Materials,Specialty Chemicals,111.53,15.5436,1.5431,11.1393,3.137995261916954,47.06,-8.81,20.84,0.1318,10.6,0.4531152453489823,2.7358,47.06,-8.81,2.7358,0.4531152453489823,20.84,0.1318,10.6,62.051282051282044,49.43192358177553,79.48717948717949,30.056285178236394,50.0,56.28225713661777,0.7230769230769231,0.49230769230769234,0.823076923076923,0.24615384615384617,B,C,B+,D+,ppgindustriesinc
BLD,TopBuild Corp,Consumer Discretionary,Homebuilding,438.93,23.5752,2.2739,15.3363,5.319338454770535,-9.79,1.49,23.72,0.1464,11.73,0.5779444142544217,53.9295,-9.79,1.49,53.9295,0.5779444142544217,23.72,0.1464,11.73,33.45945945945946,53.37896337896338,64.41441441441441,80.57142857142858,50.0,56.258546858546865,0.2733333333333333,0.5,0.6333333333333333,0.8533333333333334,D+,C,B-,B+,topbuildcorp
RGLD,Royal Gold Inc,Materials,Gold,236.88,42.746,19.3423,25.2603,2.7966909129977413,35.14,43.24,10.92,0.6193,9.950000000000001,0.5538910314411777,28.3694,35.14,22.22,28.3694,0.5538910314411777,10.92,0.23417999999999997,9.950000000000001,19.487179487179485,84.10578782919208,77.17948717948718,51.25874125874125,50.0,56.23957248425334,0.09230769230769231,0.9230769230769231,0.8,0.47692307692307695,D-,A-,B,C,royalgoldinc
HAL,Halliburton Co,Energy,Oil & Gas Equipment & Services,40.4,22.0495,1.5317,11.0333,3.224750760290866,-23.69,-1.72,14.680000000000001,0.1131,8.63,0.9113597246127366,107.8189,-23.69,-1.72,107.8189,0.9113597246127366,14.680000000000001,0.1131,8.63,46.73721340388007,38.32070707070707,62.96296296296296,80.27777777777779,50.0,56.14474106140773,0.39285714285714285,0.32142857142857145,0.6785714285714286,0.8392857142857143,C-,C-,B-,B+,halliburtonco
LUV,Southwest Airlines Co,Industrials,Passenger Airlines,41.5,23.567,0.6666,8.4476,2.6809478281092534,80.72,4.72,10.67,0.034,6.65,0.47924239525540463,39.0751,80.72,4.72,39.0751,0.47924239525540463,10.67,0.034,6.65,82.5944170771757,69.23604680259584,26.600985221674875,49.97112281297775,50.0,56.14028449782736,0.8916256157635468,0.7438423645320197,0.19704433497536947,0.47783251231527096,B+,B,D,C,southwestairlinesco
XPEL,Xpel Inc,Consumer Discretionary,Automotive Parts & Equipment,43.53,26.6784,2.8699,19.094,4.287149385439647,13.49,13.27,19.689999999999998,0.1316,19.68,0.4977687626774849,30.2124,13.49,13.27,30.2124,0.4977687626774849,19.689999999999998,0.1316,19.68,24.978978978978983,79.70545220545222,69.36936936936938,57.999999999999986,50.0,56.12817752817753,0.22,0.86,0.74,0.5333333333333333,D+,B+,B,C+,xpelinc
DIS,Walt Disney Co,Communication Services,Movies & Entertainment,108.06,15.495,1.9834,12.4666,1.7910180593492269,120.36,3.47,11.35,0.1353,8.09,0.506381715642624,17.2399,120.36,3.47,17.2399,0.506381715642624,11.35,0.1353,8.09,47.47474747474748,68.14227439227439,50.0,65.51624845742494,50.0,56.10039143862674,0.5,0.8333333333333334,0.4166666666666667,0.6944444444444444,C,B+,C,B-,waltdisneyco
CSX,CSX Corp,Industrials,Rail Transportation,45.6,27.8264,5.9975,15.8309,6.4474167915618015,-2.56,-0.92,23.53,0.3345,9.54,0.9486625236422591,62.3354,-2.56,-0.92,62.3354,0.9486625236422591,23.53,0.29777999999999943,9.54,39.90147783251232,30.523678253039378,75.28735632183908,80.98093810237738,50.0,56.09813180967121,0.3448275862068966,0.21182266009852216,0.8078817733990148,0.8472906403940886,C-,D+,B+,B+,csxcorp
SNCY,Sun Country Airlines Holdings Inc,Industrials,Passenger Airlines,16.56,16.9951,0.7965,6.6834,1.4098536510612212,0.72,4.74,8.62,0.0889,4.49,0.528395061728395,47.331,0.72,4.74,47.331,0.528395061728395,8.62,0.0889,4.49,88.66995073891626,48.79210343183723,28.73563218390805,59.690844233055884,50.0,56.0479852636847,0.9458128078817734,0.4433497536945813,0.21674876847290642,0.6206896551724138,A,C,D+,B-,suncountryairlinesholdingsinc
RF,Regions Financial Corp,Financials,Regional Banks,28.21,10.8911,1.92217,10.5485,1.2858438663743397,14.13,45.41902,11.78,0.3873294,9.54,0.6942909760589319,36.2144,14.13,45.41902,36.2144,0.6942909760589319,11.78,0.3873294,9.54,70.66295946738771,44.12539001258075,48.223350253807105,62.30743765173251,50.0,56.008142963161355,0.7989949748743719,0.3969849246231156,0.47738693467336685,0.6633165829145728,B,C-,C,B-,regionsfinancialcorp
BBY,Best Buy Co Inc,Consumer Discretionary,Computer & Electronics Retail,58.69,11.4505,0.2936,7.2809,4.140388007054673,18.26,0.39,38.54,0.0332,27.11,0.07099964676792647,-11.9826,18.26,0.39,-11.9826,0.07099964676792647,38.54,0.0332,27.11,88.16216216216215,52.13830431221736,58.78378378378378,19.177438307873096,50.0,55.99963501050457,0.96,0.49333333333333335,0.5566666666666666,0.14,A,C,C+,D,bestbuycoinc
MGY,Magnolia Oil & Gas Corp,Energy,Oil & Gas Exploration & Production,28.65,16.8401,4.1753,6.3912,2.7580430890082597,-27.41,-0.31,16.76,0.3358,13.94,0.6661251015434606,50.4632,-27.41,-0.31,50.4632,0.6661251015434606,16.76,0.3358,13.94,51.45502645502645,36.63653419750981,84.25925925925927,48.581752484191504,50.0,55.97222876491169,0.5535714285714286,0.2857142857142857,0.9107142857142857,0.48214285714285715,C+,D+,A-,C,magnoliaoilgascorp
CMS,CMS Energy Corp,Utilities,Multi-Utilities,74.05,21.3504,2.8122,12.3076,2.481293958778017,5.67,12.95,12.33,0.2213,4.01,0.5011857707509881,0.9268,5.67,12.95,0.9268,0.5011857707509881,12.33,0.2213,4.01,63.59851988899168,69.94263285024154,63.76811594202899,25.59782608695652,50.0,55.949750745194784,0.6595744680851063,0.7446808510638298,0.6382978723404256,0.23404255319148937,B-,B,B-,D+,cmsenergycorp
PEN,Penumbra Inc,Health Care,Health Care Equipment,324.19,71.7734,9.0856,66.0546,8.908545817773124,1389.2,17.5,13.43,0.1348,13.19,0.7292242295430392,11.0392,1389.2,17.5,11.0392,0.7292242295430392,13.43,0.1348,13.19,17.362514029180694,90.65779834200887,59.147869674185465,68.21954887218044,50.0,55.90306536867941,0.07407407407407407,0.9703703703703703,0.6148148148148148,0.7185185185185186,D-,A+,B-,B,penumbrainc
JPM,JPMorgan Chase & Co,Financials,Diversified Banks,314.9,14.3609,2.89596,25.5261,2.3426259728704717,2.39,108.9793,16.32,0.4122809,4.130000000000001,0.7472291336801625,26.339,2.39,92.40466449999998,26.339,0.7472291336801625,16.32,0.4122809,4.130000000000001,39.843889498252686,61.22249378768481,69.79695431472082,56.093250611017105,50.0,55.87335983298376,0.33668341708542715,0.7085427135678392,0.7010050251256281,0.5778894472361809,C-,B,B,C+,jpmorganchaseco
GEHC,GE Healthcare Technologies Inc,Health Care,Health Care Equipment,61.735,13.4689,1.3616,10.0315,2.710754760890661,4.78,4.85,21.240000000000002,0.134,10.59,0.09622823984526112,-7.9818,4.78,4.85,-7.9818,0.09622823984526112,21.240000000000002,0.134,10.59,84.85970819304153,37.2353961827646,62.155388471177936,33.18195488721804,50.0,55.837244380051395,0.9333333333333333,0.28888888888888886,0.6481481481481481,0.3037037037037037,A,D+,B-,C-,gehealthcaretechnologiesinc
MTRN,Materion Corp,Materials,Diversified Metals & Mining,196.86,53.6316,2.2462,36.1923,4.327354260089686,1267.71,6.04,8.14,0.061500000000000006,5.42,0.961661829845731,151.4819,466.2049999999986,6.04,151.4819,0.961661829845731,8.14,0.061500000000000006,5.42,24.1025641025641,82.72808751532156,41.53846153846154,89.16083916083916,50.0,55.788041745488556,0.12307692307692308,0.9076923076923077,0.35384615384615387,0.9230769230769231,D,A-,C-,A-,materioncorp
FLS,Flowserve Corp,Industrials,Industrial Machinery & Supplies & Components,73.38,27.3259,2.0006,15.7097,4.253666454118601,22.82,3.76,15.809999999999999,0.0823,9.36,0.5976744186046511,57.3328,22.82,3.76,57.3328,0.5976744186046511,15.809999999999999,0.0823,9.36,55.66502463054187,66.21573721741517,46.30541871921182,59.88477916005678,50.0,55.712714112932815,0.5935960591133005,0.7093596059113301,0.43103448275862066,0.625615763546798,C+,B,C,B-,flowservecorp
UBSI,United Bankshares Inc,Financials,Regional Banks,43.72,12.1081,4.20702,10.7626,1.1127343435834525,32.06,50.64327,9.26,0.4541967,8.450000000000001,0.8131868131868131,25.0572,32.06,50.64327,25.0572,0.8131868131868131,9.26,0.4541967,8.450000000000001,71.99066397979746,66.02333044882496,32.48730964467005,56.92893401015228,50.0,55.70994629791233,0.8291457286432161,0.8090452261306532,0.32160804020100503,0.5979899497487438,B+,B+,C-,C+,unitedbanksharesinc
UBER,Uber Technologies Inc,Industrials,Passenger Ground Transportation,79.17,16.0405,3.1001,35.8059,6.083401848764034,3.3,18.28,40.31,0.107,28.27,0.31941544885177475,-7.7595,3.3,18.28,-7.7595,0.31941544885177475,40.31,0.107,26.551999999999996,43.513957307060764,71.39197472901589,78.81773399014779,28.84460367218988,50.0,55.63023850454329,0.4236453201970443,0.7733990147783252,0.8472906403940886,0.2660098522167488,C,B,B+,D+,ubertechnologiesinc
VLTO,Veralto Corp,Industrials,Environmental & Facilities Services,86.88,22.6996,3.8775,16.7528,6.950399999999999,12.53,5.97,34.47,0.23149999999999998,17.44,0.07523885350318472,-8.8926,12.53,5.97,-8.8926,0.07523885350318472,34.47,0.23149999999999998,17.44,47.783251231527096,60.288169772914735,87.6847290640394,23.180858550316678,50.0,55.56080073853791,0.4827586206896552,0.6305418719211823,0.9556650246305419,0.17733990147783252,C,B-,A,D,veraltocorp
OZK,Bank Ozk,Financials,Regional Banks,49.13,7.8838,3.52526,6.3921,0.8847023740924282,0.68,67.44116,11.63,0.5657224,10.489999999999998,0.5987599645704168,12.5029,0.68,67.44116,12.5029,0.5987599645704168,11.63,0.5657224,10.489999999999998,93.67777976175293,50.053364437294775,47.71573604060914,25.945707349371,50.0,55.548193307923675,0.9899497487437185,0.47738693467336685,0.4723618090452261,0.23618090452261306,A+,C,C,D+,bankozk
GS,Goldman Sachs Group Inc,Financials,Investment Banking & Brokerage,937.35,15.3124,2.1639,56.6192,2.2237199643009142,27.69,1.28,14.56,0.1775,1.38,0.8918060506352252,70.6258,27.69,1.28,69.07595999999998,0.8918060506352252,14.56,0.1775,1.38,37.84149172257225,39.41898493532915,61.92893401015228,88.33142295726216,50.0,55.4926880116994,0.2914572864321608,0.3316582914572864,0.6231155778894473,0.9095477386934674,D+,C-,B-,A-,goldmansachsgroupinc
TFC,Truist Financial Corp,Financials,Diversified Banks,50.8,11.4512,1.76233,19.165,0.9838078398639711,17.14,58.19041,8.51,0.2905613,4.35,0.6990136350449664,30.3567,17.14,58.19041,30.3567,0.6990136350449664,8.51,0.2905613,4.35,80.84075198326659,61.5846151018983,26.903553299492383,56.029328821206995,50.0,55.45886510531081,0.9346733668341709,0.7185929648241206,0.2663316582914573,0.5728643216080402,A,B,D+,C+,truistfinancialcorp
RH,RH,Consumer Discretionary,Homefurnishing Retail,131.73,19.8825,0.7213,10.4408,40.90739705608347,75.14,8.14,203.42,0.11259999999999999,2.03,0.16872544315952007,-27.9652,75.14,8.14,-27.9652,0.16872544315952007,170.32750000000001,0.11259999999999999,2.03,62.513513513513516,84.19700692427965,57.31981981981982,18.304668304668304,50.0,55.45866837912292,0.6933333333333334,0.9066666666666666,0.5333333333333333,0.12666666666666668,B-,A-,C+,D,rh
LPG,Dorian LPG Ltd,Energy,Oil & Gas Storage & Transportation,39.05,13.8238,4.1303,9.1946,1.595727292044656,-27.64,-3.51,11.41,0.34869999999999995,7.59,0.9372228244801418,78.4735,-27.64,-3.51,78.4735,0.9372228244801418,11.41,0.34869999999999995,7.59,46.97971781305114,30.357142857142858,63.580246913580254,83.73015873015873,50.0,55.457451499118164,0.42857142857142855,0.125,0.6964285714285714,0.9285714285714286,C,D,B-,A-,dorianlpgltd
CDW,CDW Corp,Information Technology,Technology Distributors,109.0,13.1152,0.6238,9.7415,5.412142066246605,1.33,6.79,42.94,0.0738,13.05,0.03476245654692931,-33.5082,1.33,6.79,-33.5082,0.0538779035809368,42.94,0.0738,13.05,92.9716629381059,41.83087027914614,65.32851344495181,12.249673842139595,50.0,55.39115292002158,0.9664429530201343,0.3221476510067114,0.6845637583892618,0.06040268456375839,A,C-,B-,D-,cdwcorp
BDC,Belden Inc,Information Technology,Electronic Components,114.65,18.6266,1.6294,14.5396,3.5314737010706847,22.98,10.33,19.139999999999997,0.1162,9.48,0.21154682201547698,10.7408,22.98,10.33,10.7408,0.21154682201547698,19.139999999999997,0.1162,9.48,81.40691026597068,50.263445437774934,57.069698122780316,28.496533062743104,50.0,55.37114779729136,0.8791946308724832,0.5167785234899329,0.610738255033557,0.21476510067114093,B+,C+,B-,D+,beldeninc
INVX,Innovex International Inc,Energy,Oil & Gas Equipment & Services,27.13,22.7728,1.9391,8.9608,1.7718361002625425,-50.2,54.51,8.19,0.1322,7.95,0.866096866096866,80.5057,-50.2,54.51,80.5057,0.866096866096866,8.19,0.1322,7.95,50.595238095238095,56.62166014988596,51.23456790123456,67.77777777777777,50.0,55.337339084650914,0.5357142857142857,0.6071428571428571,0.4642857142857143,0.6428571428571429,C+,B-,C,B-,innovexinternationalinc
GAP,Gap Inc,Consumer Discretionary,Apparel Retail,24.56,10.9042,0.5791,4.8255,2.4036720592696983,-2.88,1.86,22.98,0.0726,16.189999999999998,0.550351288056206,8.4327,-2.88,1.86,8.4327,0.550351288056206,22.98,0.0726,16.189999999999998,85.31231231231232,35.18032138721794,55.96846846846847,39.47809878844362,50.0,55.2518792303275,0.9466666666666667,0.26666666666666666,0.5266666666666666,0.36666666666666664,A,D+,C+,C-,gapinc
ADI,Analog Devices Inc,Information Technology,Semiconductors,415.63,73.3874,16.8965,48.8269,6.018346232651081,74.57,25.91,7.920000000000001,0.2924,6.370000000000001,0.998331379092631,112.4898,74.57,25.91,112.4898,0.9977894488000338,7.920000000000001,0.2924,6.370000000000001,26.308103405418844,82.06624852637782,52.857052257737195,70.19073439878234,50.0,55.24268550082104,0.2080536912751678,0.912751677852349,0.5503355704697986,0.7181208053691275,D+,A-,C+,B,analogdevicesinc
HOOD,Robinhood Markets Inc,Financials,Investment Banking & Brokerage,79.05,37.8376,15.9285,33.2107,7.7953967220874505,32.75,51.58,22.33,0.4681,9.1,0.30754078998399587,62.3537,32.75,51.58,62.3537,0.30754078998399587,22.33,0.4681,9.1,7.942631941433048,82.75521110279223,81.21827411167513,56.93466513836581,50.0,55.22820176150866,0.04522613065326633,0.9547738693467337,0.8140703517587939,0.6030150753768844,F,A,B+,B-,robinhoodmarketsinc
GNTX,Gentex Corp,Consumer Discretionary,Automotive Parts & Equipment,23.55,13.0739,1.9853,8.8532,2.0394201292065746,-22.14,9.55,15.57,0.1814,15.55,0.3449438202247192,9.5859,-22.14,9.55,9.5859,0.3449438202247192,15.57,0.1814,15.55,63.681681681681674,53.61120861120861,65.76576576576576,35.69369369369369,50.0,55.22284232284232,0.7133333333333334,0.5133333333333333,0.6633333333333333,0.32666666666666666,B,C+,B-,C-,gentexcorp
IBOC,International Bancshares Corp,Financials,Regional Banks,72.56,10.8455,3.41763,9.5013,1.3872903099989675,0.83,69.21539,13.41,0.6315208,10.86,0.7984604618614419,16.6559,0.83,69.21539,16.6559,0.7984604618614419,13.41,0.6017721949999999,10.86,69.13246435221795,51.35504787932885,56.34517766497462,42.87905539615979,50.0,55.216231159395875,0.7638190954773869,0.5025125628140703,0.5678391959798995,0.40703517587939697,B,C+,C+,C,internationalbancsharescorp
TXN,Texas Instruments Inc,Information Technology,Semiconductors,289.44,49.0346,14.2732,33.5322,16.132340482454183,10.83,14.89,30.44,0.3529,16.57,0.9771281538131656,79.676,10.83,14.89,79.676,0.9771281538131656,30.44,0.3529,16.57,36.74652000994283,54.452411214264664,80.14967021816337,50.444254185692536,50.0,55.203380637017986,0.348993288590604,0.6040268456375839,0.8456375838926175,0.47651006711409394,C-,B-,B+,C,texasinstrumentsinc
PEP,PepsiCo Inc,Consumer Staples,Soft Drinks & Non-alcoholic Beverages,155.96,24.4087,2.2332,16.5929,10.447761194029852,-6.44,4.29,43.89,0.1241,12.31,0.6463081130355519,19.2902,-6.44,4.29,19.2902,0.6463081130355519,43.89,0.1241,12.31,34.5536781020652,47.39147749900438,71.50537634408602,71.0394265232975,50.0,55.20094441599818,0.2857142857142857,0.4444444444444444,0.7936507936507936,0.6984126984126984,D+,C,B,B-,pepsicoinc
BWXT,BWX Technologies Inc,Industrials,Aerospace & Defense,215.2,60.0023,6.171,44.9614,15.964510122478652,17.0,18.3,27.650000000000002,0.1265,11.95,0.809038737446198,99.0197,17.0,18.3,99.0197,0.809038737446198,27.650000000000002,0.1265,11.95,10.673234811165846,74.44400542287084,67.15927750410509,79.20117161496472,50.0,55.18716348638485,0.04433497536945813,0.8325123152709359,0.7044334975369458,0.8275862068965517,F,B+,B,B+,bwxtechnologiesinc
MHO,M/I Homes Inc,Consumer Discretionary,Homebuilding,131.67,9.1899,0.7574,7.5367,1.0713745197244549,-29.79,-1.62,11.42,0.1035,8.76,0.5081227436823104,22.3131,-29.79,-1.62,22.3131,0.5081227436823104,11.42,0.1035,8.76,80.15315315315316,31.898911898911898,45.72072072072072,61.683397683397686,50.0,55.18493038493039,0.88,0.22666666666666666,0.43333333333333335,0.5866666666666667,B+,D+,C,C+,mihomesinc
IPAR,Interparfums Inc,Consumer Staples,Household Products,94.81,18.1208,2.0499,10.1011,3.45208013224296,2.74,2.49,19.93,0.1816,16.1,0.26911314984709483,-20.9917,2.74,2.49,-20.9917,0.26911314984709483,19.93,0.1816,16.1,56.99778119132958,53.503893214682975,70.16129032258065,38.26473859844272,50.0,55.1434942411027,0.6507936507936508,0.5396825396825397,0.7619047619047619,0.36507936507936506,B-,C+,B,C-,interparfumsinc
INSP,Inspire Medical Systems Inc,Health Care,Health Care Equipment,45.7,9.0548,1.4438,19.1597,1.6719532584795835,185.05,13.6,21.07,0.051500000000000004,21.07,0.01084580460736511,-71.7692,185.05,13.6,-43.9232,0.024056178346228273,21.07,0.051500000000000004,21.07,69.68013468013469,79.57470599575862,62.90726817042607,5.403007518796992,50.0,55.14239341555131,0.8148148148148148,0.9185185185185185,0.6592592592592592,0.011111111111111112,B+,A-,B-,F,inspiremedicalsystemsinc
INGR,Ingredion Inc,Consumer Staples,Agricultural Products & Services,106.37,9.0538,0.9143,5.9693,1.5679239637212141,15.14,-2.84,17.48,0.1407,12.23,0.13781348916484076,-23.1653,15.14,-2.84,-23.1653,0.13781348916484076,17.48,0.1407,12.23,81.46441372247824,48.34229390681003,59.67741935483871,25.94086021505376,50.0,55.142089093702,0.9365079365079365,0.4603174603174603,0.6190476190476191,0.19047619047619047,A,C,B-,D,ingredioninc
FUL,H.B. Fuller Company,Materials,Specialty Chemicals,60.95,20.5056,0.948,11.7624,1.6483308452867746,45.86,-2.57,8.09,0.1042,3.95,0.6144578313253015,14.6108,45.86,-2.57,14.6108,0.6144578313253015,8.09,0.1042,3.95,63.58974358974359,61.59446493858411,47.94871794871795,49.68105065666041,50.0,55.13971850366429,0.7384615384615385,0.6615384615384615,0.4,0.46153846153846156,B,B-,C-,C,hbfullercompany
KBR,KBR Inc,Industrials,Diversified Support Services,35.11,10.7389,0.5697,9.0506,2.9539698965984336,15.19,1.05,28.27,0.0986,10.100000000000001,0.016341352700862434,-35.1975,15.19,1.05,-35.1975,0.05170990071676128,28.27,0.0986,10.100000000000001,90.9688013136289,50.37562261297447,60.91954022988506,10.36181416680822,50.0,55.11957274183503,0.9655172413793104,0.4827586206896552,0.6305418719211823,0.04926108374384237,A,C,B-,F,kbrinc
UMBF,UMB Financial Corp,Financials,Regional Banks,133.95,14.1527,2.36702,13.514,1.3225240808975982,4.25,72.21914,9.629999999999999,0.3178459,6.52,0.9430830039525685,33.8296,4.25,72.21914,33.8296,0.9430830039525685,9.629999999999999,0.3178459,6.52,55.826084738412874,56.064405269916264,35.025380710659896,80.61134407415581,50.0,55.04801623108261,0.5628140703517588,0.5979899497487438,0.34673366834170855,0.8442211055276382,C+,C+,C-,B+,umbfinancialcorp
EPAM,Epam Systems Inc,Information Technology,IT Consulting & Other Services,106.97,15.1972,1.0518,6.893,1.578823077944888,-14.17,15.42,10.27,0.0953,10.2,0.002933563416738597,-32.246,-14.17,15.42,-32.246,0.0538779035809368,10.27,0.0953,10.2,92.81009197116579,49.107142857142854,49.80339928970066,22.844911937377688,50.0,55.04378377412072,0.959731543624161,0.47651006711409394,0.4966442953020134,0.1476510067114094,A,C,C,D,epamsystemsinc
HAE,Haemonetics Corp,Health Care,Health Care Supplies,52.67,14.1321,1.8807,11.2899,3.0938311345026492,43.23,-4.02,20.26,0.1905,8.39,0.13385826771653556,-17.1595,43.23,-4.02,-17.1595,0.13385826771653556,20.26,0.1905,8.39,77.13804713804713,47.4953007518797,64.28571428571429,25.653195488721806,50.0,54.98563960406066,0.8666666666666667,0.4666666666666667,0.6777777777777778,0.21481481481481482,B+,C,B-,D+,haemoneticscorp
PRG,PROG Holdings Inc,Financials,Consumer Finance,36.34,9.9189,0.6043,0.9566,1.9267884032152025,-21.11,-2.2,21.17,0.0858,11.4,0.6871945259042035,35.749,-21.11,-2.2,35.749,0.6871945259042035,21.17,0.0858,11.4,63.52064892992883,14.227717211533161,79.69543147208121,56.66512844177818,50.0,54.98258923116478,0.6733668341708543,0.05527638190954774,0.7989949748743719,0.592964824120603,B-,D-,B,C+,progholdingsinc
PG,Procter & Gamble Co,Consumer Staples,Personal Care Products,147.9,20.994,4.0516,15.4552,6.659372425065176,7.54,1.08,31.25,0.23579999999999998,18.709999999999997,0.3080611327539706,-7.1272,7.54,1.08,-7.1272,0.3080611327539706,31.25,0.23579999999999998,18.709999999999997,36.192182966376514,50.95307917888562,81.72043010752687,51.55425219941348,50.0,54.97961954413567,0.31746031746031744,0.5079365079365079,0.873015873015873,0.5079365079365079,C-,C+,B+,C+,proctergambleco
ULS,UL Solutions Inc,Industrials,nan,104.89,64.9355,6.9126,30.2128,16.708082449265667,-1.25,6.38,28.77,0.171,19.08,0.944257467395877,55.7849,-1.25,6.38,55.7849,0.944257467395877,28.77,0.171,19.08,11.658456486042697,54.97012301398127,81.93760262725779,77.85596997419657,50.0,54.96423337596069,0.059113300492610835,0.5763546798029556,0.8866995073891626,0.8226600985221675,D-,C+,B+,B+,ulsolutionsinc
FCFS,Firstcash Holdings Inc,Financials,Consumer Finance,226.38,27.9948,2.5601,16.6755,4.372659194115704,27.91,14.39,15.909999999999998,0.1568,8.21,0.9918559992596363,68.6885,27.91,14.39,68.6885,0.9634865652761514,15.909999999999998,0.1568,8.21,15.141698339412795,57.289599298013485,67.51269035532995,89.11552068912475,50.0,54.94462117111334,0.08040201005025126,0.628140703517588,0.678391959798995,0.9246231155778895,D-,B-,B-,A-,firstcashholdingsinc
PHM,Pultegroup Inc,Consumer Discretionary,Homebuilding,120.1,11.3424,1.377,8.9294,1.782478283002934,-27.04,-5.94,15.920000000000002,0.1592,13.639999999999999,0.5050709939148071,19.0996,-27.04,-5.94,19.0996,0.5050709939148071,15.920000000000002,0.1592,13.639999999999999,70.12012012012012,27.421317421317426,62.387387387387385,56.58687258687259,50.0,54.92851487851488,0.7666666666666667,0.17333333333333334,0.6133333333333333,0.5133333333333333,B,D,B-,C+,pultegroupinc
ZWS,Zurn Elkay Water Solutions Corp,Industrials,Industrial Machinery & Supplies & Components,51.15,42.4623,4.9576,25.0394,5.327181644917046,26.08,8.26,12.559999999999999,0.1704,9.55,0.8682483594144371,49.2124,26.08,8.26,49.2124,0.8682483594144371,12.559999999999999,0.1704,9.55,21.674876847290637,82.36587705451414,57.14285714285714,68.66327126993404,50.0,54.91026316242658,0.12315270935960591,0.916256157635468,0.5935960591133005,0.7093596059113301,D,A-,C+,B,zurnelkaywatersolutionscorp
FCX,Freeport-McMoRan Inc,Materials,Copper,60.89,39.7089,4.7738,10.3588,4.626583288376935,16.78,-27.98,12.0,0.2229,7.960000000000001,0.7186932849364791,60.5749,16.78,-16.508,60.5749,0.7186932849364791,12.0,0.2229,7.960000000000001,41.53846153846154,34.96220091964773,73.33333333333333,70.98901098901099,50.0,54.90819109968046,0.38461538461538464,0.23076923076923078,0.7384615384615385,0.7230769230769231,C-,D+,B,B,freeportmcmoraninc
CHEF,Chefs' Warehouse Inc,Consumer Staples,Food Distributors,80.16,44.4308,0.7748,19.3331,5.396053933612919,29.77,9.36,12.690000000000001,0.035,5.6000000000000005,0.9771656397245375,31.1948,29.77,9.36,31.1948,0.9406478107205344,12.690000000000001,0.035,5.6000000000000005,35.04010923365762,82.21505376344086,30.64516129032258,85.13548387096775,50.0,54.89142515787677,0.30158730158730157,0.9206349206349206,0.23809523809523808,0.8412698412698413,C-,A-,D+,B+,chefswarehouseinc
CPK,Chesapeake Utilities Corp,Utilities,Gas Utilities,125.83,21.64,3.1636,13.0291,1.8810356683708551,13.67,18.22,9.26,0.2666,4.569999999999999,0.41775147928994083,-5.6251,13.67,18.22,-5.6251,0.41775147928994083,9.26,0.2666,4.569999999999999,53.607770582793705,82.3392790784095,66.66666666666667,16.75585284280936,50.0,54.88763569660887,0.5957446808510638,0.9361702127659575,0.6808510638297872,0.1276595744680851,C+,A,B-,D,chesapeakeutilitiescorp
RGA,Reinsurance Group of America Inc,Financials,Reinsurance,214.59,11.7501,0.5858,8.0958,1.0435962465744766,65.43,7.16,9.48,0.08039999999999999,6.49,0.7704506201915527,8.2749,65.43,7.16,8.2749,0.7704506201915527,9.48,0.08039999999999999,6.49,76.04137438461342,61.05208718913995,34.51776649746193,50.10877447425672,50.0,54.87195755319817,0.8844221105527639,0.7035175879396985,0.3417085427135678,0.507537688442211,B+,B,C-,C+,reinsurancegroupofamericainc
PLXS,Plexus Corp,Information Technology,Electronic Manufacturing Services,265.04,41.0633,1.7593,25.5637,4.888323281506484,56.35,1.82,12.389999999999999,0.0509,11.129999999999999,0.9327642073778666,111.2546,56.35,1.82,111.2546,0.9327642073778666,12.389999999999999,0.0509,11.129999999999999,64.62683320904797,51.51482900525046,48.70306950786403,56.11364789446981,50.0,54.85817105917205,0.6912751677852349,0.5369127516778524,0.4697986577181208,0.5503355704697986,B-,C+,C,C+,plexuscorp
DAR,Darling Ingredients Inc,Consumer Staples,Agricultural Products & Services,63.11,44.8653,1.5885,16.3859,2.107607893427376,30.98,11.11,1.3599999999999999,0.07429999999999999,0.73,0.9210740439381612,91.882,30.98,11.11,83.45926999999998,0.9210740439381612,1.3599999999999999,0.07429999999999999,0.73,30.86704215736474,89.67293906810036,19.89247311827957,96.1021505376344,50.0,54.84489674005803,0.25396825396825395,0.9682539682539683,0.15873015873015872,0.9682539682539683,D+,A,D,A,darlingingredientsinc
CL,Colgate-Palmolive Co,Consumer Staples,Household Products,88.16,33.1379,3.3257,19.8213,1308.0118694362018,-27.01,4.25,475.12999999999994,0.1542,23.919999999999998,0.5493241880169456,-3.1209,-27.01,4.25,-3.1209,0.5493241880169456,149.34949999999998,0.1542,23.919999999999998,21.804062126642776,48.73934000741565,86.29032258064517,65.29477196885428,50.0,54.83041857207597,0.15873015873015872,0.47619047619047616,0.9523809523809523,0.6666666666666666,D,C,A,B-,colgatepalmoliveco
RDN,Radian Group Inc,Financials,Property & Casualty Insurance,35.73,8.2797,3.8838,6.6157,1.012514027272418,5.61,-3.73,12.590000000000002,0.6816,8.86,0.5762942779291547,6.4026,5.61,-3.73,6.4026,0.5762942779291547,12.590000000000002,0.6017721949999999,8.86,88.86564803714,21.246964232346123,53.80710659898477,49.556505476890194,50.0,54.82888260087846,0.9748743718592965,0.10552763819095477,0.542713567839196,0.49246231155778897,A+,D,C+,C,radiangroupinc
POWL,Powell Industries Inc,Industrials,Electrical Components & Equipment,320.3,56.6225,9.5233,44.216,18.100647057161428,-41.75,5.12,30.64,0.20199999999999999,30.64,0.9792208271106441,405.2847,-41.75,5.12,148.74396999999996,0.9792208271106441,30.64,0.20199999999999999,26.551999999999996,8.702791461412152,36.28237724455745,89.32676518883416,90.31691297208539,50.0,54.827247205890146,0.029556650246305417,0.2857142857142857,0.9655172413793104,0.9359605911330049,F,D+,A,A,powellindustriesinc
SLGN,Silgan Holdings Inc,Materials,"Metal, Glass & Plastic Containers",40.5,14.8862,0.6622,8.2433,1.8776774289264322,4.46,10.73,13.03,0.0922,4.15,0.2082336045955003,-25.2078,4.46,10.73,-25.08412,0.2082336045955003,13.03,0.0922,4.15,84.61538461538461,64.93112384069832,55.38461538461539,9.166666666666666,50.0,54.819558101473,0.9076923076923077,0.7846153846153846,0.5461538461538461,0.03076923076923077,A-,B,C+,F,silganholdingsinc
LOW,Lowe's Companies Inc,Consumer Discretionary,Home Improvement Retail,233.37,19.3863,1.495,13.9216,118.71502696103367,-2.89,3.12,264.53000000000003,0.1177,27.57,0.2784963133083524,4.6455,-2.89,3.12,4.6455,0.2784963133083524,170.32750000000001,0.1177,27.57,45.267267267267265,45.379767118897554,82.77027027027027,43.36075205640424,50.0,54.757488219444745,0.44666666666666666,0.43333333333333335,0.92,0.4,C,C,A-,C-,lowescompaniesinc
DKS,DICK'S Sporting Goods Inc,Consumer Discretionary,Specialty Stores,226.5,23.68,1.1682,12.191,3.63226412734253,-27.24,28.06,19.45,0.0637,14.01,0.8461866818440523,21.4998,-27.24,22.8195,21.4998,0.8461866818440523,19.45,0.0637,14.01,47.54654654654655,60.35708435708435,50.9009009009009,65.23243243243243,50.0,54.72976521976522,0.48,0.6333333333333333,0.47333333333333333,0.6466666666666666,C,B-,C,B-,dickssportinggoodsinc
SYY,Sysco Corp,Consumer Staples,Food Distributors,73.33,19.3995,0.4218,11.9446,19.13372472276582,-4.44,2.58,88.72,0.037000000000000005,11.63,0.21729021348552105,4.7422,-4.44,2.58,4.7422,0.21729021348552105,88.72,0.037000000000000005,11.63,69.09028844512716,47.376344086021504,55.913978494623656,44.51612903225807,50.0,54.62956135859362,0.7619047619047619,0.42857142857142855,0.5396825396825397,0.4126984126984127,B,C,C+,C,syscocorp
VSNT,Versant Media Group Inc,Communication Services,Cable & Satellite,40.97,10.6455,1.2011,,0.5802187468577975,-19.22,,,0.1552,,0.4335532516493873,,-19.22,,,0.4335532516493873,,0.1552,,69.44444444444444,42.70186335403727,54.411764705882355,50.56265984654732,50.0,54.61695692769862,0.8333333333333334,0.3333333333333333,0.5555555555555556,0.5,B+,C-,C+,C,versantmediagroupinc
SCSC,Scansource Inc,Information Technology,Technology Distributors,40.93,11.7855,0.288,7.4599,1.0032551253517399,27.98,0.07,8.14,0.030699999999999998,7.13,0.5740592473979184,13.9477,27.98,0.07,13.9477,0.5740592473979184,8.14,0.030699999999999998,7.13,96.82916977380064,40.491584564860425,35.30568239472348,42.3458904109589,50.0,54.601208037294896,0.9865771812080537,0.30201342281879195,0.2953020134228188,0.348993288590604,A+,C-,D+,C-,scansourceinc
BANC,Banc of California Inc,Financials,Regional Banks,19.39,12.4047,1.98464,17.6706,0.8511964600060581,74.78,26.60258,7.07,0.3988023,4.66,0.7347670250896059,42.5735,74.78,26.60258,42.5735,0.7347670250896059,7.07,0.3988023,4.66,79.36382419712777,56.76913794908357,16.751269035532996,70.84639152504965,50.0,54.55187920299184,0.914572864321608,0.6180904522613065,0.1658291457286432,0.7537688442211056,A-,B-,D,B,bancofcaliforniainc
TPR,Tapestry Inc,Consumer Discretionary,"Apparel, Accessories & Luxury Goods",148.83,57.6924,4.0098,35.825,36.105383178477,-29.68,10.9,63.260000000000005,0.0951,15.559999999999999,0.8539756626104352,103.0146,-29.68,10.9,87.71322500000002,0.8539756626104352,63.260000000000005,0.0951,15.559999999999999,11.585585585585585,54.408087741421085,66.89189189189189,95.24131274131274,50.0,54.549249465916134,0.04666666666666667,0.5533333333333333,0.68,0.9733333333333334,F,C+,B-,A+,tapestryinc
PLMR,Palomar Holdings Inc,Financials,Property & Casualty Insurance,110.75,14.8999,3.3974,11.6904,3.1157775095724003,60.46,56.04,22.79,0.28,22.79,0.04405286343612335,-29.1563,60.46,56.04,-29.1563,0.04405286343612335,22.79,0.28,22.79,34.78050149223273,85.45189051795927,81.7258883248731,16.64707453913973,50.0,54.546390465696255,0.2613065326633166,0.9698492462311558,0.8190954773869347,0.135678391959799,D+,A,B+,D,palomarholdingsinc
ABG,Asbury Automotive Group Inc,Consumer Discretionary,Automotive Retail,197.7,6.6805,0.2037,9.0094,0.9767772083341774,34.23,4.83,12.97,0.056900000000000006,5.56,0.1456224274112802,-10.2465,34.23,4.83,-10.2465,0.1456224274112802,12.97,0.056900000000000006,5.56,89.67267267267268,74.362714987715,35.36036036036035,16.96969696969697,50.0,54.52474064974065,0.9733333333333334,0.8133333333333334,0.34,0.10666666666666667,A+,B+,C-,D,asburyautomotivegroupinc
FIZZ,National Beverage Corp,Consumer Staples,Soft Drinks & Non-alcoholic Beverages,34.96,17.3528,2.7266,11.3825,7.371483996120271,1.24,1.01,35.99,0.1984,35.99,0.22480262329674544,-20.2009,1.24,1.01,-20.2009,0.22480262329674544,35.99,0.1984,29.728437999999983,52.19320703191671,42.154520111509356,87.36559139784947,30.99163679808841,50.0,54.518930989361095,0.5396825396825397,0.3492063492063492,0.9682539682539683,0.23809523809523808,C+,C-,A,D+,nationalbeveragecorp
AWR,American States Water Co,Utilities,Water Utilities,75.84,22.742,5.6903,14.996,2.834801070526143,6.32,11.14,13.100000000000001,0.3899,6.76,0.473684210526316,-6.0572,6.32,11.14,-6.0572,0.473684210526316,13.100000000000001,0.38217500000000004,6.76,28.522972556275054,71.5780998389694,92.02898550724638,25.181159420289852,50.0,54.489841367732204,0.2553191489361702,0.8085106382978723,0.9787234042553191,0.2127659574468085,D+,B+,A+,D+,americanstateswaterco
POST,Post Holdings Inc,Consumer Staples,Packaged Foods & Meats,103.74,15.7627,0.602,12.051,1.459453527927137,-11.33,5.38,8.49,0.0964,2.8899999999999997,0.41511879049676015,-7.9013,-11.33,5.38,-7.9013,0.41511879049676015,8.49,0.0964,2.8899999999999997,65.89861751152074,59.78494623655914,32.795698924731184,63.963133640552996,50.0,54.42319508448541,0.7301587301587301,0.6349206349206349,0.25396825396825395,0.6190476190476191,B,B-,D+,B-,postholdingsinc
WWW,Wolverine World Wide Inc,Consumer Discretionary,Footwear,17.25,14.7879,0.748,10.1582,3.4324942791762014,,3.61,26.35,0.0794,9.120000000000001,0.19555095706156234,21.1376,,3.61,21.1376,0.19555095706156234,26.35,0.0794,9.120000000000001,68.97297297297297,50.205640423031724,51.12612612612613,46.3454759106933,50.0,54.33499804151978,0.7466666666666667,0.4866666666666667,0.48333333333333334,0.4266666666666667,B,C,C,C,wolverineworldwideinc
HLT,Hilton Worldwide Holdings Inc,Consumer Discretionary,"Hotels, Resorts & Cruise Lines",321.51,50.2342,6.0795,29.3876,172.02247191011236,-0.49,7.74,171.01,0.2237,9.64,0.7863283225302256,35.8933,-0.49,7.74,35.8933,0.7863283225302256,170.32750000000001,0.2237,9.64,10.711711711711713,62.72885789014822,79.61711711711712,70.990990990991,50.0,54.32617698343505,0.04,0.6533333333333333,0.86,0.74,F,B-,B+,B,hiltonworldwideholdingsinc
CMI,Cummins Inc,Industrials,Construction Machinery & Heavy Transportation Equipment,715.76,33.3769,2.8183,26.0522,8.004410611860566,-27.19,-1.27,24.13,0.1195,14.6,0.9962684793459142,139.9142,-27.19,-1.27,139.9142,0.9872446872909507,24.13,0.1195,14.6,31.691297208538586,26.770164701199185,68.47290640394088,94.64994775339603,50.0,54.32507339403891,0.2512315270935961,0.1477832512315271,0.7241379310344828,0.9852216748768473,D+,D,B,A+,cumminsinc
SNEX,StoneX Group Inc,Financials,Investment Banking & Brokerage,106.39,23.2695,0.0584,48.1237,3.5030473449739388,-40.92,32.54,16.43,0.33,1.8800000000000001,0.9444345184920493,70.8527,-40.92,32.54,69.07595999999998,0.9444345184920493,16.43,0.33,1.8800000000000001,20.19488304466495,40.442977081995835,71.06598984771574,91.97969543147208,50.0,54.29975272578876,0.1507537688442211,0.34673366834170855,0.7135678391959799,0.949748743718593,D,C-,B,A,stonexgroupinc
VMC,Vulcan Materials Co,Materials,Construction Materials,295.72,35.2362,4.7775,17.814,4.530274341109498,18.37,7.06,12.740000000000002,0.2039,8.219999999999999,0.5508001016002038,10.6571,18.37,7.06,10.6571,0.5508001016002038,12.740000000000002,0.2039,8.219999999999999,31.28205128205128,70.50600109110748,75.38461538461537,42.371794871794876,50.0,54.24222585924714,0.27692307692307694,0.8153846153846154,0.7538461538461538,0.4,D+,B+,B,C-,vulcanmaterialsco
ITT,ITT Inc,Industrials,Industrial Machinery & Supplies & Components,216.63,40.1121,4.9701,22.0526,4.555998847487713,-3.01,8.48,16.150000000000002,0.17370000000000002,12.46,0.8982671224802546,52.5993,-3.01,8.48,52.5993,0.8982671224802546,16.150000000000002,0.17370000000000002,12.46,25.28735632183908,60.81922658702885,64.69622331691296,72.8880354011856,50.0,54.2373473073309,0.16748768472906403,0.6502463054187192,0.6748768472906403,0.7438423645320197,D,B-,B-,B,ittinc
PH,Parker-Hannifin Corp,Industrials,Industrial Machinery & Supplies & Components,902.66,31.9855,5.5291,25.8904,8.35234060035513,13.38,2.78,25.650000000000002,0.21050000000000002,15.049999999999999,0.6899097621000819,47.0322,13.38,2.78,47.0322,0.6899097621000819,25.650000000000002,0.21050000000000002,15.049999999999999,25.615763546798025,52.729958716082656,81.60919540229885,59.283626951657354,50.0,54.20895687082222,0.18226600985221675,0.5369458128078818,0.8817733990147784,0.5960591133004927,D,C+,B+,C+,parkerhannifincorp
AVY,Avery Dennison Corp,Materials,Paper & Plastic Packaging Products & Materials,166.68,18.7654,1.4374,12.6911,5.715147816188119,2.08,2.89,30.81,0.1025,11.59,0.2412837681828681,-2.0624,2.08,2.89,-2.0624,0.2412837681828681,29.419999999999998,0.1025,11.59,55.38461538461538,49.16429560619413,81.28205128205128,25.976331360946745,50.0,54.19479206009485,0.6615384615384615,0.4307692307692308,0.8615384615384616,0.23076923076923078,B-,C,B+,D+,averydennisoncorp
BOH,Bank of Hawaii Corp,Financials,Regional Banks,80.69,14.575,3.18756,12.9262,1.7315487801475968,38.55,38.5708,12.120000000000001,0.3821164,10.94,0.9125133689839572,18.9942,38.55,38.5708,18.9942,0.9125133689839572,12.120000000000001,0.3821164,10.94,48.72968905440909,59.92714809668905,51.776649746192895,60.35422644007946,50.0,54.1828596075042,0.457286432160804,0.6934673366834171,0.5226130653266332,0.6582914572864321,C,B-,C+,B-,bankofhawaiicorp
KD,Kyndryl Holdings Inc,Information Technology,IT Consulting & Other Services,13.12,11.879,0.1956,3.7739,2.48503674520797,86.41,0.11,20.44,0.0264,5.72,0.08856304985337242,-60.5651,86.41,0.11,-43.038165,0.08856304985337242,20.44,0.0264,5.72,97.74732786477755,54.8414408866995,40.6519533231862,17.68468688845401,50.0,54.10504585202165,0.9932885906040269,0.610738255033557,0.3825503355704698,0.11409395973154363,A+,B-,C-,D,kyndrylholdingsinc
ATR,Aptargroup Inc,Materials,"Metal, Glass & Plastic Containers",122.63,20.3532,2.0321,11.0337,2.9507376242507655,7.17,8.95,14.360000000000001,0.13470000000000001,9.73,0.31780584082682245,-18.745,7.17,8.95,-18.745,0.31780584082682245,14.360000000000001,0.13470000000000001,9.73,52.3076923076923,63.894571740316415,75.8974358974359,20.897435897435898,50.0,54.009683578832515,0.6153846153846154,0.7692307692307693,0.7769230769230769,0.16923076923076924,B-,B,B,D,aptargroupinc
BLKB,Blackbaud Inc,Information Technology,Application Software,35.32,14.3444,1.4622,13.8099,19.394871231673164,71.88,-2.34,146.36,0.1691,9.48,0.033471781089665226,-43.2246,71.88,-2.34,-43.038165,0.0538779035809368,112.17299999999994,0.1691,9.48,85.2255779269202,42.476420477704416,73.07838660578386,4.6431506849315065,50.0,53.9999053657032,0.8859060402684564,0.3422818791946309,0.7449664429530202,0.010067114093959731,B+,C-,B,F,blackbaudinc
IT,Gartner Inc,Information Technology,IT Consulting & Other Services,151.05,13.6691,1.5342,9.1352,33.45292671583284,-39.79,3.67,74.66000000000001,0.15789999999999998,20.43,0.03797792353223486,-65.109,-39.79,3.67,-43.038165,0.0538779035809368,74.66000000000001,0.15789999999999998,20.43,90.31040268456377,22.47536945812808,79.34107052257737,10.434197651663403,50.0,53.994781723743586,0.9395973154362416,0.087248322147651,0.8322147651006712,0.04697986577181208,A,D-,B+,F,gartnerinc
HGV,Hilton Grand Vacations Inc,Consumer Discretionary,"Hotels, Resorts & Cruise Lines",48.61,23.6422,0.7479,13.3236,3.1350974840536336,477.92,4.24,12.24,0.1047,1.92,0.7730542838456508,28.5639,308.84999999999906,4.24,28.5639,0.7730542838456508,12.24,0.1047,1.92,49.50750750750751,74.32828723151303,36.03603603603604,63.6036036036036,50.0,53.97226405290921,0.5133333333333333,0.8066666666666666,0.3566666666666667,0.6266666666666667,C+,B+,C-,B-,hiltongrandvacationsinc
AMKR,Amkor Technology Inc,Information Technology,Semiconductors,77.22,46.8925,2.6137,15.888,4.271135816809093,5.19,6.18,8.73,0.0694,6.41,0.9676067687348912,341.762,5.19,6.18,341.762,0.9676067687348912,8.73,0.0694,6.41,64.58177976634353,40.33833443854996,38.37677574835109,75.75104642313545,50.0,53.95751505101074,0.6845637583892618,0.2953020134228188,0.33557046979865773,0.8187919463087249,B-,D+,C-,B+,amkortechnologyinc
ATI,ATI Inc,Industrials,Aerospace & Defense,165.08,52.6494,4.8759,29.4543,12.435685928872218,10.68,2.93,24.23,0.1432,11.82,0.9699556078777622,139.9419,10.68,2.93,139.9419,0.9699556078777622,24.23,0.1432,11.82,18.226600985221676,44.60175255503398,66.50246305418719,94.12594860870723,50.0,53.92780624260046,0.10837438423645321,0.37438423645320196,0.6896551724137931,0.9802955665024631,D,C-,B-,A+,atiinc
MSCI,MSCI Inc,Financials,Financial Exchanges & Data,582.14,32.1241,13.087,24.6769,130.8032805302775,20.42,10.86,108.67,0.5536,15.49,0.647444089456869,6.7814,20.42,10.86,6.7814,0.647444089456869,40.43599999999994,0.5536,15.49,6.532663316582915,58.221102632182664,97.71573604060913,55.99803504175536,50.0,53.905927374085614,0.03015075376884422,0.6532663316582915,0.9773869346733668,0.5678391959798995,F,B-,A+,C+,msciinc
MSA,MSA Safety Inc,Industrials,Office Services & Supplies,173.97,23.9732,3.5666,14.6267,4.9521353361628,-1.62,3.69,21.82,0.19829999999999998,14.87,0.3954333160352879,11.8634,-1.62,3.69,11.8634,0.3954333160352879,21.82,0.19829999999999998,14.87,52.545155993431855,44.98551741794234,76.84729064039409,37.67093596059112,50.0,53.879402334163174,0.5517241379310345,0.3842364532019704,0.8226600985221675,0.3399014778325123,C+,C-,B+,C-,msasafetyinc
ITRI,Itron Inc,Information Technology,Electronic Equipment & Instruments,82.97,12.3363,1.5689,11.7887,2.171597276931654,25.51,-3.02,18.490000000000002,0.1323,10.48,0.07002756990941306,-22.2253,25.51,-3.02,-22.2253,0.07002756990941306,18.490000000000002,0.1323,10.48,88.44301516281382,40.5719759168035,60.400811770674785,17.673279798456935,50.0,53.860007876424234,0.912751677852349,0.3087248322147651,0.6308724832214765,0.10738255033557047,A-,C-,B-,D,itroninc
FAST,Fastenal Co,Industrials,Trading Companies & Distributors,44.71,40.3167,6.206,27.8048,13.016011644832606,12.69,10.94,33.25,0.2025,31.869999999999997,0.492268240177706,13.9108,12.69,10.94,13.9108,0.492268240177706,33.25,0.2025,26.551999999999996,18.7192118226601,72.1711547629234,90.14778325123154,36.01364153088291,50.0,53.85370802723417,0.11822660098522167,0.7931034482758621,0.9704433497536946,0.33004926108374383,D,B,A+,C-,fastenalco
MZTI,Marzetti Co,Consumer Staples,Packaged Foods & Meats,117.56,18.1498,1.6791,10.3338,3.241728848518941,14.08,2.34,17.79,0.1148,17.79,0.08158158158158153,-27.2029,14.08,2.34,-27.2029,0.08158158158158153,17.79,0.1148,17.79,58.04744837002901,61.013824884792626,63.44086021505376,31.31797235023042,50.0,53.838436593275304,0.6825396825396826,0.6666666666666666,0.6825396825396826,0.25396825396825395,B-,B-,B-,D+,marzettico
KMT,Kennametal Inc,Industrials,Industrial Machinery & Supplies & Components,43.27,29.904,1.6239,19.7355,2.561597935092767,17.43,0.36,8.61,0.0816,5.86,0.9793814432989691,118.3148,17.43,0.36,118.3148,0.9793814432989691,8.61,0.0816,5.86,50.41050903119869,50.03652487730843,29.80295566502463,93.87158720881689,50.0,53.8349885912809,0.5221674876847291,0.47783251231527096,0.23645320197044334,0.9704433497536946,C+,C,D+,A+,kennametalinc
NTCT,Netscout Systems Inc,Information Technology,Communications Equipment,35.52,26.1576,2.9123,13.1325,1.6403435854807427,,4.91,6.069999999999999,0.1278,6.069999999999999,0.9742946708463952,68.7411,,4.91,68.7411,0.9742946708463952,6.069999999999999,0.1278,6.069999999999999,73.6468431518767,39.93055555555556,38.425925925925924,64.0439497716895,50.0,53.81309333489966,0.785234899328859,0.28187919463087246,0.3422818791946309,0.6308724832214765,B,D+,C-,B-,netscoutsystemsinc
ZD,Ziff Davis Inc,Communication Services,Advertising,43.68,35.3285,1.1527,5.85,0.955932559483166,-20.04,3.54,2.62,0.0741,1.77,0.7555160142348755,38.8871,-20.04,3.54,38.8871,0.7555160142348755,2.62,0.0741,1.77,66.16161616161617,42.37012987012987,25.014854426619127,87.61140819964349,50.0,53.790425261013496,0.75,0.3055555555555556,0.19444444444444445,0.8611111111111112,B,C-,D,B+,ziffdavisinc
DUOL,Duolingo Inc,Consumer Discretionary,Education Services,105.02,11.9081,4.7521,27.2498,3.6353692139405434,353.51,38.71,36.6,0.1307,36.6,0.03748030806931559,-78.5914,308.84999999999906,22.8195,-36.141299999999994,0.03940540010471037,36.6,0.1307,36.6,33.60360360360361,97.25477225477225,77.70270270270271,7.338877338877338,50.0,53.7453064953065,0.28,0.9866666666666667,0.84,0.03333333333333333,D+,A+,B+,F,duolingoinc
TER,Teradyne Inc,Information Technology,Semiconductor Materials & Equipment,382.48,108.0673,18.7692,91.6346,21.353998012439007,4.98,13.13,19.88,0.20379999999999998,19.189999999999998,0.8864469914040115,416.3764,4.98,13.13,416.3764,0.8864469914040115,19.88,0.20379999999999998,19.189999999999998,17.85980611483967,55.72369321291735,73.74429223744292,73.3670363122418,50.0,53.719170493102474,0.12080536912751678,0.6308724832214765,0.7583892617449665,0.7785234899328859,D,B-,B,B,teradyneinc
RPM,RPM International Inc,Materials,Specialty Chemicals,102.41,19.4734,1.6812,13.7498,4.552648191121425,3.92,5.68,21.8,0.1152,11.78,0.2621546961325965,-5.8559,3.92,5.68,-5.8559,0.2621546961325965,21.8,0.1152,11.78,51.794871794871796,62.617730418182205,81.02564102564104,14.896810506566602,50.0,53.70803639007797,0.5769230769230769,0.6923076923076923,0.8461538461538461,0.1076923076923077,C+,B-,B+,D,rpminternationalinc
ACA,Arcosa Inc,Industrials,Construction & Engineering,131.39,30.9533,2.2372,13.7496,2.4373864924377755,121.29,12.2,8.18,0.1186,5.0,0.9223930357473602,52.8324,105.9125,12.2,52.8324,0.9223930357473602,8.18,0.1186,5.0,53.36617405582922,77.80355597930682,34.97536945812808,55.27640941434045,50.0,53.70137895721878,0.5615763546798029,0.8768472906403941,0.28078817733990147,0.5517241379310345,C+,B+,D+,C+,arcosainc
ZTS,Zoetis Inc,Health Care,Pharmaceuticals,111.22,17.5546,4.9565,14.652,14.188034188034187,10.17,2.28,58.230000000000004,0.3549,22.45,0.004568445097079477,-25.789,10.17,2.28,-25.789,0.024056178346228273,58.230000000000004,0.3549,22.45,58.51851851851851,45.66840177366493,90.97744360902256,10.884904569115095,50.0,53.68465180044127,0.6518518518518519,0.43703703703703706,0.9703703703703703,0.07407407407407407,B-,C,A+,D-,zoetisinc
ESI,Element Solutions Inc,Materials,Specialty Chemicals,44.24,56.4842,4.2244,21.3074,4.014591916368718,-21.85,3.84,7.290000000000001,0.1566,4.5,0.9729508196721313,113.5135,-21.85,3.84,113.5135,0.9719220239469605,7.290000000000001,0.1566,4.5,24.615384615384613,49.383903894877974,55.38461538461539,93.92120075046904,50.0,53.6610209290694,0.13846153846153847,0.47692307692307695,0.5461538461538461,0.9846153846153847,D,C,C+,A+,elementsolutionsinc
MUSA,Murphy USA Inc,Consumer Discretionary,Automotive Retail,576.37,22.3592,0.5428,12.7154,17.162194755193738,0.37,-4.25,74.25,0.037200000000000004,17.07,0.8735759598322691,14.6754,0.37,-4.25,14.6754,0.8735759598322691,74.25,0.037200000000000004,17.07,55.747747747747745,32.125307125307124,58.78378378378378,67.97706797706797,50.0,53.6533579033579,0.6266666666666667,0.23333333333333334,0.5566666666666666,0.6933333333333334,B-,D+,C+,B-,murphyusainc
UPS,United Parcel Service Inc,Industrials,Air Freight & Logistics,99.89,16.1523,0.96,8.8765,5.22248770056831,-9.84,-2.85,33.03,0.08460000000000001,12.989999999999998,0.44271219995050737,6.4812,-9.84,-2.85,6.4812,0.44271219995050737,33.03,0.08460000000000001,12.989999999999998,84.89326765188834,27.223471745162513,63.05418719211823,30.621447517999236,50.0,53.55584756363399,0.916256157635468,0.16748768472906403,0.645320197044335,0.2857142857142857,A-,D,B-,D+,unitedparcelserviceinc
ADMA,ADMA Biologics Inc,Health Care,Biotechnology,10.08,15.984,4.6034,12.407,5.023422705073258,-25.56,19.63,34.98,0.36869999999999997,29.82,0.1692167996273563,-56.7693,-25.56,19.63,-43.9232,0.1692167996273563,34.98,0.36869999999999997,29.82,63.77665544332211,44.48185681595293,89.97493734335838,6.096763648251063,50.0,53.553622289510926,0.6962962962962963,0.4074074074074074,0.9592592592592593,0.02962962962962963,B-,C,A,F,admabiologicsinc
ETR,Entergy Corp,Utilities,Electric Utilities,112.96,28.9033,3.977,14.951,2.964922779720096,-7.14,9.17,10.71,0.24850000000000003,3.75,0.8595210654373159,34.6044,-7.14,9.17,34.6044,0.8595210654373159,10.71,0.24850000000000003,3.75,23.573851372186244,45.14430818778645,62.31884057971015,90.16722408026756,50.0,53.5354794415849,0.19148936170212766,0.3829787234042553,0.574468085106383,0.9361702127659575,D,C-,C+,A,entergycorp
NFLX,Netflix Inc,Communication Services,Movies & Entertainment,88.27,28.6535,8.1724,33.5381,14.002665059170658,46.23,16.72,49.24,0.2375,32.15,0.2243275249534764,-22.4136,46.23,16.72,-22.4136,0.2243275249534764,48.706,0.2375,29.365999999999993,20.622895622895623,78.58391608391608,95.06833036244801,19.20608802961744,50.0,53.48080731904261,0.1388888888888889,0.9166666666666666,1.0,0.16666666666666666,D,A-,A+,D,netflixinc
NRG,NRG Energy Inc,Utilities,Independent Power Producers & Energy Traders,150.64,36.7247,1.0331,13.9401,17.060215857484227,-17.71,9.18,39.65,0.058499999999999996,5.87,0.48099123809724925,28.7411,-17.71,9.18,28.7411,0.48099123809724925,20.5475,0.08075,5.87,50.66296638914586,41.61367932634474,63.76811594202898,57.655954631379956,50.0,53.46169737433865,0.5106382978723404,0.3191489361702128,0.6063829787234043,0.6170212765957447,C+,C-,B-,B-,nrgenergyinc
IDCC,InterDigital Inc,Information Technology,Communications Equipment,278.0,18.9799,8.3888,13.6213,6.484690997476103,-15.71,1.65,33.37,0.4962,23.630000000000003,0.3491925345711246,29.7065,-15.71,1.65,29.7065,0.3491925345711246,33.37,0.4259,23.630000000000003,65.10688540889883,20.434583675424193,88.55276509386097,29.796660958904113,50.0,53.461161552555616,0.7114093959731543,0.053691275167785234,0.9228187919463087,0.2214765100671141,B,D-,A-,D+,interdigitalinc
ABNB,Airbnb Inc,Consumer Discretionary,"Hotels, Resorts & Cruise Lines",139.88,33.6491,6.9025,32.5323,10.42402563529324,-1.88,10.26,30.880000000000003,0.2078,24.79,0.7977497255762896,14.9667,-1.88,10.26,14.9667,0.7977497255762896,30.880000000000003,0.2078,24.79,13.594594594594591,66.31925180312277,80.18018018018019,58.54217854217854,50.0,53.415979762753956,0.06,0.7133333333333334,0.88,0.54,D-,B,B+,C+,airbnbinc
BCPC,Balchem Corp,Materials,Specialty Chemicals,161.38,32.9823,4.9309,20.368,4.1144331500220535,16.84,9.62,12.379999999999999,0.2023,10.92,0.49653476414039793,-1.4052,16.84,9.62,-1.4052,0.49653476414039793,12.379999999999999,0.2023,10.92,30.25641025641026,78.97706326153471,79.48717948717949,25.891181988742964,50.0,53.40954648595297,0.25384615384615383,0.8769230769230769,0.823076923076923,0.2153846153846154,D+,B+,B+,D+,balchemcorp
WMT,Walmart Inc,Consumer Staples,Consumer Staples Merchandise Retail,130.08,47.6276,1.4621,25.5526,10.40748237816733,13.49,4.73,23.69,0.0418,15.17,0.8922897196261685,31.9939,13.49,4.73,31.9939,0.8922897196261685,23.69,0.0418,15.17,23.86926096603516,65.87017124651533,52.68817204301075,80.40621266427718,50.0,53.39463503441998,0.19047619047619047,0.7301587301587301,0.5079365079365079,0.8095238095238095,D,B,C+,B+,walmartinc
APPF,Appfolio Inc,Information Technology,Application Software,167.17,38.8773,5.9356,30.0264,11.088632112392045,-21.42,20.72,30.9,0.1707,30.9,0.1333260596803229,-21.5901,-21.42,20.72,-21.5901,0.1333260596803229,30.9,0.1707,30.9,48.40293313447676,49.740502975462626,77.70167427701675,34.521004566210046,50.0,53.37845336120792,0.5302013422818792,0.48322147651006714,0.8053691275167785,0.28859060402684567,C+,C,B+,D+,appfolioinc
RRR,Red Rock Resorts Inc,Consumer Discretionary,Casinos & Gaming,52.93,29.386,2.7475,10.9808,26.671705719324766,5.98,3.74,85.64,0.3012,5.18,0.3782423538521101,22.1556,5.98,3.74,22.1556,0.3782423538521101,85.64,0.26367000000000007,5.18,38.042042042042034,55.95959595959596,72.63513513513514,47.549549549549546,50.0,53.371123396123394,0.3333333333333333,0.58,0.7733333333333333,0.44666666666666666,C-,C+,B,C,redrockresortsinc
L,Loews Corp,Financials,Multi-line Insurance,105.29,13.204,1.1911,11.7488,1.1607703925827115,24.7,5.29,9.3,0.14279999999999998,6.15,0.6708892838674105,21.3298,24.7,5.29,21.3298,0.6708892838674105,9.3,0.14279999999999998,6.15,65.6837486927021,54.53248882600005,32.99492385786802,63.94811054709532,50.0,53.365788012261596,0.7035175879396985,0.5628140703517588,0.32663316582914576,0.6733668341708543,B,C+,C-,B-,loewscorp
USPH,US Physical Therapy Inc,Health Care,Health Care Facilities,73.65,26.929,1.3648,11.0833,2.337746431484826,25.0,16.33,8.0,0.1108,6.03,0.26015654118524056,2.9062,25.0,16.33,2.9062,0.26015654118524056,8.0,0.1108,6.03,69.24242424242425,72.18369198859217,41.8546365914787,30.334456831734506,50.0,53.27789497254108,0.8,0.8148148148148148,0.3851851851851852,0.2518518518518518,B,B+,C-,D+,usphysicaltherapyinc
EEFT,Euronet Worldwide Inc,Financials,Transaction & Payment Processing Services,69.67,8.547,0.6233,4.4372,2.0956913044001397,7.51,6.38,23.7,0.12480000000000001,8.72,0.11757719714964379,-33.413,7.51,6.38,-33.413,0.11757719714964379,23.7,0.12480000000000001,8.72,63.74384613422443,39.504449645582014,82.74111675126903,18.74788494077834,50.0,53.27170763864544,0.678391959798995,0.33668341708542715,0.8291457286432161,0.1658291457286432,B-,C-,B+,D,euronetworldwideinc
ELV,Elevance Health Inc,Health Care,Managed Health Care,374.71,15.6719,0.41,12.6996,1.8847690879962977,-8.29,9.44,11.95,0.0381,6.950000000000001,0.6709625988175113,-9.486,-8.29,9.44,-9.486,0.6709625988175113,11.95,0.0381,6.950000000000001,83.51851851851852,42.15662232504337,41.854636591478695,42.46385193753615,50.0,53.26738363001521,0.9111111111111111,0.37777777777777777,0.37777777777777777,0.3851851851851852,A-,C-,C-,C-,elevancehealthinc
ROK,Rockwell Automation Inc,Industrials,Electrical Components & Equipment,459.35,47.1949,5.4545,36.4482,14.129976714069072,8.54,5.84,27.689999999999998,0.12210000000000001,14.11,0.9806023361636254,81.5254,8.54,5.84,81.5254,0.9806023361636254,27.689999999999998,0.12210000000000001,14.11,15.763546798029557,61.61104931405264,69.12972085385879,73.19868637110017,50.0,53.18526405000265,0.09359605911330049,0.6600985221674877,0.7389162561576355,0.7536945812807881,D-,B-,B,B,rockwellautomationinc
SXT,Sensient Technologies Corp,Materials,Specialty Chemicals,119.12,37.6507,3.141,21.3874,4.218712924235287,7.38,3.52,11.63,0.1285,7.19,0.7811764705882355,25.7601,7.38,3.52,25.7601,0.7811764705882355,11.63,0.1285,7.19,30.25641025641026,61.65046833870669,63.58974358974359,61.801125703564736,50.0,53.15185726999275,0.25384615384615383,0.676923076923077,0.676923076923077,0.6615384615384615,D+,B-,B-,B-,sensienttechnologiescorp
STRA,Strategic Education Inc,Consumer Discretionary,Education Services,78.58,14.0342,1.4011,7.214,1.096262690098619,16.1,3.96,7.66,0.1374,7.66,0.3738868655396726,-10.5113,16.1,3.96,-10.5113,0.3738868655396726,7.66,0.1374,7.66,69.05405405405405,61.47546147546147,46.05855855855856,35.34303534303534,50.0,53.14185251685251,0.7533333333333333,0.64,0.44666666666666666,0.32,B,B-,C,C-,strategiceducationinc
VSCO,Victoria's Secret & Co,Consumer Discretionary,Apparel Retail,51.52,25.652,0.6302,15.4965,4.814953271028038,-3.99,5.2,22.720000000000002,0.0414,8.83,0.6886282136996293,171.0153,-3.99,5.2,87.71322500000002,0.6886282136996293,22.720000000000002,0.0414,8.83,45.00900900900901,44.218983874156294,42.34234234234234,87.24137931034481,50.0,53.12991047473807,0.43333333333333335,0.3933333333333333,0.4266666666666667,0.9,C,C-,C,B+,victoriassecretco
CDNS,Cadence Design Systems Inc,Information Technology,Application Software,354.9,86.0174,18.0079,62.1328,17.62121099277575,5.27,14.12,21.68,0.2817,14.6,0.8105034477905994,16.0638,5.27,14.12,16.0638,0.8105034477905994,21.68,0.2817,14.6,22.882488192890875,45.7037478601125,76.00837138508372,71.19543378995434,50.0,53.10255122450702,0.174496644295302,0.3959731543624161,0.7919463087248322,0.738255033557047,D,C-,B,B,cadencedesignsystemsinc
CART,Maplebear Inc,Consumer Staples,Food Retail,40.16,23.1626,2.7669,18.686,3.884734810744929,2.87,10.78,13.530000000000001,0.1328,13.530000000000001,0.35772749157438605,-7.114,2.87,10.78,-7.114,0.35772749157438605,13.530000000000001,0.1328,13.530000000000001,34.01604369346305,73.02150537634408,56.4516129032258,54.04466501240694,50.0,53.030148226922414,0.2698412698412698,0.7936507936507936,0.5555555555555556,0.5396825396825397,D+,B,C+,C+,maplebearinc
A,Agilent Technologies Inc,Health Care,Life Sciences Tools & Services,117.69,24.8306,4.5338,18.6508,4.941801874433135,3.9,8.14,19.73,0.204,12.98,0.2384188874977642,11.8301,3.9,8.14,11.8301,0.2384188874977642,19.73,0.204,12.98,45.75757575757576,53.19409635199109,70.92731829573934,40.930103035366194,50.0,52.99606339080024,0.43703703703703706,0.5555555555555556,0.7111111111111111,0.37037037037037035,C,C+,B,C-,agilenttechnologiesinc
CIEN,Ciena Corp,Information Technology,Communications Equipment,576.79,347.3033,15.524,241.8599,29.80103024071672,192.93,26.54,8.260000000000002,0.059800000000000006,5.3100000000000005,0.986386881514223,693.8205,192.93,26.54,486.1248599999999,0.986386881514223,8.260000000000002,0.059800000000000006,5.3100000000000005,13.045302013422821,89.98080015051997,33.87557077625571,91.25891837899545,50.0,52.978161903322714,0.06040268456375839,0.9731543624161074,0.28187919463087246,0.9798657718120806,D-,A+,D+,A+,cienacorp
HUM,Humana Inc,Health Care,Managed Health Care,246.33,24.8499,0.2277,13.0689,1.6823498397079093,-1.51,10.11,6.59,0.0203,3.8600000000000003,0.5466433523255004,-2.1607,-1.51,10.11,-2.1607,0.5466433523255004,6.59,0.0203,3.8600000000000003,76.58810325476992,54.68259109311741,30.57644110275689,51.19722382880278,50.0,52.96709907376574,0.8518518518518519,0.6074074074074074,0.25925925925925924,0.4888888888888889,B+,B-,D+,C,humanainc
BJ,BJ's Wholesale Club Holdings Inc,Consumer Staples,Consumer Staples Merchandise Retail,92.45,20.728,0.5587,11.2753,5.453537278127452,9.44,4.66,27.41,0.0381,21.8,0.17147102526002964,-22.849,9.44,4.66,-22.849,0.17147102526002964,27.41,0.0381,21.8,67.01655572623315,57.865392273994416,59.13978494623657,24.253285543608126,50.0,52.96282073163794,0.746031746031746,0.5873015873015873,0.6031746031746031,0.15873015873015872,B,C+,B-,D,bjswholesaleclubholdingsinc
PRIM,Primoris Services Corp,Industrials,Construction & Engineering,101.23,40.0315,1.4528,21.6744,3.2545967200043724,51.48,18.97,17.48,0.054299999999999994,13.0,0.2664274658787112,55.4992,51.48,18.97,55.4992,0.2664274658787112,17.48,0.054299999999999994,13.0,42.857142857142854,82.17684552501015,48.11165845648603,43.89162561576355,50.0,52.955894556561965,0.41133004926108374,0.9113300492610837,0.4630541871921182,0.4039408866995074,C,A-,C,C,primorisservicescorp
NWS,News Corp,Communication Services,Publishing,30.23,13.353,1.7822,11.412,1.9479849986467852,179.7,-12.13,13.36,0.1,10.879999999999999,0.8533475026567483,-5.5175,179.7,-12.13,-5.5175,0.8533475026567483,13.36,0.1,10.879999999999999,55.63973063973064,45.23358585858586,53.69875222816399,57.6403743315508,50.0,52.90941275500099,0.5972222222222222,0.4027777777777778,0.5138888888888888,0.5833333333333334,C+,C,C+,C+,newscorp
OLN,Olin Corp,Materials,Diversified Chemicals,28.8,1000000.0,0.4812,10.818,1.7791505791505793,,3.68,-5.18,0.08,-2.0500000000000003,0.8656873032528858,40.6937,,3.68,40.6937,0.8656873032528858,-5.18,0.08,-2.0500000000000003,59.230769230769226,58.33333333333333,28.71794871794872,71.21794871794873,50.0,52.8974358974359,0.6923076923076923,0.6,0.26153846153846155,0.7384615384615385,B-,C+,D+,B,olincorp
DHI,D.R. Horton Inc,Consumer Discretionary,Homebuilding,149.17,13.3334,1.2685,10.8254,1.8158799720015826,-19.22,-5.57,13.239999999999998,0.1268,10.47,0.4973357015985789,22.3909,-19.22,-5.57,22.3909,0.4973357015985789,13.239999999999998,0.1268,10.47,62.93993993993994,33.415233415233416,53.265765765765764,60.72586872586872,50.0,52.87964685464685,0.7,0.24,0.5066666666666667,0.56,B-,D+,C+,C+,drhortoninc
SLB,SLB NV,Energy,Oil & Gas Equipment & Services,55.16,24.6511,2.2834,12.6643,3.1591667955304317,-22.55,-0.37,14.74,0.12279999999999999,9.39,0.9201877934272298,64.2644,-22.55,-0.37,64.2644,0.9201877934272298,14.74,0.12279999999999999,9.39,34.72222222222222,44.94915553383295,66.66666666666667,67.63888888888889,50.0,52.864831106766594,0.25,0.4107142857142857,0.7142857142857143,0.625,D+,C,B,B-,slbnv
PAG,Penske Automotive Group Inc,Consumer Discretionary,Automotive Retail,169.73,11.982,0.3647,11.5612,2.0066015808800057,2.83,0.91,16.79,0.0434,8.17,0.5995140716744279,9.067,2.83,0.91,9.067,0.5995140716744279,16.79,0.0434,8.17,75.12612612612612,43.98546273546273,38.62612612612613,53.022113022113025,50.0,52.83957821457821,0.8133333333333334,0.38666666666666666,0.37333333333333335,0.49333333333333335,B+,C-,C-,C,penskeautomotivegroupinc
SPXC,SPX Technologies Inc,Industrials,Industrial Machinery & Supplies & Components,212.74,42.148,4.5336,24.08,4.741315907946173,18.94,17.39,12.32,0.1575,9.27,0.6662077104642015,43.3461,18.94,17.39,43.3461,0.6662077104642015,12.32,0.1575,9.27,23.64532019704433,86.3073448612937,53.858784893267654,55.937212991567165,50.0,52.82493784315017,0.1477832512315271,0.9507389162561576,0.5517241379310345,0.5566502463054187,D,A,C+,C+,spxtechnologiesinc
ARMK,Aramark,Consumer Discretionary,Distributors,45.78,37.6162,0.6346,13.8379,3.82315606627472,24.1,6.35,10.17,0.042199999999999994,3.4299999999999997,0.9164768413059984,21.6259,24.1,6.35,21.6259,0.9100831604054528,10.17,0.042199999999999994,3.4299999999999997,43.27027027027027,76.05312822704127,25.225225225225227,77.3207990599295,50.0,52.79865933126803,0.4,0.8266666666666667,0.18666666666666668,0.8266666666666667,C-,B+,D,B+,aramark
HPQ,HP Inc,Information Technology,"Technology Hardware, Storage & Peripherals",21.41,7.7786,0.3471,7.7128,1.3909371447133345,-4.73,4.36,16.85,0.054900000000000004,9.98,0.32110091743119273,-16.4651,-4.73,4.36,-16.4651,0.32110091743119273,16.85,0.054900000000000004,9.98,96.59768829231916,30.594169914093285,50.77688990360223,24.15017757483511,50.0,52.79251404676603,0.9798657718120806,0.16778523489932887,0.5234899328859061,0.16778523489932887,A+,D,C+,D,hpinc
IOSP,Innospec Inc,Materials,Specialty Chemicals,77.67,16.4503,1.0788,9.3319,1.4512277607333306,232.77,-3.65,9.01,0.0728,9.01,0.4047936085219707,-16.0687,232.77,-3.65,-16.0687,0.4047936085219707,9.01,0.0728,9.01,72.3076923076923,66.35240579805432,53.333333333333336,15.534709193245778,50.0,52.78767940851643,0.823076923076923,0.8,0.5230769230769231,0.12307692307692308,B+,B,C+,D,innospecinc
CVCO,Cavco Industries Inc,Consumer Discretionary,Homebuilding,500.1,20.8179,1.7429,15.2442,3.7618587689446934,13.34,14.3,17.14,0.09789999999999999,17.02,0.3335785272713046,-5.5173,13.34,14.3,-5.5173,0.3335785272713046,17.14,0.09789999999999999,17.02,39.01801801801802,86.63156663156664,57.54504504504505,31.49034749034749,50.0,52.7651485901486,0.34,0.9466666666666667,0.5466666666666666,0.29333333333333333,C-,A,C+,D+,cavcoindustriesinc
HAYW,Hayward Holdings Inc,Industrials,Electrical Components & Equipment,14.92,20.8131,2.8112,14.4135,2.0357483967799155,27.25,6.71,10.02,0.2079,6.13,0.4008528784648188,3.4875,27.25,6.71,3.4875,0.4008528784648188,10.02,0.2079,6.13,59.441707717569784,77.23052068435828,50.57471264367816,23.825944170771756,50.0,52.71539806133799,0.6674876847290641,0.8669950738916257,0.5221674876847291,0.18226600985221675,B-,B+,C+,D,haywardholdingsinc
CSL,Carlisle Companies Inc,Industrials,Industrial Conglomerates,373.96,19.8623,2.9307,15.3174,8.539810277185307,-38.11,0.33,36.69,0.1997,16.82,0.5651624675415816,-2.986,-38.11,0.33,-2.986,0.5651624675415816,36.69,0.1997,16.82,57.307060755336614,20.99974398361495,85.13957307060755,39.499178981937604,50.0,52.711443049596554,0.6330049261083743,0.10344827586206896,0.9211822660098522,0.3645320197044335,B-,D,A-,C-,carlislecompaniesinc
DUK,Duke Energy Corp,Utilities,Electric Utilities,125.54,19.6375,3.0263,11.9822,1.8839948975763487,9.07,6.19,9.700000000000001,0.2676,3.5700000000000003,0.6153846153846154,2.1149,9.07,6.19,2.1149,0.6153846153846154,9.700000000000001,0.2676,3.5700000000000003,65.03237742830713,47.987117552334944,56.15942028985506,39.041248606466,50.0,52.703622661300734,0.6808510638297872,0.44680851063829785,0.5319148936170213,0.3829787234042553,B-,C,C+,C-,dukeenergycorp
HSIC,Henry Schein Inc,Health Care,Health Care Distributors,72.44,20.8867,0.6305,12.3373,2.5844292064760572,7.13,4.03,11.92,0.0495,6.25,0.38368690563277225,9.3599,7.13,4.03,9.3599,0.38368690563277225,11.92,0.0495,6.25,78.35016835016835,38.401438378555085,41.35338345864662,50.31055900621118,50.0,52.668287429157,0.8814814814814815,0.34814814814814815,0.37037037037037035,0.4740740740740741,B+,C-,C-,C,henryscheininc
SMCI,Super Micro Computer Inc,Information Technology,"Technology Hardware, Storage & Peripherals",34.66,23.7872,0.74,18.9645,3.2678074765473997,-42.62,34.76,13.33,0.035699999999999996,8.1,0.35402770651616206,5.2216,-42.62,34.76,5.2216,0.35402770651616206,13.33,0.035699999999999996,8.1,77.68767089236889,53.14386372815491,43.86415525114156,33.18958227634026,50.0,52.65464573677665,0.8456375838926175,0.5771812080536913,0.42953020134228187,0.26174496644295303,B+,C+,C,D+,supermicrocomputerinc
DBX,Dropbox Inc,Information Technology,Application Software,24.69,11.5946,2.3382,9.5867,30.0145878920496,46.77,-1.07,-36.76,0.2733,-27.12,0.279775805698272,-14.3006,46.77,-1.07,-14.3006,0.279775805698272,-9.725999999999999,0.2733,-7.6265,88.05773054934127,41.73404255319149,29.02397260273973,50.136073059360726,50.0,52.64444891053069,0.9060402684563759,0.31543624161073824,0.24161073825503357,0.4697986577181208,A-,C-,D+,C,dropboxinc
EOG,EOG Resources Inc,Energy,Oil & Gas Exploration & Production,134.69,14.5246,3.1911,7.0863,2.4274723036746404,-18.99,-4.29,16.76,0.2817,13.88,0.6582889785267043,23.887,-18.99,-4.29,23.887,0.6582889785267043,16.76,0.2817,13.88,56.10670194003527,35.93502252038837,80.55555555555556,30.876242095754293,50.0,52.52781729712625,0.6964285714285714,0.26785714285714285,0.8482142857142857,0.21428571428571427,B-,D+,B+,D+,eogresourcesinc
