Ticker,Name,Sector,SubIndustry,Price,PE_Rank,PS_Rank,EV_EBITDA_Used,PB_Ratio,EPS_Growth,Rev_Growth,ROE,Op_Margin,ROIC,Mom_Range,Mom_12M,EPS_Growth_Win,Rev_Growth_Win,Mom_12M_Win,Mom_Range_Win,ROE_Win,Op_Margin_Win,ROIC_Win,Value_S,Growth_S,Prof_S,Mom_S,Rev_S,Fundamental_Score,Value_Pct,Growth_Pct,Prof_Pct,Mom_Pct,Value_Grade,Growth_Grade,Prof_Grade,Mom_Grade,Name_Key,Rev_Change,Rec_BuyRatio,Shrunk_Ratio,Analyst_Count,Streak_Days,Streak_Score,Rev_Change_Win,Rev_Pct,Rev_Grade,FundamentalPlusRev_Score,Consensus_Score,Sentiment_Score,Alpha_Score,Val_Fail,Mom_Fail,Min_Fund_Factor
MU,Micron Technology Inc,Information Technology,Semiconductors,542.21,25.3606,10.521,16.6567,11.231600359603442,412.05,85.55,40.839999999999996,0.48340000000000005,33.46,0.9920985756080895,597.1969,241.03349999999992,47.995000000000005,489.749,0.9920985756080895,40.839999999999996,0.42322000000000004,33.46,56.09083957350416,97.23501227487145,91.51120345121124,94.70112990008366,54.166666666666664,80.28773919116988,0.5947712418300654,1.0,0.954248366013072,0.9934640522875817,C+,A+,A,A+,microntechnologyinc,0.01712089447938503,0.9245283018867925,0.8922413793103449,53.0,90.0,84.89281911636292,0.01712089447938503,0.5294117647058824,C+,80.70440585783655,89.22413793103449,87.49161040516586,82.06184676730243,False,False,54.166666666666664
WDC,Western Digital Corp,Information Technology,"Technology Hardware, Storage & Peripherals",431.52,22.1614,12.2521,37.9683,27.028449021007926,269.21,32.04,90.82000000000001,0.29460000000000003,58.78,0.9625328767803086,881.843,241.03349999999992,32.04,489.749,0.9625328767803086,90.82000000000001,0.29460000000000003,52.535,44.18185228469607,92.44308478647855,91.79110937973424,91.4646057098336,74.50980392156863,75.77477851537,0.46405228758169936,0.9803921568627451,0.9607843137254902,0.9803921568627451,C,A+,A,A+,westerndigitalcorp,0.054166666666666696,0.8666666666666667,0.8214285714285714,30.0,30.75,47.573080727553055,0.054166666666666696,0.7352941176470589,B,78.22575890752687,82.14285714285714,68.31494657673551,76.2435964413686,False,False,44.18185228469607
DAL,Delta Air Lines Inc,Industrials,Passenger Airlines,68.98,10.1227,0.6953,6.744,2.1703562933410523,21.36,5.24,23.14,0.08779999999999999,13.209999999999999,0.7879828326180258,66.2169,21.36,5.24,66.2169,0.7879828326180258,23.14,0.08779999999999999,13.209999999999999,93.47661595427836,67.79681643678289,58.41584158415842,77.28429985855729,52.17391304347826,71.98933764367723,0.975609756097561,0.7365853658536585,0.6,0.7804878048780488,A+,B,C+,B,deltaairlinesinc,0.0,0.90625,0.8581081081081081,32.0,90.0,84.89281911636292,0.0,0.4634146341463415,C,72.20672894802506,85.8108108108108,85.44361413303164,74.85410598502638,False,False,52.17391304347826
NEM,Newmont Corporation,Materials,Gold,108.62,16.3666,5.1152,8.4803,3.492694345835263,118.49,21.34,21.72,0.47909999999999997,18.02,0.6968017549936498,110.9536,118.49,21.34,110.9536,0.6968017549936498,21.72,0.24933999999999995,14.726499999999989,55.99931728963987,85.98077549690453,93.54838709677419,77.12609970674487,56.49350649350649,75.00830113733339,0.6507936507936508,0.9365079365079365,0.9841269841269841,0.7777777777777778,B-,A,A+,B,newmontcorporation,0.005747126436781658,0.8333333333333334,0.7928571428571429,30.0,30.75,47.573080727553055,0.005747126436781658,0.5714285714285714,C+,75.65765178668404,79.28571428571429,66.6006608624498,73.84625360183719,False,False,55.99931728963987
INDV,"Indivior Pharmaceuticals, Inc",Health Care,Pharmaceuticals,37.66,21.8647,3.7029,17.3367,100.77602354830077,7022.71,4.38,159.06,0.2113,29.4,0.9197005784280365,226.0606,476.4779999999973,4.38,96.76192999999994,0.9197005784280365,101.2055,0.2113,29.4,54.16763050350837,70.39078568490334,89.14141414141415,96.10722610722611,23.076923076923077,74.12686351965652,0.6136363636363636,0.7878787878787878,0.9393939393939394,0.9772727272727273,B-,B,A,A+,indiviorpharmaceuticalsinc,-0.0064102564102564985,0.9166666666666666,0.8088235294117647,12.0,90.0,84.89281911636292,-0.0064102564102564985,0.2,D,71.43455582734883,80.88235294117648,82.48653941125104,73.64495254412928,False,False,23.076923076923077
CPRX,Catalyst Pharmaceuticals Inc,Health Care,Biotechnology,28.74,16.3762,5.9591,8.7245,3.689771603908025,28.29,19.78,24.32,0.43770000000000003,24.32,0.7172464840858621,18.4178,28.29,19.78,18.4178,0.7172464840858621,24.32,0.42408999999999974,24.32,65.38476366720643,68.43630816170862,87.87878787878788,63.346508563899874,51.11111111111111,69.67245123162027,0.7272727272727273,0.7575757575757576,0.9242424242424242,0.6363636363636364,B,B,A-,B-,catalystpharmaceuticalsinc,0.0,0.9285714285714286,0.8289473684210527,14.0,90.0,84.89281911636292,0.0,0.5333333333333333,C+,69.78356234273139,82.89473684210526,83.69396975180832,72.56564382454678,False,False,51.11111111111111
ENVA,Enova International Inc,Financials,Consumer Finance,170.93,13.7929,2.3241,11.125,3.160442421261662,56.49,19.67,24.45,0.4035,5.7700000000000005,0.9344206204379563,86.6048,56.49,19.67,72.80332,0.9344206204379563,24.45,0.4035,5.7700000000000005,39.79923773456655,67.8214025561032,84.42211055276381,89.75684875992866,93.58974358974359,67.57098733503896,0.3285024154589372,0.8357487922705314,0.8502415458937198,0.9227053140096618,C-,B+,B+,A-,enovainternationalinc,0.06593406593406603,0.9230769230769231,0.8194444444444445,13.0,60.75,72.07785264344429,0.06593406593406603,0.9166666666666666,A-,71.92996169401333,81.94444444444446,77.99780772404439,72.35732628044204,True,False,39.79923773456655
MCK,McKesson Corp,Health Care,Health Care Distributors,814.02,22.974,0.2505,17.0162,25.897728754998873,59.37,15.49,39.43,0.014199999999999999,16.23,0.4890055248618784,15.1747,59.37,15.49,15.1747,0.4890055248618784,39.43,0.014199999999999999,16.23,71.85018120132624,80.31620553359684,60.0,64.82213438735178,72.72727272727273,66.99021328452129,0.8333333333333334,0.9242424242424242,0.6212121212121212,0.6590909090909091,B+,A-,B-,B-,mckessoncorp,0.005928853754940677,0.8695652173913043,0.8124999999999999,23.0,90.0,84.89281911636292,0.005928853754940677,0.7,B-,69.26294055724856,81.24999999999999,82.70712764654516,71.95177797510789,False,False,60.0
BTSG,Brightspring Health Services Inc,Health Care,Health Care Services,52.58,32.7753,0.7443,22.3562,5.387460680143857,417.71,17.97,16.72,0.0268,7.07,0.9435787211176786,193.743,417.71,17.97,96.76192999999994,0.9435787211176786,16.72,0.0268,7.07,54.764245508520325,88.26839826839827,44.57070707070707,97.83549783549783,47.22222222222222,67.05451736558607,0.6363636363636364,0.9696969696969697,0.4090909090909091,0.9924242424242424,B-,A,C,A+,brightspringhealthservicesinc,0.0,0.9545454545454546,0.8796296296296297,22.0,90.0,84.89281911636292,0.0,0.36666666666666664,C-,66.7767395878083,87.96296296296296,86.73490542432295,70.76837275511123,False,False,44.57070707070707
APP,Applovin Corp,Information Technology,Application Software,460.0,46.3983,26.6425,38.5168,72.90246917493423,114.67,45.98,249.2,0.6847,68.05,0.3907766472558179,64.5855,114.67,45.98,64.5855,0.3907766472558179,108.96000000000001,0.42322000000000004,52.535,29.7969960611176,90.63694352322798,97.69221890374986,75.22989336515147,59.04977375565611,70.04567111889276,0.2679738562091503,0.9738562091503268,0.9967320261437909,0.8169934640522876,D+,A+,A+,B+,applovincorp,0.03594771241830064,0.8888888888888888,0.847560975609756,36.0,90.0,84.89281911636292,0.03594771241830064,0.5588235294117647,C+,70.95064849445836,84.75609756097559,84.81078618313052,70.69908261976136,True,False,29.7969960611176
MLI,Mueller Industries Inc,Industrials,Industrial Machinery & Supplies & Components,133.03,17.3708,3.3649,11.8399,4.607594235225253,39.47,11.54,27.029999999999998,0.24239999999999998,27.029999999999998,0.901510663507109,81.0425,39.47,11.54,81.0425,0.901510663507109,27.029999999999998,0.24239999999999998,27.029999999999998,64.75730499879256,88.41305782385352,87.29372937293728,82.24075039082857,56.25,77.14352023586888,0.7414634146341463,0.9707317073170731,0.9512195121951219,0.8536585365853658,B,A+,A,B+,muellerindustriesinc,0.0,0.8333333333333334,0.7045454545454546,6.0,0.0,0.0,0.0,0.7195121951219512,B,77.76852023586888,70.45454545454545,42.27272727272727,70.66936164324056,False,False,56.25
BOOT,Boot Barn Holdings Inc,Consumer Discretionary,Apparel Retail,171.47,23.8205,2.405,13.6694,4.638097479300728,27.79,17.5,18.279999999999998,0.13449999999999998,18.07,0.6312987259935349,59.1664,27.79,17.5,59.1664,0.6312987259935349,18.279999999999998,0.13449999999999998,18.07,35.66456208515461,91.25983487129673,67.91695801285253,76.26032054395337,98.46153846153845,64.39941110755181,0.31724137931034485,0.9655172413793104,0.7103448275862069,0.8,C-,A,B,B,bootbarnholdingsinc,0.09486166007905128,0.9130434782608695,0.8482142857142856,23.0,60.75,72.07785264344429,0.09144488361879655,1.0,A+,69.24556495370567,84.82142857142856,79.72399820023485,70.17273110261735,True,False,35.66456208515461
PARR,Par Pacific Holdings Inc,Energy,Oil & Gas Refining & Marketing,65.35,8.752,0.4331,5.9293,2.148088250762596,5.6,-6.39,28.59,0.07200000000000001,15.959999999999999,0.9509259259259258,355.7183,5.6,-6.39,152.89482999999996,0.9509259259259258,28.447,0.07200000000000001,15.959999999999999,89.05133203378819,39.66226763161629,74.07407407407408,88.28863346104725,100.0,71.37153174549827,1.0,0.3333333333333333,0.7894736842105263,0.9473684210526315,A+,C-,B,A,parpacificholdingsinc,0.05494505494505497,0.7692307692307693,0.7083333333333334,13.0,0.0,0.0,0.04139194139194137,1.0,A+,76.37153174549827,70.83333333333334,42.50000000000001,69.59722539639863,False,False,39.66226763161629
THC,Tenet Healthcare Corp,Health Care,Health Care Facilities,183.27,9.4281,0.7342,5.6971,3.776232421573173,27.35,6.57,40.550000000000004,0.1764,9.8,0.40206276190146667,26.1408,27.35,6.57,26.1408,0.40206276190146667,40.550000000000004,0.1764,9.8,92.92158223455932,52.650768771458424,70.45454545454545,62.63322884012539,24.63768115942029,68.90083144459295,0.9848484848484849,0.5378787878787878,0.7159090909090909,0.6212121212121212,A+,C+,B,B-,tenethealthcarecorp,-0.005291005291005235,0.8518518518518519,0.8046875,27.0,90.0,84.89281911636292,-0.005291005291005235,0.23333333333333334,D+,66.36459956053498,80.46875,82.23837764654516,69.53935517773702,False,False,24.63768115942029
JLL,Jones Lang LaSalle Inc,Real Estate,Real Estate Services,315.24,16.3261,0.5466,12.0397,1.9724875405538158,68.02,11.23,12.35,0.044199999999999996,9.08,0.6837301587301587,37.3655,63.513999999999996,11.23,37.3655,0.6837301587301587,12.35,0.044199999999999996,8.9075,83.33333333333334,76.0,60.0,74.66666666666667,100.0,70.96666666666667,1.0,0.8333333333333334,0.75,0.6666666666666666,A+,B+,B,B-,joneslanglasalleinc,0.0,0.6875,0.6547619047619047,16.0,0.0,0.0,0.0,1.0,A+,75.96666666666667,65.47619047619047,39.28571428571428,68.6304761904762,False,False,60.0
NVDA,NVIDIA Corp,Information Technology,Semiconductors,198.45,40.1637,22.332,34.5274,30.663329161451813,66.76,65.47,104.37,0.6038,97.21,0.8266591198528371,77.8066,66.76,47.995000000000005,77.8066,0.8266591198528371,104.37,0.42322000000000004,52.535,33.95662900921958,88.54438596129432,96.69884142030617,41.51933621130572,65.68627450980392,63.67661204190145,0.3006535947712418,0.954248366013072,0.9869281045751634,0.35294117647058826,C-,A,A+,C-,nvidiacorp,0.026799687010954587,0.9295774647887324,0.9046052631578948,71.0,90.0,84.89281911636292,0.026799687010954587,0.6176470588235294,B-,65.24523949288184,90.46052631578948,88.23344343601886,68.11963274515175,True,False,33.95662900921958
CUBI,Customers Bancorp Inc,Financials,Regional Banks,77.08,9.2445,1.99781,7.473,1.2457756278576635,85.8,55.59768,13.62,0.3985504,11.78,0.834840265220012,53.7602,85.8,55.59768,53.7602,0.834840265220012,13.62,0.3985504,11.78,78.81800305877212,79.46202586065388,56.03015075376885,84.39438572171201,83.33333333333334,71.48332076960843,0.9033816425120773,0.9468599033816425,0.5772946859903382,0.8792270531400966,A-,A,C+,B+,customersbancorpinc,0.03921568627450989,0.7058823529411765,0.6704545454545455,17.0,0.0,0.0,0.03921568627450989,0.8333333333333334,B+,74.81665410294175,67.04545454545455,40.22727272727273,67.89877782780795,False,False,56.03015075376885
CFG,Citizens Financial Group Inc,Financials,Regional Banks,64.42,13.8623,1.48499,12.977,1.0507189644823716,31.85,62.72879,7.630000000000001,0.31448550000000003,5.47,0.8637568199532345,72.7541,31.85,62.72879,72.7541,0.8637568199532345,7.630000000000001,0.31448550000000003,5.47,69.21564343456413,75.37128376212951,21.35678391959799,89.64246519956103,75.0,60.64585663087864,0.7536231884057971,0.9082125603864735,0.20531400966183574,0.9178743961352657,B,A-,D+,A-,citizensfinancialgroupinc,0.02842809364548493,0.9130434782608695,0.8482142857142856,23.0,90.0,84.89281911636292,0.02842809364548493,0.75,B,63.14585663087864,84.82142857142856,84.8499847894023,67.48668226258337,False,False,21.35678391959799
EAT,Brinker International Inc,Consumer Discretionary,Restaurants,148.14,18.9812,1.486,11.4142,17.77367183375726,58.84,15.07,121.26999999999998,0.1003,51.9,0.5510060698202088,13.91,58.84,15.07,13.91,0.5510060698202088,121.26999999999998,0.1003,40.57,52.55787599158166,90.30737365368682,81.55029467585656,64.67274233637116,80.95238095238095,69.52306586487114,0.5586206896551724,0.9586206896551724,0.903448275862069,0.6275862068965518,C+,A,A-,B-,brinkerinternationalinc,0.044973544973545,0.7857142857142857,0.75,28.0,0.0,0.0,0.044973544973545,0.8,B,72.61830396010924,75.0,45.0,67.0946431680874,False,False,52.55787599158166
UAL,United Airlines Holdings Inc,Industrials,Passenger Airlines,92.52,8.1957,0.4966,5.6508,1.9583522070620907,2.02,4.73,24.91,0.08439999999999999,9.32,0.46969998013113456,33.7767,2.02,4.73,33.7767,0.46969998013113456,24.91,0.08439999999999999,9.32,96.57812122675682,48.58307161707584,54.29042904290429,49.66053748231966,52.17391304347826,62.365859387294385,1.0,0.4634146341463415,0.5658536585365853,0.4682926829268293,A+,C,C+,C,unitedairlinesholdingsinc,0.0,0.8666666666666667,0.8214285714285714,30.0,90.0,84.89281911636292,0.0,0.4634146341463415,C,62.58325069164221,82.14285714285714,83.24284193225945,66.71516893976568,False,False,48.58307161707584
ADEA,Adeia Inc,Information Technology,IT Consulting & Other Services,33.0,32.8897,8.2394,16.8074,7.485199718737951,72.59,17.91,26.340000000000003,0.3947,12.870000000000001,0.9823191733639496,166.9903,72.59,17.91,166.9903,0.9823191733639496,26.340000000000003,0.3947,12.870000000000001,53.906419079773194,82.13296989624206,79.94344168866958,89.53568182239783,38.37535014005603,72.79619553583868,0.5882352941176471,0.9150326797385621,0.8300653594771242,0.954248366013072,C+,A-,B+,A,adeiainc,0.0,0.9,0.7833333333333333,10.0,0.0,0.0,0.0,0.35294117647058826,C-,71.63373054984427,78.33333333333333,46.99999999999999,66.70698443987541,False,False,38.37535014005603
FTDR,Frontdoor Inc,Consumer Discretionary,Specialized Consumer Services,68.8,18.7732,2.2769,10.6286,20.172995161999708,12.69,12.12,98.66,0.16140000000000002,17.88,0.921980198019802,47.8616,12.69,12.12,47.8616,0.9169155080324013,98.66,0.16140000000000002,17.88,51.481301602719775,75.5845070422535,82.43515466320382,91.09859154929578,65.71428571428571,71.81573378479077,0.5448275862068965,0.8413793103448276,0.9172413793103448,0.9379310344827586,C+,B+,A-,A,frontdoorinc,0.02564102564102566,0.6923076923076923,0.6527777777777778,13.0,0.0,0.0,0.02564102564102566,0.64,B-,73.38716235621933,65.27777777777779,39.16666666666667,66.5430632183088,False,False,51.481301602719775
SWX,Southwest Gas Holdings Inc,Utilities,Gas Utilities,93.2,15.3342,3.4758,10.5251,1.6993499803991285,120.15,-21.61,11.62,0.25329999999999997,5.52,0.9554545454545457,27.1487,114.5875,-19.782999999999998,27.1487,0.9554545454545457,11.62,0.25329999999999997,5.52,73.91807786944565,51.69681707609553,73.40425531914893,89.59810874704492,65.9090909090909,70.08956846177674,0.7959183673469388,0.5306122448979592,0.8775510204081632,0.9387755102040817,B,C+,B+,A,southwestgasholdingsinc,0.0,0.8333333333333334,0.75,12.0,0.0,0.0,0.0,0.75,B,71.68047755268583,75.0,45.0,66.34438204214867,False,False,51.69681707609553
EWBC,East West Bancorp Inc,Financials,Regional Banks,125.82,12.3749,3.27879,9.0844,1.9451366944734743,19.47,74.7411,16.06,0.5797675999999999,15.740000000000002,0.960112954465231,44.8371,19.47,74.7411,44.8371,0.960112954465231,16.06,0.5797675999999999,15.740000000000002,52.699487777049505,71.95433817080664,66.83417085427136,92.14925200716225,88.19444444444444,67.70413269342399,0.5217391304347826,0.8792270531400966,0.6811594202898551,0.961352657004831,C+,B+,B-,A,eastwestbancorpinc,0.0434782608695653,0.782608695652174,0.7410714285714286,23.0,0.0,0.0,0.0434782608695653,0.8888888888888888,B+,71.52357713786843,74.10714285714286,44.464285714285715,66.11171885315188,False,False,52.699487777049505
GOOGL,Alphabet Inc,Communication Services,Interactive Media & Services,385.69,29.0703,11.0232,31.8019,11.227094764725575,48.51,17.45,38.98,0.32689999999999997,35.11,0.9955215134773147,139.1135,48.51,17.45,139.1135,0.9618718298276311,38.98,0.32689999999999997,35.11,20.382882882882885,81.06438812083974,91.75425425425425,96.63770913770912,81.81818181818183,68.57470373599405,0.12162162162162163,0.9324324324324325,0.9594594594594594,0.9864864864864865,D,A,A,A+,alphabetinc,0.03064182194616971,0.8857142857142857,0.8633333333333333,70.0,90.0,84.89281911636292,0.03064182194616971,0.8,B,71.75652191781224,86.33333333333333,85.75712764654517,66.04308044346325,True,False,20.382882882882885
JBSS,John B Sanfilippo & Son Inc,Consumer Staples,Packaged Foods & Meats,79.65,13.8813,0.7995,10.6618,2.570565492135006,20.62,5.11,18.11,0.0832,15.24,0.7938530734632684,26.6497,20.62,5.11,26.6497,0.7938530734632684,18.11,0.0832,15.24,75.91765873015873,74.96495475978081,56.61375661375661,87.25146198830409,57.638888888888886,70.57613718559581,0.828125,0.78125,0.546875,0.890625,B+,B,C+,B+,johnbsanfilipposoninc,0.0,0.8571428571428571,0.7291666666666667,7.0,0.0,0.0,0.0,0.5833333333333334,C+,71.3400260744847,72.91666666666667,43.75,65.82202085958775,False,False,56.61375661375661
UTHR,United Therapeutics Corp,Health Care,Biotechnology,570.4,18.7303,7.8547,14.2966,3.508083537161761,13.31,10.61,19.3,0.4689,19.16,0.888346189355809,94.1126,13.31,10.61,94.1126,0.888346189355809,19.3,0.42408999999999974,19.16,53.71269951422624,51.117814298592336,81.56565656565657,92.38471673254281,87.77777777777777,67.52009522619772,0.5984848484848485,0.5151515151515151,0.8484848484848485,0.946969696969697,C+,C+,B+,A,unitedtherapeuticscorp,0.058441558441558406,0.7727272727272727,0.7314814814814814,22.0,0.0,0.0,0.058441558441558406,0.8666666666666667,B+,71.29787300397551,73.14814814814814,43.88888888888888,65.81607618095819,False,False,51.117814298592336
META,Meta Platforms Inc,Communication Services,Interactive Media & Services,608.745,21.8882,7.1874,14.3584,7.089410575449417,7.49,26.18,33.22,0.4121,27.51,0.32060944237110045,6.3849,7.49,21.8,6.3849,0.32060944237110045,33.22,0.4121,27.51,36.43643643643643,79.68830005120327,89.86486486486486,45.341055341055345,40.909090909090914,61.58119640377704,0.3783783783783784,0.8918918918918919,0.8918918918918919,0.43243243243243246,C-,B+,B+,C,metaplatformsinc,-0.02606544901065455,0.8767123287671232,0.8557692307692307,73.0,90.0,84.89281911636292,-0.02606544901065455,0.4,C-,60.672105494686136,85.57692307692307,85.303281492699,65.59834069428871,False,False,36.43643643643643
CCL,Carnival Corp,Consumer Discretionary,"Hotels, Resorts & Cruise Lines",26.66,11.936,1.3703,8.4937,2.847438800358867,50.48,6.1,26.22,0.16269999999999998,8.1,0.5251288659793814,43.1025,50.48,6.1,43.1025,0.5251288659793814,26.22,0.16269999999999998,8.1,69.50947061680428,81.29085542667772,63.87307295308494,67.06710853355426,70.9090909090909,68.0172286845187,0.7655172413793103,0.8758620689655172,0.6413793103448275,0.6689655172413793,B,B+,B-,B-,carnivalcorp,0.03125,0.8125,0.7770270270270271,32.0,0.0,0.0,0.03125,0.72,B,70.10813777542779,77.70270270270271,46.62162162162162,65.41083454466656,False,False,63.87307295308494
FAF,First American Financial Corp,Financials,Property & Casualty Insurance,68.52,10.3793,0.9058,6.5892,1.2708492915924008,329.61,22.59,11.87,0.1388,8.09,0.8394994559303589,13.2188,109.115,22.59,13.2188,0.8394994559303589,11.87,0.1388,8.09,73.93853324593984,85.51745107446641,47.73869346733669,67.78365511769373,98.8425925925926,66.07952791675116,0.855072463768116,0.9758454106280193,0.45893719806763283,0.7391304347826086,B+,A+,C,B,firstamericanfinancialcorp,0.13333333333333341,0.8,0.7166666666666667,10.0,0.0,0.0,0.09308981657178997,0.9722222222222222,A+,70.96378717601041,71.66666666666667,43.0,65.37102974080832,False,False,47.73869346733669
FNB,FNB Corp,Financials,Regional Banks,17.66,10.7274,2.56275,13.8394,0.9335666368869835,27.72,64.79501,8.76,0.42536409999999997,6.36,0.7601296596434359,33.283,27.72,64.79501,33.283,0.7601296596434359,8.76,0.42536409999999997,6.36,86.79144514844755,76.35734039542945,27.63819095477387,65.02397042684687,54.861111111111114,61.88367119026062,0.9710144927536232,0.927536231884058,0.26570048309178745,0.7101449275362319,A+,A-,D+,B,fnbcorp,0.007575757575757569,0.9166666666666666,0.8088235294117647,12.0,60.75,72.07785264344429,0.007575757575757569,0.5277777777777778,C+,62.369782301371735,80.88235294117648,77.3605528220836,65.36793640551411,False,False,27.63819095477387
NBIX,Neurocrine Biosciences Inc,Health Care,Biotechnology,131.78,27.6346,4.6236,19.3968,4.054956382602274,41.66,21.45,16.669999999999998,0.2164,16.669999999999998,0.48108898227663066,23.6326,41.66,21.45,23.6326,0.48108898227663066,16.669999999999998,0.2164,16.669999999999998,41.768833371886814,76.89376603564247,72.47474747474747,57.061923583662704,51.11111111111111,60.35203313551961,0.3939393939393939,0.8939393939393939,0.7651515151515151,0.5681818181818182,C-,B+,B,C+,neurocrinebiosciencesinc,0.0,0.8571428571428571,0.81875,35.0,90.0,84.89281911636292,0.0,0.5333333333333333,C+,60.46314424663072,81.875,83.08212764654516,64.98694092661361,False,False,41.768833371886814
NLY,Annaly Capital Management Inc,Financials,Mortgage REITs,22.82,7.6507,2.2413,60.4515,1.0026317986300588,175.07,36.03,14.41,0.2942,1.7500000000000002,0.7209271784096133,17.5077,109.115,36.03,17.5077,0.7209271784096133,14.41,0.2942,1.7500000000000002,90.0565630082781,84.80474628340812,60.30150753768844,63.23283082077052,36.50793650793651,72.19703305732737,0.9806763285024155,0.9710144927536232,0.6183574879227053,0.6714975845410628,A+,A+,B-,B-,annalycapitalmanagementinc,0.0,0.7058823529411765,0.6704545454545455,17.0,0.0,0.0,0.0,0.375,C-,70.84782670812102,67.04545454545455,40.22727272727273,64.72371591195136,False,False,36.50793650793651
APH,Amphenol Corp,Information Technology,Electronic Components,142.3,40.9686,7.5752,26.0226,13.011951244044953,74.13,51.71,35.77,0.2541,19.74,0.7217723796671167,80.9742,74.13,47.995000000000005,80.9742,0.7217723796671167,35.77,0.2541,19.74,46.65339277727279,88.61480838128325,82.43518157815002,47.6335788178406,86.63101604278076,64.52182102868048,0.5098039215686274,0.9607843137254902,0.869281045751634,0.4444444444444444,C+,A,B+,C,amphenolcorp,0.07333333333333336,0.8333333333333334,0.7844827586206897,24.0,0.0,0.0,0.07333333333333336,0.8823529411764706,B+,68.18492263295855,78.44827586206897,47.06896551724138,63.96173120981512,False,False,46.65339277727279
ULTA,Ulta Beauty Inc,Consumer Discretionary,Other Specialty Retail,531.95,20.17,1.8774,12.49,8.38042514174805,1.06,41.38,44.07,0.12369999999999999,40.57,0.44365761122826136,35.3803,1.06,22.87549999999999,35.3803,0.44365761122826136,44.07,0.12369999999999999,40.57,44.90853164966813,78.22300469483568,81.28891552625446,67.95774647887325,84.76190476190476,65.78551202872242,0.43448275862068964,0.8482758620689655,0.896551724137931,0.696551724137931,C,B+,B+,B-,ultabeautyinc,0.04873949579831938,0.7058823529411765,0.6858974358974359,34.0,0.0,0.0,0.04873949579831938,0.84,B+,69.2617025049129,68.58974358974359,41.15384615384615,63.64013123469956,False,False,44.90853164966813
LRCX,Lam Research Corp,Information Technology,Semiconductor Materials & Equipment,256.72,47.8588,14.8072,40.6051,33.02799505969535,47.61,26.53,65.79,0.34259999999999996,46.29,0.9064762277440817,257.8977,47.61,26.53,257.8977,0.9064762277440817,65.79,0.34259999999999996,46.29,30.87477816733758,83.17868022249613,91.22191923126866,79.24310386406219,77.94117647058823,68.00853116696322,0.28104575163398693,0.9281045751633987,0.9477124183006536,0.8431372549019608,D+,A-,A,B+,lamresearchcorp,0.04878048780487809,0.7804878048780488,0.7554347826086957,41.0,0.0,0.0,0.04878048780487809,0.7647058823529411,B,70.80264881402205,75.54347826086956,45.326086956521735,63.44193644425857,True,False,30.87477816733758
AROC,Archrock Inc,Energy,Oil & Gas Equipment & Services,39.02,21.2174,4.5899,10.9342,4.574925842116988,75.16,28.7,22.73,0.36369999999999997,8.290000000000001,0.9794238683127572,63.7432,75.16,28.7,63.7432,0.9794238683127572,22.73,0.36369999999999997,8.290000000000001,35.152696556205335,85.4412177328844,77.46913580246913,60.11223344556679,49.30555555555556,62.26614832535885,0.24561403508771928,0.9824561403508771,0.8245614035087719,0.5964912280701754,D+,A+,B+,C+,archrockinc,0.0,0.9333333333333333,0.8374999999999999,15.0,90.0,84.89281911636292,0.0,0.5,C,62.196703880914406,83.74999999999999,84.20712764654516,63.12279922726388,True,False,35.152696556205335
PRDO,Perdoceo Education Corp,Consumer Discretionary,Education Services,33.64,13.1901,2.493,8.4229,2.1613980981752765,10.81,24.2,16.3,0.23170000000000002,16.08,0.6442166910688141,33.6512,10.81,22.87549999999999,33.6512,0.6442166910688141,16.3,0.23170000000000002,16.08,61.468350331876316,82.55200433369447,69.0523757200413,74.95124593716142,34.78260869565217,69.13083156715058,0.6896551724137931,0.896551724137931,0.7241379310344828,0.7862068965517242,B-,B+,B,B,perdoceoeducationcorp,0.0,0.8571428571428571,0.7291666666666667,7.0,0.0,0.0,0.0,0.44,C,67.6090924367158,72.91666666666667,43.75,62.837273949372644,False,False,34.78260869565217
GMED,Globus Medical Inc,Health Care,Health Care Equipment,91.34,22.9349,4.1974,16.4235,2.6974109697862807,428.44,16.65,12.4,0.20329999999999998,12.389999999999999,0.7972584790606261,28.4489,428.44,16.65,28.4489,0.7972584790606261,12.4,0.20329999999999998,12.389999999999999,53.427403809083195,86.18092691622104,63.76262626262626,83.05407011289364,47.10144927536232,68.1445069237503,0.5681818181818182,0.9621212121212122,0.6818181818181818,0.8712121212121212,C+,A,B-,B+,globusmedicalinc,0.0,0.7272727272727273,0.6944444444444444,22.0,0.0,0.0,0.0,0.2833333333333333,D+,67.85465185128653,69.44444444444444,41.666666666666664,62.61705481436257,False,False,47.10144927536232
DAR,Darling Ingredients Inc,Consumer Staples,Agricultural Products & Services,63.77,45.3346,1.6051,16.5097,2.129649110503308,30.98,11.11,1.3599999999999999,0.07429999999999999,0.73,0.9683916083916083,94.8365,30.98,11.11,82.24241999999998,0.9683916083916083,1.3599999999999999,0.07429999999999999,0.73,30.91104497354497,87.4016680118375,22.75132275132275,94.2095238095238,92.7536231884058,54.73783029548919,0.296875,0.921875,0.1875,0.953125,D+,A-,D,A,darlingingredientsinc,0.049707602339181256,0.9444444444444444,0.8586956521739131,18.0,90.0,84.89281911636292,0.049707602339181256,0.9166666666666666,A-,59.01319261432977,85.86956521739131,85.47886677697996,62.59819062405259,True,False,22.75132275132275
MCY,Mercury General Corp,Financials,Property & Casualty Insurance,96.27,9.8546,0.8898,5.9839,2.2059126800452775,15.61,9.44,25.650000000000002,0.1155,20.16,0.9178156551948755,73.8981,15.61,9.44,72.80332,0.9178156551948755,25.650000000000002,0.1155,20.16,59.809919161022506,43.537640244337425,86.4321608040201,96.85268447500661,34.02777777777778,69.63858493512946,0.6038647342995169,0.37681159420289856,0.8695652173913043,0.9951690821256038,B-,C-,B+,A+,mercurygeneralcorp,0.0,0.8,0.675,5.0,0.0,0.0,0.0,0.2916666666666667,D+,68.04136271290723,67.5,40.5,62.533090170325785,False,False,34.02777777777778
TILE,Interface Inc,Industrials,Office Services & Supplies,27.83,14.0061,1.1725,9.0834,2.5147060152346183,14.79,5.41,19.759999999999998,0.11599999999999999,13.34,0.5569080949482653,47.6393,14.79,5.41,47.6393,0.5569080949482653,19.759999999999998,0.11599999999999999,13.34,83.99983900829108,63.60726072607261,61.38613861386139,62.10967250571211,52.38095238095239,66.48988105189505,0.9121951219512195,0.6926829268292682,0.6292682926829268,0.6390243902439025,A-,B-,B-,B-,interfaceinc,0.0,0.875,0.7500000000000001,8.0,0.0,0.0,0.0,0.5365853658536586,C+,66.7279762899903,75.00000000000001,45.00000000000001,62.38238103199224,False,False,52.38095238095239
SYF,Synchrony Financial,Financials,Consumer Finance,75.76,7.09,0.73096,8.2697,1.5679781443384317,32.06,20.4839,21.41,0.1839285,11.14,0.6488529014844806,44.8289,32.06,20.4839,44.8289,0.6488529014844806,21.41,0.1839285,11.14,73.43480688466487,63.287104232804694,79.89949748743719,61.96790403631058,39.102564102564095,68.38457774684858,0.8454106280193237,0.7536231884057971,0.8067632850241546,0.6521739130434783,B+,B,B+,B-,synchronyfinancial,0.0,0.7037037037037037,0.6796875,27.0,0.0,0.0,0.0,0.4583333333333333,C,67.29483415710499,67.96875,40.78125,61.99211732568399,False,False,39.102564102564095
AAPL,Apple Inc,Information Technology,"Technology Hardware, Storage & Peripherals",280.14,33.5531,9.1103,25.904,56.12903225806452,29.01,12.76,146.69,0.3264,69.07,0.911083149837475,31.3238,29.01,12.76,31.3238,0.911083149837475,108.96000000000001,0.3264,52.535,47.963467947885555,59.3776979904979,94.09744766191982,53.10380222729268,86.02941176470588,63.011528946009456,0.5424836601307189,0.6601307189542484,0.9673202614379085,0.5098039215686274,C+,B-,A,C+,appleinc,0.07407407407407407,0.7222222222222222,0.7076271186440678,54.0,0.0,0.0,0.07407407407407407,0.8529411764705882,B+,66.61447012248004,70.76271186440678,42.45762711864407,61.78310152171285,False,False,47.963467947885555
ANET,Arista Networks Inc,Information Technology,Communications Equipment,172.7,61.9293,24.1468,53.3574,17.54154308698655,23.67,28.6,31.009999999999998,0.4282,31.009999999999998,0.92680412371134,96.6075,23.67,28.6,96.6075,0.92680412371134,31.009999999999998,0.42322000000000004,31.009999999999998,23.87424432613369,78.15560547728607,89.30369793244745,60.33767620366763,69.30946291560103,60.99314190083603,0.17647058823529413,0.8758169934640523,0.9215686274509803,0.5882352941176471,D,B+,A-,C+,aristanetworksinc,0.03676470588235292,0.9117647058823529,0.8653846153846153,34.0,90.0,84.89281911636292,0.03676470588235292,0.6764705882352942,B-,62.924088192396134,86.53846153846153,85.8802045696221,61.65736532577862,True,False,23.87424432613369
VTOL,Bristow Group Inc,Energy,Oil & Gas Equipment & Services,49.29,11.1473,0.9653,8.0748,1.3571072607578767,34.98,5.3,12.870000000000001,0.1065,7.630000000000001,0.9585175826489788,67.5391,34.98,5.3,67.5391,0.9585175826489788,12.870000000000001,0.1065,7.630000000000001,75.95841455490579,69.77413019079685,50.0,61.70594837261504,75.0,62.785619351408826,0.8947368421052632,0.7719298245614035,0.4298245614035088,0.631578947368421,B+,B,C,B-,bristowgroupinc,0.011111111111111183,0.9,0.7833333333333333,10.0,0.0,0.0,0.011111111111111183,0.75,B,65.28561935140883,78.33333333333333,46.99999999999999,61.62849548112706,False,False,50.0
DY,Dycom Industries Inc,Industrials,Construction & Engineering,433.6,46.2894,2.347,21.4807,6.989715317406584,21.16,17.95,18.81,0.0753,9.54,0.9568474189871358,150.5489,21.16,17.95,150.49414,0.9568474189871358,18.81,0.0753,9.54,35.924494888513244,71.2720501282805,48.102310231023104,83.23338048090523,54.0,56.90778740172123,0.2975609756097561,0.7658536585365854,0.4682926829268293,0.8780487804878049,D+,B,C,B+,dycomindustriesinc,0.0,0.95,0.87,20.0,90.0,84.89281911636292,0.0,0.5975609756097561,C+,57.30778740172123,87.0,86.15712764654516,61.42379009435706,True,False,35.924494888513244
BAC,Bank of America Corp,Financials,Diversified Banks,53.24,12.0543,2.32875,26.8068,1.2662834201068873,18.65,99.36713,10.5,0.3273721,3.08,0.7601558152476352,32.5367,18.65,85.46525599999993,32.5367,0.7601558152476352,10.5,0.3273721,3.08,65.97722914087345,80.73138458267488,39.698492462311556,70.65326633165829,77.53623188405797,61.695860583662885,0.7101449275362319,0.9565217391304348,0.38164251207729466,0.782608695652174,B,A,C-,B,bankofamericacorp,0.033333333333333326,0.8333333333333334,0.7928571428571429,30.0,0.0,0.0,0.033333333333333326,0.7777777777777778,B,64.44948377206867,79.28571428571429,47.57142857142858,61.073872731940654,False,False,39.698492462311556
HCI,Hci Group Inc,Financials,Property & Casualty Insurance,152.3,6.6175,2.1965,1.8605,1.9006329619424145,74.84,20.1,38.04,0.4866,33.550000000000004,0.21489275596924332,4.7744,74.84,20.1,4.7744,0.21489275596924332,38.04,0.4866,27.17999999999999,69.63683150049766,75.89465431458095,93.46733668341709,34.0148108965882,34.02777777777778,67.75793508821252,0.7681159420289855,0.9227053140096618,0.9371980676328503,0.3188405797101449,B,A-,A,C-,hcigroupinc,0.0,0.75,0.6730769230769231,8.0,0.0,0.0,0.0,0.2916666666666667,D+,66.16071286599029,67.3076923076923,40.38461538461538,61.00549336971531,False,False,34.0148108965882
AX,Axos Financial Inc,Financials,Regional Banks,87.41,10.4059,2.35138,8.6376,1.8417847676118955,14.36,78.88815,16.6,0.496028,12.08,0.6333096621421838,33.4504,14.36,78.88815,33.4504,0.6333096621421838,16.6,0.496028,12.08,64.65176122156677,66.59728073864355,70.85427135678391,54.92404551493098,62.326388888888886,63.18077339530257,0.6811594202898551,0.8115942028985508,0.7198067632850241,0.5748792270531401,B-,B+,B,C+,axosfinancialinc,0.01098901098901095,0.8571428571428571,0.7763157894736842,14.0,0.0,0.0,0.01098901098901095,0.6111111111111112,B-,64.41341228419147,77.63157894736842,46.578947368421055,60.84651930103739,False,False,54.92404551493098
DXPE,DXP Enterprises Inc,Industrials,Trading Companies & Distributors,168.9,29.5646,1.3002,16.8591,5.256900265179339,26.99,11.89,18.67,0.0877,7.7,0.9481812639707378,89.8179,26.99,11.89,89.8179,0.9481812639707378,18.67,0.0877,7.7,56.24325847218868,84.54317689019848,46.03960396039603,82.65041888804265,54.347826086956516,64.0094347637944,0.5902439024390244,0.9317073170731708,0.4292682926829268,0.8682926829268293,C+,A,C,B+,dxpenterprisesinc,0.0,0.8888888888888888,0.7678571428571428,9.0,0.0,0.0,0.0,0.6463414634146342,B-,64.44421737249006,76.78571428571428,46.07142857142856,60.76965961227776,False,False,46.03960396039603
EME,EMCOR Group Inc,Industrials,Construction & Engineering,903.5,31.5456,2.3638,21.9238,10.948489387175423,31.03,16.62,39.129999999999995,0.1009,37.61,0.9955443607060783,119.0197,31.03,16.62,119.0197,0.9881548103535144,39.129999999999995,0.1009,28.207999999999984,41.12291716976575,71.42836228794391,77.55775577557756,81.6916548797737,54.0,65.29417166987935,0.3804878048780488,0.775609756097561,0.8292682926829268,0.848780487804878,C-,B,B+,B+,emcorgroupinc,0.0,0.7142857142857143,0.6710526315789473,14.0,0.0,0.0,0.0,0.5975609756097561,C+,65.69417166987935,67.10526315789474,40.26315789473684,60.60796891485086,False,False,41.12291716976575
GEV,GE Vernova Inc,Industrials,Heavy Electrical Equipment,1062.95,30.4711,7.2542,38.1505,25.63036050568693,395.59,10.27,87.97,0.1547,82.54,0.8518942599691343,178.0481,107.05100000000004,10.27,150.49414,0.8518942599691343,74.1049999999999,0.1547,28.207999999999984,20.201239636158736,86.57067111863412,86.96369636963696,87.64733616218764,76.7711962833914,66.63483545761328,0.11707317073170732,0.9609756097560975,0.9463414634146341,0.9365853658536586,D,A,A,A,gevernovainc,0.004878048780487809,0.8048780487804879,0.7771739130434783,41.0,30.75,47.573080727553055,0.004878048780487809,0.7560975609756098,B,69.31195508595242,77.71739130434783,65.65966707362992,60.59426210583781,True,False,20.201239636158736
FCX,Freeport-McMoRan Inc,Materials,Copper,56.55,36.8756,4.4332,9.6637,4.296818606630246,16.78,-27.98,12.0,0.2229,7.960000000000001,0.597515007678347,55.3145,16.78,-17.453999999999997,55.3145,0.597515007678347,12.0,0.2229,7.960000000000001,47.51664106502816,36.31165727939922,70.43010752688171,67.12749615975423,65.98639455782313,55.17451783580815,0.5079365079365079,0.2222222222222222,0.6984126984126984,0.6825396825396826,C+,D+,B-,B-,freeportmcmoraninc,0.007389162561576401,0.7931034482758621,0.7573529411764707,29.0,60.75,72.07785264344429,0.007389162561576401,0.6428571428571429,B-,56.773157291590465,75.73529411764707,74.27231752796595,60.27298933886557,False,False,36.31165727939922
IQV,IQVIA Holdings Inc,Health Care,Life Sciences Tools & Services,157.77,19.6864,1.6415,11.8507,4.114680047570364,4.84,5.87,22.28,0.1334,6.41,0.20569395017793599,4.4143,4.84,5.87,4.4143,0.20569395017793599,22.28,0.1334,6.41,73.05401341660884,55.01741553465692,54.92424242424243,32.74747474747475,90.47619047619048,54.54754201663915,0.8484848484848485,0.6060606060606061,0.5227272727272727,0.2878787878787879,B+,B-,C+,D+,iqviaholdingsinc,0.07096774193548383,0.8709677419354839,0.8263888888888888,31.0,30.75,47.573080727553055,0.07096774193548383,0.9,B+,58.5951610642582,82.63888888888889,68.61256562435454,60.231377479451545,False,True,32.74747474747475
ACAD,ACADIA Pharmaceuticals Inc,Health Care,Pharmaceuticals,21.95,9.6117,4.5433,27.1949,3.045734584003996,117.79,-13.64,41.9,0.10339999999999999,41.9,0.547703180212014,50.652,117.79,-6.905999999999999,50.652,0.547703180212014,41.9,0.10339999999999999,31.413499999999967,53.1054823039556,45.294346176699115,75.5050505050505,68.84226884226884,91.02564102564102,59.97995620604512,0.553030303030303,0.4393939393939394,0.7878787878787878,0.7121212121212122,C+,C,B,B,acadiapharmaceuticalsinc,0.0854700854700855,0.7777777777777778,0.7421875,27.0,0.0,0.0,0.0854700854700855,0.9333333333333333,A,64.08252030860922,74.21875,44.53125,60.172266246887375,False,False,45.294346176699115
TMDX,Transmedics Group Inc,Health Care,Health Care Equipment,100.01,18.1551,5.7057,31.8541,7.2439519049688545,362.68,37.13,53.879999999999995,0.1793,22.009999999999998,0.16307922272047848,10.5694,362.68,37.13,10.5694,0.16307922272047848,53.879999999999995,0.1793,22.009999999999998,41.728352224535435,94.26455733808675,80.55555555555556,48.805704099821746,47.10144927536232,64.18502923260445,0.38636363636363635,0.9924242424242424,0.8409090909090909,0.4696969696969697,C-,A+,B+,C,transmedicsgroupinc,0.0,0.8,0.7500000000000001,20.0,0.0,0.0,0.0,0.2833333333333333,D+,63.895174160140684,75.00000000000001,45.00000000000001,60.11613932811255,False,False,41.728352224535435
ORCL,Oracle Corp,Information Technology,Application Software,171.83,30.4868,7.7125,27.3139,23.584556048149114,31.02,14.87,57.35,0.3056,11.77,0.17646223064172395,18.1043,31.02,14.87,18.1043,0.17646223064172395,57.35,0.3056,11.77,50.13057467284191,62.026774795517255,79.75731867434244,59.76933486543852,67.42081447963801,61.83119526898725,0.5490196078431373,0.673202614379085,0.8235294117647058,0.5816993464052288,C+,B-,B+,C+,oraclecorp,0.043363499245852144,0.7884615384615384,0.7675438596491228,52.0,0.0,0.0,0.043363499245852144,0.6470588235294118,B-,63.57327671695106,76.75438596491227,46.05263157894736,60.069147689350324,False,False,50.13057467284191
ARMK,Aramark,Consumer Discretionary,Distributors,44.95,37.2772,0.6289,13.754,3.753841528594335,24.1,6.35,10.17,0.042199999999999994,3.4299999999999997,0.8603473227206947,35.8416,24.1,6.35,35.8416,0.8603473227206947,10.17,0.042199999999999994,3.4299999999999997,44.16545248502509,79.12910798122066,28.5502613791496,83.5680751173709,50.476190476190474,55.71836508576199,0.42758620689655175,0.8551724137931035,0.2206896551724138,0.8689655172413793,C,B+,D+,B+,aramark,0.006493506493506551,0.8636363636363636,0.8055555555555556,22.0,60.75,72.07785264344429,0.006493506493506551,0.48,C,55.76598413338104,80.55555555555556,77.16447439071105,60.04568218484704,False,False,28.5502613791496
WFRD,Weatherford International PLC,Energy,Oil & Gas Equipment & Services,109.49,17.7026,1.6806,12.2607,4.6141657289994145,1.92,-8.81,28.37,0.1431,14.610000000000001,0.9603431303614118,156.9585,1.92,-8.81,152.89482999999996,0.9603431303614118,28.37,0.1431,14.610000000000001,49.545159194282,33.04748877665544,81.48148148148148,89.0909090909091,63.888888888888886,62.18433974245378,0.49122807017543857,0.21052631578947367,0.9122807017543859,0.9649122807017544,C,D+,A-,A,weatherfordinternationalplc,0.011029411764705843,0.8235294117647058,0.7613636363636364,17.0,0.0,0.0,0.011029411764705843,0.6666666666666666,B-,63.57322863134267,76.13636363636364,45.68181818181818,59.994946541437784,False,False,33.04748877665544
WMS,Advanced Drainage Systems Inc,Industrials,Building Products,147.31,24.2923,3.8252,16.0868,7.061570026077619,0.61,1.6,25.82,0.2284,14.46,0.5711222780569515,29.6629,0.61,1.6,29.6629,0.5711222780569515,25.82,0.2284,14.46,47.89342348869033,52.20134006498148,78.3003300330033,66.35643564356435,79.09407665505228,60.259993522132575,0.4878048780487805,0.5365853658536586,0.8341463414634146,0.6829268292682927,C,C+,B+,B-,advanceddrainagesystemsinc,0.009523809523809601,0.8666666666666667,0.7875000000000001,15.0,0.0,0.0,0.009523809523809601,0.7804878048780488,B,63.1694011876378,78.75000000000001,47.25000000000001,59.98552095011025,False,False,47.89342348869033
PLUS,ePlus inc,Information Technology,Technology Distributors,85.21,16.9346,0.9533,9.9941,2.312014825547479,28.46,11.01,12.93,0.0692,12.809999999999999,0.7248195795418887,35.2325,28.46,11.01,35.2325,0.7248195795418887,12.93,0.0692,12.809999999999999,90.81504566506514,66.45082742683437,52.82719415948867,52.85816313280279,41.1764705882353,64.77235806806588,0.954248366013072,0.7189542483660131,0.5490196078431373,0.5032679738562091,A,B,C+,C+,eplusinc,0.0,0.8571428571428571,0.7291666666666667,7.0,0.0,0.0,0.0,0.38235294117647056,C-,63.89000512688941,72.91666666666667,43.75,59.86200410151153,False,False,41.1764705882353
BCO,Brinks Co,Industrials,Security & Alarm Services,107.52,22.1481,0.8407,7.9268,15.913093669986827,29.64,4.97,79.36,0.1093,4.64,0.4872934067886973,20.8905,29.64,4.97,20.8905,0.4872934067886973,74.1049999999999,0.1093,4.64,82.40038638010144,69.27807534851846,57.755775577557756,45.5917020273456,52.38095238095239,63.01299596458761,0.8878048780487805,0.7414634146341463,0.5951219512195122,0.4146341463414634,B+,B,C+,C,brinksco,0.0,0.8571428571428571,0.7291666666666667,7.0,0.0,0.0,0.0,0.5365853658536586,C+,63.25109120268285,72.91666666666667,43.75,59.35087296214628,False,False,45.5917020273456
SSB,SouthState Bank Corp,Financials,Regional Banks,97.48,10.2199,3.14874,8.1789,1.0667705567824415,46.43,49.54469,10.42,0.3805232,9.0,0.5421325129436485,11.2151,46.43,49.54469,11.2151,0.5421325129436485,10.42,0.3805232,9.0,82.47153642609182,68.6302389241768,39.19597989949749,22.576098885230753,99.13194444444444,53.65814664327883,0.9323671497584541,0.8502415458937198,0.37681159420289856,0.18840579710144928,A,B+,C-,D,southstatebankcorp,0.10784313725490191,0.9411764705882353,0.8522727272727273,17.0,60.75,72.07785264344429,0.09308981657178997,1.0,A+,58.571341087723276,85.22727272727273,79.96750469374136,59.34369396596504,False,True,22.576098885230753
PNC,PNC Financial Services Group Inc,Financials,Diversified Banks,220.71,12.3393,2.34179,14.7266,1.422270968041273,20.05,72.26733,11.98,0.345423,6.890000000000001,0.7267701717243004,37.0955,20.05,72.26733,37.0955,0.7267701717243004,11.98,0.345423,6.890000000000001,61.23249095720146,73.50777162880175,49.246231155778894,71.58484731349051,67.14975845410628,61.63820431670354,0.6328502415458938,0.8888888888888888,0.47342995169082125,0.7922705314009661,B-,B+,C,B,pncfinancialservicesgroupinc,0.025862068965517238,0.75,0.7196969696969697,28.0,0.0,0.0,0.025862068965517238,0.6388888888888888,B-,63.35318016211417,71.96969696969697,43.18181818181818,59.31890776605498,False,False,49.246231155778894
ALLY,Ally Financial Inc,Financials,Consumer Finance,43.41,9.575,0.88959,12.5737,0.8640903861235961,387.77,37.40411,9.19,0.158682,4.17,0.7460025004935181,34.4379,109.115,37.40411,34.4379,0.7460025004935181,9.19,0.158682,4.17,91.17811278615298,86.95823263493871,30.65326633165829,63.71535094828984,20.51282051282051,65.59256149609854,0.9903381642512077,0.9855072463768116,0.2946859903381642,0.6763285024154589,A+,A+,D+,B-,allyfinancialinc,-0.01602564102564108,0.7916666666666666,0.75,24.0,0.0,0.0,-0.01602564102564108,0.16666666666666666,D,62.643843547380584,75.0,45.0,59.11507483790447,False,False,20.51282051282051
KEYS,Keysight Technologies Inc,Information Technology,Electronic Equipment & Instruments,352.41,62.8248,10.646,54.967,10.258910793092609,59.12,13.13,16.56,0.15960000000000002,11.53,0.9946803412249595,142.1396,59.12,13.13,142.1396,0.9925512149973489,16.56,0.15960000000000002,11.53,28.222885916691922,80.71090272500271,63.73775411562712,90.25669301769807,95.09803921568627,62.18367915661992,0.22875816993464052,0.8954248366013072,0.6666666666666666,0.9673202614379085,D+,B+,B-,A,keysighttechnologiesinc,0.09210526315789469,0.8421052631578947,0.78125,19.0,0.0,0.0,0.09210526315789469,0.9411764705882353,A,66.69348307818855,78.125,46.875,58.927049407386406,True,False,28.222885916691922
KOP,Koppers Holdings Inc,Materials,Commodity Chemicals,41.91,14.4718,0.4312,7.6579,1.4205431348888917,14.14,-10.17,10.45,0.07490000000000001,3.7699999999999996,0.9851767388825539,66.6402,14.14,-10.17,66.6402,0.984925141476683,10.45,0.07490000000000001,3.7699999999999996,92.01228878648233,39.29335430036692,43.01075268817204,87.3772791023843,36.038961038961034,64.08988704921384,0.9841269841269841,0.25396825396825395,0.36507936507936506,0.9206349206349206,A+,D+,C-,A-,koppersholdingsinc,0.0,0.8571428571428571,0.7291666666666667,7.0,0.0,0.0,0.0,0.39285714285714285,C-,62.69378315310995,72.91666666666667,43.75,58.90502652248796,False,False,36.038961038961034
KFY,Korn Ferry,Industrials,Human Resource & Employment Services,66.52,12.8528,1.1942,6.0111,1.8339518187883566,8.41,5.44,13.94,0.1307,11.55,0.38723208348253085,6.279,8.41,5.44,6.279,0.38723208348253085,13.94,0.1307,11.55,87.95782017226115,60.170490792548904,54.290429042904286,52.758132956152764,50.0,63.147787053531694,0.9414634146341463,0.6439024390243903,0.5609756097560976,0.5121951219512195,A,B-,C+,C+,kornferry,0.0,0.7777777777777778,0.6964285714285714,9.0,0.0,0.0,0.0,0.36585365853658536,C-,63.147787053531694,69.64285714285714,41.785714285714285,58.87537249996822,False,False,50.0
GILD,Gilead Sciences Inc,Health Care,Biotechnology,131.65,19.1995,5.5499,16.6608,7.196623900553756,1903.07,2.4,41.02,0.3404,21.57,0.5864182595370596,27.5061,476.4779999999973,2.4,27.5061,0.5864182595370596,41.02,0.3404,21.57,52.16092219909013,59.52153110047847,87.62626262626263,63.2806324110672,21.11111111111111,64.50722890864732,0.5378787878787878,0.6893939393939394,0.9166666666666666,0.6287878787878788,C+,B-,A-,B-,gileadsciencesinc,-0.015939015939016032,0.7948717948717948,0.7670454545454545,39.0,0.0,0.0,-0.015939015939016032,0.16666666666666666,D,61.618340019758435,76.70454545454545,46.02272727272727,58.49921747035221,False,False,21.11111111111111
FSS,Federal Signal Corp,Industrials,Construction Machinery & Heavy Transportation Equipment,121.61,30.0831,3.4022,22.1846,5.3589448682186935,14.4,17.14,19.09,0.1563,15.190000000000001,0.7834862174005679,44.3613,14.4,17.14,44.3613,0.7834862174005679,19.09,0.1563,15.190000000000001,36.72301376479111,81.63100890007034,68.15181518151816,57.92079207920792,97.87910922587486,59.129067432432976,0.3073170731707317,0.9073170731707317,0.7268292682926829,0.6,C-,A-,B,C+,federalsignalcorp,0.10000000000000009,0.8,0.7166666666666667,10.0,0.0,0.0,0.06666666666666665,0.9634146341463414,A,63.91697835502046,71.66666666666667,43.0,58.458780614540416,True,False,36.72301376479111
LLY,Eli Lilly and Co,Health Care,Pharmaceuticals,963.33,36.0084,12.5976,28.4499,34.30014990048175,128.83,47.44,101.30999999999999,0.4363,37.71,0.6655624595722994,21.3109,128.83,47.44,21.3109,0.6655624595722994,101.2055,0.42408999999999974,31.413499999999967,24.309892821343198,92.65231500525618,97.72727272727273,61.81818181818182,76.92307692307692,66.40339075184158,0.16666666666666666,0.9848484848484849,1.0,0.6060606060606061,D,A+,A+,B-,elilillyandco,0.03950103950103956,0.7692307692307693,0.7443181818181819,39.0,0.0,0.0,0.03950103950103956,0.7666666666666667,B,69.09569844414928,74.43181818181819,44.659090909090914,58.322609051233336,True,False,24.309892821343198
NXT,Nextpower Inc,Industrials,Electrical Components & Equipment,119.93,30.0751,4.9419,22.1111,10.728630853871271,4.17,30.02,31.28,0.2051,31.28,0.8706111398278533,186.4342,4.17,21.71699999999999,150.49414,0.8706111398278533,31.28,0.2051,28.207999999999984,32.66521774128633,75.13120164475464,88.94389438943894,87.14521452145215,25.662778366914107,67.85756126592267,0.25853658536585367,0.8341463414634146,0.9658536585365853,0.926829268292683,D+,B+,A,A-,nextpowerinc,-0.007575757575757569,0.75,0.722972972972973,32.0,0.0,0.0,-0.007575757575757569,0.1951219512195122,D,65.42383910261408,72.2972972972973,43.37837837837838,58.22443840786907,True,False,25.662778366914107
ENSG,Ensign Group Inc,Health Care,Health Care Facilities,183.72,31.1998,2.1218,19.0821,4.781672856745017,14.27,18.72,16.59,0.08410000000000001,15.509999999999998,0.6272292301000435,43.408,14.27,18.72,43.408,0.6272292301000435,16.59,0.08410000000000001,15.509999999999998,49.09977638985273,69.24503657262278,57.82828282828283,78.62068965517241,51.449275362318836,61.30516005009293,0.5,0.7727272727272727,0.5795454545454546,0.8106060606060606,C,B,C+,B+,ensigngroupinc,0.0,0.8181818181818182,0.734375,11.0,0.0,0.0,0.0,0.65,B-,61.45008758632481,73.4375,44.0625,57.972570069059856,False,False,49.09977638985273
TRGP,Targa Resources Corp,Energy,Oil & Gas Storage & Transportation,254.28,28.4035,3.2076,14.8442,17.79202059922473,49.45,3.95,71.13000000000001,0.1956,9.77,0.9466265577997421,56.6342,49.45,3.95,56.6342,0.9466265577997421,28.447,0.1956,9.77,30.084470435347626,66.65982484948003,78.39506172839505,61.32822477650064,46.96969696969697,57.7174929661318,0.19298245614035087,0.7192982456140351,0.8421052631578947,0.6140350877192983,D,B,B+,B-,targaresourcescorp,-0.029885057471264354,0.8666666666666667,0.8214285714285714,30.0,90.0,84.89281911636292,-0.029885057471264354,0.4166666666666667,C,57.414462663101496,82.14285714285714,83.24284193225945,57.667048694770365,True,False,30.084470435347626
SMP,Standard Motor Products Inc,Consumer Discretionary,Automotive Parts & Equipment,38.51,20.6324,0.4761,7.5361,1.247392492971068,48.96,22.36,6.15,0.0762,3.19,0.6137184115523465,39.3775,48.96,22.36,39.3775,0.6137184115523465,6.15,0.0762,3.19,72.29237493929092,93.66632489701941,30.158492325109048,65.61437591063624,34.09090909090909,62.46885697763112,0.7862068965517242,0.9793103448275862,0.2413793103448276,0.6344827586206897,B,A+,D+,B-,standardmotorproductsinc,0.0,0.8571428571428571,0.7291666666666667,7.0,0.0,0.0,0.0,0.38,C-,60.877947886722026,72.91666666666667,43.75,57.45235830937762,False,False,30.158492325109048
DIS,Walt Disney Co,Communication Services,Movies & Entertainment,103.08,14.9044,1.9078,12.0757,1.7084780821554535,120.36,3.47,11.35,0.1353,8.09,0.3839794754846066,13.5117,120.36,3.47,13.5117,0.3839794754846066,11.35,0.1353,8.09,53.653653653653656,68.85663082437276,48.648648648648646,49.64324324324324,100.0,54.275550389098775,0.6216216216216216,0.7837837837837838,0.40540540540540543,0.4864864864864865,B-,B,C,C,waltdisneyco,0.05405405405405406,0.8378378378378378,0.8035714285714285,37.0,0.75,1.562661735815929,0.04937160763247719,1.0,A+,59.275550389098775,80.35714285714285,48.83935040861208,57.18831039300144,False,False,48.648648648648646
AN,AutoNation Inc,Consumer Discretionary,Automotive Retail,210.0,10.6161,0.2622,11.3065,3.1574721578615796,9.32,1.94,26.700000000000003,0.0443,5.6000000000000005,0.6634649590892923,19.9863,9.32,1.94,19.9863,0.6634649590892923,26.700000000000003,0.0443,5.6000000000000005,79.00437105390967,56.42550355898834,42.966070655612164,66.2335302135393,60.00000000000001,60.02441718188598,0.8620689655172413,0.5724137931034483,0.41379310344827586,0.6551724137931034,B+,C+,C,B-,autonationinc,0.012987012987012991,0.7272727272727273,0.6944444444444444,22.0,0.0,0.0,0.012987012987012991,0.6,C+,61.02441718188598,69.44444444444444,41.666666666666664,57.15286707884212,False,False,42.966070655612164
OSIS,OSI Systems Inc,Information Technology,Electronic Equipment & Instruments,282.5,30.3878,2.5881,20.2728,4.988433896629055,13.33,8.96,16.91,0.12300000000000001,9.28,0.728724268374759,25.9305,13.33,8.96,25.9305,0.728724268374759,16.91,0.12300000000000001,9.28,67.17020877519514,56.72870752361307,55.636353143170446,57.65592639156138,59.068627450980394,58.57856726262629,0.738562091503268,0.6405228758169934,0.5751633986928104,0.5555555555555556,B,B-,C+,C+,osisystemsinc,0.023809523809523725,0.8571428571428571,0.7763157894736842,14.0,0.0,0.0,0.023809523809523725,0.5882352941176471,C+,59.485430007724325,77.63157894736842,46.578947368421055,56.904133479863674,False,False,55.636353143170446
WS,Worthington Steel Inc,Materials,Steel,39.17,16.3654,0.595,9.1705,1.80693434697568,12.12,5.55,11.01,0.0417,9.25,0.5991180597314091,52.5312,12.12,5.55,52.5312,0.5991180597314091,11.01,0.0417,9.25,82.44580986516469,57.09097477729291,50.26881720430108,60.133481646273644,36.038961038961034,61.623548052079755,0.8888888888888888,0.6190476190476191,0.47619047619047616,0.5873015873015873,B+,B-,C,C+,worthingtonsteelinc,0.0,0.8,0.7166666666666667,10.0,0.0,0.0,0.0,0.39285714285714285,C-,60.22744415597586,71.66666666666667,43.0,56.78195532478069,False,False,36.038961038961034
FIVE,Five Below Inc,Consumer Discretionary,Specialty Stores,230.52,35.505,2.6728,18.4903,5.804677585060736,40.49,22.9,18.14,0.096,18.14,0.8812376933895922,205.8917,40.49,22.87549999999999,78.51316499999996,0.8812376933895922,18.14,0.096,18.14,23.60369111219038,92.97046587215601,61.10944627576333,95.75839653304442,88.57142857142857,63.92405682802851,0.1793103448275862,0.9724137931034482,0.6275862068965518,0.993103448275862,D,A+,B-,A+,fivebelowinc,0.07291666666666663,0.6666666666666666,0.6513157894736843,33.0,0.0,0.0,0.07291666666666663,0.88,B+,67.78119968517137,65.13157894736842,39.078947368421055,56.745892176165874,True,False,23.60369111219038
SEIC,SEI Investments Co,Financials,Asset Management & Custody Banks,90.22,14.6978,4.5819,12.4061,4.50521080411671,27.6,9.37,30.64,0.31829999999999997,30.54,0.8019067796610172,15.3119,27.6,9.37,15.3119,0.8019067796610172,30.64,0.31829999999999997,27.17999999999999,32.89029689510354,62.539852751313795,90.95477386934674,58.5427135678392,68.25396825396825,60.177780954943174,0.28502415458937197,0.7342995169082126,0.9130434782608695,0.6038647342995169,D+,B,A-,B-,seiinvestmentsco,0.015151515151515138,0.8333333333333334,0.75,12.0,0.0,0.0,0.015151515151515138,0.6666666666666666,B-,62.003177780339996,75.0,45.0,56.69866736215495,True,False,32.89029689510354
MTZ,MasTec Inc,Industrials,Construction & Engineering,417.41,73.1223,2.1533,29.3664,10.104186334742174,111.21,22.59,14.249999999999998,0.0496,8.14,0.9974865162067341,211.4768,107.05100000000004,21.71699999999999,150.49414,0.9881548103535144,14.249999999999998,0.0496,8.14,27.054656685180714,94.93509252426827,36.22112211221122,91.44271570014143,27.512195121951223,58.09450634422993,0.1951219512195122,0.9878048780487805,0.3170731707317073,0.9634146341463414,D,A+,C-,A,mastecinc,-0.004615384615384577,0.88,0.8250000000000001,25.0,90.0,84.89281911636292,-0.004615384615384577,0.24390243902439024,D+,55.84572585642505,82.5,83.45712764654516,56.61572768442771,True,False,27.054656685180714
KLAC,KLA Corp,Information Technology,Semiconductor Materials & Equipment,1726.26,49.643,17.7544,38.8714,48.56862309278698,44.58,17.49,95.22,0.4199,42.71,0.8314882176182192,155.2469,44.58,17.49,155.2469,0.8314882176182192,95.22,0.4199,42.71,29.7912248048594,73.87755089822271,94.28357067624695,56.193654503744106,71.32352941176471,62.03293995066995,0.26143790849673204,0.8496732026143791,0.9738562091503268,0.5424836601307189,D+,B+,A+,C+,klacorp,0.04504504504504503,0.6666666666666666,0.6524390243902438,36.0,0.0,0.0,0.04504504504504503,0.7058823529411765,B,64.16529289184642,65.24390243902438,39.14634146341463,56.541769402521275,True,False,29.7912248048594
DOCN,DigitalOcean Holdings Inc,Information Technology,Internet Services & Infrastructure,102.82,40.6049,11.6785,32.6834,209.06872712484747,182.74,15.48,-20.080000000000002,0.2275,-1.73,0.9789672820163228,226.6201,182.74,15.48,226.6201,0.9789672820163228,-9.575,0.2275,-1.73,38.32258436855242,79.02462635254949,30.1331717381581,91.0794135959699,83.19327731092436,56.13474701638151,0.3660130718954248,0.8823529411764706,0.2549019607843137,0.9738562091503268,C-,B+,D+,A+,digitaloceanholdingsinc,0.06190476190476191,0.7619047619047619,0.7211538461538463,21.0,0.0,0.0,0.06190476190476191,0.8235294117647058,B+,59.454074747473946,72.11538461538463,43.269230769230774,56.21710595182531,False,False,30.1331717381581
PLXS,Plexus Corp,Information Technology,Electronic Manufacturing Services,264.6,40.0888,1.7175,24.9493,4.8802080451502245,56.35,1.82,12.389999999999999,0.0509,11.129999999999999,0.9522661062173888,113.1121,56.35,1.82,113.1121,0.9522661062173888,12.389999999999999,0.0509,11.129999999999999,64.74483833268407,49.9071374288506,48.65313307074118,64.35314523160257,92.32736572890026,56.20154938294695,0.6928104575163399,0.477124183006536,0.47058823529411764,0.6339869281045751,B-,C,C,B-,plexuscorp,0.07692307692307687,0.6923076923076923,0.6527777777777778,13.0,0.0,0.0,0.07692307692307687,0.9117647058823529,A-,60.43428595583698,65.27777777777779,39.16666666666667,56.18076209800292,False,False,48.65313307074118
CDNS,Cadence Design Systems Inc,Information Technology,Application Software,340.94,84.8876,17.7714,61.3122,16.928080236339714,5.27,14.12,21.68,0.2817,14.6,0.6877198846045595,13.749,5.27,14.12,13.749,0.6877198846045595,21.68,0.2817,14.6,20.59184232927902,46.873068091269054,76.89621838433682,71.06150553019742,98.86877828054298,52.95892990269726,0.1503267973856209,0.43137254901960786,0.7908496732026143,0.7254901960784313,D,C,B,B,cadencedesignsystemsinc,0.09375,0.90625,0.8581081081081081,32.0,60.75,72.07785264344429,0.09268092105263155,1.0,A+,57.84580773075156,85.8108108108108,80.3176275438642,56.11634082660096,True,False,20.59184232927902
NMIH,NMI Holdings Inc,Financials,Commercial & Residential Mortgage Finance,37.21,7.2862,4.0114,5.9437,1.0951332642682237,11.04,8.52,15.8,0.7478,13.51,0.2834928229665069,2.2815,11.04,8.52,2.2815,0.2834928229665069,15.8,0.61004216,13.51,86.50984390551793,44.777917337342174,65.82914572864321,30.107057024251695,70.8994708994709,58.061742280859065,0.966183574879227,0.3961352657004831,0.6714975845410628,0.27053140096618356,A,C-,B-,D+,nmiholdingsinc,0.019230769230769273,0.7692307692307693,0.7083333333333334,13.0,0.0,0.0,0.019230769230769273,0.7222222222222222,B,60.15168937080615,70.83333333333334,42.50000000000001,55.787075544641226,False,True,30.107057024251695
CSCO,Cisco Systems Inc,Information Technology,Communications Equipment,91.85,32.7553,6.1435,26.9528,7.764815284470369,21.66,9.0,23.64,0.2275,14.63,0.9696367763904652,58.0351,21.66,9.0,58.0351,0.9696367763904652,23.64,0.2275,14.63,51.879265319078335,53.95121217941758,75.05590904500137,60.509746209006046,44.50127877237852,59.62598526870465,0.5751633986928104,0.5751633986928104,0.7712418300653595,0.5947712418300654,C+,C+,B,C+,ciscosystemsinc,0.009072580645161255,0.71875,0.695945945945946,32.0,0.0,0.0,0.009072580645161255,0.4117647058823529,C,59.07611314594251,69.59459459459461,41.756756756756765,55.612241868105365,False,False,44.50127877237852
USFD,US Foods Holding Corp,Consumer Staples,Food Distributors,93.04,30.3126,0.5198,15.5065,4.763245601011627,45.9,4.08,15.010000000000002,0.0304,7.02,0.7516393442622953,40.2684,45.9,4.08,40.2684,0.7516393442622953,15.010000000000002,0.0304,7.02,53.86904761904762,76.78019908528383,34.39153439153439,80.17777777777778,42.42424242424242,58.456740875257836,0.59375,0.828125,0.28125,0.78125,C+,B+,D+,B,usfoodsholdingcorp,-0.007246376811594235,0.8260869565217391,0.7767857142857143,23.0,0.0,0.0,-0.007246376811594235,0.4166666666666667,C,57.69916511768208,77.67857142857143,46.607142857142854,55.48076066557424,False,False,34.39153439153439
EZPW,EZCORP Inc,Financials,Consumer Finance,32.36,16.245,1.4943,10.1699,1.9214782794575207,43.71,13.06,12.479999999999999,0.12560000000000002,8.04,0.9615574174470182,106.5093,43.71,13.06,72.80332,0.9602574007634097,12.479999999999999,0.12560000000000002,8.04,42.33243512247226,59.589357733565265,52.76381909547738,94.99270546279786,39.102564102564095,59.690476193760034,0.3864734299516908,0.7004830917874396,0.5458937198067633,0.9806763285024155,C-,B,C+,A+,ezcorpinc,0.0,0.7692307692307693,0.7083333333333334,13.0,0.0,0.0,0.0,0.4583333333333333,C,58.60073260401644,70.83333333333334,42.50000000000001,55.38058608321316,False,False,39.102564102564095
LQDT,Liquidity Services Inc,Industrials,Diversified Support Services,35.91,37.4079,2.3419,19.7363,5.420131918554631,21.77,14.78,14.46,0.0785,14.46,0.9882026370575988,12.7827,21.77,14.78,12.7827,0.9881548103535144,14.46,0.0785,14.46,40.50390404894148,82.88605044475304,49.25742574257426,68.6987270155587,50.0,57.757287939941286,0.35609756097560974,0.9170731707317074,0.4926829268292683,0.7073170731707317,C-,A-,C,B,liquidityservicesinc,0.0,0.875,0.7500000000000001,8.0,0.0,0.0,0.0,0.36585365853658536,C-,57.757287939941286,75.00000000000001,45.00000000000001,55.20583035195303,False,False,40.50390404894148
WMT,Walmart Inc,Consumer Staples,Consumer Staples Merchandise Retail,131.6,48.789,1.4977,26.1523,10.529095025882691,13.49,4.73,23.69,0.0418,15.17,0.927803738317757,35.0991,13.49,4.73,35.0991,0.927803738317757,23.69,0.0418,15.17,22.96626984126984,66.49075971109869,52.91005291005291,86.94749694749696,36.50793650793651,54.65673201954982,0.1875,0.703125,0.5078125,0.875,D,B,C+,B+,walmartinc,-0.022108843537415046,0.9166666666666666,0.8820754716981133,48.0,90.0,84.89281911636292,-0.022108843537415046,0.3333333333333333,C-,53.30752567034347,88.20754716981133,86.88165594843197,55.145535648226826,True,False,22.96626984126984
WFC,Wells Fargo & Co,Financials,Diversified Banks,80.81,11.3219,1.90599,21.9573,1.3798508647759813,15.48,72.74767,12.02,0.2534514,3.66,0.3798024149286497,12.5331,15.48,72.74767,12.5331,0.3798024149286497,12.02,0.2534514,3.66,67.04901318185128,64.1077601803942,50.25125628140703,32.37340548898338,95.16908212560386,53.62130049969009,0.7342995169082126,0.7777777777777778,0.5217391304347826,0.30434782608695654,B,B,C+,C-,wellsfargoco,0.08817204301075265,0.7333333333333333,0.7071428571428571,30.0,0.0,0.0,0.08817204301075265,0.9444444444444444,A,58.13820871225048,70.71428571428571,42.42857142857142,54.996281255514674,False,False,32.37340548898338
AIZ,Assurant Inc,Financials,Multi-line Insurance,231.51,13.2075,0.8992,8.2226,1.963273530279748,18.42,7.92,15.61,0.0934,11.28,0.7647713275320854,20.8109,18.42,7.92,20.8109,0.7647713275320854,15.61,0.0934,11.28,50.989245745636396,55.97851818384946,64.82412060301507,67.93225386190211,36.50793650793651,58.73549599631318,0.48792270531400966,0.6038647342995169,0.6618357487922706,0.7439613526570048,C,B-,B-,B,assurantinc,0.0,0.8333333333333334,0.75,12.0,0.0,0.0,0.0,0.375,C-,57.386289647106835,75.0,45.0,54.90903171768547,False,False,36.50793650793651
MOG-A,Moog Inc,Industrials,Aerospace & Defense,300.52,33.3092,2.2898,19.1664,5.043508907368403,38.77,13.79,14.16,0.09119999999999999,8.94,0.7128490424735209,77.2457,38.77,13.79,77.2457,0.7128490424735209,14.16,0.09119999999999999,8.94,43.60057957015214,81.6720518537551,45.21452145214521,68.76872302614878,50.0,57.29193023155511,0.424390243902439,0.9121951219512195,0.40487804878048783,0.7170731707317073,C,A-,C,B,mooginc,0.0,0.8333333333333334,0.75,12.0,0.0,0.0,0.0,0.36585365853658536,C-,57.29193023155511,75.0,45.0,54.833544185244094,False,False,43.60057957015214
TTMI,TTM Technologies Inc,Information Technology,Electronic Manufacturing Services,158.99,84.2542,5.4453,59.8138,9.326841287067726,241.37,24.12,10.61,0.0974,6.81,0.8665353830517089,580.8994,241.03349999999992,24.12,489.749,0.8665353830517089,10.61,0.0974,6.81,32.795163687255624,93.20881864851032,44.287899118440606,78.85722942598673,47.05882352941176,58.68397531632346,0.29411764705882354,0.9869281045751634,0.4444444444444444,0.8366013071895425,D+,A+,C,B+,ttmtechnologiesinc,0.009090909090909038,0.9090909090909091,0.796875,11.0,0.0,0.0,0.009090909090909038,0.4411764705882353,C,58.389857669264636,79.6875,47.8125,54.702013581628144,True,False,32.795163687255624
URI,United Rentals Inc,Industrials,Trading Companies & Distributors,949.23,23.72,3.6337,16.2766,6.678477225860059,1.45,5.05,27.88,0.24670000000000003,10.95,0.8143980268228765,48.1783,1.45,5.05,48.1783,0.8143980268228765,27.88,0.24670000000000003,10.95,48.37156886420349,45.28448595174776,76.23762376237623,60.342726580350345,54.347826086956516,57.27774066306455,0.4975609756097561,0.3902439024390244,0.8146341463414634,0.6146341463414634,C,C-,B+,B-,unitedrentalsinc,0.0,0.7407407407407407,0.7109375,27.0,0.0,0.0,0.0,0.6463414634146342,B-,57.712523271760205,71.09375,42.65625,54.70126861740817,False,False,45.28448595174776
ATI,ATI Inc,Industrials,Aerospace & Defense,155.26,49.7935,4.6114,27.9522,11.695932864772839,10.68,2.93,24.23,0.1432,11.82,0.8838079776319645,149.4537,10.68,2.93,149.4537,0.8838079776319645,24.23,0.1432,11.82,20.565080898333736,47.39850669211077,65.34653465346534,92.83066768215284,97.96747967479675,54.523738762802495,0.13170731707317074,0.43414634146341463,0.6780487804878049,0.975609756097561,D,C,B-,A+,atiinc,0.06666666666666665,0.9333333333333333,0.8374999999999999,15.0,30.75,47.573080727553055,0.06666666666666665,1.0,A+,59.32048673028217,83.74999999999999,69.27923229102122,54.62022961328671,True,False,20.565080898333736
XPEL,Xpel Inc,Consumer Discretionary,Automotive Parts & Equipment,47.8,25.83,2.7786,18.4633,4.707689883391112,13.49,13.27,19.689999999999998,0.1316,19.68,0.7018382352941176,64.6573,13.49,13.27,64.6573,0.7018382352941176,19.689999999999998,0.1316,19.68,27.516593815768175,82.03234220135627,69.5751340192455,83.79796017484216,34.09090909090909,62.43899243399311,0.2206896551724138,0.8896551724137931,0.7379310344827587,0.8827586206896552,D+,B+,B,B+,xpelinc,0.0,0.8888888888888888,0.7678571428571428,9.0,0.0,0.0,0.0,0.38,C-,60.848083343084014,76.78571428571428,46.07142857142856,54.14968650154908,True,False,27.516593815768175
ABCB,Ameris Bancorp,Financials,Regional Banks,85.56,14.1721,2.70304,10.6232,1.4278585959390473,15.53,52.9989,10.41,0.3410664,9.76,0.9191716766867067,45.1646,15.53,52.9989,45.1646,0.9191716766867067,10.41,0.3410664,9.76,55.184133226519066,55.47574567074018,38.69346733668342,91.4341824062843,33.33333333333333,57.85138575620552,0.5555555555555556,0.5942028985507246,0.3719806763285024,0.9516908212560387,C+,C+,C-,A,amerisbancorp,0.0,0.7692307692307693,0.7083333333333334,13.0,0.0,0.0,0.0,0.2222222222222222,D+,56.18471908953885,70.83333333333334,42.50000000000001,53.44777527163109,False,False,33.33333333333333
RRR,Red Rock Resorts Inc,Consumer Discretionary,Casinos & Gaming,52.78,29.4754,2.7558,11.0018,26.596119929453263,5.98,3.74,85.64,0.3012,5.18,0.4016242155777041,24.864,5.98,3.74,24.864,0.4016242155777041,85.64,0.2666099999999999,5.18,37.87922939938481,57.67722334004024,73.17367562348083,53.31991951710261,56.363636363636374,54.96265482714498,0.3448275862068966,0.6,0.7931034482758621,0.496551724137931,C-,C+,B,C,redrockresortsinc,0.010526315789473717,0.8,0.7500000000000001,20.0,0.0,0.0,0.010526315789473717,0.52,C+,55.59901846350862,75.00000000000001,45.00000000000001,53.34090645674447,True,False,37.87922939938481
SNDK,Sandisk Corp,Information Technology,"Technology Hardware, Storage & Peripherals",1187.0,38.8734,13.289,31.9961,18.804466813363685,,82.76,42.33,0.4073,38.86,0.9980635568311491,3542.2214,,47.995000000000005,489.749,0.9925512149973489,42.33,0.4073,38.86,39.19981531979974,74.17218543046357,90.75733310248307,97.2815991738859,98.77450980392157,71.78004402644059,0.38562091503267976,0.8627450980392157,0.934640522875817,1.0,C-,B+,A,A+,sandiskcorp,0.10052910052910047,0.8148148148148148,0.7734375,27.0,0.0,0.0,0.09268092105263155,0.9705882352941176,A+,76.65749500683275,77.34375,46.40625,52.95543450409966,False,False,39.19981531979974
FLS,Flowserve Corp,Industrials,Industrial Machinery & Supplies & Components,71.65,26.4475,1.9363,15.2448,4.1533824126137615,22.82,3.76,15.809999999999999,0.0823,9.36,0.5616544798447634,55.221,22.82,3.76,55.221,0.5616544798447634,15.809999999999999,0.0823,9.36,57.1810351766884,62.08406935027699,45.54455445544554,57.863470557582076,56.25,54.670905389605295,0.6,0.6585365853658537,0.4146341463414634,0.5951219512195122,C+,B-,C,C+,flowservecorp,0.0,0.7647058823529411,0.7159090909090908,17.0,0.0,0.0,0.0,0.7195121951219512,B,55.295905389605295,71.59090909090908,42.954545454545446,52.827633402593335,False,False,45.54455445544554
MKSI,MKS Incorporated,Information Technology,Semiconductor Materials & Equipment,279.38,63.7571,4.7858,29.7791,6.904869591436755,54.44,9.59,11.540000000000001,0.1318,4.279999999999999,0.934374161223942,290.0321,54.44,9.59,290.0321,0.934374161223942,11.540000000000001,0.1318,4.279999999999999,44.233793591019925,61.59651862862179,42.60052806994762,86.16404795913951,28.676470588235293,56.260693732794145,0.47058823529411764,0.6666666666666666,0.41830065359477125,0.9281045751633987,C,B-,C,A-,mksincorporated,-0.0071428571428571175,0.85,0.79,20.0,0.0,0.0,-0.0071428571428571175,0.29411764705882354,D+,54.128340791617674,79.0,47.4,52.78267263329414,False,False,28.676470588235293
USPH,US Physical Therapy Inc,Health Care,Health Care Facilities,71.83,27.4424,1.3909,11.2722,2.2799772732322476,25.0,16.33,8.0,0.1108,6.03,0.19232202758106587,0.6727,25.0,16.33,0.6727,0.19232202758106587,8.0,0.1108,6.03,68.89120209730896,71.40655321689803,41.16161616161616,35.715778474399166,51.449275362318836,53.93767090299072,0.8106060606060606,0.8106060606060606,0.3712121212121212,0.3181818181818182,B+,B+,C-,C-,usphysicaltherapyinc,0.0,0.8461538461538461,0.7638888888888888,13.0,0.0,0.0,0.0,0.65,B-,54.0825984392226,76.38888888888889,45.83333333333333,52.432745418044746,False,False,35.715778474399166
BURL,Burlington Stores Inc,Consumer Discretionary,Apparel Retail,318.0,32.7459,1.7273,16.1102,11.035612407082226,22.08,8.76,39.79,0.0722,17.5,0.746118652966324,39.4737,22.08,8.76,39.4737,0.746118652966324,39.79,0.0722,17.5,30.524526469159785,81.16464303059739,64.44244664202711,73.71539582321515,28.846153846153843,59.71775104855923,0.2413793103448276,0.8689655172413793,0.6482758620689655,0.7655172413793103,D+,B+,B-,B,burlingtonstoresinc,0.0,0.7916666666666666,0.75,24.0,0.0,0.0,0.0,0.18,D,57.602366433174616,75.0,45.0,52.09037653599487,True,False,28.846153846153843
CVCO,Cavco Industries Inc,Consumer Discretionary,Homebuilding,510.68,21.4915,1.7993,15.7671,3.8414437834926534,13.34,14.3,17.14,0.09789999999999999,17.02,0.36669535957430166,2.4043,13.34,14.3,2.4043,0.36669535957430166,17.14,0.09789999999999999,17.02,37.66553343046786,86.82799829278703,57.91545966103953,46.07767819035425,31.818181818181817,55.4763835695051,0.33793103448275863,0.9379310344827586,0.5655172413793104,0.4413793103448276,C-,A,C+,C,cavcoindustriesinc,0.0,0.875,0.7500000000000001,8.0,0.0,0.0,0.0,0.28,D+,53.65820175132328,75.00000000000001,45.00000000000001,51.61321146156948,True,False,31.818181818181817
IBOC,International Bancshares Corp,Financials,Regional Banks,71.66,10.8074,3.41763,9.4724,1.3700830156356947,0.83,69.21539,13.41,0.6315208,10.86,0.7529411764705881,16.5962,0.83,69.21539,16.5962,0.7529411764705881,13.41,0.61004216,10.86,69.47418250673658,51.672344170878546,54.773869346733676,42.639634956391156,33.33333333333333,54.92440878882151,0.7584541062801933,0.5314009661835749,0.5652173913043478,0.4057971014492754,B,C+,C+,C,internationalbancsharescorp,0.0,0.8571428571428571,0.7291666666666667,7.0,0.0,0.0,0.0,0.2222222222222222,D+,53.257742122154845,72.91666666666667,43.75,51.35619369772388,False,False,33.33333333333333
LH,Labcorp Holdings Inc,Health Care,Health Care Services,255.84,22.3332,1.4866,15.5339,2.43973844142444,30.16,7.34,10.91,0.1018,6.510000000000001,0.3458815403211879,6.0345,30.16,7.34,6.0345,0.3458815403211879,10.91,0.1018,6.510000000000001,66.06137713007942,55.670995670995666,43.18181818181818,47.74025974025974,47.22222222222222,52.99304991022549,0.75,0.6212121212121212,0.4015151515151515,0.44696969696969696,B,B-,C,C,labcorpholdingsinc,0.0,0.7931034482758621,0.7573529411764707,29.0,0.0,0.0,0.0,0.36666666666666664,C-,52.71527213244771,75.73529411764707,45.44117647058824,51.26045300007581,False,False,43.18181818181818
UMBF,UMB Financial Corp,Financials,Regional Banks,129.24,14.009,2.36702,13.4147,1.276020994514413,4.25,72.21914,9.629999999999999,0.3178459,6.52,0.8349747778044678,32.1743,4.25,72.21914,32.1743,0.8349747778044678,9.629999999999999,0.3178459,6.52,59.18481295365717,55.939023761097715,33.66834170854271,69.64824120603016,33.33333333333333,53.33074165897555,0.5942028985507246,0.5990338164251208,0.32367149758454106,0.7584541062801933,C+,C+,C-,B,umbfinancialcorp,0.0,0.8333333333333334,0.7717391304347826,18.0,0.0,0.0,0.0,0.2222222222222222,D+,51.66407499230888,77.17391304347827,46.30434782608696,50.5921295590645,False,False,33.33333333333333
BCPC,Balchem Corp,Materials,Specialty Chemicals,161.52,32.7229,4.8922,20.2108,4.118002493441331,16.84,9.62,12.379999999999999,0.2023,10.92,0.49966465459423237,2.9577,16.84,9.62,2.9577,0.49966465459423237,12.379999999999999,0.2023,10.92,32.98344427376686,79.89909264102812,76.88172043010752,36.024411508282476,33.76623376623377,55.650992005830716,0.30158730158730157,0.8571428571428571,0.8095238095238095,0.30158730158730157,C-,B+,B+,C-,balchemcorp,0.0,0.7777777777777778,0.6964285714285714,9.0,0.0,0.0,0.0,0.14285714285714285,D,54.027615382454094,69.64285714285714,41.785714285714285,50.33069018495158,True,False,32.98344427376686
CI,Cigna Group,Health Care,Health Care Services,282.9,12.5213,0.2713,8.9792,1.7868286286706094,80.88,11.24,14.530000000000001,0.0335,8.200000000000001,0.39270522219205345,-15.5976,80.88,11.24,-15.5976,0.39270522219205345,14.530000000000001,0.0335,8.200000000000001,93.16061377130079,76.62337662337663,44.94949494949495,36.294372294372295,80.55555555555556,62.11107696374872,0.9924242424242424,0.8863636363636364,0.42424242424242425,0.3333333333333333,A+,B+,C,C-,cignagroup,0.03475935828876997,0.8529411764705882,0.8141025641025641,34.0,30.75,47.573080727553055,0.03475935828876997,0.8,B,65.16663251930427,81.41025641025641,67.87538613717507,50.0,False,False,36.294372294372295
PEGA,Pegasystems Inc,Information Technology,Application Software,36.2,15.3763,3.4652,22.1012,7.8317684219635675,403.79,16.61,60.07,0.1506,60.07,0.05523471049903753,-21.3898,241.03349999999992,16.61,-21.3898,0.0760286039092009,60.07,0.1506,52.535,71.2952141857479,81.31464430346816,82.18773896607945,23.432830335682944,78.05429864253394,64.32023321578706,0.7777777777777778,0.9084967320261438,0.8627450980392157,0.16339869281045752,B,A-,B+,D,pegasystemsinc,0.05263157894736836,0.9473684210526315,0.8645833333333333,19.0,90.0,84.89281911636292,0.05263157894736836,0.7941176470588235,B,67.12566308004045,86.45833333333333,85.83212764654516,50.0,False,True,23.432830335682944
PM,Philip Morris International Inc,Consumer Staples,Tobacco,166.38,22.851,6.3795,18.8405,1253.8055764883193,60.61,7.31,575.44,0.3664,44.05,0.4933929660500098,-2.1582,60.61,7.31,-2.1582,0.4933929660500098,149.049,0.3664,29.567835999999996,28.78637566137566,88.12740522394171,96.2962962962963,61.42167011732229,56.34920634920635,66.18048305767078,0.265625,0.9375,1.0,0.578125,D+,A,A+,C+,philipmorrisinternationalinc,0.0,0.7037037037037037,0.6796875,27.0,0.0,0.0,0.0,0.5,C,66.81540369259143,67.96875,40.78125,50.0,True,False,28.78637566137566
VRRM,Verra Mobility Corp,Industrials,Data Processing & Outsourced Services,14.89,16.5545,2.3102,8.5782,7.804801341859735,388.68,11.36,40.550000000000004,0.2421,9.99,0.08795331388078366,-31.4141,107.05100000000004,11.36,-31.4141,0.08795331388078366,40.550000000000004,0.2421,9.99,75.23142558158254,88.90595932228784,78.87788778877889,20.09139375476009,47.91666666666667,65.32679895799994,0.8439024390243902,0.975609756097561,0.848780487804878,0.15121951219512195,B+,A+,B+,D,verramobilitycorp,0.0,0.7857142857142857,0.7236842105263157,14.0,0.0,0.0,0.0,0.2804878048780488,D+,65.11846562466661,72.36842105263158,43.421052631578945,50.0,False,True,20.09139375476009
SKY,Champion Homes Inc,Consumer Discretionary,Homebuilding,76.9,19.9126,1.6132,12.1748,2.843545816585748,32.24,8.67,13.59,0.09789999999999999,12.58,0.43952060536033916,-11.822,32.24,8.67,-11.822,0.43952060536033916,13.59,0.09789999999999999,12.58,47.921321029626036,87.12761416986768,53.06912396363999,38.344003414425956,98.18181818181819,55.34193476517523,0.4896551724137931,0.9448275862068966,0.503448275862069,0.33793103448275863,C,A,C+,C-,championhomesinc,0.10000000000000009,0.8,0.7166666666666667,10.0,0.0,0.0,0.09144488361879655,0.96,A,60.16011658335705,71.66666666666667,43.0,50.0,False,False,38.344003414425956
UBER,Uber Technologies Inc,Industrials,Passenger Ground Transportation,75.12,15.22,2.9415,34.0122,5.772200920540031,3.3,18.28,40.31,0.107,28.27,0.19862809424396094,-7.1331,3.3,18.28,-7.1331,0.19862809424396094,40.31,0.107,28.207999999999984,46.22474442566209,71.97477358977116,78.71287128712872,26.435643564356436,52.38095238095239,55.91648735902322,0.47317073170731705,0.7902439024390244,0.8414634146341463,0.22926829268292684,C,B,B+,D+,ubertechnologiesinc,0.0,0.8360655737704918,0.8143939393939393,61.0,90.0,84.89281911636292,0.0,0.5365853658536586,C+,56.15458259711846,81.43939393939394,82.82076401018153,50.0,False,True,26.435643564356436
FRPT,Freshpet Inc,Consumer Staples,Packaged Foods & Meats,65.15,22.9707,2.9002,30.3234,2.639618177103592,166.6,13.01,12.35,0.0687,8.95,0.4272769516728626,-10.4098,65.50799999999973,13.01,-10.4098,0.4272769516728626,12.35,0.0687,8.95,25.024801587301592,97.16390198660493,39.682539682539684,61.8796992481203,100.0,52.98555556440537,0.21875,1.0,0.328125,0.609375,D+,A+,C-,B-,freshpetinc,0.13043478260869557,0.7391304347826086,0.7053571428571428,23.0,0.0,0.0,0.08603483346046265,1.0,A+,57.98555556440537,70.53571428571428,42.32142857142856,50.0,True,False,25.024801587301592
ACIW,ACI Worldwide Inc,Information Technology,Application Software,43.86,19.612,2.526,11.9614,2.965577395079008,13.29,10.38,15.43,0.1869,9.74,0.33373573625362885,-18.6422,13.29,10.38,-18.6422,0.33373573625362885,15.43,0.1869,9.74,80.55230922391031,43.326994180461014,61.94866467558325,50.326846386853305,28.054298642533936,59.35601158833626,0.8496732026143791,0.35947712418300654,0.6535947712418301,0.47058823529411764,B+,C-,B-,C,aciworldwideinc,-0.012820512820512775,0.8333333333333334,0.75,12.0,0.0,0.0,-0.012820512820512775,0.2647058823529412,D+,57.16144145258965,75.0,45.0,50.0,False,False,28.054298642533936
TGTX,TG Therapeutics Inc,Health Care,Biotechnology,33.85,12.0879,8.771,41.5271,23.722755624080175,1889.26,87.32,101.12,0.20010000000000003,65.05,0.40424528301886803,-25.3912,476.4779999999973,51.467499999999895,-25.3912,0.40424528301886803,101.12,0.20010000000000003,31.413499999999967,40.70282982496723,96.03338880798836,87.87878787878789,21.71277997364954,51.11111111111111,60.69463818226636,0.3712121212121212,1.0,0.9318181818181818,0.17424242424242425,C-,A+,A,D,tgtherapeuticsinc,0.0,0.8,0.7375,15.0,0.0,0.0,0.0,0.5333333333333333,C+,60.805749293377474,73.75,44.25,50.0,False,True,21.71277997364954
WLY,John Wiley & Sons Inc,Communication Services,Publishing,40.93,13.6258,1.2586,10.1803,2.90535072899956,282.11,-1.9,20.75,0.1352,9.83,0.7271147161066048,-6.2314,282.11,-1.9,-6.2314,0.7271147161066048,20.75,0.1352,9.83,67.24224224224223,59.46346943015947,61.63663663663664,42.45495495495496,61.904761904761905,57.60340459674261,0.7567567567567568,0.5945945945945946,0.5945945945945946,0.3783783783783784,B,C+,C+,C-,johnwileysonsinc,0.0,0.8,0.675,5.0,0.0,0.0,0.0,0.6,C+,58.7938807872188,67.5,40.5,50.0,False,False,42.45495495495496
CXW,CoreCivic Inc,Industrials,Diversified Support Services,20.58,17.4681,0.9204,9.0663,1.4652588410357912,75.96,12.72,8.0,0.0989,4.62,0.6205128205128203,-9.6972,75.96,12.72,-9.6972,0.6205128205128203,8.0,0.0989,4.62,83.83965225790871,87.60940626979689,30.858085808580864,40.26874115983027,82.26164079822617,59.25006400254782,0.9024390243902439,0.9658536585365853,0.23658536585365852,0.36097560975609755,A-,A,D+,C-,corecivicinc,0.01388888888888884,0.8888888888888888,0.7678571428571428,9.0,0.0,0.0,0.01388888888888884,0.8048780487804879,B+,62.47622808237044,76.78571428571428,46.07142857142856,50.0,False,False,30.858085808580864
MMS,Maximus Inc,Industrials,Data Processing & Outsourced Services,65.58,9.6221,0.6657,7.376,2.146975148386167,41.59,-0.15,21.759999999999998,0.1094,11.540000000000001,0.12305732484076429,-1.1307,41.59,-0.15,-1.1307,0.12305732484076429,21.759999999999998,0.1094,11.540000000000001,93.79457457940914,54.824920196937725,59.73597359735973,35.13328255902513,47.91666666666667,61.37427759538479,0.9804878048780488,0.5804878048780487,0.6146341463414634,0.34146341463414637,A+,C+,B-,C-,maximusinc,0.0,0.8333333333333334,0.7045454545454546,6.0,0.0,0.0,0.0,0.2804878048780488,D+,61.165944262051454,70.45454545454545,42.27272727272727,50.0,False,False,35.13328255902513
EXLS,Exlservice Holdings Inc,Industrials,Data Processing & Outsourced Services,31.74,19.3186,2.3228,13.4907,5.439961608336475,27.93,13.56,25.5,0.1503,19.46,0.2196796338672768,-31.4619,27.93,13.56,-31.4619,0.2196796338672768,25.5,0.1503,19.46,65.85446349513,80.31316095039517,75.9075907590759,24.8971820258949,93.90243902439025,61.48258215880949,0.7463414634146341,0.8975609756097561,0.8097560975609757,0.2,B,B+,B+,D,exlserviceholdingsinc,0.0625,0.875,0.7976190476190476,16.0,0.0,0.0,0.0625,0.926829268292683,A-,65.87282606124852,79.76190476190476,47.857142857142854,50.0,False,True,24.8971820258949
LMAT,LeMaitre Vascular Inc,Health Care,Health Care Equipment,112.04,44.2042,10.2246,36.6046,6.483721253226236,27.88,13.53,15.58,0.2721,10.71,0.8507496268740673,24.1578,27.88,13.53,24.1578,0.8507496268740673,15.58,0.2721,10.71,21.518621327781634,65.74643493761141,68.68686868686869,82.48366013071896,85.5072463768116,57.197391517328654,0.12121212121212122,0.7348484848484849,0.7045454545454546,0.8636363636363636,D,B,B,B+,lemaitrevascularinc,0.0404411764705882,0.6875,0.6547619047619047,16.0,0.0,0.0,0.0404411764705882,0.8333333333333334,B+,60.74811615500981,65.47619047619047,39.28571428571428,49.99745320315544,True,False,21.518621327781634
TJX,TJX Companies Inc,Consumer Discretionary,Apparel Retail,156.83,31.5947,2.8752,20.2042,17.03877535499712,14.36,7.12,59.53000000000001,0.1189,45.410000000000004,0.8044780826237784,22.8786,14.36,7.12,22.8786,0.8044780826237784,59.53000000000001,0.1189,40.57,23.119637364416388,69.42302088392424,81.76838810641628,66.10004856726566,28.846153846153843,58.326620257946146,0.15862068965517243,0.7379310344827587,0.9103448275862069,0.6413793103448275,D,B,A-,B-,tjxcompaniesinc,0.0,0.84,0.7916666666666666,25.0,0.0,0.0,0.0,0.18,D,56.21123564256153,79.16666666666666,47.49999999999999,49.25686978554969,True,False,23.119637364416388
BDC,Belden Inc,Information Technology,Electronic Components,114.15,18.7109,1.6368,14.5943,3.5160725946552,22.98,10.33,19.139999999999997,0.1162,9.48,0.2667934529645761,12.6295,22.98,10.33,12.6295,0.2667934529645761,19.139999999999997,0.1162,9.48,82.2663723325975,51.60198985684818,57.29775353850149,28.623215290531224,23.262032085561497,55.93607249725063,0.869281045751634,0.5032679738562091,0.6013071895424836,0.20915032679738563,B+,C+,B-,D+,beldeninc,-0.022222222222222254,0.7777777777777778,0.6964285714285714,9.0,0.0,0.0,-0.022222222222222254,0.23529411764705882,D+,53.26227570580678,69.64285714285714,41.785714285714285,48.651797436288746,False,True,23.262032085561497
HWKN,Hawkins Inc,Materials,Commodity Chemicals,167.49,42.4804,3.2931,21.6549,7.526659446633922,0.89,11.65,16.73,0.1151,11.14,0.7364592895981923,40.2411,0.89,11.65,40.2411,0.7364592895981923,16.73,0.1151,11.14,28.70797064345452,64.84444727782737,73.65591397849464,61.935483870967744,36.038961038961034,55.946957385246314,0.20634920634920634,0.7777777777777778,0.7619047619047619,0.6349206349206349,D+,B,B,B-,hawkinsinc,0.0,0.7777777777777778,0.6964285714285714,9.0,0.0,0.0,0.0,0.39285714285714285,C-,54.55085348914242,69.64285714285714,41.785714285714285,48.263061187198595,True,False,28.70797064345452
RGLD,Royal Gold Inc,Materials,Gold,230.59,41.9554,18.9846,24.8081,2.7224288991394343,35.14,43.24,10.92,0.6193,9.950000000000001,0.5134408446564916,29.4867,35.14,34.48599999999994,29.4867,0.5134408446564916,10.92,0.24933999999999995,9.950000000000001,20.208226659839564,84.50635386119257,75.0,47.0674486803519,80.51948051948052,55.11681717326879,0.06349206349206349,0.9206349206349206,0.7936507936507936,0.42857142857142855,D-,A-,B,C,royalgoldinc,0.022222222222222254,0.8,0.7500000000000001,20.0,0.0,0.0,0.022222222222222254,0.7857142857142857,B,58.168765225216845,75.00000000000001,45.00000000000001,47.57940130833117,True,False,20.208226659839564
EEFT,Euronet Worldwide Inc,Financials,Transaction & Payment Processing Services,74.01,9.0787,0.662,4.6826,2.2262396072722024,7.51,6.38,23.7,0.12480000000000001,8.72,0.20348376880443403,-25.0911,7.51,6.38,-25.0911,0.20348376880443403,23.7,0.12480000000000001,8.72,61.974121816813536,38.43966081928028,82.91457286432161,20.79810818799882,34.848484848484844,53.069727471739604,0.6521739130434783,0.3140096618357488,0.8357487922705314,0.16908212560386474,B-,C-,B+,D,euronetworldwideinc,0.0,0.7647058823529411,0.7159090909090908,17.0,0.0,0.0,0.0,0.3333333333333333,C-,51.55457595658809,71.59090909090908,42.954545454545446,46.5724518776712,False,True,20.79810818799882
MTRN,Materion Corp,Materials,Diversified Metals & Mining,188.22,52.3269,2.1915,35.4021,4.137430757056186,1267.71,6.04,8.14,0.061500000000000006,5.42,0.9508675206745582,123.4065,623.2719999999998,6.04,123.4065,0.9508675206745582,8.14,0.061500000000000006,5.42,24.92746202423622,81.27317724091918,39.784946236559136,86.42228739002931,35.37414965986395,54.71719499138854,0.14285714285714285,0.8888888888888888,0.3492063492063492,0.8888888888888888,D,B+,C-,B+,materioncorp,0.0,0.8,0.7166666666666667,10.0,0.0,0.0,0.0,0.21428571428571427,D+,53.25460995737493,71.66666666666667,43.0,45.90044885514603,True,False,24.92746202423622
ARWR,Arrowhead Pharmaceuticals Inc,Health Care,Biotechnology,74.81,51.7925,9.6022,32.8074,21.782552993244817,,43539.24,36.120000000000005,0.2755,17.330000000000002,0.9696828358208954,432.8348,,51.467499999999895,96.76192999999994,0.9578858403006005,36.120000000000005,0.2755,17.330000000000002,21.524404348831826,72.87549407114625,82.32323232323233,97.70750988142294,98.88888888888889,65.07850995852988,0.12878787878787878,0.8409090909090909,0.8712121212121212,0.9848484848484849,D,B+,B+,A+,arrowheadpharmaceuticalsinc,0.09210526315789469,0.8421052631578947,0.78125,19.0,0.0,0.0,0.08911943319838053,1.0,A+,69.96739884741876,78.125,46.875,43.5906994303953,True,False,21.524404348831826
ANIP,ANI Pharmaceuticals Inc,Health Care,Pharmaceuticals,80.39,23.3576,2.0714,10.5712,3.3454155031856145,,43.78,16.06,0.1258,7.07,0.5534003271792475,13.7219,,43.78,13.7219,0.5534003271792475,16.06,0.1258,7.07,69.40589097077645,70.88189588189589,51.13636363636363,48.95104895104896,47.43589743589743,59.10215261837399,0.8181818181818182,0.803030303030303,0.4772727272727273,0.4772727272727273,B+,B+,C,C,anipharmaceuticalsinc,0.0,0.8571428571428571,0.7763157894736842,14.0,0.0,0.0,0.0,0.43333333333333335,C,58.84574236196374,77.63157894736842,46.578947368421055,42.29428752244141,False,False,47.43589743589743
ECPG,Encore Capital Group Inc,Financials,Consumer Finance,83.3,6.9441,1.0083,8.5424,1.849614978106598,13.54,33.12,28.189999999999998,0.35340000000000005,5.3100000000000005,0.960112888052681,142.0105,13.54,33.12,72.80332,0.960112888052681,28.189999999999998,0.35340000000000005,5.3100000000000005,70.66127740150026,56.171716375023536,89.44723618090453,92.21429729291619,12.393162393162392,74.70433112918914,0.7922705314009661,0.6231884057971014,0.8985507246376812,0.966183574879227,B,B-,B+,A,encorecapitalgroupinc,-0.018181818181818188,0.8,0.7166666666666667,10.0,0.0,0.0,-0.018181818181818188,0.1111111111111111,D,70.94364736850538,71.66666666666667,43.0,32.67745894740215,False,False,12.393162393162392
DELL,Dell Technologies Inc,Information Technology,"Technology Hardware, Storage & Peripherals",210.17,23.1217,1.2089,14.7533,54.83887801696021,33.09,18.8,130.7,0.0739,13.700000000000001,0.9126512990517308,128.5699,33.09,18.8,128.5699,0.9126512990517308,108.96000000000001,0.0739,13.700000000000001,80.73554661010836,72.33424178245588,69.69441198112798,71.1121004693268,16.42156862745098,71.29675809816563,0.8562091503267973,0.8300653594771242,0.7189542483660131,0.7320261437908496,B+,B+,B,B,delltechnologiesinc,-0.045955882352941124,0.7352941176470589,0.7115384615384616,34.0,0.0,0.0,-0.045955882352941124,0.14705882352941177,D,67.93891496091072,71.15384615384616,42.69230769230769,31.44479675359506,False,False,16.42156862745098
PR,Permian Resources Corp,Energy,Oil & Gas Exploration & Production,22.1,20.4798,3.7811,6.9353,1.7978003384094756,-12.26,1.29,9.56,0.23550000000000001,6.890000000000001,0.9990448901623689,82.6446,-12.26,1.29,82.6446,0.9967504108330386,9.56,0.23550000000000001,6.890000000000001,51.52696556205328,48.84626690182246,51.23456790123456,84.58847736625515,40.27777777777778,57.377332219437484,0.5087719298245614,0.43859649122807015,0.4824561403508772,0.9298245614035088,C+,C,C,A-,permianresourcescorp,-0.03125,0.875,0.8310810810810811,32.0,90.0,84.89281911636292,-0.03125,0.3333333333333333,C-,56.40510999721526,83.10810810810811,83.82199251141003,30.94424325002711,False,False,40.27777777777778
SNX,TD Synnex Corp,Information Technology,Technology Distributors,228.2,18.5862,0.2816,10.699,2.163063929818907,50.42,10.39,11.600000000000001,0.0246,7.64,0.9716420026716217,104.0415,50.42,10.39,104.0415,0.9716420026716217,11.600000000000001,0.0246,7.64,90.80061752441962,69.36659584037719,38.33268406700429,81.69316291638069,9.893048128342247,67.49527714920755,0.9477124183006536,0.7647058823529411,0.3464052287581699,0.8823529411764706,A,B,C-,B+,tdsynnexcorp,-0.05882352941176472,0.7647058823529411,0.7159090909090908,17.0,0.0,0.0,-0.05882352941176472,0.029411764705882353,F,63.48458196204178,71.59090909090908,42.954545454545446,29.689287330271256,False,False,9.893048128342247
JBL,Jabil Inc,Information Technology,Electronic Manufacturing Services,342.47,44.6619,1.1061,27.4856,24.32850982815819,78.78,19.0,58.989999999999995,0.042800000000000005,17.96,0.9647331557660058,132.0572,78.78,19.0,132.0572,0.9647331557660058,58.989999999999995,0.042800000000000005,17.96,64.94250385952762,80.38583525908464,60.0,72.93091187910044,14.578005115089516,66.89897539251892,0.7124183006535948,0.8888888888888888,0.6143790849673203,0.7712418300653595,B,B+,B-,B,jabilinc,-0.047794117647058876,0.7647058823529411,0.7159090909090908,17.0,0.0,0.0,-0.047794117647058876,0.11764705882352941,D,63.35677590402787,71.59090909090908,42.954545454545446,29.638164907065693,False,False,14.578005115089516
GL,Globe Life Inc,Financials,Life & Health Insurance,152.72,10.1767,1.9725,9.1687,2.021747821643504,17.67,3.96,20.64,0.2625,13.889999999999999,0.9463026166097835,29.7316,17.67,3.96,29.7316,0.9463026166097835,20.64,0.2625,13.889999999999999,61.095331731119366,49.912859101849406,79.39698492462311,79.46398659966499,17.989417989417994,65.9984483042385,0.6183574879227053,0.4492753623188406,0.8019323671497585,0.8357487922705314,B-,C,B+,B+,globelifeinc,-0.017391304347826098,0.782608695652174,0.7410714285714286,23.0,0.0,0.0,-0.017391304347826098,0.1388888888888889,D,62.79739010318029,74.10714285714286,44.464285714285715,29.56538461270069,False,False,17.989417989417994
CHDN,Churchill Downs Inc,Consumer Discretionary,Casinos & Gaming,98.65,17.6614,2.3336,12.4143,6.800071688540863,-3.84,5.75,37.230000000000004,0.2349,6.39,0.48168498168498197,8.4662,-3.84,5.75,8.4662,0.48168498168498197,37.230000000000004,0.2349,6.39,46.52744050509957,58.26732394366198,69.75826590750175,42.57545271629778,31.818181818181817,54.23998193514228,0.4689655172413793,0.6068965517241379,0.7448275862068966,0.3724137931034483,C,B-,B,C-,churchilldownsinc,0.0,0.9473684210526315,0.8645833333333333,19.0,90.0,84.89281911636292,0.0,0.28,D+,52.42180011696046,86.45833333333333,85.83212764654516,29.551932811438704,False,False,31.818181818181817
CON,Concentra Group Holdings Parent Inc,Health Care,Health Care Services,22.53,17.3979,1.3383,10.7347,7.369006345260679,-42.65,13.85,46.6,0.154,8.41,0.6490228013029318,4.6447,-42.65,13.85,4.6447,0.6490228013029318,46.6,0.154,8.41,80.26254915567893,45.064935064935064,67.67676767676768,55.16883116883117,47.22222222222222,62.031582454864896,0.8939393939393939,0.4318181818181818,0.696969696969697,0.5454545454545454,B+,C,B-,C+,concentragroupholdingsparentinc,0.0,0.9090909090909091,0.796875,11.0,0.0,0.0,0.0,0.36666666666666664,C-,61.75380467708712,79.6875,47.8125,29.48277187083485,False,False,45.064935064935064
NJR,New Jersey Resources Corp,Utilities,Gas Utilities,56.0,17.2808,4.0983,13.0472,2.3526742764476296,-2.62,30.14,13.389999999999999,0.3618,5.489999999999999,0.8806179775280897,14.496,-2.62,21.16299999999999,14.496,0.8806179775280897,13.389999999999999,0.3618,5.489999999999999,57.24417426545086,64.99297632507623,82.97872340425532,59.57446808510638,27.27272727272727,64.96921329946306,0.6530612244897959,0.6938775510204082,0.9183673469387755,0.5714285714285714,B-,B-,A-,C+,newjerseyresourcescorp,-0.018181818181818188,0.8,0.7166666666666667,10.0,0.0,0.0,-0.018181818181818188,0.25,D+,62.69648602673579,71.66666666666667,43.0,29.37859441069432,False,False,27.27272727272727
BALL,Ball Corp,Materials,"Metal, Glass & Plastic Containers",61.33,17.8982,1.2403,10.8767,3.0022812050245253,-73.82,11.58,16.91,0.10869999999999999,7.359999999999999,0.703324808184143,19.7384,-62.762,11.58,19.7384,0.703324808184143,16.91,0.10869999999999999,7.359999999999999,67.57125789383853,47.88679808841099,65.05376344086021,56.90860215053763,83.22981366459628,59.11533538146441,0.7777777777777778,0.3968253968253968,0.6666666666666666,0.5555555555555556,B,C-,B-,C+,ballcorp,0.0800865800865801,0.7619047619047619,0.7211538461538463,21.0,0.0,0.0,0.0800865800865801,0.8571428571428571,B+,62.43831674792404,72.11538461538463,43.269230769230774,29.302249776092694,False,False,47.88679808841099
ANDE,Andersons Inc,Consumer Staples,Food Distributors,79.12,28.1499,0.2447,11.0208,2.1509819700297963,-16.73,-2.21,7.4399999999999995,1.0,4.55,0.9900154400411735,111.9475,-16.73,-2.21,82.24241999999998,0.9832708785381806,7.4399999999999995,0.4193199999999999,4.55,69.64285714285715,25.727199354317996,50.0,98.09523809523809,69.69696969696969,59.67520177562551,0.78125,0.125,0.4609375,1.0,B,D,C,A+,andersonsinc,0.01388888888888884,0.8888888888888888,0.7678571428571428,9.0,0.0,0.0,0.01388888888888884,0.6666666666666666,B-,61.64489874532248,76.78571428571428,46.07142857142856,29.26510235527185,False,False,25.727199354317996
MRK,Merck & Co Inc,Health Care,Pharmaceuticals,112.16,31.0041,4.2121,12.432,5.276081700238026,-48.26,2.89,36.19,0.1818,20.13,0.7495658884815742,34.7105,-48.26,2.89,34.7105,0.7495658884815742,36.19,0.1818,20.13,53.47559565116817,26.66689519630696,77.77777777777779,72.44755244755244,98.71794871794872,57.636232886008365,0.5909090909090909,0.09090909090909091,0.8106060606060606,0.7424242424242424,C+,D-,B+,B,merckcoinc,0.09663865546218486,0.7142857142857143,0.69375,35.0,0.0,0.0,0.08911943319838053,0.9666666666666667,A,62.508027757803234,69.375,41.625,29.165711103121296,False,False,26.66689519630696
BANC,Banc of California Inc,Financials,Regional Banks,18.58,11.9636,1.98464,17.3773,0.8156384851424733,74.78,26.60258,7.07,0.3988023,4.66,0.6379928315412184,38.7603,74.78,26.60258,38.7603,0.6379928315412184,7.07,0.3988023,4.66,81.7869540941422,56.587994540841294,16.08040201005025,60.330387570034084,50.0,52.85051544822319,0.9227053140096618,0.6570048309178744,0.15458937198067632,0.6328502415458938,A-,B-,D,B-,bancofcaliforniainc,0.007352941176470562,0.8823529411764706,0.8068181818181818,17.0,60.75,72.07785264344429,0.007352941176470562,0.5,C,52.85051544822319,80.68181818181817,77.24023196646861,28.86422937593614,False,False,16.08040201005025
MTDR,Matador Resources Co,Energy,Oil & Gas Exploration & Production,62.36,10.2055,2.0962,4.5685,1.3695320838585843,-14.57,5.46,13.919999999999998,0.3318,8.7,0.8491954193281186,54.0133,-14.57,5.46,54.0133,0.8491954193281186,13.919999999999998,0.3318,8.7,79.46718648473035,52.646972369194586,68.51851851851852,53.312757201646086,22.22222222222222,63.18837216498036,0.9298245614035088,0.5789473684210527,0.7280701754385965,0.5087719298245614,A-,C+,B,C+,matadorresourcesco,-0.1071428571428572,0.7857142857142857,0.75,28.0,0.0,0.0,-0.1071428571428572,0.16666666666666666,D,60.41059438720258,75.0,45.0,28.664237754881032,False,False,22.22222222222222
ASTE,Astec Industries Inc,Industrials,Construction Machinery & Heavy Transportation Equipment,64.16,37.9002,1.0426,16.6962,2.1538079364599803,838.27,8.07,5.79,0.0467,4.33,0.948692152917505,71.6426,107.05100000000004,8.07,71.6426,0.948692152917505,5.79,0.0467,4.33,52.91475489012316,84.33366133744522,19.306930693069308,79.05321782178218,82.92682926829269,55.7327972276436,0.5463414634146342,0.926829268292683,0.15121951219512195,0.8146341463414634,C+,A-,D,B+,astecindustriesinc,0.031746031746031744,0.8888888888888888,0.7678571428571428,9.0,0.0,0.0,0.031746031746031744,0.8292682926829268,B+,59.02548015447287,76.78571428571428,46.07142857142856,28.217334918932007,False,False,19.306930693069308
COR,Cencora Inc,Health Care,Health Care Distributors,304.0,36.3874,0.1815,17.5764,39.09565575246277,18.29,7.45,101.42999999999999,0.82,17.07,0.3097428195982729,4.6724,18.29,7.45,4.6724,0.3097428195982729,101.2055,0.42408999999999974,17.07,63.00408666820881,55.8498023715415,91.66666666666667,40.31620553359684,9.090909090909092,62.900889914746536,0.6893939393939394,0.6363636363636364,0.9696969696969697,0.3787878787878788,B-,B-,A,C-,cencorainc,-0.07416267942583732,0.7894736842105263,0.7395833333333334,19.0,0.0,0.0,-0.06578947368421054,0.06666666666666667,D-,58.80998082383744,73.95833333333334,44.37500000000001,27.961492329534977,False,False,9.090909090909092
KRYS,Krystal Biotech Inc,Health Care,Biotechnology,266.04,38.2319,20.1246,43.9598,6.368066792413087,129.21,33.95,18.69,0.41409999999999997,18.69,0.8161683845860186,60.5649,129.21,33.95,60.5649,0.8161683845860186,18.69,0.41409999999999997,18.69,18.979875086745317,86.17467581998474,79.7979797979798,81.22529644268775,13.333333333333336,63.17445817371578,0.09090909090909091,0.9545454545454546,0.821969696969697,0.8409090909090909,D-,A,B+,B+,krystalbiotechinc,-0.05555555555555558,0.8888888888888888,0.8152173913043478,18.0,90.0,84.89281911636292,-0.05555555555555558,0.1,D-,59.50779150704911,81.52173913043478,82.87017112480603,27.933002756727262,True,False,13.333333333333336
GAP,Gap Inc,Consumer Discretionary,Apparel Retail,24.68,11.0497,0.5868,4.8992,2.415416385292189,-2.88,1.86,22.98,0.0726,16.189999999999998,0.561592505854801,12.0291,-2.88,1.86,12.0291,0.561592505854801,22.98,0.0726,16.189999999999998,85.01861745183746,37.11316172899466,56.87576998634835,44.497328800388544,77.6923076923077,56.795694965423095,0.9241379310344827,0.296551724137931,0.5586206896551724,0.4068965517241379,A-,D+,C+,C,gapinc,0.04166666666666674,0.7083333333333334,0.6810344827586208,24.0,0.0,0.0,0.04166666666666674,0.76,B,59.56492573465387,68.10344827586208,40.862068965517246,27.912177190413274,False,False,37.11316172899466
STRL,Sterling Infrastructure Inc,Industrials,Construction & Engineering,532.67,56.3244,6.5632,37.9418,14.7434761910034,13.14,17.69,30.17,0.163,23.02,0.9870523344640961,233.002,13.14,17.69,150.49414,0.9870523344640961,30.17,0.163,23.02,12.886581341060932,62.236590789537686,80.52805280528052,86.65063649222064,86.34146341463415,58.13110399293703,0.05853658536585366,0.6634146341463415,0.8634146341463415,0.9219512195121952,D-,B-,B+,A-,sterlinginfrastructureinc,0.019480519480519543,0.9285714285714286,0.8289473684210527,14.0,60.75,72.07785264344429,0.019480519480519543,0.8536585365853658,B+,61.76525033440044,82.89473684210526,78.56798316264087,27.81745166370975,True,False,12.886581341060932
HAL,Halliburton Co,Energy,Oil & Gas Equipment & Services,41.66,22.6018,1.5701,11.2733,3.3253246701415216,-23.69,-1.72,14.680000000000001,0.1131,8.63,0.965576592082616,109.0316,-23.69,-1.72,109.0316,0.965576592082616,14.680000000000001,0.1131,8.63,47.888239116309286,32.68273007856341,60.18518518518519,80.38159371492704,93.05555555555554,54.63122083407171,0.45614035087719296,0.17543859649122806,0.631578947368421,0.8771929824561403,C,D,B-,B+,halliburtonco,0.030303030303030276,0.7272727272727273,0.7039473684210527,33.0,0.0,0.0,0.030303030303030276,0.9166666666666666,A-,58.93677638962727,70.39473684210526,42.23684210526316,27.798394766377225,False,False,32.68273007856341
SEZL,Sezzle Inc,Financials,Transaction & Payment Processing Services,85.46,21.6983,6.4153,16.6302,17.00933463368031,69.54,66.08,91.62,0.3926,51.25999999999999,0.262022733896823,64.2514,69.54,66.08,64.2514,0.262022733896823,53.26099999999997,0.3926,27.17999999999999,16.241837205350425,91.86648667493148,97.73869346733667,69.7132722435708,81.06060606060606,65.81108445187223,0.0821256038647343,0.9903381642512077,0.9782608695652174,0.7632850241545893,D-,A+,A+,B,sezzleinc,0.033333333333333326,0.8333333333333334,0.75,12.0,0.0,0.0,0.033333333333333326,0.8055555555555556,B+,68.91714505793283,75.0,45.0,27.771912908716732,True,False,16.241837205350425
NRG,NRG Energy Inc,Utilities,Independent Power Producers & Energy Traders,153.37,38.0863,1.0714,14.3174,17.369392631853135,-17.71,9.18,39.65,0.058499999999999996,5.87,0.5351289543895312,34.3701,-17.71,9.18,34.3701,0.5351289543895312,22.930999999999976,0.1099,5.87,46.663771891735415,40.91329576991002,63.829787234042556,60.962072155411654,100.0,52.99846336650883,0.4897959183673469,0.2857142857142857,0.7040816326530612,0.6122448979591837,C,D+,B,B-,nrgenergyinc,0.12531328320802004,0.8095238095238095,0.7596153846153846,21.0,0.0,0.0,0.12531328320802004,1.0,A+,57.99846336650883,75.96153846153845,45.57692307692307,27.75707765429584,False,False,40.91329576991002
PFS,Provident Financial Services Inc,Financials,Regional Banks,22.38,10.0166,2.313,7.439,1.0317881100020745,134.42,36.72119,10.620000000000001,0.4091399,8.959999999999999,0.8015982330094678,34.0923,109.115,36.72119,34.0923,0.8015982330094678,10.620000000000001,0.4091399,8.959999999999999,84.70371179569345,65.19311070429713,40.20100502512563,69.97054236700745,5.729166666666666,63.258909819465686,0.9468599033816425,0.7922705314009661,0.3864734299516908,0.7729468599033816,A,B,C-,B,providentfinancialservicesinc,-0.09722222222222221,0.7777777777777778,0.6964285714285714,9.0,0.0,0.0,-0.05326044891640863,0.027777777777777776,F,58.83182648613235,69.64285714285714,41.785714285714285,27.711302023024373,False,False,5.729166666666666
CTRA,Coterra Energy Inc,Energy,Oil & Gas Exploration & Production,35.38,15.6471,3.5142,6.3741,1.8111824390044131,49.63,40.07,11.77,0.3207,9.21,0.8969072164948454,42.1454,49.63,40.07,42.1454,0.8969072164948454,11.77,0.3207,9.21,56.82261208576998,81.47707231040565,67.90123456790123,51.79012345679013,11.11111111111111,62.834400816856956,0.7017543859649122,0.9298245614035088,0.7017543859649122,0.49122807017543857,B,A-,B,C,coterraenergyinc,-0.15409482758620685,0.6896551724137931,0.6691176470588236,29.0,0.0,0.0,-0.12827124384236455,0.08333333333333333,D-,58.94551192796807,66.91176470588236,40.14705882352941,27.592910653540173,False,False,11.11111111111111
TNL,Travel + Leisure Co,Consumer Discretionary,"Hotels, Resorts & Cruise Lines",64.4,16.9618,0.9931,13.7771,8.374512353706113,-40.1,4.25,121.75,0.1374,12.04,0.5536434525410058,43.3022,-40.1,4.25,43.3022,0.5536434525410058,121.75,0.1374,12.04,52.89622794236684,40.16430198840099,75.59767588985449,71.49958574979287,31.818181818181817,59.45625350569411,0.5724137931034483,0.3586206896551724,0.8,0.7310344827586207,C+,C-,B,B,travelleisureco,0.0,0.8125,0.75,16.0,0.0,0.0,0.0,0.28,D+,57.63807168751229,75.0,45.0,27.555228675004916,False,False,31.818181818181817
EQT,EQT Corp,Energy,Oil & Gas Exploration & Production,58.66,11.1723,3.8417,5.7373,1.5412263600678917,836.61,50.77,14.06,0.4972,10.61,0.5154274152756702,16.4813,354.4839999999996,50.77,16.4813,0.5154274152756702,14.06,0.4221149999999998,10.61,62.76803118908382,96.43298059964727,78.39506172839506,13.888888888888888,86.11111111111111,62.355147127076954,0.7543859649122807,1.0,0.8596491228070176,0.08771929824561403,B,A+,B+,D-,eqtcorp,0.01666666666666672,0.7666666666666667,0.7357142857142858,30.0,0.0,0.0,0.01666666666666672,0.8333333333333334,B+,65.96625823818806,73.57142857142858,44.142857142857146,27.531582456791753,False,True,13.888888888888888
R,Ryder System Inc,Industrials,Cargo Ground Transportation,249.99,19.5797,0.7639,6.1807,3.2286727945022546,4.84,-0.07,16.36,0.0795,4.6,0.9269003475681589,79.9784,4.84,-0.07,79.9784,0.9269003475681589,16.36,0.0795,4.6,87.6302020445947,49.29860388799689,35.64356435643564,76.82529543276908,14.053426248548206,61.04322146441078,0.9365853658536586,0.47317073170731705,0.3073170731707317,0.7658536585365854,A,C,C-,B,rydersysteminc,-0.05882352941176472,0.7647058823529411,0.7159090909090908,17.0,0.0,0.0,-0.05882352941176472,0.0975609756097561,D-,57.448564089265595,71.59090909090908,42.954545454545446,27.274880181160782,False,False,14.053426248548206
WTFC,Wintrust Financial Corp,Financials,Regional Banks,149.57,11.5945,2.29791,8.673,1.380056763449948,20.33,79.30369,11.93,0.38857909999999996,10.41,0.7445631438382294,32.7977,20.33,79.30369,32.7977,0.7445631438382294,11.93,0.38857909999999996,10.41,64.38229796324617,76.5553677818963,48.24120603015075,61.94189337492058,11.458333333333332,60.855328229712605,0.6763285024154589,0.9323671497584541,0.463768115942029,0.6473429951690821,B-,A,C,B-,wintrustfinancialcorp,-0.05263157894736836,0.7894736842105263,0.7395833333333334,19.0,0.0,0.0,-0.05263157894736836,0.08333333333333333,D-,57.00116156304594,73.95833333333334,44.37500000000001,27.23796462521838,False,False,11.458333333333332
REX,REX American Resources Corp,Energy,Oil & Gas Refining & Marketing,49.97,19.8418,2.5303,15.973,2.6950645316132094,-15.64,1.24,14.680000000000001,0.09390000000000001,14.6,0.995597586825371,149.2269,-15.64,1.24,149.2269,0.995597586825371,14.680000000000001,0.09390000000000001,14.6,37.069525666016894,50.063856960408685,65.12345679012346,90.24265644955301,53.78787878787878,58.60954829602743,0.2982456140350877,0.5263157894736842,0.6842105263157895,0.9824561403508771,D+,C+,B-,A+,rexamericanresourcescorp,0.0,0.8,0.675,5.0,0.0,0.0,0.0,0.5833333333333334,C+,58.9883361748153,67.5,40.5,26.929950814783297,True,False,37.069525666016894
AIR,AAR Corp,Industrials,Aerospace & Defense,110.35,25.6607,1.3999,14.1167,3.263325368473349,-45.74,16.85,12.07,0.0955,7.199999999999999,0.7721929468990677,100.2722,-45.74,16.85,100.2722,0.7721929468990677,12.07,0.0955,7.199999999999999,64.0513563551477,43.30926920262212,40.26402640264027,80.98502157908098,50.0,55.93770384578761,0.7365853658536585,0.36585365853658536,0.35121951219512193,0.8292682926829268,B,C-,C-,B+,aarcorp,0.0,0.8333333333333334,0.75,12.0,0.0,0.0,0.0,0.36585365853658536,C-,55.93770384578761,75.0,45.0,26.875081538315044,False,False,40.26402640264027
CRUS,Cirrus Logic Inc,Information Technology,Semiconductors,164.24,20.7429,4.2454,15.0224,4.405484860839897,38.36,7.04,20.13,0.2311,20.13,0.8634183884909123,71.9071,38.36,7.04,71.9071,0.8634183884909123,20.13,0.2311,20.13,69.18293439524449,53.954228276079476,77.36946139750971,40.040387015733444,11.151960784313724,60.43702200655113,0.7516339869281046,0.5816993464052288,0.803921568627451,0.3202614379084967,B,C+,B+,C-,cirruslogicinc,-0.0714285714285714,0.7142857142857143,0.6710526315789473,14.0,0.0,0.0,-0.05882352941176472,0.07352941176470588,D-,56.552218084982506,67.10526315789474,40.26315789473684,26.647203023466687,False,False,11.151960784313724
HALO,Halozyme Therapeutics Inc,Health Care,Biotechnology,63.96,23.9125,5.4257,17.7464,154.34362934362935,-27.39,37.55,92.67,0.3319,15.770000000000001,0.4740783410138249,6.5467,-27.39,37.55,6.5467,0.4740783410138249,92.67,0.3319,15.770000000000001,44.818413139023825,51.801539421676715,85.85858585858585,40.54018445322794,51.11111111111111,56.13759452438335,0.4393939393939394,0.5227272727272727,0.9053030303030303,0.4015151515151515,C,C+,A-,C,halozymetherapeuticsinc,0.0,0.7333333333333333,0.6875,15.0,0.0,0.0,0.0,0.5333333333333333,C+,56.24870563549446,68.75,41.25,26.624482254197787,False,False,40.54018445322794
HOOD,Robinhood Markets Inc,Financials,Investment Banking & Brokerage,73.66,35.2134,14.8238,30.9585,7.263869987969154,32.75,51.58,22.33,0.4681,9.1,0.25946469017976925,58.0009,32.75,51.58,58.0009,0.25946469017976925,22.33,0.4681,9.1,10.280872963853083,81.85454352169742,81.4070351758794,55.82153190193391,68.59903381642512,55.45719211965939,0.05314009661835749,0.961352657004831,0.821256038647343,0.5845410628019324,D-,A,B+,C+,robinhoodmarketsinc,0.011029411764705843,0.8235294117647058,0.7884615384615384,34.0,60.75,72.07785264344429,0.011029411764705843,0.6944444444444444,B-,57.3170955013019,78.84615384615384,76.13883336507001,26.00756371468391,True,False,10.280872963853083
NUE,Nucor Corp,Materials,Steel,226.04,29.5245,1.5846,14.7595,2.470288021769659,-10.95,5.73,8.49,0.0817,6.29,0.984229979466119,88.8072,-10.95,5.73,88.8072,0.984229979466119,8.49,0.0817,6.29,51.06673493770268,46.67959651274445,47.8494623655914,87.43047830923248,36.038961038961034,56.55106429021891,0.5714285714285714,0.38095238095238093,0.42857142857142855,0.9365079365079365,C+,C-,C,A,nucorcorp,0.0,0.6818181818181818,0.6574074074074073,22.0,0.0,0.0,0.0,0.39285714285714285,C-,55.154960394115015,65.74074074074073,39.444444444444436,26.006428602090452,False,False,36.038961038961034
VSCO,Victoria's Secret & Co,Consumer Discretionary,Apparel Retail,52.36,26.1693,0.643,15.7779,4.893457943925234,-3.99,5.2,22.720000000000002,0.0414,8.83,0.7056463866772018,172.8504,-3.99,5.2,78.51316499999996,0.7056463866772018,22.720000000000002,0.0414,8.83,45.01699854298203,45.99028654686741,43.91835647454466,88.6255463817387,57.692307692307686,54.1570053401029,0.4413793103448276,0.4206896551724138,0.43448275862068964,0.9241379310344827,C,C,C,A-,victoriassecretco,0.018382352941176516,0.7058823529411765,0.6704545454545455,17.0,0.0,0.0,0.018382352941176516,0.56,C+,54.926236109333665,67.04545454545455,40.22727272727273,25.99322171646074,False,False,43.91835647454466
ROST,Ross Stores Inc,Consumer Discretionary,Apparel Retail,228.84,34.3678,3.2404,21.9612,11.921357797018098,4.7,7.67,36.7,0.11900000000000001,29.14,0.9848985370457763,64.716,4.7,7.67,64.716,0.9169155080324013,36.7,0.11900000000000001,29.14,19.881819653553503,64.60126274890723,75.97476109612761,93.46284604176785,70.76923076923076,60.5769669455553,0.1103448275862069,0.6827586206896552,0.8137931034482758,0.9793103448275862,D,B-,B+,A+,rossstoresinc,0.040000000000000036,0.76,0.7250000000000001,25.0,0.0,0.0,0.040000000000000036,0.68,B-,62.65389002247838,72.50000000000001,43.50000000000001,25.88724024584498,True,False,19.881819653553503
NEE,Nextera Energy Inc,Utilities,Multi-Utilities,96.95,24.7066,7.255,19.282,3.6981232834909976,47.29,10.29,15.24,0.2954,5.4399999999999995,0.9483796960137655,46.7827,47.29,10.29,45.80316999999999,0.9483796960137655,15.24,0.2954,5.4399999999999995,11.622521348965117,81.85882880609985,82.2695035460993,95.95099935525468,64.28571428571429,64.03497185603702,0.061224489795918366,0.9183673469387755,0.8979591836734694,1.0,D-,A-,B+,A+,nexteraenergyinc,0.0,0.6774193548387096,0.6597222222222223,31.0,0.0,0.0,0.0,0.5,C,65.46354328460845,65.97222222222223,39.583333333333336,25.79136216087518,True,False,11.622521348965117
IDCC,InterDigital Inc,Information Technology,Communications Equipment,290.5,20.3673,9.002,14.6494,6.776268830096431,-15.71,1.65,33.37,0.4962,23.630000000000003,0.4362880886426592,43.7052,-15.71,1.65,43.7052,0.4362880886426592,33.37,0.42322000000000004,23.630000000000003,61.56631894847711,22.12427170412188,89.08294738057107,35.484107403078966,35.0383631713555,54.18399240370221,0.6601307189542484,0.0915032679738562,0.9150326797385621,0.29411764705882354,B-,D-,A-,D+,interdigitalinc,0.0,0.9090909090909091,0.796875,11.0,0.0,0.0,0.0,0.3235294117647059,C-,52.687828720837764,79.6875,47.8125,25.780333307487062,False,True,22.12427170412188
GATX,GATX Corp,Industrials,Construction Machinery & Heavy Transportation Equipment,196.35,20.9273,4.0077,17.0228,2.527101831843156,17.41,9.77,12.47,0.3048,2.68,0.8516908212560385,35.3858,17.41,9.77,35.3858,0.8516908212560385,12.47,0.29997499999999994,2.68,48.5124366095146,78.2334611534924,51.48514851485149,54.92574257425743,8.589607635206788,56.63123702664149,0.5024390243902439,0.8731707317073171,0.5317073170731708,0.5414634146341464,C+,B+,C+,C+,gatxcorp,-0.08181818181818179,0.8181818181818182,0.734375,11.0,0.0,0.0,-0.059523809523809534,0.07317073170731707,D-,52.49019779016217,73.4375,44.0625,25.40232911606487,False,False,8.589607635206788
WWD,Woodward Inc,Industrials,Electrical Components & Equipment,362.99,44.0742,5.6824,31.9677,8.47224621072434,32.85,14.52,19.63,0.14859999999999998,14.59,0.7983185382849658,90.5559,32.85,14.52,90.5559,0.7983185382849658,19.63,0.14859999999999998,14.59,18.26209450213314,86.35923598012712,66.17161716171617,66.75247524752476,97.87910922587486,56.73077016149271,0.09268292682926829,0.9512195121951219,0.697560975609756,0.6878048780487804,D-,A,B-,B-,woodwardinc,0.07916666666666672,0.8125,0.75,16.0,0.0,0.0,0.06666666666666665,0.9634146341463414,A,61.51868108408019,75.0,45.0,25.3625476266221,True,False,18.26209450213314
AIT,Applied Industrial Technologies Inc,Industrials,Trading Companies & Distributors,302.99,27.7331,2.3556,20.9053,6.220385471327798,6.39,6.14,21.740000000000002,0.10869999999999999,16.619999999999997,0.9303368443007612,32.4662,6.39,6.14,32.4662,0.9303368443007612,21.740000000000002,0.10869999999999999,16.619999999999997,45.20244707397569,54.6302173723047,65.67656765676567,60.50266565118051,14.952279957582185,55.74633028738238,0.44878048780487806,0.5756097560975609,0.6829268292682927,0.6195121951219512,C,C+,B-,B-,appliedindustrialtechnologiesinc,-0.019230769230769273,0.75,0.6911764705882353,12.0,0.0,0.0,-0.019230769230769273,0.12195121951219512,D,52.2415582831406,69.11764705882352,41.47058823529411,25.043682136785655,False,False,14.952279957582185
CXT,Crane NXT Co,Information Technology,Electronic Equipment & Instruments,44.6,17.6855,1.549,9.6871,2.0446054049098037,-21.44,11.43,12.22,0.1489,6.52,0.18038293584145126,-5.1266,-21.44,11.43,-5.1266,0.18038293584145126,12.22,0.1489,6.52,87.98568728447964,41.601414070133536,50.29216984807167,31.50987294710513,52.450980392156865,54.191721686585566,0.9084967320261438,0.3464052287581699,0.5032679738562091,0.2549019607843137,A-,C-,C+,D+,cranenxtco,0.022727272727272707,0.75,0.6911764705882353,12.0,0.0,0.0,0.022727272727272707,0.5,C,54.43681972580126,69.11764705882352,41.47058823529411,25.0,False,True,31.50987294710513
SKYW,SkyWest Inc,Industrials,Passenger Airlines,83.54,7.7146,0.8036,5.1488,1.2127969385370077,19.39,12.26,16.0,0.1461,8.42,0.08056440600819313,-7.3631,19.39,12.26,-7.3631,0.08056440600819313,16.0,0.1461,8.42,93.98132496176447,78.45661192452839,53.3003300330033,17.31258840169731,52.17391304347826,60.974253813937075,0.9951219512195122,0.8780487804878049,0.5414634146341464,0.09268292682926829,A+,B+,C+,D-,skywestinc,0.0,0.8333333333333334,0.75,12.0,0.0,0.0,0.0,0.4634146341463415,C,61.1916451182849,75.0,45.0,25.0,False,True,17.31258840169731
ATR,Aptargroup Inc,Materials,"Metal, Glass & Plastic Containers",119.02,19.63,1.9599,10.6913,2.8638733755062065,7.17,8.95,14.360000000000001,0.13470000000000001,9.73,0.2586768872946455,-19.7329,7.17,8.95,-19.7329,0.2586768872946455,14.360000000000001,0.13470000000000001,9.73,58.073050008533876,63.71714456391875,73.11827956989248,17.47311827956989,100.0,54.03588496330432,0.6825396825396826,0.746031746031746,0.746031746031746,0.14285714285714285,B-,B,B,D,aptargroupinc,0.08333333333333337,0.75,0.6911764705882353,12.0,0.0,0.0,0.08262987012987014,1.0,A+,59.03588496330432,69.11764705882352,41.47058823529411,25.0,False,True,17.47311827956989
PCTY,Paylocity Holding Corp,Industrials,Human Resource & Employment Services,109.6,24.7816,3.5157,12.729,4.91843740884511,9.16,12.08,20.52,0.2011,18.279999999999998,0.15241188831080646,-43.5517,9.16,12.08,-35.189144999999996,0.15241188831080646,20.52,0.2011,18.279999999999998,54.65185542944538,74.9588796476477,78.71287128712872,16.654879773691654,88.91352549889136,56.6639335634114,0.5609756097560976,0.824390243902439,0.8414634146341463,0.08780487804878048,C+,B+,B+,D-,paylocityholdingcorp,0.0357142857142857,0.8214285714285714,0.7803030303030304,28.0,0.0,0.0,0.0357142857142857,0.9024390243902439,A-,60.55528611330053,78.03030303030305,46.81818181818183,25.0,False,True,16.654879773691654
GEO,Geo Group Inc,Industrials,Environmental & Facilities Services,18.75,9.782,0.9458,6.5752,1.6964641163910101,354.95,8.55,17.68,0.0947,8.25,0.31869254341164444,-40.5517,107.05100000000004,8.55,-35.189144999999996,0.31869254341164444,17.68,0.0947,8.25,91.04000643966837,84.94214761054559,48.34983498349835,18.903818953323903,54.54545454545454,60.616653668565576,0.9658536585365853,0.9365853658536586,0.47804878048780486,0.13170731707317074,A,A,C,D,geogroupinc,0.0,0.875,0.7500000000000001,8.0,0.0,0.0,0.0,0.6829268292682927,B-,61.07119912311103,75.00000000000001,45.00000000000001,25.0,False,True,18.903818953323903
LRN,Stride Inc,Consumer Discretionary,Education Services,93.08,12.4104,1.5712,8.8893,2.7376148515899814,9.54,14.86,21.36,0.1602,15.809999999999999,0.29365665870383423,-38.2349,9.54,14.86,-34.377039999999994,0.29365665870383423,21.36,0.1602,15.809999999999999,66.28136635907398,74.59263271939328,67.8986448240269,19.507042253521128,93.04347826086958,57.3649377903581,0.7379310344827587,0.8344827586206897,0.7034482758620689,0.15172413793103448,B,B+,B,D,strideinc,0.07777777777777783,0.7777777777777778,0.6964285714285714,9.0,0.0,0.0,0.07777777777777783,0.92,A-,61.66928561644506,69.64285714285714,41.785714285714285,25.0,False,True,19.507042253521128
BR,Broadridge Financial Solutions Inc,Industrials,Data Processing & Outsourced Services,155.25,16.9807,2.5243,13.0545,6.84710988012596,41.38,7.44,40.46,0.1725,18.02,0.0504639426990069,-31.9109,41.38,7.44,-31.9109,0.0504639426990069,40.46,0.1725,18.02,66.35434275134831,74.17907515846161,83.16831683168317,12.718964204112718,87.70325203252033,59.76027276827274,0.7560975609756098,0.8097560975609757,0.8878048780487805,0.06829268292682927,B,B+,B+,D-,broadridgefinancialsolutionsinc,0.05555555555555558,0.7222222222222222,0.6847826086956522,18.0,0.0,0.0,0.05555555555555558,0.8780487804878049,B+,63.53059797152478,68.47826086956522,41.08695652173913,25.0,False,True,12.718964204112718
RPM,RPM International Inc,Materials,Specialty Chemicals,101.34,19.4219,1.6767,13.7188,4.505081219492679,3.92,5.68,21.8,0.1152,11.78,0.23259668508287296,-5.7565,3.92,5.68,-5.7565,0.23259668508287296,21.8,0.1152,11.78,55.32514080901178,62.40127223998192,80.64516129032258,15.222319093286835,93.5064935064935,54.51729379148734,0.6349206349206349,0.7142857142857143,0.8571428571428571,0.1111111111111111,B-,B,B+,D,rpminternationalinc,0.08225108225108224,0.8095238095238095,0.7596153846153846,21.0,0.0,0.0,0.08225108225108224,0.9285714285714286,A-,58.86794314213669,75.96153846153845,45.57692307692307,25.0,False,True,15.222319093286835
LPG,Dorian LPG Ltd,Energy,Oil & Gas Storage & Transportation,39.18,13.8698,4.144,9.2217,1.601039572402295,-27.64,-3.51,11.41,0.34869999999999995,7.59,0.9860968074150359,82.9132,-27.64,-3.51,82.9132,0.9860968074150359,11.41,0.34869999999999995,7.59,46.45873944119558,28.304597701149426,61.7283950617284,78.56960408684546,27.27272727272727,53.42162398332997,0.43859649122807015,0.10526315789473684,0.6491228070175439,0.8421052631578947,C,D,B-,B+,dorianlpgltd,-0.07070707070707061,0.8181818181818182,0.734375,11.0,0.0,0.0,-0.07070707070707061,0.25,D+,51.1488967106027,73.4375,44.0625,24.86580868424108,False,False,27.27272727272727
STRA,Strategic Education Inc,Consumer Discretionary,Education Services,78.24,13.9734,1.3951,7.1801,1.091519379909849,16.1,3.96,7.66,0.1374,7.66,0.359571377444685,-3.752,16.1,3.96,-3.752,0.359571377444685,7.66,0.1374,7.66,68.63849765258216,62.772481040086674,48.17450804115473,41.49512459371614,9.565217391304348,55.056772550194786,0.7586206896551724,0.6620689655172414,0.45517241379310347,0.36551724137931035,B,B-,C,C-,strategiceducationinc,-0.11111111111111105,0.7777777777777778,0.6964285714285714,9.0,0.0,0.0,-0.05240384615384616,0.04,F,51.01329428932522,69.64285714285714,41.785714285714285,24.583889144301523,False,False,9.565217391304348
IBKR,Interactive Brokers Group Inc,Financials,Investment Banking & Brokerage,80.46,131.4916,12.6836,32.3626,6.682446742244923,28.16,12.86,19.89,0.465,3.27,0.939165409753645,84.5836,28.16,12.86,72.80332,0.939165409753645,19.89,0.465,3.27,8.136091083436508,56.493845892416076,77.38693467336684,93.52977006243339,7.971014492753622,56.38547963017073,0.033816425120772944,0.6521739130434783,0.782608695652174,0.9710144927536232,F,B-,B,A+,interactivebrokersgroupinc,-0.05514705882352944,0.8823529411764706,0.8068181818181818,17.0,90.0,84.89281911636292,-0.05326044891640863,0.05555555555555555,D-,52.18258107944609,80.68181818181817,82.36621855563607,24.507657009306932,True,False,7.971014492753622
MYRG,MYR Group Inc,Industrials,Construction & Engineering,433.49,57.0015,1.8453,38.7645,10.188904532345525,306.93,8.79,19.650000000000002,0.045599999999999995,17.39,0.9996021879661859,194.6907,107.05100000000004,8.79,150.49414,0.9881548103535144,19.650000000000002,0.045599999999999995,17.39,29.46711744345166,74.58148573501792,54.04290429042904,91.44271570014143,7.902439024390244,59.08234572050205,0.22439024390243903,0.8195121951219512,0.5560975609756098,0.9634146341463414,D+,B+,C+,A,myrgroupinc,-0.0714285714285714,0.7142857142857143,0.6710526315789473,14.0,0.0,0.0,-0.059523809523809534,0.024390243902439025,F,54.87258962294107,67.10526315789474,40.26315789473684,24.343972846710503,True,False,7.902439024390244
VMC,Vulcan Materials Co,Materials,Construction Materials,297.32,35.8305,4.8581,18.0846,4.554785496749208,18.37,7.06,12.740000000000002,0.2039,8.219999999999999,0.5711201422402846,12.7793,18.37,7.06,12.7793,0.5711201422402846,12.740000000000002,0.2039,8.219999999999999,33.55521420037549,69.84767025089606,72.58064516129032,46.37096774193547,11.564625850340141,54.77769243898276,0.3333333333333333,0.8253968253968254,0.7142857142857143,0.3968253968253968,C-,B+,B,C-,vulcanmaterialsco,-0.011083743842364546,0.6785714285714286,0.6590909090909092,28.0,0.0,0.0,-0.003879310344827591,0.07142857142857142,D-,50.934155024016775,65.90909090909092,39.545454545454554,24.1254724019509,True,False,11.564625850340141
FCFS,Firstcash Holdings Inc,Financials,Consumer Finance,219.93,27.1971,2.4872,16.2841,4.248073754580205,27.91,14.39,15.909999999999998,0.1568,8.21,0.9321641756512888,65.7972,27.91,14.39,65.7972,0.9321641756512888,15.909999999999998,0.1568,8.21,18.175418153569783,53.71588578437298,66.33165829145729,81.65018641595073,87.6068376068376,53.19998355132151,0.11594202898550725,0.5555555555555556,0.6763285024154589,0.8599033816425121,D,C+,B-,B+,firstcashholdingsinc,0.05494505494505497,0.7692307692307693,0.7083333333333334,13.0,0.0,0.0,0.05494505494505497,0.8611111111111112,B+,56.96066731200527,70.83333333333334,42.50000000000001,23.870474092660416,True,False,18.175418153569783
RMBS,Rambus Inc,Information Technology,Semiconductors,111.93,52.5212,17.1047,45.8114,8.84186079579117,27.75,27.13,18.29,0.3677,18.29,0.5586725663716814,128.9894,27.75,27.13,128.9894,0.5586725663716814,18.29,0.3677,18.29,28.254627826112046,70.8602539418179,80.39359967680966,49.07564791921184,11.151960784313724,56.14923724793638,0.23529411764705882,0.8104575163398693,0.8431372549019608,0.46405228758169936,D+,B+,B+,C,rambusinc,-0.05882352941176472,0.7647058823529411,0.7159090909090908,17.0,0.0,0.0,-0.05882352941176472,0.07352941176470588,D-,52.26443332636775,71.59090909090908,42.954545454545446,23.755863336054492,True,False,11.151960784313724
SNEX,StoneX Group Inc,Financials,Investment Banking & Brokerage,105.19,23.007,0.0577,47.9531,3.4635355786992066,-40.92,32.54,16.43,0.33,1.8800000000000001,0.9498069498069497,75.4336,-40.92,32.54,72.80332,0.9498069498069497,16.43,0.33,1.8800000000000001,21.856868885490258,41.766067403242836,70.35175879396985,96.684939850769,37.68115942028985,55.7423583706674,0.15458937198067632,0.34782608695652173,0.714975845410628,0.9903381642512077,D,C-,B,A+,stonexgroupinc,0.0,0.875,0.7500000000000001,8.0,0.0,0.0,0.0,0.4166666666666667,C,54.51047431269638,75.00000000000001,45.00000000000001,23.734130608220035,True,False,21.856868885490258
VITL,Vital Farms Inc,Consumer Staples,Agricultural Products & Services,14.18,9.5836,0.8364,5.9144,1.8084197370266926,20.88,25.26,20.69,0.1164,20.0,0.057592256503327256,-59.5666,20.88,13.972999999999999,-51.65672,0.057592256503327256,20.69,0.1164,20.0,83.30853174603175,85.87812752219531,66.13756613756614,9.46031746031746,11.594202898550723,61.42921346740203,0.953125,0.90625,0.71875,0.03125,A,A-,B,F,vitalfarmsinc,-0.16666666666666663,0.7777777777777778,0.7282608695652174,18.0,0.0,0.0,-0.11166666666666664,0.08333333333333333,D-,57.5886337572571,72.82608695652173,43.69565217391304,23.722469329754617,False,True,9.46031746031746
PLMR,Palomar Holdings Inc,Financials,Property & Casualty Insurance,120.97,16.2749,3.711,12.8099,3.403301176821429,60.46,56.04,22.79,0.28,22.79,0.19412628487518355,-16.028,60.46,56.04,-16.028,0.19412628487518355,22.79,0.28,22.79,32.04063797247105,84.25675571712922,81.90954773869346,17.71489024067707,62.26851851851851,53.88187561935239,0.28019323671497587,0.966183574879227,0.8260869565217391,0.13526570048309178,D+,A,B+,D,palomarholdingsinc,0.01098901098901095,0.8571428571428571,0.7763157894736842,14.0,0.0,0.0,0.01098901098901095,0.5833333333333334,C+,55.10872747120425,77.63157894736842,46.578947368421055,23.64686363406108,True,True,17.71489024067707
IRDM,Iridium Communications Inc,Communication Services,Alternative Carriers,39.44,39.5049,4.761,13.3119,8.944933321237412,-6.26,-12.55,22.759999999999998,0.2584,4.6899999999999995,0.8286725219922965,63.8554,-6.26,-12.55,63.8554,0.8286725219922965,22.759999999999998,0.2584,4.6899999999999995,32.88288288288288,31.271693087962372,66.81681681681683,85.4524089306698,23.809523809523814,53.26974532865136,0.2972972972972973,0.1891891891891892,0.8378378378378378,0.8648648648648649,D+,D,B+,B+,iridiumcommunicationsinc,-0.0625,0.6875,0.6547619047619047,16.0,0.0,0.0,-0.05521308980213091,0.2,D,50.65069770960374,65.47619047619047,39.28571428571428,23.551441613775015,True,False,23.809523809523814
SLGN,Silgan Holdings Inc,Materials,"Metal, Glass & Plastic Containers",39.72,14.5546,0.6475,8.139,1.8415147525174786,4.46,10.73,13.03,0.0922,4.15,0.17089516515078987,-24.6443,4.46,10.73,-24.613265000000002,0.17089516515078987,13.03,0.0922,4.15,86.70421573647381,64.80734767025089,53.76344086021505,8.870967741935482,66.45962732919254,54.85257723160949,0.9206349206349206,0.7619047619047619,0.5079365079365079,0.031746031746031744,A-,B,C+,F,silganholdingsinc,0.010526315789473717,0.8,0.7500000000000001,20.0,0.0,0.0,0.010526315789473717,0.7142857142857143,B,56.498539964528746,75.00000000000001,45.00000000000001,23.464653048032023,False,True,8.870967741935482
DOCS,Doximity Inc,Health Care,Health Care Technology,24.98,19.2776,7.236,18.1112,4.357990230286113,18.89,15.92,22.89,0.37439999999999996,22.89,0.07916368834882057,-56.983,18.89,15.92,-46.128195,0.07916368834882057,22.89,0.37439999999999996,22.89,45.82465880175804,72.18434343434343,85.35353535353535,8.712121212121211,74.60317460317461,53.97384146811628,0.45454545454545453,0.8181818181818182,0.8939393939393939,0.045454545454545456,C,B+,B+,F,doximityinc,0.009195402298850519,0.7333333333333333,0.7071428571428571,30.0,0.0,0.0,0.009195402298850519,0.7333333333333333,B,56.43415892843374,70.71428571428571,42.42857142857142,23.403508986964926,False,True,8.712121212121211
HWM,Howmet Aerospace Inc,Industrials,Aerospace & Defense,239.51,63.6571,11.6329,43.2481,17.969764039464305,31.87,11.06,29.67,0.24609999999999999,18.2,0.7732463295269167,61.7983,31.87,11.06,61.7983,0.7732463295269167,29.67,0.24609999999999999,18.2,8.807051436851003,77.05610758195353,85.64356435643565,67.85478547854785,50.0,57.59483256042194,0.024390243902439025,0.8634146341463415,0.9219512195121952,0.697560975609756,F,B+,A-,B-,howmetaerospaceinc,0.0,0.8275862068965517,0.7867647058823529,29.0,0.0,0.0,0.0,0.36585365853658536,C-,57.59483256042194,78.67647058823529,47.205882352941174,23.239298591001557,True,False,8.807051436851003
ITT,ITT Inc,Industrials,Industrial Machinery & Supplies & Components,209.89,38.4523,4.7644,21.093,4.414248248622979,-3.01,8.48,16.150000000000002,0.17370000000000002,12.46,0.8432128691053326,52.1383,-3.01,8.48,52.1383,0.8432128691053326,16.150000000000002,0.17370000000000002,12.46,28.614666344683247,60.107836831041936,63.366336633663366,65.75994441549418,26.6260162601626,53.16880699389388,0.2146341463414634,0.6390243902439025,0.6536585365853659,0.6682926829268293,D+,B-,B-,B-,ittinc,-0.005882352941176561,0.7,0.6699999999999999,20.0,0.0,0.0,-0.005882352941176561,0.21951219512195122,D+,50.83140861991014,67.0,40.199999999999996,22.704310678010394,True,False,26.6260162601626
CVNA,Carvana Co,Consumer Discretionary,Automotive Retail,382.6,59.6515,4.13,47.7783,24.27680378682606,420.71,48.63,62.849999999999994,0.09179999999999999,18.38,0.5688536111455622,51.9038,208.1519999999999,22.87549999999999,51.9038,0.5688536111455622,62.849999999999994,0.09179999999999999,18.38,11.06847984458475,98.40490686051795,71.51633203476176,76.7287596547024,15.454545454545453,60.672936272880705,0.034482758620689655,1.0,0.7724137931034483,0.8137931034482758,F,A+,B,B+,carvanaco,-0.03125,0.6875,0.668918918918919,32.0,0.0,0.0,-0.03125,0.12,D,57.21839081833525,66.8918918918919,40.13513513513514,22.657025719403556,True,False,11.06847984458475
CRS,Carpenter Technology Corp,Industrials,Industrial Machinery & Supplies & Components,429.41,49.0584,7.2464,30.5106,11.311515138743276,62.57,2.3,22.99,0.1977,16.82,0.8858205806773292,112.2325,62.57,2.3,112.2325,0.8858205806773292,22.99,0.1977,16.82,15.017306608709655,62.58134944929638,76.98019801980199,87.76793468820567,8.23170731707317,58.06923298462832,0.07317073170731707,0.6780487804878049,0.824390243902439,0.9414634146341463,D-,B-,B+,A,carpentertechnologycorp,-0.059523809523809534,0.8571428571428571,0.7763157894736842,14.0,0.0,0.0,-0.059523809523809534,0.04878048780487805,F,53.892403716335636,77.63157894736842,46.578947368421055,22.58633649001878,True,False,8.23170731707317
TER,Teradyne Inc,Information Technology,Semiconductor Materials & Equipment,345.42,97.607,16.9525,82.751,19.28492468483759,4.98,13.13,19.88,0.20379999999999998,19.189999999999998,0.7802578796561604,368.1757,4.98,13.13,368.1757,0.7802578796561604,19.88,0.20379999999999998,19.189999999999998,18.163586258638848,56.61050246827642,75.61788512314418,71.19361121932216,47.549019607843135,54.00619058296547,0.1111111111111111,0.6274509803921569,0.7777777777777778,0.738562091503268,D,B-,B,B,teradyneinc,0.013833992094861691,0.6956521739130435,0.6696428571428571,23.0,0.0,0.0,0.013833992094861691,0.47058823529411764,C,53.76109254374979,66.96428571428571,40.17857142857142,22.47379791342552,True,False,18.163586258638848
MSCI,MSCI Inc,Financials,Financial Exchanges & Data,588.85,32.4832,13.2333,24.9185,132.31097629479834,20.42,10.86,108.67,0.5536,15.49,0.7010383386581474,7.8342,20.42,10.86,7.8342,0.7010383386581474,53.26099999999997,0.5536,15.49,7.729468599033817,58.891346307173045,97.73869346733667,56.824748743718594,57.67195767195767,54.51025952677095,0.028985507246376812,0.6859903381642513,0.9782608695652174,0.5893719806763285,F,B-,A+,C+,msciinc,0.008333333333333415,0.8,0.7583333333333334,25.0,0.0,0.0,0.008333333333333415,0.5555555555555556,C+,55.27745529396672,75.83333333333334,45.50000000000001,22.381701292191433,True,False,7.729468599033817
ITRI,Itron Inc,Information Technology,Electronic Equipment & Instruments,85.4,12.5777,1.5996,12.006,2.2351983542239755,25.51,-3.02,18.490000000000002,0.1323,10.48,0.10831035840882237,-20.9625,25.51,-2.965,-20.9625,0.10831035840882237,18.490000000000002,0.1323,10.48,88.1746959269359,39.66079958744979,60.69341643942346,17.966178962721617,18.872549019607842,53.74242380162411,0.9150326797385621,0.27450980392156865,0.6274509803921569,0.0915032679738562,A-,D+,B-,D-,itroninc,-0.032581453634085156,0.8095238095238095,0.7596153846153846,21.0,0.0,0.0,-0.032581453634085156,0.17647058823529413,D,50.6296787035849,75.96153846153845,45.57692307692307,22.22320730261278,False,True,17.966178962721617
FICO,Fair Isaac Corp,Information Technology,Application Software,1035.5,36.5073,11.6412,27.1964,91.03616830481951,23.94,16.19,145.71,0.47479999999999994,30.869999999999997,0.12280441380538593,-48.2685,23.94,16.19,-40.3528,0.12280441380538593,108.96000000000001,0.42322000000000004,30.869999999999997,43.81537751229999,62.361049032842196,94.71208645341875,11.605811219485503,21.945701357466064,54.42523804189522,0.4444444444444444,0.6862745098039216,0.9803921568627451,0.058823529411764705,C,B-,A+,D-,fairisaaccorp,-0.016602809706257937,0.7241379310344828,0.698529411764706,29.0,0.0,0.0,-0.016602809706257937,0.20588235294117646,D+,51.61980817764183,69.8529411764706,41.911764705882355,21.843796537505426,False,True,11.605811219485503
LGND,Ligand Pharmaceuticals Inc,Health Care,Biotechnology,227.44,36.6204,17.0001,65.5901,4.421298591226218,,60.4,13.86,0.15289999999999998,11.1,0.8657148629537342,108.3738,,51.467499999999895,96.76192999999994,0.8657148629537342,13.86,0.15289999999999998,11.1,17.70375510833526,72.87549407114625,58.58585858585858,94.51910408432148,51.11111111111111,57.551323054642005,0.07575757575757576,0.8409090909090909,0.5984848484848485,0.9696969696969697,D-,B+,C+,A,ligandpharmaceuticalsinc,0.0,0.9285714285714286,0.8289473684210527,14.0,90.0,84.89281911636292,0.0,0.5333333333333333,C+,57.66243416575311,82.89473684210526,83.69396975180832,20.34303872764096,True,False,17.70375510833526
PTCT,PTC Therapeutics Inc,Health Care,Pharmaceuticals,65.15,7.9129,3.1212,7.9301,3073.11320754717,,114.51,-351.90999999999997,0.5009,-39.77,0.5664403491755577,31.563,,51.467499999999895,31.563,0.5664403491755577,-45.372,0.42408999999999974,-26.048999999999996,80.03701133472127,74.41724941724942,34.5959595959596,60.94794094794095,14.102564102564102,60.731280805708295,0.8863636363636364,0.8636363636363636,0.30303030303030304,0.5909090909090909,B+,B+,C-,C+,ptctherapeuticsinc,-0.045454545454545525,0.6818181818181818,0.6574074074074073,22.0,0.0,0.0,-0.045454545454545525,0.13333333333333333,D,57.1415372159647,65.74074074074073,39.444444444444436,20.100794498122745,False,False,14.102564102564102
BG,Bunge Global ltd,Consumer Staples,Agricultural Products & Services,124.61,29.6282,0.3438,16.3743,1.5153836799221694,-32.99,32.43,6.140000000000001,0.018500000000000003,3.2199999999999998,0.8786673296867229,58.7793,-32.99,13.972999999999999,58.7793,0.8786673296867229,6.140000000000001,0.018500000000000003,3.2199999999999998,56.4401455026455,59.50524616626311,18.518518518518515,85.5111111111111,81.15942028985508,52.742937460765845,0.625,0.609375,0.15625,0.84375,B-,B-,D,B+,bungegloballtd,0.04285714285714293,0.9,0.8300000000000001,20.0,60.75,72.07785264344429,0.04285714285714293,0.8333333333333334,B+,55.85887948975135,83.0,78.63114105737772,15.103332950819157,False,False,18.518518518518515
KTB,Kontoor Brands Inc,Consumer Discretionary,"Apparel, Accessories & Luxury Goods",72.2,17.5393,1.2655,12.6903,7.060572277963583,-6.73,20.9,45.050000000000004,0.10679999999999999,13.77,0.5575485799701048,19.7148,-6.73,20.9,19.7148,0.5575485799701048,45.050000000000004,0.10679999999999999,13.77,52.714910150558524,73.82990249187432,67.24436453234775,53.8786565547129,10.47619047619048,60.53153048004402,0.5655172413793104,0.8137931034482758,0.6827586206896552,0.5172413793103449,C+,B+,B-,C+,kontoorbrandsinc,-0.05769230769230771,0.6923076923076923,0.6527777777777778,13.0,0.0,0.0,-0.05240384615384616,0.08,D-,56.57914952766307,65.27777777777779,39.16666666666667,13.274163238865949,False,False,10.47619047619048
POST,Post Holdings Inc,Consumer Staples,Packaged Foods & Meats,103.4,15.5349,0.5933,11.9792,1.4546702794261228,-11.33,5.38,8.49,0.0964,2.8899999999999997,0.40043196544276494,-8.048,-11.33,5.38,-8.048,0.40043196544276494,8.49,0.0964,2.8899999999999997,69.06415343915344,59.10468261048101,32.27513227513227,65.1545530492899,18.055555555555554,55.18666856052562,0.765625,0.59375,0.265625,0.640625,B,C+,D+,B-,postholdingsinc,-0.06666666666666665,0.8,0.7375,15.0,0.0,0.0,-0.06666666666666665,0.16666666666666666,D,51.992224116081175,73.75,44.25,12.5,False,False,18.055555555555554
WM,Waste Management Inc,Industrials,Environmental & Facilities Services,228.77,34.539,3.711,16.1643,9.22731287838759,-1.6,14.24,28.99,0.1709,8.24,0.6416142169566829,-1.9837,-1.6,14.24,-1.9837,0.6416142169566829,28.99,0.1709,8.24,39.27070755856074,62.90432907459365,66.58415841584157,48.44413012729844,17.849223946784925,53.733408333979,0.34146341463414637,0.6829268292682927,0.7024390243902439,0.44390243902439025,C-,B-,B,C,wastemanagementinc,-0.018893387314439902,0.717948717948718,0.6988636363636364,39.0,0.0,0.0,-0.018893387314439902,0.14634146341463414,D,50.51833072865749,69.88636363636364,41.93181818181818,12.148182786905483,True,False,17.849223946784925
WDFC,WD-40 Co,Consumer Staples,Household Products,211.06,35.1601,4.4186,27.236,10.64744281779383,-6.14,4.23,30.23,0.1649,22.32,0.4582584125353198,-7.1611,-6.14,4.23,-7.1611,0.4582584125353198,30.23,0.1649,22.32,14.624669312169315,60.49473461701064,79.8941798941799,60.884353741496604,76.19047619047619,52.90552997328876,0.03125,0.640625,0.84375,0.5625,F,B-,B+,C+,wd40co,0.022222222222222254,0.8,0.7166666666666667,10.0,0.0,0.0,0.022222222222222254,0.75,B,55.52457759233638,71.66666666666667,43.0,11.142413357711554,True,False,14.624669312169315
BRBR,Bellring Brands Inc,Consumer Staples,Packaged Foods & Meats,17.2,11.0221,0.869,9.2909,,-31.29,10.59,23.66314,0.1381,29.95204,0.046111493461803155,-77.6536,-31.29,10.59,-51.65672,0.046111493461803155,23.66314,0.1381,29.567835999999996,76.99239417989418,58.40749472551435,74.86772486772487,8.450292397660817,29.166666666666664,56.336587186539795,0.875,0.578125,0.8203125,0.015625,B+,C+,B+,F,bellringbrandsinc,-0.03359683794466406,0.7391304347826086,0.7053571428571428,23.0,0.0,0.0,-0.03359683794466406,0.25,D+,54.25325385320646,70.53571428571428,42.32142857142856,11.123016386512163,False,True,8.450292397660817
POWL,Powell Industries Inc,Industrials,Electrical Components & Equipment,275.33,53.5261,9.0025,41.6808,15.559322991721059,-41.75,5.12,30.64,0.20199999999999999,30.64,0.9650013124507831,332.1614,-41.75,5.12,150.49414,0.9650013124507831,30.64,0.20199999999999999,28.207999999999984,11.085889076712553,32.05877908310899,88.28382838283828,92.83498349834983,19.19406150583245,54.82118188117947,0.04390243902439024,0.2146341463414634,0.9609756097560975,0.9804878048780488,F,D+,A,A+,powellindustriesinc,-0.007692307692307665,0.6923076923076923,0.6527777777777778,13.0,0.0,0.0,-0.007692307692307665,0.17073170731707318,D,51.74058803176271,65.27777777777779,39.16666666666667,10.422963631233953,True,False,11.085889076712553
ADMA,ADMA Biologics Inc,Health Care,Biotechnology,10.52,16.6341,4.7906,12.915,5.242699092993122,-25.56,19.63,34.98,0.36869999999999997,29.82,0.19493047662235935,-54.7916,-25.56,19.63,-46.128195,0.19493047662235935,34.98,0.36869999999999997,29.82,61.54869303724265,44.81624020525622,89.39393939393939,8.438735177865613,6.666666666666668,53.386653184419885,0.6818181818181818,0.42424242424242425,0.946969696969697,0.030303030303030304,B-,C,A,F,admabiologicsinc,-0.0888888888888888,0.8,0.7166666666666667,10.0,0.0,0.0,-0.06578947368421054,0.03333333333333333,F,49.05331985108655,71.66666666666667,43.0,10.347786556051645,False,True,6.666666666666668
