Ticker,Name,Sector,SubIndustry,Price,PE_Rank,PS_Rank,EV_EBITDA_Used,PB_Ratio,EPS_Growth,Rev_Growth,ROE,Op_Margin,ROIC,Mom_Range,Mom_12M,EPS_Growth_Win,Rev_Growth_Win,Mom_12M_Win,Mom_Range_Win,ROE_Win,Op_Margin_Win,ROIC_Win,Value_S,Growth_S,Prof_S,Mom_S,Rev_S,Fundamental_Score,Value_Pct,Growth_Pct,Prof_Pct,Mom_Pct,Value_Grade,Growth_Grade,Prof_Grade,Mom_Grade,Name_Key,Rev_Change,Rec_BuyRatio,Shrunk_Ratio,Analyst_Count,Streak_Days,Streak_Score,Rev_Change_Win,Rev_Pct,Rev_Grade,FundamentalPlusRev_Score,Consensus_Score,Sentiment_Score,Alpha_Score,Val_Fail,Mom_Fail,Min_Fund_Factor
MU,Micron Technology Inc,Information Technology,Semiconductors,1065.08,23.8625,13.3407,17.3623,22.062582599004877,700.71,166.98,70.55,0.6563,61.480000000000004,0.8273171973595679,570.1723,700.71,54.72500000000002,246.60214999999985,0.8273171973595679,70.55,0.4317149999999999,61.480000000000004,54.28176795580111,96.11014226971236,94.07407407407408,90.81858614614711,55.172413793103445,79.47470619064069,0.5966850828729282,1.0,0.9779005524861878,0.9613259668508287,C+,A+,A+,A,microntechnologyinc,0.0030788177339902134,0.9137931034482759,0.8849206349206349,58.0,90.0,84.89281911636292,0.0030788177339902134,0.525,C+,79.99194756995104,88.4920634920635,87.05236574178326,81.40403120431749,False,False,54.28176795580111
NEM,Newmont Corporation,Materials,Gold,117.09,14.3695,4.7943,7.6619,3.7650486186139838,42.23,25.18,25.05,0.5097,21.54,0.6927751519243756,36.129,42.23,25.18,36.129,0.6927751519243756,25.05,0.44605999999999996,21.267,61.27450980392157,71.95225916453538,94.11764705882354,82.09718670076725,82.6086956521739,74.6579283887468,0.7352941176470589,0.8088235294117647,0.9705882352941176,0.8088235294117647,B,B+,A+,B+,newmontcorporation,0.005040322580645129,0.84375,0.8040540540540542,32.0,37.25,54.2624242749763,0.005040322580645129,0.8,B,77.91879795396419,80.40540540540542,69.94821295323376,76.3246809538181,False,False,61.27450980392157
INDV,"Indivior Pharmaceuticals, Inc",Health Care,Pharmaceuticals,36.59,12.1257,3.2317,11.0913,97.91276424939792,237.5,13.55,159.06,0.30260000000000004,29.4,0.6928243370042966,54.1806,237.5,13.55,54.1806,0.6928243370042966,108.28999999999999,0.30260000000000004,29.4,75.46578366445915,77.35598205838264,92.82560706401766,66.83505313414447,33.16326530612245,75.91105472062463,0.8211920529801324,0.8807947019867549,0.9701986754966887,0.6622516556291391,B+,B+,A+,B-,indiviorpharmaceuticalsinc,-0.016666666666666607,0.9,0.7833333333333333,10.0,90.0,84.89281911636292,-0.016666666666666607,0.3142857142857143,C-,74.22738125123688,78.33333333333333,80.95712764654516,75.57333053029853,False,False,33.16326530612245
LPG,Dorian LPG Ltd,Energy,Oil & Gas Storage & Transportation,54.23,7.2135,3.9677,6.1893,2.036975825232507,557.35,81.06,28.439999999999998,0.5763,19.400000000000002,0.8414802540734604,74.1749,557.35,65.13999999999997,74.1749,0.8414802540734604,28.439999999999998,0.51006,19.400000000000002,56.21890547263681,96.75373134328359,93.28358208955224,88.90547263681592,93.7888198757764,79.50746268656717,0.6119402985074627,1.0,0.9701492537313433,0.9402985074626866,B-,A+,A+,A,dorianlpgltd,0.09090909090909094,0.7272727272727273,0.671875,11.0,0.0,0.0,0.09090909090909094,0.9285714285714286,A-,83.88634467414481,67.1875,40.3125,75.17157573931586,False,False,56.21890547263681
CENX,Century Aluminum Co,Materials,Aluminum,36.2,6.1003,1.3803,4.6218,4.447229081438347,383.76,9.67,58.86,0.2783,37.84,0.23984010659560298,33.6191,383.76,9.67,33.6191,0.23984010659560298,37.95649999999999,0.2783,21.267,82.84313725490196,78.85763000852515,94.6078431372549,54.93606138107417,87.87878787878788,76.12148337595909,0.9411764705882353,0.8823529411764706,0.9852941176470589,0.5147058823529411,A,B+,A+,C+,centuryaluminumco,0.007575757575757569,0.9166666666666666,0.8088235294117647,12.0,7.25,14.122643948791481,0.007575757575757569,0.8666666666666667,B+,79.90936216383787,80.88235294117648,54.17846934422248,74.7631835999148,False,False,54.93606138107417
NVDA,NVIDIA Corp,Information Technology,Semiconductors,227.21,28.7145,18.2805,27.5888,35.107155549374994,125.15,83.38,110.11,0.6517000000000001,101.59,0.8709007887090081,28.4359,125.15,54.72500000000002,28.4359,0.8709007887090081,110.11,0.4317149999999999,61.4965,42.28088900050226,90.53328065258228,96.29629629629629,59.81801665386671,63.793103448275865,69.71455578548944,0.39226519337016574,0.9779005524861878,0.994475138121547,0.569060773480663,C-,A+,A+,C+,nvidiacorp,0.01449275362318836,0.9420289855072463,0.9155405405405406,69.0,90.0,84.89281911636292,0.01449275362318836,0.625,B-,71.09386613031702,91.55405405405406,88.88956007897761,74.65300492004914,False,False,42.28088900050226
INSW,International Seaways Inc,Energy,Oil & Gas Storage & Transportation,110.24,6.9816,4.3273,6.1139,2.6958225021947575,225.76,57.36,37.04,0.6415000000000001,28.28,0.9590857787810383,129.3731,225.76,57.36,106.65024999999996,0.8685143558425106,36.65899999999999,0.51006,21.97099999999999,57.213930348258714,88.62354892205639,97.76119402985076,98.50746268656717,40.683229813664596,81.16998341625208,0.6567164179104478,0.9701492537313433,1.0,1.0,B-,A+,A+,A+,internationalseawaysinc,0.0,0.8571428571428571,0.7763157894736842,14.0,0.0,0.0,0.0,0.17857142857142858,D,80.23830639761854,77.63157894736842,46.578947368421055,73.50643459177904,False,False,40.683229813664596
THC,Tenet Healthcare Corp,Health Care,Health Care Facilities,259.65,9.1711,0.9247,5.8273,5.350023180343069,66.15,7.43,50.629999999999995,0.204,12.709999999999999,0.8135012353550647,27.6881,66.15,7.43,27.6881,0.8135012353550647,50.629999999999995,0.204,12.709999999999999,92.7093451066961,65.56161183960128,77.70419426048564,67.5187637969095,90.47619047619048,74.21945996909758,0.9801324503311258,0.7284768211920529,0.8079470198675497,0.6688741721854304,A+,B,B+,B-,tenethealthcarecorp,0.03703703703703709,0.8518518518518519,0.8046875,27.0,7.25,14.122643948791481,0.03703703703703709,0.9142857142857143,A-,78.26707901671664,80.46875,53.930307579516594,73.39972472927664,False,False,65.56161183960128
SWX,Southwest Gas Holdings Inc,Utilities,Gas Utilities,82.53,11.4625,3.4194,10.8798,1.5047999343598721,166.8,-15.28,12.889999999999999,0.2868,6.890000000000001,0.32665726375176324,4.7869,90.91999999999999,-15.28,4.7869,0.32665726375176324,12.889999999999999,0.2868,6.890000000000001,67.24137931034483,52.63522957214677,85.05747126436782,69.44114149821641,63.04347826086957,67.48998685775081,0.7241379310344828,0.5517241379310345,0.9310344827586207,0.7068965517241379,B,C+,A,B,southwestgasholdingsinc,0.0,0.9230769230769231,0.8194444444444445,13.0,90.0,84.89281911636292,0.0,0.5,C,68.79433468383776,81.94444444444446,83.12379431321185,71.66022660971258,False,False,52.63522957214677
CAH,Cardinal Health Inc,Health Care,Health Care Distributors,223.91,29.9095,0.2016,19.3881,36.38091833750365,12.43,14.23,37.169999999999995,0.98,7.340000000000001,0.6836114481688946,43.3153,12.43,14.23,43.3153,0.6836114481688946,37.169999999999995,0.38915,7.340000000000001,70.31346578366445,58.83099027923008,78.47682119205298,64.00662251655629,70.1863354037267,66.76509430308664,0.7748344370860927,0.6225165562913907,0.8278145695364238,0.6158940397350994,B,B-,B+,B-,cardinalhealthinc,0.005434782608695676,0.875,0.8189655172413793,24.0,90.0,84.89281911636292,0.005434782608695676,0.6857142857142857,B-,68.7837278434593,81.89655172413794,83.09505868102792,71.64599401097303,False,False,58.83099027923008
GOOGL,Alphabet Inc,Communication Services,Interactive Media & Services,340.92,16.9784,9.2992,26.7468,9.923879662916443,115.31,20.05,50.839999999999996,0.3311,44.84,0.6082074434218904,39.0241,115.31,20.05,39.0241,0.6082074434218904,50.839999999999996,0.3311,44.84,29.351656095842145,82.47115470952681,91.2878787878788,80.5980961847236,81.15942028985508,67.77373389978032,0.2840909090909091,0.8977272727272727,0.9431818181818182,0.8181818181818182,D+,B+,A,B+,alphabetinc,0.0304347826086957,0.9,0.8766666666666667,70.0,90.0,84.89281911636292,0.0304347826086957,0.8333333333333334,B+,70.88967592876583,87.66666666666667,86.55712764654517,71.5837664747111,True,False,29.351656095842145
BTSG,Brightspring Health Services Inc,Health Care,Health Care Services,55.69,30.5685,0.7784,21.1108,5.70611801592262,440.76,19.91,18.96,0.031200000000000002,8.36,0.6189886476553748,106.4257,364.82049999999936,19.91,106.4257,0.6189886476553748,18.96,0.031200000000000002,8.36,65.01103752759381,89.25840485562154,49.448123620309055,71.73316104021967,62.96296296296296,65.81310346614396,0.7086092715231788,0.9867549668874173,0.47019867549668876,0.7019867549668874,B,A+,C,B,brightspringhealthservicesinc,0.003478260869565153,0.96,0.8916666666666667,25.0,90.0,84.89281911636292,0.003478260869565153,0.6285714285714286,B-,67.10939976244025,89.16666666666667,87.45712764654516,71.17894533926123,False,False,49.448123620309055
PARR,Par Pacific Holdings Inc,Energy,Oil & Gas Refining & Marketing,78.31,4.5473,0.4521,3.4615,2.5740901441043444,5.6,13.19,53.510000000000005,0.1328,34.58,0.8273711245643002,109.7659,5.6,13.19,106.65024999999996,0.8273711245643002,36.65899999999999,0.1328,21.97099999999999,96.01990049751244,53.384101205339846,81.59203980099504,87.22593926917139,42.17687074829932,77.52499316952913,1.0,0.5970149253731343,0.8955223880597015,0.9104477611940298,A+,C+,B+,A-,parpacificholdingsinc,0.0,0.8461538461538461,0.7638888888888888,13.0,0.0,0.0,0.0,0.6428571428571429,B-,76.74268024435906,76.38888888888889,45.83333333333333,70.56081086215393,False,False,42.17687074829932
CHRD,Chord Energy Corp,Energy,Oil & Gas Exploration & Production,134.41,8.6665,1.1633,3.0057,0.9442398977711555,248.85,19.23,10.42,0.18969999999999998,8.82,0.6889163576431808,29.293,248.85,19.23,29.293,0.6889163576431808,10.42,0.18969999999999998,8.82,85.57213930348259,81.92220714608773,50.74626865671642,69.06799336650083,40.88669950738916,69.27764209256746,0.9701492537313433,0.8805970149253731,0.44776119402985076,0.6716417910447762,A+,B+,C,B-,chordenergycorp,0.0,0.8636363636363636,0.8055555555555556,22.0,67.25,75.64054217092028,0.0,0.42857142857142855,C,68.36631204330638,80.55555555555556,78.58955020170146,70.4109596749854,False,False,40.88669950738916
DXCM,Dexcom Inc,Health Care,Health Care Equipment,86.64,32.4788,6.5341,23.2748,12.14091533309044,79.4,15.54,36.19,0.22920000000000001,22.93,0.8453742203742203,29.1803,79.4,15.54,29.1803,0.8453742203742203,36.19,0.22920000000000001,22.93,40.05592347314202,79.3217205507712,84.7682119205298,75.24768211920531,45.3416149068323,67.11991438241326,0.4105960264900662,0.9006622516556292,0.9006622516556292,0.7682119205298014,C,A-,A-,B,dexcominc,-0.007309941520467822,0.8611111111111112,0.8231707317073171,36.0,90.0,84.89281911636292,-0.007309941520467822,0.4,C-,66.65407587309649,82.31707317073172,83.3473715489842,69.99273500827402,False,False,40.05592347314202
DAR,Darling Ingredients Inc,Consumer Staples,Agricultural Products & Services,60.32,15.8561,1.4477,13.7042,2.0144336576063906,470.42,14.85,4.72,0.1452,2.55,0.7634877944829004,88.6951,100.61199999999988,14.85,65.86113499999999,0.7634877944829004,4.72,0.1452,2.55,55.23809523809524,92.78846153846153,36.19047619047619,96.54761904761904,59.26573426573426,65.72435897435898,0.5785714285714286,0.9857142857142858,0.29285714285714287,0.9714285714285714,C+,A+,D+,A+,darlingingredientsinc,0.0,0.8888888888888888,0.8152173913043478,18.0,90.0,84.89281911636292,0.0,0.5,C,66.6509324009324,81.52173913043478,82.87017112480603,69.89478014570713,False,False,36.19047619047619
TILE,Interface Inc,Industrials,Office Services & Supplies,35.09,9.3245,1.4381,7.3043,3.170716280078432,127.84,4.06,33.54,0.1889,25.540000000000003,0.6639751552795033,23.8816,127.84,4.06,23.8816,0.6639751552795033,33.54,0.1889,25.540000000000003,85.11433489058273,65.8858387429816,83.11996284457557,72.73621960368948,43.36007130124777,74.78298610312379,0.9116465863453815,0.7630522088353414,0.9076305220883534,0.751004016064257,A-,B,A-,B,interfaceinc,0.0,0.8888888888888888,0.7678571428571428,9.0,0.0,0.0,0.0,0.4803921568627451,C,74.11899323324857,76.78571428571428,46.07142857142856,68.50948030088458,False,False,43.36007130124777
LTH,"Life Time Group Holdings, Inc",Consumer Discretionary,Leisure Facilities,40.08,21.5877,2.8143,11.825,2.8343516632722334,79.11,12.69,13.139999999999999,0.1727,8.86,0.6901926823987875,41.4434,79.11,12.69,41.4434,0.6901926823987875,13.139999999999999,0.1727,8.86,33.415282392026576,86.66407867494826,53.10782703886152,92.38095238095238,92.38095238095238,62.43978356890216,0.28,0.9257142857142857,0.49714285714285716,0.9371428571428572,D+,A-,C,A,lifetimegroupholdingsinc,0.05263157894736836,0.9473684210526315,0.8645833333333333,19.0,90.0,84.89281911636292,0.05263157894736836,0.92,A-,66.6778788069974,86.45833333333333,85.83212764654516,68.04092307478521,True,False,33.415282392026576
APH,Amphenol Corp,Information Technology,Electronic Components,84.34,40.8533,7.2428,24.5161,7.712072859611745,59.37,54.17,37.14,0.2703,17.66,0.9013039117352056,38.0424,59.37,54.17,38.0424,0.9013039117352056,37.14,0.2703,17.66,45.443035325632,78.77140271688194,78.33333333333333,65.07118826418804,75.0,64.71261036095532,0.425414364640884,0.8839779005524862,0.8259668508287292,0.6353591160220995,C,B+,B+,B-,amphenolcorp,0.03623188405797095,0.8695652173913043,0.8124999999999999,23.0,37.25,54.2624242749763,0.03623188405797095,0.725,B,67.21261036095532,81.24999999999999,70.45496970999051,67.86108223076236,False,False,45.443035325632
INVA,Innoviva Inc,Health Care,Pharmaceuticals,21.11,4.2378,3.4407,6.8077,1.3433795126669679,1744.6,18.84,30.03,0.36950000000000005,24.68,0.5318655851680186,12.5663,364.82049999999936,18.84,12.5663,0.5318655851680186,30.03,0.36950000000000005,24.68,79.24208977189109,87.86865470151179,89.84547461368653,42.085322655167104,52.55102040816326,73.26268656773019,0.8874172185430463,0.9735099337748344,0.9437086092715232,0.3973509933774834,B+,A+,A,C-,innovivainc,0.0,0.8181818181818182,0.734375,11.0,0.0,0.0,0.0,0.5142857142857142,C+,73.51778860854651,73.4375,44.0625,67.62673088683721,False,False,42.085322655167104
TPR,Tapestry Inc,Consumer Discretionary,"Apparel, Accessories & Luxury Goods",114.57,14.7243,2.8103,11.5163,33.17407922168172,1030.94,14.17,262.81,0.23920000000000002,50.449999999999996,0.30041782729805,4.0348,109.7939999999999,14.17,4.0348,0.30041782729805,195.4694999999998,0.23920000000000002,41.3595,44.47951273532669,91.53140394088669,95.03886152162015,63.52380952380953,78.26086956521739,70.89063625717596,0.4342857142857143,0.9542857142857143,1.0,0.6342857142857142,C,A,A+,B-,tapestryinc,0.0357142857142857,0.75,0.7196969696969697,28.0,0.0,0.0,0.0357142857142857,0.76,B,73.71672321369769,71.96969696969697,43.18181818181818,67.60974220732179,False,False,44.47951273532669
ECPG,Encore Capital Group Inc,Financials,Consumer Finance,95.25,6.7973,1.0782,8.4755,2.1149559023367765,13.54,29.55,29.830000000000002,0.3605,5.970000000000001,0.8503767491926802,120.6999,13.54,29.55,47.126224999999984,0.8360381688111,29.830000000000002,0.3605,5.970000000000001,67.22689075630252,46.759777700082026,87.39495798319328,96.78125795772854,60.25,72.36366931643607,0.7121848739495799,0.42857142857142855,0.8739495798319328,0.9873949579831933,B,C,B+,A+,encorecapitalgroupinc,0.0,0.8,0.7166666666666667,10.0,0.0,0.0,0.0,0.734375,B,73.38866931643608,71.66666666666667,43.0,67.31093545314886,False,False,46.759777700082026
AMRX,Amneal Pharmaceuticals Inc,Health Care,Pharmaceuticals,20.2,40.923,2.0657,13.947,468.67749419953594,7506.35,9.28,174.60999999999999,0.1456,2.09,0.9160568230736116,110.2564,364.82049999999936,9.28,110.2564,0.9160568230736116,108.28999999999999,0.1456,2.09,59.76600441501103,75.34747804973294,60.8167770419426,92.06222085322656,82.14285714285715,68.62763514483031,0.6357615894039735,0.8609271523178808,0.5894039735099338,0.9668874172185431,B-,B+,C+,A,amnealpharmaceuticalsinc,0.009090909090909038,0.9090909090909091,0.796875,11.0,0.0,0.0,0.009090909090909038,0.8285714285714286,B+,71.84192085911602,79.6875,47.8125,67.0360366872928,False,False,59.76600441501103
HCSG,Healthcare Services Group Inc,Industrials,Environmental & Facilities Services,20.9,11.605,0.7652,9.1145,2.850907106806711,1113.07,5.22,24.12,0.06849999999999999,24.12,0.5433349655354248,27.0171,191.6919999999998,5.22,27.0171,0.5433349655354248,24.12,0.06849999999999999,24.12,88.29003087178647,66.68616188320622,61.494959429554946,67.92292321997348,91.0873440285205,69.36806459597129,0.9518072289156626,0.7751004016064257,0.6385542168674698,0.7108433734939759,A,B,B-,B,healthcareservicesgroupinc,0.02564102564102566,0.6923076923076923,0.6527777777777778,13.0,0.0,0.0,0.02564102564102566,0.9215686274509803,A-,73.47679899882334,65.27777777777779,39.16666666666667,66.61477253239201,False,False,61.494959429554946
ENVA,Enova International Inc,Financials,Consumer Finance,167.92,11.9094,2.0553,10.5317,3.1047884594761497,43.8,22.52,25.759999999999998,0.4019,5.93,0.39469707151801453,39.4407,43.8,22.52,39.4407,0.39469707151801453,25.759999999999998,0.4019,5.93,41.806722689075634,59.327233654194245,83.61344537815127,65.40361599185128,60.25,61.30121194601583,0.36554621848739494,0.6680672268907563,0.8361344537815126,0.6722689075630253,C-,B-,B+,B-,enovainternationalinc,0.0,0.9230769230769231,0.8194444444444445,13.0,90.0,84.89281911636292,0.0,0.734375,B,62.32621194601583,81.94444444444446,83.12379431321185,66.48572841945504,False,False,41.806722689075634
AMG,Affiliated Managers Group Inc,Financials,Asset Management & Custody Banks,370.61,11.0662,4.1741,19.298,3.0899436138024874,121.28,11.81,26.950000000000003,0.2152,14.46,0.8629780512087284,54.0035,121.28,11.81,47.126224999999984,0.8360381688111,26.950000000000003,0.2152,14.46,46.63865546218487,66.20771081224791,85.29411764705883,94.97292250233426,59.82142857142857,70.21931994022736,0.4411764705882353,0.7773109243697479,0.8529411764705882,0.9621848739495799,C,B,B+,A,affiliatedmanagersgroupinc,0.0,0.9,0.7833333333333333,10.0,0.0,0.0,0.0,0.59375,C+,71.20146279737023,78.33333333333333,46.99999999999999,66.36117023789618,False,False,46.63865546218487
KEYS,Keysight Technologies Inc,Information Technology,Electronic Equipment & Instruments,360.65,48.6062,9.3047,41.2379,10.498783171671771,131.85,25.54,20.169999999999998,0.2025,14.360000000000001,0.9337895730685946,107.5343,131.85,25.54,107.5343,0.9337895730685946,20.169999999999998,0.2025,14.360000000000001,31.98455549974887,89.66151110031662,69.44444444444444,90.35639794243454,95.45454545454545,66.36083179459857,0.30939226519337015,0.9668508287292817,0.7237569060773481,0.9558011049723757,C-,A,B,A,keysighttechnologiesinc,0.09473684210526312,0.8947368421052632,0.8229166666666666,19.0,7.25,14.122643948791481,0.09473684210526312,0.95,A,70.9062863400531,82.29166666666666,55.02405757951659,66.35466288540049,True,False,31.98455549974887
RELY,Remitly Global Inc,Financials,Transaction & Payment Processing Services,21.56,14.9009,2.5115,19.6809,5.226920093095423,2130.02,23.79,32.97,0.09449999999999999,31.55,0.6156243911942333,33.4756,185.31,23.79,33.4756,0.6156243911942333,32.97,0.09449999999999999,29.45649999999999,25.42016806722689,81.91790426232485,90.75630252100841,81.02240896358545,58.59375,66.63218029224089,0.21428571428571427,0.9369747899159664,0.907563025210084,0.8235294117647058,D+,A,A-,B+,remitlyglobalinc,0.0,0.9411764705882353,0.8522727272727273,17.0,90.0,84.89281911636292,0.0,0.484375,C,67.49155529224089,85.22727272727273,85.09349128290881,66.19327496424192,True,False,25.42016806722689
HCC,Warrior Met Coal Inc,Materials,Steel,88.03,21.0566,2.7476,10.4245,2.1611045372638937,440.05,37.48,10.02,0.1364,8.95,0.5279515640766902,43.9893,440.05,37.48,43.9893,0.5279515640766902,10.02,0.1364,8.95,54.411764705882355,93.78608207208612,59.31372549019608,75.53752535496957,100.0,67.29609403443075,0.6323529411764706,1.0,0.5955882352941176,0.7647058823529411,B-,A+,C+,B,warriormetcoalinc,0.02564102564102566,0.6923076923076923,0.6527777777777778,13.0,0.0,0.0,0.01769230769230773,1.0,A+,72.29609403443075,65.27777777777779,39.16666666666667,65.67020856087794,False,False,54.411764705882355
ADI,Analog Devices Inc,Information Technology,Semiconductors,398.22,46.8733,13.9623,35.3133,5.7662484343438,114.38,33.65,12.26,0.3555,9.73,0.7856051069951447,59.731,114.38,33.65,59.731,0.7856051069951447,12.26,0.3555,9.73,32.24719571404654,81.22879119221778,62.59259259259259,68.0354816083043,86.20689655172413,58.5628016367642,0.3149171270718232,0.9060773480662984,0.6685082872928176,0.7237569060773481,C-,A-,B-,B,analogdevicesinc,0.05533063427800278,0.8974358974358975,0.8579545454545455,39.0,90.0,84.89281911636292,0.05533063427800278,0.875,B+,62.18349129193661,85.79545454545455,85.4344003738179,65.66131447782175,True,False,32.24719571404654
FIVE,Five Below Inc,Consumer Discretionary,Specialty Stores,222.03,20.2724,2.3622,12.1865,5.590906687281399,125.33,25.56,27.73,0.1475,27.73,0.6681733476071527,47.3249,109.7939999999999,25.56,47.3249,0.6681733476071527,27.73,0.1475,27.73,35.4905869324474,95.22390109890111,72.28352490421456,86.79120879120879,98.09523809523809,68.34654993718748,0.32,0.9942857142857143,0.7657142857142857,0.8514285714285714,C-,A+,B,B+,fivebelowinc,0.06060606060606066,0.696969696969697,0.6776315789473686,33.0,0.0,0.0,0.05901116427432218,0.96,A,73.15607374671129,67.76315789473686,40.65789473684212,65.65659137556638,True,False,35.4905869324474
TGTX,TG Therapeutics Inc,Health Care,Biotechnology,56.1,19.4816,10.7574,69.63,39.315999719672014,633.73,76.08,72.3,0.1591,39.92,0.9016594960049172,58.2817,364.82049999999936,50.44,58.2817,0.9016594960049172,72.3,0.1591,29.675,33.136129506990436,97.20800870303879,84.43708609271523,73.56065943356347,86.24338624338624,68.54703752724687,0.304635761589404,1.0,0.8874172185430463,0.7350993377483444,C-,A+,B+,B,tgtherapeuticsinc,0.05714285714285705,0.8571428571428571,0.7763157894736842,14.0,0.0,0.0,0.05714285714285705,0.8571428571428571,B+,72.17137615158549,77.63157894736842,46.578947368421055,65.5319887419545,True,False,33.136129506990436
JBSS,John B Sanfilippo & Son Inc,Consumer Staples,Packaged Foods & Meats,67.34,12.6641,0.6671,9.6041,2.072491020949579,4.7,6.18,16.509999999999998,0.0759,13.850000000000001,0.2505301423810967,6.7457,4.7,6.18,6.7457,0.2505301423810967,16.509999999999998,0.0759,13.850000000000001,77.6190476190476,69.48717948717949,55.23809523809524,65.86080586080587,100.0,65.28388278388277,0.8857142857142857,0.7857142857142857,0.55,0.6285714285714286,B+,B,C+,B-,johnbsanfilipposoninc,0.125,0.875,0.7500000000000001,8.0,0.0,0.0,0.07222222222222213,1.0,A+,70.28388278388277,75.00000000000001,45.00000000000001,65.22710622710622,False,False,55.23809523809524
ADEA,Adeia Inc,Information Technology,IT Consulting & Other Services,24.72,22.078,5.7521,11.7871,5.607095062036429,45.93,24.35,26.700000000000003,0.41619999999999996,14.13,0.5767707875054993,48.0689,45.93,24.35,48.0689,0.5767707875054993,26.700000000000003,0.41619999999999996,14.13,66.33601205424411,76.03655000793096,78.33333333333333,71.24176884982613,39.28571428571429,70.62300011844579,0.7182320441988951,0.8453038674033149,0.8259668508287292,0.7569060773480663,B,B+,B+,B,adeiainc,0.0,0.9,0.7833333333333333,10.0,0.0,0.0,0.0,0.4,C-,69.55157154701722,78.33333333333333,46.99999999999999,65.04125723761378,False,False,39.28571428571429
RL,Ralph Lauren Corp,Consumer Discretionary,"Apparel, Accessories & Luxury Goods",355.68,21.2458,2.4993,14.1899,7.523176790847309,26.61,14.68,35.63,0.1494,23.22,0.43725456718456557,14.4854,26.61,14.68,14.4854,0.43725456718456557,35.63,0.1494,23.22,29.12513842746401,79.0316091954023,73.23918992884511,79.42857142857143,86.08695652173914,62.28311821387203,0.21714285714285714,0.8628571428571429,0.7828571428571428,0.7771428571428571,D+,B+,B,B,ralphlaurencorp,0.03571428571428581,0.8928571428571429,0.840909090909091,28.0,90.0,84.89281911636292,0.03571428571428581,0.84,B+,65.89181386604594,84.09090909090911,84.41167310109063,64.97263709068767,True,False,29.12513842746401
UFCS,United Fire Group Inc,Financials,Property & Casualty Insurance,53.71,9.5419,0.9131,6.73,1.4564752269047936,52.92,11.36,14.96,0.12869999999999998,12.950000000000001,0.8877777777777778,73.2943,52.92,11.36,47.126224999999984,0.8360381688111,14.96,0.12869999999999998,12.950000000000001,69.11764705882354,63.276217484319645,59.2436974789916,98.38491494158639,56.793478260869556,69.42256261963499,0.7626050420168067,0.7394957983193278,0.592436974789916,1.0,B,B,C+,A+,unitedfiregroupinc,0.0,0.7777777777777778,0.6964285714285714,9.0,0.0,0.0,0.0,0.328125,C-,70.10191044572194,69.64285714285714,41.785714285714285,64.43867121372041,False,False,56.793478260869556
EAT,Brinker International Inc,Consumer Discretionary,Restaurants,199.11,17.4886,1.4666,10.5554,18.93724677103346,44.75,36.41,123.85,0.1067,55.76,0.6387613937552525,53.1508,44.75,26.012999999999973,50.131389999999975,0.6387613937552525,123.85,0.1067,41.3595,49.4717607973422,86.51785714285714,79.9792008757526,90.17460317460316,20.000000000000004,72.70123248176576,0.49714285714285716,0.92,0.88,0.9028571428571428,C,A-,B+,A-,brinkerinternationalinc,-0.028490028490028574,0.7407407407407407,0.7109375,27.0,0.0,0.0,-0.028490028490028574,0.16,D,69.70123248176576,71.09375,42.65625,64.29223598541262,False,False,20.000000000000004
JLL,Jones Lang LaSalle Inc,Real Estate,Real Estate Services,311.0,14.2803,0.5201,10.7319,1.9459574454772133,79.2,11.17,13.569999999999999,0.04650000000000001,10.24,0.38183717633012476,4.1791,79.2,11.314,4.1791,0.38183717633012476,13.569999999999999,0.04650000000000001,10.044,80.0,60.41666666666667,60.0,75.0,75.0,67.08333333333334,1.0,0.8,0.7,0.8,A+,B,B-,B,joneslanglasalleinc,0.0,0.6875,0.6547619047619047,16.0,0.0,0.0,0.0,0.75,B,69.58333333333334,65.47619047619047,39.28571428571428,63.52380952380953,False,False,60.0
ZD,Ziff Davis Inc,Communication Services,Advertising,56.78,3.0247,1.4692,5.9172,1.2426247877164416,1040.24,-8.46,34.27,-0.22,23.45,0.9027060144464515,51.0171,431.6479999999967,-8.46,51.0171,0.9027060144464515,34.27,-0.113465,23.45,81.71247357293869,55.396239262518336,56.06060606060606,88.44789356984478,52.38095238095239,68.21209647485881,0.9318181818181818,0.6590909090909091,0.4772727272727273,0.9318181818181818,A,B-,C,A,ziffdavisinc,0.0,0.7692307692307693,0.7083333333333334,13.0,0.0,0.0,0.0,0.5,C,68.45019171295405,70.83333333333334,42.50000000000001,63.26015337036324,False,False,52.38095238095239
GFF,Griffon Corp,Industrials,Building Products,94.31,23.9529,1.9358,12.1863,59.08777645510933,192.58,-12.03,176.12,0.1959,12.25,0.6726354453627182,27.0899,191.6919999999998,-5.83,27.0899,0.6726354453627182,69.54999999999994,0.1959,12.25,61.43758708302598,52.54469720685937,80.10928066005519,82.36251126956807,42.15686274509804,67.36815863105578,0.678714859437751,0.5220883534136547,0.8514056224899599,0.8393574297188755,B-,C+,B+,B+,griffoncorp,0.0,0.9090909090909091,0.796875,11.0,0.0,0.0,0.0,0.3627450980392157,C-,66.58384490556558,79.6875,47.8125,62.82957592445247,False,False,42.15686274509804
HPE,Hewlett Packard Enterprise Co,Information Technology,"Technology Hardware, Storage & Peripherals",61.49,29.0915,1.9392,22.6504,3.283441820230359,128.23,26.59,11.020000000000001,0.0703,5.9799999999999995,0.909190133158699,160.9583,128.23,26.59,160.9583,0.909190133158699,11.020000000000001,0.0703,5.9799999999999995,68.705005859702,76.05797163899872,35.55555555555555,84.28825992571787,98.95833333333334,63.134386666757706,0.7569060773480663,0.850828729281768,0.3011049723756906,0.8895027624309392,B,B+,C-,B+,hewlettpackardenterpriseco,0.12301587301587302,0.6785714285714286,0.6590909090909092,28.0,0.0,0.0,0.09512820512820508,1.0,A+,68.03022000009105,65.90909090909092,39.545454545454554,62.333266909163754,False,False,35.55555555555555
UMBF,UMB Financial Corp,Financials,Regional Banks,132.21,10.5726,2.36702,,1.3053445967560395,40.79,72.21914,12.17,0.3178459,8.25,0.5772927513015621,11.714,40.79,72.21914,11.714,0.5772927513015621,12.17,0.3178459,8.25,68.0672268907563,81.25132641987511,46.21848739495798,54.92656875834446,97.29166666666667,60.80700760707248,0.7289915966386554,0.9327731092436975,0.46218487394957986,0.5630252100840336,B,A,C,C+,umbfinancialcorp,0.023809523809523725,0.8571428571428571,0.7980769230769231,21.0,0.0,0.0,0.020714285714285675,0.984375,A+,65.53617427373915,79.8076923076923,47.88461538461538,62.0058624959144,False,False,46.21848739495798
FDX,FedEx Corp,Industrials,Air Freight & Logistics,287.47,15.4666,0.7239,8.24,2.1800739406578824,9.81,7.73,15.110000000000001,0.0576,8.42,0.6477673682929798,51.1428,9.81,7.73,51.1428,0.6477673682929798,15.110000000000001,0.0576,8.42,87.50211731278857,54.53738668024381,39.063464743327046,84.08270444415022,77.59103641456582,64.3654137389077,0.927710843373494,0.5542168674698795,0.3493975903614458,0.8594377510040161,A-,C+,C-,B+,fedexcorp,0.01904761904761909,0.6857142857142857,0.66875,35.0,0.0,0.0,0.01904761904761909,0.7450980392156863,B,67.12451738036428,66.875,40.125,61.724613904291424,False,False,39.063464743327046
TWLO,Twilio Inc,Information Technology,Systems Software,296.07,38.7861,7.9958,137.535,5.769242011196698,5800.25,17.82,14.149999999999999,0.052000000000000005,12.61,0.9579273908196403,180.4182,703.5419999999999,17.82,180.4182,0.9498237803746986,14.149999999999999,0.052000000000000005,12.61,30.470450359953123,79.23221045192898,47.22222222222222,94.32872507288386,73.91304347826087,59.13535525050641,0.281767955801105,0.8895027624309392,0.4585635359116022,0.9834254143646409,D+,B+,C,A+,twilioinc,0.03654970760233911,0.8421052631578947,0.8081395348837209,38.0,37.25,54.2624242749763,0.03654970760233911,0.7,B-,61.52665959833249,80.81395348837209,70.19334180301377,61.1018166163821,True,False,30.470450359953123
NXT,Nextpower Inc,Industrials,Electrical Components & Equipment,79.31,20.2568,3.3148,15.2895,5.075515167029311,6.1,16.97,26.32,0.1934,26.32,0.09098796226005858,8.2934,6.1,16.97,8.2934,0.09098796226005858,26.32,0.1934,26.32,49.80028959374915,55.402469868256176,81.48075294374779,30.90182303558256,98.36601307189542,55.08111921514198,0.5140562248995983,0.5742971887550201,0.8835341365461847,0.26907630522088355,C+,C+,B+,D+,nextpowerinc,0.09536541889483063,0.8529411764705882,0.8141025641025641,34.0,37.25,54.2624242749763,0.06458333333333333,0.9705882352941176,A+,59.91772052233152,81.41025641025641,70.55112355614438,61.0850800674595,False,True,30.90182303558256
ANDE,Andersons Inc,Consumer Staples,Food Distributors,66.21,12.6621,0.2053,11.003,1.8000065247178056,119.33,-5.2,14.149999999999999,0.013300000000000001,8.0,0.6298020954598369,63.5491,100.61199999999988,-5.2,63.5491,0.6298020954598369,14.149999999999999,0.013300000000000001,8.0,84.28571428571428,55.07692307692307,33.80952380952381,87.31428571428572,63.210702341137115,63.00205128205128,0.9428571428571428,0.4714285714285714,0.2571428571428571,0.9,A,C,D+,B+,andersonsinc,0.0,0.9,0.7833333333333333,10.0,0.0,0.0,0.0,0.7692307692307693,B,64.323121516165,78.33333333333333,46.99999999999999,60.858497212932,False,False,33.80952380952381
CUBI,Customers Bancorp Inc,Financials,Regional Banks,74.52,8.7853,1.99781,,1.2044006199786337,85.16,55.59768,13.569999999999999,0.3985504,11.82,0.6063511084481723,12.3647,85.16,55.59768,12.3647,0.6063511084481723,13.569999999999999,0.3985504,11.82,77.52100840336135,76.57154183441739,54.20168067226891,59.33872614466346,58.54166666666667,65.11272586472373,0.8907563025210085,0.907563025210084,0.542016806722689,0.6134453781512605,B+,A-,C+,B-,customersbancorpinc,0.0,0.7058823529411765,0.6704545454545455,17.0,0.0,0.0,0.0,0.40625,C,65.9668925313904,67.04545454545455,40.22727272727273,60.81896857056687,False,False,54.20168067226891
TER,Teradyne Inc,Information Technology,Semiconductor Materials & Equipment,399.45,54.4703,14.035,45.6944,22.301439306810188,152.84,57.87,38.04,0.3023,36.82,0.7518723177470477,196.5782,152.84,54.72500000000002,196.5782,0.7518723177470477,38.04,0.3023,36.82,26.03905072827725,93.0887234298702,84.81481481481482,85.64214153491601,75.99999999999999,68.45963937873026,0.2154696132596685,0.988950276243094,0.8839779005524862,0.9060773480662984,D+,A+,B+,A-,teradyneinc,0.031620553359683834,0.7272727272727273,0.6944444444444444,22.0,0.0,0.0,0.031620553359683834,0.75,B,71.05963937873027,69.44444444444444,41.666666666666664,60.79662925133321,True,False,26.03905072827725
IQV,IQVIA Holdings Inc,Health Care,Life Sciences Tools & Services,268.99,32.1587,2.6037,17.2611,7.015324751194475,16.8,8.17,21.95,0.1292,6.279999999999999,0.9315703824247358,50.9078,16.8,8.17,50.9078,0.9315703824247358,21.95,0.1292,6.279999999999999,56.20603384841795,55.09771820681546,58.94039735099338,72.81557294802327,98.7012987012987,59.36926603082058,0.5894039735099338,0.5761589403973509,0.5761589403973509,0.7152317880794702,C+,C+,C+,B,iqviaholdingsinc,0.06280788177339902,0.8214285714285714,0.7803030303030304,28.0,0.0,0.0,0.060018835120255,0.9714285714285714,A+,64.23939590095046,78.03030303030305,46.81818181818183,60.75515308439673,False,False,55.09771820681546
PM,Philip Morris International Inc,Consumer Staples,Tobacco,195.0,27.7072,7.0816,19.2964,1469.4800301431799,31.96,8.93,575.44,0.3775,44.05,0.8056359482102057,17.5086,31.96,8.93,17.5086,0.7994188577352153,137.46399999999994,0.34928499999999985,28.479999999999983,24.28571428571429,79.45532728141424,97.85714285714285,85.09316770186334,85.34798534798534,68.4454132823698,0.18571428571428572,0.9,1.0,0.8571428571428571,D,B+,A+,B+,philipmorrisinternationalinc,0.009971509971509973,0.7407407407407407,0.7109375,27.0,0.0,0.0,0.009971509971509973,0.8461538461538461,B+,71.98021181716834,71.09375,42.65625,60.68450999860647,True,False,24.28571428571429
WCC,Wesco International Inc,Industrials,Trading Companies & Distributors,365.0,25.5766,0.715,14.968,3.5297485271761624,6.03,12.51,13.84,0.053399999999999996,6.4399999999999995,0.8855494356385188,70.5819,6.03,12.51,70.09187999999996,0.8519822669338312,13.84,0.053399999999999996,6.4399999999999995,64.14392262929267,53.27677112994132,31.591399612053653,97.78500440207175,98.36601307189542,59.1461856667392,0.7188755020080321,0.5341365461847389,0.2570281124497992,0.9919678714859438,B,C+,D+,A+,wescointernationalinc,0.06666666666666665,0.8666666666666667,0.7875000000000001,15.0,0.0,0.0,0.06458333333333333,0.9705882352941176,A+,63.98278697392874,78.75000000000001,47.25000000000001,60.636229579143,False,False,31.591399612053653
ASTH,Astrana Health Inc,Health Care,Health Care Facilities,35.45,42.6592,0.45,13.3844,2.223797455649512,58.83,58.91,5.09,0.0276,2.2399999999999998,0.5181980906921242,18.3625,58.83,50.44,18.3625,0.5181980906921242,5.09,0.0276,2.2399999999999998,68.82119205298012,88.73130531283678,28.256070640176603,49.863134657836646,32.73809523809524,56.98820366742386,0.7549668874172185,0.9801324503311258,0.25165562913907286,0.46357615894039733,B,A+,D+,C,astranahealthinc,-0.007352941176470562,0.875,0.7976190476190476,16.0,90.0,84.89281911636292,-0.007352941176470562,0.2857142857142857,D+,55.262013191233386,79.76190476190476,81.81427050368802,60.57246465372431,False,False,28.256070640176603
JBL,Jabil Inc,Information Technology,Electronic Manufacturing Services,318.84,38.3865,0.9851,23.0816,22.649873196513436,55.75,17.8,62.419999999999995,0.042800000000000005,18.59,0.5400025571151729,47.7622,55.75,17.8,47.7622,0.5400025571151729,62.419999999999995,0.042800000000000005,18.59,67.94219822534741,68.79706335441196,60.0,49.98315644662755,84.78260869565217,60.741593516544754,0.7458563535911602,0.7292817679558011,0.6353591160220995,0.43646408839779005,B,B,B-,C,jabilinc,0.05882352941176472,0.8235294117647058,0.7613636363636364,17.0,0.0,0.0,0.05882352941176472,0.825,B+,64.21985438610997,76.13636363636364,45.68181818181818,60.51224714525162,False,False,49.98315644662755
AMAT,Applied Materials Inc,Information Technology,Semiconductor Materials & Equipment,512.01,43.5636,13.0915,41.7057,19.888517712865134,38.36,7.77,40.44,0.2964,31.47,0.5801799808217157,138.7015,38.36,7.77,138.7015,0.5801799808217157,40.44,0.2964,31.47,31.61099949773983,45.28325485936645,84.62962962962962,71.07198082078723,37.0,57.3312044178731,0.30386740331491713,0.425414364640884,0.8729281767955801,0.7513812154696132,C-,C,B+,B,appliedmaterialsinc,0.0,0.8666666666666667,0.8350000000000001,45.0,90.0,84.89281911636292,0.0,0.35,C-,56.031204417873106,83.50000000000001,84.05712764654518,60.2146657247094,True,False,31.61099949773983
GEV,GE Vernova Inc,Industrials,Heavy Electrical Equipment,962.49,26.5487,6.1148,34.3765,23.20802077531268,744.44,12.98,83.39,0.15439999999999998,74.29,0.6493586470005106,56.9427,191.6919999999998,12.98,56.9427,0.6493586470005106,69.54999999999994,0.15439999999999998,29.789999999999996,21.86214244734038,87.38778707722807,86.11835095483976,88.12442315847238,88.79551820728291,67.09756539768512,0.13253012048192772,0.9477911646586346,0.9518072289156626,0.9036144578313253,D,A,A,A-,gevernovainc,0.023809523809523836,0.8333333333333334,0.8031914893617021,42.0,7.25,14.122643948791481,0.023809523809523836,0.8823529411764706,B+,70.97711721841341,80.31914893617021,53.84054694121872,60.20477938531371,True,False,21.86214244734038
MATX,Matson Inc,Industrials,Marine Transportation,226.43,14.3379,1.9224,9.8834,2.4949149703713007,0.86,-0.16,16.939999999999998,0.1518,15.040000000000001,0.9061728395061729,117.4061,0.86,-0.16,70.09187999999996,0.8519822669338312,16.939999999999998,0.1518,15.040000000000001,75.95661557795809,25.128282271139415,61.98071196350026,97.78796074837383,43.36007130124777,64.06758048926724,0.8433734939759037,0.11646586345381527,0.642570281124498,0.9959839357429718,B+,D,B-,A+,matsoninc,0.0,0.9,0.7833333333333333,10.0,0.0,0.0,0.0,0.4803921568627451,C,63.40358761939201,78.33333333333333,46.99999999999999,60.12287009551361,False,False,25.128282271139415
EZPW,EZCORP Inc,Financials,Consumer Finance,30.16,11.9464,1.1936,8.1925,1.7908462579863667,61.24,28.61,14.45,0.139,9.8,0.6623030303030303,64.339,61.24,28.61,47.126224999999984,0.6623030303030303,14.45,0.139,9.8,52.3109243697479,66.98916031729141,58.40336134453782,87.08428826075884,60.25,63.49326114418148,0.5084033613445378,0.7899159663865546,0.5840336134453782,0.8949579831932774,C+,B,C+,B+,ezcorpinc,0.0,0.7692307692307693,0.7083333333333334,13.0,0.0,0.0,0.0,0.734375,B,64.51826114418148,70.83333333333334,42.50000000000001,60.11460891534519,False,False,52.3109243697479
GMED,Globus Medical Inc,Health Care,Health Care Equipment,75.69,18.7514,3.1925,12.4441,2.2352423505925505,50.93,19.74,11.59,0.20600000000000002,11.59,0.44398788927335636,34.2549,50.93,19.74,34.2549,0.44398788927335636,11.59,0.20600000000000002,11.59,69.49521707137602,78.21499516842502,63.796909492273734,62.56688741721854,33.54037267080745,66.47940815804115,0.7615894039735099,0.8874172185430463,0.6423841059602649,0.6026490066225165,B,B+,B-,B-,globusmedicalinc,-0.018633540372670843,0.6956521739130435,0.6696428571428571,23.0,0.0,0.0,-0.018633540372670843,0.34285714285714286,C-,64.8334454251219,66.96428571428571,40.17857142857142,59.9024706258118,False,False,33.54037267080745
LRCX,Lam Research Corp,Information Technology,Semiconductor Materials & Equipment,323.86,56.404,17.6388,47.2095,32.49485777354136,38.62,26.02,66.97,0.3529,48.57,0.632717137090315,145.0479,38.62,26.02,145.0479,0.632717137090315,66.97,0.3529,48.57,23.255692281935378,71.28198988283367,90.0,74.82272011610962,68.0,62.53486507027251,0.1712707182320442,0.7845303867403315,0.9392265193370166,0.8011049723756906,D,B,A,B+,lamresearchcorp,0.024390243902439046,0.8536585365853658,0.8206521739130435,41.0,37.25,54.2624242749763,0.024390243902439046,0.675,B-,64.33486507027251,82.06521739130434,70.94410014477313,59.78932358805846,True,False,23.255692281935378
WST,West Pharmaceutical Services Inc,Health Care,Health Care Supplies,373.98,46.7351,7.9358,30.454,8.478138155702306,17.22,12.38,18.509999999999998,0.2045,17.330000000000002,0.9258802491212926,43.641,17.22,12.38,43.641,0.9258802491212926,18.509999999999998,0.2045,17.330000000000002,28.10890360559235,62.91059442025272,74.17218543046357,73.95428327280496,64.62585034013605,57.94324779762551,0.2251655629139073,0.695364238410596,0.7748344370860927,0.7483443708609272,D+,B-,B,B,westpharmaceuticalservicesinc,0.0039525691699604515,0.9130434782608695,0.8482142857142856,23.0,67.25,75.64054217092028,0.0039525691699604515,0.6571428571428571,B-,59.40583283163912,84.82142857142856,81.14907401122525,59.77510368966417,True,False,28.10890360559235
NUE,Nucor Corp,Materials,Steel,236.24,22.9231,1.5642,12.5283,2.5817591676821103,79.23,12.27,11.16,0.0999,8.36,0.7051549163250218,76.9999,79.23,12.27,72.80007499999998,0.7051549163250218,11.16,0.0999,8.36,52.94117647058824,71.12394029229729,51.470588235294116,93.24543610547667,50.0,63.97681645602538,0.6029411764705882,0.7941176470588235,0.47794117647058826,0.9558823529411765,B-,B,C,A,nucorcorp,0.0,0.75,0.7155172413793104,24.0,0.0,0.0,0.0,0.36666666666666664,C-,63.97681645602538,71.55172413793103,42.93103448275862,59.767660061372034,False,False,50.0
AIZ,Assurant Inc,Financials,Multi-line Insurance,263.65,12.237,0.9669,7.9154,2.2358302719461602,53.42,9.36,18.029999999999998,0.107,13.120000000000001,0.5884996425288528,22.2196,53.42,9.36,22.2196,0.5884996425288528,18.029999999999998,0.107,13.120000000000001,44.957983193277315,62.69851591740004,68.90756302521008,80.765639589169,59.82142857142857,62.159217655935656,0.4054621848739496,0.7226890756302521,0.6890756302521008,0.8151260504201681,C,B,B-,B+,assurantinc,0.0,0.8461538461538461,0.7638888888888888,13.0,0.0,0.0,0.0,0.59375,C+,63.14136051307851,76.38888888888889,45.83333333333333,59.67975507712948,False,False,44.957983193277315
EME,EMCOR Group Inc,Industrials,Construction & Engineering,762.03,23.2506,1.7992,16.2421,9.23417528246739,33.41,18.92,38.49,0.1038,38.43,0.5092755270773046,19.5061,33.41,18.92,19.5061,0.5092755270773046,38.49,0.1038,29.789999999999996,54.58678250416633,57.423734566591705,76.0882987733246,61.07224817637898,78.75816993464052,61.36796686796687,0.5823293172690763,0.6305220883534136,0.8112449799196787,0.606425702811245,C+,B-,B+,B-,emcorgroupinc,0.01904761904761898,0.7333333333333333,0.6875,15.0,0.0,0.0,0.01904761904761898,0.7843137254901961,B,64.24378386143093,68.75,41.25,59.64502708914475,False,False,54.58678250416633
STRL,Sterling Infrastructure Inc,Industrials,Construction & Engineering,497.55,35.3418,4.4349,23.9154,13.771409275599794,50.75,60.83,36.67,0.1752,29.43,0.29825982647152977,45.6724,50.75,36.967999999999954,45.6724,0.29825982647152977,36.67,0.1752,29.43,22.594869273010413,77.89823673752245,83.35573586864466,65.22235882304729,62.254901960784316,60.11177039752772,0.14859437751004015,0.8995983935742972,0.9116465863453815,0.6666666666666666,D,B+,A-,B-,sterlinginfrastructureinc,0.004166666666666652,0.9375,0.8452380952380951,16.0,90.0,84.89281911636292,0.004166666666666652,0.6470588235294118,B-,61.33726059360615,84.52380952380952,84.67141336083088,59.357293614873164,True,False,22.594869273010413
IOSP,Innospec Inc,Materials,Specialty Chemicals,96.72,19.7454,1.3024,12.6107,1.8071681346482262,549.32,2.87,9.15,0.07,9.15,0.892481820079554,26.2316,450.345,2.87,26.2316,0.8127889148801114,9.15,0.07,9.15,60.29411764705882,72.16361436970772,45.588235294117645,83.0989956958393,50.0,62.523110248403526,0.7205882352941176,0.8235294117647058,0.39705882352941174,0.8235294117647058,B,B+,C-,B+,innospecinc,0.0,0.8888888888888888,0.7678571428571428,9.0,0.0,0.0,0.0,0.36666666666666664,C-,62.523110248403526,76.78571428571428,46.07142857142856,59.232773913008536,False,False,45.588235294117645
SNX,TD Synnex Corp,Information Technology,Technology Distributors,260.24,18.073,0.2943,11.0695,2.466764930307066,63.4,16.26,13.120000000000001,0.025699999999999997,8.59,0.7538810309045231,56.079,63.4,16.26,56.079,0.7538810309045231,13.120000000000001,0.025699999999999997,8.59,88.45115519839277,69.65012873409677,35.46296296296296,67.49180971193996,39.77272727272727,63.40691722954628,0.9281767955801105,0.7458563535911602,0.292817679558011,0.712707182320442,A-,B,D+,B,tdsynnexcorp,0.0,0.8235294117647058,0.7613636363636364,17.0,0.0,0.0,0.0,0.4375,C,62.38418995681901,76.13636363636364,45.68181818181818,59.043715601818846,False,False,35.46296296296296
EWBC,East West Bancorp Inc,Financials,Regional Banks,125.52,12.0114,3.27879,,1.9404987910531752,21.65,74.7411,16.189999999999998,0.5797675999999999,15.47,0.7332589285714285,16.9435,21.65,74.7411,16.9435,0.7332589285714285,16.189999999999998,0.5797675999999999,15.47,49.78991596638656,68.56777085263167,62.60504201680672,74.88415927118511,58.54166666666667,61.78912552056168,0.4831932773109244,0.819327731092437,0.6260504201680672,0.7647058823529411,C,B+,B-,B,eastwestbancorpinc,0.0,0.782608695652174,0.7410714285714286,23.0,0.0,0.0,0.0,0.40625,C,62.643292187228354,74.10714285714286,44.464285714285715,59.00749089263983,False,False,49.78991596638656
WLY,John Wiley & Sons Inc,Communication Services,Publishing,48.43,12.1936,1.4505,11.9046,2.9035468476462265,110.82,-0.27,25.28,0.1478,11.68,0.6897168548911418,19.3233,110.82,-0.27,19.3233,0.6897168548911418,25.28,0.1478,11.68,62.491190979563065,54.955373978629794,65.15151515151514,77.46341463414635,52.38095238095239,63.394434255324775,0.7045454545454546,0.6136363636363636,0.7386363636363636,0.7727272727272727,B,B-,B,B,johnwileysonsinc,0.0,0.8,0.675,5.0,0.0,0.0,0.0,0.5,C,63.632529493420016,67.5,40.5,59.006023594736014,False,False,52.38095238095239
CENT,Central Garden & Pet Co,Consumer Staples,Household Products,39.26,13.122,0.7076,8.566,1.5590067784629924,22.39,-1.16,10.15,0.0818,5.87,0.5763736263736263,19.4102,22.39,-1.16,19.4102,0.5763736263736263,10.15,0.0818,5.87,78.80952380952381,55.210918114143915,40.952380952380956,77.64976958525347,59.26573426573426,61.51261373035567,0.9071428571428571,0.5071428571428571,0.37142857142857144,0.8142857142857143,A-,C+,C-,B+,centralgardenpetco,0.0,0.8181818181818182,0.734375,11.0,0.0,0.0,0.0,0.5,C,62.439187156929094,73.4375,44.0625,58.76384972554328,False,False,40.952380952380956
CASY,Caseys General Stores Inc,Consumer Staples,Food Retail,599.9,28.5407,1.1812,15.416,5.602301061813019,33.36,13.78,19.68,0.0588,12.139999999999999,0.23815829209933323,10.7207,33.36,13.78,10.7207,0.23815829209933323,19.68,0.0588,12.139999999999999,42.38095238095238,86.74352712814252,56.19047619047618,59.25925925925925,92.67399267399267,58.843414420337496,0.38571428571428573,0.9428571428571428,0.5928571428571429,0.5571428571428572,C-,A,C+,C+,caseysgeneralstoresinc,0.03703703703703709,0.7037037037037037,0.6796875,27.0,0.0,0.0,0.03703703703703709,0.9230769230769231,A-,63.110813687736766,67.96875,40.78125,58.64490095018942,False,False,42.38095238095238
LLY,Eli Lilly and Co,Health Care,Pharmaceuticals,1184.63,41.6337,13.9594,32.4094,42.179716791346365,94.62,49.58,92.58,0.42219999999999996,35.77,0.812650675546768,63.5217,94.62,49.58,63.5217,0.812650675546768,92.58,0.38915,29.675,25.673289183222963,86.01693222006682,96.24724061810154,75.77083012474974,52.55102040816326,67.83768491929443,0.19205298013245034,0.9403973509933775,0.9933774834437086,0.7880794701986755,D,A,A+,B,elilillyandco,0.0,0.7894736842105263,0.7616279069767442,38.0,0.0,0.0,0.0,0.5142857142857142,C+,68.09278696011076,76.16279069767442,45.697674418604656,58.58996219294975,True,False,25.673289183222963
KEX,Kirby Corp,Industrials,Marine Transportation,131.94,19.5753,1.9928,10.4325,2.0986595873622327,23.27,6.56,10.45,0.1401,8.08,0.6705897403095817,55.3051,23.27,6.56,55.3051,0.6705897403095817,10.45,0.1401,8.08,68.58290304073437,57.978572264286555,44.72365653088544,83.83880605911587,43.36007130124777,61.69011555758544,0.7831325301204819,0.6546184738955824,0.41767068273092367,0.8554216867469879,B,B-,C,B+,kirbycorp,0.0,0.9,0.7833333333333333,10.0,0.0,0.0,0.0,0.4803921568627451,C,61.02612268771022,78.33333333333333,46.99999999999999,58.220898150168175,False,False,43.36007130124777
FCX,Freeport-McMoRan Inc,Materials,Copper,70.79,34.362,3.912,11.7422,5.378811479458093,53.11,-24.23,15.260000000000002,0.2676,10.27,0.7897664071190214,101.2867,53.11,-16.235,72.80007499999998,0.7897664071190214,15.260000000000002,0.2676,10.27,40.68627450980392,39.192343604108316,75.0,95.93837535014006,52.38095238095239,60.94771241830066,0.4264705882352941,0.27941176470588236,0.8088235294117647,0.9852941176470589,C,D+,B+,A+,freeportmcmoraninc,0.0,0.8,0.7642857142857142,30.0,0.0,0.0,0.0,0.6666666666666666,B-,61.1858076563959,76.42857142857142,45.85714285714285,58.120074696545295,False,False,39.192343604108316
PLXS,Plexus Corp,Information Technology,Electronic Manufacturing Services,266.4,38.4574,1.5512,23.0881,4.913406739334919,15.43,14.2,12.46,0.050199999999999995,10.97,0.7676969662343597,84.9375,15.43,14.2,84.9375,0.7676969662343597,12.46,0.050199999999999995,10.97,65.35869747195714,50.95217447509884,43.333333333333336,73.70359755371638,98.91304347826087,57.10416210708566,0.7071823204419889,0.5303867403314917,0.40331491712707185,0.7790055248618785,B,C+,C,B,plexuscorp,0.10256410256410264,0.7692307692307693,0.7083333333333334,13.0,0.0,0.0,0.09512820512820508,0.975,A+,61.99546645491175,70.83333333333334,42.50000000000001,58.0963731639294,False,False,43.333333333333336
BRC,Brady Corp,Industrials,Commercial Printing,84.78,19.5472,2.4161,12.4609,2.928861620097836,9.26,9.78,15.620000000000001,0.1586,14.95,0.4948633118579142,8.5441,9.26,9.78,8.5441,0.4948633118579142,15.620000000000001,0.1586,14.95,62.093817446657376,54.63612963612964,61.01303171871158,56.24479364582635,86.9281045751634,57.952896947733436,0.6947791164658634,0.5622489959839357,0.6305220883534136,0.5301204819277109,B-,C+,B-,C+,bradycorp,0.023809523809523725,0.8571428571428571,0.7291666666666667,7.0,0.0,0.0,0.023809523809523725,0.8627450980392157,B+,61.64570740524978,72.91666666666667,43.75,58.06656592419983,False,False,54.63612963612964
KRYS,Krystal Biotech Inc,Health Care,Biotechnology,335.06,41.2813,22.6297,46.8595,8.020164108652567,62.37,22.63,19.34,0.4489,19.34,0.7873860236819948,100.8581,62.37,22.63,100.8581,0.7873860236819948,19.34,0.38915,19.34,20.34878587196468,74.18121802730687,84.65783664459161,72.827955474144,61.904761904761905,60.65349032942925,0.09933774834437085,0.8344370860927153,0.8940397350993378,0.7218543046357616,D-,B+,B+,B,krystalbiotechinc,0.005847953216374324,0.8947368421052632,0.8229166666666666,19.0,90.0,84.89281911636292,0.005847953216374324,0.6,C+,61.84396651990544,82.29166666666666,83.33212764654516,57.85199771044172,True,False,20.34878587196468
AMZN,Amazon.com Inc,Consumer Discretionary,Broadline Retail,246.67,19.6242,3.4225,16.1734,6.439410749667809,89.71,15.77,30.5,0.1208,24.19,0.5555921052631578,11.9984,89.71,15.77,11.9984,0.5555921052631578,30.5,0.1208,24.19,24.116279069767444,92.93956043956044,66.75314723590587,69.82417582417582,31.428571428571434,60.27010382916558,0.14285714285714285,0.9657142857142857,0.7142857142857143,0.7085714285714285,D,A,B,B,amazoncominc,-0.0009009009009008917,0.9324324324324325,0.9082278481012658,74.0,90.0,84.89281911636292,-0.0009009009009008917,0.28,D+,58.412960972022724,90.82278481012658,88.45079853262112,57.74840231971338,True,False,24.116279069767444
ZBRA,Zebra Technologies Corp,Information Technology,Electronic Equipment & Instruments,376.69,31.4346,2.8978,19.6131,5.206568162656014,3.28,12.66,15.14,0.1467,8.86,0.9490330163479003,24.0518,3.28,12.66,24.0518,0.9490330163479003,15.14,0.1467,8.86,66.75770132261846,49.11592793502152,53.333333333333336,74.32843689703469,65.90909090909092,59.7116316303992,0.7348066298342542,0.47513812154696133,0.5524861878453039,0.7900552486187845,B,C,C+,B,zebratechnologiescorp,0.029230769230769282,0.76,0.7250000000000001,25.0,0.0,0.0,0.029230769230769282,0.65,B-,61.30254072130829,72.50000000000001,43.50000000000001,57.742032577046636,False,False,49.11592793502152
VMI,Valmont Industries Inc,Industrials,Industrial Machinery & Supplies & Components,465.76,18.1636,2.1244,14.2746,5.436015704875327,108.33,3.8,29.84,0.13699999999999998,20.45,0.43872537550886703,21.5579,108.33,3.8,21.5579,0.43872537550886703,29.84,0.13699999999999998,20.45,60.015845695708,56.598331854131274,73.84148840258995,62.22319458508454,38.61236802413273,62.22863881241765,0.642570281124498,0.6024096385542169,0.7831325301204819,0.6224899598393574,B-,B-,B,B-,valmontindustriesinc,0.0,0.8181818181818182,0.734375,11.0,0.0,0.0,0.0,0.21568627450980393,D+,61.08987561483092,73.4375,44.0625,57.68440049186474,False,False,38.61236802413273
VLY,Valley National Bancorp,Financials,Regional Banks,12.78,10.107,2.27179,,0.9111000213873245,48.82,77.66814,8.88,0.4257981,8.14,0.5647482014388489,19.6629,48.82,77.66814,19.6629,0.5647482014388489,8.88,0.4257981,8.14,85.29411764705883,86.30480602151297,22.689075630252102,68.42692217073744,32.083333333333336,62.94214395777781,0.9453781512605042,0.9789915966386554,0.226890756302521,0.6974789915966386,A,A+,D+,B-,valleynationalbancorp,-0.011695906432748537,0.7777777777777778,0.7282608695652174,18.0,0.0,0.0,-0.011695906432748537,0.28125,D+,61.150477291111144,72.82608695652173,43.69565217391304,57.65951226767153,False,False,22.689075630252102
AVNT,Avient Corp,Materials,Specialty Chemicals,40.78,22.0289,1.1241,10.2751,1.573351029352758,43.14,2.36,7.090000000000001,0.09449999999999999,3.93,0.6941544885177453,25.4263,43.14,2.36,25.4263,0.6941544885177453,7.090000000000001,0.09449999999999999,3.93,64.21568627450979,55.793034573944354,37.745098039215684,73.3142037302726,94.20289855072464,56.311643739274764,0.75,0.6029411764705882,0.3161764705882353,0.7352941176470589,B,B-,C-,B,avientcorp,0.014285714285714346,0.8,0.7375,15.0,0.0,0.0,0.014285714285714346,0.9333333333333333,A,60.731933594347225,73.75,44.25,57.43554687547778,False,False,37.745098039215684
WOR,"Worthington Enterprises, Inc",Industrials,Building Products,60.77,17.4165,2.0034,22.1614,2.8806818451153555,54.64,18.44,16.189999999999998,0.056299999999999996,12.42,0.6996670366259714,11.8934,54.64,18.44,11.8934,0.6996670366259714,16.189999999999998,0.056299999999999996,12.42,50.994727208152334,87.98001048483673,45.057508947354044,77.64925006147035,42.15686274509804,62.138911148138014,0.5381526104417671,0.9558232931726908,0.42168674698795183,0.7871485943775101,C+,A,C,B,worthingtonenterprisesinc,0.0,0.75,0.6730769230769231,8.0,0.0,0.0,0.0,0.3627450980392157,C-,61.35459742264782,67.3076923076923,40.38461538461538,57.16060101504134,False,False,42.15686274509804
UNP,Union Pacific Corp,Industrials,Rail Transportation,275.05,22.1542,6.3908,15.0665,8.835897419423233,7.27,4.17,38.65,0.4003,14.63,0.5924746167628907,16.5391,7.27,4.17,16.5391,0.5924746167628907,38.65,0.28918,14.63,41.51135152856323,43.35515639863466,84.91107286288009,64.3655010458872,83.9572192513369,58.1497375867652,0.3815261044176707,0.3413654618473896,0.9437751004016064,0.6465863453815262,C-,C-,A,B-,unionpacificcorp,0.022246941045606206,0.6774193548387096,0.6597222222222223,31.0,0.0,0.0,0.022246941045606206,0.8235294117647058,B+,61.54545951189889,65.97222222222223,39.583333333333336,57.15303427618578,False,False,41.51135152856323
SHC,Sotera Health Co,Health Care,Health Care Services,18.73,32.4688,4.3645,17.5689,8.788888367509736,579.33,8.15,26.75,0.32630000000000003,5.74,0.8343195266272189,16.6983,364.82049999999936,8.15,16.6983,0.8343195266272189,26.75,0.32630000000000003,5.74,48.25312729948491,71.10301800373978,71.52317880794702,55.82296882571475,48.94179894179894,60.32927389274889,0.5033112582781457,0.8013245033112583,0.7185430463576159,0.5496688741721855,C+,B+,B,C+,soterahealthco,0.0,0.8,0.7375,15.0,0.0,0.0,0.0,0.44285714285714284,C,60.22345378692878,73.75,44.25,57.02876302954303,False,False,48.25312729948491
FRPT,Freshpet Inc,Consumer Staples,Packaged Foods & Meats,57.15,13.5029,2.3337,23.1256,2.31549008168028,449.74,12.77,16.650000000000002,0.081,12.34,0.27054361567635893,15.0765,100.61199999999988,12.77,15.0765,0.27054361567635893,16.650000000000002,0.081,12.34,39.523809523809526,95.32967032967032,54.76190476190476,73.33333333333333,32.51748251748252,62.3040293040293,0.35,1.0,0.5285714285714286,0.7428571428571429,C-,A+,C+,B,freshpetinc,-0.0434782608695653,0.7391304347826086,0.7053571428571428,23.0,0.0,0.0,-0.0434782608695653,0.3076923076923077,C-,60.55577755577755,70.53571428571428,42.32142857142856,56.90890775890776,False,False,32.51748251748252
SHOO,Steven Madden Ltd,Consumer Discretionary,Footwear,45.05,22.8883,1.1965,15.6087,3.7788551872231912,56.95,18.15,16.05,0.075,12.709999999999999,0.7468698965704951,32.9582,56.95,18.15,32.9582,0.7468698965704951,16.05,0.075,12.709999999999999,34.79955703211517,89.80654761904762,45.52599890530925,89.5,52.38095238095239,60.942698508165634,0.3028571428571429,0.9485714285714286,0.4228571428571429,0.8914285714285715,C-,A,C,B+,stevenmaddenltd,0.0,0.8125,0.75,16.0,0.0,0.0,0.0,0.58,C+,61.180793746260875,75.0,45.0,56.57879717207921,True,False,34.79955703211517
CVX,Chevron Corp,Energy,Integrated Oil & Gas,204.38,19.6594,1.9396,8.4742,2.1862096998481055,34.62,11.17,10.979999999999999,0.1322,9.0,0.8120353485762378,28.8524,34.62,11.17,28.8524,0.8120353485762378,10.979999999999999,0.1322,9.0,47.76119402985074,62.53957485300769,49.25373134328358,66.33649932157395,86.39455782312925,55.02894617819992,0.417910447761194,0.7164179104477612,0.417910447761194,0.5970149253731343,C,B,C,C+,chevroncorp,0.06666666666666665,0.8333333333333334,0.7928571428571429,30.0,0.0,0.0,0.06666666666666665,0.8571428571428571,B+,58.66840196051284,79.28571428571429,47.57142857142858,56.44900728269599,False,False,47.76119402985074
BKH,Black Hills Corp,Utilities,Multi-Utilities,70.27,17.9046,2.3133,11.5863,1.3871150494185644,0.03,2.45,7.7299999999999995,0.2371,3.55,0.5650826446280991,14.4804,0.03,2.45,12.666499999999996,0.5650826446280991,7.7299999999999995,0.2371,3.55,66.66666666666667,36.7513611615245,36.7816091954023,96.05778191985087,64.28571428571429,57.42389758179232,0.7068965517241379,0.22413793103448276,0.3275862068965517,0.9655172413793104,B,D+,C-,A,blackhillscorp,0.0,0.8888888888888888,0.7678571428571428,9.0,0.0,0.0,0.0,0.75,B,58.85246901036375,76.78571428571428,46.07142857142856,56.296260922576714,False,False,36.7513611615245
VCYT,Veracyte Inc,Health Care,Health Care Services,46.32,31.7608,6.471,29.082,2.806949502784528,323.93,17.28,8.64,0.1957,8.64,0.5361627722142744,35.2572,323.93,17.28,35.2572,0.5361627722142744,8.64,0.1957,8.64,38.48859455481972,82.50713198761724,55.849889624724064,50.6638669035697,80.95238095238095,55.21882082312334,0.3973509933774834,0.9205298013245033,0.543046357615894,0.4900662251655629,C-,A-,C+,C,veracyteinc,0.00877192982456132,0.8421052631578947,0.78125,19.0,0.0,0.0,0.00877192982456132,0.7714285714285715,B,58.31405891836143,78.125,46.875,56.02624713468915,False,False,38.48859455481972
MOG-A,Moog Inc,Industrials,Aerospace & Defense,387.59,31.2463,2.8533,24.8959,6.504770455899505,86.78,15.72,18.58,0.1056,11.77,0.7611885081820161,90.559,86.78,15.72,70.09187999999996,0.7611885081820161,18.58,0.1056,11.77,30.48657213889572,74.45799332445294,55.40365543807885,96.08057596164645,72.71952259164536,60.58027075146352,0.23293172690763053,0.8634538152610441,0.5582329317269076,0.9879518072289156,D+,B+,C+,A+,mooginc,0.012820512820512775,0.8461538461538461,0.7638888888888888,13.0,0.0,0.0,0.012820512820512775,0.6862745098039216,B-,62.85222301062806,76.38888888888889,45.83333333333333,55.968681673680805,True,False,30.48657213889572
AVGO,Broadcom Inc,Information Technology,Semiconductors,355.1,44.3131,19.0299,38.6696,20.70964506082839,100.1,48.69,43.91,0.4797,25.34,0.3176941084666408,4.4959,100.1,48.69,4.4959,0.3176941084666408,43.91,0.4317149999999999,25.34,29.25874769797422,82.34044692456577,89.25925925925925,26.21804473510136,35.3448275862069,56.34120007124179,0.27071823204419887,0.9116022099447514,0.9337016574585635,0.19889502762430938,D+,A-,A,D,broadcominc,0.0,0.9122807017543859,0.8830645161290321,57.0,90.0,84.89281911636292,0.0,0.275,D+,54.875682829862484,88.30645161290322,86.9409986142871,55.88372672374175,True,True,26.21804473510136
AA,Alcoa Corp,Materials,Aluminum,41.97,8.621,0.8093,10.3502,1.8049051102424172,24.14,6.46,19.16,0.0361,14.01,0.20832555534814265,36.248,24.14,6.46,36.248,0.20832555534814265,19.16,0.0361,14.01,80.3921568627451,49.31798806479114,60.0,57.85166240409207,22.72727272727273,61.531969309462916,0.8970588235294118,0.45588235294117646,0.6176470588235294,0.5735294117647058,B+,C,B-,C+,alcoacorp,-0.045454545454545414,0.7272727272727273,0.6944444444444444,22.0,0.0,0.0,-0.045454545454545414,0.2,D,58.80469658219019,69.44444444444444,41.666666666666664,55.37709059908549,False,False,22.72727272727273
ENSG,Ensign Group Inc,Health Care,Health Care Facilities,175.53,27.0817,1.8692,17.4129,4.568512064796717,15.73,18.89,16.54,0.0852,15.58,0.44425543051557176,2.2377,15.73,18.89,2.2377,0.44425543051557176,16.54,0.0852,15.58,64.15011037527594,62.170707082847564,60.9271523178808,33.20088300220751,81.54761904761905,55.34363369030021,0.695364238410596,0.6622516556291391,0.5993377483443708,0.2781456953642384,B-,B-,C+,D+,ensigngroupinc,0.015151515151515138,0.8333333333333334,0.75,12.0,0.0,0.0,0.015151515151515138,0.8,B,58.498395595062114,75.0,45.0,55.18899540197365,False,True,33.20088300220751
XPEL,Xpel Inc,Consumer Discretionary,Automotive Parts & Equipment,43.97,21.3558,2.3006,15.6339,4.330483769303497,12.87,13.19,19.15,0.13470000000000001,18.43,0.5034310667498441,32.7975,12.87,13.19,32.7975,0.5034310667498441,19.15,0.13470000000000001,18.43,27.17718715393134,73.48214285714286,60.61193212917351,83.92857142857143,98.18181818181819,58.42942267791908,0.18857142857142858,0.8114285714285714,0.6057142857142858,0.8285714285714286,D,B+,B-,B+,xpelinc,0.11111111111111105,0.8888888888888888,0.7678571428571428,9.0,0.0,0.0,0.05901116427432218,1.0,A+,63.2476044961009,76.78571428571428,46.07142857142856,54.98465664533657,True,False,27.17718715393134
GL,Globe Life Inc,Financials,Life & Health Insurance,166.08,10.5438,2.0642,9.4486,2.198611041242491,20.3,5.24,20.28,0.2644,13.87,0.6001569858712718,15.3085,20.3,5.24,15.3085,0.6001569858712718,20.28,0.2644,13.87,55.042016806722685,33.50469943146982,73.94957983193278,63.219537815126046,59.82142857142857,56.592746608983035,0.5462184873949579,0.2647058823529412,0.7394957983193278,0.6386554621848739,C+,D+,B,B-,globelifeinc,0.0,0.782608695652174,0.7410714285714286,23.0,0.0,0.0,0.0,0.59375,C+,57.574889466125896,74.10714285714286,44.464285714285715,54.95276871575786,False,False,33.50469943146982
PHIN,Phinia Inc,Consumer Discretionary,Automotive Retail,60.44,16.3976,0.6158,7.4939,1.443977771725367,34.56,7.06,8.62,0.0701,5.28,0.2668788046485887,4.5079,34.56,7.06,4.5079,0.2668788046485887,8.62,0.0701,5.28,69.04318936877077,69.59033613445378,30.012041598248498,68.18487394957982,52.38095238095239,57.31884975856154,0.7542857142857143,0.7542857142857143,0.26285714285714284,0.68,B,B,D+,B-,phiniainc,0.0,0.8181818181818182,0.734375,11.0,0.0,0.0,0.0,0.58,C+,57.55694499665678,73.4375,44.0625,54.85805599732543,False,False,30.012041598248498
TTMI,TTM Technologies Inc,Information Technology,Electronic Manufacturing Services,121.47,57.0822,3.9369,38.4001,7.1258029507523535,145.74,28.41,13.089999999999998,0.1007,8.59,0.39954244148530527,122.6425,145.74,28.41,122.6425,0.39954244148530527,13.089999999999998,0.1007,8.59,42.89197220827055,88.20372844107857,45.833333333333336,66.02170260986892,35.869565217391305,58.02641259559047,0.4088397790055249,0.9558011049723757,0.4419889502762431,0.6629834254143646,C,A,C,B-,ttmtechnologiesinc,0.0,0.9090909090909091,0.796875,11.0,0.0,0.0,0.0,0.325,C-,56.613369117329604,79.6875,47.8125,54.853195293863685,False,False,35.869565217391305
KFY,Korn Ferry,Industrials,Human Resource & Employment Services,71.98,13.9944,1.3104,7.273,1.832699348701732,12.84,6.94,14.14,0.1288,11.76,0.45623249299719887,1.3214,12.84,6.94,1.3214,0.45623249299719887,14.14,0.1288,11.76,85.11870611698494,49.806474313863475,52.76179548124471,45.33438468864904,45.632798573975045,58.498297200059916,0.9156626506024096,0.4457831325301205,0.5180722891566265,0.40562248995983935,A-,C,C+,C,kornferry,0.0,0.7777777777777778,0.6964285714285714,9.0,0.0,0.0,0.0,0.5980392156862745,C+,58.06157705745742,69.64285714285714,41.785714285714285,54.806404503108794,False,False,45.33438468864904
A,Agilent Technologies Inc,Health Care,Life Sciences Tools & Services,175.03,34.4252,6.7244,27.1012,7.349507877322046,18.74,8.6,20.47,0.2223,13.669999999999998,1.0,41.759,18.74,8.6,41.759,0.9833468244463852,20.47,0.2223,13.669999999999998,36.06622516556291,59.758776330752625,74.8344370860927,76.4880594019667,25.324675324675326,59.97453270945777,0.3443708609271523,0.6357615894039735,0.7814569536423841,0.8211920529801324,C-,B-,B,B+,agilenttechnologiesinc,-0.02643678160919538,0.7666666666666667,0.7357142857142858,30.0,0.0,0.0,-0.02643678160919538,0.22857142857142856,D+,57.507000241925304,73.57142857142858,44.142857142857146,54.67983703310904,True,False,25.324675324675326
COP,ConocoPhillips,Energy,Oil & Gas Exploration & Production,125.44,16.2197,2.3767,6.4171,2.3831960361127154,1.31,9.6,14.32,0.22510000000000002,10.52,0.711329170383586,27.9854,1.31,9.6,27.9854,0.711329170383586,14.32,0.22510000000000002,10.52,51.74129353233831,43.38798432082014,59.95024875621891,68.22553897180762,73.39901477832512,55.24559023066486,0.5074626865671642,0.3582089552238806,0.582089552238806,0.6417910447761194,C+,C-,C+,B-,conocophillips,0.032258064516129004,0.7419354838709677,0.7152777777777779,31.0,0.0,0.0,0.032258064516129004,0.7142857142857143,B,57.58549170849737,71.52777777777779,42.91666666666667,54.651726700131235,False,False,43.38798432082014
ESE,ESCO Technologies Inc,Industrials,Industrial Machinery & Supplies & Components,265.69,21.8433,5.3277,24.5961,4.453701220329892,173.22,16.55,19.97,0.1542,18.17,0.4274351516590491,29.706,173.22,16.55,29.706,0.4274351516590491,19.97,0.1542,18.17,32.36292107204327,90.90195991508185,68.3665273338251,63.86691084431355,38.61236802413273,61.13613625334617,0.2570281124497992,0.9839357429718876,0.7068273092369478,0.6345381526104418,D+,A+,B,B-,escotechnologiesinc,0.0,0.8888888888888888,0.7678571428571428,9.0,0.0,0.0,0.0,0.21568627450980393,D+,59.99737305575945,76.78571428571428,46.07142857142856,54.55262178283227,True,False,32.36292107204327
PLAB,Photronics Inc,Information Technology,Semiconductor Materials & Equipment,31.27,11.0139,2.0976,4.6532,1.5356208042979704,60.21,1.25,13.459999999999999,0.22460000000000002,13.44,0.31210013908205836,31.3523,60.21,1.25,31.3523,0.31210013908205836,13.459999999999999,0.22460000000000002,13.44,91.50761761258998,44.34583933629413,63.24074074074074,28.42111219590382,60.0,58.24047989477227,0.9558011049723757,0.4088397790055249,0.6740331491712708,0.2154696132596685,A,C,B-,D+,photronicsinc,0.011111111111111183,0.9,0.7833333333333333,10.0,0.0,0.0,0.011111111111111183,0.6,C+,59.24047989477227,78.33333333333333,46.99999999999999,54.39204282766308,False,True,28.42111219590382
BAC,Bank of America Corp,Financials,Diversified Banks,54.96,11.408,2.32875,,1.307192651560378,25.82,99.36713,11.129999999999999,0.3273721,3.3000000000000003,0.46270609788013634,6.244,25.82,83.28401599999997,6.244,0.46270609788013634,11.129999999999999,0.3273721,3.3000000000000003,63.23529411764706,77.98175569992452,39.075630252100844,46.529723000311236,61.141304347826086,55.48002683248413,0.6428571428571429,0.9117647058823529,0.3907563025210084,0.4957983193277311,B-,A-,C-,C,bankofamericacorp,0.0,0.7931034482758621,0.7573529411764707,29.0,0.0,0.0,0.0,0.828125,B+,56.59415726726674,75.73529411764707,45.44117647058824,54.36356110793105,False,False,39.075630252100844
ENS,EnerSys,Industrials,Electrical Components & Equipment,182.1,18.5467,1.7234,11.5798,3.4849206850423986,6.65,3.73,18.48,0.1295,11.58,0.5406882292128193,59.4231,6.65,3.73,59.4231,0.5406882292128193,18.48,0.1295,11.58,70.69857661940279,30.665725749759368,58.33784116056061,77.0633320453827,39.746732026143796,58.80491600401926,0.8152610441767069,0.18072289156626506,0.5903614457831325,0.7751004016064257,B+,D,C+,B,enersys,0.0,0.7272727272727273,0.671875,11.0,0.0,0.0,0.0,0.2647058823529412,D+,57.779589206633645,67.1875,40.3125,54.28617136530692,False,False,30.665725749759368
AX,Axos Financial Inc,Financials,Regional Banks,86.29,10.0551,2.35138,,1.5460943603121933,14.77,78.88815,16.41,0.496028,11.600000000000001,0.3695299837925448,0.3087,14.77,78.88815,0.3087,0.3695299837925448,16.41,0.496028,11.600000000000001,66.17647058823529,64.52505151070716,64.07563025210085,23.735176313516064,87.08333333333333,55.215070774928684,0.6974789915966386,0.7521008403361344,0.6407563025210085,0.2184873949579832,B-,B,B-,D+,axosfinancialinc,0.009523809523809601,0.8666666666666667,0.7875000000000001,15.0,0.0,0.0,0.009523809523809601,0.875,B+,58.92340410826202,78.75000000000001,47.25000000000001,54.28237616106293,False,True,23.735176313516064
AR,Antero Resources Corp,Energy,Oil & Gas Exploration & Production,33.57,9.7417,1.7221,5.7624,1.3715980731437256,153.24,25.76,13.86,0.2409,11.04,0.26846846846846845,0.6743,153.24,25.76,0.6743,0.26846846846846845,13.86,0.2409,11.04,68.65671641791046,84.23714759535655,62.6865671641791,27.475953565505804,40.88669950738916,60.17844112769486,0.8059701492537313,0.9402985074626866,0.6119402985074627,0.22388059701492538,B+,A,B-,D+,anteroresourcescorp,0.0,0.7857142857142857,0.75,28.0,0.0,0.0,0.0,0.42857142857142855,C,59.26711107843378,75.0,45.0,54.26660070453799,False,True,27.475953565505804
SXI,Standex International Corp,Industrials,Industrial Machinery & Supplies & Components,272.22,32.8314,3.8529,17.4461,4.366873872067376,86.72,12.85,14.35,0.21710000000000002,8.39,0.43698562830119175,36.6724,86.72,12.85,36.6724,0.43698562830119175,14.35,0.21710000000000002,8.39,31.800672076059342,80.75741578826793,58.98150424828566,69.00804006017486,66.66666666666666,57.64863525077482,0.24497991967871485,0.9156626506024096,0.5943775100401606,0.7188755020080321,D+,A-,C+,B,standexinternationalcorp,0.011111111111111183,0.9,0.7833333333333333,10.0,0.0,0.0,0.011111111111111183,0.6666666666666666,B-,59.31530191744148,78.33333333333333,46.99999999999999,53.86692804778275,True,False,31.800672076059342
GATX,GATX Corp,Industrials,Construction Machinery & Heavy Transportation Equipment,175.86,16.8843,3.0287,15.4592,2.2633874619197223,15.6,22.81,13.350000000000001,0.2897,2.5700000000000003,0.4613710554951037,2.4241,15.6,22.81,2.4241,0.4613710554951037,13.350000000000001,0.28918,2.5700000000000003,54.20921782367566,73.80898305268053,51.16957626424064,52.85106813809861,41.0873440285205,56.67670876013491,0.5783132530120482,0.8554216867469879,0.4939759036144578,0.4939759036144578,C+,B+,C,C,gatxcorp,0.0,0.8181818181818182,0.734375,11.0,0.0,0.0,0.0,0.30392156862745096,C-,55.78544316298696,73.4375,44.0625,53.44085453038957,False,False,41.0873440285205
URI,United Rentals Inc,Industrials,Trading Companies & Distributors,1022.78,23.3744,3.6634,16.2339,7.19595138908921,7.67,6.88,29.18,0.25079999999999997,11.39,0.6725224565003454,10.203,7.67,6.88,10.203,0.6725224565003454,29.18,0.25079999999999997,11.39,44.68267628336475,43.21789383763005,76.6467229462066,61.36646652442555,43.91339869281046,56.249221879803954,0.41767068273092367,0.3373493975903614,0.8232931726907631,0.6184738955823293,C,C-,B+,B-,unitedrentalsinc,0.0,0.7777777777777778,0.7421875,27.0,0.0,0.0,0.0,0.5588235294117647,C+,55.640561749085,74.21875,44.53125,53.41869939926801,False,False,43.21789383763005
PLUS,ePlus inc,Information Technology,Technology Distributors,90.21,18.6201,0.95,9.6984,2.2193629018766545,6.85,13.54,11.78,0.0688,11.78,0.725510557286258,24.822,6.85,13.54,24.822,0.725510557286258,11.78,0.0688,11.78,88.32977565712372,42.943728656533125,45.555555555555564,47.7807957035711,39.77272727272727,56.61623767519067,0.9226519337016574,0.39779005524861877,0.43646408839779005,0.4143646408839779,A-,C-,C,C,eplusinc,0.0,0.8571428571428571,0.7291666666666667,7.0,0.0,0.0,0.0,0.4375,C,55.593510402463394,72.91666666666667,43.75,53.22480832197072,False,False,39.77272727272727
USFD,US Foods Holding Corp,Consumer Staples,Food Distributors,93.09,27.7189,0.5028,14.7222,4.765805384761095,39.02,3.83,16.75,0.031400000000000004,7.539999999999999,0.5587916716813095,22.3499,39.02,3.83,22.3499,0.5587916716813095,16.75,0.031400000000000004,7.539999999999999,56.666666666666664,67.6043956043956,39.52380952380952,74.17142857142858,28.76254180602007,57.40278388278388,0.6571428571428571,0.7428571428571429,0.34285714285714286,0.7571428571428571,B-,B,C-,B,usfoodsholdingcorp,-0.05335968379446643,0.7727272727272727,0.7314814814814814,22.0,0.0,0.0,-0.05335968379446643,0.23076923076923078,D+,55.27903806338588,73.14814814814814,43.88888888888888,53.00100822848649,False,False,28.76254180602007
VRTX,Vertex Pharmaceuticals Inc,Health Care,Biotechnology,527.12,30.2137,10.574,25.053,7.172676554633284,22.46,10.23,23.31,0.3795,23.28,0.8164847947709521,36.7942,22.46,10.23,36.7942,0.8164847947709521,23.31,0.3795,23.28,37.39661515820456,51.208709127743234,87.63796909492272,52.75468507820206,22.751322751322746,57.05132490447089,0.3708609271523179,0.5033112582781457,0.9271523178807947,0.5099337748344371,C-,C+,A-,C+,vertexpharmaceuticalsinc,-0.019444444444444375,0.8055555555555556,0.774390243902439,36.0,0.0,0.0,-0.019444444444444375,0.2,D,54.32645717960316,77.4390243902439,46.46341463414634,52.7538486705118,False,False,22.751322751322746
CSX,CSX Corp,Industrials,Rail Transportation,46.93,26.9192,5.9785,15.8272,6.635466447982354,6.36,2.52,24.07,0.34149999999999997,9.969999999999999,0.6668331668331668,37.489,6.36,2.52,37.489,0.6668331668331668,24.07,0.28918,9.969999999999999,34.38570608966478,32.3233171059258,73.75461027784608,83.42573488274304,77.62923351158646,55.184889489611486,0.28112449799196787,0.20481927710843373,0.7791164658634538,0.8473895582329317,D+,D+,B,B+,csxcorp,0.021428571428571352,0.7,0.6785714285714286,30.0,0.0,0.0,0.021428571428571352,0.7647058823529411,B,57.94781284077013,67.85714285714286,40.714285714285715,52.624211848856056,True,False,32.3233171059258
NTCT,Netscout Systems Inc,Information Technology,Communications Equipment,39.0,23.2757,3.1902,12.9435,1.689921137013606,63.1,5.79,7.42,0.1482,7.42,0.6872509960159362,52.7519,63.1,5.79,52.7519,0.6872509960159362,7.42,0.1482,7.42,73.50263686589653,50.022875111679646,41.48148148148149,63.63261030206088,38.541666666666664,56.477126669592614,0.7955801104972375,0.5027624309392266,0.3756906077348066,0.6132596685082873,B,C+,C-,B-,netscoutsystemsinc,0.0,0.7777777777777778,0.6964285714285714,9.0,0.0,0.0,0.0,0.375,C-,55.33129333625928,69.64285714285714,41.785714285714285,52.62217752615028,False,False,38.541666666666664
PLMR,Palomar Holdings Inc,Financials,Property & Casualty Insurance,123.09,15.9454,2.9913,14.1968,3.462944051045298,30.94,60.67,21.61,0.2408,18.66,0.47596555429513837,6.7777,30.94,60.67,6.7777,0.47596555429513837,21.61,0.2408,18.66,28.361344537815125,72.62082625842702,77.31092436974791,58.495593359294936,56.793478260869556,57.64135115043515,0.24369747899159663,0.8739495798319328,0.773109243697479,0.6050420168067226,D+,B+,B,B-,palomarholdingsinc,0.0,0.8,0.7375,15.0,0.0,0.0,0.0,0.328125,C-,58.3206989765221,73.75,44.25,52.5563155944849,True,False,28.361344537815125
CSCO,Cisco Systems Inc,Information Technology,Communications Equipment,106.94,31.7796,6.658,27.262,8.391860820980437,30.78,11.77,27.389999999999997,0.2427,16.97,0.6314156423666836,58.792,30.78,11.77,58.792,0.6314156423666836,27.389999999999997,0.2427,16.97,48.915955131424745,53.3689548253637,73.98148148148148,60.89946494354401,20.833333333333336,58.5780431070081,0.5082872928176796,0.5469613259668509,0.7513812154696132,0.5966850828729282,C+,C+,B,C+,ciscosystemsinc,-0.011255411255411296,0.6857142857142857,0.66875,35.0,0.0,0.0,-0.011255411255411296,0.15,D,55.661376440341435,66.875,40.125,52.55410115227315,False,False,20.833333333333336
AVY,Avery Dennison Corp,Materials,Paper & Plastic Packaging Products & Materials,170.78,18.4874,1.4091,14.1921,5.855729205955165,2.32,5.84,31.069999999999997,0.1026,11.72,0.38964346349745355,6.93,2.32,5.84,6.93,0.38964346349745355,31.069999999999997,0.1026,11.72,53.921568627450974,44.147058823529406,75.49019607843138,43.529411764705884,52.38095238095239,54.88823529411765,0.6176470588235294,0.36764705882352944,0.8382352941176471,0.39705882352941174,B-,C-,B+,C-,averydennisoncorp,0.0,0.7058823529411765,0.6704545454545455,17.0,0.0,0.0,0.0,0.6666666666666666,B-,55.12633053221289,67.04545454545455,40.22727272727273,52.146518971224864,False,False,43.529411764705884
CIEN,Ciena Corp,Information Technology,Communications Equipment,354.92,76.0635,8.2673,67.4069,18.337664753264065,362.8,32.57,22.82,0.1215,13.55,0.4341296381585535,142.5069,362.8,32.57,142.5069,0.4341296381585535,22.82,0.1215,13.55,23.734932194876944,89.76242196573614,62.31481481481482,63.97653885468505,81.25,57.260228916507174,0.18232044198895028,0.9723756906077348,0.6574585635359116,0.6187845303867403,D,A+,B-,B-,cienacorp,0.038461538461538436,0.7307692307692307,0.7016129032258065,26.0,0.0,0.0,0.038461538461538436,0.8,B,60.385228916507174,70.16129032258065,42.09677419354839,51.971513724822515,True,False,23.734932194876944
PGNY,Progyny Inc,Health Care,Health Care Services,24.81,24.0524,1.4429,14.7506,4.0080127946236725,58.09,5.54,15.98,0.0855,15.98,0.5134099616858238,18.9189,58.09,5.54,18.9189,0.5134099616858238,15.98,0.0855,15.98,71.23767476085357,47.07312215282189,60.9271523178808,41.91568405750282,20.105820105820104,55.838968011748534,0.7880794701986755,0.44370860927152317,0.5993377483443708,0.39072847682119205,B,C,C+,C-,progynyinc,-0.04901960784313719,0.8333333333333334,0.7717391304347826,18.0,0.0,0.0,-0.04901960784313719,0.17142857142857143,D,52.84955002233055,77.17391304347827,46.30434782608696,51.54050958308183,False,False,20.105820105820104
TTEK,Tetra Tech Inc,Industrials,Construction & Engineering,33.42,20.0499,2.0055,13.8125,4.908786463382392,106.14,-5.22,23.75,0.1414,16.42,0.43912290825158695,1.6802,106.14,-5.22,1.6802,0.43912290825158695,23.75,0.1414,16.42,60.570991448788355,44.63594481451624,67.98240581373112,45.91349069748381,37.66339869281046,55.24823641802988,0.6506024096385542,0.37349397590361444,0.6987951807228916,0.40963855421686746,B-,C-,B-,C,tetratechinc,0.0,0.7333333333333333,0.6875,15.0,0.0,0.0,0.0,0.17647058823529413,D,54.01457628731093,68.75,41.25,51.46166102984875,False,False,37.66339869281046
PNC,PNC Financial Services Group Inc,Financials,Diversified Banks,221.69,11.6943,2.34179,,1.4285861578771684,22.76,72.26733,12.34,0.345423,7.13,0.545930799220273,10.0089,22.76,72.26733,10.0089,0.545930799220273,12.34,0.345423,7.13,58.61344537815126,65.74295994896853,47.89915966386555,59.67631497043262,23.3695652173913,56.71200624438444,0.5966386554621849,0.7647058823529411,0.4789915966386555,0.6218487394957983,C+,B,C,B-,pncfinancialservicesgroupinc,-0.03703703703703698,0.7037037037037037,0.6796875,27.0,0.0,0.0,-0.03703703703703698,0.21875,D+,54.04896276612357,67.96875,40.78125,51.39542021289886,False,False,23.3695652173913
RGLD,Royal Gold Inc,Materials,Gold,241.69,27.4956,13.1156,16.3999,2.8534795118305643,34.26,93.51,11.55,0.6142,10.459999999999999,0.5300283904782703,22.1697,34.26,46.40449999999998,22.1697,0.5300283904782703,11.55,0.44605999999999996,10.459999999999999,27.941176470588232,75.70332480818414,74.26470588235294,65.98465473145781,52.17391304347826,58.88906649616368,0.16911764705882354,0.8529411764705882,0.7941176470588235,0.7058823529411765,D,B+,B,B,royalgoldinc,0.0,0.8095238095238095,0.7596153846153846,21.0,0.0,0.0,0.0,0.5333333333333333,C+,59.10645780051151,75.96153846153845,45.57692307692307,51.29961868280659,True,False,27.941176470588232
AIT,Applied Industrial Technologies Inc,Industrials,Trading Companies & Distributors,336.15,30.1218,2.514,21.9371,6.644817082210709,8.18,8.84,22.17,0.1106,17.919999999999998,0.7167668181151984,29.0671,8.18,8.84,29.0671,0.7167668181151984,22.17,0.1106,17.919999999999998,36.00797748818403,50.839219733228944,64.77174002130972,72.89661608910957,43.91339869281046,54.942096541841146,0.3132530120481928,0.4819277108433735,0.6706827309236948,0.7550200803212851,C-,C,B-,B,appliedindustrialtechnologiesinc,0.0,0.7692307692307693,0.7083333333333334,13.0,0.0,0.0,0.0,0.5588235294117647,C+,54.33343641112219,70.83333333333334,42.50000000000001,51.01193837683066,True,False,36.00797748818403
MKSI,MKS Incorporated,Information Technology,Semiconductor Materials & Equipment,266.02,40.456,4.0949,22.9953,6.574677531369481,58.58,16.23,15.83,0.1537,6.370000000000001,0.4454961832061068,112.1172,58.58,16.23,112.1172,0.4454961832061068,15.83,0.1537,6.370000000000001,54.871923656454044,63.35834070887195,50.0,53.92229454775244,22.000000000000004,54.67410796543839,0.6022099447513812,0.6685082872928176,0.5,0.4861878453038674,B-,B-,C,C,mksincorporated,-0.0071428571428571175,0.85,0.79,20.0,0.0,0.0,-0.0071428571428571175,0.175,D,51.87410796543839,79.0,47.4,50.979286372350714,False,False,22.000000000000004
COHR,Coherent Corp,Information Technology,Electronic Components,292.21,71.108,8.0417,46.3456,5.24611178036743,1617.2,22.51,8.37,0.1458,6.25,0.5591253505160789,163.9966,703.5419999999999,22.51,163.9966,0.5591253505160789,8.37,0.1458,6.25,28.243763602879625,88.0451538884161,40.92592592592593,76.55853575727646,56.81818181818181,55.213160311339905,0.24861878453038674,0.9502762430939227,0.36464088397790057,0.8121546961325967,D+,A,C-,B+,coherentcorp,0.007526881720430034,0.7741935483870968,0.7430555555555556,31.0,0.0,0.0,0.007526881720430034,0.575,C+,55.894978493158085,74.30555555555556,44.583333333333336,50.91397786557741,True,False,28.243763602879625
WTFC,Wintrust Financial Corp,Financials,Regional Banks,143.51,10.898,2.29791,,1.324142181738999,20.25,79.30369,12.33,0.38857909999999996,10.85,0.5020481041907361,7.4455,20.25,79.30369,7.4455,0.5020481041907361,12.33,0.38857909999999996,10.85,65.7563025210084,69.77243652704088,47.47899159663865,42.04665043587528,22.5,55.672640921995,0.6848739495798319,0.8277310924369747,0.47478991596638653,0.4369747899159664,B-,B+,C,C,wintrustfinancialcorp,-0.03947368421052633,0.75,0.7100000000000001,20.0,0.0,0.0,-0.03947368421052633,0.1875,D,52.922640921995,71.00000000000001,42.60000000000001,50.858112737596,False,False,22.5
SNDK,Sandisk Corp,Information Technology,"Technology Hardware, Storage & Peripherals",1728.59,21.9365,12.3864,19.6234,16.038014191766994,,175.3,93.13,0.6119,89.56,0.7230973451327433,1663.6841,,54.72500000000002,246.60214999999985,0.7230973451327433,93.13,0.4317149999999999,61.4965,54.045287125397614,73.41760299625469,96.1111111111111,81.00301449633218,22.916666666666664,73.42322305764456,0.5911602209944752,0.8011049723756906,0.988950276243094,0.8453038674033149,C+,B+,A+,B+,sandiskcorp,-0.018181818181818188,0.8484848484848485,0.8092105263157896,33.0,7.25,14.122643948791481,-0.018181818181818188,0.2,D,70.71488972431123,80.92105263157896,54.20168915846397,50.55918720835634,False,False,22.916666666666664
STRA,Strategic Education Inc,Consumer Discretionary,Education Services,75.93,12.5545,1.3128,6.8764,1.0592927724508545,24.75,3.53,8.19,0.1401,8.19,0.31103344982526226,-10.7676,24.75,3.53,-10.7676,0.31103344982526226,8.19,0.1401,8.19,68.87596899224806,51.47167487684729,44.700602079912414,58.06896551724138,52.083333333333336,55.30227084685785,0.7428571428571429,0.5028571428571429,0.4114285714285714,0.5828571428571429,B,C+,C,C+,strategiceducationinc,0.0,0.7777777777777778,0.6964285714285714,9.0,0.0,0.0,0.0,0.42,C,55.51060418019119,69.64285714285714,41.785714285714285,50.0,False,False,44.700602079912414
ADUS,Addus Homecare Corp,Health Care,Health Care Services,112.96,19.8383,1.415,12.4357,1.9273819273819275,25.89,15.88,9.569999999999999,0.10039999999999999,8.73,0.6853932584269662,-4.6276,25.89,15.88,-4.6276,0.6853932584269662,9.569999999999999,0.10039999999999999,8.73,77.6644591611479,61.14830364556198,49.44812362030905,35.083185268938784,48.94179894179894,56.02444347826439,0.8410596026490066,0.6490066225165563,0.46357615894039733,0.304635761589404,B+,B-,C,C-,addushomecarecorp,0.0,0.85,0.79,20.0,0.0,0.0,0.0,0.44285714285714284,C,55.91862337244428,79.0,47.4,50.0,False,False,35.083185268938784
CBRE,CBRE Group Inc,Real Estate,Real Estate Services,130.84,29.0132,0.8649,16.3834,4.358355123998601,22.19,14.53,15.160000000000002,0.0453,7.89,0.1740205401293268,-17.5,22.19,14.53,-17.5,0.1740205401293268,15.160000000000002,0.0453,7.89,60.0,57.336956521739125,60.0,41.66666666666667,75.0,54.800724637681164,0.8,0.6,0.7,0.4,B,C+,B-,C-,cbregroupinc,0.0,0.9,0.8300000000000001,20.0,90.0,84.89281911636292,0.0,0.75,B,57.300724637681164,83.0,83.75712764654517,50.0,False,False,41.66666666666667
ALLY,Ally Financial Inc,Financials,Consumer Finance,37.81,7.9899,0.88959,,0.7526205367273249,325.79,37.40411,9.42,0.158682,4.3999999999999995,0.16622691292876,-4.9054,185.31,37.40411,-4.9054,0.16622691292876,9.42,0.158682,4.3999999999999995,93.48739495798318,83.80834711306815,27.73109243697479,26.030048382989563,60.25,57.27230094795104,0.9789915966386554,0.9621848739495799,0.2773109243697479,0.2605042016806723,A+,A,D+,D+,allyfinancialinc,0.0,0.7916666666666666,0.75,24.0,0.0,0.0,0.0,0.734375,B,58.29730094795104,75.0,45.0,50.0,False,True,26.030048382989563
BCO,Brinks Co,Industrials,Security & Alarm Services,103.12,23.5207,0.7762,7.7443,15.261888199860879,16.02,8.12,64.68,0.10289999999999999,4.08,0.2663283318623126,-10.4701,16.02,8.12,-10.4701,0.2663283318623126,64.68,0.10289999999999999,4.08,78.81594404830206,57.57886166049432,52.55744064694151,32.846409935173156,43.04388422035481,55.92840049294439,0.8594377510040161,0.6385542168674698,0.5140562248995983,0.285140562248996,B+,B-,C+,D+,brinksco,0.0,0.8571428571428571,0.7291666666666667,7.0,0.0,0.0,0.0,0.4215686274509804,C,55.23278891497987,72.91666666666667,43.75,50.0,False,True,32.846409935173156
FSS,Federal Signal Corp,Industrials,Construction Machinery & Heavy Transportation Equipment,114.26,24.4423,2.8497,17.6193,5.035055017208025,29.03,23.97,20.22,0.16149999999999998,15.370000000000001,0.39234808702175566,-5.9146,29.03,23.97,-5.9146,0.39234808702175566,20.22,0.16149999999999998,15.370000000000001,43.44288719503866,83.35036717389659,67.126738245499,38.484212962293356,85.73975044563281,57.0093223873724,0.3895582329317269,0.9236947791164659,0.6907630522088354,0.3534136546184739,C-,A-,B-,C-,federalsignalcorp,0.022727272727272707,0.75,0.6911764705882353,12.0,0.0,0.0,0.022727272727272707,0.8431372549019608,B+,60.583297431935684,69.11764705882352,41.47058823529411,50.0,False,False,38.484212962293356
CCL,Carnival Corp,Consumer Discretionary,"Hotels, Resorts & Cruise Lines",25.11,11.0291,1.239,7.8755,2.681890032896142,21.77,5.16,24.44,0.1578,7.99,0.2909379968203497,-27.6943,21.77,5.16,-27.6943,0.2909379968203497,24.44,0.1578,7.99,68.45182724252491,61.48809523809524,57.33223864258347,30.920634920634924,26.363636363636367,54.927762503023125,0.7371428571428571,0.6685714285714286,0.5485714285714286,0.30857142857142855,B,B-,C+,C-,carnivalcorp,-0.025568181818181768,0.8181818181818182,0.7828947368421053,33.0,0.0,0.0,-0.025568181818181768,0.2,D,52.56412613938676,78.28947368421053,46.97368421052632,50.0,False,False,26.363636363636367
CVSA,Covista Inc,Consumer Discretionary,Education Services,119.45,16.2579,2.093,,2.811011540561402,13.69,9.27,17.82,0.1962,12.790000000000001,0.4687545100303075,-22.7822,13.69,9.27,-22.7822,0.4687545100303075,17.82,0.1962,12.790000000000001,44.666666666666664,63.76231527093596,63.05856595511768,52.07881773399015,52.083333333333336,55.09953475643131,0.44,0.7028571428571428,0.64,0.52,C,B,B-,C+,covistainc,0.0,0.9,0.7833333333333333,10.0,0.0,0.0,0.0,0.42,C,55.307868089764646,78.33333333333333,46.99999999999999,50.0,False,False,44.666666666666664
BKNG,Booking Holdings Inc,Consumer Discretionary,"Hotels, Resorts & Cruise Lines",162.34,16.9412,4.3245,12.6936,55.23647499149371,57.21,12.85,139.63,0.3287,29.37,0.16297087897408516,-26.1581,57.21,12.85,-26.1581,0.16297087897408516,139.63,0.2860499999999996,29.37,31.83831672203765,87.71825396825398,92.91625615763547,24.460317460317462,74.54545454545455,58.62435750563257,0.26857142857142857,0.9314285714285714,0.9942857142857143,0.22285714285714286,D+,A,A+,D+,bookingholdingsinc,0.0037002775208140326,0.8297872340425532,0.8028846153846154,47.0,7.25,14.122643948791481,0.0037002775208140326,0.72,B,61.07890296017802,80.28846153846155,53.82213450259352,50.0,True,True,24.460317460317462
KTB,Kontoor Brands Inc,Consumer Discretionary,"Apparel, Accessories & Luxury Goods",64.29,13.0738,1.1415,10.9776,6.287038666901368,7.16,15.78,45.96,0.1191,15.079999999999998,0.24717729630759872,-19.3616,7.16,15.78,-19.3616,0.24717729630759872,45.96,0.1191,15.079999999999998,58.397563676633446,72.86453201970443,65.03010399562123,38.32380952380952,47.82608695652174,58.094585226766455,0.6285714285714286,0.8057142857142857,0.6742857142857143,0.37142857142857144,B-,B+,B-,C-,kontoorbrandsinc,0.0,0.7142857142857143,0.6710526315789473,14.0,0.0,0.0,0.0,0.32,C-,57.87719392241863,67.10526315789474,40.26315789473684,50.0,False,False,38.32380952380952
BR,Broadridge Financial Solutions Inc,Industrials,Data Processing & Outsourced Services,160.95,16.4039,2.4665,14.8043,6.465205585102109,35.62,8.53,40.239999999999995,0.174,18.65,0.2585248667766137,-30.9661,35.62,8.53,-30.9661,0.2585248667766137,40.239999999999995,0.174,18.65,60.81250170751031,69.1178145758891,80.02568095511297,29.10940906483075,41.0873440285205,59.854990393799795,0.6546184738955824,0.8072289156626506,0.8473895582329317,0.24899598393574296,B-,B+,B+,D+,broadridgefinancialsolutionsinc,0.0,0.7222222222222222,0.6847826086956522,18.0,0.0,0.0,0.0,0.30392156862745096,C-,58.963724796651846,68.47826086956522,41.08695652173913,50.0,False,True,29.10940906483075
AWI,Armstrong World Industries Inc,Industrials,Building Products,163.09,22.1823,4.1253,13.3471,7.770927041244186,8.16,8.57,35.36,0.2579,22.919999999999998,0.22956989247311826,-15.0686,8.16,8.57,-15.0686,0.22956989247311826,35.36,0.2579,22.919999999999998,50.14233805972189,57.26264391804932,87.66275988306968,32.8493156298664,82.74509803921568,57.47366639528104,0.5261044176706827,0.6265060240963856,0.9598393574297188,0.2891566265060241,C+,B-,A,D+,armstrongworldindustriesinc,0.02083333333333337,0.6875,0.6547619047619047,16.0,0.0,0.0,0.02083333333333337,0.803921568627451,B+,60.74817619920261,65.47619047619047,39.28571428571428,50.0,False,True,32.8493156298664
WMG,Warner Music Group Corp,Communication Services,Movies & Entertainment,27.68,21.8067,2.0063,13.2951,22.349616471538152,123.91,12.91,90.84,0.136,12.72,0.3592715231788079,-18.4985,123.91,12.91,-18.4985,0.3592715231788079,85.65150000000006,0.136,12.72,44.256518675123324,82.80192152285176,72.72727272727273,35.39837398373984,52.38095238095239,57.88600695191734,0.4318181818181818,0.9318181818181818,0.8409090909090909,0.29545454545454547,C,A,B+,D+,warnermusicgroupcorp,0.0,0.782608695652174,0.7410714285714286,23.0,0.0,0.0,0.0,0.5,C,58.12410219001258,74.10714285714286,44.464285714285715,50.0,False,True,35.39837398373984
QNST,QuinStreet Inc,Communication Services,Interactive Media & Services,14.49,9.8628,0.6193,12.6875,2.5763206087868715,1687.12,18.29,27.66,0.0274,24.72,0.3500000000000001,-12.1212,431.6479999999967,18.29,-12.1212,0.3500000000000001,27.66,0.0274,24.72,70.7892882311487,86.20542584055013,59.84848484848485,42.93425666007668,100.0,63.487379770033755,0.7727272727272727,0.9545454545454546,0.5795454545454546,0.4090909090909091,B,A,C+,C,quinstreetinc,0.08333333333333326,0.9166666666666666,0.8088235294117647,12.0,7.25,14.122643948791481,0.07010869565217387,1.0,A+,68.48737977003375,80.88235294117648,54.17846934422248,50.0,False,False,42.93425666007668
PRDO,Perdoceo Education Corp,Consumer Discretionary,Education Services,30.34,10.6574,2.1985,6.9557,1.9493703418144435,20.02,11.68,17.7,0.24559999999999998,17.51,0.3108108108108108,-18.8919,20.02,11.68,-18.8919,0.3108108108108108,17.7,0.24559999999999998,17.51,64.11074197120708,72.78940886699507,69.55555555555556,51.15270935960591,80.0,63.20499802701085,0.68,0.8,0.7485714285714286,0.5085714285714286,B-,B,B,C+,perdoceoeducationcorp,0.017857142857142905,0.875,0.7500000000000001,8.0,0.0,0.0,0.017857142857142905,0.8,B,66.20499802701084,75.00000000000001,45.00000000000001,50.0,False,False,51.15270935960591
FAF,First American Financial Corp,Financials,Property & Casualty Insurance,64.03,8.8685,0.8277,4.5856,1.1875726815624843,298.96,22.52,13.600000000000001,0.1519,9.26,0.3307998766365721,-0.4001,185.31,22.52,-0.4001,0.3307998766365721,13.600000000000001,0.1519,9.26,78.15126050420167,82.93754642022202,54.621848739495796,41.807747489239595,94.56521739130434,63.142336092816684,0.8991596638655462,0.9453781512605042,0.5462184873949579,0.42857142857142855,B+,A,C+,C,firstamericanfinancialcorp,0.018181818181818188,0.8181818181818182,0.734375,11.0,0.0,0.0,0.018181818181818188,0.9375,A,67.59885783194711,73.4375,44.0625,50.0,False,False,41.807747489239595
EHC,Encompass Health Corp,Health Care,Health Care Facilities,123.56,19.6242,1.9637,10.0767,5.06750660301524,20.08,9.47,25.009999999999998,0.1794,12.379999999999999,0.8742191936399775,-2.1152,20.08,9.47,-2.1152,0.8742191936399775,25.009999999999998,0.1794,12.379999999999999,78.34437086092716,53.285938069654605,71.96467991169978,47.93377483443709,55.952380952380956,62.821205273975075,0.8675496688741722,0.5298013245033113,0.7284768211920529,0.44370860927152317,B+,C+,B,C,encompasshealthcorp,0.0032679738562091387,0.9444444444444444,0.8586956521739131,18.0,90.0,84.89281911636292,0.0032679738562091387,0.5714285714285714,C+,63.41644336921317,85.86956521739131,85.47886677697996,50.0,False,False,47.93377483443709
MSFT,Microsoft Corp,Information Technology,Systems Software,508.96,27.9164,11.2518,19.7308,8.544658161629286,31.56,17.79,33.22,0.4673,26.5,0.7811460981811068,-0.438,31.56,17.79,-0.438,0.7811460981811068,33.22,0.4317149999999999,26.5,52.382596685082866,57.42864914319273,87.22222222222221,52.023827895922715,47.82608695652174,61.79170013464936,0.56353591160221,0.5966850828729282,0.9060773480662984,0.46408839779005523,C+,C+,A-,C,microsoftcorp,0.0010656436487638254,0.927536231884058,0.9020270270270271,69.0,90.0,84.89281911636292,0.0010656436487638254,0.5,C,61.57430883030153,90.20270270270271,88.07874926816679,50.0,False,False,47.82608695652174
ATMU,Atmus Filtration Technologies Inc,Industrials,Industrial Machinery & Supplies & Components,43.94,16.6681,1.8873,12.4624,9.46228223184099,15.91,13.05,54.67999999999999,0.1716,18.22,0.05606694560669441,-2.1551,15.91,13.05,-2.1551,0.05606694560669441,54.67999999999999,0.1716,18.22,69.05280987897167,68.17150470786338,81.39059639920225,24.891196708419514,73.52941176470588,61.22339185280006,0.7951807228915663,0.7911646586345381,0.8795180722891566,0.22088353413654618,B,B,B+,D+,atmusfiltrationtechnologiesinc,0.015151515151515138,0.8333333333333334,0.75,12.0,0.0,0.0,0.015151515151515138,0.7254901960784313,B,63.57633302927065,75.0,45.0,50.0,False,True,24.891196708419514
ULTA,Ulta Beauty Inc,Consumer Discretionary,Other Specialty Retail,546.59,19.4632,1.8178,12.2675,8.611066036710344,5.21,11.16,45.4,0.1246,41.160000000000004,0.3795187382540443,-0.5199,5.21,11.16,-0.5199,0.3795187382540443,45.4,0.1246,41.160000000000004,39.10299003322259,66.97857142857143,77.28188286808977,70.01142857142858,52.38095238095239,61.4942182253281,0.3942857142857143,0.7371428571428571,0.8342857142857143,0.7142857142857143,C-,B,B+,B,ultabeautyinc,0.0,0.7352941176470589,0.7115384615384616,34.0,0.0,0.0,0.0,0.58,C+,61.73231346342334,71.15384615384616,42.69230769230769,50.0,False,False,39.10299003322259
NLY,Annaly Capital Management Inc,Financials,Mortgage REITs,20.32,5.1703,1.8113,45.6917,0.8927904534690093,231.09,50.87,18.39,0.35240000000000005,2.22,0.07079646017699122,-3.2795,185.31,50.87,-3.2795,0.07079646017699122,18.39,0.35240000000000005,2.22,94.9579831932773,88.51509254569527,69.74789915966386,32.91925465838509,59.82142857142857,70.46334002905137,0.9831932773109243,0.9873949579831933,0.6974789915966386,0.3319327731092437,A+,A+,B-,C-,annalycapitalmanagementinc,0.0,0.7058823529411765,0.6704545454545455,17.0,0.0,0.0,0.0,0.59375,C+,71.44548288619423,67.04545454545455,40.22727272727273,50.0,False,False,32.91925465838509
COR,Cencora Inc,Health Care,Health Care Distributors,307.6,22.2402,0.1754,16.4923,39.55863062321562,38.37,5.09,106.43,0.91,21.19,0.473025919228451,-1.0391,38.37,5.09,-1.0391,0.473025919228451,106.43,0.38915,21.19,78.72847682119205,49.08020603384841,93.92935982339957,27.78697571743929,26.08695652173913,63.537895511405445,0.8807947019867549,0.4768211920529801,0.9801324503311258,0.2119205298013245,B+,C,A+,D+,cencorainc,-0.0357142857142857,0.7142857142857143,0.6826923076923077,21.0,0.0,0.0,-0.0357142857142857,0.2571428571428571,D+,61.14659116357936,68.26923076923077,40.96153846153846,50.0,False,True,26.08695652173913
EXLS,Exlservice Holdings Inc,Industrials,Data Processing & Outsourced Services,34.58,20.7983,2.324,13.8638,5.926713056593425,10.07,13.63,28.49,0.149,20.14,0.49974319465844874,-20.9143,10.07,13.63,-20.9143,0.49974319465844874,28.49,0.149,20.14,57.75100401606426,61.528853609598954,74.36384995765376,45.21367101057291,94.6524064171123,59.37721841746387,0.6184738955823293,0.7068273092369478,0.7951807228915663,0.40160642570281124,B-,B,B,C,exlserviceholdingsinc,0.0625,0.9375,0.8452380952380951,16.0,7.25,14.122643948791481,0.0625,0.9411764705882353,A,63.842459059175106,84.52380952380952,56.3633432938023,50.0,False,False,45.21367101057291
CRM,Salesforce Inc,Information Technology,Application Software,225.31,19.058,4.1909,22.9091,3.539159938424806,59.27,11.23,20.150000000000002,0.18780000000000002,13.18,0.643293427803567,-6.6385,59.27,11.23,-6.6385,0.643293427803567,20.150000000000002,0.18780000000000002,13.18,63.90109660137284,54.52038493035243,66.85185185185185,60.72904513513792,23.999999999999996,60.73812312640425,0.6961325966850829,0.574585635359116,0.7016574585635359,0.5911602209944752,B-,C+,B,C+,salesforceinc,-0.012857977790765585,0.7457627118644068,0.73046875,59.0,0.0,0.0,-0.012857977790765585,0.225,D+,58.138123126404246,73.046875,43.828125,50.0,False,False,23.999999999999996
PRGS,Progress Software Corp,Information Technology,Systems Software,39.29,17.9907,1.596,10.0367,3.4772988760067265,60.3,15.5,18.16,0.17329999999999998,4.8,0.6569002123142251,-6.2113,60.3,15.5,-6.2113,0.6569002123142251,18.16,0.17329999999999998,4.8,85.16762933199396,60.55791589829369,52.40740740740741,43.345763571079175,91.30434782608697,60.17449507872492,0.8950276243093923,0.6243093922651933,0.5359116022099447,0.3701657458563536,B+,B-,C+,C-,progresssoftwarecorp,0.07051282051282048,0.9166666666666666,0.8088235294117647,12.0,7.25,14.122643948791481,0.07051282051282048,0.9,B+,64.30492986133362,80.88235294117648,54.17846934422248,50.0,False,False,43.345763571079175
APOG,Apogee Enterprises Inc,Industrials,Building Products,35.84,11.113,0.5423,6.6241,1.4860208722909354,35.74,1.79,13.43,0.0688,9.02,0.2528363369031773,-19.6779,35.74,1.79,-19.6779,0.2528363369031773,13.43,0.0688,9.02,94.49826516952163,61.02927803700004,39.315903068054524,29.942176870748302,42.15686274509804,56.64783304094371,0.9919678714859438,0.7028112449799196,0.3534136546184739,0.26104417670682734,A+,B,C-,D+,apogeeenterprisesinc,0.0,0.75,0.6730769230769231,8.0,0.0,0.0,0.0,0.3627450980392157,C-,55.863519315453516,67.3076923076923,40.38461538461538,50.0,False,True,29.942176870748302
SMP,Standard Motor Products Inc,Consumer Discretionary,Automotive Parts & Equipment,37.96,16.4474,0.457,6.7572,1.2295772275560048,26.88,11.32,7.359999999999999,0.0839,3.9,0.3145780051150894,-7.9767,26.88,11.32,-7.9767,0.3145780051150894,7.359999999999999,0.0839,3.9,74.40974529346623,79.83630952380952,27.507389162561577,53.80357142857143,50.0,57.20725980448314,0.8342857142857143,0.88,0.22285714285714286,0.5314285714285715,B+,B+,D+,C+,standardmotorproductsinc,0.0,0.8571428571428571,0.7291666666666667,7.0,0.0,0.0,0.0,0.36,C-,57.20725980448314,72.91666666666667,43.75,50.0,False,False,27.507389162561577
SR,Spire Inc,Utilities,Gas Utilities,77.25,8.2921,1.7934,13.691,1.3447060359458636,89.9,4.12,15.879999999999999,0.20629999999999998,5.55,0.07194244604316573,-4.5466,89.9,4.12,-4.5466,0.07194244604316573,15.879999999999999,0.20629999999999998,5.55,68.96551724137932,61.14587896614306,69.54022988505747,43.495838287752676,100.0,60.55478023238834,0.75,0.6724137931034483,0.7327586206896551,0.46551724137931033,B,B-,B,C,spireinc,0.03801169590643272,0.7222222222222222,0.6847826086956522,18.0,0.0,0.0,0.03801169590643272,1.0,A+,65.55478023238834,68.47826086956522,41.08695652173913,50.0,False,False,43.495838287752676
LQDT,Liquidity Services Inc,Industrials,Diversified Support Services,43.31,40.8755,2.7766,20.8508,6.537062472642749,23.68,5.18,15.18,0.09,15.18,0.9652096342551293,58.7179,23.68,5.18,58.7179,0.8519822669338312,15.18,0.09,15.18,28.252329044067423,54.614662203947915,52.315930388219535,94.77762627504453,45.632798573975045,55.02052255387022,0.20481927710843373,0.5582329317269076,0.5100401606425703,0.9759036144578314,D+,C+,C+,A+,liquidityservicesinc,0.0,0.875,0.7500000000000001,8.0,0.0,0.0,0.0,0.5980392156862745,C+,54.583802411267726,75.00000000000001,45.00000000000001,48.84392231910683,True,False,28.252329044067423
TRGP,Targa Resources Corp,Energy,Oil & Gas Storage & Transportation,274.52,26.2346,3.5534,14.3812,19.20821729943044,40.38,-1.97,72.17,0.2291,10.530000000000001,0.7959706959706959,59.2686,40.38,-1.97,59.2686,0.7959706959706959,36.65899999999999,0.2291,10.530000000000001,26.368159203980102,43.80597014925373,76.36815920398011,80.19900497512438,40.683229813664596,55.48507462686568,0.1791044776119403,0.373134328358209,0.8656716417910447,0.8208955223880597,D,C-,B+,B+,targaresourcescorp,0.0,0.8387096774193549,0.7986111111111112,31.0,0.0,0.0,0.0,0.17857142857142858,D,54.55339760823214,79.86111111111111,47.916666666666664,48.678004488888654,True,False,26.368159203980102
WDFC,WD-40 Co,Consumer Staples,Household Products,202.31,28.351,3.7494,21.5138,10.206027463602151,3.51,10.15,33.050000000000004,0.1748,24.45,0.21802313814069096,2.4417,3.51,10.15,2.4417,0.21802313814069096,33.050000000000004,0.1748,24.45,22.857142857142858,70.09925558312655,86.1904761904762,43.41013824884793,59.26573426573426,54.963783528299665,0.16428571428571428,0.8142857142857143,0.9142857142857143,0.4,D,B+,A-,C-,wd40co,0.0,0.8181818181818182,0.734375,11.0,0.0,0.0,0.0,0.5,C,55.89035695487309,73.4375,44.0625,48.554626904393615,True,False,22.857142857142858
HAS,Hasbro Inc,Consumer Discretionary,Leisure Products,88.26,15.671,2.5023,12.3342,23.008941838942622,,16.99,138.2,0.2339,19.84,0.5005336179295625,18.3358,,16.99,18.3358,0.5005336179295625,138.2,0.2339,19.84,40.80730897009966,71.73469387755102,84.88669950738915,79.55102040816327,52.38095238095239,66.68064497651507,0.4114285714285714,0.7885714285714286,0.9314285714285714,0.7828571428571428,C,B,A,B,hasbroinc,0.0,0.8,0.7500000000000001,20.0,0.0,0.0,0.0,0.58,C+,66.91874021461031,75.00000000000001,45.00000000000001,46.90124412876619,False,False,40.80730897009966
MTRN,Materion Corp,Materials,Diversified Metals & Mining,268.56,61.5422,2.6431,43.9039,5.903455552624638,460.64,21.6,9.41,0.0599,6.29,0.8152536287633996,119.367,450.345,21.6,72.80007499999998,0.8127889148801114,9.41,0.0599,6.29,20.588235294117645,91.44597232832527,39.21568627450981,97.9946524064171,52.38095238095239,57.839105339105345,0.04411764705882353,0.9705882352941176,0.3382352941176471,1.0,F,A+,C-,A+,materioncorp,0.0,0.8,0.7166666666666667,10.0,0.0,0.0,0.0,0.6666666666666666,B-,58.077200577200585,71.66666666666667,43.0,46.640550038197105,True,False,20.588235294117645
BCPC,Balchem Corp,Materials,Specialty Chemicals,167.15,32.6644,4.9457,20.2483,4.261541089516583,16.69,10.14,12.790000000000001,0.20420000000000002,11.360000000000001,0.6255309635591327,12.3934,16.69,10.14,12.3934,0.6255309635591327,12.790000000000001,0.20420000000000002,11.360000000000001,25.490196078431378,69.37012968745606,72.54901960784314,59.62697274031563,50.0,55.30922440712297,0.09558823529411764,0.75,0.7720588235294118,0.6029411764705882,D-,B,B,B-,balchemcorp,0.0,0.7777777777777778,0.6964285714285714,9.0,0.0,0.0,0.0,0.36666666666666664,C-,55.30922440712297,69.64285714285714,41.785714285714285,45.912917697376876,True,False,25.490196078431378
LGND,Ligand Pharmaceuticals Inc,Health Care,Biotechnology,310.36,32.0535,21.7579,50.6724,6.033214169772113,,54.89,20.06,0.3261,12.33,0.8986482277455928,85.0695,,50.44,85.0695,0.8986482277455928,20.06,0.3261,12.33,24.981604120676963,73.44300408623363,77.15231788079471,76.72819501197688,71.95767195767195,60.567720320010025,0.15894039735099338,0.8245033112582781,0.7947019867549668,0.8410596026490066,D,B+,B,B+,ligandpharmaceuticalsinc,0.008928571428571397,0.9375,0.8452380952380951,16.0,90.0,84.89281911636292,0.008928571428571397,0.7142857142857143,B,62.76348751577722,84.52380952380952,84.67141336083088,45.548037923468115,True,False,24.981604120676963
MTUS,Metallus Inc,Materials,Steel,18.81,97.0732,0.6432,11.2818,1.1434094390546354,,16.12,1.17,0.36,1.17,0.5506555423122765,11.5226,,16.12,11.5226,0.5506555423122765,1.17,0.36,1.17,56.86274509803923,65.46653144016227,47.05882352941177,56.713995943204864,50.0,55.416497633536174,0.6911764705882353,0.7352941176470589,0.4338235294117647,0.5441176470588235,B-,B,C,C+,metallusinc,0.0,0.75,0.6730769230769231,8.0,0.0,0.0,0.0,0.36666666666666664,C-,55.416497633536174,67.3076923076923,40.38461538461538,39.307590887814015,False,False,47.05882352941177
CON,Concentra Group Holdings Parent Inc,Health Care,Health Care Services,35.34,22.6891,1.9712,13.0338,11.558840845162559,-24.01,14.02,47.3,0.16390000000000002,9.92,0.9245802367189652,69.8367,-24.01,14.02,69.8367,0.9245802367189652,47.3,0.16390000000000002,9.92,72.57836644591612,38.77029028717813,72.62693156732892,85.2237118397674,75.13227513227513,66.10012492870037,0.8079470198675497,0.31788079470198677,0.7384105960264901,0.9271523178807947,B+,C-,B,A-,concentragroupholdingsparentinc,0.0064102564102564985,0.9230769230769231,0.8194444444444445,13.0,67.25,75.64054217092028,0.0064102564102564985,0.7428571428571429,B,68.61335244192787,81.94444444444446,79.42288353503479,35.38762933027463,False,False,38.77029028717813
DAL,Delta Air Lines Inc,Industrials,Passenger Airlines,84.87,14.0879,0.8151,8.0882,2.670312244358584,-12.71,10.28,19.33,0.0806,11.379999999999999,0.7340713407134071,46.9056,-12.71,10.28,46.9056,0.7340713407134071,19.33,0.0806,11.379999999999999,87.77641176952709,44.520226663083804,51.043083900226755,90.26236465134915,47.99658994032396,66.66139218032505,0.9397590361445783,0.3654618473895582,0.4899598393574297,0.9317269076305221,A,C-,C,A,deltaairlinesinc,0.0,0.90625,0.8581081081081081,32.0,90.0,84.89281911636292,0.0,0.6274509803921569,B-,66.46105117435745,85.8108108108108,85.44361413303164,35.128781883046145,False,False,44.520226663083804
GEO,Geo Group Inc,Industrials,Environmental & Facilities Services,30.96,13.7266,1.4154,12.3943,2.8012015489848356,227.6,15.32,19.3,0.10880000000000001,9.42,0.8938953488372094,44.5933,191.6919999999998,15.32,44.5933,0.8519822669338312,19.3,0.10880000000000001,9.42,76.42870802939649,90.96483887124282,53.21585662377401,92.91725664091976,17.02317290552585,74.18756026572514,0.8473895582329317,0.9879518072289156,0.5301204819277109,0.9558232931726908,B+,A+,C+,A,geogroupinc,-0.017857142857142905,0.8571428571428571,0.7291666666666667,7.0,0.0,0.0,-0.017857142857142905,0.11764705882352941,D,70.88987755627772,72.91666666666667,43.75,32.73095102251109,False,False,17.02317290552585
MLI,Mueller Industries Inc,Industrials,Industrial Machinery & Supplies & Components,60.79,15.6711,2.8595,10.5427,4.211029447419281,-24.03,14.81,25.85,0.2286,25.840000000000003,0.547921225382932,20.2564,-24.03,14.81,20.2564,0.547921225382932,25.85,0.2286,25.840000000000003,67.23765811545502,47.9708242849694,84.14282982269214,66.40890531623972,98.4917043740573,65.72106790477862,0.7469879518072289,0.42168674698795183,0.927710843373494,0.678714859437751,B,C,A-,B-,muellerindustriesinc,0.16666666666666674,0.8333333333333334,0.7045454545454546,6.0,0.0,0.0,0.06458333333333333,1.0,A+,70.57023834218435,70.45454545454545,42.27272727272727,32.45536806414647,False,False,47.9708242849694
DELL,Dell Technologies Inc,Information Technology,"Technology Hardware, Storage & Peripherals",539.59,30.1259,2.2671,22.1096,140.79321591650358,145.25,49.03,130.7,0.0943,13.700000000000001,0.884769931381236,315.5935,145.25,49.03,246.60214999999985,0.884769931381236,114.73149999999994,0.0943,13.700000000000001,66.68968692449356,87.78747024033956,68.24074074074075,89.86489294937087,7.291666666666666,74.26307955425067,0.7292817679558011,0.9447513812154696,0.7071823204419889,0.9447513812154696,B,A,B,A,delltechnologiesinc,-0.021008403361344574,0.7142857142857143,0.69375,35.0,0.0,0.0,-0.020438175270108067,0.05,F,69.99224622091734,69.375,41.625,32.15939848836694,False,False,7.291666666666666
HRMY,Harmony Biosciences Holdings Inc,Health Care,Biotechnology,39.29,12.658,2.3904,7.4607,2.6063191132279484,-0.38,24.25,20.06,0.2403,17.02,0.7662771285475791,45.438,-0.38,24.25,45.438,0.7662771285475791,20.06,0.2403,17.02,82.5504047093451,53.88080628140511,78.03532008830022,50.514301817669434,92.06349206349206,66.02545281922625,0.9139072847682119,0.5496688741721855,0.8211920529801324,0.48344370860927155,A-,C+,B+,C,harmonybiosciencesholdingsinc,0.05882352941176472,0.7058823529411765,0.6704545454545455,17.0,0.0,0.0,0.05882352941176472,0.9428571428571428,A,70.23180202557545,67.04545454545455,40.22727272727273,32.11544808295745,False,False,50.514301817669434
WDC,Western Digital Corp,Information Technology,"Technology Hardware, Storage & Peripherals",454.47,16.0688,11.7217,35.2336,17.67231155094978,363.83,35.7,117.8,0.3025,85.72999999999999,0.5026279789761682,324.055,363.83,35.7,246.60214999999985,0.5026279789761682,114.73149999999994,0.3025,61.4965,48.274527038339194,89.12742700579213,92.96296296296298,70.8151691924648,16.666666666666664,72.29789173997693,0.4972375690607735,0.9613259668508287,0.9558011049723757,0.7458563535911602,C,A,A,B,westerndigitalcorp,-0.018909899888765347,0.7741935483870968,0.7430555555555556,31.0,0.0,0.0,-0.018909899888765347,0.125,D,68.9645584066436,74.30555555555556,44.583333333333336,32.04415669599078,False,False,16.666666666666664
PR,Permian Resources Corp,Energy,Oil & Gas Exploration & Production,21.25,14.366,3.0919,5.3199,1.7286541715475725,-1.68,12.81,11.32,0.3132,8.62,0.7331965957045524,55.7018,-1.68,12.81,55.7018,0.7331965957045524,11.32,0.3132,8.62,56.21890547263681,44.522840343735865,58.208955223880594,85.60530679933666,40.88669950738916,59.63259460274386,0.6119402985074627,0.40298507462686567,0.5223880597014925,0.8955223880597015,B-,C,C+,B+,permianresourcescorp,0.0,0.9032258064516129,0.8541666666666667,31.0,90.0,84.89281911636292,0.0,0.42857142857142855,C,58.721264553482776,85.41666666666667,85.20712764654516,32.00921858604763,False,False,40.88669950738916
SM,SM Energy Co,Energy,Oil & Gas Exploration & Production,33.52,7.9581,1.5207,4.3627,0.7988408228632439,-28.4,67.03,16.53,0.31079999999999997,8.959999999999999,0.6665284114475323,21.6461,-28.4,65.13999999999997,21.6461,0.6665284114475323,16.53,0.31079999999999997,8.959999999999999,78.1094527363184,59.350972410673904,64.17910447761194,56.776119402985074,100.0,63.79755766621438,0.8955223880597015,0.6865671641791045,0.6791044776119403,0.5223880597014925,B+,B-,B-,C+,smenergyco,0.10079051383399218,0.782608695652174,0.7410714285714286,23.0,0.0,0.0,0.09436758893280638,1.0,A+,68.79755766621437,74.10714285714286,44.464285714285715,31.965451637914324,False,False,56.776119402985074
HALO,Halozyme Therapeutics Inc,Health Care,Biotechnology,111.56,31.0503,7.7189,21.4281,269.20849420849424,-23.53,41.15,180.63,0.3557,18.67,0.9049716803020769,53.0712,-23.53,41.15,53.0712,0.9049716803020769,108.28999999999999,0.3557,18.67,40.724061810154524,55.369363279010244,92.38410596026489,69.96195575595323,98.94179894179894,63.34330574959755,0.41721854304635764,0.5894039735099338,0.9602649006622517,0.6821192052980133,C,C+,A,B-,halozymetherapeuticsinc,0.125,0.8125,0.75,16.0,0.0,0.0,0.060018835120255,1.0,A+,68.23748564377745,75.0,45.0,31.79499425751098,False,False,40.724061810154524
UAL,United Airlines Holdings Inc,Industrials,Passenger Airlines,112.25,10.459,0.5813,6.7178,2.375973143565928,7.02,8.48,22.5,0.0775,8.74,0.5100683539626824,13.8903,7.02,8.48,13.8903,0.5100683539626824,22.5,0.0775,8.74,94.22834193918531,46.81070395356109,49.150342868070915,57.97162952642012,17.22080136402387,61.8011378978103,0.9879518072289156,0.41365461847389556,0.4779116465863454,0.5662650602409639,A+,C,C,C+,unitedairlinesholdingsinc,-0.033333333333333326,0.8666666666666667,0.8214285714285714,30.0,90.0,84.89281911636292,-0.033333333333333326,0.13725490196078433,D,58.52321803421269,82.14285714285714,83.24284193225945,31.73357140691102,False,False,17.22080136402387
LAUR,Laureate Education Inc,Consumer Discretionary,Education Services,38.38,16.343,2.8715,9.969,4.618142876051356,31.4,17.89,28.599999999999998,0.24420000000000003,24.91,0.8404188612992228,21.5902,31.4,17.89,21.5902,0.7974138027226699,28.599999999999998,0.24420000000000003,24.91,45.51162790697674,85.78201970443348,78.75314723590587,92.7487684729064,9.166666666666666,71.77235142118863,0.4514285714285714,0.9085714285714286,0.8514285714285714,0.96,C,A-,B+,A,laureateeducationinc,-0.0641025641025641,0.7692307692307693,0.7083333333333334,13.0,0.0,0.0,-0.037846153846153884,0.04,F,67.6890180878553,70.83333333333334,42.50000000000001,31.325607235142122,False,False,9.166666666666666
SMTC,Semtech Corp,Information Technology,Semiconductors,181.52,50.6471,13.6142,267.9758,30.599619021931527,1063.4,25.36,51.24999999999999,0.102,29.270000000000003,0.9300398895366678,177.5607,703.5419999999999,25.36,177.5607,0.9300398895366678,51.24999999999999,0.102,29.270000000000003,19.56826552821028,84.80092738399938,72.22222222222223,88.92775073546812,79.3103448275862,62.69335756150163,0.13259668508287292,0.9281767955801105,0.7403314917127072,0.9281767955801105,D,A-,B,A-,semtechcorp,0.049407114624505866,0.9130434782608695,0.8482142857142856,23.0,90.0,84.89281911636292,0.049407114624505866,0.775,B,65.62439204426025,84.82142857142856,84.8499847894023,30.959029824481473,True,False,19.56826552821028
BG,Bunge Global SA,Consumer Staples,Agricultural Products & Services,108.14,20.6313,0.2263,12.2976,1.3150918156390612,-48.66,80.53,6.329999999999999,0.0209,3.25,0.5206707918572324,33.0487,-48.66,29.54249999999999,33.0487,0.5206707918572324,6.329999999999999,0.0209,3.25,71.42857142857143,56.959706959706956,24.28571428571429,75.83333333333333,59.26573426573426,55.48717948717948,0.8214285714285714,0.5428571428571428,0.15714285714285714,0.7857142857142857,B+,C+,D,B,bungeglobalsa,0.0,0.9,0.8300000000000001,20.0,90.0,84.89281911636292,0.0,0.5,C,56.41375291375291,83.0,83.75712764654517,30.941213930155683,False,False,24.28571428571429
MCK,McKesson Corp,Health Care,Health Care Distributors,864.82,21.6726,0.2422,15.4018,27.513910938181034,49.07,8.84,39.43,0.0158,16.23,0.512639837280256,12.5883,49.07,8.84,12.5883,0.512639837280256,39.43,0.0158,16.23,79.61883738042678,65.71177529917509,60.0,39.23841059602648,11.801242236024844,60.89474652414701,0.8940397350993378,0.7350993377483444,0.5827814569536424,0.3576158940397351,B+,B,C+,C-,mckessoncorp,-0.0778985507246377,0.7916666666666666,0.75,24.0,90.0,84.89281911636292,-0.0778985507246377,0.08571428571428572,D-,57.07487074774949,75.0,78.95712764654516,30.725661063754313,False,False,11.801242236024844
NJR,New Jersey Resources Corp,Utilities,Gas Utilities,50.83,13.983,3.666,11.6526,2.1354720262827325,-11.74,10.73,14.42,0.3956,5.89,0.42356321839080446,5.4835,-11.74,10.73,5.4835,0.42356321839080446,14.42,0.39203,5.89,59.195402298850574,46.58614431441267,89.6551724137931,83.47205707491081,26.08695652173913,68.22428395602562,0.6551724137931034,0.41379310344827586,0.9655172413793104,0.8448275862068966,B-,C,A,B+,newjerseyresourcescorp,-0.09090909090909094,0.7272727272727273,0.671875,11.0,0.0,0.0,-0.09090909090909094,0.25,D+,65.83297960819952,67.1875,40.3125,30.36444184327981,False,False,26.08695652173913
DVN,Devon Energy Corp,Energy,Oil & Gas Exploration & Production,46.6,15.6213,2.6041,7.2064,1.8666431667240813,-5.34,14.64,14.899999999999999,0.2274,10.52,0.7123352165725048,26.3314,-5.34,14.64,26.3314,0.7123352165725048,14.899999999999999,0.2274,10.52,49.25373134328358,45.70480928689884,61.44278606965174,67.64842454394693,40.88669950738916,55.34477611940299,0.47761194029850745,0.43283582089552236,0.5970149253731343,0.6268656716417911,C,C,C+,B-,devonenergycorp,0.0,0.8787878787878788,0.8355263157894737,33.0,67.25,75.64054217092028,0.0,0.42857142857142855,C,54.433446070141905,83.55263157894737,80.38779581573652,29.812158009630416,False,False,40.88669950738916
BALL,Ball Corp,Materials,"Metal, Glass & Plastic Containers",56.65,15.8151,1.0454,10.292,2.7731816446215447,82.34,15.56,17.05,0.1025,7.359999999999999,0.5038363171355497,15.4608,82.34,15.56,15.4608,0.5038363171355497,17.05,0.1025,7.359999999999999,72.05882352941175,81.781045751634,57.84313725490196,61.27450980392156,17.460317460317466,66.08660130718954,0.8235294117647058,0.8970588235294118,0.5735294117647058,0.6176470588235294,B+,B+,C+,B-,ballcorp,-0.045454545454545525,0.7727272727272727,0.7314814814814814,22.0,0.0,0.0,-0.045454545454545525,0.13333333333333333,D,62.832633053221286,73.14814814814814,43.88888888888888,29.521942110177406,False,False,17.460317460317466
JNJ,Johnson & Johnson,Health Care,Pharmaceuticals,267.57,30.6074,6.5751,20.7892,7.901171134458992,-7.75,8.06,25.740000000000002,0.25730000000000003,16.04,0.8698795180722891,51.3271,-7.75,8.06,51.3271,0.8698795180722891,25.740000000000002,0.25730000000000003,16.04,43.82045621780721,40.94605611924711,80.5739514348786,73.66394578777144,89.79591836734694,59.02060229457516,0.45695364238410596,0.3708609271523179,0.8675496688741722,0.7417218543046358,C,C-,B+,B,johnsonjohnson,0.032258064516129115,0.7096774193548387,0.6875,31.0,0.0,0.0,0.032258064516129115,0.8857142857142857,B+,63.000194131309854,68.75,41.25,29.325077652523944,False,False,40.94605611924711
C,Citigroup Inc,Financials,Diversified Banks,130.8,12.3144,1.09533,,1.0767257658500125,35.24,99.23775,8.41,0.2301502,1.87,0.6839779005524863,26.9677,35.24,83.28401599999997,26.9677,0.6839779005524863,8.41,0.2301502,1.87,67.22689075630252,84.64361236178118,18.907563025210084,85.86990351696234,61.141304347826086,60.636316621126866,0.7121848739495799,0.9663865546218487,0.18907563025210083,0.8739495798319328,B,A,D,B+,citigroupinc,0.0,0.7857142857142857,0.75,28.0,0.0,0.0,0.0,0.828125,B+,61.750447055909476,75.0,45.0,29.200178822363792,False,False,18.907563025210084
VRT,Vertiv Holdings Co,Industrials,Electrical Components & Equipment,245.22,55.5321,8.3785,40.5946,23.801758779337256,111.16,26.23,42.11,0.1841,24.610000000000003,0.44528628193778175,76.0496,111.16,26.23,70.09187999999996,0.44528628193778175,42.11,0.1841,24.610000000000003,7.520695024997952,90.1341076971329,84.83375679589103,78.30779678480687,89.29738562091502,61.7769938516102,0.028112449799196786,0.9759036144578314,0.9397590361445783,0.7951807228915663,F,A+,A,B,vertivholdingsco,0.03594771241830064,0.8888888888888888,0.847560975609756,36.0,90.0,84.89281911636292,0.03594771241830064,0.9019607843137255,A-,65.7067324137017,84.75609756097559,84.81078618313052,29.168758948369902,True,False,7.520695024997952
ANET,Arista Networks Inc,Information Technology,Communications Equipment,202.86,63.9,24.519,55.2116,20.604964855970422,24.69,32.57,30.78,0.4314,30.78,0.8801434691640931,43.8035,24.69,32.57,43.8035,0.8801434691640931,30.78,0.4314,30.78,18.60978570232714,70.47290565006845,86.2962962962963,67.38615752483284,56.25,58.798333134636124,0.1270718232044199,0.7513812154696132,0.9005524861878453,0.7016574585635359,D,B,A-,B,aristanetworksinc,0.001680672268907557,0.9428571428571428,0.8937499999999999,35.0,90.0,84.89281911636292,0.001680672268907557,0.55,C+,59.423333134636124,89.375,87.58212764654516,28.901892753738707,True,False,18.60978570232714
CXW,CoreCivic Inc,Industrials,Diversified Support Services,32.67,24.8314,1.2786,11.5576,2.3260450114985085,33.31,24.35,8.959999999999999,0.09880000000000001,4.77,0.813551177318597,47.0534,33.31,24.35,47.0534,0.813551177318597,8.959999999999999,0.09880000000000001,4.77,67.621779635549,84.94877066305638,30.5209955468131,86.78026888009677,18.80570409982175,63.881501704221165,0.7670682730923695,0.9357429718875502,0.24096385542168675,0.8795180722891566,B,A,D+,B+,corecivicinc,-0.01388888888888884,0.875,0.7500000000000001,8.0,0.0,0.0,-0.01388888888888884,0.1568627450980392,D,60.76207211420334,75.00000000000001,45.00000000000001,28.80482884568134,False,False,18.80570409982175
SN,Sharkninja Inc,Consumer Discretionary,Household Appliances,184.45,36.9676,3.7194,26.279,9.728888654464898,33.4,17.49,26.009999999999998,0.1376,20.419999999999998,0.9094417519296356,71.8508,33.4,17.49,50.131389999999975,0.7974138027226699,26.009999999999998,0.1376,20.419999999999998,10.713178294573645,86.42045454545455,66.73344280240832,97.92207792207792,52.38095238095239,61.23016176775198,0.045714285714285714,0.9142857142857143,0.7085714285714285,0.9942857142857143,F,A-,B,A+,sharkninjainc,0.0,0.9545454545454546,0.8796296296296297,22.0,90.0,84.89281911636292,0.0,0.58,C+,61.46825700584722,87.96296296296296,86.73490542432295,28.20040121445957,True,False,10.713178294573645
FIX,Comfort Systems USA Inc,Industrials,Construction & Engineering,1665.05,40.4376,5.166,29.3534,23.918836415873585,108.88,46.11,53.55,0.16469999999999999,51.739999999999995,0.6862802258500063,106.1639,108.88,36.967999999999954,70.09187999999996,0.6862802258500063,53.55,0.16469999999999999,29.789999999999996,15.451738928503127,89.64459848388421,85.6235827664399,95.0524547168265,72.95751633986927,67.20824106387789,0.07228915662650602,0.9718875502008032,0.9477911646586346,0.9839357429718876,D-,A+,A,A+,comfortsystemsusainc,0.017857142857142905,0.875,0.7976190476190476,16.0,0.0,0.0,0.017857142857142905,0.7058823529411765,B,69.50399269786482,79.76190476190476,47.857142857142854,28.062386503655222,True,False,15.451738928503127
AIR,AAR Corp,Industrials,Aerospace & Defense,106.75,23.5944,1.3388,13.7568,2.4986131819107427,1500.3,18.97,12.19,0.0933,7.57,0.3934531450577664,33.2986,191.6919999999998,18.97,33.2986,0.3934531450577664,12.19,0.0933,7.57,63.520476463677845,87.3695012670168,38.70393137174549,74.48222461861265,7.7578857630008535,62.92644713598172,0.7068273092369478,0.9437751004016064,0.3413654618473896,0.7590361445783133,B,A,C-,B,aarcorp,-0.06818181818181823,0.75,0.6911764705882353,12.0,0.0,0.0,-0.05260942760942766,0.029411764705882353,F,58.702235712281805,69.11764705882352,41.47058823529411,27.627953108442135,False,False,7.7578857630008535
COCO,Vita Coco Company Inc,Consumer Staples,Soft Drinks & Non-alcoholic Beverages,56.55,29.6542,4.5973,21.7427,9.73623497813436,67.78,26.1,31.09,0.191,31.09,0.3869346733668341,44.3124,67.78,26.1,44.3124,0.3869346733668341,31.09,0.191,28.479999999999983,19.047619047619047,91.67974882260597,87.85714285714285,74.59183673469387,61.53846153846153,64.98050758765044,0.08571428571428572,0.9714285714285714,0.9571428571428572,0.7714285714285715,D-,A+,A,B,vitacococompanyinc,0.0,0.7647058823529411,0.7159090909090908,17.0,0.0,0.0,0.0,0.6923076923076923,B-,66.1343537414966,71.59090909090908,42.954545454545446,26.685909422210443,True,False,19.047619047619047
DCOM,Dime Community Bancshares Inc,Financials,Regional Banks,39.47,15.7466,2.11729,,1.1731137893626191,225.06,42.91451,7.670000000000001,0.4435096,6.45,0.847001223990208,30.1874,185.31,42.91451,30.1874,0.8360381688111,7.670000000000001,0.4435096,6.45,53.781512605042025,67.2840015121204,15.126050420168067,95.18887929003375,58.54166666666667,54.72146691673335,0.5294117647058824,0.7941176470588235,0.15126050420168066,0.9705882352941176,C+,B,D,A+,dimecommunitybancsharesinc,0.0,0.8181818181818182,0.734375,11.0,0.0,0.0,0.0,0.40625,C,55.57563358340002,73.4375,44.0625,26.63650343336001,False,False,15.126050420168067
FERG,Ferguson Enterprises Inc,Industrials,Trading Companies & Distributors,223.87,17.7078,1.3528,12.455,7.455374983348875,33.62,3.66,40.62,0.1058,23.61,0.1972777684422788,0.6287,33.62,3.66,0.6287,0.1972777684422788,40.62,0.1058,23.61,72.00229489386116,56.39586261706077,74.17698002895936,34.85700537502214,13.970588235294118,59.79539232912172,0.8192771084337349,0.5983935742971888,0.7911646586345381,0.3092369477911647,B+,C+,B,C-,fergusonenterprisesinc,-0.032258064516129004,0.7096774193548387,0.6875,31.0,0.0,0.0,-0.032258064516129004,0.09803921568627451,D-,56.19245115265113,68.75,41.25,26.601980461060453,False,False,13.970588235294118
PLTR,Palantir Technologies Inc,Information Technology,Application Software,187.96,148.0617,72.557,166.9877,60.840292613452455,290.0,78.92,37.47,0.428,37.47,0.8066238260009886,5.5809,290.0,54.72500000000002,5.5809,0.8066238260009886,37.47,0.428,37.47,8.171145153189352,94.35053586760809,88.88888888888887,75.39462123316564,86.0,63.2140399306743,0.049723756906077346,0.994475138121547,0.925414364640884,0.8066298342541437,F,A+,A-,B+,palantirtechnologiesinc,0.05128205128205132,0.717948717948718,0.6988636363636364,39.0,0.0,0.0,0.05128205128205132,0.85,B+,66.8140399306743,69.88636363636364,41.93181818181818,26.27670756970281,True,False,8.171145153189352
DAVE,Dave Inc,Financials,Consumer Finance,326.44,18.7028,6.4692,18.3704,12.540769795200209,308.0,48.63,84.35000000000001,0.3452,51.129999999999995,0.5693046660567247,47.0426,185.31,48.63,47.0426,0.5693046660567247,44.400499999999866,0.3452,29.45649999999999,15.336134453781513,89.56982454836532,97.68907563025209,78.08505220269926,14.000000000000002,66.7872778712213,0.09243697478991597,0.9957983193277311,0.976890756302521,0.7941176470588235,D-,A+,A+,B,daveinc,-0.04678362573099415,0.8421052631578947,0.78125,19.0,0.0,0.0,-0.04678362573099415,0.125,D,63.18727787122131,78.125,46.875,26.103806519492,True,False,14.000000000000002
MLKN,MillerKnoll Inc,Industrials,Office Services & Supplies,19.96,13.9643,0.3589,8.06,1.013609587649807,33.57,1.2,7.340000000000001,0.0516,3.71,0.5658135283363803,12.792,33.57,1.2,12.792,0.5658135283363803,7.340000000000001,0.0516,3.71,93.66882495970276,48.673921959636246,19.89509056634702,60.66173642765725,43.36007130124777,55.25811055897115,0.9799196787148594,0.42971887550200805,0.14056224899598393,0.5903614457831325,A+,C,D,C+,millerknollinc,0.0,0.75,0.6730769230769231,8.0,0.0,0.0,0.0,0.4803921568627451,C,54.594117689095924,67.3076923076923,40.38461538461538,25.876108614099913,False,False,19.89509056634702
CPAY,Corpay Inc,Financials,Transaction & Payment Processing Services,392.7,22.8054,5.182,12.7172,6.912150388115395,12.37,20.36,30.4,0.4361,8.43,0.8009391822242584,33.5457,12.37,20.36,33.5457,0.8009391822242584,30.4,0.4361,8.43,13.445378151260506,46.898424258939286,88.23529411764706,94.81792717086834,89.58333333333334,58.76343835318842,0.07983193277310924,0.4369747899159664,0.8823529411764706,0.9537815126050421,D-,C,B+,A,corpayinc,0.007905138339920903,0.8260869565217391,0.7767857142857143,23.0,0.0,0.0,0.007905138339920903,0.90625,A-,62.721771686521755,77.67857142857143,46.607142857142854,25.730750909170116,True,False,13.445378151260506
CFG,Citizens Financial Group Inc,Financials,Regional Banks,63.89,12.8374,1.48499,,1.0420744278295362,37.2,62.72879,8.14,0.31448550000000003,5.87,0.5821004566210046,21.3938,37.2,62.72879,21.3938,0.5821004566210046,8.14,0.31448550000000003,5.87,67.01680672268907,73.20651295452328,17.647058823529413,72.10712322312102,17.083333333333332,55.22869362208348,0.7058823529411765,0.8781512605042017,0.17647058823529413,0.7352941176470589,B,B+,D,B,citizensfinancialgroupinc,-0.04347826086956519,0.8260869565217391,0.7767857142857143,23.0,0.0,0.0,-0.04347826086956519,0.15625,D,51.93702695541682,77.67857142857143,46.607142857142854,25.435525067881013,False,False,17.083333333333332
NMIH,NMI Holdings Inc,Financials,Commercial & Residential Mortgage Finance,40.73,7.7951,4.217,6.2811,1.198730928611791,7.97,7.53,15.14,0.7323999999999999,13.05,0.49495798319327683,4.3556,7.97,7.53,4.3556,0.49495798319327683,15.14,0.5811805599999998,13.05,81.09243697478992,32.24397360430202,60.08403361344538,51.29704055535257,13.690476190476195,57.002320478989745,0.9159663865546218,0.23949579831932774,0.6008403361344538,0.5378151260504201,A-,D+,B-,C+,nmiholdingsinc,-0.0714285714285714,0.7142857142857143,0.6710526315789473,14.0,0.0,0.0,-0.0714285714285714,0.09375,D-,53.371368098037365,67.10526315789474,40.26315789473684,25.374863028688633,False,False,13.690476190476195
BURL,Burlington Stores Inc,Consumer Discretionary,Apparel Retail,270.05,23.43,1.3697,12.7227,9.371594750102375,31.44,10.89,39.82,0.0786,18.89,0.2851861631898602,1.0278,31.44,10.89,1.0278,0.2851861631898602,39.82,0.0786,18.89,37.92691029900332,75.05357142857143,61.03776683087028,56.81904761904762,15.454545454545453,56.11569309199221,0.37714285714285717,0.8228571428571428,0.6171428571428571,0.5657142857142857,C-,B+,B-,C+,burlingtonstoresinc,-0.029230769230769282,0.7307692307692307,0.7016129032258065,26.0,0.0,0.0,-0.029230769230769282,0.12,D,52.66114763744676,70.16129032258065,42.09677419354839,25.274136474333545,False,False,15.454545454545453
V,Visa Inc,Financials,Transaction & Payment Processing Services,361.35,30.3395,15.4071,24.5935,18.25995997816991,14.72,14.39,61.260000000000005,0.6068,37.39,0.7358210469252259,9.002,14.72,14.39,9.002,0.7358210469252259,44.400499999999866,0.5811805599999998,29.45649999999999,8.193277310924369,45.16117128778073,97.68907563025209,71.37721755368814,25.0,54.77826600358789,0.0546218487394958,0.40336134453781514,0.976890756302521,0.7310924369747899,D-,C,A+,B,visainc,-0.03601440576230497,0.8823529411764706,0.8526785714285714,51.0,90.0,84.89281911636292,-0.03601440576230497,0.25,D+,52.27826600358789,85.26785714285714,85.11784193225945,25.077621542550443,True,False,8.193277310924369
ROST,Ross Stores Inc,Consumer Discretionary,Apparel Retail,234.67,28.1542,3.0542,18.3101,12.225070067410579,31.42,14.02,42.34,0.1375,35.23,0.7960916811250113,56.4744,31.42,14.02,50.131389999999975,0.7960916811250113,42.34,0.1375,35.23,17.984496124031008,79.17857142857143,77.46250684181719,94.38095238095238,27.272727272727277,63.57365550336681,0.10285714285714286,0.8685714285714285,0.84,0.9771428571428571,D,B+,B+,A+,rossstoresinc,-0.027065527065527006,0.7037037037037037,0.6796875,27.0,0.0,0.0,-0.027065527065527006,0.24,D+,61.300928230639535,67.96875,40.78125,25.064539250427064,True,False,17.984496124031008
ADSK,Autodesk Inc,Information Technology,Application Software,203.18,25.9716,5.4744,20.0886,14.145872786008688,59.92,17.94,52.5,0.262,28.02,0.12565742714996453,-35.8306,59.92,17.94,-35.8306,0.12565742714996453,52.5,0.262,28.02,59.73338355935041,68.52407038446731,84.07407407407408,22.040011522989396,6.999999999999999,59.064680789847465,0.6464088397790055,0.7182320441988951,0.8674033149171271,0.15469613259668508,B-,B,B+,D,autodeskinc,-0.041973908111174185,0.8604651162790697,0.828125,43.0,90.0,84.89281911636292,-0.020438175270108067,0.025,F,54.76468078984747,82.8125,83.64462764654516,25.0,False,True,6.999999999999999
EFC,Ellington Financial Inc,Financials,Specialized Finance,12.18,7.0782,2.6951,556.9375,0.7512721665381651,23.45,30.99,11.87,-0.0548,1.17,0.31690140845070436,-7.3652,23.45,30.99,-7.3652,0.31690140845070436,11.87,0.06414,1.17,95.16806722689076,59.5847984819808,45.168067226890756,27.29265619291195,9.226190476190482,57.45952454842392,0.9873949579831933,0.680672268907563,0.45168067226890757,0.27310924369747897,A+,B-,C,D+,ellingtonfinancialinc,-0.08333333333333337,0.75,0.6911764705882353,12.0,0.0,0.0,-0.07678571428571423,0.0625,D-,53.38214359604297,69.11764705882352,41.47058823529411,25.0,False,True,9.226190476190482
PCTY,Paylocity Holding Corp,Industrials,Human Resource & Employment Services,142.19,28.0724,4.2749,14.8288,6.201479388007885,23.04,11.04,23.44,0.21789999999999998,21.89,0.6837606837606838,-12.8108,23.04,11.04,-12.8108,0.6837606837606838,23.44,0.21789999999999998,21.89,40.19451957489823,69.23819423819424,80.74802611807776,44.21209115137538,11.675579322638148,57.92569350115793,0.36947791164658633,0.8152610441767069,0.8594377510040161,0.39357429718875503,C-,B+,B+,C-,paylocityholdingcorp,-0.03703703703703709,0.8148148148148148,0.7734375,27.0,90.0,84.89281911636292,-0.03703703703703709,0.0784313725490196,D-,54.09325143342174,77.34375,80.36337764654516,25.0,False,False,11.675579322638148
EQT,EQT Corp,Energy,Oil & Gas Exploration & Production,48.88,11.3575,3.249,5.4119,1.2842677204247963,134.0,30.17,11.15,0.4235,8.68,0.046465124067890315,-7.7506,134.0,30.17,-7.7506,0.046465124067890315,11.15,0.4235,8.68,58.70646766169154,84.16478214985678,62.68656716417911,16.82255389718076,81.77339901477832,55.545725915875174,0.7014925373134329,0.9253731343283582,0.6268656716417911,0.11940298507462686,B,A-,B-,D,eqtcorp,0.033333333333333326,0.8,0.7642857142857142,30.0,0.0,0.0,0.033333333333333326,0.7857142857142857,B,58.723065817353,76.42857142857142,45.85714285714285,25.0,False,True,16.82255389718076
ACAD,ACADIA Pharmaceuticals Inc,Health Care,Pharmaceuticals,20.22,9.1432,3.0553,35.358,2.805683521118943,96.46,47.0,32.39,0.0759,32.39,0.047027506654835634,-2.4988,96.46,47.0,-2.4988,0.06823187690436645,32.39,0.0759,29.675,57.89698307579102,86.24675924168068,73.39955849889624,18.650854766671802,52.55102040816326,58.803658195342315,0.609271523178808,0.9470198675496688,0.7649006622516556,0.13245033112582782,B-,A,B,D,acadiapharmaceuticalsinc,0.0,0.7777777777777778,0.7421875,27.0,0.0,0.0,0.0,0.5142857142857142,C+,59.05876023615864,74.21875,44.53125,25.0,False,True,18.650854766671802
FSLR,First Solar Inc,Information Technology,Semiconductors,176.93,10.6441,3.4557,7.1198,1.9905988560216374,38.7,23.82,18.02,0.33649999999999997,17.2,0.0408258408258408,-21.3844,38.7,23.82,-21.3844,0.04789217092056213,18.02,0.33649999999999997,17.2,85.2251799765612,62.05636692502203,74.07407407407408,9.39548485217106,94.82758620689656,59.11518386809744,0.9005524861878453,0.6353591160220995,0.7569060773480663,0.049723756906077346,A-,B-,B,F,firstsolarinc,0.08333333333333337,0.7083333333333334,0.6933962264150945,48.0,0.0,0.0,0.08333333333333337,0.925,A-,63.5979424887871,69.33962264150945,41.60377358490567,25.0,False,True,9.39548485217106
NBIX,Neurocrine Biosciences Inc,Health Care,Biotechnology,138.35,19.7139,4.1223,16.2578,4.257119559364278,101.29,34.42,21.13,0.23559999999999998,21.13,0.2533604251328539,-1.0986,101.29,34.42,-1.0986,0.2533604251328539,21.13,0.23559999999999998,21.13,59.74834437086091,87.21658885687853,80.3532008830022,11.31463998872763,37.03703703703704,59.73163208258702,0.6291390728476821,0.9668874172185431,0.8509933774834437,0.0728476821192053,B-,A,B+,D-,neurocrinebiosciencesinc,-0.0037537537537537524,0.8611111111111112,0.8231707317073171,36.0,90.0,84.89281911636292,-0.0037537537537537524,0.37142857142857144,C-,58.43533578629072,82.31707317073172,83.3473715489842,25.0,False,True,11.31463998872763
CDE,"Coeur Mining, Inc",Materials,Gold,17.84,20.7967,5.577,11.0378,3.4574983526493277,211.84,117.26,12.49,0.3369,11.57,0.30168776371308015,-3.0911,211.84,46.40449999999998,-3.0911,0.30168776371308015,12.49,0.3369,11.57,47.54901960784313,91.13384484228473,75.49019607843137,34.015345268542205,10.144927536231885,60.78964194373401,0.5,0.9558823529411765,0.8235294117647058,0.3088235294117647,C,A,B+,C-,coeurmininginc,-0.06666666666666665,0.8,0.7375,15.0,0.0,0.0,-0.05181818181818186,0.06666666666666667,D-,56.8041346973572,73.75,44.25,25.0,False,False,10.144927536231885
SKYW,SkyWest Inc,Industrials,Passenger Airlines,99.23,9.608,0.9398,5.8964,1.4405774504551982,2.47,9.1,15.02,0.14029999999999998,8.04,0.5357770524730104,-1.0609,2.47,9.1,-1.0609,0.5357770524730104,15.02,0.14029999999999998,8.04,90.75868098243313,45.19892734178448,49.89153894489524,48.57998888979955,7.7578857630008535,58.918338228148905,0.9678714859437751,0.3855421686746988,0.4859437751004016,0.44176706827309237,A,C-,C,C,skywestinc,-0.07692307692307698,0.6923076923076923,0.6527777777777778,13.0,0.0,0.0,-0.05260942760942766,0.029411764705882353,F,54.69412680444899,65.27777777777779,39.16666666666667,25.0,False,False,7.7578857630008535
TOL,Toll Brothers Inc,Consumer Discretionary,Homebuilding,136.25,10.5043,1.17,9.1337,1.5616761799967909,-8.47,-1.08,14.23,0.1384,10.71,0.2897589028975889,-0.5174,-8.47,-1.08,-0.5174,0.2897589028975889,14.23,0.1384,10.71,67.44629014396456,50.341836734693885,51.40667761357417,68.63673469387756,88.57142857142857,58.50895622509897,0.7257142857142858,0.4742857142857143,0.4685714285714286,0.6914285714285714,B,C,C,B-,tollbrothersinc,0.04347826086956519,0.7391304347826086,0.7053571428571428,23.0,0.0,0.0,0.04347826086956519,0.88,B+,62.36609908224183,70.53571428571428,42.32142857142856,25.0,False,False,50.341836734693885
LOW,Lowe's Companies Inc,Consumer Discretionary,Home Improvement Retail,187.26,15.8059,1.1611,11.1792,95.25892766303795,-2.74,8.16,264.53000000000003,0.11380000000000001,27.57,0.008992131884600784,-27.0146,-2.74,8.16,-27.0146,0.008992131884600784,195.4694999999998,0.11380000000000001,27.57,54.203765227021044,55.3804347826087,79.40010946907499,26.509316770186338,52.38095238095239,54.778918984583015,0.56,0.56,0.8742857142857143,0.24,C+,C+,B+,D+,lowescompaniesinc,0.0,0.6829268292682927,0.6684782608695653,41.0,0.0,0.0,0.0,0.58,C+,55.017014222678256,66.84782608695653,40.108695652173914,25.0,False,True,26.509316770186338
SEZL,Sezzle Inc,Financials,Transaction & Payment Processing Services,107.39,22.5919,6.8567,17.0381,21.374121768206514,56.65,43.06,85.55,0.4039,50.529999999999994,0.39593735038643046,28.6376,56.65,43.06,28.6376,0.39593735038643046,44.400499999999866,0.4039,29.45649999999999,10.294117647058826,80.8123127865617,97.68907563025209,68.0859010270775,58.59375,61.77544108205557,0.06722689075630252,0.9285714285714286,0.976890756302521,0.6932773109243697,D-,A-,A+,B-,sezzleinc,0.0,0.6923076923076923,0.6527777777777778,13.0,0.0,0.0,0.0,0.484375,C,62.63481608205557,65.27777777777779,39.16666666666667,24.87454075580066,True,False,10.294117647058826
AMD,Advanced Micro Devices Inc,Information Technology,Semiconductors,607.57,153.8507,23.965,128.9669,15.719915031682005,124.33,39.54,10.07,0.15710000000000002,9.59,0.9347857661583153,281.2053,124.33,39.54,246.60214999999985,0.9347857661583153,10.07,0.15710000000000002,9.59,10.591411351079861,84.04971972953271,50.55555555555555,96.38678027462723,15.517241379310345,56.37404172749084,0.06077348066298342,0.9226519337016574,0.5138121546961326,1.0,D-,A-,C+,A+,advancedmicrodevicesinc,-0.011596788581623496,0.8305084745762712,0.80859375,59.0,67.25,75.64054217092028,-0.011596788581623496,0.1,D-,52.92576586542187,80.859375,78.77184186836811,24.846838241837492,True,False,10.591411351079861
FNB,FNB Corp,Financials,Regional Banks,17.32,10.2218,2.56275,,0.9155931002764753,30.25,64.79501,8.94,0.42536409999999997,7.049999999999999,0.557504873294347,7.3276,30.25,64.79501,7.3276,0.557504873294347,8.94,0.42536409999999997,7.049999999999999,84.66386554621849,70.46506826992473,23.52941176470588,43.7477420874892,6.458333333333334,54.89088139921388,0.9369747899159664,0.8403361344537815,0.23529411764705882,0.4579831932773109,A,B+,D+,C,fnbcorp,-0.08333333333333326,0.8333333333333334,0.75,12.0,0.0,0.0,-0.07678571428571423,0.03125,F,50.53671473254722,75.0,45.0,24.71468589301889,False,False,6.458333333333334
TRU,TransUnion,Industrials,Research & Consulting Services,63.45,16.8341,2.5377,9.9131,2.7499913317846123,90.89,12.37,15.950000000000001,0.23,7.39,0.003106796116505063,-22.3031,90.89,12.37,-22.3031,0.012984470213743568,15.950000000000001,0.23,7.39,69.1271207278092,84.26181283324141,59.65084829112368,17.930467144465997,43.04388422035481,57.6329482502747,0.7991967871485943,0.927710843373494,0.606425702811245,0.11244979919678715,B,A-,B-,D,transunion,0.0,0.7692307692307693,0.7338709677419356,26.0,0.0,0.0,0.0,0.4215686274509804,C,56.93733667231018,73.38709677419357,44.032258064516135,24.629525748066364,False,True,17.930467144465997
FICO,Fair Isaac Corp,Information Technology,Application Software,617.87,16.0559,5.4671,14.7544,54.32015191743007,35.35,24.09,145.71,0.5165,30.869999999999997,0.0,-44.6339,35.35,24.09,-43.47974,0.04789217092056213,114.73149999999994,0.4317149999999999,30.869999999999997,68.48317428427926,69.21736274552606,94.62962962962962,6.963815755630319,44.99999999999999,61.01443667870849,0.7513812154696132,0.7348066298342542,0.9834254143646409,0.03314917127071823,B,B,A+,F,fairisaaccorp,0.0,0.7241379310344828,0.698529411764706,29.0,0.0,0.0,0.0,0.475,C,60.51443667870849,69.8529411764706,41.911764705882355,24.60807616924826,False,True,6.963815755630319
R,Ryder System Inc,Industrials,Cargo Ground Transportation,229.17,17.7176,0.6855,5.9071,2.959778168391062,4.74,1.12,16.7,0.07780000000000001,4.66,0.5648601674830146,24.6032,4.74,1.12,24.6032,0.5648601674830146,16.7,0.07780000000000001,4.66,88.07911919787995,37.287964246489594,35.881758325820286,57.381962642669336,8.496732026143796,54.924204758756844,0.9477911646586346,0.28112449799196787,0.30120481927710846,0.5582329317269076,A,D+,C-,C+,rydersysteminc,-0.09027777777777779,0.7222222222222222,0.6847826086956522,18.0,0.0,0.0,-0.05260942760942766,0.058823529411764705,D-,50.77387796137123,68.47826086956522,41.08695652173913,24.418246836722407,False,False,8.496732026143796
TBBK,Bancorp Inc,Financials,Regional Banks,48.79,8.671,4.64103,,2.9958430298601852,14.47,89.12521,32.32,0.5646253999999999,17.29,0.01143200962695555,-36.4201,14.47,83.28401599999997,-35.862925,0.03318313099820055,32.32,0.5646253999999999,17.29,56.09243697478992,68.28204557224517,89.49579831932773,1.4450640069111755,97.29166666666667,55.34248073936068,0.5546218487394958,0.8025210084033614,0.8949579831932774,0.004201680672268907,C+,B+,B+,F,bancorpinc,0.11111111111111105,0.8888888888888888,0.7678571428571428,9.0,0.0,0.0,0.020714285714285675,0.984375,A+,60.07164740602735,76.78571428571428,46.07142857142856,24.4005907941408,False,True,1.4450640069111755
KO,Coca-Cola Co,Consumer Staples,Soft Drinks & Non-alcoholic Beverages,86.84,26.1531,7.4689,24.9258,11.613196571138186,17.61,6.52,42.99,0.3035,18.26,0.791820191599116,32.7547,17.61,6.52,32.7547,0.791820191599116,42.99,0.3035,18.26,19.523809523809522,65.14913657770799,87.61904761904763,87.3469387755102,11.53846153846154,62.28492935635793,0.1,0.7,0.9428571428571428,0.9142857142857143,D-,B-,A,A-,cocacolaco,-0.05714285714285716,0.7714285714285715,0.74375,35.0,0.0,0.0,-0.05714285714285709,0.07692307692307693,D-,58.43877551020408,74.375,44.625,24.35825892857143,True,False,11.53846153846154
CHEF,Chefs' Warehouse Inc,Consumer Staples,Food Distributors,111.5,49.5767,1.0382,24.502,7.505738692587831,32.46,11.16,13.54,0.039599999999999996,6.01,0.9045771916214118,90.9122,32.46,11.16,65.86113499999999,0.7994188577352153,13.54,0.039599999999999996,6.01,27.61904761904762,81.71428571428572,36.19047619047619,98.28571428571429,17.725752508361204,56.952380952380956,0.22142857142857142,0.9142857142857143,0.29285714285714287,0.9857142857142858,D+,A-,D+,A+,chefswarehouseinc,-0.05714285714285705,0.8,0.7375,15.0,0.0,0.0,-0.05714285714285705,0.15384615384615385,D,53.724956203217076,73.75,44.25,24.249019321775535,True,False,17.725752508361204
EXE,Expand Energy Corp,Energy,Oil & Gas Exploration & Production,84.18,7.0075,1.4261,3.3936,1.084081338295708,2866.66,60.73,14.7,0.2708,11.78,0.0,-19.3439,574.281999999999,60.73,-15.73471,0.028794037586147125,14.7,0.2708,11.78,83.5820895522388,96.61521935775667,66.16915422885572,6.102819237147596,8.374384236453201,62.981418664254484,0.9552238805970149,0.9850746268656716,0.7014925373134329,0.022388059701492536,A,A+,B,F,expandenergycorp,-0.06666666666666665,0.8,0.7642857142857142,30.0,0.0,0.0,-0.023333333333333327,0.07142857142857142,D-,58.8188570878998,76.42857142857142,45.85714285714285,24.210969192155847,False,True,6.102819237147596
CRS,Carpenter Technology Corp,Industrials,Industrial Machinery & Supplies & Components,391.74,36.3944,6.1717,23.4987,8.723691858199366,41.87,8.59,25.869999999999997,0.21960000000000002,19.34,0.4027485626139391,53.5978,41.87,8.59,53.5978,0.4027485626139391,25.869999999999997,0.21960000000000002,19.34,18.317624238450403,68.6529741712121,81.01794934841406,74.72666762434126,38.61236802413273,58.509821755826785,0.10040160642570281,0.7991967871485943,0.8674698795180723,0.7630522088353414,D,B,B+,B,carpentertechnologycorp,0.0,0.8,0.7375,15.0,0.0,0.0,0.0,0.21568627450980393,D+,57.37105855824006,73.75,44.25,23.957242166754163,True,False,18.317624238450403
VICR,Vicor Corp,Industrials,Electrical Components & Equipment,288.32,90.6068,27.7667,116.033,18.338750405485342,115.29,24.95,19.830000000000002,0.1864,19.830000000000002,0.7184935390492106,485.7818,115.29,24.95,70.09187999999996,0.7184935390492106,19.830000000000002,0.1864,19.830000000000002,4.696336365871653,90.20785920545825,73.19673250826435,90.03929420305127,39.746732026143796,60.522697900235904,0.012048192771084338,0.9799196787148594,0.7710843373493976,0.9196787148594378,F,A+,B,A-,vicorcorp,0.0,0.9,0.7833333333333333,10.0,0.0,0.0,0.0,0.2647058823529412,D+,59.49737110285028,78.33333333333333,46.99999999999999,23.683312876236617,True,False,4.696336365871653
CI,Cigna Group,Health Care,Health Care Services,275.26,11.1754,0.2539,8.369,1.738573518302835,31.74,7.77,15.24,0.0352,8.649999999999999,0.4706424433912583,-5.011,31.74,7.77,-5.011,0.4706424433912583,15.24,0.0352,8.649999999999999,94.68579838116261,50.213467767302284,47.24061810154526,23.366176708124698,6.878306878306878,55.19753301576237,0.9867549668874173,0.4900662251655629,0.44370860927152317,0.18543046357615894,A+,C,C,D,cignagroup,-0.08377896613190738,0.7647058823529411,0.7371794871794871,34.0,0.0,0.0,-0.0796626753468186,0.05714285714285714,D-,50.88536370359306,73.71794871794872,44.230769230769226,23.35786496213635,False,True,6.878306878306878
BGC,Bgc Group Inc,Financials,Investment Banking & Brokerage,11.45,27.3727,1.6526,13.2214,5.564735614307931,31.58,27.6,19.2,0.1155,7.02,0.6890574214517876,24.2872,31.58,27.6,24.2872,0.6890574214517876,19.2,0.1155,7.02,13.025210084033612,64.41320187848841,70.58823529411765,84.55758774097875,59.82142857142857,55.69751926843125,0.07563025210084033,0.7478991596638656,0.7058823529411765,0.8571428571428571,D-,B,B,B+,bgcgroupinc,0.0,0.8333333333333334,0.7045454545454546,6.0,0.0,0.0,0.0,0.59375,C+,56.67966212557411,70.45454545454545,42.27272727272727,23.208982779580303,True,False,13.025210084033612
LVS,Las Vegas Sands Corp,Consumer Discretionary,Casinos & Gaming,38.32,14.5217,1.828,8.2714,16.267617592120903,29.56,18.11,139.84,0.21489999999999998,10.24,0.008027168879283668,-28.1985,29.56,18.11,-28.1985,0.008183654341431371,139.84,0.21489999999999998,10.24,58.53377630121816,79.7202380952381,76.07991242474002,15.904761904761905,10.47619047619048,57.77842218148955,0.6342857142857142,0.8742857142857143,0.8114285714285714,0.09142857142857143,B-,B+,B+,D-,lasvegassandscorp,-0.040000000000000036,0.72,0.6916666666666667,25.0,0.0,0.0,-0.037846153846153884,0.08,D-,53.826041229108604,69.16666666666667,41.5,23.002315914657768,False,True,10.47619047619048
CRUS,Cirrus Logic Inc,Information Technology,Semiconductors,120.8,13.9029,2.9203,9.8634,2.8721830969171585,28.21,6.25,20.349999999999998,0.2305,20.349999999999998,0.19606256742179065,-5.2402,28.21,6.25,-5.2402,0.19606256742179065,20.349999999999998,0.2305,20.349999999999998,83.53109827557341,37.918834678128846,74.44444444444444,15.759685151260419,35.3448275862069,55.229589645882314,0.8729281767955801,0.3149171270718232,0.7651933701657458,0.08287292817679558,B+,C-,B,D-,cirruslogicinc,0.0,0.75,0.6911764705882353,12.0,0.0,0.0,0.0,0.275,D+,53.764072404503004,69.11764705882352,41.47058823529411,22.867741293718755,False,True,15.759685151260419
HWM,Howmet Aerospace Inc,Industrials,Aerospace & Defense,230.94,49.2225,10.1015,34.5071,17.32678095809731,35.22,18.08,34.410000000000004,0.272,20.13,0.3733851153205991,18.2086,35.22,18.08,18.2086,0.3733851153205991,34.410000000000004,0.272,20.13,9.008551211649317,71.47566215889196,86.69945086468323,65.36042412016243,43.648763853367434,56.294217774894015,0.03614457831325301,0.8232931726907631,0.9558232931726908,0.6746987951807228,F,B+,A,B-,howmetaerospaceinc,0.0,0.8214285714285714,0.7803030303030304,28.0,0.0,0.0,0.0,0.5294117647058824,C+,55.65909416023076,78.03030303030305,46.81818181818183,22.716967142380557,True,False,9.008551211649317
TMDX,Transmedics Group Inc,Health Care,Health Care Equipment,83.01,19.1069,4.336,35.0299,6.012603215993047,105.49,25.82,32.97,0.12210000000000001,13.239999999999998,0.2388549976536838,-27.347,105.49,25.82,-27.347,0.2388549976536838,32.97,0.12210000000000001,13.239999999999998,47.083149374540106,90.91048692640987,69.97792494481236,16.373509933774834,16.770186335403725,55.722067951875054,0.4768211920529801,0.9933774834437086,0.7086092715231788,0.11258278145695365,C,A+,B,D,transmedicsgroupinc,-0.05263157894736836,0.6842105263157895,0.65625,19.0,0.0,0.0,-0.05263157894736836,0.14285714285714285,D,52.399086585415425,65.625,39.375,22.56405877275259,False,True,16.373509933774834
ORCL,Oracle Corp,Information Technology,Application Software,137.79,21.4252,5.6476,20.5434,9.335555600723591,49.08,21.62,42.58,0.3212,10.76,0.11194962507210147,-53.2209,49.08,21.62,-43.47974,0.11194962507210147,42.58,0.3212,10.76,61.1909844299347,70.93977260850642,74.62962962962963,11.070629751947077,13.999999999999998,55.35723398698178,0.6795580110497238,0.7679558011049724,0.7734806629834254,0.06077348066298342,B-,B,B,D-,oraclecorp,-0.020408163265306145,0.7959183673469388,0.7731481481481481,49.0,0.0,0.0,-0.020408163265306145,0.075,D-,51.75723398698178,77.31481481481481,46.388888888888886,22.31056927499814,False,True,11.070629751947077
NX,Quanex Building Products Corp,Industrials,Building Products,19.13,19.7485,0.4807,7.1399,1.2032278962695533,,1.26,6.1899999999999995,0.0596,3.18,0.6582587469487389,40.4348,,1.26,40.4348,0.6582587469487389,6.1899999999999995,0.0596,3.18,87.53053028440291,43.75,19.741551238969482,87.88320629456602,42.15686274509804,58.14466163975631,0.9317269076305221,0.3534136546184739,0.13654618473895583,0.8995983935742972,A,C-,D,B+,quanexbuildingproductscorp,0.0,0.9,0.7833333333333333,10.0,0.0,0.0,0.0,0.3627450980392157,C-,57.360347914266114,78.33333333333333,46.99999999999999,20.733104374279833,False,False,19.741551238969482
MRVL,Marvell Technology Inc,Information Technology,Semiconductors,263.27,87.4508,24.429,62.1677,15.590006573064645,,30.62,16.220000000000002,0.3557,12.57,0.7430120179787418,202.8736,,30.62,202.8736,0.7430120179787418,16.220000000000002,0.3557,12.57,15.458103130755063,64.51310861423221,70.37037037037037,82.3665581544819,35.3448275862069,55.83305172902418,0.0718232044198895,0.6795580110497238,0.7348066298342542,0.8784530386740331,D-,B-,B,B+,marvelltechnologyinc,0.0,0.86,0.8318181818181818,50.0,90.0,84.89281911636292,0.0,0.275,D+,54.36753448764487,83.18181818181817,83.86621855563607,19.456797411290488,True,False,15.458103130755063
LQDA,Liquidia Corp,Health Care,Pharmaceuticals,70.69,45.6501,14.0326,36.7895,78.03289546307539,,2233.65,149.64,0.3739,50.019999999999996,0.683687551752691,237.9358,,50.44,119.0341,0.683687551752691,108.28999999999999,0.3739,29.675,23.0139808682855,74.46095795472047,96.46799116997794,78.21038040967196,6.632653061224489,65.40476068244435,0.13245033112582782,0.847682119205298,1.0,0.847682119205298,D,B+,A+,B+,liquidiacorp,-0.12380952380952381,0.7333333333333333,0.6875,15.0,0.0,0.0,-0.0796626753468186,0.02857142857142857,F,61.068025988566795,68.75,41.25,19.0848363276385,True,False,6.632653061224489
ANIP,ANI Pharmaceuticals Inc,Health Care,Pharmaceuticals,72.62,15.6939,1.7374,8.2575,3.0220683398599246,,30.9,19.64,0.1537,9.28,0.11086797957695135,-19.5809,,30.9,-19.5809,0.11086797957695135,19.64,0.1537,9.28,82.98749080206034,69.2014477129216,63.90728476821192,13.491452333281998,15.306122448979592,58.26227390180879,0.9205298013245033,0.7814569536423841,0.6490066225165563,0.09933774834437085,A-,B,B-,D-,anipharmaceuticalsinc,-0.06593406593406603,0.8571428571428571,0.7763157894736842,14.0,0.0,0.0,-0.06593406593406603,0.11428571428571428,D,54.79288614670675,77.63157894736842,46.578947368421055,17.931558443106184,False,True,13.491452333281998
META,Meta Platforms Inc,Communication Services,Interactive Media & Services,738.79,26.7709,7.9872,17.2471,8.603907447348684,-3.69,27.65,29.73,0.38079999999999997,23.74,0.8419273907455407,-3.7822,-3.69,27.65,-3.7822,0.8419273907455407,29.73,0.367945,23.74,27.51937984496124,68.74653608815598,86.36363636363637,69.3220866601859,18.840579710144926,61.08447860181778,0.25,0.8181818181818182,0.8863636363636364,0.7045454545454546,D+,B+,B+,B,metaplatformsinc,-0.014084507042253613,0.8732394366197183,0.8519736842105263,71.0,90.0,84.89281911636292,-0.01056338028169021,0.16666666666666666,D,57.96853657283227,85.19736842105263,85.07554869917675,12.5,True,False,18.840579710144926
GPOR,Gulfport Energy Corp,Energy,Oil & Gas Exploration & Production,152.17,5.4173,1.7489,3.5918,1.5592562459397037,-1.63,35.16,27.200000000000003,0.4499,18.87,0.03903394255874649,-14.9099,-1.63,35.16,-14.9099,0.03903394255874649,27.200000000000003,0.4499,18.87,80.09950248756219,66.9998492386552,90.04975124378109,12.205638474295192,40.88669950738916,63.3784109754259,0.9402985074626866,0.7910447761194029,0.9552238805970149,0.05970149253731343,A,B,A,D-,gulfportenergycorp,0.0,0.6842105263157895,0.65625,19.0,0.0,0.0,0.0,0.42857142857142855,C,62.46708092616482,65.625,39.375,12.5,False,True,12.205638474295192
