Ticker,Name,Sector,SubIndustry,Price,PE_Rank,PS_Rank,EV_EBITDA_Used,PB_Ratio,EPS_Growth,Rev_Growth,ROE,Op_Margin,ROIC,Mom_Range,Mom_12M,EPS_Growth_Win,Rev_Growth_Win,Mom_12M_Win,Mom_Range_Win,ROE_Win,Op_Margin_Win,ROIC_Win,Value_S,Growth_S,Prof_S,Mom_S,Rev_S,Fundamental_Score,Value_Pct,Growth_Pct,Prof_Pct,Mom_Pct,Value_Grade,Growth_Grade,Prof_Grade,Mom_Grade,Name_Key
KMT,Kennametal Inc,Industrials,Industrial Machinery & Supplies & Components,31.87,6.9231,1.0058,6.2068,1.5471699945142703,268.24,19.82,24.79,0.2005,17.01,0.4910485933503836,48.8964,191.6919999999998,19.82,48.8964,0.4910485933503836,24.79,0.2005,17.01,90.48657213889571,94.72492068953835,77.2390241237057,79.2542975647745,50.0,81.72724271651292,0.963855421686747,0.9959839357429718,0.8353413654618473,0.8112449799196787,A,A+,B+,B+,kennametalinc
INSW,International Seaways Inc,Energy,Oil & Gas Storage & Transportation,107.92,6.7159,4.1626,5.9003,2.6390889371993675,225.76,57.36,37.04,0.6415000000000001,28.28,0.926354401805869,122.8692,225.76,57.36,103.39053999999997,0.8722983947695455,36.65899999999999,0.51006,21.97099999999999,58.208955223880594,88.62354892205639,97.76119402985076,97.8407960199005,50.0,81.28540630182421,0.664179104477612,0.9701492537313433,1.0,1.0,B-,A+,A+,A+,internationalseawaysinc
KALU,Kaiser Aluminum Corp,Materials,Aluminum,153.22,10.987,0.603,7.5056,3.691959229898075,246.13,32.83,26.290000000000003,0.0823,11.86,0.631126012587743,106.1208,246.13,32.83,79.35161499999998,0.631126012587743,26.290000000000003,0.0823,11.86,88.9705882352941,89.51406649616368,69.11764705882352,89.64194373401534,50.0,80.3532608695652,0.9852941176470589,0.9411764705882353,0.7058823529411765,0.9264705882352942,A+,A,B,A-,kaiseraluminumcorp
LPG,Dorian LPG Ltd,Energy,Oil & Gas Storage & Transportation,55.52,7.1019,3.9063,6.0999,2.0854305332271585,557.35,81.06,28.439999999999998,0.5763,19.400000000000002,0.8771057718862195,69.7807,557.35,65.13999999999997,69.7807,0.8722983947695455,28.439999999999998,0.51006,19.400000000000002,57.21393034825871,96.75373134328359,93.28358208955224,89.57213930348259,50.0,79.88955223880598,0.6417910447761194,1.0,0.9701492537313433,0.9552238805970149,B-,A+,A+,A,dorianlpgltd
CF,CF Industries Holdings Inc,Materials,Fertilizers & Agricultural Chemicals,116.01,8.2677,2.2424,4.8511,3.6820155393053016,76.26,20.04,40.410000000000004,0.4103,25.14,0.6100090171325518,27.823,76.26,20.04,27.823,0.6100090171325518,37.95649999999999,0.4103,21.267,74.01960784313725,84.68137254901961,96.07843137254902,74.75490196078431,50.0,79.41176470588235,0.8382352941176471,0.9117647058823529,1.0,0.7647058823529411,B+,A-,A+,B,cfindustriesholdingsinc
MU,Micron Technology Inc,Information Technology,Semiconductors,1042.08,24.2192,13.5401,17.626,21.586149467430616,700.71,166.98,70.55,0.6563,61.480000000000004,0.8064979324760304,590.0976,700.71,54.72500000000002,262.11377,0.8064979324760304,70.55,0.4317149999999999,61.480000000000004,53.90821195379207,96.11014226971236,94.07407407407408,90.90525064620127,50.0,79.39865009014926,0.5966850828729282,1.0,0.9779005524861878,0.9613259668508287,C+,A+,A+,A,microntechnologyinc
CENX,Century Aluminum Co,Materials,Aluminum,38.25,6.2972,1.4248,4.7646,4.6990749272104075,383.76,9.67,58.86,0.2783,37.84,0.2853653120142127,47.8814,383.76,9.67,47.8814,0.2853653120142127,37.95649999999999,0.2783,21.267,81.86274509803921,78.85763000852515,94.6078431372549,65.72890025575447,50.0,78.03495311167946,0.9191176470588235,0.8823529411764706,0.9852941176470589,0.6764705882352942,A-,B+,A+,B-,centuryaluminumco
PARR,Par Pacific Holdings Inc,Energy,Oil & Gas Refining & Marketing,76.59,4.5287,0.4503,3.4491,2.5175528557904703,5.6,13.19,53.510000000000005,0.1328,34.58,0.7958172812328014,104.704,5.6,13.19,103.39053999999997,0.7958172812328014,36.65899999999999,0.1328,21.97099999999999,96.51741293532338,53.384101205339846,81.59203980099504,83.78795676788474,50.0,76.96177477872453,1.0,0.5970149253731343,0.8955223880597015,0.8805970149253731,A+,C+,B+,B+,parpacificholdingsinc
AES,AES Corp,Utilities,Independent Power Producers & Energy Traders,14.87,5.6671,0.8127,11.3055,2.606576917683354,84.8,8.49,43.309999999999995,0.1522,5.3,0.4059829059829059,14.1213,84.8,8.49,14.1213,0.4059829059829059,23.067999999999998,0.1522,5.3,88.50574712643679,75.22100193922176,63.79310344827585,89.80509745127436,50.0,76.07993252177738,0.9482758620689655,0.8448275862068966,0.6724137931034483,0.9137931034482759,A,B+,B-,A-,aescorp
INDV,"Indivior Pharmaceuticals, Inc",Health Care,Pharmaceuticals,36.05,11.9096,3.1741,10.9051,96.46775488359647,237.5,13.55,159.06,0.30260000000000004,29.4,0.6661563534001677,57.0364,237.5,13.55,57.0364,0.6661563534001677,108.28999999999999,0.30260000000000004,29.4,75.90875643855776,77.35598205838264,92.82560706401766,65.65840135530571,50.0,75.78646755838153,0.8278145695364238,0.8807947019867549,0.9701986754966887,0.6622516556291391,B+,B+,A+,B-,indiviorpharmaceuticalsinc
NEM,Newmont Corporation,Materials,Gold,116.68,14.8831,4.9656,7.9435,3.751864999742759,42.23,25.18,25.05,0.5097,21.54,0.6858541525995951,45.1297,42.23,25.18,45.1297,0.6858541525995951,25.05,0.44605999999999996,21.267,60.78431372549019,71.95225916453538,94.11764705882354,86.18925831202046,50.0,75.3537936913896,0.7205882352941176,0.8088235294117647,0.9705882352941176,0.8676470588235294,B,B+,A+,B+,newmontcorporation
EIX,Edison International,Utilities,Electric Utilities,51.87,5.1396,1.0431,6.4438,1.1353836051220312,37.4,10.76,22.66,0.32689999999999997,6.79,0.0,-2.5902,37.4,10.76,-2.5902,0.00851136904151266,22.66,0.32689999999999997,6.79,97.12643678160919,85.42561196936833,90.80459770114942,31.354079058031957,50.0,75.33869682616971,1.0,0.9482758620689655,0.9827586206896551,0.3275862068965517,A+,A,A+,C-,edisoninternational
LNC,Lincoln National Corp,Financials,Multi-line Insurance,41.68,3.3834,0.3886,1.4819,0.7263285381941116,92.19,12.9,21.990000000000002,0.15380000000000002,13.84,0.6134969325153374,3.7323,92.19,12.9,3.7323,0.6134969325153374,21.990000000000002,0.15380000000000002,13.84,98.109243697479,71.82328083615639,77.73109243697479,59.887955182072844,50.0,75.3023312372593,0.9957983193277311,0.8613445378151261,0.7773109243697479,0.6134453781512605,A+,B+,B,B-,lincolnnationalcorp
TILE,Interface Inc,Industrials,Office Services & Supplies,35.27,9.3751,1.4459,7.3415,3.1869809973886096,127.84,4.06,33.54,0.1889,25.540000000000003,0.6751552795031058,24.1623,127.84,4.06,24.1623,0.6751552795031058,33.54,0.1889,25.540000000000003,85.24383247274814,65.8858387429816,83.11996284457557,72.10625862949443,50.0,74.68936830382613,0.9156626506024096,0.7630522088353414,0.9076305220883534,0.7429718875502008,A-,B,A-,B,interfaceinc
TDC,Teradata Corp,Information Technology,IT Consulting & Other Services,28.3,5.8765,1.5916,3.3738,11.3814598833702,319.76,0.96,114.57,0.359,54.64,0.3715635037925586,32.2669,319.76,0.96,32.2669,0.3715635037925586,114.57,0.359,54.64,94.46467436798929,59.64261289911563,93.33333333333333,53.560742083355066,50.0,74.59017292182479,0.9834254143646409,0.6187845303867403,0.9613259668508287,0.47513812154696133,A+,B-,A,C,teradatacorp
THC,Tenet Healthcare Corp,Health Care,Health Care Facilities,260.32,9.3314,0.9409,5.8934,5.363828362437542,66.15,7.43,50.629999999999995,0.204,12.709999999999999,0.8188411572487446,32.0201,66.15,7.43,32.0201,0.8188411572487446,50.629999999999995,0.204,12.709999999999999,92.7093451066961,65.56161183960128,77.70419426048564,68.84326710816777,50.0,74.48436063134925,0.9801324503311258,0.7284768211920529,0.8079470198675497,0.6821192052980133,A+,B,B+,B-,tenethealthcarecorp
MPC,Marathon Petroleum Corp,Energy,Oil & Gas Refining & Marketing,393.69,12.9191,0.7083,7.7688,6.707785624834942,330.24,15.76,48.71,0.0906,16.97,0.8610811814973064,100.3258,330.24,15.76,100.3258,0.8610811814973064,36.65899999999999,0.0906,16.97,71.14427860696516,83.14684559323433,70.39800995024876,86.91713844570252,50.0,74.39836894709086,0.8432835820895522,0.8955223880597015,0.746268656716418,0.9104477611940298,B+,B+,B,A-,marathonpetroleumcorp
DELL,Dell Technologies Inc,Information Technology,"Technology Hardware, Storage & Peripherals",542.11,31.4548,2.3671,23.0237,141.45075016307894,145.25,49.03,130.7,0.0943,13.700000000000001,0.8899627027138413,329.8183,145.25,49.03,262.11377,0.8899627027138413,114.73149999999994,0.0943,13.700000000000001,66.12150510631173,87.78747024033956,68.24074074074075,88.8262189162217,50.0,73.91329929307538,0.7237569060773481,0.9447513812154696,0.7071823204419889,0.9447513812154696,B,A,B,A,delltechnologiesinc
GEO,Geo Group Inc,Industrials,Environmental & Facilities Services,30.65,14.0945,1.4534,12.6366,2.773153342260504,227.6,15.32,19.3,0.10880000000000001,9.42,0.8788759689922481,49.2352,191.6919999999998,15.32,49.2352,0.8706365842083148,19.3,0.10880000000000001,9.42,74.93648061634292,90.96483887124282,53.21585662377401,93.072077189829,50.0,73.8454675222436,0.8433734939759037,0.9879518072289156,0.5301204819277109,0.9598393574297188,B+,A+,C+,A,geogroupinc
NFG,National Fuel Gas Co,Utilities,Gas Utilities,79.27,11.1178,1.7359,6.5866,2.3151082204303117,169.02,98.09,18.72,0.23399999999999999,10.38,0.18730013704888052,-14.6608,90.91999999999999,22.392999999999994,-14.6608,0.18730013704888052,18.72,0.23399999999999999,7.448999999999998,89.08045977011494,97.93844003588042,83.9080459770115,28.03804994054697,50.0,73.44242443206709,0.9655172413793104,1.0,0.896551724137931,0.20689655172413793,A,A+,B+,D+,nationalfuelgasco
EXPE,Expedia Group Inc,Consumer Discretionary,"Hotels, Resorts & Cruise Lines",265.19,15.5724,2.0195,8.9365,25.30004388559217,96.84,12.0,184.84,0.15990000000000001,30.490000000000002,0.5097025405336397,22.7613,96.84,12.0,22.7613,0.5097025405336397,184.84,0.15990000000000001,30.490000000000002,53.942414174972306,89.24603174603175,86.35139573070607,76.73015873015873,50.0,73.26869057165769,0.5542857142857143,0.9428571428571428,0.96,0.7485714285714286,C+,A,A,B,expediagroupinc
CROX,Crocs Inc,Consumer Discretionary,Footwear,123.51,10.1914,1.4915,7.7919,4.794158974637654,211.15,-2.03,43.41,0.2073,22.259999999999998,0.7389452034670193,64.5662,109.7939999999999,-2.03,54.84940999999998,0.7389452034670193,43.41,0.2073,22.259999999999998,68.45182724252491,58.55282738095239,80.68089764641489,96.19047619047618,50.0,73.23184193652067,0.7428571428571429,0.6,0.8914285714285715,0.9771428571428571,B,C+,B+,A+,crocsinc
PBF,PBF Energy Inc,Energy,Oil & Gas Refining & Marketing,74.11,6.4551,0.2541,3.6764,1.6291385196404509,,13.54,24.08,0.057699999999999994,17.07,0.8508510264958764,119.5769,,13.54,103.39053999999997,0.8508510264958764,24.08,0.057699999999999994,17.07,94.02985074626866,55.931549150797736,63.18407960199005,88.60524961399898,50.0,73.21084234002402,0.9850746268656716,0.6268656716417911,0.6417910447761194,0.9253731343283582,A+,B-,B-,A-,pbfenergyinc
MCY,Mercury General Corp,Financials,Property & Casualty Insurance,99.49,5.8772,0.8682,3.7349,2.279695154645317,140.14,9.95,37.19,0.18780000000000002,29.409999999999997,0.6499871034304873,21.5578,140.14,9.95,21.5578,0.6499871034304873,37.19,0.18780000000000002,29.409999999999997,65.7563025210084,66.19325404000375,93.27731092436974,76.06886657101865,50.0,73.21082748354901,0.6869747899159664,0.773109243697479,0.9327731092436975,0.7773109243697479,B-,B,A,B,mercurygeneralcorp
INVA,Innoviva Inc,Health Care,Pharmaceuticals,20.68,4.1943,3.4054,6.7197,1.3160155529110797,1744.6,18.84,30.03,0.36950000000000005,24.68,0.48203939745075325,11.6855,364.82049999999936,18.84,11.6855,0.48203939745075325,30.03,0.36950000000000005,24.68,79.68359087564386,87.86865470151179,89.84547461368653,40.85322655167103,50.0,73.12664262296916,0.8940397350993378,0.9735099337748344,0.9437086092715232,0.3708609271523179,B+,A+,A,C-,innovivainc
GEF,Greif Inc,Materials,"Metal, Glass & Plastic Containers",82.1,4.4074,1.1035,8.2905,1.3378983751297566,420.19,-24.38,33.4,0.1023,24.47,0.7568576762889558,40.4111,420.19,-16.235,40.4111,0.7568576762889558,33.4,0.1023,21.267,81.86274509803923,50.34722222222222,80.63725490196079,86.76470588235296,50.0,73.04738562091504,0.9411764705882353,0.4852941176470588,0.875,0.8823529411764706,A,C,B+,B+,greifinc
SNDK,Sandisk Corp,Information Technology,"Technology Hardware, Storage & Peripherals",1674.68,22.7678,12.8558,20.3814,15.537832341196207,,175.3,93.13,0.6119,89.56,0.6993571016274817,1785.4598,,54.72500000000002,262.11377,0.6993571016274817,93.13,0.4317149999999999,61.4965,53.2929432446007,73.41760299625469,96.1111111111111,79.81701081309095,50.0,72.99793635079708,0.5911602209944752,0.8011049723756906,0.988950276243094,0.8453038674033149,C+,B+,A+,B+,sandiskcorp
EAT,Brinker International Inc,Consumer Discretionary,Restaurants,209.04,17.7694,1.4901,10.7185,19.881683818074602,44.75,36.41,123.85,0.1067,55.76,0.7029542956881505,55.7543,44.75,26.012999999999973,54.84940999999998,0.7029542956881505,123.85,0.1067,41.3595,49.27796234772979,86.51785714285714,79.9792008757526,91.31746031746032,50.0,72.8813542979341,0.49714285714285716,0.92,0.88,0.9314285714285714,C,A-,B+,A,brinkerinternationalinc
JOE,St Joe Co,Real Estate,Real Estate Development,66.19,30.2123,6.7858,19.6281,4.970786584358431,50.48,28.41,16.1,0.3018,9.26,0.7294810452705187,34.5559,50.48,27.119999999999997,29.053299999999997,0.6820497484971167,15.912,0.25073999999999996,9.26,26.666666666666668,88.0952380952381,93.33333333333333,100.0,50.0,72.61904761904762,0.5,1.0,1.0,1.0,C,A+,A+,A+,stjoeco
APA,APA Corp (US),Energy,Oil & Gas Exploration & Production,43.13,8.9291,1.7004,3.1907,2.4984938363147653,58.67,-12.44,26.27,0.4019,15.72,0.8330104610616043,75.5957,58.67,-12.037999999999998,75.5957,0.8330104610616043,26.27,0.4019,15.72,78.60696517412936,39.41504598221017,85.57213930348259,93.23383084577115,50.0,72.57455148499925,0.9104477611940298,0.2835820895522388,0.9402985074626866,0.9701492537313433,A-,D+,A,A+,apacorpus
INCY,Incyte Corp,Health Care,Biotechnology,124.33,15.5746,4.3152,11.7186,4.774962650597782,80.31,26.93,29.599999999999998,0.3056,29.42,0.8394486507474277,51.7144,80.31,26.93,51.7144,0.8394486507474277,29.599999999999998,0.3056,29.42,67.73509933774834,82.7474050068104,88.30022075055187,60.05354375088065,50.0,72.56901977361326,0.7417218543046358,0.9271523178807947,0.9337748344370861,0.5960264900662252,B,A-,A,C+,incytecorp
WDC,Western Digital Corp,Information Technology,"Technology Hardware, Storage & Peripherals",441.14,16.6404,12.1386,36.4912,17.153967297260515,363.83,35.7,117.8,0.3025,85.72999999999999,0.48343293253653963,326.089,363.83,35.7,262.11377,0.48343293253653963,114.73149999999994,0.3025,61.4965,48.26929516156036,89.12742700579213,92.96296296296298,70.8151691924648,50.0,72.29658377078222,0.4861878453038674,0.9613259668508287,0.9558011049723757,0.7569060773480663,C,A,A,B,westerndigitalcorp
VLO,Valero Energy Corp,Energy,Oil & Gas Refining & Marketing,392.6,14.8978,0.7708,11.0246,4.9468459761830665,895.99,12.62,29.94,0.0718,20.549999999999997,0.8997624241983051,121.9814,574.281999999999,12.62,103.39053999999997,0.8722983947695455,29.94,0.0718,20.549999999999997,62.18905472636816,75.32198522076717,70.14925373134328,95.69737519300052,50.0,72.28844919718141,0.7611940298507462,0.8507462686567164,0.7238805970149254,0.9850746268656716,B,B+,B,A+,valeroenergycorp
ECPG,Encore Capital Group Inc,Financials,Consumer Finance,98.02,6.9214,1.0978,8.528,2.1764617065307172,13.54,29.55,29.830000000000002,0.3605,5.970000000000001,0.8929724742426571,125.9701,13.54,29.55,49.25565499999992,0.8728421284860932,29.830000000000002,0.3605,5.970000000000001,66.59663865546219,46.759777700082026,87.39495798319328,96.78125795772854,50.0,72.20610629122598,0.7142857142857143,0.42857142857142855,0.8739495798319328,0.9873949579831933,B,C,B+,A+,encorecapitalgroupinc
LAUR,Laureate Education Inc,Consumer Discretionary,Education Services,37.52,16.0218,2.8151,9.7752,4.514661821507214,31.4,17.89,28.599999999999998,0.24420000000000003,24.91,0.7864936042136949,22.1424,31.4,17.89,22.1424,0.7864936042136949,28.599999999999998,0.24420000000000003,24.91,47.03543743078627,85.78201970443348,78.75314723590587,91.17241379310346,50.0,71.83803286618041,0.4685714285714286,0.9085714285714286,0.8514285714285714,0.92,C,A-,B+,A-,laureateeducationinc
MUSA,Murphy USA Inc,Consumer Discretionary,Automotive Retail,519.13,15.2338,0.4377,9.4314,15.457796490559408,35.96,10.27,94.56,0.043,21.7,0.5915133728141433,32.4547,35.96,10.27,32.4547,0.5915133728141433,94.56,0.043,21.7,70.47729789590254,81.34453781512605,60.0,88.23529411764704,50.0,71.53529086053025,0.7714285714285715,0.8914285714285715,0.5828571428571429,0.8742857142857143,B,B+,C+,B+,murphyusainc
DLTR,Dollar Tree Inc,Consumer Staples,Consumer Staples Merchandise Retail,116.37,13.2732,1.0665,7.9929,6.151967392511062,-4.81,48.09,45.58,0.1106,25.290000000000003,0.5487952851447392,21.3123,-4.81,29.54249999999999,21.3123,0.5487952851447392,45.58,0.1106,25.290000000000003,75.71428571428572,66.44281644281644,80.0,71.32275132275132,50.0,71.48168498168498,0.8571428571428571,0.7142857142857143,0.8571428571428571,0.6857142857142857,B+,B,B+,B-,dollartreeinc
ARW,Arrow Electronics Inc,Information Technology,Technology Distributors,231.55,14.6015,0.3299,10.2016,1.7958661340985769,76.41,26.05,12.139999999999999,0.0337,8.64,0.9573359853861658,95.8936,76.41,26.05,95.8936,0.9332220367278796,12.139999999999999,0.0337,8.64,92.36041352754062,83.99172654507848,35.74074074074074,85.18351536423083,50.0,70.8603369489322,0.9668508287292817,0.9171270718232044,0.3149171270718232,0.8950276243093923,A,A-,C-,B+,arrowelectronicsinc
SOLV,Solventum Corp,Health Care,Health Care Technology,88.86,10.6167,1.8333,8.0828,3.0533564242124362,277.11,-0.93,28.98,0.2386,14.16,0.8332284455632474,27.0224,277.11,-0.93,27.0224,0.8332284455632474,28.98,0.2386,14.16,86.74172185430463,53.63679831264355,79.02869757174393,68.41569026999491,50.0,70.85310257303983,0.9536423841059603,0.5364238410596026,0.8344370860927153,0.6754966887417219,A,C+,B+,B-,solventumcorp
ADEA,Adeia Inc,Information Technology,IT Consulting & Other Services,24.91,22.905,5.9675,12.1829,5.650191666477647,45.93,24.35,26.700000000000003,0.41619999999999996,14.13,0.5851297844258688,52.9412,45.93,24.35,52.9412,0.5851297844258688,26.700000000000003,0.41619999999999996,14.13,66.15184999162899,76.03655000793096,78.33333333333333,72.39250679299383,50.0,70.80710719142553,0.7292817679558011,0.8453038674033149,0.8259668508287292,0.7790055248618785,B,B+,B+,B,adeiainc
TMP,Tompkins Financial Corp,Financials,Regional Banks,98.02,8.1695,3.46671,,1.4984720232735542,120.03,16.23686,19.3,0.08044029999999999,17.06,0.8878516152806781,45.698,120.03,16.23686,45.698,0.8728421284860932,19.3,0.08044029999999999,17.06,71.84873949579833,51.2540109653531,71.84873949579831,97.53239613602449,50.0,70.68165116817468,0.8172268907563025,0.5294117647058824,0.7184873949579832,0.9957983193277311,B+,C+,B,A+,tompkinsfinancialcorp
VSXY,Victoria's Secret & Co,Consumer Discretionary,Apparel Retail,87.36,17.4492,0.9543,,,167.02,10.32,45.97,0.0786,19.950000000000003,0.8048339149541166,223.9937,109.7939999999999,10.32,54.84940999999998,0.8028694842823204,45.97,0.0786,19.950000000000003,52.666666666666664,85.17559523809524,63.91133004926109,97.47619047619048,50.0,70.67485632183909,0.5314285714285715,0.9028571428571428,0.6571428571428571,0.9942857142857143,C+,A-,B-,A+,victoriassecretco
AMN,AMN Healthcare Services Inc,Health Care,Health Care Services,34.61,12.7577,0.3897,5.1046,2.071996024832821,,23.99,15.310000000000002,0.0582,7.19,0.8826966292134831,92.9648,,23.99,92.9648,0.8826966292134831,15.310000000000002,0.0582,7.19,95.14054451802797,67.46486835729284,47.019867549668874,83.11419802939751,50.0,70.65591629426228,0.9933774834437086,0.7682119205298014,0.423841059602649,0.9006622516556292,A+,B,C,A-,amnhealthcareservicesinc
NLY,Annaly Capital Management Inc,Financials,Mortgage REITs,20.55,5.2635,1.8439,45.7833,0.9028958572238259,231.09,50.87,18.39,0.35240000000000005,2.22,0.12168141592920372,-1.0086,185.31,50.87,-1.0086,0.12168141592920372,18.39,0.35240000000000005,2.22,94.9579831932773,88.51509254569527,69.74789915966386,33.796127146510784,50.0,70.63871452667651,0.9852941176470589,0.9873949579831933,0.6974789915966386,0.3445378151260504,A+,A+,B-,C-,annalycapitalmanagementinc
UTL,Unitil Corp,Utilities,Electric Utilities,50.15,16.4259,1.5586,9.125,1.4741588622962194,8.52,20.8,9.11,0.1894,3.7199999999999998,0.38281249999999983,10.6337,8.52,20.8,10.6337,0.38281249999999983,9.11,0.1894,3.7199999999999998,86.78160919540228,82.80657488970533,37.931034482758626,88.99915895710681,50.0,70.53930768890265,0.9137931034482759,0.9310344827586207,0.3448275862068966,0.896551724137931,A-,A,C-,B+,unitilcorp
NVDA,NVIDIA Corp,Information Technology,Semiconductors,229.67,28.1222,17.9034,27.0209,35.487260309955346,125.15,83.38,110.11,0.6517000000000001,101.59,0.904939809049398,26.6644,125.15,54.72500000000002,26.6644,0.904939809049398,110.11,0.4317149999999999,61.4965,43.022769127741505,90.53328065258228,96.29629629629629,62.685134920044135,50.0,70.47344947053473,0.40331491712707185,0.9779005524861878,0.994475138121547,0.5966850828729282,C,A+,A+,C+,nvidiacorp
TPR,Tapestry Inc,Consumer Discretionary,"Apparel, Accessories & Luxury Goods",113.11,14.8633,2.8369,11.6187,32.75133194347927,1030.94,14.17,262.81,0.23920000000000002,50.449999999999996,0.28008356545961,5.6401,109.7939999999999,14.17,5.6401,0.28008356545961,195.4694999999998,0.23920000000000002,41.3595,43.52380952380952,91.53140394088669,95.03886152162015,62.152380952380966,50.0,70.37742474001095,0.4342857142857143,0.9542857142857143,1.0,0.6057142857142858,C,A,A+,B-,tapestryinc
HRB,H & R Block Inc,Consumer Discretionary,Specialized Consumer Services,41.31,7.0892,1.3181,5.5657,43.65884590995561,27.92,4.9,249.96999999999997,0.23010000000000003,18.25,0.4310062274664045,-14.3872,27.92,4.9,-14.3872,0.4310062274664045,195.4694999999998,0.23010000000000003,18.25,78.25249169435216,64.32967032967032,84.8888888888889,56.48351648351648,50.0,69.94798250844762,0.8971428571428571,0.7142857142857143,0.9371428571428572,0.5542857142857143,B+,B,A,C+,hrblockinc
AMG,Affiliated Managers Group Inc,Financials,Asset Management & Custody Banks,372.06,11.2853,4.2567,19.598,3.1020329212685933,121.28,11.81,26.950000000000003,0.2152,14.46,0.8718835965382611,57.2372,121.28,11.81,49.25565499999992,0.8718835965382611,26.950000000000003,0.2152,14.46,46.21848739495799,66.20771081224791,85.29411764705883,94.04295051353874,50.0,69.92828352566154,0.42857142857142855,0.7773109243697479,0.8529411764705882,0.9537815126050421,C,B,B+,A,affiliatedmanagersgroupinc
RAMP,Liveramp Holdings Inc,Information Technology,Application Software,37.54,14.6405,2.7398,17.4608,2.338576545709391,1035.52,8.85,16.16,0.1159,16.16,0.9582614485910589,34.8436,703.5419999999999,8.85,34.8436,0.9332220367278796,16.16,0.1159,16.16,78.40699815837938,65.60061028447751,58.703703703703695,86.50649711410847,50.0,69.69909694523797,0.8287292817679558,0.6906077348066298,0.6187845303867403,0.9116022099447514,B+,B-,B-,A-,liverampholdingsinc
IESC,IES Holdings Inc,Industrials,Construction & Engineering,325.14,28.318,3.2406,25.0986,25.70906704409776,128.31,57.05,43.99,0.12369999999999999,43.55,0.6510768714051807,70.5947,128.31,36.967999999999954,70.5947,0.6510768714051807,43.99,0.12369999999999999,29.789999999999996,31.15154495533153,92.90170174098746,80.79556320520176,90.44836488812393,50.0,69.6567903659556,0.23694779116465864,0.9919678714859438,0.8634538152610441,0.9317269076305221,D+,A+,B+,A,iesholdingsinc
CCK,Crown Holdings Inc,Materials,Paper & Plastic Packaging Products & Materials,108.27,14.9906,0.8866,8.2692,4.094746078090253,45.86,10.35,26.58,0.12140000000000001,8.6,0.5655786350148369,13.8432,45.86,10.35,13.8432,0.5655786350148369,26.58,0.12140000000000001,8.6,79.41176470588236,71.05228758169935,70.09803921568628,64.75294117647059,50.0,69.53849673202615,0.8823529411764706,0.7794117647058824,0.7352941176470589,0.6617647058823529,B+,B,B,B-,crownholdingsinc
ANF,Abercrombie & Fitch Co,Consumer Discretionary,Apparel Retail,136.76,10.7444,1.0782,5.7199,4.3841483352674535,10.51,4.73,39.589999999999996,0.1371,39.589999999999996,0.7943633730644981,54.4616,10.51,4.73,54.4616,0.7943633730644981,39.589999999999996,0.1371,39.589999999999996,75.76633444075304,42.19642857142857,76.6984126984127,89.75238095238096,50.0,69.50594868955335,0.8685714285714285,0.36,0.8228571428571428,0.8914285714285715,B+,C-,B+,B+,abercrombiefitchco
UFCS,United Fire Group Inc,Financials,Property & Casualty Insurance,53.5,9.7252,0.9307,6.8586,1.4507805741836988,52.92,11.36,14.96,0.12869999999999998,12.950000000000001,0.8799999999999999,74.6806,52.92,11.36,49.25565499999992,0.8728421284860932,14.96,0.12869999999999998,12.950000000000001,69.11764705882352,63.276217484319645,59.2436974789916,98.38491494158639,50.0,69.42256261963499,0.7478991596638656,0.7394957983193278,0.592436974789916,1.0,B,B,C+,A+,unitedfiregroupinc
CHRD,Chord Energy Corp,Energy,Oil & Gas Exploration & Production,137.38,8.7864,1.1794,3.0429,0.965104360953808,248.85,19.23,10.42,0.18969999999999998,8.82,0.7297074577667902,31.6873,248.85,19.23,31.6873,0.7297074577667902,10.42,0.18969999999999998,8.82,85.57213930348259,81.92220714608773,50.74626865671642,68.66998341625208,50.0,69.19804010251771,0.9701492537313433,0.8805970149253731,0.44776119402985076,0.6417910447761194,A+,B+,C,B-,chordenergycorp
HCSG,Healthcare Services Group Inc,Industrials,Environmental & Facilities Services,20.97,11.7501,0.7748,9.2393,2.8604555995089345,1113.07,5.22,24.12,0.06849999999999999,24.12,0.549926550905872,28.6675,191.6919999999998,5.22,28.6675,0.549926550905872,24.12,0.06849999999999999,24.12,88.01792202824906,66.68616188320622,61.494959429554946,67.31630250770853,50.0,69.17871324263395,0.9477911646586346,0.7751004016064257,0.6385542168674698,0.6907630522088354,A,B,B-,B-,healthcareservicesgroupinc
FIVE,Five Below Inc,Consumer Discretionary,Specialty Stores,228.03,19.7923,2.3062,11.8844,5.741991856509379,125.33,25.56,27.73,0.1475,27.73,0.7157527457277665,46.7176,109.7939999999999,25.56,46.7176,0.7157527457277665,27.73,0.1475,27.73,36.64673311184939,95.22390109890111,72.28352490421456,88.46153846153845,50.0,68.9696524161039,0.3485714285714286,0.9942857142857143,0.7657142857142857,0.88,C-,A+,B,B+,fivebelowinc
BMY,Bristol-Myers Squibb Co,Health Care,Pharmaceuticals,62.88,13.8323,2.6106,10.7967,6.851987054451939,99.29,3.11,46.760000000000005,0.2551,14.219999999999999,0.77947932618683,44.8053,99.29,3.11,44.8053,0.77947932618683,46.760000000000005,0.2551,14.219999999999999,77.45695364238411,54.72700979633014,82.56070640176601,64.54951486215926,50.0,68.85971994273541,0.8410596026490066,0.5629139072847682,0.8741721854304636,0.6423841059602649,B+,C+,B+,B-,bristolmyerssquibbco
ALL,Allstate Corp,Financials,Property & Casualty Insurance,226.13,4.3252,0.8205,3.7344,1.9207378188205635,132.8,5.92,43.120000000000005,0.2422,34.57,0.4268566300201927,8.4739,132.8,5.92,8.4739,0.4268566300201927,43.120000000000005,0.2422,29.45649999999999,71.21848739495798,57.059091158327,94.53781512605042,54.94568559130969,50.0,68.84003098017944,0.7899159663865546,0.6176470588235294,0.9453781512605042,0.5756302521008403,B,B-,A,C+,allstatecorp
UGI,UGI Corp,Utilities,Gas Utilities,36.31,13.052,3.4408,8.8532,1.6302322553416935,6.47,0.22,12.21,0.48200000000000004,5.0,0.4825102880658436,11.8566,6.47,0.22,11.8566,0.4825102880658436,12.21,0.39203,5.0,70.6896551724138,31.50489183720299,84.48275862068965,93.10344827586208,50.0,68.71477147088888,0.7931034482758621,0.13793103448275862,0.9137931034482759,0.9482758620689655,B,D,A-,A,ugicorp
BFH,Bread Financial Holdings Inc,Financials,Consumer Finance,101.5,6.9486,0.8734,24.0628,1.345400849922192,118.58,-1.05,17.07,0.1509,2.68,0.785337726523888,71.3453,118.58,-1.05,49.25565499999992,0.785337726523888,17.07,0.1509,2.68,78.15126050420167,45.64323914694574,66.17647058823529,92.15686274509804,50.0,68.641953151518,0.9033613445378151,0.4117647058823529,0.6617647058823529,0.9453781512605042,A-,C,B-,A,breadfinancialholdingsinc
TGTX,TG Therapeutics Inc,Health Care,Biotechnology,56.54,19.9116,10.9948,71.1211,39.62436050178709,633.73,76.08,72.3,0.1591,39.92,0.9151813153042411,65.791,364.82049999999936,50.44,65.791,0.9151813153042411,72.3,0.1591,29.675,32.91537895511406,97.20800870303879,84.43708609271523,74.29336339298295,50.0,68.63839068116167,0.2913907284768212,1.0,0.8874172185430463,0.7417218543046358,D+,A+,B+,B,tgtherapeuticsinc
SON,Sonoco Products Co,Materials,Paper & Plastic Packaging Products & Materials,49.54,7.886,0.6634,5.9207,1.3521000674139516,12.74,12.05,17.849999999999998,0.1387,7.68,0.494550408719346,13.489,12.74,12.05,13.489,0.494550408719346,17.849999999999998,0.1387,7.68,90.19607843137256,65.26960784313725,65.68627450980392,57.69411764705882,50.0,68.56333333333333,1.0,0.7205882352941176,0.6691176470588235,0.5735294117647058,A+,B,B-,C+,sonocoproductsco
EXEL,Exelixis Inc,Health Care,Biotechnology,57.68,16.7448,5.916,14.1322,7.005015727280456,52.69,9.23,42.49,0.39880000000000004,42.49,0.9214175654853621,50.3231,52.69,9.23,50.3231,0.9214175654853621,42.49,0.38915,29.675,61.08903605592348,58.06461601672952,94.48123620309052,65.11765534732986,50.0,68.52902233756538,0.6490066225165563,0.6158940397350994,0.9867549668874173,0.6490066225165563,B-,B-,A+,B-,exelixisinc
TER,Teradyne Inc,Information Technology,Semiconductor Materials & Equipment,387.73,54.1488,13.9522,45.4232,21.64710742878837,152.84,57.87,38.04,0.3023,36.82,0.7211955916731603,199.8269,152.84,54.72500000000002,199.8269,0.7211955916731603,38.04,0.3023,36.82,26.417838607065132,93.0887234298702,84.81481481481482,85.30215003470352,50.0,68.48633804838474,0.20994475138121546,0.988950276243094,0.8839779005524862,0.9005524861878453,D+,A+,B+,A-,teradyneinc
HCI,Hci Group Inc,Financials,Property & Casualty Insurance,176.11,7.0113,2.2852,2.8926,2.1977706561239567,113.17,22.58,30.79,0.48840000000000006,28.84,0.4769581749049432,-3.0427,113.17,22.58,-3.0427,0.4769581749049432,30.79,0.48840000000000006,28.84,65.54621848739495,78.70220954592355,88.65546218487394,45.632301701168274,50.0,68.4173224174856,0.6785714285714286,0.9159663865546218,0.8865546218487395,0.48739495798319327,B-,A-,B+,C,hcigroupinc
CRI,Carter's Inc,Consumer Discretionary,"Apparel, Accessories & Luxury Goods",31.56,5.8913,0.3857,3.2934,1.2427496426504117,42.62,5.17,20.84,0.09119999999999999,13.120000000000001,0.2550607287449393,10.9497,42.62,5.17,10.9497,0.2550607287449393,20.84,0.09119999999999999,13.120000000000001,94.84717607973421,69.74014778325123,52.59551176792556,62.93333333333334,50.0,68.39536818523186,0.9942857142857143,0.76,0.4857142857142857,0.6171428571428571,A+,B,C,B-,cartersinc
PAYC,Paycom Software Inc,Industrials,Human Resource & Employment Services,220.35,20.0187,4.5607,13.1687,6.97382954549051,27.14,9.23,40.44,0.3237,30.490000000000002,0.8241719017704169,2.6111,27.14,9.23,2.6111,0.8241719017704169,40.44,0.28918,29.789999999999996,51.22203098106712,68.90697063110855,94.57093680845833,65.53934245073185,50.0,68.33750456374945,0.5461847389558233,0.8032128514056225,0.9959839357429718,0.6706827309236948,C+,B+,A+,B-,paycomsoftwareinc
ZD,Ziff Davis Inc,Communication Services,Advertising,56.54,3.043,1.4781,5.9749,1.2373724110159847,1040.24,-8.46,34.27,-0.22,23.45,0.8963952237832664,54.9493,431.6479999999967,-8.46,54.9493,0.8963952237832664,34.27,-0.113465,23.45,81.71247357293869,55.396239262518336,56.06060606060606,88.44789356984478,50.0,68.21209647485881,0.9318181818181818,0.6590909090909091,0.4772727272727273,0.9318181818181818,A,B-,C,A,ziffdavisinc
PFBC,Preferred Bank,Financials,Regional Banks,109.0,9.5809,2.84979,,1.6813125961163222,16.38,79.98955,17.32,0.7110449,14.549999999999999,0.8940182054616383,19.5849,16.38,79.98955,19.5849,0.8728421284860932,17.32,0.5811805599999998,14.549999999999999,65.7563025210084,66.75363679613857,67.22689075630252,82.74562161313122,50.0,68.14565000118168,0.6869747899159664,0.7815126050420168,0.6722689075630253,0.8487394957983193,B-,B,B-,B+,preferredbank
GFF,Griffon Corp,Industrials,Building Products,97.84,24.9007,2.0124,12.566,61.299417329741246,192.58,-12.03,176.12,0.1959,12.25,0.7536730945821857,31.4847,191.6919999999998,-5.83,31.4847,0.7536730945821857,69.54999999999994,0.1959,12.25,59.82023331420921,52.54469720685937,80.10928066005519,87.84415211867879,50.0,68.06014835867373,0.6385542168674698,0.5220883534136547,0.8514056224899599,0.9116465863453815,B-,C+,B+,A-,griffoncorp
TGT,Target Corp,Consumer Staples,Consumer Staples Merchandise Retail,160.23,16.2862,0.6641,9.3768,4.488625062680513,12.31,1.95,26.66,0.0559,13.55,0.879509792692704,80.6863,12.31,1.95,67.96360499999999,0.8025340315958557,26.66,0.0559,13.55,73.33333333333333,50.997150997150996,59.28571428571428,98.4126984126984,50.0,68.03673178673179,0.8428571428571429,0.4,0.6285714285714286,1.0,B+,C-,B-,A+,targetcorp
AMRX,Amneal Pharmaceuticals Inc,Health Care,Pharmaceuticals,19.84,40.1214,2.0252,13.7524,460.3248259860789,7506.35,9.28,174.60999999999999,0.1456,2.09,0.8857509627727855,105.9375,364.82049999999936,9.28,105.9375,0.8857509627727855,108.28999999999999,0.1456,2.09,60.650478292862395,75.34747804973294,60.8167770419426,87.05375019251503,50.0,67.84705948215084,0.6357615894039735,0.8609271523178808,0.5894039735099338,0.9403973509933775,B-,B+,C+,A,amnealpharmaceuticalsinc
LLY,Eli Lilly and Co,Health Care,Pharmaceuticals,1190.04,41.7075,13.9841,32.4646,42.372344251263115,94.62,49.58,92.58,0.42219999999999996,35.77,0.8232690320358248,65.6138,94.62,49.58,65.6138,0.8232690320358248,92.58,0.38915,29.675,25.67328918322296,86.01693222006682,96.24724061810154,75.14862159248422,50.0,67.71324321284133,0.19205298013245034,0.9403973509933775,0.9933774834437086,0.7682119205298014,D,A,A+,B,elilillyandco
BBY,Best Buy Co Inc,Consumer Discretionary,Computer & Electronics Retail,89.35,14.9233,0.4498,9.3699,6.303350970017636,65.82,1.45,42.82,0.0405,30.72,0.8266956311851313,21.9976,65.82,1.45,21.9976,0.8028694842823204,42.82,0.0405,30.72,71.05204872646733,59.70496894409938,60.0,89.96273291925465,50.0,67.69655255428765,0.7885714285714286,0.6342857142857142,0.5828571428571429,0.8971428571428571,B,B-,C+,B+,bestbuycoinc
GOOGL,Alphabet Inc,Communication Services,Interactive Media & Services,341.52,17.2238,9.4336,27.1295,9.941345132228157,115.31,20.05,50.839999999999996,0.3311,44.84,0.6116802685651442,39.9243,115.31,20.05,39.9243,0.6116802685651442,50.839999999999996,0.3311,44.84,29.351656095842145,82.47115470952681,91.2878787878788,79.9711369370747,50.0,67.64834205025053,0.2840909090909091,0.8977272727272727,0.9431818181818182,0.8181818181818182,D+,B+,A,B+,alphabetinc
VIRT,Virtu Financial Inc,Financials,Financial Exchanges & Data,51.93,14.9958,2.0241,11.7263,5.0208355490239684,36.21,60.58,33.18,0.3127,5.91,0.5477037025092784,52.3103,36.21,60.58,49.25565499999992,0.5477037025092784,33.18,0.3127,5.91,27.3109243697479,83.36618512194009,91.17647058823529,81.58899923605804,50.0,67.61288561109544,0.226890756302521,0.9537815126050421,0.9117647058823529,0.8361344537815126,D+,A,A-,B+,virtufinancialinc
PM,Philip Morris International Inc,Consumer Staples,Tobacco,191.29,27.3023,6.9781,19.0497,1441.5222305953275,31.96,8.93,575.44,0.3775,44.05,0.749124143183549,16.1463,31.96,8.93,16.1463,0.749124143183549,137.46399999999994,0.34928499999999985,28.479999999999983,24.28571428571429,79.45532728141424,97.85714285714285,80.86956521739131,50.0,67.6006927854754,0.18571428571428572,0.9,1.0,0.8285714285714286,D,B+,A+,B+,philipmorrisinternationalinc
OII,Oceaneering International Inc,Energy,Oil & Gas Equipment & Services,46.59,13.1526,1.6031,11.0268,4.323938041188318,75.21,3.84,32.95,0.10369999999999999,22.58,0.7623332299100217,82.6293,75.21,3.84,82.6293,0.7623332299100217,32.95,0.10369999999999999,21.97099999999999,54.726368159203986,65.43981771813203,74.87562189054727,85.25373134328359,50.0,67.53920732472095,0.5671641791044776,0.746268656716418,0.8507462686567164,0.8955223880597015,C+,B,B+,B+,oceaneeringinternationalinc
URBN,Urban Outfitters Inc,Consumer Discretionary,Apparel Retail,75.6,11.3423,0.9969,6.7137,2.4087019135798533,25.43,11.01,20.72,0.113,20.72,0.6203167246040939,5.7395,25.43,11.01,5.7395,0.6203167246040939,20.72,0.113,20.72,74.03211517165005,71.47619047619048,61.58511220580186,71.63809523809523,50.0,67.52716398722012,0.8285714285714286,0.7828571428571428,0.6342857142857142,0.7142857142857143,B+,B,B-,B,urbanoutfittersinc
SWX,Southwest Gas Holdings Inc,Utilities,Gas Utilities,81.74,11.5002,3.4306,10.9029,1.4903955729380338,166.8,-15.28,12.889999999999999,0.2868,6.890000000000001,0.2820874471086035,5.7194,90.91999999999999,-15.28,5.7194,0.2820874471086035,12.889999999999999,0.2868,6.890000000000001,67.24137931034483,52.63522957214677,85.05747126436782,69.20332936979787,50.0,67.4424244320671,0.7413793103448276,0.5517241379310345,0.9310344827586207,0.6724137931034483,B,C+,A,B-,southwestgasholdingsinc
HRMY,Harmony Biosciences Holdings Inc,Health Care,Biotechnology,40.24,13.2555,2.5032,7.8863,2.6693377733848984,-0.38,24.25,20.06,0.2403,17.02,0.8191430161380078,52.5888,-0.38,24.25,52.5888,0.8191430161380078,20.06,0.2403,17.02,81.22442972774098,53.88080628140511,78.03532008830022,59.0080315626321,50.0,67.39270502281774,0.9072847682119205,0.5496688741721855,0.8211920529801324,0.5894039735099338,A-,C+,B+,C+,harmonybiosciencesholdingsinc
FIX,Comfort Systems USA Inc,Industrials,Construction & Engineering,1683.07,40.7029,5.1999,29.5522,24.177697970910398,108.88,46.11,53.55,0.16469999999999999,51.739999999999995,0.7031716262082477,112.1694,108.88,36.967999999999954,75.1288999999999,0.7031716262082477,53.55,0.16469999999999999,29.789999999999996,15.451738928503127,89.64459848388421,85.6235827664399,95.21309728710762,50.0,67.24036957793412,0.07228915662650602,0.9718875502008032,0.9477911646586346,0.9839357429718876,D-,A+,A,A+,comfortsystemsusainc
NJR,New Jersey Resources Corp,Utilities,Gas Utilities,50.5,14.0246,3.6769,11.6728,2.121608052867952,-11.74,10.73,14.42,0.3956,5.89,0.4045977011494253,7.0431,-11.74,10.73,7.0431,0.4045977011494253,14.42,0.39203,5.89,59.195402298850574,46.58614431441267,89.6551724137931,78.12128418549347,50.0,67.15412937814214,0.6551724137931034,0.41379310344827586,0.9655172413793104,0.7586206896551724,B-,C,A,B,newjerseyresourcescorp
JLL,Jones Lang LaSalle Inc,Real Estate,Real Estate Services,315.02,14.8237,0.5399,11.0927,1.9711109790168222,79.2,11.17,13.569999999999999,0.04650000000000001,10.24,0.4118349376912171,7.0429,79.2,11.314,7.0429,0.4118349376912171,13.569999999999999,0.04650000000000001,10.044,80.0,60.41666666666667,60.0,75.0,50.0,67.08333333333334,1.0,0.8,0.7,0.8,A+,B,B-,B,joneslanglasalleinc
GAP,Gap Inc,Consumer Discretionary,Apparel Retail,22.71,6.1465,0.5001,3.2125,2.2226136997563053,43.81,1.05,33.129999999999995,0.1099,23.73,0.408888888888889,-1.6231,43.81,1.05,-1.6231,0.408888888888889,33.129999999999995,0.1099,23.73,91.2314507198228,51.85119047619048,66.75862068965517,60.99047619047619,50.0,67.06585118570283,0.9714285714285714,0.5085714285714286,0.72,0.5942857142857143,A+,C+,B,C+,gapinc
M,Macy's Inc,Consumer Discretionary,Broadline Retail,22.93,7.8841,0.2596,3.6482,1.2408612973575552,55.51,0.34,15.83,0.04650000000000001,10.459999999999999,0.6407862407862407,32.5527,55.51,0.34,32.5527,0.6407862407862407,15.83,0.04650000000000001,10.459999999999999,94.843853820598,56.06456043956044,38.27367268746579,87.64835164835165,50.0,67.02196404459836,0.9885714285714285,0.5714285714285714,0.3485714285714286,0.8571428571428571,A+,C+,C-,B+,macysinc
CAH,Cardinal Health Inc,Health Care,Health Care Distributors,220.9,29.7515,0.2006,19.2931,35.891853247977124,12.43,14.23,37.169999999999995,0.98,7.340000000000001,0.6673361077485879,47.8383,12.43,14.23,47.8383,0.6673361077485879,37.169999999999995,0.38915,7.340000000000001,70.09124356144224,58.83099027923008,78.47682119205298,65.22075055187638,50.0,66.95236435459509,0.7814569536423841,0.6225165562913907,0.8278145695364238,0.6556291390728477,B,B-,B+,B-,cardinalhealthinc
GEV,GE Vernova Inc,Industrials,Heavy Electrical Equipment,961.32,26.7684,6.1654,34.6731,23.179809173834105,744.44,12.98,83.39,0.15439999999999998,74.29,0.6476013097419568,57.6294,191.6919999999998,12.98,57.6294,0.6476013097419568,69.54999999999994,0.15439999999999998,29.789999999999996,21.59440483020518,87.38778707722807,86.11835095483976,87.41913528114233,50.0,66.88957341793531,0.1285140562248996,0.9477911646586346,0.9518072289156626,0.9076305220883534,D,A,A,A-,gevernovainc
MD,Pediatrix Medical Group Inc,Health Care,Health Care Services,26.54,12.2294,1.0959,9.3794,2.543363679923335,60.64,0.51,19.89,0.12119999999999999,11.87,0.8856209150326796,61.0159,60.64,0.51,61.0159,0.8856209150326796,19.89,0.12119999999999999,11.87,87.83811626195732,42.04122809041664,62.69315673289183,79.09546115328703,50.0,66.86015609745303,0.9602649006622517,0.3841059602649007,0.6291390728476821,0.8410596026490066,A,C-,B-,B+,pediatrixmedicalgroupinc
HAS,Hasbro Inc,Consumer Discretionary,Leisure Products,90.07,15.6461,2.4983,12.3181,23.480799812299587,,16.99,138.2,0.2339,19.84,0.5488260405549624,18.1465,,16.99,18.1465,0.5488260405549624,138.2,0.2339,19.84,41.00110741971207,71.73469387755102,84.88669950738915,79.87755102040816,50.0,66.79440071136715,0.4114285714285714,0.7885714285714286,0.9314285714285714,0.7828571428571428,C,B,A,B,hasbroinc
TRV,Travelers Companies Inc,Financials,Property & Casualty Insurance,364.04,9.1197,1.5456,7.3317,2.407086106027105,65.09,2.39,25.619999999999997,0.2202,19.950000000000003,0.7633420971762217,32.3901,65.09,2.39,32.3901,0.7633420971762217,25.619999999999997,0.2202,19.950000000000003,58.82352941176471,44.21525297689853,82.77310924369748,87.70239803238368,50.0,66.78268986572199,0.5987394957983193,0.38235294117647056,0.8277310924369747,0.907563025210084,C+,C-,B+,A-,travelerscompaniesinc
KEYS,Keysight Technologies Inc,Information Technology,Electronic Equipment & Instruments,357.56,48.9319,9.3671,41.5146,10.408831029704585,131.85,25.54,20.169999999999998,0.2025,14.360000000000001,0.9194954594216019,110.1491,131.85,25.54,110.1491,0.9194954594216019,20.169999999999998,0.2025,14.360000000000001,32.16871756236397,89.66151110031662,69.44444444444444,91.9820681819509,50.0,66.7320063581556,0.30386740331491713,0.9668508287292817,0.7237569060773481,0.9779005524861878,C-,A,B,A+,keysighttechnologiesinc
GMED,Globus Medical Inc,Health Care,Health Care Equipment,74.63,18.6862,3.1814,12.3985,2.2039389169602592,50.93,19.74,11.59,0.20600000000000002,11.59,0.4334391534391533,35.245,50.93,19.74,35.245,0.4334391534391533,11.59,0.20600000000000002,11.59,69.27593818984548,78.21499516842502,63.796909492273734,63.449006622516556,50.0,66.60101227871812,0.7682119205298014,0.8874172185430463,0.6423841059602649,0.6291390728476821,B,B+,B-,B-,globusmedicalinc
HCC,Warrior Met Coal Inc,Materials,Steel,90.1,21.5489,2.8119,10.67,2.2119222856693947,440.05,37.48,10.02,0.1364,8.95,0.5697275479313824,39.3803,440.05,37.48,39.3803,0.5697275479313824,10.02,0.1364,8.95,53.43137254901961,93.78608207208612,59.31372549019608,72.6977687626775,50.0,66.48304467675665,0.6176470588235294,1.0,0.5955882352941176,0.75,B-,A+,C+,B,warriormetcoalinc
STLD,Steel Dynamics Inc,Materials,Steel,231.35,20.837,1.6306,17.7864,3.743575968620953,60.82,19.77,17.599999999999998,0.1001,12.15,0.627022811464223,71.6952,60.82,19.77,71.6952,0.627022811464223,17.599999999999998,0.1001,12.15,47.05882352941177,76.87756800332866,69.11764705882354,85.03042596348884,50.0,66.42571644042232,0.5,0.8676470588235294,0.7205882352941176,0.8529411764705882,C,B+,B,B+,steeldynamicsinc
DAL,Delta Air Lines Inc,Industrials,Passenger Airlines,83.24,14.1378,0.818,8.1128,2.6190266433416816,-12.71,10.28,19.33,0.0806,11.379999999999999,0.693972939729397,49.7004,-12.71,10.28,49.7004,0.693972939729397,19.33,0.0806,11.379999999999999,87.64254296095947,44.520226663083804,51.043083900226755,89.19724248467793,50.0,66.4149005448489,0.9317269076305221,0.3654618473895582,0.4899598393574297,0.9196787148594378,A,C-,C,A-,deltaairlinesinc
VCTR,Victory Capital Holdings Inc,Financials,Asset Management & Custody Banks,107.66,14.5134,4.2916,10.445,2.848313923032557,68.34,51.5,19.29,0.41159999999999997,13.719999999999999,0.7611244738424534,66.4371,68.34,51.5,49.25565499999992,0.7611244738424534,19.29,0.41159999999999997,13.719999999999999,34.45378151260504,87.80299933733409,71.42857142857143,86.9094304388422,50.0,66.41307419052937,0.28991596638655465,0.9831932773109243,0.7142857142857143,0.8949579831932774,D+,A+,B,B+,victorycapitalholdingsinc
DXCM,Dexcom Inc,Health Care,Health Care Equipment,87.03,32.6968,6.5779,23.4301,12.195566267761555,79.4,15.54,36.19,0.22920000000000001,22.93,0.8555093555093555,26.8228,79.4,15.54,26.8228,0.8555093555093555,36.19,0.22920000000000001,22.93,39.83517292126564,79.3217205507712,84.7682119205298,71.78807947019867,50.0,66.37280621464282,0.40397350993377484,0.9006622516556292,0.9006622516556292,0.695364238410596,C,A-,A-,B-,dexcominc
PTC,PTC Inc,Information Technology,Application Software,137.8,12.246,5.0735,13.7882,4.305039207722828,142.49,19.5,32.64,0.37810000000000005,24.46,0.29800650935720113,-31.8633,142.49,19.5,-31.8633,0.29800650935720113,32.64,0.37810000000000005,24.46,74.03419554662649,77.52498422362368,84.62962962962963,30.660030659382496,50.0,66.30295927066527,0.8011049723756906,0.8729281767955801,0.8784530386740331,0.2430939226519337,B+,B+,B+,D+,ptcinc
BALL,Ball Corp,Materials,"Metal, Glass & Plastic Containers",56.73,15.885,1.0501,10.3234,2.777097876423305,82.34,15.56,17.05,0.1025,7.359999999999999,0.507246376811594,17.2478,82.34,15.56,17.2478,0.507246376811594,17.05,0.1025,7.359999999999999,73.03921568627452,81.781045751634,57.84313725490196,61.029411764705884,50.0,66.2826797385621,0.8235294117647058,0.8970588235294118,0.5735294117647058,0.6029411764705882,B+,B+,C+,B-,ballcorp
CON,Concentra Group Holdings Parent Inc,Health Care,Health Care Services,35.37,22.4645,1.9517,12.9357,11.568653103944527,-24.01,14.02,47.3,0.16390000000000002,9.92,0.9262317643820532,70.1166,-24.01,14.02,70.1166,0.9262317643820532,47.3,0.16390000000000002,9.92,73.02133922001471,38.77029028717813,72.62693156732892,85.35293167501212,50.0,66.23671208927396,0.8013245033112583,0.31788079470198677,0.7384105960264901,0.9139072847682119,B+,C-,B,A-,concentragroupholdingsparentinc
NTAP,NetApp Inc,Information Technology,"Technology Hardware, Storage & Peripherals",202.6,27.8623,5.3455,19.9033,29.392563362300336,25.19,12.15,113.67,0.2502,37.97,0.9440062407905001,66.5383,25.19,12.15,66.5383,0.9332220367278796,113.67,0.2502,37.97,60.85928344215637,41.769384625881116,87.96296296296298,78.15638342747204,50.0,66.19071521195048,0.6629834254143646,0.3756906077348066,0.9116022099447514,0.8342541436464088,B-,C-,A-,B+,netappinc
LQDA,Liquidia Corp,Health Care,Pharmaceuticals,69.53,44.1907,13.5839,35.5929,76.75240092725466,,2233.65,149.64,0.3739,50.019999999999996,0.6676787192934032,204.8107,,50.44,121.93785,0.6676787192934032,108.28999999999999,0.3739,29.675,25.00662251655629,74.46095795472047,96.46799116997794,79.38703218851072,50.0,66.1382514502798,0.16556291390728478,0.847682119205298,1.0,0.8609271523178808,D,B+,A+,B+,liquidiacorp
PSX,Phillips 66,Energy,Oil & Gas Refining & Marketing,255.15,14.3874,0.6706,14.2773,3.518048699776632,318.7,14.44,24.45,0.0394,13.83,0.8539034446069959,83.887,318.7,14.44,83.887,0.8539034446069959,24.45,0.0394,13.83,60.19900497512438,77.4095677423864,59.701492537313435,78.10602161605765,50.0,66.07824224979827,0.7313432835820896,0.8656716417910447,0.5671641791044776,0.7761194029850746,B,B+,C+,B,phillips66
DAVE,Dave Inc,Financials,Consumer Finance,313.79,18.6134,6.4383,18.2839,12.054797678090534,308.0,48.63,84.35000000000001,0.3452,51.129999999999995,0.5279701999738597,45.5099,185.31,48.63,45.5099,0.5279701999738597,44.400499999999866,0.3452,29.45649999999999,15.756302521008402,89.56982454836532,97.68907563025209,73.71530430353961,50.0,66.01837030819611,0.09663865546218488,0.9957983193277311,0.976890756302521,0.7478991596638656,D-,A+,A+,B,daveinc
YOU,Clear Secure Inc,Information Technology,Application Software,40.03,33.8987,5.0096,17.063,30.002998051266676,31.12,19.77,82.39999999999999,0.25129999999999997,82.39999999999999,0.26731424246247015,8.7912,31.12,19.77,8.7912,0.26731424246247015,82.39999999999999,0.25129999999999997,61.4965,60.73267202410849,62.50940959971,88.88888888888887,55.21721863843535,50.0,65.95071587587842,0.6574585635359116,0.6464088397790055,0.925414364640884,0.5193370165745856,B-,B-,A-,C+,clearsecureinc
RELY,Remitly Global Inc,Financials,Transaction & Payment Processing Services,21.8,14.8245,2.4986,19.5625,5.28510473235066,2130.02,23.79,32.97,0.09449999999999999,31.55,0.631209818819404,31.4462,185.31,23.79,31.4462,0.631209818819404,32.97,0.09449999999999999,29.45649999999999,25.840336134453782,81.91790426232485,90.75630252100841,76.33053221288516,50.0,65.79884695890755,0.2184873949579832,0.9369747899159664,0.907563025210084,0.7899159663865546,D+,A,A-,B,remitlyglobalinc
BTSG,Brightspring Health Services Inc,Health Care,Health Care Services,57.09,30.5955,0.7791,21.127,5.849565048105987,440.76,19.91,18.96,0.031200000000000002,8.36,0.6490428671642452,110.7635,364.82049999999936,19.91,110.7635,0.6490428671642452,18.96,0.031200000000000002,8.36,64.56806475349521,89.25840485562154,49.448123620309055,72.12082054595379,50.0,65.77989217376613,0.695364238410596,0.9867549668874173,0.47019867549668876,0.7086092715231788,B-,A+,C,B,brightspringhealthservicesinc
ALSN,Allison Transmission Holdings Inc,Industrials,Construction Machinery & Heavy Transportation Equipment,114.02,17.7738,2.1359,12.5886,5.0584503449346725,-28.5,37.56,27.88,0.1956,9.950000000000001,0.6169453010874857,33.4349,-28.5,36.967999999999954,33.4349,0.6169453010874857,27.88,0.1956,9.950000000000001,64.90287681337595,56.73864140250695,70.17949348414065,77.57927267292459,50.0,65.63417538946545,0.7228915662650602,0.6144578313253012,0.7309236947791165,0.7831325301204819,B,B-,B,B,allisontransmissionholdingsinc
SMCI,Super Micro Computer Inc,Information Technology,"Technology Hardware, Storage & Peripherals",41.23,12.742,0.7275,10.4878,1.8418419312760215,94.1,77.79,25.080000000000002,0.0709,14.23,0.5534351145038168,-6.4446,94.1,54.72500000000002,-6.4446,0.5534351145038168,25.080000000000002,0.0709,14.23,91.97116189519504,84.91089158685871,57.962962962962955,30.801218144592944,50.0,65.62595316082984,0.9613259668508287,0.9337016574585635,0.5966850828729282,0.24861878453038674,A,A,C+,D+,supermicrocomputerinc
CUBI,Customers Bancorp Inc,Financials,Regional Banks,76.55,8.9325,1.99781,,1.237209708257708,85.16,55.59768,13.569999999999999,0.3985504,11.82,0.6874375873776711,15.3075,85.16,55.59768,15.3075,0.6874375873776711,13.569999999999999,0.3985504,11.82,77.31092436974791,76.57154183441739,54.20168067226891,62.12989868844734,50.0,65.61843936507715,0.8907563025210085,0.907563025210084,0.542016806722689,0.6260504201680672,B+,A-,C+,B-,customersbancorpinc
DG,Dollar General Corp,Consumer Staples,Consumer Staples Merchandise Retail,125.08,16.1687,0.6311,8.6594,3.2360801724115626,42.34,4.77,19.56,0.0559,12.690000000000001,0.474809885931559,21.3807,42.34,4.77,21.3807,0.474809885931559,19.56,0.0559,12.690000000000001,76.66666666666667,69.78021978021978,55.95238095238094,67.40740740740742,50.0,65.59228734228735,0.8714285714285714,0.8,0.5714285714285714,0.6428571428571429,B+,B,C+,B-,dollargeneralcorp
EOG,EOG Resources Inc,Energy,Oil & Gas Exploration & Production,141.37,10.7065,2.7295,5.5728,2.547863683796005,24.77,18.67,22.38,0.33020000000000005,17.82,0.7567053452539473,19.6505,24.77,18.67,19.6505,0.7567053452539473,22.38,0.33020000000000005,17.82,60.696517412935314,64.26390773405699,83.08457711442786,58.81923714759536,50.0,65.56190260817127,0.746268656716418,0.7313432835820896,0.9253731343283582,0.5671641791044776,B,B,A-,C+,eogresourcesinc
MLI,Mueller Industries Inc,Industrials,Industrial Machinery & Supplies & Components,61.16,15.7387,2.8718,10.5934,4.2366599934884555,-24.03,14.81,25.85,0.2286,25.840000000000003,0.5641137855579865,21.1127,-24.03,14.81,21.1127,0.5641137855579865,25.85,0.2286,25.840000000000003,67.50539573259023,47.9708242849694,84.14282982269214,65.23216705605248,50.0,65.55265465702496,0.7670682730923695,0.42168674698795183,0.927710843373494,0.6666666666666666,B,C,A-,B-,muellerindustriesinc
AEO,American Eagle Outfitters Inc,Consumer Discretionary,Apparel Retail,17.02,8.2479,0.4875,4.0911,1.698416341519394,86.37,8.21,20.03,0.0786,19.040000000000003,0.2055555555555555,-6.8539,86.37,8.21,-6.8539,0.2055555555555555,20.03,0.0786,19.040000000000003,89.31339977851606,76.81547619047619,54.3327859879584,45.866666666666674,50.0,65.44797501304718,0.9542857142857143,0.8342857142857143,0.52,0.4342857142857143,A,B+,C+,C,americaneagleoutfittersinc
RGA,Reinsurance Group of America Inc,Financials,Reinsurance,250.8,10.7603,0.6225,7.2207,1.2196930828131727,98.03,19.88,11.3,0.08839999999999999,7.870000000000001,0.9119530040804841,32.099,98.03,19.88,32.099,0.8728421284860932,11.3,0.08839999999999999,7.870000000000001,71.21848739495799,69.1294529374904,41.596638655462186,92.0550038197097,50.0,65.44067286404507,0.7962184873949579,0.8235294117647058,0.41596638655462187,0.9411764705882353,B,B+,C,A,reinsurancegroupofamericainc
HL,Hecla Mining Co,Materials,Silver,17.51,36.5871,7.6232,13.1058,4.528760604179599,214.41,51.21,12.98,0.4595,12.01,0.2787878787878788,57.7624,214.41,46.40449999999998,57.7624,0.2787878787878788,12.98,0.44605999999999996,12.01,32.84313725490196,92.41363211951447,80.63725490196079,67.50700280112045,50.0,65.35422502334268,0.25,0.9852941176470589,0.875,0.7058823529411765,D+,A+,B+,B,heclaminingco
JBSS,John B Sanfilippo & Son Inc,Consumer Staples,Packaged Foods & Meats,67.65,12.6953,0.6688,9.6255,2.0820317429052424,4.7,6.18,16.509999999999998,0.0759,13.850000000000001,0.2599212359890944,6.781,4.7,6.18,6.781,0.2599212359890944,16.509999999999998,0.0759,13.850000000000001,78.09523809523809,69.48717948717949,55.23809523809524,65.56776556776558,50.0,65.34432234432234,0.8857142857142857,0.7857142857142857,0.55,0.6,B+,B,C+,C+,johnbsanfilipposoninc
AWR,American States Water Co,Utilities,Water Utilities,82.46,22.929,5.9872,15.3278,3.0822481048996004,12.0,10.27,13.5,0.4052,7.23,0.5841939829366858,15.788,12.0,10.27,15.788,0.5841939829366858,13.5,0.39203,7.23,12.64367816091954,77.90730141002373,92.52873563218391,91.64456233421751,50.0,65.20347619712412,0.06896551724137931,0.8793103448275862,1.0,0.9310344827586207,D-,B+,A+,A,americanstateswaterco
DAR,Darling Ingredients Inc,Consumer Staples,Agricultural Products & Services,60.84,16.1754,1.4769,13.8982,2.0317994649995494,470.42,14.85,4.72,0.1452,2.55,0.7762248382150503,95.0048,100.61199999999988,14.85,67.96360499999999,0.7762248382150503,4.72,0.1452,2.55,54.76190476190476,92.78846153846153,36.19047619047619,94.4047619047619,50.0,65.17673992673993,0.5785714285714286,0.9857142857142858,0.29285714285714287,0.9571428571428572,C+,A+,D+,A,darlingingredientsinc
APH,Amphenol Corp,Information Technology,Electronic Components,84.21,40.3164,7.1476,24.2141,7.7001856237598405,59.37,54.17,37.14,0.2703,17.66,0.8986960882647942,37.4918,59.37,54.17,37.4918,0.8986960882647942,37.14,0.2703,17.66,46.747865394274235,78.77140271688194,78.33333333333333,65.30532247467957,50.0,65.08564472021419,0.4530386740331492,0.8839779005524862,0.8259668508287292,0.6353591160220995,C,B+,B+,B-,amphenolcorp
ECG,Everus Construction Group Inc,Industrials,Construction & Engineering,117.03,23.4669,1.3995,17.4625,9.47787847129425,53.33,30.53,38.22,0.0775,26.91,0.41796045541363896,47.5025,53.33,30.53,47.5025,0.41796045541363896,38.22,0.0775,26.91,56.030926426795624,75.51547230118658,70.10272382045189,66.94729940168838,50.0,65.02596690238687,0.5943775100401606,0.8755020080321285,0.7269076305220884,0.6827309236947792,C+,B+,B,B-,everusconstructiongroupinc
ACA,Arcosa Inc,Industrials,Construction & Engineering,146.55,14.6521,2.6231,14.9856,2.7186162604974204,431.69,2.59,18.099999999999998,0.1176,11.61,0.9936085679737438,60.048,191.6919999999998,2.59,60.048,0.8706365842083148,18.099999999999998,0.1176,11.61,61.33923448897631,60.18107589536161,56.45493538780974,92.5690926973199,50.0,64.99857618773281,0.6706827309236948,0.6827309236947792,0.570281124497992,0.9558232931726908,B-,B-,C+,A,arcosainc
COCO,Vita Coco Company Inc,Consumer Staples,Soft Drinks & Non-alcoholic Beverages,57.98,30.724,4.7632,22.6007,9.982438621259597,67.78,26.1,31.09,0.191,31.09,0.42219917012448127,50.1923,67.78,26.1,50.1923,0.42219917012448127,31.09,0.191,28.479999999999983,17.61904761904762,91.67974882260597,87.85714285714285,75.81632653061224,50.0,64.86826268969125,0.08571428571428572,0.9714285714285714,0.9571428571428572,0.7571428571428571,D-,A+,A,B,vitacococompanyinc
EXPD,Expeditors International of Washington Inc,Industrials,Air Freight & Logistics,187.36,26.5216,2.0246,18.8459,10.648721766905757,12.15,6.77,40.660000000000004,0.0983,40.660000000000004,0.911440470357668,54.6317,12.15,6.77,54.6317,0.8706365842083148,40.660000000000004,0.0983,29.789999999999996,45.025271152637764,51.83503754932326,76.10141245253122,94.54899661440109,50.0,64.55847773403711,0.42971887550200805,0.5020080321285141,0.8152610441767069,0.9799196787148594,C,C+,B+,A+,expeditorsinternationalofwashingtoninc
CNK,Cinemark Holdings Inc,Communication Services,Movies & Entertainment,38.69,20.2123,1.3017,9.7618,11.031277620961994,0.89,4.54,52.019999999999996,0.11689999999999999,9.02,0.9833141542002302,33.0398,0.89,4.54,33.0398,0.979327846378016,52.019999999999996,0.11689999999999999,9.02,66.4200140944327,47.26085720271766,65.15151515151514,85.58906134515891,50.0,64.46286602106228,0.7272727272727273,0.4318181818181818,0.7386363636363636,0.8863636363636364,B,C,B,B+,cinemarkholdingsinc
BYD,Boyd Gaming Corp,Consumer Discretionary,Casinos & Gaming,70.5,2.848,1.2628,7.3228,2.0640167229269806,249.96,1.75,70.49,0.1632,37.99,0.027894002789400026,-15.6942,109.7939999999999,1.75,-15.6942,0.027894002789400026,70.49,0.1632,37.99,77.25027685492802,63.02827380952381,84.72140120415982,31.714285714285715,50.0,64.44143141953387,0.88,0.6971428571428572,0.9257142857142857,0.32,B+,B-,A-,C-,boydgamingcorp
FDX,FedEx Corp,Industrials,Air Freight & Logistics,286.0,15.2611,0.7142,8.1473,2.1689259645464025,9.81,7.73,15.110000000000001,0.0576,8.42,0.6388246745346149,50.0446,9.81,7.73,50.0446,0.6388246745346149,15.110000000000001,0.0576,8.42,88.30970139059639,54.53738668024381,39.063464743327046,82.77612806012118,50.0,64.30599448155385,0.9518072289156626,0.5542168674698795,0.3493975903614458,0.8514056224899599,A,C+,C-,B+,fedexcorp
HALO,Halozyme Therapeutics Inc,Health Care,Biotechnology,113.28,31.2562,7.7701,21.5512,273.35907335907336,-23.53,41.15,180.63,0.3557,18.67,0.9358985885102941,53.9813,-23.53,41.15,53.9813,0.9358985885102941,108.28999999999999,0.3557,18.67,40.72553348050037,55.369363279010244,92.38410596026489,74.06791602085389,50.0,64.16486572016413,0.41721854304635764,0.5894039735099338,0.9602649006622517,0.7284768211920529,C,C+,A,B,halozymetherapeuticsinc
NUE,Nucor Corp,Materials,Steel,247.12,24.0648,1.6421,13.0999,2.700661723322059,79.23,12.27,11.16,0.0999,8.36,0.7782781100880435,83.4743,79.23,12.27,79.35161499999998,0.7782781100880435,11.16,0.0999,8.36,51.470588235294116,71.12394029229729,51.470588235294116,95.84178498985801,50.0,64.12843917407812,0.5735294117647058,0.7941176470588235,0.47794117647058826,0.9852941176470589,C+,B,C,A+,nucorcorp
MKC,McCormick & Company Inc,Consumer Staples,Packaged Foods & Meats,48.3,7.979,1.7484,12.938,2.259860571749403,108.82,9.54,25.419999999999998,0.1485,14.82,0.12613265675969546,-25.8124,100.61199999999988,9.54,-25.8124,0.12613265675969546,25.419999999999998,0.1485,14.82,64.28571428571428,91.48351648351648,73.33333333333333,31.86813186813187,50.0,64.07509157509156,0.6857142857142857,0.9571428571428572,0.7714285714285715,0.2571428571428571,B-,A,B,D+,mccormickcompanyinc
T,AT&T Inc,Communication Services,Integrated Telecommunication Services,25.05,8.0672,1.3668,6.531,1.5949014089887497,72.22,2.63,19.54,0.20120000000000002,8.63,0.5403141361256544,-10.318,72.22,2.63,-10.318,0.5403141361256544,19.54,0.20120000000000002,8.63,81.69485553206484,63.66543029839289,65.90909090909092,47.000867637134874,50.0,64.0342461973945,0.9090909090909091,0.75,0.7727272727272727,0.4318181818181818,A-,B,B,C,attinc
MATX,Matson Inc,Industrials,Marine Transportation,226.49,14.4849,1.9421,9.9816,2.495576079315444,0.86,-0.16,16.939999999999998,0.1518,15.040000000000001,0.9065627030539312,117.8416,0.86,-0.16,75.1288999999999,0.8706365842083148,16.939999999999998,0.1518,15.040000000000001,75.82274676939049,25.128282271139415,61.98071196350026,97.78796074837383,50.0,64.03411328712534,0.8473895582329317,0.11646586345381527,0.642570281124498,0.9959839357429718,B+,D,B-,A+,matsoninc
CMC,Commercial Metals Co,Materials,Steel,65.52,12.2185,0.8216,12.4263,1.737419486570267,1594.79,15.23,13.65,0.08960000000000001,8.23,0.3913180245360175,14.0552,450.345,15.23,14.0552,0.3913180245360175,13.65,0.08960000000000001,8.23,75.98039215686275,84.74280959067977,54.90196078431372,46.734279918864104,50.0,64.0160061372029,0.8529411764705882,0.9264705882352942,0.5294117647058824,0.4264705882352941,B+,A-,C+,C,commercialmetalsco
SBH,Sally Beauty Holdings Inc,Consumer Discretionary,Specialty Stores,17.06,8.3657,0.4313,5.4285,2.102409267360897,3.6,1.08,23.11,0.08410000000000001,11.52,0.8652037617554855,10.7672,3.6,1.08,10.7672,0.8028694842823204,23.11,0.08410000000000001,11.52,90.06533776301218,38.11538461538461,50.49480021893816,80.98901098901098,50.0,63.9609136163667,0.96,0.26857142857142857,0.4514285714285714,0.8057142857142857,A,D+,C,B+,sallybeautyholdingsinc
CNX,CNX Resources Corp,Energy,Oil & Gas Exploration & Production,32.5,5.1094,2.3808,4.9781,1.0685200832459338,968.14,18.73,21.19,0.42219999999999996,13.750000000000002,0.08477366255144043,1.9273,574.281999999999,18.73,1.9273,0.08477366255144043,21.19,0.42219999999999996,13.750000000000002,72.63681592039802,84.07790592492086,80.59701492537313,19.13101160862355,50.0,63.95024121815166,0.8656716417910447,0.9104477611940298,0.8805970149253731,0.14925373134328357,B+,A-,B+,D,cnxresourcescorp
CXW,CoreCivic Inc,Industrials,Diversified Support Services,31.89,24.843,1.2791,11.5614,2.2705104198557526,33.31,24.35,8.959999999999999,0.09880000000000001,4.77,0.7760691975012014,50.2806,33.31,24.35,50.2806,0.7760691975012014,8.959999999999999,0.09880000000000001,4.77,68.83097013905964,84.94877066305638,30.5209955468131,85.33190275014715,50.0,63.89412610410889,0.7831325301204819,0.9357429718875502,0.24096385542168675,0.8835341365461847,B,A,D+,B+,corecivicinc
PAHC,Phibro Animal Health Corp,Health Care,Pharmaceuticals,34.44,14.0265,0.9214,8.4181,3.6241949741128927,105.25,17.12,28.67,0.1281,9.2,0.19447062519635558,-9.4374,105.25,17.12,-9.4374,0.19447062519635558,28.67,0.1281,9.2,88.28256070640175,80.60735981173845,64.56953642384106,22.713691667950105,50.0,63.87723457849842,0.9668874172185431,0.9139072847682119,0.6688741721854304,0.18543046357615894,A,A-,B-,D,phibroanimalhealthcorp
LMT,Lockheed Martin Corp,Industrials,Aerospace & Defense,523.56,19.0726,1.557,12.6044,17.83892631170079,52.8,7.2,86.24000000000001,0.1188,22.009999999999998,0.3388027477919527,7.2718,52.8,7.2,7.2718,0.3388027477919527,69.54999999999994,0.1188,22.009999999999998,68.91456984400186,54.683138611710035,78.69655492719176,55.08675112767709,50.0,63.85675914067583,0.7871485943775101,0.5662650602409639,0.8393574297188755,0.5180722891566265,B,C+,B+,C+,lockheedmartincorp
ZION,Zions Bancorporation NA,Financials,Regional Banks,63.15,8.0458,1.56245,,1.298647884427536,39.17,53.61248,16.14,0.336199,10.56,0.6246777163904235,11.3962,39.17,53.61248,11.3962,0.6246777163904235,16.14,0.336199,10.56,77.94117647058823,67.34775547799006,62.18487394957983,51.59035576847562,50.0,63.819134854335154,0.8970588235294118,0.7983193277310925,0.6218487394957983,0.5378151260504201,B+,B,B-,C+,zionsbancorporationna
COR,Cencora Inc,Health Care,Health Care Distributors,307.0,22.3136,0.176,16.5395,39.48146814475681,38.37,5.09,106.43,0.91,21.19,0.46850512356841467,2.7107,38.37,5.09,2.7107,0.46850512356841467,106.43,0.38915,21.19,78.95069904341428,49.08020603384841,93.92935982339957,28.890728476821195,50.0,63.81420161883738,0.8807947019867549,0.4768211920529801,0.9801324503311258,0.2119205298013245,B+,C,A+,D+,cencorainc
THG,Hanover Insurance Group Inc,Financials,Property & Casualty Insurance,218.11,10.0203,1.1232,8.2674,2.161863736472865,37.57,5.35,21.22,0.1462,16.400000000000002,0.7417475728155343,23.7071,37.57,5.35,23.7071,0.7417475728155343,21.22,0.1462,16.400000000000002,60.08403361344538,39.6957189849475,76.89075630252101,82.88583726173397,50.0,63.76000872832789,0.6092436974789915,0.3277310924369748,0.7689075630252101,0.8571428571428571,B-,C-,B,B+,hanoverinsurancegroupinc
SLM,SLM Corp,Financials,Consumer Finance,23.12,6.0459,1.90601,,1.878758329270275,77.07,31.52147,30.31,0.2673951,8.55,0.40255831452219726,-15.7407,77.07,31.52147,-15.7407,0.40255831452219726,30.31,0.2673951,8.55,70.58823529411765,72.57844033107396,87.81512605042016,23.09651133180545,50.0,63.735830668710335,0.7815126050420168,0.8697478991596639,0.8781512605042017,0.21428571428571427,B,B+,B+,D+,slmcorp
SNX,TD Synnex Corp,Information Technology,Technology Distributors,256.57,18.5103,0.3015,11.2971,2.4319777058441585,63.4,16.26,13.120000000000001,0.025699999999999997,8.59,0.7304380264695154,64.7129,63.4,16.26,64.7129,0.7304380264695154,13.120000000000001,0.025699999999999997,8.59,88.82471120040181,69.65012873409677,35.46296296296296,68.6126555934266,50.0,63.72447540634586,0.9337016574585635,0.7458563535911602,0.292817679558011,0.7237569060773481,A,B,D+,B,tdsynnexcorp
SM,SM Energy Co,Energy,Oil & Gas Exploration & Production,34.38,8.0651,1.5411,4.3951,0.8193361423042459,-28.4,67.03,16.53,0.31079999999999997,8.959999999999999,0.702198257984239,24.167,-28.4,65.13999999999997,24.167,0.702198257984239,16.53,0.31079999999999997,8.959999999999999,78.1094527363184,59.350972410673904,64.17910447761194,56.37810945273631,50.0,63.71795567616463,0.8955223880597015,0.6865671641791045,0.6791044776119403,0.5373134328358209,B+,B-,B-,C+,smenergyco
ROST,Ross Stores Inc,Consumer Discretionary,Apparel Retail,235.36,28.3669,3.0773,18.4547,12.261015430458748,31.42,14.02,42.34,0.1375,35.23,0.8023924755730072,57.9821,31.42,14.02,54.84940999999998,0.8023924755730072,42.34,0.1375,35.23,17.600221483942413,79.17857142857143,77.46250684181719,95.38095238095238,50.0,63.67758684334466,0.09714285714285714,0.8685714285714285,0.84,0.9714285714285714,D-,B+,B+,A+,rossstoresinc
CINF,Cincinnati Financial Corp,Financials,Property & Casualty Insurance,163.13,7.4981,1.9277,10.4005,1.5932624522157999,84.01,10.87,20.89,0.16620000000000001,19.88,0.29301495201963834,5.2584,84.01,10.87,5.2584,0.29301495201963834,20.89,0.16620000000000001,19.88,71.42857142857143,65.1337740733742,76.05042016806722,43.525312564050004,50.0,63.60156522664451,0.8046218487394958,0.7605042016806722,0.7605042016806722,0.453781512605042,B+,B,B,C,cincinnatifinancialcorp
ANDE,Andersons Inc,Consumer Staples,Food Distributors,67.02,12.8316,0.208,11.1105,1.8220274473129037,119.33,-5.2,14.149999999999999,0.013300000000000001,8.0,0.6486612339930151,68.7327,100.61199999999988,-5.2,67.96360499999999,0.6486612339930151,14.149999999999999,0.013300000000000001,8.0,83.80952380952381,55.07692307692307,33.80952380952381,90.68571428571428,50.0,63.55728937728938,0.9428571428571428,0.4714285714285714,0.2571428571428571,0.9285714285714286,A,C,D+,A-,andersonsinc
GEN,Gen Digital Inc,Information Technology,Systems Software,21.03,12.2901,2.548,8.8716,4.8165452796482064,79.7,20.16,41.89,0.4131,9.68,0.23439133978089818,-24.1404,79.7,20.16,-24.1404,0.23439133978089818,41.89,0.4131,9.68,87.24049891176963,73.43395091667753,75.74074074074075,15.565987352770899,50.0,63.545297567017286,0.9171270718232044,0.8066298342541437,0.7955801104972375,0.08287292817679558,A-,B+,B,D-,gendigitalinc
FAF,First American Financial Corp,Financials,Property & Casualty Insurance,65.02,9.0809,0.8475,4.6961,1.2059343394532678,298.96,22.52,13.600000000000001,0.1519,9.26,0.372625148395219,3.144,185.31,22.52,3.144,0.372625148395219,13.600000000000001,0.1519,9.26,77.94117647058823,82.93754642022202,54.621848739495796,44.05410944865751,50.0,63.53908747629691,0.8970588235294118,0.9453781512605042,0.5462184873949579,0.4579831932773109,B+,A,C+,C,firstamericanfinancialcorp
MBIN,Merchants Bancorp,Financials,Regional Banks,51.89,8.911,1000000.0,,1.044125311134855,6.08,,11.64,,10.79,0.8120754716981133,62.5078,6.08,,49.25565499999992,0.8120754716981133,11.64,,10.79,85.50420168067227,37.94955044955045,42.436974789915965,94.78049163590669,50.0,63.53130253473849,0.9495798319327731,0.31932773109243695,0.42436974789915966,0.9663865546218487,A,C-,C,A,merchantsbancorp
NEE,Nextera Energy Inc,Utilities,Multi-Utilities,75.72,17.0665,5.5295,17.2759,2.8883124809276777,55.3,10.82,16.82,0.2982,5.96,0.0846581875993639,1.9156,55.3,10.82,1.9156,0.0846581875993639,16.82,0.2982,5.96,27.586206896551726,89.31835646899167,87.35632183908046,59.5712954333644,50.0,63.513562564379264,0.2413793103448276,0.9827586206896551,0.9482758620689655,0.5517241379310345,D+,A+,A,C+,nexteraenergyinc
FTDR,Frontdoor Inc,Consumer Discretionary,Specialized Consumer Services,73.81,18.6719,2.3742,12.6243,21.641987978302303,11.73,9.26,101.86999999999999,0.1681,18.98,0.5636120996441281,10.8298,11.73,9.26,10.8298,0.5636120996441281,101.86999999999999,0.1681,18.98,35.270210409745296,69.21703296703296,78.97208538587849,80.48351648351648,50.0,63.500683839015835,0.32,0.7485714285714286,0.8571428571428571,0.7885714285714286,C-,B,B+,B,frontdoorinc
WLY,John Wiley & Sons Inc,Communication Services,Publishing,47.88,12.2117,1.4526,11.9165,2.870572435789827,110.82,-0.27,25.28,0.1478,11.68,0.6707969411659483,19.8035,110.82,-0.27,19.8035,0.6707969411659483,25.28,0.1478,11.68,64.76391825229034,54.955373978629794,65.15151515151514,75.13614190687362,50.0,63.49716152805206,0.7045454545454546,0.6136363636363636,0.7386363636363636,0.75,B,B-,B,B,johnwileysonsinc
DVA,DaVita Inc,Health Care,Health Care Services,181.21,13.4356,0.8128,7.6199,120.49338386860829,19.98,6.45,181.22,0.1507,9.56,0.5475459075704826,37.0001,19.98,6.45,37.0001,0.5475459075704826,108.28999999999999,0.1507,9.56,90.49742457689479,38.08919407224247,72.95805739514348,50.011306735583915,50.0,63.48397065457485,0.9735099337748344,0.31125827814569534,0.7549668874172185,0.4768211920529801,A+,C-,B,C,davitainc
EHC,Encompass Health Corp,Health Care,Health Care Facilities,124.79,19.6147,1.9627,10.0726,5.11795199895008,20.08,9.47,25.009999999999998,0.1794,12.379999999999999,0.9091425326519027,-1.688,20.08,9.47,-1.688,0.9091425326519027,25.009999999999998,0.1794,12.379999999999999,78.34437086092716,53.285938069654605,71.96467991169978,51.12141280353201,50.0,63.458732867794055,0.8675496688741722,0.5298013245033113,0.7284768211920529,0.4900662251655629,B+,C+,B,C,encompasshealthcorp
EZPW,EZCORP Inc,Financials,Consumer Finance,30.99,12.0938,1.2083,8.2836,1.8401301569959383,61.24,28.61,14.45,0.139,9.8,0.7025454545454545,69.4399,61.24,28.61,49.25565499999992,0.7025454545454545,14.45,0.139,9.8,52.10084033613445,66.98916031729141,58.40336134453782,86.98242933537051,50.0,63.42036835070046,0.5084033613445378,0.7899159663865546,0.5840336134453782,0.8991596638655462,C+,B,C+,B+,ezcorpinc
QNST,QuinStreet Inc,Communication Services,Interactive Media & Services,14.34,10.1264,0.6359,13.0531,2.5496506231886635,1687.12,18.29,27.66,0.0274,24.72,0.3375000000000001,-11.2138,431.6479999999967,18.29,-11.2138,0.3375000000000001,27.66,0.0274,24.72,70.01409443269908,86.20542584055013,59.84848484848485,43.268270837656885,50.0,63.36038415593739,0.7727272727272727,0.9545454545454546,0.5795454545454546,0.4090909090909091,B,A,C+,C,quinstreetinc
UNFI,United Natural Foods Inc,Consumer Staples,Food Retail,45.43,32.9231,0.0888,8.4073,1.68995956447179,50.37,-1.99,5.319999999999999,0.67,2.54,0.5782387190684133,51.8715,50.37,-1.99,51.8715,0.5782387190684133,5.319999999999999,0.34928499999999985,2.54,70.95238095238095,55.17986287217056,46.904761904761905,89.2063492063492,50.0,63.34152812998967,0.8,0.4857142857142857,0.45714285714285713,0.9142857142857143,B,C,C,A-,unitednaturalfoodsinc
MCRI,Monarch Casino & Resort Inc,Consumer Discretionary,Casinos & Gaming,117.88,18.408,3.755,10.4217,3.906687567732378,48.54,5.1,20.630000000000003,0.2506,20.630000000000003,0.6224500470760538,14.4774,48.54,5.1,14.4774,0.6224500470760538,20.630000000000003,0.2506,20.630000000000003,37.67884828349944,66.32440476190476,74.53530377668308,84.34285714285714,50.0,63.18699039599801,0.36,0.7314285714285714,0.7942857142857143,0.8285714285714286,C-,B,B,B+,monarchcasinoresortinc
ASO,Academy Sports and Outdoors Inc,Consumer Discretionary,Specialty Stores,48.62,7.6443,0.4887,4.5215,1.4542256891271057,12.46,3.68,18.38,0.09519999999999999,14.99,0.3464901914441029,2.8894,12.46,3.68,2.8894,0.3464901914441029,18.38,0.09519999999999999,14.99,89.11627906976746,53.752747252747255,52.78379857690203,59.71428571428571,50.0,63.16842600507397,0.9485714285714286,0.5314285714285715,0.49142857142857144,0.5771428571428572,A,C+,C,C+,academysportsandoutdoorsinc
AIR,AAR Corp,Industrials,Aerospace & Defense,114.33,24.9039,1.4131,14.4022,2.676032272485763,1500.3,18.97,12.19,0.0933,7.57,0.4907573812580231,40.467,191.6919999999998,18.97,40.467,0.4907573812580231,12.19,0.0933,7.57,60.55132092997841,87.3695012670168,38.70393137174549,79.28698918462652,50.0,63.145111165759644,0.6626506024096386,0.9437751004016064,0.3413654618473896,0.8152610441767069,B-,A,C-,B+,aarcorp
PLTR,Palantir Technologies Inc,Information Technology,Application Software,186.9,151.0887,74.0404,170.4172,60.497183919207615,290.0,78.92,37.47,0.428,37.47,0.7961443400889767,5.8899,290.0,54.72500000000002,5.8899,0.7961443400889767,37.47,0.428,37.47,8.355307215804453,94.35053586760809,88.88888888888887,74.68988754796959,50.0,63.119133709288874,0.049723756906077346,0.994475138121547,0.925414364640884,0.8066298342541437,F,A+,A-,B+,palantirtechnologiesinc
PRDO,Perdoceo Education Corp,Consumer Discretionary,Education Services,30.33,10.7722,2.2222,7.0373,1.948727833461835,20.02,11.68,17.7,0.24559999999999998,17.51,0.30996621621621606,-16.6484,20.02,11.68,-16.6484,0.30996621621621606,17.7,0.24559999999999998,17.51,64.11074197120708,72.78940886699507,69.55555555555556,50.52216748768473,50.0,63.078889652626614,0.6857142857142857,0.8,0.7485714285714286,0.4857142857142857,B-,B,B,C,perdoceoeducationcorp
AVT,Avnet Inc,Information Technology,Technology Distributors,102.45,25.2989,0.3061,14.3682,1.6731420284458642,46.12,24.47,6.77,0.0262,4.2,0.9646957810306334,99.874,46.12,24.47,99.874,0.9332220367278796,6.77,0.0262,4.2,82.68458061275741,72.0496191840736,21.296296296296298,88.28407402344871,50.0,63.06195786876789,0.861878453038674,0.7955801104972375,0.1878453038674033,0.9337016574585635,B+,B,D,A,avnetinc
GPOR,Gulfport Energy Corp,Energy,Oil & Gas Exploration & Production,154.28,5.5045,1.777,3.6349,1.5808770035064565,-1.63,35.16,27.200000000000003,0.4499,18.87,0.06657963446475189,-12.4164,-1.63,35.16,-12.4164,0.07203784289075846,27.200000000000003,0.4499,18.87,80.09950248756219,66.9998492386552,90.04975124378109,9.764510779436154,50.0,62.89018543645409,0.9402985074626866,0.7910447761194029,0.9552238805970149,0.05970149253731343,A,B,A,D-,gulfportenergycorp
ED,Consolidated Edison Inc,Utilities,Multi-Utilities,103.64,17.1382,2.1485,11.2876,1.5466740687347686,10.41,9.49,8.9,0.1905,4.26,0.40808650681711345,4.8297,10.41,9.49,4.8297,0.40808650681711345,8.9,0.1905,4.26,72.41379310344827,68.0948643743562,41.95402298850575,78.11742777260017,50.0,62.83441245237978,0.8275862068965517,0.7758620689655172,0.4051724137931034,0.7413793103448276,B+,B,C,B,consolidatededisoninc
HAFC,Hanmi Financial Corp,Financials,Regional Banks,31.98,10.6504,1.8749,,1.2004639691888421,37.34,43.94988,11.200000000000001,0.4678737,9.629999999999999,0.8572769953051643,29.3312,37.34,43.94988,29.3312,0.8572769953051643,11.200000000000001,0.4678737,9.629999999999999,72.89915966386555,56.00108523433454,39.91596638655462,91.92806094400376,50.0,62.78961074827271,0.8319327731092437,0.6134453781512605,0.39915966386554624,0.9369747899159664,B+,B-,C-,A,hanmifinancialcorp
LRCX,Lam Research Corp,Information Technology,Semiconductor Materials & Equipment,310.12,54.2887,16.9773,45.431,31.11623940199669,38.62,26.02,66.97,0.3529,48.57,0.5904682914380504,146.008,38.62,26.02,146.008,0.5904682914380504,66.97,0.3529,48.57,24.570986104135272,71.28198988283367,90.0,74.30630991551487,50.0,62.76040648570353,0.19337016574585636,0.7845303867403315,0.9392265193370166,0.8011049723756906,D,B,A,B+,lamresearchcorp
EXE,Expand Energy Corp,Energy,Oil & Gas Exploration & Production,85.87,7.229,1.4712,3.4865,1.1058453851206038,2866.66,60.73,14.7,0.2708,11.78,0.02125564415409754,-16.804,574.281999999999,60.73,-13.20894,0.07203784289075846,14.7,0.2708,11.78,82.58706467661692,96.61521935775667,66.16915422885572,6.102819237147596,50.0,62.732662445349014,0.9552238805970149,0.9850746268656716,0.7014925373134329,0.022388059701492536,A,A+,B,F,expandenergycorp
STT,State Street Corp,Financials,Asset Management & Custody Banks,179.74,14.4139,1.80473,,1.8017133016441362,26.58,181.1518,12.4,0.24962610000000002,5.84,0.8226530835798007,58.736,26.58,83.28401599999997,49.25565499999992,0.8226530835798007,12.4,0.24962610000000002,5.84,44.747899159663866,80.71996128403241,48.319327731092436,91.44351073762837,50.0,62.699501127021236,0.39915966386554624,0.9243697478991597,0.4831932773109244,0.9327731092436975,C-,A-,C,A,statestreetcorp
HPE,Hewlett Packard Enterprise Co,Information Technology,"Technology Hardware, Storage & Peripherals",61.4,29.9357,1.9954,23.2109,3.278636001986405,128.23,26.59,11.020000000000001,0.0703,5.9799999999999995,0.9072254966164593,159.9752,128.23,26.59,159.9752,0.9072254966164593,11.020000000000001,0.0703,5.9799999999999995,67.39494391428093,76.05797163899872,35.55555555555555,83.4681111556941,50.0,62.64284142639768,0.7458563535911602,0.850828729281768,0.3011049723756906,0.8895027624309392,B,B+,C-,B+,hewlettpackardenterpriseco
FTNT,Fortinet Inc,Information Technology,Systems Software,174.17,60.0132,16.9076,47.9883,104.57520264184929,13.27,18.77,187.95,0.32439999999999997,113.11,0.9332220367278796,108.4605,13.27,18.77,108.4605,0.9332220367278796,114.73149999999994,0.32439999999999997,61.4965,22.703206094090074,54.50125524721615,93.51851851851852,87.63835771212543,50.0,62.483353745020466,0.16022099447513813,0.569060773480663,0.9668508287292817,0.9281767955801105,D,C+,A,A-,fortinetinc
LTH,"Life Time Group Holdings, Inc",Consumer Discretionary,Leisure Facilities,39.68,21.5284,2.8066,11.7966,2.8060647205250056,79.11,12.69,13.139999999999999,0.1727,8.86,0.6728729162156311,44.4525,79.11,12.69,44.4525,0.6728729162156311,13.139999999999999,0.1727,8.86,33.98338870431893,86.66407867494826,53.10782703886152,91.33333333333334,50.0,62.37228633745144,0.2914285714285714,0.9257142857142857,0.49714285714285716,0.9371428571428572,D+,A-,C,A,lifetimegroupholdingsinc
ASB,Associated Banc-Corp,Financials,Regional Banks,29.1,10.9819,2.01062,,0.9707895755214241,251.97,90.85232,9.86,0.359242,8.25,0.6093023255813955,13.9255,185.31,83.28401599999997,13.9255,0.6093023255813955,9.86,0.359242,8.25,78.99159663865547,97.36442152962113,30.672268907563026,52.261053954291995,50.0,62.34106148333725,0.907563025210084,1.0,0.3067226890756303,0.5462184873949579,A-,A+,C-,C+,associatedbanccorp
VMI,Valmont Industries Inc,Industrials,Industrial Machinery & Supplies & Components,461.89,18.2168,2.1306,14.3138,5.390847848516112,108.33,3.8,29.84,0.13699999999999998,20.45,0.4477498773471298,28.0179,108.33,3.8,28.0179,0.4477498773471298,29.84,0.13699999999999998,20.45,60.28576892604431,56.598331854131274,73.84148840258995,61.827351832904,50.0,62.21695106956562,0.6506024096385542,0.6024096385542169,0.7831325301204819,0.6104417670682731,B-,B-,B,B-,valmontindustriesinc
FRPT,Freshpet Inc,Consumer Staples,Packaged Foods & Meats,57.04,13.6776,2.3639,23.4168,2.3110333203682094,449.74,12.77,16.650000000000002,0.081,12.34,0.26776232616940576,17.5838,100.61199999999988,12.77,17.5838,0.26776232616940576,16.650000000000002,0.081,12.34,39.047619047619044,95.32967032967032,54.76190476190476,73.47985347985349,50.0,62.214285714285715,0.34285714285714286,1.0,0.5285714285714286,0.7428571428571429,C-,A+,C+,B,freshpetinc
VLY,Valley National Bancorp,Financials,Regional Banks,12.78,10.3979,2.27179,,0.9111000213873245,48.82,77.66814,8.88,0.4257981,8.14,0.5647482014388489,22.8169,48.82,77.66814,22.8169,0.5647482014388489,8.88,0.4257981,8.14,85.08403361344537,86.30480602151297,22.689075630252102,64.8582423623655,50.0,62.17588698770006,0.9453781512605042,0.9789915966386554,0.226890756302521,0.6596638655462185,A,A+,D+,B-,valleynationalbancorp
IOSP,Innospec Inc,Materials,Specialty Chemicals,100.15,20.013,1.32,12.8015,1.8712560864869714,549.32,2.87,9.15,0.07,9.15,1.0,27.2329,450.345,2.87,27.2329,0.8115563414285022,9.15,0.07,9.15,61.274509803921575,72.16361436970772,45.588235294117645,79.85652797704446,50.0,62.11971474386024,0.7352941176470589,0.8235294117647058,0.39705882352941174,0.8088235294117647,B,B+,C-,B+,innospecinc
WTS,Watts Water Technologies Inc,Industrials,Building Products,356.85,31.3312,4.4914,21.4429,5.86792120854347,23.17,17.13,18.56,0.1913,17.11,0.7198602646053219,30.044,23.17,17.13,30.044,0.7198602646053219,18.56,0.1913,17.11,27.04095292735568,77.39805856601222,71.82526022457175,84.61339234488976,50.0,62.11884347016225,0.1927710843373494,0.8955823293172691,0.7550200803212851,0.8795180722891566,D,B+,B,B+,wattswatertechnologiesinc
RL,Ralph Lauren Corp,Consumer Discretionary,"Apparel, Accessories & Luxury Goods",352.91,21.6298,2.5445,14.4495,7.4645870480710865,26.61,14.68,35.63,0.1494,23.22,0.4352080249958889,17.8976,26.61,14.68,17.8976,0.4352080249958889,35.63,0.1494,23.22,28.169435215946837,79.0316091954023,73.23918992884511,79.73333333333333,50.0,62.105144791945115,0.2057142857142857,0.8628571428571429,0.7828571428571428,0.7771428571428571,D+,B+,B,B,ralphlaurencorp
SMTC,Semtech Corp,Information Technology,Semiconductors,168.49,50.6665,13.6194,268.0771,28.403095025370444,1063.4,25.36,51.24999999999999,0.102,29.270000000000003,0.8336337689649994,195.7975,703.5419999999999,25.36,195.7975,0.8336337689649994,51.24999999999999,0.102,29.270000000000003,19.56826552821028,84.80092738399938,72.22222222222223,85.79773401381911,50.0,62.067354217171825,0.13259668508287292,0.9281767955801105,0.7403314917127072,0.9060773480662984,D,A-,B,A-,semtechcorp
KO,Coca-Cola Co,Consumer Staples,Soft Drinks & Non-alcoholic Beverages,87.5,26.3905,7.5367,25.1349,11.701459004774195,17.61,6.52,42.99,0.3035,18.26,0.8161385408990421,33.0858,17.61,6.52,33.0858,0.8025340315958557,42.99,0.3035,18.26,19.523809523809522,65.14913657770799,87.61904761904763,86.22448979591834,50.0,62.06043956043956,0.1,0.7,0.9428571428571428,0.8857142857142857,D-,B-,A,B+,cocacolaco
MSFT,Microsoft Corp,Information Technology,Systems Software,507.08,28.657,11.5503,20.2425,8.513095843679226,31.56,17.79,33.22,0.4673,26.5,0.7719538431449245,1.8027,31.56,17.79,1.8027,0.7719538431449245,33.22,0.4317149999999999,26.5,51.27239243261343,57.42864914319273,87.22222222222221,54.71594241124165,50.0,62.05257197459579,0.5580110497237569,0.5966850828729282,0.9060773480662984,0.4972375690607735,C+,C+,A-,C,microsoftcorp
CAT,Caterpillar Inc,Industrials,Construction Machinery & Heavy Transportation Equipment,821.15,34.8266,5.0537,26.895,17.9224260043783,18.21,18.36,54.2,0.1752,17.14,0.5889913338111682,77.1716,18.21,18.36,75.1288999999999,0.5889913338111682,54.2,0.1752,17.14,19.480916864737864,72.21023544552955,81.04281069857662,87.34259969047861,50.0,62.04149891803026,0.11646586345381527,0.8313253012048193,0.8714859437751004,0.9036144578313253,D,B+,B+,A-,caterpillarinc
MAS,Masco Corp,Industrials,Building Products,68.9,15.3579,1.7817,13.0411,91.16168298491665,15.34,-0.56,279.76,0.1753,15.870000000000001,0.421548425080954,-2.3127,15.34,-0.56,-2.3127,0.421548425080954,69.54999999999994,0.1753,15.870000000000001,70.37401305903887,43.745888055733616,81.37966833319673,51.72149823784935,50.0,62.031897606775495,0.8072289156626506,0.3493975903614458,0.8755020080321285,0.4819277108433735,B+,C-,B+,C,mascocorp
NHC,National Healthcare Corp,Health Care,Health Care Facilities,227.03,25.3862,2.284,18.4959,3.300267184560861,32.66,6.92,12.94,0.0928,12.61,0.9002197444453488,85.9339,32.66,6.92,85.9339,0.9002197444453488,12.94,0.0928,12.61,60.83002207505519,52.39506336061665,55.62913907284769,87.09933774834437,50.0,62.01367050876793,0.6423841059602649,0.5231788079470199,0.5298013245033113,0.9470198675496688,B-,C+,C+,A,nationalhealthcarecorp
SEZL,Sezzle Inc,Financials,Transaction & Payment Processing Services,108.83,23.2344,7.0517,17.5172,21.660728857751327,56.65,43.06,85.55,0.4039,50.529999999999994,0.4057861979344778,32.1704,56.65,43.06,32.1704,0.4057861979344778,44.400499999999866,0.4039,29.45649999999999,9.873949579831937,80.8123127865617,97.68907563025209,69.47245564892623,50.0,61.947709989618595,0.06722689075630252,0.9285714285714286,0.976890756302521,0.6974789915966386,D-,A-,A+,B-,sezzleinc
BBWI,Bath & Body Works Inc,Consumer Discretionary,Other Specialty Retail,16.38,4.2472,0.4601,4.2325,265.9090909090909,13.79,-2.17,3138.89,0.16699999999999998,11.92,0.16006097560975607,-36.339,13.79,-2.17,-36.339,0.16006097560975607,195.4694999999998,0.16699999999999998,11.92,91.40531561461795,41.60714285714286,75.71647509578544,33.645714285714284,50.0,61.83101910617228,0.9771428571428571,0.35428571428571426,0.8057142857142857,0.33714285714285713,A+,C-,B+,C-,bathbodyworksinc
AAPL,Apple Inc,Information Technology,"Technology Hardware, Storage & Peripherals",342.27,38.6073,10.6628,29.9028,68.57743939090362,32.61,14.24,137.17999999999998,0.3317,70.25,0.9698783359497646,32.7792,32.61,14.24,32.7792,0.9332220367278796,114.73149999999994,0.3317,61.4965,41.14975724091747,49.65617941618997,93.7037037037037,65.89940018724857,50.0,61.824481156843,0.3867403314917127,0.4861878453038674,0.9723756906077348,0.6519337016574586,C-,C,A+,B-,appleinc
VRT,Vertiv Holdings Co,Industrials,Electrical Components & Equipment,247.13,56.7224,8.5581,41.4636,23.98714887504125,111.16,26.23,42.11,0.1841,24.610000000000003,0.4603287481967613,81.212,111.16,26.23,75.1288999999999,0.4603287481967613,42.11,0.1841,24.610000000000003,7.520695024997952,90.1341076971329,84.83375679589103,78.39959253925323,50.0,61.79535300249947,0.028112449799196786,0.9759036144578314,0.9397590361445783,0.7911646586345381,F,A+,A,B,vertivholdingsco
LNTH,Lantheus Holdings Inc,Health Care,Health Care Supplies,99.88,23.6574,4.1849,14.412,5.919305897970794,9.79,2.35,23.27,0.2325,15.7,0.8073645280591735,93.7828,9.79,2.35,93.7828,0.8073645280591735,23.27,0.2325,15.7,59.54083885209713,36.12694147245919,77.70419426048565,76.09912411877804,50.0,61.756471396393145,0.6291390728476821,0.2781456953642384,0.8145695364238411,0.7880794701986755,B-,D+,B+,B,lantheusholdingsinc
HCA,HCA Healthcare Inc,Health Care,Health Care Facilities,438.24,13.788,1.2089,9.0821,260.0522193211488,25.46,7.31,695.73,0.1548,9.06,0.4159877549005086,4.9941,25.46,7.31,4.9941,0.4159877549005086,108.28999999999999,0.1548,9.06,86.73583517292126,48.855863110619666,72.7373068432671,35.42604856512141,50.0,61.724667839195305,0.9470198675496688,0.47019867549668876,0.7483443708609272,0.2980132450331126,A,C,B,D+,hcahealthcareinc
YETI,Yeti Holdings Inc,Consumer Discretionary,Leisure Products,42.81,17.6706,1.6321,10.8489,4.937032936617769,9.74,6.24,27.27,0.1233,24.3,0.49932825794894764,24.061,9.74,6.24,24.061,0.49932825794894764,27.27,0.1233,24.3,47.9313399778516,59.82142857142857,66.36672140120416,80.71428571428572,50.0,61.6816582019068,0.48,0.6457142857142857,0.7028571428571428,0.7942857142857143,C,B-,B,B,yetiholdingsinc
IPAR,Interparfums Inc,Consumer Staples,Household Products,118.14,22.5131,2.5151,13.2242,4.301537251589319,4.55,2.93,19.15,0.1726,15.97,0.7859062980030723,18.0717,4.55,2.93,18.0717,0.7859062980030723,19.15,0.1726,15.97,40.47619047619048,59.34065934065934,73.80952380952381,80.92165898617512,50.0,61.62389223679546,0.37142857142857144,0.5857142857142857,0.7857142857142857,0.8428571428571429,C-,C+,B,B+,interparfumsinc
SSD,Simpson Manufacturing Co Inc,Industrials,Building Products,175.91,19.0962,2.9877,11.8778,3.575377435955805,16.5,6.48,18.45,0.2061,15.7,0.3426622354381668,2.1347,16.5,6.48,2.1347,0.3426622354381668,18.45,0.2061,15.7,61.863235253940935,58.65352459464429,72.60443133076524,56.15064338988607,50.0,61.57775024308261,0.678714859437751,0.6706827309236948,0.7670682730923695,0.5341365461847389,B-,B-,B,C+,simpsonmanufacturingcoinc
JBHT,J B Hunt Transport Services Inc,Industrials,Cargo Ground Transportation,225.84,31.392,1.6671,13.3308,5.992374210290306,28.19,5.28,18.75,0.07519999999999999,13.55,0.5642537137467579,70.287,28.19,5.28,70.287,0.5642537137467579,18.75,0.07519999999999999,13.55,54.15840231674999,65.54589181317291,52.088626615304754,84.48842844914527,50.0,61.56862128547732,0.5783132530120482,0.751004016064257,0.5060240963855421,0.8755020080321285,C+,B,C+,B+,jbhunttransportservicesinc
CENT,Central Garden & Pet Co,Consumer Staples,Household Products,39.45,13.2276,0.7133,8.6292,1.5665516406104192,22.39,-1.16,10.15,0.0818,5.87,0.5868131868131871,18.72,22.39,-1.16,18.72,0.5868131868131871,10.15,0.0818,5.87,79.28571428571429,55.210918114143915,40.952380952380956,77.2811059907834,50.0,61.55792863050928,0.9071428571428571,0.5071428571428571,0.37142857142857144,0.7857142857142857,A-,C+,C-,B,centralgardenpetco
USB,US Bancorp,Financials,Diversified Banks,58.79,11.3172,2.0972,,1.4026339647850359,18.72,84.11849,12.479999999999999,0.25222680000000003,5.52,0.6540014248397054,21.0075,18.72,83.28401599999997,21.0075,0.6540014248397054,12.479999999999999,0.25222680000000003,5.52,62.81512605042016,68.41786280269828,49.159663865546214,74.33551198257081,50.0,61.544372436045414,0.6386554621848739,0.8067226890756303,0.49159663865546216,0.7605042016806722,B-,B+,C,B,usbancorp
ENVA,Enova International Inc,Financials,Consumer Finance,172.02,12.1518,2.0972,10.6311,3.1805961815095722,43.8,22.52,25.759999999999998,0.4019,5.93,0.41963170931807414,41.2359,43.8,22.52,41.2359,0.41963170931807414,25.759999999999998,0.4019,5.93,41.1764705882353,59.327233654194245,83.61344537815127,67.32365673542144,50.0,61.52765706951978,0.36134453781512604,0.6680672268907563,0.8361344537815126,0.680672268907563,C-,B-,B+,B-,enovainternationalinc
ULTA,Ulta Beauty Inc,Consumer Discretionary,Other Specialty Retail,544.15,19.2652,1.7993,12.1436,8.572625887549961,5.21,11.16,45.4,0.1246,41.160000000000004,0.3705273243173525,1.0603,5.21,11.16,1.0603,0.3705273243173525,45.4,0.1246,41.160000000000004,39.483942414174976,66.97857142857143,77.28188286808977,69.64571428571429,50.0,61.51631346342332,0.38285714285714284,0.7371428571428571,0.8342857142857143,0.6971428571428572,C-,B,B+,B-,ultabeautyinc
ADBE,Adobe Inc,Information Technology,Application Software,225.78,12.5817,3.5289,9.9415,8.022627376709579,11.68,12.03,62.88,0.35700000000000004,40.589999999999996,0.20543841456388984,-33.5131,11.68,12.03,-33.5131,0.20543841456388984,62.88,0.35700000000000004,40.589999999999996,82.2419638372677,42.22244822901081,90.18518518518518,24.738592754920422,50.0,61.49899545239946,0.856353591160221,0.39226519337016574,0.9447513812154696,0.17679558011049723,B+,C-,A,D,adobeinc
KEX,Kirby Corp,Industrials,Marine Transportation,129.86,19.1561,1.9501,10.2372,2.0655747613677398,23.27,6.56,10.45,0.1401,8.08,0.6439810669054626,53.2097,23.27,6.56,53.2097,0.6439810669054626,10.45,0.1401,8.08,69.92596235281262,57.978572264286555,44.72365653088544,81.19580362265388,50.0,61.497279898312605,0.8032128514056225,0.6546184738955824,0.41767068273092367,0.8313253012048193,B+,B-,C,B+,kirbycorp
FIS,Fidelity National Information Services Inc,Financials,Transaction & Payment Processing Services,34.66,5.4171,1.4967,9.3097,1.2817620715286842,3492.81,18.26,22.56,0.157,10.530000000000001,0.01260022909507439,-44.4897,185.31,18.26,-34.223775,0.060451623116281404,22.56,0.157,10.530000000000001,81.30252100840336,76.082186570384,78.15126050420169,7.072829131652661,50.0,61.494448518558585,0.9201680672268907,0.9033613445378151,0.7815126050420168,0.03991596638655462,A-,A-,B,F,fidelitynationalinformationservicesinc
PRU,Prudential Financial Inc,Financials,Life & Health Insurance,117.67,10.5182,0.6786,10.6054,1.2620201331196896,144.17,11.31,12.24,0.08130000000000001,7.1,0.7195087915154899,16.4003,144.17,11.31,16.4003,0.7195087915154899,12.24,0.08130000000000001,7.1,71.84873949579833,70.52863088270814,46.63865546218487,63.80252100840337,50.0,61.4880791177181,0.8172268907563025,0.8445378151260504,0.46638655462184875,0.6470588235294118,B+,B+,C,B-,prudentialfinancialinc
COKE,Coca-Cola Consolidated Inc,Consumer Staples,Soft Drinks & Non-alcoholic Beverages,190.14,23.0317,1.6468,14.3669,10.480074960039683,-60.18,10.71,39.61,0.1096,18.35,0.7213145717253752,67.0236,-60.18,10.71,67.0236,0.7213145717253752,39.61,0.1096,18.35,44.76190476190476,41.26766091051807,75.23809523809524,91.0204081632653,50.0,61.45761381475667,0.4357142857142857,0.32857142857142857,0.8142857142857143,0.9428571428571428,C,C-,B+,A,cocacolaconsolidatedinc
EME,EMCOR Group Inc,Industrials,Construction & Engineering,772.69,23.3616,1.8078,16.3218,9.36335170401392,33.41,18.92,38.49,0.1038,38.43,0.5368178999586607,21.9536,33.41,18.92,21.9536,0.5368178999586607,38.49,0.1038,29.789999999999996,54.58678250416633,57.423734566591705,76.0882987733246,61.51991640029506,50.0,61.45750051275009,0.5823293172690763,0.6305220883534136,0.8112449799196787,0.606425702811245,C+,B-,B+,B-,emcorgroupinc
AIZ,Assurant Inc,Financials,Multi-line Insurance,264.52,12.2904,0.9711,7.9486,2.243208130230223,53.42,9.36,18.029999999999998,0.107,13.120000000000001,0.5973853538964353,22.6852,53.42,9.36,22.6852,0.5973853538964353,18.029999999999998,0.107,13.120000000000001,45.79831932773109,62.69851591740004,68.90756302521008,76.0473078120137,50.0,61.42563533411804,0.41596638655462187,0.7226890756302521,0.6890756302521008,0.773109243697479,C,B,B-,B,assurantinc
EWBC,East West Bancorp Inc,Financials,Regional Banks,127.0,12.054,3.27879,,1.9633791145933177,21.65,74.7411,16.189999999999998,0.5797675999999999,15.47,0.7662946428571429,17.9038,21.65,74.7411,17.9038,0.7662946428571429,16.189999999999998,0.5797675999999999,15.47,50.63025210084034,68.56777085263167,62.60504201680672,71.92334877876384,50.0,61.407047455690865,0.4894957983193277,0.819327731092437,0.6260504201680672,0.7184873949579832,C,B+,B-,B,eastwestbancorpinc
JBL,Jabil Inc,Information Technology,Electronic Manufacturing Services,315.86,38.5038,0.9881,23.1481,22.438178860402505,55.75,17.8,62.419999999999995,0.042800000000000005,18.59,0.5275512446716322,50.6851,55.75,17.8,50.6851,0.5275512446716322,62.419999999999995,0.042800000000000005,18.59,68.32098610413529,68.79706335441196,60.0,52.59957317906637,50.0,61.35957383272949,0.7569060773480663,0.7292817679558011,0.6353591160220995,0.4585635359116022,B,B,B-,C,jabilinc
TRN,Trinity Industries Inc,Industrials,Construction Machinery & Heavy Transportation Equipment,27.64,6.5515,1.0887,6.9207,2.04760458414514,260.79,-18.95,31.569999999999997,0.3693,5.16,0.21262458471760792,0.3957,191.6919999999998,-5.83,0.3957,0.21262458471760792,31.569999999999997,0.28918,5.16,89.27301040898287,53.78813687637217,68.04032456356036,31.221789920787593,50.0,61.330319102567756,0.9558232931726908,0.5381526104417671,0.7028112449799196,0.27309236947791166,A,C+,B,D+,trinityindustriesinc
UHS,Universal Health Services Inc,Health Care,Health Care Facilities,179.29,6.9063,0.5818,5.6498,1.5047393961571194,29.35,10.05,20.75,0.11359999999999999,12.6,0.36903529411764685,-9.493,29.35,10.05,-9.493,0.36903529411764685,20.75,0.11359999999999999,12.6,95.80132450331126,62.39041598057716,64.23841059602648,18.94039735099338,50.0,61.276096441148546,1.0,0.6754966887417219,0.6622516556291391,0.1456953642384106,A+,B-,B-,D,universalhealthservicesinc
MEDP,Medpace Holdings Inc,Health Care,Life Sciences Tools & Services,614.32,35.1454,6.2085,27.4399,37.87212793371515,26.78,24.67,110.14999999999999,0.2097,110.14999999999999,0.7914726139717942,26.8327,26.78,24.67,26.8327,0.7914726139717942,108.28999999999999,0.2097,29.675,36.94775570272259,79.15356070288104,89.84547461368653,43.66044551475015,50.0,61.261108822628515,0.3708609271523179,0.8940397350993378,0.9437086092715232,0.40397350993377484,C-,B+,A,C,medpaceholdingsinc
CRM,Salesforce Inc,Information Technology,Application Software,228.05,19.9336,4.3834,23.8101,3.582199742389495,59.27,11.23,20.150000000000002,0.18780000000000002,13.18,0.6656079485300106,-2.8761,59.27,11.23,-2.8761,0.6656079485300106,20.150000000000002,0.18780000000000002,13.18,63.33814665996987,54.52038493035243,66.85185185185185,63.986892599565834,50.0,61.248955133939084,0.7016574585635359,0.574585635359116,0.7016574585635359,0.6077348066298343,B,C+,B,B-,salesforceinc
ATMU,Atmus Filtration Technologies Inc,Industrials,Industrial Machinery & Supplies & Components,44.59,16.9602,1.9204,12.6434,9.602256821069407,15.91,13.05,54.67999999999999,0.1716,18.22,0.08326359832635992,0.789,15.91,13.05,0.789,0.08326359832635992,54.67999999999999,0.1716,18.22,68.64246100046445,68.17150470786338,81.39059639920225,25.314195117093345,50.0,61.205404314908016,0.7791164658634538,0.7911646586345381,0.8795180722891566,0.21686746987951808,B,B,B+,D+,atmusfiltrationtechnologiesinc
SN,Sharkninja Inc,Consumer Discretionary,Household Appliances,178.01,36.0153,3.6235,25.6003,9.38920829157656,33.4,17.49,26.009999999999998,0.1376,20.419999999999998,0.8516424340333871,67.5686,33.4,17.49,54.84940999999998,0.8028694842823204,26.009999999999998,0.1376,20.419999999999998,10.522702104097455,86.42045454545455,66.73344280240832,97.92207792207792,50.0,61.18254272013294,0.045714285714285714,0.9142857142857143,0.7085714285714285,1.0,F,A-,B,A+,sharkninjainc
WOR,"Worthington Enterprises, Inc",Industrials,Building Products,60.45,18.3685,2.1129,23.2748,2.8655128770318123,54.64,18.44,16.189999999999998,0.056299999999999996,12.42,0.6854605993340736,17.9011,54.64,18.44,17.9011,0.6854605993340736,16.189999999999998,0.056299999999999996,12.42,48.043056580061744,87.98001048483673,45.057508947354044,76.55638882058847,50.0,61.182421242938986,0.4819277108433735,0.9558232931726908,0.42168674698795183,0.7791164658634538,C,A,C,B,worthingtonenterprisesinc
ONB,Old National Bancorp,Financials,Regional Banks,25.29,11.003,2.22033,,1.1600704574227996,31.82,79.90764,10.459999999999999,0.43808169999999996,8.88,0.7402853235297807,16.6057,31.82,79.90764,16.6057,0.7402853235297807,10.459999999999999,0.43808169999999996,8.88,72.05882352941177,79.25933203288511,34.45378151260504,68.36723474436502,50.0,61.153464615954235,0.8256302521008403,0.9201680672268907,0.3445378151260504,0.6848739495798319,B+,A-,C-,B-,oldnationalbancorp
BJ,BJ's Wholesale Club Holdings Inc,Consumer Staples,Consumer Staples Merchandise Retail,95.43,19.9279,0.5193,10.7386,5.629324634415389,5.1,9.09,27.35,0.037599999999999995,21.2,0.5413779046066044,-0.0533,5.1,9.09,-0.0533,0.5413779046066044,27.35,0.037599999999999995,21.2,70.95238095238096,62.65771265771266,60.0,54.391534391534385,50.0,61.147944647944655,0.8142857142857143,0.6571428571428571,0.6642857142857143,0.5,B+,B-,B-,C,bjswholesaleclubholdingsinc
UAL,United Airlines Holdings Inc,Industrials,Passenger Airlines,110.24,10.5833,0.5882,6.7731,2.3334278783671083,7.02,8.48,22.5,0.0775,8.74,0.4729355255865507,14.9672,7.02,8.48,14.9672,0.4729355255865507,22.5,0.0775,8.74,94.22834193918531,46.81070395356109,49.150342868070915,54.16101291029575,50.0,61.03901457458543,0.9919678714859438,0.41365461847389556,0.4779116465863454,0.5060240963855421,A+,C,C,C+,unitedairlinesholdingsinc
MCK,McKesson Corp,Health Care,Health Care Distributors,863.12,22.0039,0.2459,15.6269,27.45982610134226,49.07,8.84,39.43,0.0158,16.23,0.5210264725580741,17.6669,49.07,8.84,17.6669,0.5210264725580741,39.43,0.0158,16.23,79.3980868285504,65.71177529917509,60.0,40.12141280353201,50.0,61.01615932767903,0.8874172185430463,0.7350993377483444,0.5827814569536424,0.36423841059602646,B+,B,C+,C-,mckessoncorp
MYRG,MYR Group Inc,Industrials,Construction & Engineering,288.21,27.5586,1.1371,19.2278,6.774191273771721,120.06,16.06,24.169999999999998,0.056299999999999996,22.86,0.3233681564684628,51.6902,120.06,16.06,51.6902,0.3233681564684628,24.169999999999998,0.056299999999999996,22.86,50.23522662076878,73.77385430956859,59.547304865721394,68.52323580034424,50.0,60.90505089360511,0.5220883534136547,0.8514056224899599,0.6024096385542169,0.714859437751004,C+,B+,B-,B,myrgroupinc
FCX,Freeport-McMoRan Inc,Materials,Copper,71.44,35.2592,4.0142,12.0336,5.428200199074531,53.11,-24.23,15.260000000000002,0.2676,10.27,0.8048347748946552,104.6123,53.11,-16.235,79.35161499999998,0.8048347748946552,15.260000000000002,0.2676,10.27,40.19607843137255,39.192343604108316,75.0,95.93837535014006,50.0,60.825163398692816,0.4264705882352941,0.27941176470588236,0.8088235294117647,1.0,C,D+,B+,A+,freeportmcmoraninc
ESE,ESCO Technologies Inc,Industrials,Industrial Machinery & Supplies & Components,268.1,22.0626,5.3812,24.8421,4.4940995038219125,173.22,16.55,19.97,0.1542,18.17,0.44174036920519993,28.1011,173.22,16.55,28.1011,0.44174036920519993,19.97,0.1542,18.17,32.49460426740978,90.90195991508185,68.3665273338251,62.03518190970304,50.0,60.8027112652657,0.25301204819277107,0.9839357429718876,0.7068273092369478,0.6184738955823293,D+,A+,B,B-,escotechnologiesinc
META,Meta Platforms Inc,Communication Services,Interactive Media & Services,720.32,28.1192,8.3894,18.0844,8.388806849678806,-3.69,27.65,29.73,0.38079999999999997,23.74,0.7707682871576119,0.3672,-3.69,27.65,0.3672,0.7707682871576119,29.73,0.367945,23.74,26.004228329809724,68.74653608815598,86.36363636363637,69.74042357978439,50.0,60.78935810694961,0.22727272727272727,0.8181818181818182,0.8863636363636364,0.7045454545454546,D+,B+,B+,B,metaplatformsinc
PBI,Pitney Bowes Inc,Industrials,Office Services & Supplies,16.29,11.986,1.2033,8.6641,46.74318507890961,58.9,-5.31,5.27,0.1925,0.13,0.725296442687747,42.0642,58.9,-5.31,42.0642,0.725296442687747,5.27,0.1925,0.13,84.14884025899516,44.71029742458313,33.99994535966997,86.53036005875937,50.0,60.78532790133478,0.8995983935742972,0.37751004016064255,0.28112449799196787,0.8955823293172691,B+,C-,D+,B+,pitneybowesinc
OXY,Occidental Petroleum Corp,Energy,Oil & Gas Exploration & Production,56.9,7.8356,2.6228,5.1161,1.5569973210889678,195.82,1.53,18.970000000000002,0.2614,12.770000000000001,0.631762652705061,21.0045,195.82,1.53,21.0045,0.631762652705061,18.970000000000002,0.2614,12.770000000000001,67.66169154228857,54.754635911352324,70.14925373134328,51.90049751243781,50.0,60.78376300316599,0.8059701492537313,0.6119402985074627,0.7238805970149254,0.4626865671641791,B+,B-,B,C,occidentalpetroleumcorp
MOG-A,Moog Inc,Industrials,Aerospace & Defense,390.84,31.2117,2.8501,24.8705,6.559313927046008,86.78,15.72,18.58,0.1056,11.77,0.7738580905419032,88.784,86.78,15.72,75.1288999999999,0.7738580905419032,18.58,0.1056,11.77,31.153730568532637,74.45799332445294,55.40365543807885,96.08057596164645,50.0,60.74706035887275,0.24096385542168675,0.8634538152610441,0.5582329317269076,0.9879518072289156,D+,B+,C+,A+,mooginc
AMGN,Amgen Inc,Health Care,Biotechnology,413.7,25.6378,5.884,17.7048,25.745223722695876,31.72,9.1,89.32,0.3032,13.3,0.8119711158749859,52.8911,31.72,9.1,52.8911,0.8119711158749859,89.32,0.3032,13.3,49.795437821927884,51.45821957205332,85.20971302428256,58.469775961673946,50.0,60.73688681829807,0.5165562913907285,0.5099337748344371,0.9072847682119205,0.5695364238410596,C+,C+,A-,C+,amgeninc
AAMI,Acadian Asset Management Inc,Financials,Asset Management & Custody Banks,93.78,32.8581,4.984,20.351,55.22968197879859,18.22,24.21,161.82000000000002,0.2347,31.369999999999997,0.9169149868536373,95.3798,18.22,24.21,49.25565499999992,0.8728421284860932,44.400499999999866,0.2347,29.45649999999999,6.72268907563025,52.2993798898152,97.68907563025209,95.86181139122316,50.0,60.73517943267825,0.031512605042016806,0.5546218487394958,0.976890756302521,0.9831932773109243,F,C+,A+,A+,acadianassetmanagementinc
HON,Honeywell International Inc,Industrials,Industrial Conglomerates,211.11,7.8123,1.7261,7.9006,8.680759725814477,169.74,-0.11,53.6,0.2884,16.689999999999998,0.047197541585944365,-45.7116,169.74,-0.11,-37.95569999999999,0.047197541585944365,53.6,0.2884,16.689999999999998,82.96587711389778,55.57645400502544,88.1916782777368,9.098336201950659,50.0,60.72434688930386,0.891566265060241,0.5823293172690763,0.9678714859437751,0.04819277108433735,B+,C+,A,F,honeywellinternationalinc
KRYS,Krystal Biotech Inc,Health Care,Biotechnology,337.77,42.3907,23.2378,48.1752,8.085032027038672,62.37,22.63,19.34,0.4489,19.34,0.8005613597380319,114.5951,62.37,22.63,114.5951,0.8005613597380319,19.34,0.38915,19.34,19.907284768211923,74.18121802730687,84.65783664459161,73.56065943356347,50.0,60.68965584537496,0.08609271523178808,0.8344370860927153,0.8940397350993378,0.7152317880794702,D-,B+,B+,B,krystalbiotechinc
DLX,Deluxe Corp,Industrials,Commercial Printing,24.11,11.09,0.528,9.1627,1.5945767195767195,70.11,0.29,14.64,0.1188,4.760000000000001,0.4437456324248776,26.5869,70.11,0.29,26.5869,0.4437456324248776,14.64,0.1188,4.760000000000001,91.76843428134305,51.708619565762426,40.05709914487884,61.95587544985136,50.0,60.68928235967823,0.9759036144578314,0.4939759036144578,0.36947791164658633,0.6144578313253012,A+,C,C-,B-,deluxecorp
SHOO,Steven Madden Ltd,Consumer Discretionary,Footwear,44.51,23.016,1.2032,15.695,3.7335592537914373,56.95,18.15,16.05,0.075,12.709999999999999,0.717474142623843,37.7982,56.95,18.15,37.7982,0.717474142623843,16.05,0.075,12.709999999999999,34.79955703211517,89.80654761904762,45.52599890530925,88.11904761904762,50.0,60.666508031975155,0.30857142857142855,0.9485714285714286,0.4228571428571429,0.8685714285714285,C-,A,C,B+,stevenmaddenltd
C,Citigroup Inc,Financials,Diversified Banks,133.77,12.6266,1.09533,,1.1011743554874325,35.24,99.23775,8.41,0.2301502,1.87,0.7386740331491713,31.5052,35.24,83.28401599999997,31.5052,0.7386740331491713,8.41,0.2301502,1.87,66.38655462184875,84.64361236178118,18.907563025210084,87.0525988173047,50.0,60.66277164758189,0.707983193277311,0.9663865546218487,0.18907563025210083,0.9033613445378151,B,A,D,A-,citigroupinc
AMZN,Amazon.com Inc,Consumer Discretionary,Broadline Retail,245.89,19.9069,3.4718,16.3998,6.419048563813263,89.71,15.77,30.5,0.1208,24.19,0.5470394736842105,14.4488,89.71,15.77,14.4488,0.5470394736842105,30.5,0.1208,24.19,23.73532668881506,92.93956043956044,66.75314723590587,72.21978021978023,50.0,60.653986613048374,0.14285714285714285,0.9657142857142857,0.7142857142857143,0.72,D,A,B,B,amazoncominc
FHI,Federated Hermes Inc,Financials,Asset Management & Custody Banks,57.51,10.4813,2.2197,7.9069,3.670608959834564,19.59,15.25,34.03,0.2751,26.419999999999998,0.5282375851996104,12.0326,19.59,15.25,12.0326,0.5282375851996104,34.03,0.2751,26.419999999999998,48.94957983193277,47.026740205771475,91.59663865546219,55.39122315592904,50.0,60.62014729418885,0.47058823529411764,0.4411764705882353,0.9159663865546218,0.5798319327731093,C,C,A-,C+,federatedhermesinc
WSFS,WSFS Financial Corp,Financials,Regional Banks,76.55,12.5234,2.33073,,1.4929448361271196,30.7,54.50711,11.72,0.381658,10.58,0.806480920654149,41.0996,30.7,54.50711,41.0996,0.806480920654149,11.72,0.381658,10.58,54.6218487394958,63.482983189012614,44.11764705882353,90.88824314772637,50.0,60.559119216927634,0.5378151260504201,0.7436974789915967,0.4411764705882353,0.9285714285714286,C+,B,C,A-,wsfsfinancialcorp
LGND,Ligand Pharmaceuticals Inc,Health Care,Biotechnology,305.08,30.4786,20.6889,48.2291,5.93057410398916,,54.89,20.06,0.3261,12.33,0.867937247211668,80.8107,,50.44,80.8107,0.867937247211668,20.06,0.3261,12.33,26.74908020603384,73.44300408623363,77.15231788079471,74.24263773425392,50.0,60.51247788580465,0.2052980132450331,0.8245033112582781,0.7947019867549668,0.7350993377483444,D+,B+,B,B,ligandpharmaceuticalsinc
CDE,"Coeur Mining, Inc",Materials,Gold,18.58,23.2323,6.2301,12.3564,3.6009147641381447,211.84,117.26,12.49,0.3369,11.57,0.35372714486638523,5.6044,211.84,46.40449999999998,5.6044,0.35372714486638523,12.49,0.3369,11.57,42.15686274509804,91.13384484228473,75.49019607843137,38.61892583120205,50.0,60.36231884057971,0.4485294117647059,0.9558823529411765,0.8235294117647058,0.3382352941176471,C,A,B+,C-,coeurmininginc
AA,Alcoa Corp,Materials,Aluminum,42.17,8.8555,0.8313,10.6111,1.8135060400029244,24.14,6.46,19.16,0.0361,14.01,0.21205898823968647,36.248,24.14,6.46,36.248,0.21205898823968647,19.16,0.0361,14.01,80.3921568627451,49.31798806479114,60.0,51.91815856777493,50.0,60.34526854219949,0.8970588235294118,0.45588235294117646,0.6176470588235294,0.5,B+,C,B-,C,alcoacorp
CATY,Cathay General Bancorp,Financials,Regional Banks,61.37,11.8054,3.2522,,1.4097513352093263,23.41,54.98545,11.709999999999999,0.5396866,11.23,0.8121827411167514,27.0416,23.41,54.98545,27.0416,0.8121827411167514,11.709999999999999,0.5396866,11.23,59.24369747899159,59.28980876478688,43.69747899159664,88.56043351920206,50.0,60.30534257444485,0.6050420168067226,0.6638655462184874,0.4369747899159664,0.9159663865546218,B-,B-,C,A-,cathaygeneralbancorp
VICR,Vicor Corp,Industrials,Electrical Components & Equipment,275.72,89.4958,27.4262,114.5595,17.537320552859388,115.29,24.95,19.830000000000002,0.1864,19.830000000000002,0.6808917007371156,440.7748,115.29,24.95,75.1288999999999,0.6808917007371156,19.830000000000002,0.1864,19.830000000000002,4.696336365871653,90.20785920545825,73.19673250826435,88.93774514969499,50.0,60.302388089564644,0.012048192771084338,0.9799196787148594,0.7710843373493976,0.9156626506024096,F,A+,B,A-,vicorcorp
PRGS,Progress Software Corp,Information Technology,Systems Software,38.48,18.1197,1.6075,10.078,3.4056111160279667,60.3,15.5,18.16,0.17329999999999998,4.8,0.6225053078556263,-4.5146,60.3,15.5,-4.5146,0.6225053078556263,18.16,0.17329999999999998,4.8,85.91997321279091,60.55791589829369,52.40740740740741,42.805529912539384,50.0,60.2545343172162,0.9005524861878453,0.6243093922651933,0.5359116022099447,0.35359116022099446,A-,B-,C+,C-,progresssoftwarecorp
UMBF,UMB Financial Corp,Financials,Regional Banks,133.6,10.9428,2.36702,,1.3190684375357904,40.79,72.21914,12.17,0.3178459,8.25,0.605126151381658,14.3266,40.79,72.21914,14.3266,0.605126151381658,12.17,0.3178459,8.25,67.6470588235294,81.25132641987511,46.21848739495798,52.63488572999293,50.0,60.24362898459545,0.7184873949579832,0.9327731092436975,0.46218487394957986,0.5504201680672269,B,A,C,C+,umbfinancialcorp
VZ,Verizon Communications Inc,Communication Services,Integrated Telecommunication Services,46.6,12.5306,1.459,7.687,1.8813004388355317,-10.78,1.38,15.52,0.2059,6.11,0.6177577125658391,8.6044,-10.78,1.38,8.6044,0.6177577125658391,15.52,0.2059,6.11,72.55109231853419,40.43228585695725,59.09090909090909,71.11732382145956,50.0,60.22042228804418,0.8409090909090909,0.29545454545454547,0.5454545454545454,0.7272727272727273,B+,D+,C+,B,verizoncommunicationsinc
NWN,Northwest Natural Holding Co,Utilities,Gas Utilities,46.87,15.7159,1.5316,9.8027,1.3206685902348856,18.85,4.41,8.34,0.2285,3.09,0.2627324171382376,7.6677,18.85,4.41,7.6677,0.2627324171382376,8.34,0.2285,3.09,86.20689655172413,55.68037215512026,31.034482758620687,73.86444708680142,50.0,60.219308675970545,0.896551724137931,0.5862068965517241,0.20689655172413793,0.7241379310344828,B+,C+,D+,B,northwestnaturalholdingco
IQV,IQVIA Holdings Inc,Health Care,Life Sciences Tools & Services,269.51,32.3657,2.6204,17.3454,7.028886477915249,16.8,8.17,21.95,0.1292,6.279999999999999,0.9358014646053703,53.0194,16.8,8.17,53.0194,0.9358014646053703,21.95,0.1292,6.279999999999999,55.983811626195745,55.09771820681546,58.94039735099338,77.2105157535621,50.0,60.192699036372794,0.5894039735099338,0.5761589403973509,0.5761589403973509,0.8079470198675497,C+,C+,C+,B+,iqviaholdingsinc
BLKB,Blackbaud Inc,Information Technology,Application Software,42.25,13.0105,1.7075,13.4041,23.20026357695898,71.88,0.63,204.42999999999998,0.1979,12.540000000000001,0.36937735430977187,-32.0057,71.88,0.63,-32.0057,0.36937735430977187,114.73149999999994,0.1979,12.540000000000001,86.02042524694458,40.49232547094302,76.85185185185185,31.765610049692896,50.0,60.169656378826296,0.9060773480662984,0.35911602209944754,0.8066298342541437,0.26519337016574585,A-,C-,B+,D+,blackbaudinc
FULT,Fulton Financial Corp,Financials,Regional Banks,23.04,11.1824,2.12687,,1.1874636004267447,21.65,55.27646,11.15,0.3345719,8.57,0.7462340672074158,23.5638,21.65,55.27646,23.5638,0.7462340672074158,11.15,0.3345719,8.57,70.58823529411765,58.344428213355044,39.49579831932773,79.81308411214954,50.0,60.15251086846226,0.7815126050420168,0.6470588235294118,0.3949579831932773,0.8151260504201681,B,B-,C-,B+,fultonfinancialcorp
SR,Spire Inc,Utilities,Gas Utilities,76.49,8.3201,1.7995,13.7088,1.331476565559859,89.9,4.12,15.879999999999999,0.20629999999999998,5.55,0.032887975334018514,-2.0053,89.9,4.12,-2.0053,0.032887975334018514,15.879999999999999,0.20629999999999998,5.55,69.54022988505747,61.14587896614306,69.54022988505747,40.689655172413794,50.0,60.13722177024011,0.7758620689655172,0.6724137931034483,0.7327586206896551,0.4482758620689655,B,B-,B,C,spireinc
SAIC,Science Applications International Corp,Industrials,Diversified Support Services,131.14,14.6212,0.7506,10.5675,3.846774359139829,3.48,-0.78,25.89,0.08,9.610000000000001,0.8129157139887756,36.43,3.48,-0.78,36.43,0.8129157139887756,25.89,0.08,9.610000000000001,85.17826407671502,21.42274753881897,52.882004207305414,81.45576741101698,50.0,60.090770060972304,0.9116465863453815,0.09236947791164658,0.5220883534136547,0.8393574297188755,A-,D-,C+,B+,scienceapplicationsinternationalcorp
FIBK,First Interstate Bancsystem Inc,Financials,Regional Banks,36.51,10.847,2.2313,,1.0708943184817996,45.92,104.1652,9.55,0.3286886,7.779999999999999,0.6443478260869562,12.9091,45.92,83.28401599999997,12.9091,0.6443478260869562,9.55,0.3286886,7.779999999999999,76.89075630252101,89.54411683431643,28.15126050420168,54.054818188957825,50.0,59.98029120633552,0.8823529411764706,0.9915966386554622,0.2815126050420168,0.5672268907563025,B+,A+,D+,C+,firstinterstatebancsysteminc
SANM,Sanmina Corp,Information Technology,Electronic Manufacturing Services,219.37,39.0978,0.9439,21.9082,4.976938242587455,19.62,58.56,12.57,0.0415,7.41,0.6111422800718133,98.6654,19.62,54.72500000000002,98.6654,0.6111422800718133,12.57,0.0415,7.41,69.83613761928679,74.42514031477911,35.55555555555555,68.26169678958345,50.0,59.88529071458309,0.7679558011049724,0.8342541436464088,0.3011049723756906,0.7182320441988951,B,B+,C-,B,sanminacorp
MNST,Monster Beverage Corp,Consumer Staples,Soft Drinks & Non-alcoholic Beverages,41.96,39.6935,9.161,29.2894,4.972270938996066,34.59,20.37,24.959999999999997,0.2916,24.959999999999997,0.5456557830658549,33.4675,34.59,20.37,33.4675,0.5456557830658549,24.959999999999997,0.2916,24.959999999999997,8.095238095238093,81.9662480376766,84.76190476190477,76.3265306122449,50.0,59.87284144427001,0.014285714285714285,0.9285714285714286,0.8857142857142857,0.7714285714285715,F,A-,B+,B,monsterbeveragecorp
JNJ,Johnson & Johnson,Health Care,Pharmaceuticals,272.21,31.0697,6.6744,21.0843,8.038187369701694,-7.75,8.06,25.740000000000002,0.25730000000000003,16.04,0.9157474324838341,52.6023,-7.75,8.06,52.6023,0.9157474324838341,25.740000000000002,0.25730000000000003,16.04,42.71523178807947,40.94605611924711,80.5739514348786,79.2946249807485,50.0,59.87043202573864,0.4370860927152318,0.3708609271523179,0.8675496688741722,0.8543046357615894,C,C-,B+,B+,johnsonjohnson
MO,Altria Group Inc,Consumer Staples,Tobacco,69.2,14.4126,4.8988,12.379,45.29981670594396,-8.27,-0.58,149.65,0.4678,14.12,0.648479427549195,5.5683,-8.27,-0.58,5.5683,0.648479427549195,137.46399999999994,0.34928499999999985,14.12,47.142857142857146,37.123745819397996,88.57142857142856,67.5776397515528,50.0,59.86884854276158,0.4714285714285714,0.2857142857142857,0.9857142857142858,0.6571428571428571,C,D+,A+,B-,altriagroupinc
SFM,Sprouts Farmers Market Inc,Consumer Staples,Food Retail,63.81,11.5878,0.6472,6.8604,4.362599647218082,7.54,7.2,34.839999999999996,0.07440000000000001,32.84,0.024543854774474443,-43.8847,7.54,7.2,-36.83031,0.025119437946619243,34.839999999999996,0.07440000000000001,28.479999999999983,84.76190476190477,68.19604896527974,75.0,6.349206349206349,50.0,59.84952725337342,0.9714285714285714,0.7571428571428571,0.8,0.014285714285714285,A+,B,B,F,sproutsfarmersmarketinc
AMKR,Amkor Technology Inc,Information Technology,Semiconductors,53.24,23.9795,1.786,10.8101,2.944771702757267,81.73,17.93,12.370000000000001,0.0861,8.780000000000001,0.36722505462490895,83.8477,81.73,17.93,83.8477,0.36722505462490895,12.370000000000001,0.0861,8.780000000000001,80.73204419889503,63.2879009382201,43.51851851851851,55.53855753233731,50.0,59.82793237346486,0.8453038674033149,0.6629834254143646,0.4088397790055249,0.5248618784530387,B+,B-,C,C+,amkortechnologyinc
HOPE,Hope Bancorp Inc,Financials,Regional Banks,13.79,13.4918,1.95924,,0.7742841100505334,186.09,57.85491,5.74,0.3576271,5.48,0.832290362953692,27.583,185.31,57.85491,27.583,0.832290362953692,5.74,0.3576271,5.48,71.84873949579831,83.34717081084116,8.403361344537815,90.41545590198697,50.0,59.81555055264966,0.8109243697478992,0.9495798319327731,0.08403361344537816,0.9243697478991597,B+,A,D-,A-,hopebancorpinc
A,Agilent Technologies Inc,Health Care,Life Sciences Tools & Services,173.94,33.8295,6.608,26.6521,7.3037387886727805,18.74,8.6,20.47,0.2223,13.669999999999998,0.9875037639265279,41.759,18.74,8.6,41.759,0.9775632991742835,20.47,0.2223,13.669999999999998,36.7299484915379,59.758776330752625,74.8344370860927,74.7943006221152,50.0,59.80171178498122,0.3576158940397351,0.6357615894039735,0.7814569536423841,0.7483443708609272,C-,B-,B,B,agilenttechnologiesinc
RS,Reliance Inc,Materials,Steel,388.98,22.1217,1.251,14.0023,2.8066393059379706,25.54,15.44,12.33,0.0782,10.17,0.7450060795553242,38.0284,25.54,15.44,38.0284,0.7450060795553242,12.33,0.0782,10.17,52.45098039215687,63.4446351484891,52.94117647058824,78.8235294117647,50.0,59.80167212773704,0.5882352941176471,0.6911764705882353,0.5,0.7941176470588235,C+,B-,C,B,relianceinc
AR,Antero Resources Corp,Energy,Oil & Gas Exploration & Production,34.79,9.929,1.7552,5.8512,1.4214446519115345,153.24,25.76,13.86,0.2409,11.04,0.34174174174174166,2.79,153.24,25.76,2.79,0.34174174174174166,13.86,0.2409,11.04,67.16417910447761,84.23714759535655,62.6865671641791,27.16417910447761,50.0,59.742951907131015,0.7910447761194029,0.9402985074626866,0.6119402985074627,0.22388059701492538,B,A,B-,D+,anteroresourcescorp
CARG,CarGurus Inc,Communication Services,Interactive Media & Services,30.99,15.8467,2.9587,9.1313,7.857903544804503,50.61,2.53,56.25,0.2939,56.25,0.31018415498418717,-15.4511,50.61,2.53,-15.4511,0.31018415498418717,56.25,0.2939,44.84,55.073995771670184,53.733903453229836,92.04545454545455,36.06757834259936,50.0,59.740158938447024,0.6136363636363636,0.5909090909090909,0.9772727272727273,0.3181818181818182,B-,C+,A+,C-,cargurusinc
BR,Broadridge Financial Solutions Inc,Industrials,Data Processing & Outsourced Services,162.42,16.6103,2.4975,14.9656,6.524254061089063,35.62,8.53,40.239999999999995,0.174,18.65,0.27253834640940333,-30.275,35.62,8.53,-30.275,0.27253834640940333,40.239999999999995,0.174,18.65,60.138786438270095,69.1178145758891,80.02568095511297,29.366437177280545,50.0,59.73796719897969,0.6465863453815262,0.8072289156626506,0.8473895582329317,0.24497991967871485,B-,B+,B+,D+,broadridgefinancialsolutionsinc
STRL,Sterling Infrastructure Inc,Industrials,Construction & Engineering,498.55,36.3173,4.5573,24.5834,13.799087718521308,50.75,60.83,36.67,0.1752,29.43,0.2996408508104265,51.368,50.75,36.967999999999954,51.368,0.2996408508104265,36.67,0.1752,29.43,21.78947080840368,77.89823673752245,83.35573586864466,64.33853782476847,50.0,59.73365658172027,0.13253012048192772,0.8995983935742972,0.9116465863453815,0.6506024096385542,D,B+,A-,B-,sterlinginfrastructureinc
FERG,Ferguson Enterprises Inc,Industrials,Trading Companies & Distributors,224.25,17.6887,1.3513,12.4429,7.468029838817104,33.62,3.66,40.62,0.1058,23.61,0.20366324987397086,-1.167,33.62,3.66,-1.167,0.20366324987397086,40.62,0.1058,23.61,73.21367101057291,56.39586261706077,74.17698002895936,32.91681538530686,50.0,59.71019836035659,0.8273092369477911,0.5983935742971888,0.7911646586345381,0.2931726907630522,B+,C+,B,D+,fergusonenterprisesinc
NBIX,Neurocrine Biosciences Inc,Health Care,Biotechnology,138.39,19.9408,4.1697,16.4503,4.2583503854024025,101.29,34.42,21.13,0.23559999999999998,21.13,0.253985620506408,-1.7673,101.29,34.42,-1.7673,0.253985620506408,21.13,0.23559999999999998,21.13,59.305371596762335,87.21658885687853,80.3532008830022,11.089192616598561,50.0,59.57579941463655,0.6225165562913907,0.9668874172185431,0.8509933774834437,0.07947019867549669,B-,A,B+,D-,neurocrinebiosciencesinc
ANET,Arista Networks Inc,Information Technology,Communications Equipment,205.1,64.4083,24.7141,55.6547,20.832486897168163,24.69,32.57,30.78,0.4314,30.78,0.9024608946896484,44.38,24.69,32.57,44.38,0.9024608946896484,30.78,0.4314,30.78,19.162271890172438,70.47290565006845,86.2962962962963,70.58189886034972,50.0,59.575602948700826,0.1270718232044199,0.7513812154696132,0.9005524861878453,0.7513812154696132,D,B,A-,B,aristanetworksinc
LEA,Lear Corp,Consumer Discretionary,Automotive Parts & Equipment,121.9,10.886,0.2554,8.8126,1.2261595455866807,25.31,3.54,10.9,0.0365,7.08,0.47633081598821136,22.3918,25.31,3.54,22.3918,0.47633081598821136,10.9,0.0365,7.08,82.70764119601328,58.854166666666664,26.223316912972084,77.80357142857144,50.0,59.564287146293964,0.92,0.6057142857142858,0.2057142857142857,0.7657142857142857,A-,B-,D+,B,learcorp
NTNX,Nutanix Inc,Information Technology,Systems Software,67.74,12.2156,6.4505,69.192,26.113102810223197,705.43,12.44,180.70999999999998,0.096,61.809999999999995,0.7590009000900089,-11.0254,703.5419999999999,12.44,-11.0254,0.7590009000900089,114.73149999999994,0.096,61.4965,49.507157207433444,66.37895883463241,78.51851851851852,46.14605576116735,50.0,59.51142185064794,0.5193370165745856,0.7016574585635359,0.8342541436464088,0.3812154696132597,C+,B,B+,C-,nutanixinc
GDDY,GoDaddy Inc,Information Technology,Internet Services & Infrastructure,94.6,13.5148,2.4103,10.9652,59.258331245301925,20.13,7.41,660.9499999999999,0.2484,23.24,0.32071921388250035,-31.1991,20.13,7.41,-31.1991,0.32071921388250035,114.73149999999994,0.2484,23.24,84.59421563703332,43.069070379887805,86.01851851851852,16.13713148791392,50.0,59.4944239124483,0.8895027624309392,0.40331491712707185,0.8950276243093923,0.08839779005524862,B+,C,B+,D-,godaddyinc
DRI,Darden Restaurants Inc,Consumer Discretionary,Restaurants,199.99,19.1829,1.6968,11.7553,10.336949723731205,9.83,8.1,55.900000000000006,0.11689999999999999,20.06,0.5100185147089079,6.8068,9.83,8.1,6.8068,0.5100185147089079,55.900000000000006,0.11689999999999999,20.06,43.323366555924686,60.570436507936506,70.39518336070061,69.66666666666666,50.0,59.47705811407696,0.42857142857142855,0.6571428571428571,0.7542857142857143,0.7028571428571428,C,B-,B,B,dardenrestaurantsinc
LUV,Southwest Airlines Co,Industrials,Passenger Airlines,41.86,24.9455,0.6943,12.4915,2.704204243003695,141.54,9.46,11.27,0.0346,6.69,0.48742746615087035,33.6674,141.54,9.46,33.6674,0.48742746615087035,11.27,0.0346,6.69,72.27221812419747,77.15997001711287,26.601098270633553,71.61161653416387,50.0,59.4726464089631,0.8192771084337349,0.891566265060241,0.20080321285140562,0.7309236947791165,B+,B+,D+,B,southwestairlinesco
FOXA,Fox Corp,Communication Services,Broadcasting,63.44,14.9259,1.4685,7.3372,2.289178363944719,-21.76,5.07,14.74,0.1953,9.34,0.5383244206773617,4.7153,-21.76,5.07,4.7153,0.5383244206773617,14.74,0.1953,9.34,70.68357998590557,48.443746071653045,60.98484848484848,59.264745011086475,50.0,59.458805334236416,0.8068181818181818,0.48863636363636365,0.6477272727272727,0.6136363636363636,B+,C,B-,B-,foxcorp
CTSH,Cognizant Technology Solutions Corp,Information Technology,IT Consulting & Other Services,56.42,11.6324,1.1932,6.5947,1.7998762226206353,-5.4,5.64,14.940000000000001,0.1588,14.149999999999999,0.38718718718718725,-14.0093,-5.4,5.64,-14.0093,0.38718718718718725,14.940000000000001,0.1588,14.149999999999999,94.63314080026787,34.001830620772864,61.48148148148149,42.38459892866,50.0,59.305941480323916,0.988950276243094,0.2541436464088398,0.6519337016574586,0.34806629834254144,A+,D+,B-,C-,cognizanttechnologysolutionscorp
BKNG,Booking Holdings Inc,Consumer Discretionary,"Hotels, Resorts & Cruise Lines",163.28,17.0882,4.3621,12.8011,55.55631167063627,57.21,12.85,139.63,0.3287,29.37,0.1755276516163507,-26.4897,57.21,12.85,-26.4897,0.1755276516163507,139.63,0.2860499999999996,29.37,31.25692137320044,87.71825396825398,92.91625615763547,28.42857142857143,50.0,59.27265946207406,0.25142857142857145,0.9314285714285714,0.9942857142857143,0.2914285714285714,D+,A,A+,D+,bookingholdingsinc
EXLS,Exlservice Holdings Inc,Industrials,Data Processing & Outsourced Services,34.37,21.0742,2.3548,14.0392,5.890720872039214,10.07,13.63,28.49,0.149,20.14,0.48895737031330233,-19.5974,10.07,13.63,-19.5974,0.48895737031330233,28.49,0.149,20.14,58.02311285960167,61.528853609598954,74.36384995765376,44.29145152036718,50.0,59.26080173030708,0.6305220883534136,0.7068273092369478,0.7951807228915663,0.40963855421686746,B-,B,B,C,exlserviceholdingsinc
SHC,Sotera Health Co,Health Care,Health Care Services,18.4,32.015,4.3035,17.3875,8.634038759326168,579.33,8.15,26.75,0.32630000000000003,5.74,0.7855029585798813,18.018,364.82049999999936,8.15,18.018,0.7855029585798813,26.75,0.32630000000000003,5.74,49.80132450331126,71.10301800373978,71.52317880794702,48.396058795025034,50.0,59.23094118756753,0.5231788079470199,0.8013245033112583,0.7185430463576159,0.4503311258278146,C+,B+,B,C,soterahealthco
YUM,Yum! Brands Inc,Consumer Discretionary,Restaurants,138.53,17.4227,4.4291,17.0899,63.868142000922084,57.23,10.28,117.63999999999999,0.3099,26.46,0.11900780379041279,-7.8319,57.23,10.28,-7.8319,0.11900780379041279,117.63999999999999,0.2860499999999996,26.46,24.096345514950162,80.45634920634922,91.19211822660098,46.492063492063494,50.0,59.21179847507033,0.14857142857142858,0.8857142857142857,0.9885714285714285,0.4514285714285714,D,B+,A+,C,yumbrandsinc
ZBRA,Zebra Technologies Corp,Information Technology,Electronic Equipment & Instruments,364.91,31.8774,2.9386,19.8525,5.043746285366764,3.28,12.66,15.14,0.1467,8.86,0.886098942194679,22.542,3.28,12.66,22.542,0.886098942194679,15.14,0.1467,8.86,66.57353926000336,49.11592793502152,53.333333333333336,72.05279108547728,50.0,59.21046195243393,0.7348066298342542,0.47513812154696133,0.5524861878453039,0.7734806629834254,B,C,C+,B,zebratechnologiescorp
WSM,Williams-Sonoma Inc,Consumer Discretionary,Homefurnishing Retail,230.95,23.2157,3.4194,14.8972,13.171251939045531,11.05,2.24,57.79,0.19210000000000002,57.79,0.7321548444842246,15.31,11.05,2.24,15.31,0.7321548444842246,57.79,0.19210000000000002,41.3595,23.197120708748617,48.27922077922078,87.20087575259988,84.51948051948051,50.0,59.159239375077384,0.12571428571428572,0.4514285714285714,0.9657142857142857,0.8342857142857143,D,C,A,B+,williamssonomainc
EBAY,eBay Inc,Consumer Discretionary,Broadline Retail,108.3,21.6091,3.9986,21.0858,10.536659402241595,6.66,14.69,48.28,0.2052,19.580000000000002,0.7332848837209301,15.8844,6.66,14.69,15.8844,0.7332848837209301,48.28,0.2052,19.580000000000002,17.399778516057584,64.83516483516483,79.34099616858238,85.03296703296704,50.0,59.15882004478637,0.09142857142857143,0.72,0.8685714285714285,0.84,D-,B,B+,B+,ebayinc
DECK,Deckers Outdoor Corp,Consumer Discretionary,Footwear,78.71,10.5568,1.9383,6.8658,4.40769652916998,8.23,7.85,41.099999999999994,0.2267,41.099999999999994,0.029938786867000522,-25.6638,8.23,7.85,-25.6638,0.029938786867000522,41.099999999999994,0.2267,41.099999999999994,66.2126245847176,57.80505952380953,85.27312534209085,23.61904761904762,50.0,59.15625891027354,0.6971428571428572,0.5942857142857143,0.9485714285714286,0.21142857142857144,B-,C+,A,D+,deckersoutdoorcorp
TRU,TransUnion,Industrials,Research & Consulting Services,66.86,17.9555,2.7068,10.3909,2.8977844041468743,90.89,12.37,15.950000000000001,0.23,7.39,0.1355339805825243,-17.9575,90.89,12.37,-17.9575,0.1355339805825243,15.950000000000001,0.23,7.39,65.90552686938229,84.26181283324141,59.65084829112368,29.377434150813386,50.0,59.116943186937455,0.7429718875502008,0.927710843373494,0.606425702811245,0.24899598393574296,B,A-,B-,D+,transunion
SKYW,SkyWest Inc,Industrials,Passenger Airlines,100.09,9.6894,0.9478,5.9313,1.4530625518095415,2.47,9.1,15.02,0.14029999999999998,8.04,0.5573688174742657,0.6593,2.47,9.1,0.6593,0.5573688174742657,15.02,0.14029999999999998,8.04,90.75868098243313,45.19892734178448,49.89153894489524,48.880389281995704,50.0,58.97841830658813,0.9678714859437751,0.3855421686746988,0.4859437751004016,0.44176706827309237,A,C-,C,C,skywestinc
WCC,Wesco International Inc,Industrials,Trading Companies & Distributors,365.42,25.9674,0.7259,15.1458,3.5338101556183927,6.03,12.51,13.84,0.053399999999999996,6.4399999999999995,0.8903670332291221,76.2218,6.03,12.51,75.1288999999999,0.8706365842083148,13.84,0.053399999999999996,6.4399999999999995,63.46365052044914,53.27677112994132,31.591399612053653,97.78500440207175,50.0,58.97611763952831,0.7028112449799196,0.5341365461847389,0.2570281124497992,0.9919678714859438,B,C+,D+,A+,wescointernationalinc
CART,Maplebear Inc,Consumer Staples,Food Retail,42.49,20.8302,2.504,15.1005,4.110119076408169,6.57,12.61,16.72,0.14730000000000001,16.72,0.48922305764411045,1.8392,6.57,12.61,1.8392,0.48922305764411045,16.72,0.14730000000000001,16.72,40.476190476190474,72.29501267962806,68.57142857142857,61.058201058201064,50.0,58.932547509470595,0.35714285714285715,0.8571428571428571,0.7214285714285714,0.5714285714285714,C-,B+,B,C+,maplebearinc
CASY,Caseys General Stores Inc,Consumer Staples,Food Retail,613.8,28.6216,1.1846,15.4563,5.732109337791018,33.36,13.78,19.68,0.0588,12.139999999999999,0.2704485794596603,10.1872,33.36,13.78,10.1872,0.2704485794596603,19.68,0.0588,12.139999999999999,42.38095238095238,86.74352712814252,56.19047619047618,59.682539682539684,50.0,58.928070504993585,0.39285714285714285,0.9428571428571428,0.5928571428571429,0.5428571428571428,C-,A,C+,C+,caseysgeneralstoresinc
NATL,NCR Atleos Corp,Financials,Transaction & Payment Processing Services,45.54,17.3733,0.7706,7.6137,8.328304164152083,39.26,3.49,49.220000000000006,0.10859999999999999,6.12,0.8051349572086899,19.3473,39.26,3.49,19.3473,0.8051349572086899,44.400499999999866,0.10859999999999999,6.12,19.11764705882353,41.83824242837118,97.68907563025209,81.65732959850607,50.0,58.90079507764436,0.13445378151260504,0.35294117647058826,0.976890756302521,0.8403361344537815,D,C-,A+,B+,ncratleoscorp
XPEL,Xpel Inc,Consumer Discretionary,Automotive Parts & Equipment,43.4,20.9652,2.2585,15.349,4.274346044752599,12.87,13.19,19.15,0.13470000000000001,18.43,0.4875051208521098,35.157,12.87,13.19,35.157,0.4875051208521098,19.15,0.13470000000000001,18.43,29.47619047619047,73.48214285714286,60.61193212917351,83.21428571428572,50.0,58.86131636562671,0.21714285714285714,0.8114285714285714,0.6057142857142858,0.8171428571428572,D+,B+,B-,B+,xpelinc
FSLR,First Solar Inc,Information Technology,Semiconductors,175.14,10.9383,3.5512,7.3353,1.9704599765083906,38.7,23.82,18.02,0.33649999999999997,17.2,0.028904428904428743,-20.3273,38.7,23.82,-20.3273,0.06528472718608534,18.02,0.33649999999999997,17.2,84.48853172610079,62.05636692502203,74.07407407407408,9.0011371689637,50.0,58.85215226884087,0.8839779005524862,0.6353591160220995,0.7569060773480663,0.04419889502762431,B+,B-,B,F,firstsolarinc
CSCO,Cisco Systems Inc,Information Technology,Communications Equipment,106.17,31.7083,6.6431,27.2039,8.331436911945886,30.78,11.77,27.389999999999997,0.2427,16.97,0.61930026622359,57.2587,30.78,11.77,57.2587,0.61930026622359,27.389999999999997,0.2427,16.97,49.46320944249121,53.3689548253637,73.98148148148148,61.48227160242782,50.0,58.83141801655148,0.5138121546961326,0.5469613259668509,0.7513812154696132,0.585635359116022,C+,C+,B,C+,ciscosystemsinc
SYF,Synchrony Financial,Financials,Consumer Finance,71.91,6.746,0.73096,,1.4882960448703355,18.3,20.4839,20.94,0.1839285,10.85,0.3437135072012456,-1.804,18.3,20.4839,-1.804,0.3437135072012456,20.94,0.1839285,10.85,75.4201680672269,42.18794601159018,76.47058823529412,37.07155589508531,50.0,58.82458945696535,0.8697478991596639,0.35714285714285715,0.7647058823529411,0.37815126050420167,B+,C-,B,C-,synchronyfinancial
CACC,Credit Acceptance Corp,Financials,Specialized Finance,549.34,11.4929,2.476,10.9743,3.8507668377293,28.75,2.58,32.35,0.4702,6.35,0.5522924782738988,19.1424,28.75,2.58,19.1424,0.5522924782738988,32.35,0.4702,6.35,42.016806722689076,37.838680570533526,89.91596638655463,66.33540372670808,50.0,58.81801013675925,0.3697478991596639,0.3067226890756303,0.8991596638655462,0.6722689075630253,C-,C-,B+,B-,creditacceptancecorp
LECO,Lincoln Electric Holdings Inc,Industrials,Industrial Machinery & Supplies & Components,272.45,26.7531,3.3049,18.0637,10.166575865903441,12.44,9.32,37.21,0.17129999999999998,20.23,0.5995947963318403,14.9761,12.44,9.32,14.9761,0.5995947963318403,37.21,0.17129999999999998,20.23,38.474441985629596,58.55974222177456,79.62407452941015,62.880109421667356,50.0,58.81259945744832,0.3413654618473896,0.6666666666666666,0.8433734939759037,0.6305220883534136,C-,B-,B+,B-,lincolnelectricholdingsinc
ADSK,Autodesk Inc,Information Technology,Application Software,204.04,26.6532,5.618,20.6236,14.20574802272474,59.92,17.94,52.5,0.262,28.02,0.1317697228144989,-34.5972,59.92,17.94,-34.5972,0.1317697228144989,52.5,0.262,28.02,59.54398961995647,68.52407038446731,84.07407407407408,20.890212660884597,50.0,58.78737253257802,0.6408839779005525,0.7182320441988951,0.8674033149171271,0.13812154696132597,B-,B,B+,D,autodeskinc
RGLD,Royal Gold Inc,Materials,Gold,245.3,28.9894,13.8282,17.2816,2.896100476858941,34.26,93.51,11.55,0.6142,10.459999999999999,0.5563077819028901,30.7493,34.26,46.40449999999998,30.7493,0.5563077819028901,11.55,0.44605999999999996,10.459999999999999,26.470588235294116,75.70332480818414,74.26470588235294,67.26342710997443,50.0,58.777173913043484,0.09558823529411764,0.8529411764705882,0.7941176470588235,0.6911764705882353,D-,B+,B,B-,royalgoldinc
QLYS,Qualys Inc,Information Technology,Systems Software,169.99,28.8811,8.4856,22.6767,10.823665745539753,15.01,10.35,37.169999999999995,0.3408,37.169999999999995,0.7516334724080926,27.3862,15.01,10.35,27.3862,0.7516334724080926,37.169999999999995,0.3408,37.169999999999995,51.961953792064286,36.439623880003566,85.92592592592592,60.06474199072736,50.0,58.772843103643744,0.56353591160221,0.30386740331491713,0.8895027624309392,0.580110497237569,C+,C-,B+,C+,qualysinc
TWLO,Twilio Inc,Information Technology,Systems Software,278.38,36.8717,7.6011,130.7722,5.424533357236251,5800.25,17.82,14.149999999999999,0.052000000000000005,12.61,0.8721826377781009,172.18,703.5419999999999,17.82,172.18,0.8721826377781009,14.149999999999999,0.052000000000000005,12.61,32.690858864892014,79.23221045192898,47.22222222222222,89.62642879924277,50.0,58.74999812201291,0.30939226519337015,0.8895027624309392,0.4585635359116022,0.9502762430939227,C-,B+,C,A,twilioinc
FICO,Fair Isaac Corp,Information Technology,Application Software,846.44,22.8716,7.7878,19.204,74.41492448086088,35.35,24.09,145.71,0.5165,30.869999999999997,0.0,-44.2578,35.35,24.09,-42.32334,0.06528472718608534,114.73149999999994,0.4317149999999999,30.869999999999997,59.412146325129754,69.21736274552606,94.62962962962962,6.963815755630319,50.0,58.74667968892112,0.6353591160220995,0.7348066298342542,0.9834254143646409,0.027624309392265192,B-,B,A+,F,fairisaaccorp
PR,Permian Resources Corp,Energy,Oil & Gas Exploration & Production,21.44,14.4881,3.1182,5.3588,1.744110373551998,-1.68,12.81,11.32,0.3132,8.62,0.7481277160886752,56.0263,-1.68,12.81,56.0263,0.7481277160886752,11.32,0.3132,8.62,56.716417910447774,44.522840343735865,58.208955223880594,80.55058043117745,50.0,58.74602743856475,0.6268656716417911,0.40298507462686567,0.5223880597014925,0.835820895522388,B-,C,C+,B+,permianresourcescorp
CPAY,Corpay Inc,Financials,Transaction & Payment Processing Services,398.93,22.9136,5.2066,12.7641,7.02180838892507,12.37,20.36,30.4,0.4361,8.43,0.8366166533043181,36.255,12.37,20.36,36.255,0.8366166533043181,30.4,0.4361,8.43,13.445378151260506,46.898424258939286,88.23529411764706,94.6311858076564,50.0,58.72609008054603,0.07983193277310924,0.4369747899159664,0.8823529411764706,0.9621848739495799,D-,C,B+,A,corpayinc
ADI,Analog Devices Inc,Information Technology,Semiconductors,392.55,46.1245,13.7393,34.7687,5.684146509220176,114.38,33.65,12.26,0.3555,9.73,0.7601150872145297,59.011,114.38,33.65,59.011,0.7601150872145297,12.26,0.3555,9.73,33.7414197220827,81.22879119221778,62.59259259259259,66.85682019960674,50.0,58.70062535703373,0.32044198895027626,0.9060773480662984,0.6685082872928176,0.6961325966850829,C-,A-,B-,B-,analogdevicesinc
ENS,EnerSys,Industrials,Electrical Components & Equipment,177.96,18.3002,1.7005,11.4369,3.4056918457448946,6.65,3.73,18.48,0.1295,11.58,0.5126001028579825,62.8049,6.65,3.73,62.8049,0.5126001028579825,18.48,0.1295,11.58,71.78045515394912,30.665725749759368,58.33784116056061,75.14245904902408,50.0,58.691211038384125,0.8152610441767069,0.18072289156626506,0.5903614457831325,0.7670682730923695,B+,D,C+,B,enersys
DAN,Dana Inc,Consumer Discretionary,Automotive Parts & Equipment,26.96,2.6185,0.3811,18.8164,3.6037962839192623,,-15.78,76.79,0.0265,30.049999999999997,0.42254812098991756,37.7665,,-10.757999999999997,37.7665,0.42254812098991756,76.79,0.0265,30.049999999999997,67.12070874861571,27.455357142857142,60.0,82.08928571428571,50.0,58.6891057585825,0.72,0.15428571428571428,0.5828571428571429,0.8114285714285714,B,D,C+,B+,danainc
CRS,Carpenter Technology Corp,Industrials,Industrial Machinery & Supplies & Components,390.24,37.1212,6.295,23.9609,8.690288228783686,41.87,8.59,25.869999999999997,0.21960000000000002,19.34,0.40765355478221543,70.7573,41.87,8.59,70.7573,0.40765355478221543,25.869999999999997,0.21960000000000002,19.34,17.911646586345384,68.6529741712121,81.01794934841406,75.88248980120615,50.0,58.639491778173515,0.0963855421686747,0.7991967871485943,0.8674698795180723,0.7710843373493976,D-,B,B+,B,carpentertechnologycorp
TTC,Toro Co,Industrials,Agricultural & Farm Machinery,96.68,25.3139,1.9349,16.6304,6.511972518775469,13.31,5.15,26.06,0.10310000000000001,15.22,0.7733688415446074,28.3695,13.31,5.15,28.3695,0.7733688415446074,26.06,0.10310000000000001,15.22,50.6980302161025,49.37258687258687,63.03144550993088,76.50458978772232,50.0,58.60780426357018,0.5341365461847389,0.44176706827309237,0.6586345381526104,0.7751004016064257,C+,C,B-,B,toroco
NX,Quanex Building Products Corp,Industrials,Building Products,19.67,19.9455,0.4855,7.1825,1.23719251017366,,1.26,6.1899999999999995,0.0596,3.18,0.7021969080553297,46.3306,,1.26,46.3306,0.7021969080553297,6.1899999999999995,0.0596,3.18,87.66439909297053,43.75,19.741551238969482,89.9695106958446,50.0,58.595389722153925,0.9357429718875502,0.3534136546184739,0.13654618473895583,0.9236947791164659,A,C-,D,A-,quanexbuildingproductscorp
LDOS,Leidos Holdings Inc,Industrials,Diversified Support Services,122.42,11.2733,0.8797,8.4887,3.1471731485099643,85.67,3.41,27.35,0.11380000000000001,13.170000000000002,0.22037227574595453,-32.2165,85.67,3.41,-32.2165,0.22037227574595453,27.35,0.11380000000000001,13.170000000000002,87.89935251208918,60.500420991492426,63.54069338578805,17.776883663286416,50.0,58.51547240542507,0.9437751004016064,0.6947791164658634,0.6666666666666666,0.1285140562248996,A,B-,B-,D,leidosholdingsinc
MTCH,Match Group Inc,Communication Services,Interactive Media & Services,39.76,13.1514,2.6524,11.1175,,41.02,1.7,17.73,0.2815,5.48,0.6790697674418603,12.9841,41.02,1.7,12.9841,0.6790697674418603,17.73,0.2815,5.48,54.98590556730091,48.45687565214429,59.84848484848485,75.52182888600046,50.0,58.50433851157539,0.5909090909090909,0.5227272727272727,0.5795454545454546,0.7727272727272727,C+,C+,C+,B,matchgroupinc
ACAD,ACADIA Pharmaceuticals Inc,Health Care,Pharmaceuticals,19.97,9.3651,3.1294,36.3229,2.7709940611644557,96.46,47.0,32.39,0.0759,32.39,0.024844720496894197,-2.4988,96.46,47.0,-2.4988,0.06676714005319462,32.39,0.0759,29.675,56.790286975717436,86.24675924168068,73.39955849889624,18.46604035114739,50.0,58.49002128721904,0.6026490066225165,0.9470198675496688,0.7649006622516556,0.11920529801324503,B-,A,B,D,acadiapharmaceuticalsinc
KFY,Korn Ferry,Industrials,Human Resource & Employment Services,72.16,13.9885,1.3099,7.2696,1.8372823701349954,12.84,6.94,14.14,0.1288,11.76,0.462535014005602,1.7014,12.84,6.94,1.7014,0.462535014005602,14.14,0.1288,11.76,85.52031254268775,49.806474313863475,52.76179548124471,44.716911276351,50.0,58.475204124026014,0.9196787148594378,0.4457831325301205,0.5180722891566265,0.41767068273092367,A-,C,C+,C,kornferry
NSIT,Insight Enterprises Inc,Industrials,Technology Distributors,155.44,22.1749,0.544,11.4917,2.922007733620571,63.02,2.68,13.08,0.045599999999999995,6.94,0.875474231099644,42.296,63.02,2.68,42.296,0.8706365842083148,13.08,0.045599999999999995,6.94,79.14105401196622,50.37986236965829,30.79911482665355,79.10745020899927,50.0,58.382504725386454,0.8634538152610441,0.46586345381526106,0.25301204819277107,0.8032128514056225,B+,C,D+,B+,insightenterprisesinc
JPM,JPMorgan Chase & Co,Financials,Diversified Banks,340.26,14.0151,2.89596,,2.531285847980015,19.48,108.9793,17.810000000000002,0.4122809,4.43,0.6997711670480548,9.4465,19.48,83.28401599999997,9.4465,0.6997711670480548,17.810000000000002,0.4122809,4.43,37.81512605042016,70.75071513555062,68.0672268907563,63.716153127917835,50.0,58.36396188798781,0.31932773109243695,0.8487394957983193,0.680672268907563,0.6428571428571429,C-,B+,B-,B-,jpmorganchaseco
ANIP,ANI Pharmaceuticals Inc,Health Care,Pharmaceuticals,73.57,15.6939,1.7374,8.2575,3.06160242031802,,30.9,19.64,0.1537,9.28,0.14551422319474816,-20.7454,,30.9,-20.7454,0.14551422319474816,19.64,0.1537,9.28,82.98749080206034,69.2014477129216,63.90728476821192,13.984290774680426,50.0,58.36084159008847,0.9205298013245033,0.7814569536423841,0.6490066225165563,0.10596026490066225,A-,B,B-,D,anipharmaceuticalsinc
ULS,UL Solutions Inc,Industrials,Research & Consulting Services,65.77,26.4067,4.2388,14.6693,10.476600082831565,53.35,6.61,37.62,0.2394,28.599999999999998,0.0585981519044398,-3.6048,53.35,6.61,-3.6048,0.0585981519044398,37.62,0.2394,28.599999999999998,43.01013578122011,62.99190346809394,90.25653634947956,37.1957975515061,50.0,58.35420823659493,0.3895582329317269,0.7269076305220884,0.9718875502008032,0.3373493975903614,C-,B,A+,C-,ulsolutionsinc
GWW,WW Grainger Inc,Industrials,Industrial Machinery & Supplies & Components,1251.06,31.31,3.1069,20.1095,15.87895511078562,-0.69,7.8,48.699999999999996,0.1457,29.880000000000003,0.6711077348604373,30.6144,-0.69,7.8,30.6144,0.6711077348604373,48.699999999999996,0.1457,29.789999999999996,32.94647979673797,43.07567322290434,82.94183536868563,78.73532018498983,50.0,58.33427747293474,0.2570281124497992,0.321285140562249,0.9036144578313253,0.7991967871485943,D+,C-,A-,B,wwgraingerinc
WST,West Pharmaceutical Services Inc,Health Care,Health Care Supplies,373.73,46.1748,7.8406,30.0857,8.472470647977493,17.22,12.38,18.509999999999998,0.2045,17.330000000000002,0.9243386569649135,45.5674,17.22,12.38,45.5674,0.9243386569649135,18.509999999999998,0.2045,17.330000000000002,28.5533480500368,62.91059442025272,74.17218543046357,75.07370220038453,50.0,58.27824269425254,0.2251655629139073,0.695364238410596,0.7748344370860927,0.7615894039735099,D+,B-,B,B,westpharmaceuticalservicesinc
BKE,Buckle Inc,Consumer Discretionary,Apparel Retail,42.49,9.8599,1.639,6.2983,5.118783731688512,8.7,6.22,46.910000000000004,0.2084,46.910000000000004,0.14777131782945757,-28.0755,8.7,6.22,-28.0755,0.14777131782945757,46.910000000000004,0.2084,41.3595,72.1373200442968,44.18452380952381,87.95840175150518,21.961904761904762,50.0,58.25321616323621,0.8,0.38285714285714284,0.9771428571428571,0.18285714285714286,B,C-,A+,D,buckleinc
SXI,Standex International Corp,Industrials,Industrial Machinery & Supplies & Components,276.49,32.8854,3.8593,17.4722,4.435371967114498,86.72,12.85,14.35,0.21710000000000002,8.39,0.46736547016880986,38.8768,86.72,12.85,38.8768,0.46736547016880986,14.35,0.21710000000000002,8.39,32.06622407999344,80.75741578826793,58.98150424828566,71.57460505470054,50.0,58.228336250663475,0.24497991967871485,0.9156626506024096,0.5943775100401606,0.7269076305220884,D+,A-,C+,B,standexinternationalcorp
DINO,HF Sinclair Corp,Energy,Oil & Gas Refining & Marketing,106.72,9.9169,0.792,5.5848,2.1124139951385974,-40.03,-10.74,19.86,0.0849,15.32,0.8394331315354979,97.7782,-40.03,-10.74,97.7782,0.8394331315354979,19.86,0.0849,15.32,79.10447761194031,15.305973326216934,59.20398009950248,77.82810087493566,50.0,58.203929268091215,0.9253731343283582,0.07462686567164178,0.5522388059701493,0.7611940298507462,A-,D-,C+,B,hfsinclaircorp
CPK,Chesapeake Utilities Corp,Utilities,Gas Utilities,127.93,20.667,3.0249,13.207,1.9124286184112176,11.82,14.76,9.33,0.2642,4.63,0.4123006833712986,-2.3508,11.82,14.76,-2.3508,0.4123006833712986,9.33,0.2642,4.63,41.37931034482759,74.59373761395163,61.49425287356322,62.59215219976218,50.0,58.15556876734047,0.39655172413793105,0.8275862068965517,0.6551724137931034,0.603448275862069,C-,B+,B-,B-,chesapeakeutilitiescorp
SCHL,Scholastic Corp,Consumer Discretionary,Publishing,33.25,10.8203,0.3878,7.988,0.8281506462065719,-1.97,-2.68,6.61,0.96,5.37,0.3312274368231047,22.4915,-1.97,-2.68,22.4915,0.3312274368231047,6.61,0.2860499999999996,5.37,81.96899224806202,28.671428571428567,48.85495347564313,73.44,50.0,58.12827214521201,0.9142857142857143,0.17714285714285713,0.44,0.7257142857142858,A-,D,C,B,scholasticcorp
TOL,Toll Brothers Inc,Consumer Discretionary,Homebuilding,136.96,10.5605,1.1763,9.1767,1.5698140888980585,-8.47,-1.08,14.23,0.1384,10.71,0.30546339305463394,1.7258,-8.47,-1.08,1.7258,0.30546339305463394,14.23,0.1384,10.71,67.64341085271317,50.341836734693885,51.40667761357417,66.41632653061225,50.0,58.11415476963307,0.7257142857142858,0.4742857142857143,0.4685714285714286,0.6742857142857143,B,C,C,B-,tollbrothersinc
ABM,ABM Industries Inc,Industrials,Environmental & Facilities Services,49.65,17.5562,0.319,12.1392,1.6732552143889838,50.3,6.0,9.43,0.0352,4.79,0.8857834891074459,10.4749,50.3,6.0,10.4749,0.8706365842083148,9.43,0.0352,4.79,84.73950222659344,60.474795696470565,21.698767860557876,72.00240794281984,50.0,58.10500824964591,0.9036144578313253,0.6907630522088354,0.17269076305220885,0.7389558232931727,A-,B-,D,B,abmindustriesinc
KTB,Kontoor Brands Inc,Consumer Discretionary,"Apparel, Accessories & Luxury Goods",64.77,13.3339,1.1642,11.1444,6.33397875960805,7.16,15.78,45.96,0.1191,15.079999999999998,0.2618248397924931,-17.7218,7.16,15.78,-17.7218,0.2618248397924931,45.96,0.1191,15.079999999999998,58.20708748615726,72.86453201970443,65.03010399562123,38.55238095238096,50.0,58.0926804648617,0.6342857142857142,0.8057142857142857,0.6742857142857143,0.37714285714285717,B-,B+,B-,C-,kontoorbrandsinc
TTMI,TTM Technologies Inc,Information Technology,Electronic Manufacturing Services,120.96,58.053,4.0039,39.0305,7.095884785733141,145.74,28.41,13.089999999999998,0.1007,8.59,0.40448072247308087,136.9657,145.74,28.41,136.9657,0.40448072247308087,13.089999999999998,0.1007,8.59,42.70781014565545,88.20372844107857,45.833333333333336,66.50055336804928,50.0,58.07614223157277,0.39779005524861877,0.9558011049723757,0.4419889502762431,0.6850828729281768,C-,A,C,B-,ttmtechnologiesinc
PFS,Provident Financial Services Inc,Financials,Regional Banks,22.63,9.5258,2.313,,1.0433138931790416,35.2,36.72119,11.0,0.4091399,9.35,0.6333333333333333,16.8884,35.2,36.72119,16.8884,0.6333333333333333,11.0,0.4091399,9.35,84.45378151260505,50.244404677922745,37.60504201680672,62.47231602921541,50.0,58.058050023780574,0.9390756302521008,0.5084033613445378,0.3760504201680672,0.6302521008403361,A,C+,C-,B-,providentfinancialservicesinc
PLAB,Photronics Inc,Information Technology,Semiconductor Materials & Equipment,29.93,10.8642,2.0691,4.5628,1.469815499604677,60.21,1.25,13.459999999999999,0.22460000000000002,13.44,0.27482614742698186,27.1435,60.21,1.25,27.1435,0.27482614742698186,13.459999999999999,0.22460000000000002,13.44,91.8759417378202,44.34583933629413,63.24074074074074,27.022608493397875,50.0,58.05286018557863,0.9558011049723757,0.4088397790055249,0.6740331491712708,0.20994475138121546,A,C,B-,D+,photronicsinc
UNP,Union Pacific Corp,Industrials,Rail Transportation,273.53,22.1899,6.4011,15.0871,8.787067882693462,7.27,4.17,38.65,0.4003,14.63,0.577344216603623,18.0129,7.27,4.17,18.0129,0.577344216603623,38.65,0.28918,14.63,42.05775482883917,43.35515639863466,84.91107286288009,63.18156387751539,50.0,58.04955097815982,0.3855421686746988,0.3413654618473896,0.9437751004016064,0.6345381526104418,C-,C-,A,B-,unionpacificcorp
CFR,Cullen/Frost Bankers Inc,Financials,Regional Banks,157.01,14.31,3.18716,,2.172893154438578,13.89,75.94571,15.040000000000001,0.4079103,7.340000000000001,0.7337837837837834,22.8213,13.89,75.94571,22.8213,0.7337837837837834,15.040000000000001,0.4079103,7.340000000000001,41.17647058823529,62.38442733218557,59.66386554621849,76.7250451582502,50.0,58.0319785317006,0.3550420168067227,0.7184873949579832,0.5966386554621849,0.7941176470588235,C-,B,C+,B,cullenfrostbankersinc
DXPE,DXP Enterprises Inc,Industrials,Trading Companies & Distributors,194.31,31.9964,1.3934,17.907,6.047769630118397,8.39,11.47,18.27,0.08800000000000001,7.24,0.8895611487576638,60.1367,8.39,11.47,60.1367,0.8706365842083148,18.27,0.08800000000000001,7.24,46.513127339289134,58.01822457630499,44.093380324017154,93.79553764762804,50.0,58.01437936061318,0.4497991967871486,0.6586345381526104,0.40562248995983935,0.9718875502008032,C,B-,C,A+,dxpenterprisesinc
PSMT,PriceSmart Inc,Consumer Staples,Consumer Staples Merchandise Retail,174.76,33.5989,0.9475,15.1978,4.307573994833672,9.76,10.18,12.16,0.0452,10.67,0.7155172413793102,49.3419,9.76,10.18,49.3419,0.7155172413793102,12.16,0.0452,10.67,42.38095238095238,72.60887260887262,41.42857142857142,87.61904761904762,50.0,57.997964997965,0.39285714285714285,0.8714285714285714,0.4,0.9,C-,B+,C-,B+,pricesmartinc
LVS,Las Vegas Sands Corp,Consumer Discretionary,Casinos & Gaming,38.86,14.623,1.8408,8.3106,16.496858549838684,29.56,18.11,139.84,0.21489999999999998,10.24,0.024698981167026773,-26.5172,29.56,18.11,-26.5172,0.024698981167026773,139.84,0.21489999999999998,10.24,58.33997785160576,79.7202380952381,76.07991242474002,16.83809523809524,50.0,57.91663923575311,0.64,0.8742857142857143,0.8114285714285714,0.09142857142857143,B-,B+,B+,D-,lasvegassandscorp
AEE,Ameren Corp,Utilities,Multi-Utilities,99.24,17.6043,3.145,12.9325,2.046856598348737,24.77,3.76,11.700000000000001,0.2492,4.58,0.12275862068965525,-1.3792,24.77,3.76,-1.3792,0.12275862068965525,11.700000000000001,0.2492,4.58,51.14942528735633,59.40795605042429,70.6896551724138,52.80521901211556,50.0,57.90240512745051,0.5517241379310345,0.6206896551724138,0.8103448275862069,0.5344827586206896,C+,B-,B+,C+,amerencorp
PNW,Pinnacle West Capital Corp,Utilities,Multi-Utilities,91.37,17.37,2.0018,10.8369,1.5677359024733406,7.43,5.69,9.04,0.2052,3.5700000000000003,0.21623762376237654,6.5753,7.43,5.69,6.5753,0.21623762376237654,9.04,0.2052,3.5700000000000003,74.13793103448275,56.086394924870426,35.05747126436781,71.5004659832246,50.0,57.81622275633165,0.8448275862068966,0.603448275862069,0.29310344827586204,0.6896551724137931,B+,B-,D+,B-,pinnaclewestcapitalcorp
CIEN,Ciena Corp,Information Technology,Communications Equipment,344.79,77.3412,8.4062,68.5217,17.814277668989963,362.8,32.57,22.82,0.1215,13.55,0.41902191171800574,160.1954,362.8,32.57,160.1954,0.41902191171800574,22.82,0.1215,13.55,23.734932194876944,89.76242196573614,62.31481481481482,66.65993685353396,50.0,57.79690851627696,0.1878453038674033,0.9723756906077348,0.6574585635359116,0.6906077348066298,D,A+,B-,B-,cienacorp
PCTY,Paylocity Holding Corp,Industrials,Human Resource & Employment Services,143.06,28.1964,4.2938,14.8959,6.23942359693655,23.04,11.04,23.44,0.21789999999999998,21.89,0.6941633162345765,-12.4901,23.04,11.04,-12.4901,0.6941633162345765,23.44,0.21789999999999998,21.89,40.19451957489823,69.23819423819424,80.74802611807776,43.53651057431698,50.0,57.790577385746246,0.36947791164658633,0.8152610441767069,0.8594377510040161,0.39759036144578314,C-,B+,B+,C-,paylocityholdingcorp
GATX,GATX Corp,Industrials,Construction Machinery & Heavy Transportation Equipment,185.19,17.6193,3.1605,15.6942,2.3834682365115056,15.6,22.81,13.350000000000001,0.2897,2.5700000000000003,0.6305767138193689,5.2954,15.6,22.81,5.2954,0.6305767138193689,13.350000000000001,0.28918,2.5700000000000003,53.40600497227003,73.80898305268053,51.16957626424064,59.36644537333005,50.0,57.778980994329785,0.5742971887550201,0.8554216867469879,0.4939759036144578,0.5662650602409639,C+,B+,C,C+,gatxcorp
VRSN,"VeriSign, Inc",Information Technology,Internet Services & Infrastructure,282.31,31.8432,15.848,24.0811,72.24824056301983,9.82,6.86,113.55,0.6786,62.99,0.7088399922794826,1.2549,9.82,6.86,1.2549,0.7088399922794826,113.55,0.4317149999999999,61.4965,43.25401808136615,34.04819704589707,96.48148148148148,55.100917169808184,50.0,57.76369773385295,0.4088397790055249,0.2596685082872928,1.0,0.5138121546961326,C,D+,A+,C+,verisigninc
AMAT,Applied Materials Inc,Information Technology,Semiconductor Materials & Equipment,481.18,41.5339,12.4816,39.7602,18.690957116221256,38.36,7.77,40.44,0.2964,31.47,0.5243711704417907,142.986,38.36,7.77,142.986,0.5243711704417907,40.44,0.2964,31.47,34.03649757240918,45.28325485936645,84.62962962962962,70.16533682022057,50.0,57.756250136427106,0.3314917127071823,0.425414364640884,0.8729281767955801,0.7458563535911602,C-,C,B+,B,appliedmaterialsinc
PAYX,Paychex Inc,Industrials,Human Resource & Employment Services,100.32,19.981,5.4655,13.2115,9.550920151946457,12.94,13.97,47.11,0.39189999999999997,21.02,0.33140182750167135,-19.9858,12.94,13.97,-19.9858,0.33140182750167135,47.11,0.28918,21.02,48.94189000901565,67.5932929627511,91.57773952954676,20.380296696992055,50.0,57.72462531658923,0.4979919678714859,0.7831325301204819,0.9839357429718876,0.1606425702811245,C,B,A+,D,paychexinc
IT,Gartner Inc,Information Technology,IT Consulting & Other Services,185.46,15.3036,1.8358,10.2377,41.07368281177331,-31.45,0.68,119.82,0.1725,22.17,0.432274011299435,-28.3918,-31.45,0.68,-28.3918,0.432274011299435,114.73149999999994,0.1725,22.17,86.27783358446341,20.751542636041904,81.48148148148148,32.99069468938484,50.0,57.68827623157157,0.9116022099447514,0.09944751381215469,0.8453038674033149,0.287292817679558,A-,D-,B+,D+,gartnerinc
PLXS,Plexus Corp,Information Technology,Electronic Manufacturing Services,260.43,37.8177,1.5254,22.7022,4.80329773695568,15.43,14.2,12.46,0.050199999999999995,10.97,0.733588527680969,86.6681,15.43,14.2,86.6681,0.733588527680969,12.46,0.050199999999999995,10.97,67.97882136279925,50.95217447509884,43.333333333333336,73.31161014669765,50.0,57.68079559839244,0.7513812154696132,0.5303867403314917,0.40331491712707185,0.7845303867403315,B,C+,C,B,plexuscorp
KVUE,Kenvue Inc,Consumer Staples,Personal Care Products,17.84,20.6211,2.219,12.9996,3.1754507751731014,17.17,1.76,15.58,0.1707,8.59,0.6252045826513912,10.0804,17.17,1.76,10.0804,0.6252045826513912,15.58,0.1707,8.59,48.095238095238095,56.616300366300365,59.52380952380952,72.26190476190476,50.0,57.680402930402934,0.5,0.5285714285714286,0.6428571428571429,0.7285714285714285,C,C+,B-,B,kenvueinc
PLMR,Palomar Holdings Inc,Financials,Property & Casualty Insurance,123.65,16.0619,3.0132,14.2936,3.4786987725383955,30.94,60.67,21.61,0.2408,18.66,0.48792883556683525,8.3829,30.94,60.67,8.3829,0.48792883556683525,21.61,0.2408,18.66,29.20168067226891,72.62082625842702,77.31092436974791,57.55687640910023,50.0,57.66369179400965,0.24789915966386555,0.8739495798319328,0.773109243697479,0.5966386554621849,D+,B+,B,C+,palomarholdingsinc
AGX,Argan Inc,Industrials,Construction & Engineering,360.91,28.5027,4.3016,25.6962,10.891976556794246,52.21,29.02,38.51,0.1536,38.51,0.21338261038708425,41.1047,52.21,29.02,41.1047,0.21338261038708425,38.51,0.1536,29.789999999999996,26.05141655055597,72.54833915548201,82.38231838920308,55.21067945250389,50.0,57.66023745653695,0.18072289156626506,0.8393574297188755,0.8955823293172691,0.5220883534136547,D,B+,B+,C+,arganinc
WMG,Warner Music Group Corp,Communication Services,Movies & Entertainment,27.02,21.1063,1.9419,12.9613,21.816713766653212,123.91,12.91,90.84,0.136,12.72,0.3046357615894039,-18.474,123.91,12.91,-18.474,0.3046357615894039,85.65150000000006,0.136,12.72,46.54686398872445,82.80192152285176,72.72727272727273,31.392461197339244,50.0,57.6574107230375,0.4318181818181818,0.9318181818181818,0.8409090909090909,0.25,C,A,B+,D+,warnermusicgroupcorp
ASTH,Astrana Health Inc,Health Care,Health Care Facilities,36.2,44.4943,0.4693,13.824,2.2708453566858204,58.83,58.91,5.09,0.0276,2.2399999999999998,0.5405727923627686,30.4519,58.83,50.44,30.4519,0.5405727923627686,5.09,0.0276,2.2399999999999998,67.71302428256071,88.73130531283678,28.256070640176603,54.278145695364245,50.0,57.594163932324534,0.7350993377483444,0.9801324503311258,0.25165562913907286,0.5298013245033113,B,A+,D+,C+,astranahealthinc
BRC,Brady Corp,Industrials,Commercial Printing,83.67,19.1864,2.3715,12.2206,2.8905148826797116,9.26,9.78,15.620000000000001,0.1586,14.95,0.4562075570259449,9.3299,9.26,9.78,9.3299,0.4562075570259449,15.620000000000001,0.1586,14.95,63.85159686364506,54.63612963612964,61.01303171871158,52.12709837494692,50.0,57.56880274780447,0.7108433734939759,0.5622489959839357,0.6305220883534136,0.4859437751004016,B,C+,B-,C,bradycorp
EFC,Ellington Financial Inc,Financials,Specialized Finance,12.35,7.171,2.7304,557.5172,0.7617579028527371,23.45,30.99,11.87,-0.0548,1.17,0.3767605633802818,-5.4323,23.45,30.99,-5.4323,0.3767605633802818,11.87,0.06414,1.17,94.9579831932773,59.5847984819808,45.168067226890756,28.09645597369383,50.0,57.56776349617694,0.9852941176470589,0.680672268907563,0.45168067226890757,0.2815126050420168,A+,B-,C,D+,ellingtonfinancialinc
GRBK,Green Brick Partners Inc,Consumer Discretionary,Homebuilding,68.71,10.1557,1.4712,8.0691,1.5969562307091592,-15.18,-5.93,15.42,0.1893,13.28,0.3636763412489003,-2.4394,-15.18,-5.93,-2.4394,0.3636763412489003,15.42,0.1893,13.28,68.24806201550388,38.3265306122449,60.19157088122605,63.918367346938766,50.0,57.55888781601922,0.7314285714285714,0.2742857142857143,0.6,0.6342857142857142,B,D+,C+,B-,greenbrickpartnersinc
NTRS,Northern Trust Corp,Financials,Asset Management & Custody Banks,174.05,14.3447,3.5518,37.806,2.502879641759623,36.1,15.08,17.14,0.3335,1.32,0.7089472274310208,33.757,36.1,15.08,33.757,0.7089472274310208,17.14,0.3335,1.32,37.60504201680672,59.64325969690776,66.80672268907563,72.60130718954248,50.0,57.551854553760634,0.31512605042016806,0.6848739495798319,0.6680672268907563,0.7352941176470589,C-,B-,B-,B,northerntrustcorp
RRC,Range Resources Corp,Energy,Oil & Gas Exploration & Production,38.19,10.4869,2.7584,7.1619,2.0821520478038993,82.05,16.85,19.3,0.3115,15.690000000000001,0.3525271912987842,3.4566,82.05,16.85,3.4566,0.3525271912987842,19.3,0.3115,15.690000000000001,54.726368159203986,70.11231720186944,74.62686567164178,30.713101160862358,50.0,57.50339213025781,0.5671641791044776,0.8059701492537313,0.835820895522388,0.2537313432835821,C+,B+,B+,D+,rangeresourcescorp
NDSN,Nordson Corp,Industrials,Industrial Machinery & Supplies & Components,327.27,32.6835,6.0894,21.3986,6.012986153981832,24.24,7.02,17.59,0.2607,10.94,0.9001264222503159,47.0612,24.24,7.02,47.0612,0.8706365842083148,17.59,0.2607,10.94,22.357730240690653,56.129307189605555,68.74682403081715,92.50361110890788,50.0,57.50272222757964,0.14056224899598393,0.5943775100401606,0.7188755020080321,0.9477911646586346,D,C+,B,A,nordsoncorp
APOG,Apogee Enterprises Inc,Industrials,Building Products,36.9,11.342,0.5534,6.731,1.5299712663932898,35.74,1.79,13.43,0.0688,9.02,0.3054898766118937,-15.1439,35.74,1.79,-15.1439,0.3054898766118937,13.43,0.0688,9.02,94.09665874381881,61.02927803700004,39.315903068054524,34.560404884845504,50.0,57.471077037337444,0.9879518072289156,0.7028112449799196,0.3534136546184739,0.3172690763052209,A+,B,C-,C-,apogeeenterprisesinc
WSBC,WesBanco Inc,Financials,Regional Banks,38.25,10.5315,2.60247,,0.9113739468567725,105.92,39.41535,8.72,0.3508634,7.89,0.6453531598513009,20.3611,105.92,39.41535,20.3611,0.6453531598513009,8.72,0.3508634,7.89,83.8235294117647,62.1218480569391,21.008403361344538,69.17615644388596,50.0,57.46758409344232,0.9285714285714286,0.7100840336134454,0.21008403361344538,0.6932773109243697,A-,B,D+,B-,wesbancoinc
PEP,PepsiCo Inc,Consumer Staples,Soft Drinks & Non-alcoholic Beverages,128.41,16.799,1.8118,12.363,8.602186553766177,38.92,5.62,50.2,0.14529999999999998,14.45,0.033871691341408515,-8.0689,38.92,5.62,-8.0689,0.033871691341408515,50.2,0.14529999999999998,14.45,54.285714285714285,68.74018838304553,78.09523809523809,27.85714285714286,50.0,57.41470434327577,0.5571428571428572,0.7714285714285715,0.8428571428571429,0.22857142857142856,C+,B,B+,D+,pepsicoinc
MTRN,Materion Corp,Materials,Diversified Metals & Mining,263.15,61.2555,2.6308,43.7142,5.784533544359448,460.64,21.6,9.41,0.0599,6.29,0.7875057701184797,124.5614,450.345,21.6,79.35161499999998,0.7875057701184797,9.41,0.0599,6.29,21.078431372549016,91.44597232832527,39.21568627450981,95.05347593582889,50.0,57.37341906459554,0.04411764705882353,0.9705882352941176,0.3382352941176471,0.9705882352941176,F,A+,C-,A+,materioncorp
BKH,Black Hills Corp,Utilities,Multi-Utilities,69.56,17.9632,2.3209,11.6071,1.3730997984567432,0.03,2.45,7.7299999999999995,0.2371,3.55,0.5284090909090912,17.3942,0.03,2.45,16.02893,0.5284090909090912,7.7299999999999995,0.2371,3.55,66.66666666666667,36.7513611615245,36.7816091954023,95.68499534016775,50.0,57.34934026585569,0.7155172413793104,0.22413793103448276,0.3275862068965517,0.9655172413793104,B,D+,C-,A,blackhillscorp
MTB,M&T Bank Corp,Financials,Regional Banks,221.26,10.532,2.1162,,1.1513985542730436,21.96,86.15662,10.66,0.4064285,6.77,0.5727306318512132,11.2682,21.96,83.28401599999997,11.2682,0.5727306318512132,10.66,0.4064285,6.77,75.63025210084034,75.78079682099641,35.714285714285715,46.63158721432498,50.0,57.31861126084579,0.8739495798319328,0.8949579831932774,0.35714285714285715,0.5042016806722689,B+,B+,C-,C+,mtbankcorp
UFPT,UFP Technologies Inc,Health Care,Health Care Equipment,295.36,31.6764,3.6256,21.5963,5.374677002583979,7.53,7.32,16.72,0.1525,12.76,0.7370336669699729,55.5725,7.53,7.32,55.5725,0.7370336669699729,16.72,0.1525,12.76,48.00883002207505,40.21879808550612,65.78366445916116,79.04900662251656,50.0,57.30168456191359,0.4966887417218543,0.3443708609271523,0.6887417218543046,0.8344370860927153,C,C-,B-,B+,ufptechnologiesinc
ADP,Automatic Data Processing Inc,Industrials,Human Resource & Employment Services,262.48,23.7337,4.7726,16.5727,17.312385399765194,9.61,6.74,70.19999999999999,0.2633,37.36,0.6998775779263584,-8.73,9.61,6.74,-8.73,0.6998775779263584,69.54999999999994,0.2633,29.789999999999996,39.72297352676009,43.138269000337964,96.09157719312624,48.277840425742376,50.0,57.23685956518765,0.3614457831325301,0.3253012048192771,1.0,0.43775100401606426,C-,C-,A+,C,automaticdataprocessinginc
CPF,Central Pacific Financial Corp,Financials,Regional Banks,36.84,11.4318,1.82951,,1.6396944934038349,39.7,22.86278,14.000000000000002,0.3274692,12.61,0.6950822562987241,20.6219,39.7,22.86278,20.6219,0.6950822562987241,14.000000000000002,0.3274692,12.61,56.93277310924369,46.06294775754962,56.72268907563025,72.98044451425429,50.0,57.22254400057927,0.5672268907563025,0.41596638655462187,0.5672268907563025,0.7394957983193278,C+,C,C+,B,centralpacificfinancialcorp
ACT,Enact Holdings Inc,Financials,Commercial & Residential Mortgage Finance,46.92,9.4511,5.1515,7.3699,1.2459801737255392,7.78,2.49,12.76,0.7311,11.21,0.7713567839195979,21.4009,7.78,2.49,21.4009,0.7713567839195979,12.76,0.5811805599999998,11.21,76.05042016806723,21.36346268647071,50.84033613445378,81.07416879795397,50.0,57.21021537251519,0.8781512605042017,0.10084033613445378,0.5084033613445378,0.8235294117647058,B+,D,C+,B+,enactholdingsinc
MAR,Marriott International Inc,Consumer Discretionary,"Hotels, Resorts & Cruise Lines",354.81,35.4842,3.412,23.9069,194.0230765024334,8.84,4.72,309.12,0.158,25.790000000000003,0.6357800544676436,34.9291,8.84,4.72,34.9291,0.6357800544676436,195.4694999999998,0.158,25.790000000000003,12.240310077519382,52.35119047619048,85.10892172961138,86.57142857142857,50.0,57.121831761306495,0.05714285714285714,0.52,0.9428571428571428,0.8457142857142858,D-,C+,A,B+,marriottinternationalinc
AWI,Armstrong World Industries Inc,Industrials,Building Products,162.92,21.8231,4.0585,13.144,7.762826865899213,8.16,8.57,35.36,0.2579,22.919999999999998,0.22652329749103914,-15.2781,8.16,8.57,-15.2781,0.22652329749103914,35.36,0.2579,22.919999999999998,51.625823019971044,57.26264391804932,87.66275988306968,29.01024506188017,50.0,57.076723521746075,0.5502008032128514,0.6265060240963856,0.9598393574297188,0.24096385542168675,C+,B-,A,D+,armstrongworldindustriesinc
PHIN,Phinia Inc,Consumer Discretionary,Automotive Retail,61.37,16.8372,0.6323,7.6493,1.466196489920347,34.56,7.06,8.62,0.0701,5.28,0.2926120641947979,7.6149,34.56,7.06,7.6149,0.2926120641947979,8.62,0.0701,5.28,68.2779623477298,69.59033613445378,30.012041598248498,67.88235294117646,50.0,57.067038801620626,0.7371428571428571,0.7542857142857143,0.26285714285714284,0.6857142857142857,B,B,D+,B-,phiniainc
FFBC,First Financial Bancorp,Financials,Regional Banks,32.12,11.9242,2.27169,,1.142747361043415,13.23,66.57654,10.07,0.3827952,8.790000000000001,0.6871444823663253,25.5327,13.23,66.57654,25.5327,0.6871444823663253,10.07,0.3827952,8.790000000000001,68.27731092436974,57.94327153602541,31.932773109243694,77.06746249901829,50.0,57.0546678154121,0.7373949579831933,0.634453781512605,0.31932773109243695,0.8025210084033614,B,B-,C-,B+,firstfinancialbancorp
FSS,Federal Signal Corp,Industrials,Construction Machinery & Heavy Transportation Equipment,115.58,24.5428,2.8614,17.6879,5.093222990450757,29.03,23.97,20.22,0.16149999999999998,15.370000000000001,0.43195798949737435,-6.563,29.03,23.97,-6.563,0.43195798949737435,20.22,0.16149999999999998,15.370000000000001,44.11004562467557,83.35036717389659,67.126738245499,37.82790224523544,50.0,57.044849851370046,0.40160642570281124,0.9236947791164659,0.6907630522088354,0.3493975903614458,C,A-,B-,C-,federalsignalcorp
SMP,Standard Motor Products Inc,Consumer Discretionary,Automotive Parts & Equipment,37.47,16.4999,0.4584,6.7706,1.2137054456407665,26.88,11.32,7.359999999999999,0.0839,3.9,0.2728047740835462,-5.1108,26.88,11.32,-5.1108,0.2728047740835462,7.359999999999999,0.0839,3.9,74.79069767441861,79.83630952380952,27.507389162561577,52.375,50.0,57.016783614006954,0.8514285714285714,0.88,0.22285714285714286,0.5085714285714286,B+,B+,D+,C+,standardmotorproductsinc
VRTX,Vertex Pharmaceuticals Inc,Health Care,Biotechnology,529.03,30.4146,10.6443,25.23,7.198666485236087,22.46,10.23,23.31,0.3795,23.28,0.8296130546307918,37.793,22.46,10.23,37.793,0.8296130546307918,23.31,0.3795,23.28,37.39661515820456,51.208709127743234,87.63796909492272,52.498238692405245,50.0,57.000035627311526,0.37748344370860926,0.5033112582781457,0.9271523178807947,0.5099337748344371,C-,C+,A-,C+,vertexpharmaceuticalsinc
PPG,PPG Industries Inc,Materials,Specialty Chemicals,106.14,15.2046,1.4556,11.0904,2.986342841386761,58.96,1.47,19.470000000000002,0.12789999999999999,10.32,0.3184315684315684,3.4642,58.96,1.47,3.4642,0.3184315684315684,19.470000000000002,0.12789999999999999,10.32,66.66666666666667,56.05536332179931,71.56862745098039,31.133428981348636,50.0,56.996581990041356,0.7794117647058824,0.6176470588235294,0.75,0.27941176470588236,B,B-,B,D+,ppgindustriesinc
ABNB,Airbnb Inc,Consumer Discretionary,"Hotels, Resorts & Cruise Lines",156.74,35.0393,7.1655,32.8509,11.680453088903793,6.62,13.64,33.379999999999995,0.20809999999999998,26.13,0.555764621038226,29.3388,6.62,13.64,29.3388,0.555764621038226,33.379999999999995,0.20809999999999998,26.13,7.8394241417497215,70.13888888888889,79.33880678708265,80.84126984126985,50.0,56.99058947823984,0.03428571428571429,0.7657142857142857,0.8628571428571429,0.8,F,B,B+,B,airbnbinc
USFD,US Foods Holding Corp,Consumer Staples,Food Distributors,92.04,27.7337,0.5031,14.7285,4.7120499260222495,39.02,3.83,16.75,0.031400000000000004,7.539999999999999,0.5335178721867856,21.9841,39.02,3.83,21.9841,0.5335178721867856,16.75,0.031400000000000004,7.539999999999999,57.142857142857146,67.6043956043956,39.52380952380952,71.42857142857144,50.0,56.97326007326008,0.6714285714285714,0.7428571428571429,0.34285714285714286,0.7,B-,B,C-,B-,usfoodsholdingcorp
NEU,NewMarket Corp,Materials,Specialty Chemicals,906.88,19.0569,3.0114,13.339,4.792527951744959,-7.85,-1.31,24.63,0.1997,16.509999999999998,0.813813795121101,8.7663,-7.85,-1.31,8.7663,0.8115563414285022,24.63,0.1997,16.509999999999998,48.03921568627451,30.41958533772189,85.29411764705883,62.72596843615495,50.0,56.962444088108704,0.5367647058823529,0.14705882352941177,0.8970588235294118,0.6323529411764706,C+,D,B+,B-,newmarketcorp
HUM,Humana Inc,Health Care,Managed Health Care,401.34,37.3601,0.328,16.7185,2.7410152424323964,-18.96,18.33,6.92,0.0181,4.02,0.8963704952895679,56.4006,-18.96,18.33,56.4006,0.8963704952895679,6.92,0.0181,4.02,67.91169977924945,53.76083867335174,32.22958057395144,80.77941925624046,50.0,56.94337167421866,0.7483443708609272,0.543046357615894,0.2980132450331126,0.8675496688741722,B,C+,D+,B+,humanainc
AMP,Ameriprise Financial Inc,Financials,Asset Management & Custody Banks,493.26,11.0305,2.1951,12.1674,6.873851187796914,29.13,9.13,61.73,0.3048,8.58,0.47200213063452967,0.2134,29.13,9.13,0.2134,0.47200213063452967,44.400499999999866,0.3048,8.58,39.705882352941174,47.273636337094345,97.68907563025209,40.698412698412696,50.0,56.94314930289973,0.33403361344537813,0.4495798319327731,0.976890756302521,0.4117647058823529,C-,C,A+,C,ameriprisefinancialinc
LCII,LCI Industries,Consumer Discretionary,Automotive Parts & Equipment,84.53,9.7251,0.51,6.3588,1.503153724275408,43.49,4.05,15.25,0.0747,9.15,0.02282629901801386,-10.666,43.49,4.05,-10.666,0.02282629901801386,15.25,0.0747,9.15,85.08637873754154,68.92857142857143,40.73782156540778,33.17857142857142,50.0,56.8774786471659,0.9371428571428572,0.7428571428571429,0.37714285714285717,0.3314285714285714,A,B,C-,C-,lciindustries
RMD,Resmed Inc,Health Care,Health Care Equipment,219.75,21.0229,5.6645,16.1549,9.680872622183847,9.76,9.85,23.880000000000003,0.3337,21.63,0.37746761627073283,-16.9504,9.76,9.85,-16.9504,0.37746761627073283,23.880000000000003,0.3337,21.63,57.10080941869021,50.295077461056934,86.53421633554085,29.47549668874172,50.0,56.862871268517495,0.609271523178808,0.4966887417218543,0.9205298013245033,0.2251655629139073,B-,C,A-,D+,resmedinc
PLUS,ePlus inc,Information Technology,Technology Distributors,88.82,18.8587,0.9621,9.8523,2.1851658679158015,6.85,13.54,11.78,0.0688,11.78,0.6773970231914155,27.7848,6.85,13.54,27.7848,0.6773970231914155,11.78,0.0688,11.78,88.69809978235394,42.943728656533125,45.555555555555564,48.504363009440326,50.0,56.85303216767207,0.9281767955801105,0.39779005524861877,0.43646408839779005,0.4143646408839779,A-,C-,C,C,eplusinc
PNC,PNC Financial Services Group Inc,Financials,Diversified Banks,224.77,11.801,2.34179,,1.4484338973614106,22.76,72.26733,12.34,0.345423,7.13,0.5834551656920081,11.2953,22.76,72.26733,11.2953,0.5834551656920081,12.34,0.345423,7.13,58.82352941176471,65.74295994896853,47.89915966386555,60.04979769685652,50.0,56.83922379807258,0.5987394957983193,0.7647058823529411,0.4789915966386555,0.6176470588235294,C+,B,C,B-,pncfinancialservicesgroupinc
R,Ryder System Inc,Industrials,Cargo Ground Transportation,235.53,18.2124,0.7047,5.9976,3.0419188899120604,4.74,1.12,16.7,0.07780000000000001,4.66,0.615105071891294,27.618,4.74,1.12,27.618,0.615105071891294,16.7,0.07780000000000001,4.66,87.67751277217714,37.287964246489594,35.881758325820286,67.19557045161986,50.0,56.78652471412124,0.9397590361445783,0.28112449799196787,0.30120481927710846,0.6867469879518072,A,D+,C-,B-,rydersysteminc
SAH,Sonic Automotive Inc,Consumer Discretionary,Automotive Retail,63.9,9.6903,0.1328,9.5615,2.0087138572964407,40.17,5.25,20.45,0.033,4.14,0.16437206178643382,-13.3307,40.17,5.25,-13.3307,0.16437206178643382,20.45,0.033,4.14,84.37541528239204,70.39390756302521,28.237000547345374,47.66386554621849,50.0,56.7646585792831,0.9314285714285714,0.7771428571428571,0.24,0.4685714285714286,A,B,D+,C,sonicautomotiveinc
GNTX,Gentex Corp,Consumer Discretionary,Automotive Parts & Equipment,22.56,11.6864,1.8113,7.5193,1.9536865441571263,6.8,10.13,16.24,0.1902,16.220000000000002,0.24384525205158242,-20.3527,6.8,10.13,-20.3527,0.24384525205158242,16.24,0.1902,16.220000000000002,64.09745293466223,62.91666666666667,63.63875205254516,36.14285714285714,50.0,56.745956008706614,0.68,0.6857142857142857,0.6457142857142857,0.36,B-,B-,B-,C-,gentexcorp
FAST,Fastenal Co,Industrials,Trading Companies & Distributors,50.71,42.802,6.6141,29.7226,14.7627365356623,13.58,12.54,34.02,0.2029,32.85,0.841878809609179,5.3918,13.58,12.54,5.3918,0.841878809609179,34.02,0.2029,29.789999999999996,12.102833101111932,69.23382827562074,87.84471218206158,64.54151034685154,50.0,56.741954045287834,0.04819277108433735,0.8112449799196787,0.963855421686747,0.6546184738955824,F,B+,A,B-,fastenalco
ALLY,Ally Financial Inc,Financials,Consumer Finance,38.2,8.1155,0.88959,,0.7603836155245652,325.79,37.40411,9.42,0.158682,4.3999999999999995,0.20052770448548826,-4.9963,185.31,37.40411,-4.9963,0.20052770448548826,9.42,0.158682,4.3999999999999995,93.69747899159664,83.80834711306815,27.73109243697479,23.09141838553603,50.0,56.7370959568637,0.9789915966386554,0.9621848739495799,0.2773109243697479,0.21008403361344538,A+,A,D+,D+,allyfinancialinc
SXT,Sensient Technologies Corp,Materials,Specialty Chemicals,127.99,34.8167,3.2287,20.672,4.532849791578865,16.57,8.12,13.020000000000001,0.1405,8.1,0.8073639274279616,33.6022,16.57,8.12,33.6022,0.8073639274279616,13.020000000000001,0.1405,8.1,27.45098039215686,63.95124764396433,63.235294117647065,81.34863701578193,50.0,56.73154555940024,0.15441176470588236,0.7058823529411765,0.6323529411764706,0.8235294117647058,D,B,B-,B+,sensienttechnologiescorp
NMIH,NMI Holdings Inc,Financials,Commercial & Residential Mortgage Finance,41.02,7.8446,4.2437,6.317,1.2072659634582783,7.97,7.53,15.14,0.7323999999999999,13.05,0.519327731092437,5.3129,7.97,7.53,5.3129,0.519327731092437,15.14,0.5811805599999998,13.05,80.88235294117646,32.24397360430202,60.08403361344538,50.20094994519547,50.0,56.730581348554956,0.9159663865546218,0.23949579831932774,0.6008403361344538,0.5294117647058824,A-,D+,B-,C+,nmiholdingsinc
CHEF,Chefs' Warehouse Inc,Consumer Staples,Food Distributors,110.66,48.9157,1.0244,24.2148,7.4491932172355995,32.46,11.16,13.54,0.039599999999999996,6.01,0.8915438324282388,84.8927,32.46,11.16,67.96360499999999,0.8025340315958557,13.54,0.039599999999999996,6.01,27.61904761904762,81.71428571428572,36.19047619047619,97.08571428571429,50.0,56.712380952380954,0.22142857142857142,0.9142857142857143,0.29285714285714287,0.9857142857142858,D+,A-,D+,A+,chefswarehouseinc
MS,Morgan Stanley,Financials,Investment Banking & Brokerage,194.55,15.2973,2.3938,37.3028,2.7585297483080877,38.56,13.96,17.83,0.203,1.96,0.5311528416863576,23.5042,38.56,13.96,23.5042,0.5311528416863576,17.83,0.203,1.96,32.563025210084035,58.00578912798049,68.4873949579832,74.10776075135936,50.0,56.685315017884776,0.2689075630252101,0.6386554621848739,0.6848739495798319,0.7563025210084033,D+,B-,B-,B,morganstanley
AVGO,Broadcom Inc,Information Technology,Semiconductors,351.64,44.0137,18.9013,38.4137,20.507855784820315,100.1,48.69,43.91,0.4797,25.34,0.30081935232149826,4.9717,100.1,48.69,4.9717,0.30081935232149826,43.91,0.4317149999999999,25.34,30.747739829231545,82.34044692456577,89.25925925925925,25.8713867348847,50.0,56.64411650401279,0.287292817679558,0.9116022099447514,0.9337016574585635,0.19889502762430938,D+,A-,A,D,broadcominc
UBSI,United Bankshares Inc,Financials,Regional Banks,46.66,12.3903,4.20702,,1.1875614014548008,29.39,50.64327,9.39,0.4541967,8.67,0.8092783505154638,25.5627,29.39,50.64327,25.5627,0.8092783505154638,9.39,0.4541967,8.67,64.28571428571428,57.56928513241277,27.310924369747898,86.12895625539934,50.0,56.63880794142797,0.657563025210084,0.6302521008403361,0.27310924369747897,0.8781512605042017,B-,B-,D+,B+,unitedbanksharesinc
KEY,KeyCorp,Financials,Regional Banks,20.5,10.8342,1.67174,,1.1088393427016736,2512.15,57.09544,10.12,0.233279,6.0,0.5306122448979592,9.5694,185.31,57.09544,9.5694,0.5306122448979592,10.12,0.233279,6.0,75.0,82.82006551478716,32.35294117647059,41.15762192727558,50.0,56.633772782530194,0.8634453781512605,0.9411764705882353,0.3235294117647059,0.42016806722689076,B+,A,C-,C,keycorp
MSA,MSA Safety Inc,Industrials,Office Services & Supplies,183.51,22.4165,3.6166,15.2406,5.223695783981349,14.65,6.48,23.150000000000002,0.21230000000000002,16.0,0.560456668396471,8.0028,14.65,6.48,8.0028,0.560456668396471,23.150000000000002,0.21230000000000002,16.0,47.796628691637295,51.39226667798096,76.40521268748462,51.49420287113918,50.0,56.62775425460451,0.46586345381526106,0.4899598393574297,0.8192771084337349,0.4779116465863454,C,C,B+,C,msasafetyinc
HIG,Hartford Insurance Group Inc,Financials,Property & Casualty Insurance,125.2,7.7091,1.1628,7.3434,1.8267984918698712,40.07,5.69,22.99,0.1759,18.69,0.18923644841655352,-5.5788,40.07,5.69,-5.5788,0.18923644841655352,22.99,0.1759,18.69,69.11764705882354,44.24855998183749,79.41176470588235,28.2147981143677,50.0,56.62502456041751,0.7521008403361344,0.3865546218487395,0.7941176470588235,0.2857142857142857,B,C-,B,D+,hartfordinsurancegroupinc
FORM,FormFactor Inc,Information Technology,Semiconductor Materials & Equipment,127.04,87.745,11.2294,86.2113,9.527094925982032,156.16,18.01,10.96,0.1285,10.83,0.735155814138838,264.2978,156.16,18.01,262.11377,0.735155814138838,10.96,0.1285,10.83,18.536539427423406,78.49017873719313,50.18518518518519,93.39547266978425,50.0,56.55756143454764,0.12154696132596685,0.8784530386740331,0.5082872928176796,0.988950276243094,D,B+,C+,A+,formfactorinc
TXN,Texas Instruments Inc,Information Technology,Semiconductors,274.96,41.9608,13.0544,28.1931,15.325277567218084,20.26,16.66,35.77,0.3729,19.54,0.6741864313292885,52.7521,20.26,16.66,52.7521,0.6741864313292885,35.77,0.3729,19.54,38.034697806797254,46.64188728051359,83.33333333333333,59.15013111636828,50.0,56.50041146440902,0.34806629834254144,0.44751381215469616,0.856353591160221,0.569060773480663,C-,C,B+,C+,texasinstrumentsinc
SIRI,Sirius XM Holdings Inc,Communication Services,Broadcasting,25.97,9.9033,1.013,8.0231,0.7522935248297419,-9.48,0.44,7.53,0.1912,4.109999999999999,0.4811942613416053,15.5273,-9.48,0.44,15.5273,0.4811942613416053,7.53,0.1912,4.109999999999999,77.83650458069063,41.831552482715274,40.15151515151515,68.14722838137472,50.0,56.49276110586945,0.8863636363636364,0.3409090909090909,0.3409090909090909,0.6818181818181818,B+,C-,C-,B-,siriusxmholdingsinc
QRVO,Qorvo Inc,Information Technology,Semiconductors,114.98,26.0711,2.8556,19.0947,3.0166126205543136,400.67,-0.18,11.39,0.13119999999999998,7.9,0.8676629846220489,26.3603,400.67,-0.18,26.3603,0.8676629846220489,11.39,0.13119999999999998,7.9,70.83542608404487,51.374695115962076,46.111111111111114,59.72625637804121,50.0,56.45682459758966,0.7790055248618785,0.5359116022099447,0.44751381215469616,0.574585635359116,B,C+,C,C+,qorvoinc
AEP,American Electric Power Company Inc,Utilities,Electric Utilities,118.24,20.5124,2.8903,13.354,2.0513034034565436,-15.36,10.6,10.0,0.2352,3.8600000000000003,0.3189024390243899,9.7256,-15.36,10.6,9.7256,0.3189024390243899,10.0,0.2352,3.8600000000000003,43.10344827586207,47.53589187434524,58.62068965517241,82.57359125315392,50.0,56.452931108258454,0.47413793103448276,0.43103448275862066,0.5862068965517241,0.8620689655172413,C,C,C+,B+,americanelectricpowercompanyinc
IBM,International Business Machines Corp,Information Technology,IT Consulting & Other Services,220.79,19.8136,3.0749,22.3344,6.336564898202836,82.66,7.9,33.51,0.15109999999999998,11.27,0.16207698656862007,-19.8728,82.66,7.9,-19.8728,0.16207698656862007,33.51,0.15109999999999998,11.27,70.01506780512305,62.51218896998978,65.37037037037037,25.472071828525994,50.0,56.44321170357651,0.7734806629834254,0.6519337016574586,0.6961325966850829,0.19337016574585636,B,B-,B-,D,internationalbusinessmachinescorp
REYN,Reynolds Consumer Products Inc,Consumer Staples,Household Products,22.1,13.2786,1.2065,9.0027,2.0628564494600172,10.33,2.71,15.28,0.1413,9.01,0.24127906976744193,-5.495,10.33,2.71,-5.495,0.24127906976744193,15.28,0.1413,9.01,70.47619047619048,61.89294576391351,55.23809523809524,38.15668202764977,50.0,56.43849698688409,0.7857142857142857,0.6428571428571429,0.55,0.3,B,B-,C+,D+,reynoldsconsumerproductsinc
DGX,Quest Diagnostics Inc,Health Care,Health Care Services,235.62,24.5607,2.2564,17.4618,3.614812723797134,13.01,9.87,14.49,0.141,8.18,0.8297707957764615,27.4718,13.01,9.87,27.4718,0.8297707957764615,14.49,0.141,8.18,63.26416482707873,47.23057846522298,55.84988962472406,61.01114521078986,50.0,56.42685834815327,0.6754966887417219,0.4503311258278146,0.5364238410596026,0.6026490066225165,B-,C,C+,B-,questdiagnosticsinc
AMD,Advanced Micro Devices Inc,Information Technology,Semiconductors,614.47,160.0074,24.924,134.1375,15.89844164379025,124.33,39.54,10.07,0.15710000000000002,9.59,0.9493412085415721,291.0399,124.33,39.54,262.11377,0.9332220367278796,10.07,0.15710000000000002,9.59,9.849531223840616,84.04971972953271,50.55555555555555,97.51558538783273,50.0,56.41433271832213,0.055248618784530384,0.9226519337016574,0.5138121546961326,1.0,D-,A-,C+,A+,advancedmicrodevicesinc
AGCO,AGCO Corp,Industrials,Agricultural & Farm Machinery,118.79,15.4952,0.7986,12.4269,2.018868148994135,441.48,1.74,12.45,0.0739,7.7,0.451492537313433,9.2879,191.6919999999998,1.74,9.2879,0.451492537313433,12.45,0.0739,7.7,80.1770346692894,61.80785377213949,36.17572330136874,49.81135426057973,50.0,56.412031099208384,0.8714859437751004,0.7188755020080321,0.30522088353413657,0.4578313253012048,B+,B,C-,C,agcocorp
GL,Globe Life Inc,Financials,Life & Health Insurance,167.36,10.5898,2.0732,9.4826,2.2155560203657467,20.3,5.24,20.28,0.2644,13.87,0.6202511773940347,16.7867,20.3,5.24,16.7867,0.6202511773940347,20.28,0.2644,13.87,55.25210084033613,33.50469943146982,73.94957983193278,61.95903361344538,50.0,56.39316677705026,0.5462184873949579,0.2647058823529412,0.7394957983193278,0.6218487394957983,C+,D+,B,B-,globelifeinc
CHH,Choice Hotels International Inc,Consumer Discretionary,"Hotels, Resorts & Cruise Lines",102.17,13.9569,2.8306,13.795,25.93081393873252,8.84,2.65,215.07999999999998,0.2521,15.559999999999999,0.4557566616390146,-6.2178,8.84,2.65,-6.2178,0.4557566616390146,195.4694999999998,0.2521,15.559999999999999,39.42081949058693,44.533730158730165,84.68746579091406,57.2063492063492,50.0,56.375087193391124,0.37714285714285717,0.38857142857142857,0.92,0.56,C-,C-,A-,C+,choicehotelsinternationalinc
TCBI,Texas Capital Bancshares Inc,Financials,Regional Banks,94.74,11.4253,1.94001,,1.154545000322941,184.53,62.22861,10.040000000000001,0.3685057,8.36,0.5768427335123842,10.8515,184.53,62.22861,10.8515,0.5768427335123842,10.040000000000001,0.3685057,8.36,69.95798319327731,83.58100606006768,31.512605042016805,46.42896410900809,50.0,56.369641092638695,0.7710084033613446,0.957983193277311,0.31512605042016806,0.5,B,A,C-,C,texascapitalbancsharesinc
FFIV,F5 Inc,Information Technology,Communications Equipment,435.91,34.5339,7.5814,25.6698,7.000287456459982,10.69,9.41,19.86,0.247,19.86,0.8904885829415716,36.7469,10.69,9.41,36.7469,0.8904885829415716,19.86,0.247,19.86,48.01084044868575,37.48685120837338,74.44444444444444,66.26486293149935,50.0,56.3641640512571,0.48066298342541436,0.30939226519337015,0.7651933701657458,0.6574585635359116,C,C-,B,B-,f5inc
HWM,Howmet Aerospace Inc,Industrials,Aerospace & Defense,230.13,49.5528,10.1693,34.7292,17.266008928236484,35.22,18.08,34.410000000000004,0.272,20.13,0.366965205674883,22.4546,35.22,18.08,22.4546,0.366965205674883,34.410000000000004,0.272,20.13,8.874682403081717,71.47566215889196,86.69945086468323,65.72585419933051,50.0,56.33383658858573,0.03614457831325301,0.8232931726907631,0.9558232931726908,0.6746987951807228,F,B+,A,B-,howmetaerospaceinc
AFL,Aflac Inc,Financials,Life & Health Insurance,113.92,11.7262,3.1534,9.878,2.0037006550018646,110.97,13.64,16.42,0.33340000000000003,12.809999999999999,0.34247680516337226,3.8729,110.97,13.64,3.8729,0.34247680516337226,16.42,0.33340000000000003,12.809999999999999,51.890756302521005,73.91142030358769,64.70588235294117,36.917016806722685,50.0,56.314847085927624,0.5042016806722689,0.8823529411764706,0.6470588235294118,0.3739495798319328,C+,B+,B-,C-,aflacinc
NTCT,Netscout Systems Inc,Information Technology,Communications Equipment,38.81,23.6902,3.247,13.2302,1.6816881878845655,63.1,5.79,7.42,0.1482,7.42,0.677788844621514,52.9868,63.1,5.79,52.9868,0.677788844621514,7.42,0.1482,7.42,73.31847480328143,50.022875111679646,41.48148148148149,63.0389463727094,50.0,56.31235336806854,0.7900552486187845,0.5027624309392266,0.3756906077348066,0.6022099447513812,B,C+,C-,B-,netscoutsystemsinc
MAN,ManpowerGroup Inc,Industrials,Human Resource & Employment Services,57.47,25.6227,0.1426,9.5018,1.2918554884189324,,6.72,5.06,0.0154,3.1300000000000003,0.8344952233410792,51.9587,,6.72,51.9587,0.8344952233410792,5.06,0.0154,3.1300000000000003,80.38521432669454,45.79521463757917,13.300549135316777,93.55643545328394,50.0,56.291770883675454,0.8755020080321285,0.39759036144578314,0.10441767068273092,0.9678714859437751,B+,C-,D,A,manpowergroupinc
FCF,First Commonwealth Financial Corp,Financials,Regional Banks,20.79,12.5524,2.8444,,1.375509447943683,24.94,56.90718,10.83,0.3913255,9.35,0.7885597548518894,20.5882,24.94,56.90718,20.5882,0.7885597548518894,10.83,0.3913255,9.35,56.9327731092437,62.003874304647255,36.97478991596639,77.05332600329852,50.0,56.28833081789168,0.5714285714285714,0.7058823529411765,0.3697478991596639,0.7983193277310925,C+,B,C-,B,firstcommonwealthfinancialcorp
TMDX,Transmedics Group Inc,Health Care,Health Care Equipment,84.26,19.4955,4.4242,35.658,6.10314356077068,105.49,25.82,32.97,0.12210000000000001,13.239999999999998,0.2518900881172116,-25.1185,105.49,25.82,-25.1185,0.2518900881172116,32.97,0.12210000000000001,13.239999999999998,46.417954378219285,90.91048692640987,69.97792494481236,19.703311258278145,50.0,56.22172946769552,0.4768211920529801,0.9933774834437086,0.7086092715231788,0.152317880794702,C,A+,B,D,transmedicsgroupinc
BHF,Brighthouse Financial Inc,Financials,Life & Health Insurance,53.02,3.6846,0.4602,1000000.0,0.4478751693681091,32.48,2.62,13.170000000000002,0.16940000000000002,8.780000000000001,0.3817855540601169,-3.0943,32.48,2.62,-3.0943,0.3817855540601169,13.170000000000002,0.16940000000000002,8.780000000000001,99.15966386554622,35.88045538152834,53.36134453781513,29.532563025210084,50.0,56.21285578218802,1.0,0.27310924369747897,0.5336134453781513,0.29411764705882354,A+,D+,C+,D+,brighthousefinancialinc
VVX,V2X Inc,Industrials,Aerospace & Defense,74.79,26.5949,0.4989,14.9789,2.1493973410584037,31.61,12.99,8.35,0.0415,4.2,0.5546633867861039,40.7704,31.61,12.99,40.7704,0.5546633867861039,8.35,0.0415,4.2,67.09777887058438,63.411492681679015,20.05518673332787,83.68140765216846,50.0,56.20682146774756,0.7550200803212851,0.7389558232931727,0.14457831325301204,0.8634538152610441,B,B,D,B+,v2xinc
PATH,UiPath Inc,Information Technology,Systems Software,12.06,17.9423,3.7735,36.7388,3.1099306325588594,1741.64,14.98,18.42,0.0889,18.42,0.2687969924812031,2.6359,703.5419999999999,14.98,2.6359,0.2687969924812031,18.42,0.0889,18.42,60.960781851665836,70.61797824219116,59.62962962962964,34.25835253052142,50.0,56.12286902486639,0.6685082872928176,0.7569060773480663,0.6270718232044199,0.30386740331491713,B-,B,B-,C-,uipathinc
BAC,Bank of America Corp,Financials,Diversified Banks,56.45,11.781,2.32875,,1.342631462528809,25.82,99.36713,11.129999999999999,0.3273721,3.3000000000000003,0.5406961528395712,9.3539,25.82,83.28401599999997,9.3539,0.5406961528395712,11.129999999999999,0.3273721,3.3000000000000003,62.18487394957983,77.98175569992452,39.075630252100844,50.82477435418612,50.0,56.0764320612423,0.634453781512605,0.9117647058823529,0.3907563025210084,0.5336134453781513,B-,A-,C-,C+,bankofamericacorp
BCO,Brinks Co,Industrials,Security & Alarm Services,105.02,24.3221,0.8027,7.9085,15.54309056196072,16.02,8.12,64.68,0.10289999999999999,4.08,0.30825242718446594,-7.699,16.02,8.12,-7.699,0.30825242718446594,64.68,0.10289999999999999,4.08,78.14441439226293,57.57886166049432,52.55744064694151,34.37633917594577,50.0,56.06650392708913,0.8594377510040161,0.6385542168674698,0.5140562248995983,0.3092369477911647,B+,B-,C+,C-,brinksco
NBTB,NBT Bancorp Inc,Financials,Regional Banks,51.12,12.5125,3.28773,,1.407337868455755,47.67,32.08138,11.26,0.31040870000000004,9.49,0.7790849673202612,21.1986,47.67,32.08138,21.1986,0.7790849673202612,11.26,0.31040870000000004,9.49,56.5126050420168,55.431147113092194,40.96638655462185,77.84811120709966,50.0,56.02559956319804,0.5588235294117647,0.6092436974789915,0.4096638655462185,0.8067226890756303,C+,B-,C,B+,nbtbancorpinc
HSIC,Henry Schein Inc,Health Care,Health Care Distributors,86.54,23.885,0.7077,13.5541,3.0874724396526507,10.34,6.49,12.370000000000001,0.05,6.18,0.8134303671849157,31.5814,10.34,6.49,31.5814,0.8134303671849157,12.370000000000001,0.05,6.18,78.31346578366447,39.522336470314855,43.267108167770424,63.61479028697571,50.0,56.02256883931683,0.8543046357615894,0.33112582781456956,0.3841059602649007,0.6357615894039735,B+,C-,C-,B-,henryscheininc
PAG,Penske Automotive Group Inc,Consumer Discretionary,Automotive Retail,209.97,14.7054,0.4323,13.5682,2.482331549740027,-0.98,4.13,16.46,0.04190000000000001,7.7700000000000005,0.8039825046040515,22.6924,-0.98,4.13,22.6924,0.8028694842823204,16.46,0.04190000000000001,7.7700000000000005,60.7641196013289,46.081932773109244,34.068965517241374,90.4873949579832,50.0,56.022136825861054,0.6514285714285715,0.4057142857142857,0.3142857142857143,0.9085714285714286,B-,C,C-,A-,penskeautomotivegroupinc
LYFT,Lyft Inc,Industrials,Passenger Ground Transportation,14.76,1.9636,0.8309,209.6637,1.80742808860806,3178.5,10.81,115.83000000000001,-0.0177,79.7,0.1758409785932721,-31.0848,191.6919999999998,10.81,-31.0848,0.1758409785932721,69.54999999999994,-0.003499999999999991,29.789999999999996,59.97759746468868,82.68043997857663,60.0,22.443206722185995,50.0,56.01912870632469,0.642570281124498,0.9196787148594378,0.6184738955823293,0.1927710843373494,B-,A-,B-,D,lyftinc
ADUS,Addus Homecare Corp,Health Care,Health Care Services,114.23,20.0724,1.4317,12.5851,1.9490513240513243,25.89,15.88,9.569999999999999,0.10039999999999999,8.73,0.7201973143326941,-2.0763,25.89,15.88,-2.0763,0.7201973143326941,9.569999999999999,0.10039999999999999,8.73,76.55481972038262,61.14830364556198,49.44812362030905,36.246163786141175,50.0,55.97962932151355,0.8344370860927153,0.6490066225165563,0.46357615894039733,0.31125827814569534,B+,B-,C,C-,addushomecarecorp
ENSG,Ensign Group Inc,Health Care,Health Care Facilities,177.52,26.9601,1.8608,17.3338,4.620305712657171,15.73,18.89,16.54,0.0852,15.58,0.4702957341010207,3.0652,15.73,18.89,3.0652,0.4702957341010207,16.54,0.0852,15.58,64.59455481972039,62.170707082847564,60.9271523178808,35.81898454746137,50.0,55.978365110462086,0.7019867549668874,0.6622516556291391,0.5993377483443708,0.304635761589404,B,B-,C+,C-,ensigngroupinc
SIGI,Selective Insurance Group Inc,Financials,Property & Casualty Insurance,84.82,10.309,0.9377,8.7737,1.411948795631981,31.24,7.09,13.87,0.1193,11.09,0.4359160028964515,9.8049,31.24,7.09,9.8049,0.4359160028964515,13.87,0.1193,11.09,68.27731092436974,41.06710659102578,55.67226890756303,58.86042221766755,50.0,55.972900719721856,0.7373949579831933,0.3445378151260504,0.5567226890756303,0.6050420168067226,B,C-,C+,B-,selectiveinsurancegroupinc
BG,Bunge Global SA,Consumer Staples,Agricultural Products & Services,109.65,20.7954,0.2281,12.355,1.3334549434512952,-48.66,80.53,6.329999999999999,0.0209,3.25,0.550093674725667,37.2969,-48.66,29.54249999999999,37.2969,0.550093674725667,6.329999999999999,0.0209,3.25,71.42857142857143,56.959706959706956,24.28571428571429,78.21428571428572,50.0,55.96336996336996,0.8285714285714286,0.5428571428571428,0.15714285714285714,0.8,B+,C+,D,B,bungeglobalsa
CAKE,Cheesecake Factory Inc,Consumer Discretionary,Restaurants,106.71,29.1099,1.341,17.5438,12.136341923890543,13.39,5.66,38.83,0.0527,16.64,0.844143785647964,92.4309,13.39,5.66,54.84940999999998,0.8028694842823204,38.83,0.0527,16.64,27.705426356589147,54.44444444444445,55.311439518336066,96.5079365079365,50.0,55.9446926592075,0.2,0.5428571428571428,0.5314285714285715,0.9828571428571429,D,C+,C+,A+,cheesecakefactoryinc
MSM,MSC Industrial Direct Co Inc,Industrials,Trading Companies & Distributors,121.38,29.2812,1.7319,16.7111,4.878048780487805,16.56,4.41,16.6,0.085,12.16,0.8242353852109947,35.8969,16.56,4.41,35.8969,0.8242353852109947,16.6,0.085,12.16,47.482993197278915,51.96216056695954,49.47408682348442,81.44097125830511,50.0,55.91989637024376,0.4578313253012048,0.5100401606425703,0.4819277108433735,0.8353413654618473,C,C+,C,B+,mscindustrialdirectcoinc
PRI,Primerica Inc,Financials,Life & Health Insurance,274.91,10.6528,2.4719,8.9496,3.5753209088189775,22.98,8.57,32.550000000000004,0.306,18.970000000000002,0.46115855540693523,0.5656,22.98,8.57,0.5656,0.46115855540693523,32.550000000000004,0.306,18.970000000000002,47.26890756302521,44.46051757612916,90.33613445378151,38.0672268907563,50.0,55.906809397578776,0.4432773109243697,0.3907563025210084,0.9033613445378151,0.38235294117647056,C,C-,A-,C-,primericainc
BE,Bloom Energy Corp,Industrials,Electrical Components & Equipment,269.19,347.1436,27.3132,252.7034,98.07629249098262,586.53,90.98,24.77,0.0911,7.140000000000001,0.7168431582215171,320.2941,191.6919999999998,36.967999999999954,75.1288999999999,0.7168431582215171,24.77,0.0911,7.140000000000001,3.081168210255995,98.5716216988726,48.504220965494625,91.18215134590841,50.0,55.847101902893854,0.004016064257028112,1.0,0.46586345381526106,0.9357429718875502,F,A+,C,A,bloomenergycorp
BURL,Burlington Stores Inc,Consumer Discretionary,Apparel Retail,265.68,22.401,1.3096,12.2016,9.21994183746417,31.44,10.89,39.82,0.0786,18.89,0.2563374702931081,-2.9974,31.44,10.89,-2.9974,0.2563374702931081,39.82,0.0786,18.89,40.62347729789591,75.05357142857143,61.03776683087028,52.019047619047626,50.0,55.82983484171536,0.4,0.8228571428571428,0.6171428571428571,0.5028571428571429,C-,B+,B-,C+,burlingtonstoresinc
MRVL,Marvell Technology Inc,Information Technology,Semiconductors,251.53,87.0074,24.3051,61.8538,14.894801357249024,,30.62,16.220000000000002,0.3557,12.57,0.6977179343737341,212.5343,,30.62,212.5343,0.6977179343737341,16.220000000000002,0.3557,12.57,15.826427255985266,64.51310861423221,70.37037037037037,81.75990665410274,50.0,55.803802460255895,0.07734806629834254,0.6795580110497238,0.7348066298342542,0.861878453038674,D-,B-,B,B+,marvelltechnologyinc
CFG,Citizens Financial Group Inc,Financials,Regional Banks,65.33,12.982,1.48499,,1.065561470810825,37.2,62.72879,8.14,0.31448550000000003,5.87,0.634703196347032,23.8987,37.2,62.72879,23.8987,0.634703196347032,8.14,0.31448550000000003,5.87,67.64705882352942,73.20651295452328,17.647058823529413,73.85533652713421,50.0,55.73589930809621,0.7226890756302521,0.8781512605042017,0.17647058823529413,0.7521008403361344,B,B+,D,B,citizensfinancialgroupinc
CTS,CTS Corp,Information Technology,Electronic Manufacturing Services,59.72,24.3888,3.0163,12.9375,3.1124916611074047,13.11,8.31,12.520000000000001,0.1638,11.19,0.7067422434367542,50.1638,13.11,8.31,50.1638,0.7067422434367542,12.520000000000001,0.1638,11.19,74.06558680729951,31.175331530696887,57.03703703703703,58.44144219618772,50.0,55.69901070646106,0.8066298342541437,0.19889502762430938,0.5911602209944752,0.5469613259668509,B+,D,C+,C+,ctscorp
TRGP,Targa Resources Corp,Energy,Oil & Gas Storage & Transportation,275.61,26.2734,3.5587,14.3972,19.284484809471166,40.38,-1.97,72.17,0.2291,10.530000000000001,0.8026251526251528,61.7794,40.38,-1.97,61.7794,0.8026251526251528,36.65899999999999,0.2291,10.530000000000001,26.368159203980102,43.80597014925373,76.36815920398011,80.9950248756219,50.0,55.64427860696519,0.1791044776119403,0.373134328358209,0.8656716417910447,0.8507462686567164,D,C-,B+,B+,targaresourcescorp
MWA,Mueller Water Products Inc,Industrials,Industrial Machinery & Supplies & Components,21.64,15.198,2.2828,10.1048,3.4460793681126187,49.14,5.88,21.21,0.1942,14.81,0.03235811020365956,-13.1674,49.14,5.88,-13.1674,0.03235811020365956,21.21,0.1942,14.81,72.33997213343169,60.634035358709255,70.86413681938639,13.576048029437626,50.0,55.64304391583389,0.8232931726907631,0.6987951807228916,0.7429718875502008,0.07630522088353414,B+,B-,B,D-,muellerwaterproductsinc
CNXN,PC Connection Inc,Information Technology,Technology Distributors,88.46,23.5204,0.7545,16.606,2.4513525946206585,14.88,3.23,10.4,0.0392,10.4,0.9415237559741352,45.9477,14.88,3.23,45.9477,0.9332220367278796,10.4,0.0392,10.4,81.17989285116357,30.28819739946352,38.148148148148145,73.47561432672084,50.0,55.5847725950648,0.850828729281768,0.18232044198895028,0.3425414364640884,0.7955801104972375,B+,D,C-,B,pcconnectioninc
COP,ConocoPhillips,Energy,Oil & Gas Exploration & Production,128.13,16.476,2.4142,6.5083,2.434302519986625,1.31,9.6,14.32,0.22510000000000002,10.52,0.759322033898305,31.4947,1.31,9.6,31.4947,0.759322033898305,14.32,0.22510000000000002,10.52,51.74129353233831,43.38798432082014,59.95024875621891,69.82421227197347,50.0,55.56532489069803,0.5149253731343284,0.3582089552238806,0.582089552238806,0.6716417910447762,C+,C-,C+,B-,conocophillips
URI,United Rentals Inc,Industrials,Trading Companies & Distributors,1038.25,24.7049,3.8719,16.9858,7.304793337493765,7.67,6.88,29.18,0.25079999999999997,11.39,0.7049142569986807,12.436,7.67,6.88,12.436,0.7049142569986807,29.18,0.25079999999999997,11.39,40.776439089692104,43.21789383763005,76.6467229462066,62.77322588576821,50.0,55.55401445365433,0.37751004016064255,0.3373493975903614,0.8232931726907631,0.6265060240963856,C-,C-,B+,B-,unitedrentalsinc
TRMK,Trustmark Corp,Financials,Regional Banks,45.64,11.411,1.83041,,1.269431565011084,11.12,75.48011,11.01,0.133748,7.95,0.7348066298342543,14.6414,11.12,75.48011,14.6414,0.7348066298342543,11.01,0.133748,7.95,65.96638655462183,59.351494530304066,38.445378151260506,62.58383727322705,50.0,55.49000753717681,0.6932773109243697,0.6722689075630253,0.38445378151260506,0.634453781512605,B-,B-,C-,B-,trustmarkcorp
EVR,Evercore Inc,Financials,Investment Banking & Brokerage,262.44,13.5708,2.1322,8.94,4.976401722513079,60.84,45.68,39.83,0.2121,30.599999999999998,0.06049107142857141,-22.1953,60.84,45.68,-22.1953,0.06049107142857141,39.83,0.2121,29.45649999999999,31.932773109243694,84.98119107182475,93.69747899159664,10.291646070192783,50.0,55.46213045361359,0.2647058823529412,0.9705882352941176,0.9369747899159664,0.07983193277310924,D+,A+,A,D-,evercoreinc
PGNY,Progyny Inc,Health Care,Health Care Services,25.59,24.8233,1.4892,15.2648,4.134020452012083,58.09,5.54,15.98,0.0855,15.98,0.5593869731800767,19.1011,58.09,5.54,19.1011,0.5593869731800767,15.98,0.0855,15.98,69.90875643855776,47.07312215282189,60.9271523178808,41.68631884994346,50.0,55.460865389662715,0.7748344370860927,0.44370860927152317,0.5993377483443708,0.3973509933774834,B,C,C+,C-,progynyinc
DVN,Devon Energy Corp,Energy,Oil & Gas Exploration & Production,47.31,15.779,2.6304,7.2668,1.8950834381484183,-5.34,14.64,14.899999999999999,0.2274,10.52,0.7457627118644069,31.5716,-5.34,14.64,31.5716,0.7457627118644069,14.899999999999999,0.2274,10.52,49.25373134328358,45.70480928689884,61.44278606965174,68.09286898839137,50.0,55.433665008291875,0.4701492537313433,0.43283582089552236,0.5970149253731343,0.6268656716417911,C,C,C+,B-,devonenergycorp
CVSA,Covista Inc,Consumer Discretionary,Education Services,119.24,16.3384,2.1034,,2.806069619895702,13.69,9.27,17.82,0.1962,12.790000000000001,0.46572376966373213,-18.346,13.69,9.27,-18.346,0.46572376966373213,17.82,0.1962,12.790000000000001,44.47619047619048,63.76231527093596,63.05856595511768,53.970443349753694,50.0,55.43024083196497,0.44,0.7028571428571428,0.64,0.5257142857142857,C,B,B-,C+,covistainc
EQT,EQT Corp,Energy,Oil & Gas Exploration & Production,50.09,11.7209,3.3529,5.5586,1.3160591267610076,134.0,30.17,11.15,0.4235,8.68,0.10606105381364724,-5.7853,134.0,30.17,-5.7853,0.10606105381364724,11.15,0.4235,8.68,58.208955223880594,84.16478214985678,62.68656716417911,16.82255389718076,50.0,55.42134780642244,0.664179104477612,0.9253731343283582,0.6268656716417911,0.07462686567164178,B-,A-,B-,D-,eqtcorp
TBBK,Bancorp Inc,Financials,Regional Banks,49.47,8.8944,4.64103,,3.0375969396840206,14.47,89.12521,32.32,0.5646253999999999,17.29,0.03188929001203376,-34.2006,14.47,83.28401599999997,-34.2006,0.060451623116281404,32.32,0.5646253999999999,17.29,56.09243697478992,68.28204557224517,89.49579831932773,1.751354747506479,50.0,55.40373888747974,0.5525210084033614,0.8025210084033614,0.8949579831932774,0.004201680672268907,C+,B+,B+,F,bancorpinc
BGC,Bgc Group Inc,Financials,Investment Banking & Brokerage,11.8,28.305,1.7089,13.6013,5.734836702954899,31.58,27.6,19.2,0.1155,7.02,0.7648970747562299,23.4619,31.58,27.6,23.4619,0.7648970747562299,19.2,0.1155,7.02,13.025210084033612,64.41320187848841,70.58823529411765,83.04003954522986,50.0,55.39400962928148,0.07563025210084033,0.7478991596638656,0.7058823529411765,0.8613445378151261,D-,B,B,B+,bgcgroupinc
AVNT,Avient Corp,Materials,Specialty Chemicals,40.92,22.2717,1.1365,10.3568,1.5787524306305751,43.14,2.36,7.090000000000001,0.09449999999999999,3.93,0.7014613778705637,26.7813,43.14,2.36,26.7813,0.7014613778705637,7.090000000000001,0.09449999999999999,3.93,63.72549019607843,55.793034573944354,37.745098039215684,69.01004304160689,50.0,55.32826258193378,0.75,0.6029411764705882,0.3161764705882353,0.7352941176470589,B,B-,C-,B,avientcorp
STRA,Strategic Education Inc,Consumer Discretionary,Education Services,76.1,12.6849,1.3264,6.9535,1.0616644275452392,24.75,3.53,8.19,0.1401,8.19,0.31952071892161715,-8.4594,24.75,3.53,-8.4594,0.31952071892161715,8.19,0.1401,8.19,68.87596899224805,51.47167487684729,44.700602079912414,58.14778325123153,50.0,55.318034393655886,0.7485714285714286,0.5028571428571429,0.4114285714285714,0.5657142857142857,B,C+,C,C+,strategiceducationinc
BCPC,Balchem Corp,Materials,Specialty Chemicals,168.18,32.552,4.9287,20.1797,4.287801258958415,16.69,10.14,12.790000000000001,0.20420000000000002,11.360000000000001,0.648558014755198,11.8446,16.69,10.14,11.8446,0.648558014755198,12.790000000000001,0.20420000000000002,11.360000000000001,26.47058823529412,69.37012968745606,72.54901960784314,58.33572453371592,50.0,55.2960728050187,0.11764705882352941,0.75,0.7720588235294118,0.5882352941176471,D,B,B,C+,balchemcorp
FNB,FNB Corp,Financials,Regional Banks,17.49,10.3095,2.56275,,0.9245798685817294,30.25,64.79501,8.94,0.42536409999999997,7.049999999999999,0.5906432748538009,9.6333,30.25,64.79501,9.6333,0.5906432748538009,8.94,0.42536409999999997,7.049999999999999,84.45378151260505,70.46506826992473,23.52941176470588,45.960889028508596,50.0,55.2809897790144,0.9390756302521008,0.8403361344537815,0.23529411764705882,0.49159663865546216,A,B+,D+,C,fnbcorp
ORCL,Oracle Corp,Information Technology,Application Software,132.13,21.9109,5.7756,20.9183,8.952078971794819,49.08,21.62,42.58,0.3212,10.76,0.08474331859257832,-52.94,49.08,21.62,-42.32334,0.08474331859257832,42.58,0.3212,10.76,61.93286455717396,70.93977260850642,74.62962962962963,9.589966768521663,50.0,55.24657142210651,0.6961325966850829,0.7679558011049724,0.7734806629834254,0.049723756906077346,B-,B,B,F,oraclecorp
BNY,Bank of New York Mellon Corp,Financials,Asset Management & Custody Banks,149.52,16.1736,1000000.0,,2.3222331458710936,31.68,,14.180000000000001,,6.34,0.7398373983739839,37.6513,31.68,,37.6513,0.7398373983739839,14.180000000000001,,6.34,34.45378151260504,60.59575345289631,57.14285714285714,76.09337068160598,50.0,55.236984490766005,0.28991596638655465,0.6974789915966386,0.5714285714285714,0.7815126050420168,D+,B-,C+,B,bankofnewyorkmelloncorp
WTFC,Wintrust Financial Corp,Financials,Regional Banks,144.13,11.0439,2.29791,,1.3298628155114063,20.25,79.30369,12.33,0.38857909999999996,10.85,0.515071946224136,9.3638,20.25,79.30369,9.3638,0.515071946224136,12.33,0.38857909999999996,10.85,66.17647058823529,69.77243652704088,47.47899159663865,39.19264902222571,50.0,55.206882656071805,0.6995798319327731,0.8277310924369747,0.47478991596638653,0.40336134453781514,B-,B+,C,C,wintrustfinancialcorp
MLKN,MillerKnoll Inc,Industrials,Office Services & Supplies,20.09,14.0836,0.3619,8.0978,1.0202112533008327,33.57,1.2,7.340000000000001,0.0516,3.71,0.5776965265082267,14.1069,33.57,1.2,14.1069,0.5776965265082267,7.340000000000001,0.0516,3.71,93.66882495970276,48.673921959636246,19.89509056634702,60.28497033660545,50.0,55.18275734076079,0.9799196787148594,0.42971887550200805,0.14056224899598393,0.5903614457831325,A+,C,D,C+,millerknollinc
PFG,Principal Financial Group Inc,Financials,Life & Health Insurance,115.53,15.7639,1.5541,11.7046,2.113278920623539,41.98,3.33,13.120000000000001,0.1278,9.790000000000001,0.8694547134935303,40.8221,41.98,3.33,40.8221,0.8694547134935303,13.120000000000001,0.1278,9.790000000000001,38.02521008403362,42.78985052858443,52.94117647058824,94.390756302521,50.0,55.17771800487655,0.3277310924369748,0.3697478991596639,0.5294117647058824,0.957983193277311,C-,C-,C+,A,principalfinancialgroupinc
NYT,New York Times Co,Communication Services,Publishing,64.3,26.2069,3.4571,18.1342,5.097389470680101,23.32,10.76,19.470000000000002,0.1582,19.470000000000002,0.309090909090909,10.4134,23.32,10.76,10.4134,0.309090909090909,19.470000000000002,0.1582,19.470000000000002,33.56236786469344,70.92269013199245,66.66666666666667,54.67139689578715,50.0,55.17607603839595,0.36363636363636365,0.8409090909090909,0.8068181818181818,0.5681818181818182,C-,B+,B+,C+,newyorktimesco
WWD,Woodward Inc,Industrials,Electrical Components & Equipment,325.63,35.1177,4.6245,25.6117,7.600257675413004,42.27,22.35,21.75,0.16,15.540000000000001,0.4242452093194246,35.3951,42.27,22.35,35.3951,0.4242452093194246,21.75,0.16,15.540000000000001,20.96877305138923,80.69736775018887,67.81356719394584,59.13060990316953,50.0,55.16118059200545,0.12449799196787148,0.9116465863453815,0.6947791164658634,0.5622489959839357,D,A-,B-,C+,woodwardinc
CRUS,Cirrus Logic Inc,Information Technology,Semiconductors,117.66,13.9587,2.932,9.9092,2.7975253574774244,28.21,6.25,20.349999999999998,0.2305,20.349999999999998,0.15372168284789636,-4.5223,28.21,6.25,-4.5223,0.15372168284789636,20.349999999999998,0.2305,20.349999999999998,84.08881634019757,37.918834678128846,74.44444444444444,14.713901239992278,50.0,55.15986237978473,0.8729281767955801,0.3149171270718232,0.7651933701657458,0.07734806629834254,B+,C-,B,D-,cirruslogicinc
COHR,Coherent Corp,Information Technology,Electronic Components,280.99,71.9667,8.1388,46.8858,5.044676599587435,1617.2,22.51,8.37,0.1458,6.25,0.5293612739004322,177.5922,703.5419999999999,22.51,177.5922,0.5293612739004322,8.37,0.1458,6.25,27.870207600870586,88.0451538884161,40.92592592592593,76.64010793983941,50.0,55.13608574735023,0.23756906077348067,0.9502762430939227,0.36464088397790057,0.8232044198895028,D+,A,C-,B+,coherentcorp
VCYT,Veracyte Inc,Health Care,Health Care Services,46.66,31.9013,6.4996,29.2222,2.8275531908446907,323.93,17.28,8.64,0.1957,8.64,0.546971864568431,38.4217,323.93,17.28,38.4217,0.546971864568431,8.64,0.1957,8.64,38.04709345106696,82.50713198761724,55.849889624724064,50.75755128412211,50.0,55.12718242329563,0.39072847682119205,0.9205298013245033,0.543046357615894,0.48344370860927155,C-,A-,C+,C,veracyteinc
CVX,Chevron Corp,Energy,Integrated Oil & Gas,207.44,19.6176,1.9354,8.4574,2.21894187364953,34.62,11.17,10.979999999999999,0.1322,9.0,0.8549586197222612,27.2088,34.62,11.17,27.2088,0.8549586197222612,10.979999999999999,0.1322,9.0,48.25870646766169,62.53957485300769,49.25373134328358,66.06512890094979,50.0,55.09905020352782,0.43283582089552236,0.7164179104477612,0.417910447761194,0.6119402985074627,C,B,C,B-,chevroncorp
TTEK,Tetra Tech Inc,Industrials,Construction & Engineering,33.48,19.9148,1.992,13.7252,4.917599365471049,106.14,-5.22,23.75,0.1414,16.42,0.4425851125216386,2.4471,106.14,-5.22,2.4471,0.4425851125216386,23.75,0.1414,16.42,62.052290795836406,44.63594481451624,67.98240581373112,43.28112449799197,50.0,55.09208801489353,0.6827309236947792,0.37349397590361444,0.6987951807228916,0.39357429718875503,B-,C-,B-,C-,tetratechinc
ILMN,Illumina Inc,Health Care,Life Sciences Tools & Services,270.68,49.4182,9.0741,38.6664,15.208963106970682,-31.92,4.88,31.080000000000002,0.19519999999999998,17.76,0.961726770202685,192.8734,-31.92,4.88,121.93785,0.961726770202685,31.080000000000002,0.19519999999999998,17.76,23.449595290654894,27.940858568254875,79.24944812362031,94.07585791691753,50.0,55.07810415060328,0.1390728476821192,0.13245033112582782,0.8410596026490066,0.9801324503311258,D,D,B+,A+,illuminainc
AVY,Avery Dennison Corp,Materials,Paper & Plastic Packaging Products & Materials,170.81,18.3143,1.3959,14.087,5.856757850270533,2.32,5.84,31.069999999999997,0.1026,11.72,0.3902801358234298,7.3278,2.32,5.84,7.3278,0.3902801358234298,31.069999999999997,0.1026,11.72,55.392156862745104,44.147058823529406,75.49019607843138,42.58823529411765,50.0,55.06764705882354,0.6323529411764706,0.36764705882352944,0.8382352941176471,0.38235294117647056,B-,C-,B+,C-,averydennisoncorp
INTU,Intuit Inc,Information Technology,Application Software,269.36,16.1413,3.4363,12.0372,3.8064391225519083,20.37,13.9,23.419999999999998,0.2743,17.54,0.03661996807944673,-60.1851,20.37,13.9,-42.32334,0.06528472718608534,23.419999999999998,0.2743,17.54,77.75929181315921,51.61012142187155,75.55555555555556,6.963815755630319,50.0,55.04349927767906,0.8232044198895028,0.5414364640883977,0.7900552486187845,0.027624309392265192,B+,C+,B,F,intuitinc
CHD,Church & Dwight Co Inc,Consumer Staples,Household Products,95.48,30.6951,3.6701,21.1385,5.643426247724425,46.61,2.69,17.78,0.1747,11.62,0.5726426547956294,12.2787,46.61,2.69,12.2787,0.5726426547956294,17.78,0.1747,11.62,21.42857142857143,72.10209145693017,67.14285714285715,67.37327188940091,50.0,55.037929812123366,0.14285714285714285,0.8428571428571429,0.7,0.6285714285714286,D,B+,B-,B-,churchdwightcoinc
MKSI,MKS Incorporated,Information Technology,Semiconductor Materials & Equipment,255.3,40.0818,4.0571,22.8161,6.309733004129872,58.58,16.23,15.83,0.1537,6.370000000000001,0.4136585365853659,113.3497,58.58,16.23,113.3497,0.4136585365853659,15.83,0.1537,6.370000000000001,55.997823539260004,63.35834070887195,50.0,54.331040773279895,50.0,55.03733218124537,0.6022099447513812,0.6685082872928176,0.5,0.4861878453038674,B-,B-,C,C,mksincorporated
CSX,CSX Corp,Industrials,Rail Transportation,47.06,26.8876,5.9715,15.8118,6.65384724146707,6.36,2.52,24.07,0.34149999999999997,9.969999999999999,0.6733266733266734,38.4843,6.36,2.52,38.4843,0.6733266733266734,24.07,0.28918,9.969999999999999,34.7894981285687,32.3233171059258,73.75461027784608,82.08158276406424,50.0,55.01700707560171,0.2931726907630522,0.20481927710843373,0.7791164658634538,0.8473895582329317,D+,D+,B,B+,csxcorp
MTD,Mettler-toledo International Inc,Health Care,Life Sciences Tools & Services,1516.48,33.4449,7.3268,27.505,1351.3455711994295,12.52,6.91,1816.2600000000002,0.2655,10.96,0.9526319345901749,24.9764,12.52,6.91,24.9764,0.9526319345901749,108.28999999999999,0.2655,10.96,35.18027961736571,46.914685368850584,82.89183222958057,55.52879791290387,50.0,55.00672461808746,0.32450331125827814,0.4370860927152318,0.8807947019867549,0.5562913907284768,C-,C,B+,C+,mettlertoledointernationalinc
MTUS,Metallus Inc,Materials,Steel,19.09,96.408,0.6388,11.1924,1.1604298879081867,,16.12,1.17,0.36,1.17,0.5840286054827176,12.8144,,16.12,12.8144,0.5840286054827176,1.17,0.36,1.17,57.35294117647059,65.46653144016227,47.05882352941177,54.036511156186606,50.0,55.00354969574037,0.6764705882352942,0.7352941176470589,0.4338235294117647,0.5441176470588235,B-,B,C,C+,metallusinc
LQDT,Liquidity Services Inc,Industrials,Diversified Support Services,43.71,41.0828,2.7907,20.9769,6.597437097188052,23.68,5.18,15.18,0.09,15.18,0.983050847457627,59.2768,23.68,5.18,59.2768,0.8706365842083148,15.18,0.09,15.18,28.388383465836128,54.614662203947915,52.315930388219535,94.4807802639128,50.0,54.995166957086056,0.20883534136546184,0.5582329317269076,0.5100401606425703,0.9759036144578314,D+,C+,C+,A+,liquidityservicesinc
WDAY,Workday Inc,Information Technology,Application Software,190.34,37.5736,4.6287,34.0459,6.3194100910029585,127.88,13.35,16.78,0.1067,11.98,0.5733744354434009,-21.9567,127.88,13.35,-21.9567,0.5733744354434009,16.78,0.1067,11.98,50.889419052402474,67.44086008702476,55.555555555555564,49.277097029743715,50.0,54.954835075343205,0.5359116022099447,0.712707182320442,0.585635359116022,0.430939226519337,C+,B,C+,C,workdayinc
AX,Axos Financial Inc,Financials,Regional Banks,87.9,10.2415,2.35138,,1.5749414100294563,14.77,78.88815,16.41,0.496028,11.600000000000001,0.421717990275527,1.4091,14.77,78.88815,1.4091,0.421717990275527,16.41,0.496028,11.600000000000001,66.17647058823529,64.52505151070716,64.07563025210085,22.379643446163513,50.0,54.94396420145817,0.6995798319327731,0.7521008403361344,0.6407563025210085,0.20168067226890757,B-,B,B-,D+,axosfinancialinc
AIT,Applied Industrial Technologies Inc,Industrials,Trading Companies & Distributors,335.28,29.544,2.4658,21.5208,6.627619429789101,8.18,8.84,22.17,0.1106,17.919999999999998,0.7103913234647513,28.6723,8.18,8.84,28.6723,0.7103913234647513,22.17,0.1106,17.919999999999998,36.40958391388684,50.839219733228944,64.77174002130972,72.26462135573234,50.0,54.91609920159141,0.3172690763052209,0.4819277108433735,0.6706827309236948,0.7550200803212851,C-,C,B-,B,appliedindustrialtechnologiesinc
BLFS,BioLife Solutions Inc,Health Care,Health Care Supplies,38.96,32.4772,18.3145,444.4328,5.049444638853247,,34.39,15.28,0.028999999999999998,15.129999999999999,1.0,59.1811,,34.39,59.1811,0.9775632991742835,15.28,0.028999999999999998,15.129999999999999,19.873436350257542,72.00918607135227,53.64238410596027,85.39201025421917,50.0,54.85919437916874,0.07947019867549669,0.8079470198675497,0.5033112582781457,0.9205298013245033,D-,B+,C+,A-,biolifesolutionsinc
V,Visa Inc,Financials,Transaction & Payment Processing Services,367.39,30.361,15.418,24.6106,18.565176965213347,14.72,14.39,61.260000000000005,0.6068,37.39,0.8017024451379198,9.6886,14.72,14.39,9.6886,0.8017024451379198,44.400499999999866,0.5811805599999998,29.45649999999999,7.9831932773109235,45.16117128778073,97.68907563025209,71.98412698412699,50.0,54.847126881272295,0.0546218487394958,0.40336134453781514,0.976890756302521,0.7226890756302521,D-,C,A+,B,visainc
CI,Cigna Group,Health Care,Health Care Services,271.75,11.2026,0.2545,8.384,1.7164039584349176,31.74,7.77,15.24,0.0352,8.649999999999999,0.4244339125855713,-4.2421,31.74,7.77,-4.2421,0.4244339125855713,15.24,0.0352,8.649999999999999,94.68579838116261,50.213467767302284,47.24061810154526,21.486028105314166,50.0,54.82150329520026,0.9867549668874173,0.4900662251655629,0.44370860927152317,0.17218543046357615,A+,C,C,D,cignagroup
WEX,WEX Inc,Financials,Transaction & Payment Processing Services,180.78,18.4807,2.3213,12.0384,5.022880529461286,26.87,7.46,28.21,0.2548,5.510000000000001,0.7050825921219821,12.7926,26.87,7.46,12.7926,0.7050825921219821,28.21,0.2548,5.510000000000001,21.42857142857143,45.32580557258669,85.71428571428571,69.79458450046685,50.0,54.80979230032499,0.17857142857142858,0.40756302521008403,0.8571428571428571,0.7058823529411765,D,C,B+,B,wexinc
SCL,Stepan Co,Materials,Specialty Chemicals,64.39,1000000.0,0.603,13.4057,1.1710423895884712,-31.52,7.63,-0.22,0.82,-0.13999999999999999,0.8621084797555386,38.9535,-31.52,7.63,38.9535,0.8115563414285022,-0.22,0.44605999999999996,-0.13999999999999999,47.54901960784313,41.59071088980786,47.05882352941177,89.15351506456241,50.0,54.800805975187785,0.5147058823529411,0.3235294117647059,0.4338235294117647,0.9117647058823529,C+,C-,C,A-,stepanco
CBRE,CBRE Group Inc,Real Estate,Real Estate Services,130.63,29.948,0.8928,16.8303,4.351359904065555,22.19,14.53,15.160000000000002,0.0453,7.89,0.1700266260935716,-13.9155,22.19,14.53,-13.9155,0.1700266260935716,15.160000000000002,0.0453,7.89,60.0,57.336956521739125,60.0,41.66666666666667,50.0,54.800724637681164,0.8,0.6,0.7,0.4,B,C+,B-,C-,cbregroupinc
HPQ,HP Inc,Information Technology,"Technology Hardware, Storage & Peripherals",30.86,11.5161,0.4771,9.5782,2.0048725028422933,-4.42,8.14,16.85,0.0545,9.98,0.7125636217519421,16.5736,-4.42,8.14,16.5736,0.7125636217519421,16.85,0.0545,9.98,95.70672191528546,24.047628024892184,47.03703703703703,46.51061246746299,50.0,54.797587836551656,0.994475138121547,0.12154696132596685,0.4530386740331492,0.39779005524861877,A+,D,C,C-,hpinc
PTGX,Protagonist Therapeutics Inc,Health Care,Biotechnology,142.61,110.718,32.5524,146.2759,14.517820240046422,45.97,34.81,12.030000000000001,0.2069,12.030000000000001,0.8153596428933754,119.2581,45.97,34.81,119.2581,0.8153596428933754,12.030000000000001,0.2069,12.030000000000001,11.271523178807946,76.53304993682713,64.67991169977925,77.3848104833028,50.0,54.771430803672786,0.033112582781456956,0.8675496688741722,0.6754966887417219,0.8145695364238411,F,B+,B-,B+,protagonisttherapeuticsinc
DCOM,Dime Community Bancshares Inc,Financials,Regional Banks,40.1,16.1056,2.11729,,1.1918384330742597,225.06,42.91451,7.670000000000001,0.4435096,6.45,0.8855569155446757,33.7641,185.31,42.91451,33.7641,0.8728421284860932,7.670000000000001,0.4435096,6.45,53.781512605042025,67.2840015121204,15.126050420168067,95.1904500117804,50.0,54.72178106108268,0.5210084033613446,0.7941176470588235,0.15126050420168066,0.9705882352941176,C+,B,D,A+,dimecommunitybancsharesinc
PH,Parker-Hannifin Corp,Industrials,Industrial Machinery & Supplies & Components,977.36,33.8211,5.7389,26.243,7.99450324733751,5.03,8.31,25.11,0.2165,15.14,0.681254388017786,31.3054,5.03,8.31,31.3054,0.681254388017786,25.11,0.2165,15.14,18.280468814031636,48.694811514072626,76.80681911318744,80.67197030386191,50.0,54.645178345391685,0.10441767068273092,0.43373493975903615,0.8273092369477911,0.8273092369477911,D,C,B+,B+,parkerhannifincorp
ZTS,Zoetis Inc,Health Care,Pharmaceuticals,70.43,11.0772,3.0449,10.7604,8.984564357698687,4.59,1.41,69.25,0.34380000000000005,21.22,0.011479752743787194,-49.6563,4.59,1.41,-36.74305,0.06676714005319462,69.25,0.34380000000000005,21.22,77.67917586460634,32.756869070875254,90.94922737306842,4.6419220699214545,50.0,54.636859037578034,0.847682119205298,0.24503311258278146,0.9536423841059603,0.006622516556291391,B+,D+,A,F,zoetisinc
COLM,Columbia Sportswear Co,Consumer Discretionary,"Apparel, Accessories & Luxury Goods",58.04,14.3119,0.8655,7.7102,1.8155485277603125,-1.8,-0.15,12.58,0.0754,12.58,0.48957850856878177,13.1853,-1.8,-0.15,13.1853,0.48957850856878177,12.58,0.0754,12.58,69.79180509413068,30.208538587848935,41.69348659003831,78.53333333333333,50.0,54.619697305278706,0.7657142857142857,0.19428571428571428,0.38857142857142857,0.7714285714285715,B,D,C-,B,columbiasportswearco
NXT,Nextpower Inc,Industrials,Electrical Components & Equipment,81.01,20.6502,3.3791,15.6197,5.184308204274927,6.1,16.97,26.32,0.1934,26.32,0.12554573527845816,9.985,6.1,16.97,9.985,0.12554573527845816,26.32,0.1934,26.32,49.39212632844303,55.402469868256176,81.48075294374779,28.951303757303265,50.0,54.588974543159594,0.5100401606425703,0.5742971887550201,0.8835341365461847,0.23694779116465864,C+,C+,B+,D+,nextpowerinc
SYY,Sysco Corp,Consumer Staples,Food Distributors,77.8,21.9793,0.4565,12.365,13.964926136669597,-2.12,3.91,75.42,0.0366,11.01,0.40617075232459854,-3.2791,-2.12,3.91,-3.2791,0.40617075232459854,75.42,0.0366,11.01,65.23809523809524,47.56043956043956,56.666666666666664,48.0,50.0,54.58827838827839,0.7,0.37142857142857144,0.6142857142857143,0.45714285714285713,B-,C-,B-,C,syscocorp
WDFC,WD-40 Co,Consumer Staples,Household Products,201.89,28.7094,3.7968,21.7813,10.18483952660095,3.51,10.15,33.050000000000004,0.1748,24.45,0.21462285154510632,-0.1103,3.51,10.15,-0.1103,0.21462285154510632,33.050000000000004,0.1748,24.45,22.38095238095238,70.09925558312655,86.1904761904762,42.11981566820277,50.0,54.58667139312301,0.15714285714285714,0.8142857142857143,0.9142857142857143,0.4,D,B+,A-,C-,wd40co
KSS,Kohls Corp,Consumer Discretionary,Broadline Retail,18.17,7.5164,0.1315,3.8173,0.502726676608684,26.68,-2.87,6.68,0.0384,3.42,0.4906069364161851,11.5265,26.68,-2.87,11.5265,0.4906069364161851,6.68,0.0384,3.42,96.93576965669989,40.81043956043956,15.973180076628353,65.64835164835165,50.0,54.51899567509031,1.0,0.3314285714285714,0.11428571428571428,0.6514285714285715,A+,C-,D,B-,kohlscorp
ORI,Old Republic International Corp,Financials,Property & Casualty Insurance,37.99,8.0039,0.9591,8.4252,1.5825210364075648,29.23,10.83,18.72,0.1371,14.510000000000002,0.1325420375865483,-8.4203,29.23,10.83,-8.4203,0.1325420375865483,18.72,0.1371,14.510000000000002,71.42857142857143,46.49884467742733,70.16806722689076,24.09510145521623,50.0,54.51794889039425,0.8046218487394958,0.42436974789915966,0.7016806722689075,0.23109243697478993,B+,C,B,D+,oldrepublicinternationalcorp
DUK,Duke Energy Corp,Utilities,Electric Utilities,113.58,16.8438,2.658,11.2934,1.704509642079988,7.71,6.33,9.879999999999999,0.2775,3.6700000000000004,0.048247610377787964,-7.3332,7.71,6.33,-7.3332,0.048247610377787964,9.879999999999999,0.2775,3.6700000000000004,68.96551724137932,50.24345978487008,60.3448275862069,35.64339781328847,50.0,54.50495772652827,0.7586206896551724,0.5172413793103449,0.6293103448275862,0.39655172413793105,B,C+,B-,C-,dukeenergycorp
MSI,Motorola Solutions Inc,Information Technology,Communications Equipment,455.64,35.4315,6.1794,24.7809,31.327521245290285,2.13,10.29,85.76,0.2488,18.38,0.7106059487785074,0.2523,2.13,10.29,0.2523,0.7106059487785074,85.76,0.2488,18.38,50.23648083040349,35.11710512287782,82.22222222222223,46.77470074421324,50.0,54.49303693657465,0.5303867403314917,0.27624309392265195,0.850828729281768,0.40331491712707185,C+,D+,B+,C,motorolasolutionsinc
INSP,Inspire Medical Systems Inc,Health Care,Health Care Equipment,70.23,15.0929,2.2678,26.7832,2.5693933773089968,165.52,4.35,17.62,0.0602,17.62,0.2896781354051055,-8.8205,165.52,4.35,-8.8205,0.2896781354051055,17.62,0.0602,17.62,62.77704194260486,62.2400173426621,61.58940397350994,29.740397350993373,50.0,54.4876944177598,0.6688741721854304,0.6688741721854304,0.6192052980132451,0.23178807947019867,B-,B-,B-,D+,inspiremedicalsystemsinc
