Ticker,Name,Sector,SubIndustry,Price,PE_Rank,PS_Rank,EV_EBITDA_Used,PB_Ratio,EPS_Growth,Rev_Growth,ROE,Op_Margin,ROIC,Mom_Range,Mom_12M,EPS_Growth_Win,Rev_Growth_Win,Mom_12M_Win,Mom_Range_Win,ROE_Win,Op_Margin_Win,ROIC_Win,Value_S,Growth_S,Prof_S,Mom_S,Rev_S,Fundamental_Score,Value_Pct,Growth_Pct,Prof_Pct,Mom_Pct,Value_Grade,Growth_Grade,Prof_Grade,Mom_Grade,Name_Key
INSW,International Seaways Inc,Energy,Oil & Gas Storage & Transportation,105.64,6.7159,4.1626,5.9003,2.5833335371176904,225.76,57.36,37.04,0.6415000000000001,28.28,0.8941873589164786,122.8692,225.76,57.36,103.39053999999997,0.8596826954722937,36.65899999999999,0.51006,21.97099999999999,58.208955223880594,88.62354892205639,97.76119402985076,98.50746268656717,50.0,81.41873963515755,0.664179104477612,0.9701492537313433,1.0,1.0,B-,A+,A+,A+,internationalseawaysinc
KMT,Kennametal Inc,Industrials,Industrial Machinery & Supplies & Components,31.03,6.9231,1.0058,6.2068,1.5063911179723188,268.24,19.82,24.79,0.2005,17.01,0.4552429667519181,48.8964,191.6919999999998,19.82,48.8964,0.4552429667519181,24.79,0.2005,17.01,90.48657213889571,94.72492068953835,77.2390241237057,75.05974156298959,50.0,80.88833151615594,0.963855421686747,0.9959839357429718,0.8353413654618473,0.7590361445783133,A,A+,B+,B,kennametalinc
KALU,Kaiser Aluminum Corp,Materials,Aluminum,152.55,10.987,0.603,7.5056,3.6758150406014316,246.13,32.83,26.290000000000003,0.0823,11.86,0.6258304029642768,106.1208,246.13,32.83,79.35161499999998,0.6258304029642768,26.290000000000003,0.0823,11.86,88.9705882352941,89.51406649616368,69.11764705882352,89.13043478260869,50.0,80.25095907928387,0.9852941176470589,0.9411764705882353,0.7058823529411765,0.9117647058823529,A+,A,B,A-,kaiseraluminumcorp
MU,Micron Technology Inc,Information Technology,Semiconductors,1082.28,24.2192,13.5401,17.626,22.418871723486497,700.71,166.98,70.55,0.6563,61.480000000000004,0.8430317626209843,590.0976,700.71,54.72500000000002,262.11377,0.8430317626209843,70.55,0.4317149999999999,61.480000000000004,53.90821195379207,96.11014226971236,94.07407407407408,91.68956437169146,50.0,79.5555128352473,0.5966850828729282,1.0,0.9779005524861878,0.9558011049723757,C+,A+,A+,A,microntechnologyinc
LPG,Dorian LPG Ltd,Energy,Oil & Gas Storage & Transportation,53.43,7.1019,3.9063,6.0999,2.006926393917995,557.35,81.06,28.439999999999998,0.5763,19.400000000000002,0.819386909693455,69.7807,557.35,65.13999999999997,69.7807,0.819386909693455,28.439999999999998,0.51006,19.400000000000002,57.21393034825871,96.75373134328359,93.28358208955224,86.71641791044776,50.0,79.31840796019901,0.6417910447761194,1.0,0.9701492537313433,0.9104477611940298,B-,A+,A+,A-,dorianlpgltd
CF,CF Industries Holdings Inc,Materials,Fertilizers & Agricultural Chemicals,114.67,8.2677,2.2424,4.8511,3.6394855778996544,76.26,20.04,40.410000000000004,0.4103,25.14,0.5898707544334234,27.823,76.26,20.04,27.823,0.5898707544334234,37.95649999999999,0.4103,21.267,74.01960784313725,83.86437908496733,96.07843137254902,71.61764705882354,50.0,78.62091503267975,0.8382352941176471,0.9117647058823529,1.0,0.75,B+,A-,A+,B,cfindustriesholdingsinc
CENX,Century Aluminum Co,Materials,Aluminum,38.39,6.2972,1.4248,4.7646,4.716274155702158,383.76,9.67,58.86,0.2783,37.84,0.28847435043304465,47.8814,383.76,9.67,47.8814,0.28847435043304465,37.95649999999999,0.2783,21.267,81.86274509803921,78.85763000852515,94.6078431372549,65.21739130434783,50.0,77.93265132139813,0.9264705882352942,0.8823529411764706,0.9852941176470589,0.6617647058823529,A-,B+,A+,B-,centuryaluminumco
PARR,Par Pacific Holdings Inc,Energy,Oil & Gas Refining & Marketing,77.46,4.5287,0.4503,3.4491,2.5461502051120224,5.6,13.19,53.510000000000005,0.1328,34.58,0.8117776554760593,104.704,5.6,13.19,103.39053999999997,0.8117776554760593,36.65899999999999,0.1328,21.97099999999999,96.51741293532338,53.384101205339846,81.59203980099504,84.19969119917654,50.0,77.04412166498288,1.0,0.5970149253731343,0.8955223880597015,0.8805970149253731,A+,C+,B+,B+,parpacificholdingsinc
INDV,"Indivior Pharmaceuticals, Inc",Health Care,Pharmaceuticals,35.82,11.9096,3.1741,10.9051,95.85228793149587,237.5,13.55,159.06,0.30260000000000004,29.4,0.654797767791002,57.0364,237.5,13.55,57.0364,0.654797767791002,108.47599999999993,0.30260000000000004,29.4,75.74794929157345,77.30464472073697,92.77777777777779,66.79069767441861,50.0,75.95050024636892,0.8266666666666667,0.88,0.9733333333333334,0.6666666666666666,B+,B+,A+,B-,indiviorpharmaceuticalsinc
NEM,Newmont Corporation,Materials,Gold,121.43,14.8831,4.9656,7.9435,3.904602047641097,42.23,25.18,25.05,0.5097,21.54,0.7660364618501015,45.1297,42.23,25.18,45.1297,0.7660364618501015,25.05,0.44605999999999996,21.267,60.78431372549019,71.95225916453538,94.11764705882354,88.74680306905371,50.0,75.86530264279625,0.7205882352941176,0.8088235294117647,0.9705882352941176,0.8970588235294118,B,B+,A+,B+,newmontcorporation
AES,AES Corp,Utilities,Independent Power Producers & Energy Traders,14.87,5.6671,0.8127,11.3055,2.606576917683354,84.8,8.49,43.309999999999995,0.1522,5.3,0.4059829059829059,11.1527,84.8,8.49,11.1527,0.4059829059829059,23.067999999999998,0.1522,5.3,88.50574712643679,75.22100193922176,63.79310344827585,87.70614692653675,50.0,75.66014241682986,0.9482758620689655,0.8448275862068966,0.6724137931034483,0.8793103448275862,A,B+,B-,B+,aescorp
EIX,Edison International,Utilities,Electric Utilities,52.65,5.1396,1.0431,6.4438,1.1524570427930392,37.4,10.76,22.66,0.32689999999999997,6.79,0.021944632005401705,-2.5902,37.4,10.76,-2.5902,0.03160267483013431,22.66,0.32689999999999997,6.79,97.12643678160919,85.42561196936833,90.80459770114942,30.866274179983176,50.0,75.24113585055994,1.0,0.9482758620689655,0.9827586206896551,0.3103448275862069,A+,A,A+,C-,edisoninternational
LNC,Lincoln National Corp,Financials,Multi-line Insurance,41.69,3.3834,0.3886,1.4819,0.726502801279091,92.19,12.9,21.990000000000002,0.15380000000000002,13.84,0.6141427187600903,3.7323,92.19,12.9,3.7323,0.6141427187600903,21.990000000000002,0.15380000000000002,13.84,98.31932773109244,71.82328083615639,77.73109243697479,58.51851851851852,50.0,75.0809649129518,0.9957983193277311,0.8613445378151261,0.7773109243697479,0.6008403361344538,A+,B+,B,B-,lincolnnationalcorp
MPC,Marathon Petroleum Corp,Energy,Oil & Gas Refining & Marketing,393.52,12.9191,0.7083,7.7688,6.704889123638005,330.24,15.76,48.71,0.0906,16.97,0.8604495634404606,100.3258,330.24,15.76,100.3258,0.8596826954722937,36.65899999999999,0.0906,16.97,71.14427860696516,83.14684559323433,70.39800995024876,89.32578486875965,50.0,74.88009823170228,0.8432835820895522,0.8955223880597015,0.746268656716418,0.9402985074626866,B+,B+,B,A,marathonpetroleumcorp
TILE,Interface Inc,Industrials,Office Services & Supplies,35.2,9.3751,1.4459,7.3415,3.1806558295457625,127.84,4.06,33.54,0.1889,25.540000000000003,0.6708074534161492,24.1623,127.84,4.06,24.1623,0.6708074534161492,33.54,0.1889,25.540000000000003,85.24383247274814,65.8858387429816,83.11996284457557,72.10625862949443,50.0,74.68936830382613,0.9156626506024096,0.7630522088353414,0.9076305220883534,0.7429718875502008,A-,B,A-,B,interfaceinc
DELL,Dell Technologies Inc,Information Technology,"Technology Hardware, Storage & Peripherals",562.89,31.4548,2.3671,23.0237,146.87279843444227,145.25,49.03,130.7,0.0943,13.700000000000001,0.9327824599723876,329.8183,145.25,49.03,262.11377,0.9327824599723876,114.73149999999994,0.0943,13.700000000000001,66.12150510631173,87.78747024033956,68.24074074074075,92.67152278362501,50.0,74.68236006655604,0.7237569060773481,0.9447513812154696,0.7071823204419889,0.9723756906077348,B,A,B,A+,delltechnologiesinc
TDC,Teradata Corp,Information Technology,IT Consulting & Other Services,28.94,5.8765,1.5916,3.3738,11.638849788859844,319.76,0.96,114.57,0.359,54.64,0.40140047272947676,32.2669,319.76,0.96,32.2669,0.40140047272947676,114.57,0.359,54.64,94.46467436798929,59.64261289911563,93.33333333333333,53.86556204906282,50.0,74.65113691496634,0.9834254143646409,0.6187845303867403,0.9613259668508287,0.48066298342541436,A+,B-,A,C,teradatacorp
THC,Tenet Healthcare Corp,Health Care,Health Care Facilities,259.71,9.3314,0.9409,5.8934,5.351259465306753,66.15,7.43,50.629999999999995,0.204,12.709999999999999,0.8139794373156928,32.0201,66.15,7.43,32.0201,0.8139794373156928,50.629999999999995,0.204,12.709999999999999,92.6607009694258,65.66021375277273,77.55555555555556,68.75555555555556,50.0,74.437217992911,0.98,0.7333333333333333,0.81,0.68,A+,B,B+,B-,tenethealthcarecorp
GEO,Geo Group Inc,Industrials,Environmental & Facilities Services,31.22,14.0945,1.4534,12.6366,2.824725851398791,227.6,15.32,19.3,0.10880000000000001,9.42,0.9064922480620156,49.2352,191.6919999999998,15.32,49.2352,0.8612055039279215,19.3,0.10880000000000001,9.42,74.93648061634292,90.96483887124282,53.21585662377401,93.072077189829,50.0,73.8454675222436,0.8433734939759037,0.9879518072289156,0.5301204819277109,0.9598393574297188,B+,A+,C+,A,geogroupinc
SNDK,Sandisk Corp,Information Technology,"Technology Hardware, Storage & Peripherals",1777.8,22.7678,12.8558,20.3814,16.49458901771002,,175.3,93.13,0.6119,89.56,0.7449681646987533,1785.4598,,54.72500000000002,262.11377,0.7449681646987533,93.13,0.4317149999999999,61.4965,53.2929432446007,73.41760299625469,96.1111111111111,82.03432204697677,50.0,73.44139859757425,0.5911602209944752,0.8011049723756906,0.988950276243094,0.861878453038674,C+,B+,A+,B+,sandiskcorp
CROX,Crocs Inc,Consumer Discretionary,Footwear,126.14,10.1914,1.4915,7.7919,4.896244944221468,211.15,-2.03,43.41,0.2073,22.259999999999998,0.7775819009842809,64.5662,109.7939999999999,-2.03,54.84940999999998,0.7775819009842809,43.41,0.2073,22.259999999999998,68.45182724252491,58.55282738095239,80.68089764641489,96.95238095238093,50.0,73.38422288890162,0.7371428571428571,0.6,0.8914285714285715,0.9828571428571429,B,C+,B+,A+,crocsinc
PBF,PBF Energy Inc,Energy,Oil & Gas Refining & Marketing,73.69,6.4551,0.2541,3.6764,1.6199057821117908,,13.54,24.08,0.057699999999999994,17.07,0.8434813125109668,119.5769,,13.54,103.39053999999997,0.8434813125109668,24.08,0.057699999999999994,17.07,94.02985074626866,55.931549150797736,63.18407960199005,89.42871847658262,50.0,73.37553611254074,0.9850746268656716,0.6268656716417911,0.6417910447761194,0.9552238805970149,A+,B-,B-,A,pbfenergyinc
EXPE,Expedia Group Inc,Consumer Discretionary,"Hotels, Resorts & Cruise Lines",264.17,15.5724,2.0195,8.9365,25.202732355129847,96.84,12.0,184.84,0.15990000000000001,30.490000000000002,0.5031916251755395,22.7613,96.84,12.0,22.7613,0.5031916251755395,184.84,0.15990000000000001,30.490000000000002,53.942414174972306,89.24603174603175,86.35139573070607,76.73015873015873,50.0,73.26869057165769,0.5542857142857143,0.9428571428571428,0.96,0.7542857142857143,C+,A,A,B,expediagroupinc
NFG,National Fuel Gas Co,Utilities,Gas Utilities,78.99,11.1178,1.7359,6.5866,2.3069307219854966,169.02,98.09,18.72,0.23399999999999999,10.38,0.17450890817724957,-14.6608,90.91999999999999,22.392999999999994,-14.6608,0.17450890817724957,18.72,0.23399999999999999,7.448999999999998,89.08045977011494,97.93844003588042,83.9080459770115,27.086801426872768,50.0,73.25217472933225,0.9655172413793104,1.0,0.896551724137931,0.1896551724137931,A,A+,B+,D,nationalfuelgasco
EAT,Brinker International Inc,Consumer Discretionary,Restaurants,207.2,17.7694,1.4901,10.7185,19.706682391432537,44.75,36.41,123.85,0.1067,55.76,0.6910595384317021,55.7543,44.75,26.012999999999973,54.84940999999998,0.6910595384317021,123.85,0.1067,41.3595,49.27796234772979,86.51785714285714,79.9792008757526,92.55555555555554,50.0,73.12897334555313,0.49714285714285716,0.92,0.88,0.9485714285714286,C,A-,B+,A,brinkerinternationalinc
INVA,Innoviva Inc,Health Care,Pharmaceuticals,20.74,4.1943,3.4054,6.7197,1.3198337798537618,1744.6,18.84,30.03,0.36950000000000005,24.68,0.488991888760139,11.6855,364.82049999999936,18.84,11.6855,0.488991888760139,30.03,0.36950000000000005,24.68,79.54809843400447,87.98981081835555,89.77777777777779,40.961240310077514,50.0,73.12167927863219,0.8933333333333333,0.9666666666666667,0.9433333333333334,0.36666666666666664,B+,A,A,C-,innovivainc
GEF,Greif Inc,Materials,"Metal, Glass & Plastic Containers",82.66,4.4074,1.1035,8.2905,1.3470241131330776,420.19,-24.38,33.4,0.1023,24.47,0.7729426971133132,40.4111,420.19,-16.235,40.4111,0.7729426971133132,33.4,0.1023,21.267,81.86274509803923,50.34722222222222,80.63725490196079,86.76470588235296,50.0,73.04738562091504,0.9411764705882353,0.4852941176470588,0.875,0.8823529411764706,A,C,B+,B+,greifinc
MCY,Mercury General Corp,Financials,Property & Casualty Insurance,99.41,5.8772,0.8682,3.7349,2.2778620496863096,140.14,9.95,37.19,0.18780000000000002,29.409999999999997,0.6479236523084858,21.5578,140.14,9.95,21.5578,0.6479236523084858,37.19,0.18780000000000002,29.409999999999997,65.7563025210084,64.86906268650223,93.27731092436974,75.04406640705062,50.0,72.74102918005511,0.6848739495798319,0.7647058823529411,0.9327731092436975,0.7647058823529411,B-,B,A,B,mercurygeneralcorp
APA,APA Corp (US),Energy,Oil & Gas Exploration & Production,42.74,8.9291,1.7004,3.1907,2.4759013810362407,58.67,-12.44,26.27,0.4019,15.72,0.8179000387446728,75.5957,58.67,-12.037999999999998,75.5957,0.8179000387446728,26.27,0.4019,15.72,78.60696517412936,39.41504598221017,85.57213930348259,93.49917081260365,50.0,72.62761947836574,0.9104477611940298,0.2835820895522388,0.9402985074626866,0.9701492537313433,A-,D+,A,A+,apacorpus
JOE,St Joe Co,Real Estate,Real Estate Development,65.3,30.2123,6.7858,19.6281,4.903948692530678,50.48,28.41,16.1,0.3018,9.26,0.6967243283032755,34.5559,50.48,27.119999999999997,29.053299999999997,0.6740461293092871,15.912,0.25073999999999996,9.26,26.666666666666668,88.0952380952381,93.33333333333333,100.0,50.0,72.61904761904762,0.5,1.0,1.0,1.0,C,A+,A+,A+,stjoeco
WDC,Western Digital Corp,Information Technology,"Technology Hardware, Storage & Peripherals",456.81,16.6404,12.1386,36.4912,17.763303715513388,363.83,35.7,117.8,0.3025,85.72999999999999,0.5059975520195837,326.089,363.83,35.7,262.11377,0.5059975520195837,114.73149999999994,0.3025,61.4965,48.26929516156036,89.12742700579213,92.96296296296298,70.6678395423727,50.0,72.2671178407638,0.4861878453038674,0.9613259668508287,0.9558011049723757,0.7569060773480663,C,A,A,B,westerndigitalcorp
ECPG,Encore Capital Group Inc,Financials,Consumer Finance,98.41,6.9214,1.0978,8.528,2.185121368493041,13.54,29.55,29.830000000000002,0.3605,5.970000000000001,0.8989697062894048,125.9701,13.54,29.55,49.25565499999992,0.8823518207991852,29.830000000000002,0.3605,5.970000000000001,66.38655462184875,46.759777700082026,87.39495798319328,96.78125795772854,50.0,72.15358528282262,0.7100840336134454,0.4327731092436975,0.8739495798319328,0.9873949579831933,B,C,B+,A+,encorecapitalgroupinc
VLO,Valero Energy Corp,Energy,Oil & Gas Refining & Marketing,387.18,14.8978,0.7708,11.0246,4.878552789247477,895.99,12.62,29.94,0.0718,20.549999999999997,0.8792124585872696,121.9814,574.281999999999,12.62,103.39053999999997,0.8596826954722937,29.94,0.0718,20.549999999999997,62.18905472636816,75.32198522076717,70.14925373134328,95.00772002058673,50.0,72.15051816269865,0.7611940298507462,0.8507462686567164,0.7238805970149254,0.9850746268656716,B,B+,B,A+,valeroenergycorp
INCY,Incyte Corp,Health Care,Biotechnology,123.89,15.5746,4.3152,11.7186,4.758064206406814,80.31,26.93,29.599999999999998,0.3056,29.42,0.8309066200737721,51.7144,80.31,26.93,51.7144,0.8309066200737721,29.599999999999998,0.3056,29.42,67.51976137211035,82.87234042553192,88.22222222222223,58.09929078014185,50.0,72.1298221397179,0.7466666666666667,0.9266666666666666,0.9333333333333333,0.5733333333333334,B,A-,A,C+,incytecorp
LAUR,Laureate Education Inc,Consumer Discretionary,Education Services,37.4,16.0218,2.8151,9.7752,4.500222604594077,31.4,17.89,28.599999999999998,0.24420000000000003,24.91,0.7789691497366441,22.1424,31.4,17.89,22.1424,0.7789691497366441,28.599999999999998,0.24420000000000003,24.91,47.03543743078627,85.78201970443348,78.75314723590587,91.48768472906403,50.0,71.90108705337254,0.4685714285714286,0.9085714285714286,0.8514285714285714,0.92,C,A-,B+,A-,laureateeducationinc
MUSA,Murphy USA Inc,Consumer Discretionary,Automotive Retail,511.54,15.2338,0.4377,9.4314,15.231793995301292,35.96,10.27,94.56,0.043,21.7,0.5649948465314538,32.4547,35.96,10.27,32.4547,0.5649948465314538,94.56,0.043,21.7,70.47729789590254,81.34453781512605,60.0,87.96638655462183,50.0,71.48150934792521,0.7714285714285715,0.8914285714285715,0.5828571428571429,0.8742857142857143,B,B+,C+,B+,murphyusainc
UTL,Unitil Corp,Utilities,Electric Utilities,50.98,16.4259,1.5586,9.125,1.4985567058795863,8.52,20.8,9.11,0.1894,3.7199999999999998,0.4548611111111108,10.6337,8.52,20.8,10.6337,0.4548611111111108,9.11,0.1894,3.7199999999999998,86.78160919540228,82.80657488970533,37.931034482758626,91.9932716568545,50.0,71.13813022885219,0.9137931034482759,0.9310344827586207,0.3448275862068966,0.9310344827586207,A-,A,C-,A,unitilcorp
AMN,AMN Healthcare Services Inc,Health Care,Health Care Services,34.56,12.7577,0.3897,5.1046,2.0690026760538083,,23.99,15.310000000000002,0.0582,7.19,0.8804494382022473,92.9648,,23.99,92.9648,0.8804494382022473,15.310000000000002,0.0582,7.19,95.10812826249067,67.60162601626016,46.666666666666664,85.39837398373983,50.0,71.04369873228933,0.9933333333333333,0.7733333333333333,0.42,0.9133333333333333,A+,B,C,A-,amnhealthcareservicesinc
SOLV,Solventum Corp,Health Care,Health Care Technology,89.5,10.6167,1.8333,8.0828,3.075347737643631,277.11,-0.93,28.98,0.2386,14.16,0.8533668974197609,27.0224,277.11,-0.93,27.0224,0.8533668974197609,28.98,0.2386,14.16,86.65324384787472,53.663967611336034,78.88888888888887,69.33333333333333,50.0,70.98499337312478,0.9533333333333334,0.54,0.8333333333333334,0.6866666666666666,A,C+,B+,B-,solventumcorp
DLTR,Dollar Tree Inc,Consumer Staples,Consumer Staples Merchandise Retail,114.07,13.2732,1.0665,7.9929,6.03037656151703,-4.81,48.09,45.58,0.1106,25.290000000000003,0.5089270237476164,21.3123,-4.81,29.72999999999998,21.3123,0.5089270237476164,45.58,0.1106,25.290000000000003,75.84541062801932,66.43131425740121,79.71014492753623,68.89962426194309,50.0,70.95507659275775,0.855072463768116,0.7101449275362319,0.855072463768116,0.6521739130434783,B+,B,B+,B-,dollartreeinc
ARW,Arrow Electronics Inc,Information Technology,Technology Distributors,232.8,14.6015,0.3299,10.2016,1.8055609415597007,76.41,26.05,12.139999999999999,0.0337,8.64,0.9665581646535264,95.8936,76.41,26.05,95.8936,0.940728463188494,12.139999999999999,0.0337,8.64,92.36041352754062,83.99172654507848,35.74074074074074,85.18351536423083,50.0,70.8603369489322,0.9668508287292817,0.9171270718232044,0.3149171270718232,0.8839779005524862,A,A-,C-,B+,arrowelectronicsinc
ADEA,Adeia Inc,Information Technology,IT Consulting & Other Services,25.48,22.905,5.9675,12.1829,5.779481479801302,45.93,24.35,26.700000000000003,0.41619999999999996,14.13,0.6102067751869775,52.9412,45.93,24.35,52.9412,0.6102067751869775,26.700000000000003,0.41619999999999996,14.13,66.15184999162899,76.03655000793096,78.33333333333333,72.5449167758477,50.0,70.83758918799631,0.7292817679558011,0.8453038674033149,0.8259668508287292,0.7845303867403315,B,B+,B+,B,adeiainc
TMP,Tompkins Financial Corp,Financials,Regional Banks,99.57,8.1695,3.46671,,1.5221675102769618,120.03,16.23686,19.3,0.08044029999999999,17.06,0.9259304753715759,45.698,120.03,16.23686,45.698,0.8823518207991852,19.3,0.08044029999999999,17.06,71.63865546218487,51.2540109653531,72.26890756302521,97.53239613602449,50.0,70.73417217657804,0.8004201680672269,0.5252100840336135,0.7226890756302521,1.0,B+,C+,B,A+,tompkinsfinancialcorp
NLY,Annaly Capital Management Inc,Financials,Mortgage REITs,20.61,5.2635,1.8439,45.7833,0.9055320495076911,231.09,50.87,18.39,0.35240000000000005,2.22,0.13495575221238926,-1.0086,185.31,50.87,-1.0086,0.13495575221238926,18.39,0.35240000000000005,2.22,94.9579831932773,88.51509254569527,69.74789915966386,33.64998173182317,50.0,70.60948544373898,0.9831932773109243,0.9873949579831933,0.6974789915966386,0.3445378151260504,A+,A+,B-,C-,annalycapitalmanagementinc
TPR,Tapestry Inc,Consumer Discretionary,"Apparel, Accessories & Luxury Goods",113.88,14.8633,2.8369,11.6187,32.974287699791525,1030.94,14.17,262.81,0.23920000000000002,50.449999999999996,0.2908077994428968,5.6401,109.7939999999999,14.17,5.6401,0.2908077994428968,195.4694999999998,0.23920000000000002,41.3595,43.52380952380952,91.53140394088669,95.03886152162015,62.152380952380966,50.0,70.37742474001095,0.44,0.9542857142857143,1.0,0.6114285714285714,C,A,A+,B-,tapestryinc
ANF,Abercrombie & Fitch Co,Consumer Discretionary,Apparel Retail,135.71,10.7444,1.0782,5.7199,4.350488231786679,10.51,4.73,39.589999999999996,0.1371,39.589999999999996,0.7826668151943857,54.4616,10.51,4.73,54.4616,0.7800784493739665,39.589999999999996,0.1371,39.589999999999996,75.76633444075304,42.4047619047619,76.6984126984127,92.66666666666667,50.0,70.13047249907714,0.8685714285714285,0.36,0.8228571428571428,0.9542857142857143,B+,C-,B+,A,abercrombiefitchco
HRB,H & R Block Inc,Consumer Discretionary,Specialized Consumer Services,42.19,7.0892,1.3181,5.5657,44.58888184316212,27.92,4.9,249.96999999999997,0.23010000000000003,18.25,0.45984922976073406,-14.3872,27.92,4.9,-14.3872,0.45984922976073406,195.4694999999998,0.23010000000000003,18.25,78.25249169435216,64.32967032967032,84.8888888888889,56.83516483516483,50.0,70.0183121787773,0.8971428571428571,0.7142857142857143,0.9371428571428572,0.5542857142857143,B+,B,A,C+,hrblockinc
VSXY,Victoria's Secret & Co,Consumer Discretionary,Apparel Retail,82.91,17.4492,0.9543,,,167.02,10.32,45.97,0.0786,19.950000000000003,0.7473180819439059,223.9937,109.7939999999999,10.32,54.84940999999998,0.7473180819439059,45.97,0.0786,19.950000000000003,52.857142857142854,85.17559523809524,63.91133004926109,92.98095238095237,50.0,69.82342775041052,0.5371428571428571,0.9028571428571428,0.6571428571428571,0.9657142857142857,C+,A-,B-,A,victoriassecretco
AMG,Affiliated Managers Group Inc,Financials,Asset Management & Custody Banks,373.69,11.2853,4.2567,19.598,3.1156229703511817,121.28,11.81,26.950000000000003,0.2152,14.46,0.8818946578397359,57.2372,121.28,11.81,49.25565499999992,0.8818946578397359,26.950000000000003,0.2152,14.46,46.42857142857143,66.20771081224791,85.29411764705883,93.15406162464986,50.0,69.80302675628712,0.42857142857142855,0.7773109243697479,0.8529411764705882,0.9537815126050421,C,B,B+,A,affiliatedmanagersgroupinc
RAMP,Liveramp Holdings Inc,Information Technology,Application Software,37.5,14.6405,2.7398,17.4608,2.336084722005918,1035.52,8.85,16.16,0.1159,16.16,0.955840067798662,34.8436,703.5419999999999,8.85,34.8436,0.940728463188494,16.16,0.1159,16.16,78.40699815837938,65.60061028447751,58.703703703703695,86.17316378077514,50.0,69.63243027857129,0.8287292817679558,0.6906077348066298,0.6187845303867403,0.9060773480662984,B+,B-,B-,A-,liverampholdingsinc
NVDA,NVIDIA Corp,Information Technology,Semiconductors,225.07,28.1222,17.9034,27.0209,34.776495310496145,125.15,83.38,110.11,0.6517000000000001,101.59,0.841289608412896,26.6644,125.15,54.72500000000002,26.6644,0.841289608412896,110.11,0.4317149999999999,61.4965,43.022769127741505,90.53328065258228,96.29629629629629,58.11936824484415,50.0,69.56029613549472,0.40331491712707185,0.9779005524861878,0.994475138121547,0.5524861878453039,C,A+,A+,C+,nvidiacorp
CCK,Crown Holdings Inc,Materials,Paper & Plastic Packaging Products & Materials,108.06,14.9906,0.8866,8.2692,4.086803927204515,45.86,10.35,26.58,0.12140000000000001,8.6,0.5593471810089022,13.8432,45.86,10.35,13.8432,0.5593471810089022,26.58,0.12140000000000001,8.6,79.41176470588236,71.05228758169935,70.09803921568628,64.75294117647059,50.0,69.53849673202615,0.8823529411764706,0.7941176470588235,0.7352941176470589,0.6470588235294118,B+,B,B,B-,crownholdingsinc
IESC,IES Holdings Inc,Industrials,Construction & Engineering,324.13,28.318,3.2406,25.0986,25.629205576070024,128.31,57.05,43.99,0.12369999999999999,43.55,0.6468365590494983,70.5947,128.31,36.967999999999954,70.5947,0.6468365590494983,43.99,0.12369999999999999,29.789999999999996,31.15154495533153,92.90170174098746,80.79556320520176,89.20740103270224,50.0,69.40859759487127,0.23293172690763053,0.9919678714859438,0.8634538152610441,0.9196787148594378,D+,A+,B+,A-,iesholdingsinc
HCSG,Healthcare Services Group Inc,Industrials,Environmental & Facilities Services,21.05,11.7501,0.7748,9.2393,2.87136816259719,1113.07,5.22,24.12,0.06849999999999999,24.12,0.5574597913292403,28.6675,191.6919999999998,5.22,28.6675,0.5574597913292403,24.12,0.06849999999999999,24.12,87.88186760648034,66.54541592965239,61.494959429554946,67.75945442572542,50.0,69.20518083008437,0.9437751004016064,0.7751004016064257,0.6385542168674698,0.7028112449799196,A,B,B-,B,healthcareservicesgroupinc
CHRD,Chord Energy Corp,Energy,Oil & Gas Exploration & Production,136.27,8.7864,1.1794,3.0429,0.9573065312794835,248.85,19.23,10.42,0.18969999999999998,8.82,0.7144622991347344,31.6873,248.85,19.23,31.6873,0.7144622991347344,10.42,0.18969999999999998,8.82,85.57213930348259,81.92220714608773,50.74626865671642,68.66998341625208,50.0,69.19804010251771,0.9701492537313433,0.8805970149253731,0.44776119402985076,0.6567164179104478,A+,B+,C,B-,chordenergycorp
BMY,Bristol-Myers Squibb Co,Health Care,Pharmaceuticals,62.86,13.8323,2.6106,10.7967,6.849807669256503,99.29,3.11,46.760000000000005,0.2551,14.219999999999999,0.7787136294027565,44.8053,99.29,3.11,44.8053,0.7787136294027565,46.760000000000005,0.2551,14.219999999999999,77.30648769574944,54.760892439176274,82.44444444444444,65.92248062015504,50.0,69.07440764691474,0.84,0.5666666666666667,0.8733333333333333,0.66,B+,C+,B+,B-,bristolmyerssquibbco
TGTX,TG Therapeutics Inc,Health Care,Biotechnology,57.43,19.9116,10.9948,71.1211,40.24809026561076,633.73,76.08,72.3,0.1591,39.92,0.9425322679778736,65.791,364.82049999999936,50.52599999999997,65.791,0.9425322679778736,72.3,0.1591,29.70049999999999,32.46681580909769,97.20472092886192,84.33333333333333,77.0212765957447,50.0,69.04523679052909,0.28,1.0,0.8866666666666667,0.8066666666666666,D+,A+,B+,B+,tgtherapeuticsinc
UFCS,United Fire Group Inc,Financials,Property & Casualty Insurance,53.33,9.7252,0.9307,6.8586,1.4461706172190028,52.92,11.36,14.96,0.12869999999999998,12.950000000000001,0.8737037037037035,74.6806,52.92,11.36,49.25565499999992,0.8737037037037035,14.96,0.12869999999999998,12.950000000000001,69.32773109243698,61.952026130818126,59.2436974789916,97.20024595203935,50.0,68.97331155942864,0.7521008403361344,0.7058823529411765,0.592436974789916,0.9957983193277311,B,B,C+,A+,unitedfiregroupinc
ALL,Allstate Corp,Financials,Property & Casualty Insurance,227.6,4.3252,0.8205,3.7344,1.9332239312057677,132.8,5.92,43.120000000000005,0.2422,34.57,0.4433475431904866,8.4739,132.8,5.92,8.4739,0.4433475431904866,43.120000000000005,0.2422,29.45649999999999,71.21848739495798,57.059091158327,94.53781512605042,54.94568559130969,50.0,68.84003098017944,0.7899159663865546,0.6176470588235294,0.9453781512605042,0.5756302521008403,B,B-,A,C+,allstatecorp
UGI,UGI Corp,Utilities,Gas Utilities,36.51,13.052,3.4408,8.8532,1.6392117775413169,6.47,0.22,12.21,0.48200000000000004,5.0,0.503086419753086,11.8566,6.47,0.22,11.8566,0.503086419753086,12.21,0.39203,5.0,70.6896551724138,31.50489183720299,84.48275862068965,93.34126040428062,50.0,68.76233389657258,0.7931034482758621,0.13793103448275862,0.9137931034482759,0.9482758620689655,B,D,A-,A,ugicorp
BFH,Bread Financial Holdings Inc,Financials,Consumer Finance,102.91,6.9486,0.8734,24.0628,1.3640906548324412,118.58,-1.05,17.07,0.1509,2.68,0.8085667215815485,71.3453,118.58,-1.05,49.25565499999992,0.8085667215815485,17.07,0.1509,2.68,77.94117647058823,45.64323914694574,66.17647058823529,92.56429844665138,50.0,68.6709192834253,0.9033613445378151,0.41596638655462187,0.6617647058823529,0.9411764705882353,A-,C,B-,A,breadfinancialholdingsinc
SON,Sonoco Products Co,Materials,Paper & Plastic Packaging Products & Materials,50.06,7.886,0.6634,5.9207,1.366292478295164,12.74,12.05,17.849999999999998,0.1387,7.68,0.5181653042688465,13.489,12.74,12.05,13.489,0.5181653042688465,17.849999999999998,0.1387,7.68,90.19607843137256,65.26960784313725,65.68627450980392,58.16470588235293,50.0,68.65745098039216,1.0,0.7205882352941176,0.6691176470588235,0.6029411764705882,A+,B,B-,B-,sonocoproductsco
FIVE,Five Below Inc,Consumer Discretionary,Specialty Stores,222.6,19.7923,2.3062,11.8844,5.605259778358056,125.33,25.56,27.73,0.1475,27.73,0.672693390428611,46.7176,109.7939999999999,25.56,46.7176,0.672693390428611,27.73,0.1475,27.73,36.64673311184939,95.22390109890111,72.28352490421456,86.87912087912088,50.0,68.65316889962038,0.3485714285714286,0.9942857142857143,0.7657142857142857,0.8571428571428571,C-,A+,B,B+,fivebelowinc
EXEL,Exelixis Inc,Health Care,Biotechnology,58.16,16.7448,5.916,14.1322,7.063309894220376,52.69,9.23,42.49,0.39880000000000004,42.49,0.9399075500770415,50.3231,52.69,9.23,50.3231,0.9399075500770415,42.49,0.3901149999999997,29.70049999999999,60.82923191648024,58.14070450482309,94.44444444444446,65.67375886524823,50.0,68.58131176424544,0.6466666666666666,0.62,0.9866666666666667,0.6533333333333333,B-,B-,A+,B-,exelixisinc
TER,Teradyne Inc,Information Technology,Semiconductor Materials & Equipment,398.38,54.1488,13.9522,45.4232,22.241700816239934,152.84,57.87,38.04,0.3023,36.82,0.750834910386285,199.8269,152.84,54.72500000000002,199.8269,0.750834910386285,38.04,0.3023,36.82,26.417838607065132,93.0887234298702,84.81481481481482,85.52881103484518,50.0,68.53167024841306,0.20994475138121546,0.988950276243094,0.8839779005524862,0.9005524861878453,D+,A+,B+,A-,teradyneinc
CRI,Carter's Inc,Consumer Discretionary,"Apparel, Accessories & Luxury Goods",31.31,5.8913,0.3857,3.2934,1.2329053013746638,42.62,5.17,20.84,0.09119999999999999,13.120000000000001,0.2406015037593985,10.9497,42.62,5.17,10.9497,0.2406015037593985,20.84,0.09119999999999999,13.120000000000001,94.84717607973421,69.74014778325123,52.59551176792556,62.780952380952385,50.0,68.36489199475568,0.9942857142857143,0.76,0.4857142857142857,0.6171428571428571,A+,B,C,B-,cartersinc
HRMY,Harmony Biosciences Holdings Inc,Health Care,Biotechnology,41.26,13.2555,2.5032,7.8863,2.7369999137639387,-0.38,24.25,20.06,0.2403,17.02,0.8759042849193097,52.5888,-0.38,24.25,52.5888,0.8759042849193097,20.06,0.2403,17.02,81.09917971662937,53.77114398538339,77.88888888888889,64.31205673758866,50.0,68.36365729597398,0.9066666666666666,0.5466666666666666,0.82,0.6266666666666667,A-,C+,B+,B-,harmonybiosciencesholdingsinc
PAYC,Paycom Software Inc,Industrials,Human Resource & Employment Services,220.46,20.0187,4.5607,13.1687,6.977310921710179,27.14,9.23,40.44,0.3237,30.490000000000002,0.8249571673329527,2.6111,27.14,9.23,2.6111,0.8249571673329527,40.44,0.28918,29.789999999999996,51.22203098106712,68.76622467755472,94.57093680845833,65.7609184097403,50.0,68.35367056484037,0.5461847389558233,0.8032128514056225,0.9959839357429718,0.6746987951807228,C+,B+,A+,B-,paycomsoftwareinc
HCI,Hci Group Inc,Financials,Property & Casualty Insurance,174.94,7.0113,2.2852,2.8926,2.1831696018529607,113.17,22.58,30.79,0.48840000000000006,28.84,0.45916349809885926,-3.0427,113.17,22.58,-3.0427,0.45916349809885926,30.79,0.48840000000000006,28.84,65.96638655462185,78.70220954592355,89.07563025210085,43.672883787661405,50.0,68.23552286839767,0.6974789915966386,0.9159663865546218,0.8907563025210085,0.46638655462184875,B-,A-,B+,C,hcigroupinc
ZD,Ziff Davis Inc,Communication Services,Advertising,56.51,3.043,1.4781,5.9749,1.2367158639284275,1040.24,-8.46,34.27,-0.22,23.45,0.8956063749503682,54.9493,431.6479999999967,-8.46,54.9493,0.8956063749503682,34.27,-0.11420999999999999,23.45,82.05980066445183,55.488524238524235,55.813953488372086,88.20736434108528,50.0,68.20761625412788,0.9302325581395349,0.6511627906976745,0.46511627906976744,0.9302325581395349,A,B-,C,A,ziffdavisinc
PFBC,Preferred Bank,Financials,Regional Banks,109.48,9.5809,2.84979,,1.6887165414937153,16.38,79.98955,17.32,0.7110449,14.549999999999999,0.9096228868660597,19.5849,16.38,79.98955,19.5849,0.8823518207991852,17.32,0.5811805599999998,14.549999999999999,65.96638655462185,66.75363679613857,67.22689075630252,82.74562161313122,50.0,68.19817100958505,0.6974789915966386,0.7815126050420168,0.6722689075630253,0.8487394957983193,B-,B,B-,B+,preferredbank
GFF,Griffon Corp,Industrials,Building Products,98.39,24.9007,2.0124,12.566,61.644007267715054,192.58,-12.03,176.12,0.1959,12.25,0.7662993572084482,31.4847,191.6919999999998,-5.83,31.4847,0.7662993572084482,69.54999999999994,0.1959,12.25,59.82023331420921,52.54469720685937,80.10928066005519,87.92447340381935,50.0,68.07621261570185,0.6345381526104418,0.5261044176706827,0.8514056224899599,0.9076305220883534,B-,C+,B+,A-,griffoncorp
TGT,Target Corp,Consumer Staples,Consumer Staples Merchandise Retail,157.45,16.2862,0.6641,9.3768,4.410747151713454,12.31,1.95,26.66,0.0559,13.55,0.8476692246019928,80.6863,12.31,1.95,68.04905999999998,0.8128675737208179,26.66,0.0559,13.55,72.94685990338165,50.67508980552459,58.69565217391304,98.38969404186795,50.0,67.72358478880219,0.8405797101449275,0.391304347826087,0.6231884057971014,1.0,B+,C-,B-,A+,targetcorp
BBY,Best Buy Co Inc,Consumer Discretionary,Computer & Electronics Retail,90.51,14.9233,0.4498,9.3699,6.385185185185185,65.82,1.45,42.82,0.0405,30.72,0.8546946657011828,21.9976,65.82,1.45,21.9976,0.7800784493739665,42.82,0.0405,30.72,71.05204872646733,59.70496894409938,60.0,89.96273291925465,50.0,67.69655255428765,0.7885714285714286,0.6342857142857142,0.5828571428571429,0.8857142857142857,B,B-,C+,B+,bestbuycoinc
LLY,Eli Lilly and Co,Health Care,Pharmaceuticals,1183.46,41.7075,13.9841,32.4646,42.13805798763054,94.62,49.58,92.58,0.42219999999999996,35.77,0.8119359283499827,65.6138,94.62,49.58,65.6138,0.8119359283499827,92.58,0.3901149999999997,29.70049999999999,25.176733780760628,86.00871824604351,96.22222222222223,75.56589147286823,50.0,67.66466094452807,0.18666666666666668,0.94,0.9933333333333333,0.7666666666666667,D,A,A+,B,elilillyandco
OII,Oceaneering International Inc,Energy,Oil & Gas Equipment & Services,46.26,13.1526,1.6031,11.0268,4.293311306833473,75.21,3.84,32.95,0.10369999999999999,22.58,0.7520943220601922,82.6293,75.21,3.84,82.6293,0.7520943220601922,32.95,0.10369999999999999,21.97099999999999,54.726368159203986,65.43981771813203,74.87562189054727,85.25373134328359,50.0,67.53920732472095,0.5671641791044776,0.746268656716418,0.8507462686567164,0.8955223880597015,C+,B,B+,B+,oceaneeringinternationalinc
URBN,Urban Outfitters Inc,Consumer Discretionary,Apparel Retail,75.35,11.3423,0.9969,6.7137,2.4007366294741,25.43,11.01,20.72,0.113,20.72,0.6106604866743913,5.7395,25.43,11.01,5.7395,0.6106604866743913,20.72,0.113,20.72,74.03211517165005,71.47619047619048,61.58511220580186,71.63809523809523,50.0,67.52716398722012,0.8285714285714286,0.7828571428571428,0.64,0.72,B+,B,B-,B,urbanoutfittersinc
AMRX,Amneal Pharmaceuticals Inc,Health Care,Pharmaceuticals,19.77,40.1214,2.0252,13.7524,458.70069605568443,7506.35,9.28,174.60999999999999,0.1456,2.09,0.8797603765511338,105.9375,364.82049999999936,9.28,105.9375,0.8797603765511338,108.47599999999993,0.1456,2.09,60.38777032065624,75.43167128347184,60.55555555555555,85.95348837209302,50.0,67.51286340016593,0.6333333333333333,0.86,0.5866666666666667,0.9333333333333333,B-,B+,C+,A,amnealpharmaceuticalsinc
VIRT,Virtu Financial Inc,Financials,Financial Exchanges & Data,53.4,14.9958,2.0241,11.7263,5.162962031925282,36.21,60.58,33.18,0.3127,5.91,0.5872093179503303,52.3103,36.21,60.58,49.25565499999992,0.5872093179503303,33.18,0.3127,5.91,26.470588235294116,83.36618512194009,91.17647058823529,81.9964349376114,50.0,67.48428871779265,0.22268907563025211,0.9537815126050421,0.9117647058823529,0.8403361344537815,D+,A,A-,B+,virtufinancialinc
GOOGL,Alphabet Inc,Communication Services,Interactive Media & Services,343.92,17.2238,9.4336,27.1295,10.011207009475019,115.31,20.05,50.839999999999996,0.3311,44.84,0.6255715691381606,39.9243,115.31,20.05,39.9243,0.6255715691381606,50.839999999999996,0.3311,44.84,29.263565891472865,82.36614077131318,91.08527131782945,79.58256959560087,50.0,67.4769513757084,0.29069767441860467,0.9186046511627907,0.9418604651162791,0.813953488372093,D+,A-,A,B+,alphabetinc
SWX,Southwest Gas Holdings Inc,Utilities,Gas Utilities,82.44,11.5002,3.4306,10.9029,1.5031589311599158,166.8,-15.28,12.889999999999999,0.2868,6.890000000000001,0.3215796897038082,5.7194,90.91999999999999,-15.28,5.7194,0.3215796897038082,12.889999999999999,0.2868,6.890000000000001,67.24137931034483,52.63522957214677,85.05747126436782,68.72770511296076,50.0,67.34729958069967,0.7413793103448276,0.5517241379310345,0.9310344827586207,0.6724137931034483,B,C+,A,B-,southwestgasholdingsinc
PM,Philip Morris International Inc,Consumer Staples,Tobacco,190.48,27.3023,6.9781,19.0497,1435.4182366239636,31.96,8.93,575.44,0.3775,44.05,0.7367859862909367,16.1463,31.96,8.93,16.1463,0.7367859862909367,138.81799999999984,0.3524199999999997,28.769999999999968,23.67149758454106,79.29329649556493,97.82608695652173,80.08821676118464,50.0,67.25069878661562,0.17391304347826086,0.8985507246376812,1.0,0.8260869565217391,D,B+,A+,B+,philipmorrisinternationalinc
NJR,New Jersey Resources Corp,Utilities,Gas Utilities,50.61,14.0246,3.6769,11.6728,2.1262293773395453,-11.74,10.73,14.42,0.3956,5.89,0.410919540229885,7.0431,-11.74,10.73,7.0431,0.410919540229885,14.42,0.39203,5.89,59.195402298850574,46.58614431441267,89.6551724137931,78.12128418549347,50.0,67.15412937814214,0.6551724137931034,0.41379310344827586,0.9655172413793104,0.7931034482758621,B-,C,A,B,newjerseyresourcescorp
FIX,Comfort Systems USA Inc,Industrials,Construction & Engineering,1658.91,40.7029,5.1999,29.5522,23.830633866044174,108.88,46.11,53.55,0.16469999999999999,51.739999999999995,0.6848267640604714,112.1694,108.88,36.967999999999954,75.1288999999999,0.6848267640604714,53.55,0.16469999999999999,29.789999999999996,15.451738928503127,89.64459848388421,85.6235827664399,94.57052700598312,50.0,67.11185552170922,0.07228915662650602,0.9718875502008032,0.9477911646586346,0.9799196787148594,D-,A+,A,A+,comfortsystemsusainc
JLL,Jones Lang LaSalle Inc,Real Estate,Real Estate Services,321.91,14.8237,0.5399,11.0927,2.0142223835163016,79.2,11.17,13.569999999999999,0.04650000000000001,10.24,0.46324901126781615,7.0429,79.2,11.314,7.0429,0.46324901126781615,13.569999999999999,0.04650000000000001,10.044,80.0,60.41666666666667,60.0,75.0,50.0,67.08333333333334,1.0,0.8,0.7,0.8,A+,B,B-,B,joneslanglasalleinc
GMED,Globus Medical Inc,Health Care,Health Care Equipment,74.52,18.6862,3.1814,12.3985,2.2006904474323803,50.93,19.74,11.59,0.20600000000000002,11.59,0.431111111111111,35.245,50.93,19.74,35.245,0.431111111111111,11.59,0.20600000000000002,11.59,69.07084265473527,79.16489830848899,63.555555555555564,64.9795918367347,50.0,66.98549758161745,0.7666666666666667,0.8866666666666667,0.64,0.6333333333333333,B,B+,B-,B-,globusmedicalinc
CAH,Cardinal Health Inc,Health Care,Health Care Distributors,220.22,29.7515,0.2006,19.2931,35.78136678256914,12.43,14.23,37.169999999999995,0.98,7.340000000000001,0.6612880129429228,47.8383,12.43,14.23,47.8383,0.6612880129429228,37.169999999999995,0.3901149999999997,7.340000000000001,69.89112602535421,59.02046783625731,78.33333333333333,65.55555555555556,50.0,66.97131951803446,0.78,0.6333333333333333,0.8266666666666667,0.6466666666666666,B,B-,B+,B-,cardinalhealthinc
KEYS,Keysight Technologies Inc,Information Technology,Electronic Equipment & Instruments,362.15,48.9319,9.3671,41.5146,10.542449260005357,131.85,25.54,20.169999999999998,0.2025,14.360000000000001,0.940728463188494,110.1491,131.85,25.54,110.1491,0.940728463188494,20.169999999999998,0.2025,14.360000000000001,32.16871756236397,89.66151110031662,69.44444444444444,92.75853525676051,50.0,66.88729977311752,0.30386740331491713,0.9668508287292817,0.7237569060773481,0.9779005524861878,C-,A,B,A+,keysighttechnologiesinc
M,Macy's Inc,Consumer Discretionary,Broadline Retail,22.64,7.8841,0.2596,3.6482,1.225167892375711,55.51,0.34,15.83,0.04650000000000001,10.459999999999999,0.6122850122850123,32.5527,55.51,0.34,32.5527,0.6122850122850123,15.83,0.04650000000000001,10.459999999999999,94.843853820598,56.06456043956044,38.27367268746579,86.94505494505495,50.0,66.88130470393902,0.9885714285714285,0.5714285714285714,0.3485714285714286,0.8628571428571429,A+,C+,C-,B+,macysinc
GEV,GE Vernova Inc,Industrials,Heavy Electrical Equipment,957.63,26.7684,6.1654,34.6731,23.09083412301705,744.44,12.98,83.39,0.15439999999999998,74.29,0.642058938388056,57.6294,191.6919999999998,12.98,57.6294,0.642058938388056,69.54999999999994,0.15439999999999998,29.789999999999996,21.59440483020518,87.38778707722807,86.11835095483976,87.21302245361214,50.0,66.84835085242928,0.1285140562248996,0.9477911646586346,0.9518072289156626,0.8955823293172691,D,A,A,B+,gevernovainc
TRV,Travelers Companies Inc,Financials,Property & Casualty Insurance,363.04,9.1197,1.5456,7.3317,2.4004739587190422,65.09,2.39,25.619999999999997,0.2202,19.950000000000003,0.7565131286919112,32.3901,65.09,2.39,32.3901,0.7565131286919112,25.619999999999997,0.2202,19.950000000000003,59.03361344537815,44.21525297689853,82.77310924369748,86.9645419143267,50.0,66.68763965051396,0.6008403361344538,0.38235294117647056,0.8277310924369747,0.9159663865546218,B-,C-,B+,A-,travelerscompaniesinc
GAP,Gap Inc,Consumer Discretionary,Apparel Retail,21.82,6.1465,0.5001,3.2125,2.135509948422835,43.81,1.05,33.129999999999995,0.1099,23.73,0.32977777777777784,-1.6231,43.81,1.05,-1.6231,0.32977777777777784,33.129999999999995,0.1099,23.73,91.2314507198228,51.85119047619048,66.75862068965517,58.85714285714286,50.0,66.63918451903616,0.9714285714285714,0.5085714285714286,0.72,0.5714285714285714,A+,C+,B,C+,gapinc
DAL,Delta Air Lines Inc,Industrials,Passenger Airlines,84.94,14.1378,0.818,8.1128,2.6725146934820088,-12.71,10.28,19.33,0.0806,11.379999999999999,0.7357933579335791,49.7004,-12.71,10.28,49.7004,0.7357933579335791,19.33,0.0806,11.379999999999999,87.64254296095947,44.520226663083804,51.043083900226755,90.14919845671423,50.0,66.60529173925616,0.9317269076305221,0.3614457831325301,0.4939759036144578,0.9317269076305221,A,C-,C,A,deltaairlinesinc
HCC,Warrior Met Coal Inc,Materials,Steel,89.51,21.5489,2.8119,10.67,2.1974379998919815,440.05,37.48,10.02,0.1364,8.95,0.5578203834510597,39.3803,440.05,37.48,39.3803,0.5578203834510597,10.02,0.1364,8.95,53.43137254901961,93.78608207208612,59.31372549019608,73.2657200811359,50.0,66.59663494044833,0.6176470588235294,1.0,0.5955882352941176,0.7647058823529411,B-,A+,C+,B,warriormetcoalinc
STLD,Steel Dynamics Inc,Materials,Steel,233.66,20.837,1.6306,17.7864,3.780955093269816,60.82,19.77,17.599999999999998,0.1001,12.15,0.6420354844999024,71.6952,60.82,19.77,71.6952,0.6420354844999024,17.599999999999998,0.1001,12.15,47.05882352941177,76.87756800332866,69.11764705882354,85.43610547667342,50.0,66.50685234305925,0.5,0.8676470588235294,0.7205882352941176,0.8529411764705882,C,B+,B,B+,steeldynamicsinc
MD,Pediatrix Medical Group Inc,Health Care,Health Care Services,26.31,12.2294,1.0959,9.3794,2.5213224724484906,60.64,0.51,19.89,0.12119999999999999,11.87,0.8668300653594769,61.0159,60.64,0.51,61.0159,0.8668300653594769,19.89,0.12119999999999999,11.87,87.75689783743475,42.064918393544836,62.44444444444445,77.59349593495935,50.0,66.48201843617063,0.96,0.38666666666666666,0.6266666666666667,0.8266666666666667,A,C-,B-,B+,pediatrixmedicalgroupinc
DAVE,Dave Inc,Financials,Consumer Finance,324.88,18.6134,6.4383,18.2839,12.480839636884706,308.0,48.63,84.35000000000001,0.3452,51.129999999999995,0.5642072931642923,45.5099,185.31,48.63,45.5099,0.5642072931642923,44.400499999999866,0.3452,29.45649999999999,15.756302521008402,89.56982454836532,97.68907563025209,75.94601476954419,50.0,66.46451240139703,0.09663865546218488,0.9957983193277311,0.976890756302521,0.7773109243697479,D-,A+,A+,B,daveinc
VCTR,Victory Capital Holdings Inc,Financials,Asset Management & Custody Banks,108.75,14.5134,4.2916,10.445,2.877151580250702,68.34,51.5,19.29,0.41159999999999997,13.719999999999999,0.777510523150932,66.4371,68.34,51.5,49.25565499999992,0.777510523150932,19.29,0.41159999999999997,13.719999999999999,34.66386554621849,87.80299933733409,71.84873949579831,86.24463118580765,50.0,66.43767736513254,0.29411764705882354,0.9831932773109243,0.7184873949579832,0.8907563025210085,D+,A+,B,B+,victorycapitalholdingsinc
DXCM,Dexcom Inc,Health Care,Health Care Equipment,86.62,32.6968,6.5779,23.4301,12.138112721056025,79.4,15.54,36.19,0.22920000000000001,22.93,0.8448544698544699,26.8228,79.4,15.54,26.8228,0.8448544698544699,36.19,0.22920000000000001,22.93,39.43325876211782,80.15273375075319,84.66666666666667,71.23809523809523,50.0,66.30314715496581,0.4,0.9066666666666666,0.9,0.7066666666666667,C-,A-,B+,B,dexcominc
PTC,PTC Inc,Information Technology,Application Software,138.12,12.246,5.0735,13.7882,4.315036396013621,142.49,19.5,32.64,0.37810000000000005,24.46,0.30126118795768925,-31.8633,142.49,19.5,-31.8633,0.30126118795768925,32.64,0.37810000000000005,24.46,74.03419554662649,77.52498422362368,84.62962962962963,30.586365834336455,50.0,66.28822630565605,0.8011049723756906,0.8729281767955801,0.8784530386740331,0.24861878453038674,B+,B+,B+,D+,ptcinc
HAS,Hasbro Inc,Consumer Discretionary,Leisure Products,88.09,15.6461,2.4983,12.3181,22.964623686748872,,16.99,138.2,0.2339,19.84,0.4959978655282818,18.1465,,16.99,18.1465,0.4959978655282818,138.2,0.2339,19.84,41.00110741971207,71.73469387755102,84.88669950738915,77.3061224489796,50.0,66.28011499708143,0.4114285714285714,0.7885714285714286,0.9314285714285714,0.76,C,B,A,B,hasbroinc
PSX,Phillips 66,Energy,Oil & Gas Refining & Marketing,255.75,14.3874,0.6706,14.2773,3.526321595014202,318.7,14.44,24.45,0.0394,13.83,0.8578933368799042,83.887,318.7,14.44,83.887,0.8578933368799042,24.45,0.0394,13.83,60.19900497512438,77.4095677423864,59.701492537313435,78.92949047864127,50.0,66.24293602231499,0.7313432835820896,0.8656716417910447,0.5671641791044776,0.7761194029850746,B,B+,C+,B,phillips66
CON,Concentra Group Holdings Parent Inc,Health Care,Health Care Services,35.01,22.4645,1.9517,12.9357,11.450905998560868,-24.01,14.02,47.3,0.16390000000000002,9.92,0.906413432424993,70.1166,-24.01,14.02,70.1166,0.906413432424993,47.3,0.16390000000000002,9.92,72.84116331096197,38.88012714713613,72.44444444444444,84.84552845528455,50.0,66.06653305933574,0.8,0.32,0.7366666666666667,0.9066666666666666,B,C-,B,A-,concentragroupholdingsparentinc
BALL,Ball Corp,Materials,"Metal, Glass & Plastic Containers",56.83,15.885,1.0501,10.3234,2.7819931661755057,82.34,15.56,17.05,0.1025,7.359999999999999,0.5115089514066494,17.2478,82.34,15.56,17.2478,0.5115089514066494,17.05,0.1025,7.359999999999999,73.03921568627452,80.9640522875817,57.84313725490196,60.53921568627452,50.0,66.02124183006536,0.8235294117647058,0.8970588235294118,0.5735294117647058,0.6176470588235294,B+,B+,C+,B-,ballcorp
ALSN,Allison Transmission Holdings Inc,Industrials,Construction Machinery & Heavy Transportation Equipment,113.86,17.7738,2.1359,12.5886,5.051352010824959,-28.5,37.56,27.88,0.1956,9.950000000000001,0.6143483200779093,33.4349,-28.5,36.967999999999954,33.4349,0.6143483200779093,27.88,0.1956,9.950000000000001,64.90287681337595,56.73864140250695,70.17949348414065,78.56675200200561,50.0,65.83167125528166,0.7228915662650602,0.6104417670682731,0.7309236947791165,0.7951807228915663,B,B-,B,B,allisontransmissionholdingsinc
SMCI,Super Micro Computer Inc,Information Technology,"Technology Hardware, Storage & Peripherals",43.26,12.742,0.7275,10.4878,1.9325268480960633,94.1,77.79,25.080000000000002,0.0709,14.23,0.605089058524173,-6.4446,94.1,54.72500000000002,-6.4446,0.605089058524173,25.080000000000002,0.0709,14.23,91.97116189519504,84.91089158685871,57.962962962962955,31.390536744961267,50.0,65.7438168809035,0.9613259668508287,0.9337016574585635,0.5966850828729282,0.2596685082872928,A,A,C+,D+,supermicrocomputerinc
DG,Dollar General Corp,Consumer Staples,Consumer Staples Merchandise Retail,124.84,16.1687,0.6311,8.6594,3.2298708724325196,42.34,4.77,19.56,0.0559,12.690000000000001,0.47100760456273777,21.3807,42.34,4.77,21.3807,0.47100760456273777,19.56,0.0559,12.690000000000001,76.32850241545894,69.54250794830504,55.31400966183575,69.42565754159958,50.0,65.7042611173046,0.8695652173913043,0.7971014492753623,0.5652173913043478,0.6666666666666666,B+,B,C+,B-,dollargeneralcorp
RGA,Reinsurance Group of America Inc,Financials,Reinsurance,248.65,10.7603,0.6225,7.2207,1.2092371811861857,98.03,19.88,11.3,0.08839999999999999,7.870000000000001,0.8849424109027317,32.099,98.03,19.88,32.099,0.8823518207991852,11.3,0.08839999999999999,7.870000000000001,72.26890756302521,69.1294529374904,41.596638655462186,92.0550038197097,50.0,65.70327790606187,0.8277310924369747,0.8235294117647058,0.41596638655462187,0.9369747899159664,B+,B+,C,A,reinsurancegroupofamericainc
LQDA,Liquidia Corp,Health Care,Pharmaceuticals,68.43,44.1907,13.5839,35.5929,75.53813886742466,,2233.65,149.64,0.3739,50.019999999999996,0.6524979298923544,204.8107,,50.52599999999997,122.04227499999998,0.6524979298923544,108.47599999999993,0.3739,29.70049999999999,24.50559284116331,74.45736434108528,96.44444444444446,77.76744186046511,50.0,65.68247056171202,0.16,0.8466666666666667,1.0,0.8333333333333334,D,B+,A+,B+,liquidiacorp
BTSG,Brightspring Health Services Inc,Health Care,Health Care Services,56.59,30.5955,0.7791,21.127,5.798333965183356,440.76,19.91,18.96,0.031200000000000002,8.36,0.6385098767850786,110.7635,364.82049999999936,19.91,110.7635,0.6385098767850786,18.96,0.031200000000000002,8.36,64.33109619686802,89.39085518674736,49.111111111111114,72.16260162601627,50.0,65.67124318954751,0.6933333333333334,0.9866666666666667,0.4666666666666667,0.7266666666666667,B-,A+,C,B,brightspringhealthservicesinc
RELY,Remitly Global Inc,Financials,Transaction & Payment Processing Services,21.36,14.8245,2.4986,19.5625,5.178432893716059,2130.02,23.79,32.97,0.09449999999999999,31.55,0.6026365348399246,31.4462,185.31,23.79,31.4462,0.6026365348399246,32.97,0.09449999999999999,29.45649999999999,26.470588235294116,81.91790426232485,90.75630252100841,74.64985994397759,50.0,65.62027553033612,0.22268907563025211,0.9369747899159664,0.907563025210084,0.7605042016806722,D+,A,A-,B,remitlyglobalinc
HL,Hecla Mining Co,Materials,Silver,18.19,36.5871,7.6232,13.1058,4.704634802400165,214.41,51.21,12.98,0.4595,12.01,0.30822510822510824,57.7624,214.41,46.40449999999998,57.7624,0.30822510822510824,12.98,0.44605999999999996,12.01,32.84313725490196,92.41363211951447,80.63725490196079,68.0672268907563,50.0,65.46626984126985,0.25,0.9852941176470589,0.875,0.6911764705882353,D+,A+,B+,B-,heclaminingco
YOU,Clear Secure Inc,Information Technology,Application Software,39.6,33.8987,5.0096,17.063,29.680707540098936,31.12,19.77,82.39999999999999,0.25129999999999997,82.39999999999999,0.25646524536394616,8.7912,31.12,19.77,8.7912,0.25646524536394616,82.39999999999999,0.25129999999999997,61.4965,60.73267202410849,62.50940959971,88.88888888888887,52.77522968815911,50.0,65.46231808582317,0.6574585635359116,0.6464088397790055,0.925414364640884,0.46408839779005523,B-,B-,A-,C,clearsecureinc
CUBI,Customers Bancorp Inc,Financials,Regional Banks,77.06,8.9325,1.99781,,1.2454523856086086,85.16,55.59768,13.569999999999999,0.3985504,11.82,0.707809067305772,15.3075,85.16,55.59768,15.3075,0.707809067305772,13.569999999999999,0.3985504,11.82,77.10084033613447,76.57154183441739,53.78151260504202,62.12989868844734,50.0,65.46087633986707,0.8865546218487395,0.907563025210084,0.5378151260504201,0.6302521008403361,B+,A-,C+,B-,customersbancorpinc
EOG,EOG Resources Inc,Energy,Oil & Gas Exploration & Production,140.35,10.7065,2.7295,5.5728,2.5294805688672937,24.77,18.67,22.38,0.33020000000000005,17.82,0.7373026440935895,19.6505,24.77,18.67,19.6505,0.7373026440935895,22.38,0.33020000000000005,17.82,60.696517412935314,64.26390773405699,83.08457711442786,57.66500829187396,50.0,65.33105683702698,0.746268656716418,0.7313432835820896,0.9253731343283582,0.5671641791044776,B,B,A-,C+,eogresourcesinc
NTAP,NetApp Inc,Information Technology,"Technology Hardware, Storage & Peripherals",201.145,27.8623,5.3455,19.9033,29.18147659185539,25.19,12.15,113.67,0.2502,37.97,0.9313946433214875,66.5383,25.19,12.15,66.5383,0.9313946433214875,113.67,0.2502,37.97,60.85928344215637,41.769384625881116,87.96296296296298,73.64688210541478,50.0,65.28881494753901,0.6629834254143646,0.3756906077348066,0.9116022099447514,0.8011049723756906,B-,C-,A-,B+,netappinc
MLI,Mueller Industries Inc,Industrials,Industrial Machinery & Supplies & Components,60.52,15.7387,2.8718,10.5934,4.192326075963397,-24.03,14.81,25.85,0.2286,25.840000000000003,0.5361050328227571,21.1127,-24.03,14.81,21.1127,0.5361050328227571,25.85,0.2286,25.840000000000003,67.50539573259023,47.904991500242616,84.14282982269214,63.582346355651566,50.0,65.20952395999943,0.7670682730923695,0.42570281124497994,0.927710843373494,0.6345381526104418,B,C,A-,B-,muellerindustriesinc
AWR,American States Water Co,Utilities,Water Utilities,82.8,22.929,5.9872,15.3278,3.094956864973162,12.0,10.27,13.5,0.4052,7.23,0.599461158509205,15.788,12.0,10.27,15.788,0.599461158509205,13.5,0.39203,7.23,12.64367816091954,77.90730141002373,92.52873563218391,91.64456233421751,50.0,65.20347619712412,0.06896551724137931,0.8793103448275862,1.0,0.9137931034482759,D-,B+,A+,A-,americanstateswaterco
DAR,Darling Ingredients Inc,Consumer Staples,Agricultural Products & Services,61.29,16.1754,1.4769,13.8982,2.046827567551321,470.42,14.85,4.72,0.1452,2.55,0.7872472799063336,95.0048,100.61199999999988,14.85,68.04905999999998,0.7872472799063336,4.72,0.1452,2.55,54.10628019323671,92.72807506503159,35.26570048309179,96.49758454106279,50.0,65.18812709030101,0.5652173913043478,0.9855072463768116,0.2826086956521739,0.9710144927536232,C+,A+,D+,A+,darlingingredientsinc
BYD,Boyd Gaming Corp,Consumer Discretionary,Casinos & Gaming,71.23,2.848,1.2628,7.3228,2.0853888109799836,249.96,1.75,70.49,0.1632,37.99,0.06183170618317056,-15.6942,109.7939999999999,1.75,-15.6942,0.06183170618317056,70.49,0.1632,37.99,77.25027685492802,63.02827380952381,84.72140120415982,34.72380952380952,50.0,65.04333618143863,0.88,0.6971428571428572,0.9257142857142857,0.34285714285714286,B+,B-,A-,C-,boydgamingcorp
ECG,Everus Construction Group Inc,Industrials,Construction & Engineering,116.94,23.4669,1.3995,17.4625,9.470589664471927,53.33,30.53,38.22,0.0775,26.91,0.4170001173746492,47.5025,53.33,30.53,47.5025,0.4170001173746492,38.22,0.0775,26.91,56.030926426795624,75.51547230118658,70.10272382045189,66.7063355462667,50.0,64.97777413130252,0.5943775100401606,0.8755020080321285,0.7269076305220884,0.6827309236947792,C+,B+,B,B-,everusconstructiongroupinc
ACA,Arcosa Inc,Industrials,Construction & Engineering,146.62,14.6521,2.6231,14.9856,2.719914814835427,431.69,2.59,18.099999999999998,0.1176,11.61,0.9948177578165489,56.0051,191.6919999999998,2.59,56.0051,0.8612055039279215,18.099999999999998,0.1176,11.61,61.33923448897631,60.18107589536161,56.45493538780974,92.07929677895255,50.0,64.90061700405934,0.6706827309236948,0.6827309236947792,0.570281124497992,0.9477911646586346,B-,B-,C+,A,arcosainc
APH,Amphenol Corp,Information Technology,Electronic Components,84.09,40.3164,7.1476,24.2141,7.689212790665777,59.37,54.17,37.14,0.2703,17.66,0.8962888665997993,37.4918,59.37,54.17,37.4918,0.8962888665997993,37.14,0.2703,17.66,46.747865394274235,78.77140271688194,78.33333333333333,64.35820329551618,50.0,64.89622088438152,0.4530386740331492,0.8839779005524862,0.8259668508287292,0.6187845303867403,C,B+,B+,B-,amphenolcorp
JBSS,John B Sanfilippo & Son Inc,Consumer Staples,Packaged Foods & Meats,67.24,12.6953,0.6688,9.6255,2.0694133687058165,4.7,6.18,16.509999999999998,0.0759,13.850000000000001,0.24750075734625857,6.781,4.7,6.18,6.781,0.24750075734625857,16.509999999999998,0.0759,13.850000000000001,77.77777777777777,68.99011743405336,54.58937198067633,64.59191456903127,50.0,64.80819384023044,0.8840579710144928,0.782608695652174,0.5434782608695652,0.5797101449275363,B+,B,C+,C+,johnbsanfilipposoninc
COCO,Vita Coco Company Inc,Consumer Staples,Soft Drinks & Non-alcoholic Beverages,58.59,30.724,4.7632,22.6007,10.087462552942393,67.78,26.1,31.09,0.191,31.09,0.43485477178423243,50.1923,67.78,26.1,50.1923,0.43485477178423243,31.09,0.191,28.769999999999968,16.908212560386474,91.64277751234273,87.68115942028986,75.57971014492753,50.0,64.59184052662314,0.07971014492753623,0.9710144927536232,0.9565217391304348,0.7536231884057971,D-,A+,A,B,vitacococompanyinc
EXPD,Expeditors International of Washington Inc,Industrials,Air Freight & Logistics,187.46,26.5216,2.0246,18.8459,10.654405328907734,12.15,6.77,40.660000000000004,0.0983,40.660000000000004,0.9126653601175895,54.6317,12.15,6.77,54.6317,0.8612055039279215,40.660000000000004,0.0983,29.789999999999996,45.025271152637764,51.67805167805167,76.10141245253122,94.54899661440109,50.0,64.5270805597828,0.42971887550200805,0.4979919678714859,0.8152610441767069,0.9759036144578314,C,C,B+,A+,expeditorsinternationalofwashingtoninc
AEO,American Eagle Outfitters Inc,Consumer Discretionary,Apparel Retail,16.58,8.2479,0.4875,4.0911,1.6545089860394564,86.37,8.21,20.03,0.0786,19.040000000000003,0.17499999999999985,-10.1676,86.37,8.21,-10.1676,0.17499999999999985,20.03,0.0786,19.040000000000003,89.31339977851606,76.81547619047619,54.3327859879584,40.36190476190477,50.0,64.3470226320948,0.9542857142857143,0.8342857142857143,0.52,0.4,A,B+,C+,C-,americaneagleoutfittersinc
FDX,FedEx Corp,Industrials,Air Freight & Logistics,285.85,15.2611,0.7142,8.1473,2.1677884159635985,9.81,7.73,15.110000000000001,0.0576,8.42,0.6379121547633533,50.0446,9.81,7.73,50.0446,0.6379121547633533,15.110000000000001,0.0576,8.42,88.30970139059639,54.38040080897224,39.19951916509576,82.89969926802974,50.0,64.33332515432343,0.9518072289156626,0.5502008032128514,0.3493975903614458,0.8514056224899599,A,C+,C-,B+,fedexcorp
HALO,Halozyme Therapeutics Inc,Health Care,Biotechnology,113.9,31.2562,7.7701,21.5512,274.85521235521236,-23.53,41.15,180.63,0.3557,18.67,0.9470466600737213,53.9813,-23.53,41.15,53.9813,0.9470466600737213,108.47599999999993,0.3557,18.67,40.32960477255779,55.50087424608554,92.33333333333333,74.52482269503547,50.0,64.17087391469698,0.41333333333333333,0.5933333333333334,0.96,0.7533333333333333,C,C+,A,B,halozymetherapeuticsinc
SLM,SLM Corp,Financials,Consumer Finance,23.66,6.0459,1.90601,,1.9226393629124006,77.07,31.52147,30.31,0.2673951,8.55,0.44319036869826944,-15.7407,77.07,31.52147,-15.7407,0.44319036869826944,30.31,0.2673951,8.55,70.58823529411765,72.57844033107396,87.81512605042016,25.021645021645018,50.0,64.12085740667825,0.7836134453781513,0.8697478991596639,0.8781512605042017,0.24369747899159663,B,B+,B+,D+,slmcorp
MATX,Matson Inc,Industrials,Marine Transportation,224.66,14.4849,1.9421,9.9816,2.475412256519085,0.86,-0.16,16.939999999999998,0.1518,15.040000000000001,0.8946718648473034,117.8416,0.86,-0.16,75.1288999999999,0.8612055039279215,16.939999999999998,0.1518,15.040000000000001,75.68669234762179,25.128282271139415,62.11676638526897,97.78796074837383,50.0,64.03411328712534,0.8473895582329317,0.11646586345381527,0.642570281124498,0.9959839357429718,B+,D,B-,A+,matsoninc
CNX,CNX Resources Corp,Energy,Oil & Gas Exploration & Production,32.79,5.1094,2.3808,4.9781,1.0780545701425899,968.14,18.73,21.19,0.42219999999999996,13.750000000000002,0.10864197530864202,1.9273,574.281999999999,18.73,1.9273,0.10864197530864202,21.19,0.42219999999999996,13.750000000000002,72.63681592039802,84.07790592492086,80.59701492537313,19.52902155887231,50.0,64.02984320820141,0.8656716417910447,0.9104477611940298,0.8805970149253731,0.14925373134328357,B+,A-,B+,D,cnxresourcescorp
SNX,TD Synnex Corp,Information Technology,Technology Distributors,263.03,18.5103,0.3015,11.2971,2.4932108039450793,63.4,16.26,13.120000000000001,0.025699999999999997,8.59,0.7717028244668311,64.7129,63.4,16.26,64.7129,0.7717028244668311,13.120000000000001,0.025699999999999997,8.59,88.82471120040181,69.65012873409677,35.46296296296296,69.9570533482074,50.0,63.993354957302024,0.9337016574585635,0.7458563535911602,0.292817679558011,0.7513812154696132,A,B,D+,B,tdsynnexcorp
NUE,Nucor Corp,Materials,Steel,247.25,24.0648,1.6421,13.0999,2.7020824340052565,79.23,12.27,11.16,0.0999,8.36,0.7791518247194031,83.4743,79.23,12.27,79.35161499999998,0.7791518247194031,11.16,0.0999,8.36,51.470588235294116,70.36979247932595,51.470588235294116,95.84178498985801,50.0,63.97760961148386,0.5735294117647058,0.7794117647058824,0.47794117647058826,0.9852941176470589,C+,B,C,A+,nucorcorp
ROST,Ross Stores Inc,Consumer Discretionary,Apparel Retail,236.12,28.3669,3.0773,18.4547,12.300607424540786,31.42,14.02,42.34,0.1375,35.23,0.8093324810519588,57.9821,31.42,14.02,54.84940999999998,0.7800784493739665,42.34,0.1375,35.23,17.600221483942413,79.17857142857143,77.46250684181719,96.80952380952381,50.0,63.96330112905895,0.09714285714285714,0.8685714285714285,0.84,0.9771428571428571,D-,B+,B+,A+,rossstoresinc
SBH,Sally Beauty Holdings Inc,Consumer Discretionary,Specialty Stores,17.18,8.3657,0.4313,5.4285,2.1171976092180667,3.6,1.08,23.11,0.08410000000000001,11.52,0.8840125391849527,10.7672,3.6,1.08,10.7672,0.7800784493739665,23.11,0.08410000000000001,11.52,90.06533776301218,38.11538461538461,50.49480021893816,80.98901098901098,50.0,63.9609136163667,0.96,0.26857142857142857,0.4514285714285714,0.8,A,D+,C,B,sallybeautyholdingsinc
CMC,Commercial Metals Co,Materials,Steel,65.73,12.2185,0.8216,12.4263,1.7429881387708128,1594.79,15.23,13.65,0.08960000000000001,8.23,0.39792387543252605,14.0552,450.345,15.23,14.0552,0.39792387543252605,13.65,0.08960000000000001,8.23,75.98039215686275,84.74280959067977,54.90196078431372,46.32860040567951,50.0,63.93487023456598,0.8529411764705882,0.9264705882352942,0.5294117647058824,0.4264705882352941,B+,A-,C+,C,commercialmetalsco
CXW,CoreCivic Inc,Industrials,Diversified Support Services,32.13,24.843,1.2791,11.5614,2.2875979865150624,33.31,24.35,8.959999999999999,0.09880000000000001,4.77,0.7876021143680925,50.2806,33.31,24.35,50.2806,0.7876021143680925,8.959999999999999,0.09880000000000001,4.77,68.83097013905964,84.94877066305638,30.5209955468131,85.33190275014715,50.0,63.89412610410889,0.7831325301204819,0.9357429718875502,0.24096385542168675,0.8835341365461847,B,A,D+,B+,corecivicinc
ZION,Zions Bancorporation NA,Financials,Regional Banks,63.83,8.0458,1.56245,,1.312631741298648,39.17,53.61248,16.14,0.336199,10.56,0.6497237569060772,11.3962,39.17,53.61248,11.3962,0.6497237569060772,16.14,0.336199,10.56,77.73109243697479,67.34775547799006,62.18487394957983,52.05843084897511,50.0,63.86022886203169,0.8970588235294118,0.7983193277310925,0.6218487394957983,0.5462184873949579,B+,B,B-,C+,zionsbancorporationna
PAHC,Phibro Animal Health Corp,Health Care,Pharmaceuticals,34.45,14.0265,0.9214,8.4181,3.625247295533948,105.25,17.12,28.67,0.1281,9.2,0.19478479421929007,-9.4374,105.25,17.12,-9.4374,0.19478479421929007,28.67,0.1281,9.2,88.20432513049964,80.72440894157057,64.33333333333333,22.759689922480625,50.0,63.831234388768486,0.9666666666666667,0.9133333333333333,0.6666666666666666,0.18,A,A-,B-,D,phibroanimalhealthcorp
LMT,Lockheed Martin Corp,Industrials,Aerospace & Defense,519.56,19.0726,1.557,12.6044,17.702636860163615,52.8,7.2,86.24000000000001,0.1188,22.009999999999998,0.3231010794896956,7.2718,52.8,7.2,7.2718,0.3231010794896956,69.54999999999994,0.1188,22.009999999999998,68.91456984400186,54.59440746707827,78.69655492719176,54.813316965496455,50.0,63.784326079313345,0.7911646586345381,0.5582329317269076,0.8393574297188755,0.5060240963855421,B,C+,B+,C+,lockheedmartincorp
COR,Cencora Inc,Health Care,Health Care Distributors,306.92,22.3136,0.176,16.5395,39.47117981429564,38.37,5.09,106.43,0.91,21.19,0.4679023508137433,2.7107,38.37,5.09,2.7107,0.4679023508137433,106.43,0.3901149999999997,21.19,78.80984340044743,49.16666666666667,93.8888888888889,28.72222222222222,50.0,63.752460850111866,0.88,0.48,0.98,0.21333333333333335,B+,C,A+,D+,cencorainc
T,AT&T Inc,Communication Services,Integrated Telecommunication Services,25.38,8.0672,1.3668,6.531,1.6159120862329128,72.22,2.63,19.54,0.20120000000000002,8.63,0.5748691099476437,-10.318,72.22,2.63,-10.318,0.5748691099476437,19.54,0.20120000000000002,8.63,82.04134366925065,63.06357175922393,65.11627906976743,46.683518705763404,50.0,63.73882377775198,0.9069767441860465,0.7441860465116279,0.7674418604651163,0.4186046511627907,A-,B,B,C,attinc
FAF,First American Financial Corp,Financials,Property & Casualty Insurance,66.27,9.0809,0.8475,4.6961,1.2291182509315295,298.96,22.52,13.600000000000001,0.1519,9.26,0.4254348349591673,3.144,185.31,22.52,3.144,0.4254348349591673,13.600000000000001,0.1519,9.26,77.31092436974791,82.93754642022202,54.20168067226891,46.013527362164375,50.0,63.66836601698148,0.8907563025210085,0.9453781512605042,0.542016806722689,0.49159663865546216,B+,A,C+,C,firstamericanfinancialcorp
GEN,Gen Digital Inc,Information Technology,Systems Software,21.62,12.2901,2.548,8.8716,4.951674224726307,79.7,20.16,41.89,0.4131,9.68,0.2769423830026612,-24.1404,79.7,20.16,-24.1404,0.2769423830026612,41.89,0.4131,9.68,87.24049891176963,73.43395091667753,75.74074074074075,15.833859443847409,50.0,63.598871985232584,0.9171270718232044,0.8066298342541437,0.7955801104972375,0.08287292817679558,A-,B+,B,D-,gendigitalinc
THG,Hanover Insurance Group Inc,Financials,Property & Casualty Insurance,217.44,10.0203,1.1232,8.2674,2.1552228272828375,37.57,5.35,21.22,0.1462,16.400000000000002,0.7321107515282272,23.7071,37.57,5.35,23.7071,0.7321107515282272,21.22,0.1462,16.400000000000002,60.08403361344538,39.6957189849475,76.89075630252101,82.06599713055954,50.0,63.596040702093006,0.6134453781512605,0.3277310924369748,0.7689075630252101,0.8445378151260504,B-,C-,B,B+,hanoverinsurancegroupinc
HPE,Hewlett Packard Enterprise Co,Information Technology,"Technology Hardware, Storage & Peripherals",62.94,29.9357,1.9954,23.2109,3.360868891938507,128.23,26.59,11.020000000000001,0.0703,5.9799999999999995,0.9408426107836715,159.9752,128.23,26.59,159.9752,0.940728463188494,11.020000000000001,0.0703,5.9799999999999995,67.39494391428093,76.05797163899872,35.55555555555555,88.2010761649022,50.0,63.5894344282393,0.7458563535911602,0.850828729281768,0.3011049723756906,0.9226519337016574,B,B+,C-,A-,hewlettpackardenterpriseco
FTDR,Frontdoor Inc,Consumer Discretionary,Specialized Consumer Services,73.99,18.6719,2.3742,12.6243,21.694766163319162,11.73,9.26,101.86999999999999,0.1681,18.98,0.5676156583629891,10.8298,11.73,9.26,10.8298,0.5676156583629891,101.86999999999999,0.1681,18.98,35.270210409745296,69.46703296703296,78.97208538587849,80.65934065934066,50.0,63.58584867418067,0.32,0.7485714285714286,0.8571428571428571,0.7885714285714286,C-,B,B+,B,frontdoorinc
CINF,Cincinnati Financial Corp,Financials,Property & Casualty Insurance,162.54,7.4981,1.9277,10.4005,1.587500024417067,84.01,10.87,20.89,0.16620000000000001,19.88,0.2798482481588929,5.2584,84.01,10.87,5.2584,0.2798482481588929,20.89,0.16620000000000001,19.88,71.84873949579831,63.80958271987268,76.05042016806722,44.09100225456035,50.0,63.55490691085299,0.8088235294117647,0.7478991596638656,0.7605042016806722,0.47478991596638653,B+,B,B,C,cincinnatifinancialcorp
CNK,Cinemark Holdings Inc,Communication Services,Movies & Entertainment,37.77,20.2123,1.3017,9.7618,10.76896758190061,0.89,4.54,52.019999999999996,0.11689999999999999,9.02,0.9303797468354433,33.0398,0.89,4.54,33.0398,0.9303797468354433,52.019999999999996,0.11689999999999999,9.02,66.40826873385014,45.70130475302889,64.34108527131782,83.5926222935044,50.0,63.54612391059865,0.7209302325581395,0.3953488372093023,0.7325581395348837,0.8604651162790697,B,C-,B,B+,cinemarkholdingsinc
SM,SM Energy Co,Energy,Oil & Gas Exploration & Production,33.91,8.0651,1.5411,4.3951,0.8081352119120703,-28.4,67.03,16.53,0.31079999999999997,8.959999999999999,0.682704272086271,24.167,-28.4,65.13999999999997,24.167,0.682704272086271,16.53,0.31079999999999997,8.959999999999999,78.1094527363184,59.350972410673904,64.17910447761194,55.05140961857379,50.0,63.45261570933212,0.8955223880597015,0.6865671641791045,0.6791044776119403,0.5074626865671642,B+,B-,B-,C+,smenergyco
NEE,Nextera Energy Inc,Utilities,Multi-Utilities,76.08,17.0665,5.5295,17.2759,2.9020445529447665,55.3,10.82,16.82,0.2982,5.96,0.09896661367249583,1.9156,55.3,10.82,1.9156,0.09896661367249583,16.82,0.2982,5.96,27.586206896551726,89.31835646899167,87.35632183908046,59.19850885368127,50.0,63.43900524844264,0.2413793103448276,0.9827586206896551,0.9482758620689655,0.5517241379310345,D+,A+,A,C+,nexteraenergyinc
DVA,DaVita Inc,Health Care,Health Care Services,178.47,13.4356,0.8128,7.6199,118.67145421903052,19.98,6.45,181.22,0.1507,9.56,0.5288415591507952,37.0001,19.98,6.45,37.0001,0.5288415591507952,108.47599999999993,0.1507,9.56,90.43400447427292,38.14841983006296,72.77777777777779,49.91869918699187,50.0,63.416369366423645,0.9733333333333334,0.31333333333333335,0.7533333333333333,0.4866666666666667,A+,C-,B,C,davitainc
MKC,McCormick & Company Inc,Consumer Staples,Packaged Foods & Meats,47.94,7.979,1.7484,12.938,2.2430168904692835,108.82,9.54,25.419999999999998,0.1485,14.82,0.11308445088800283,-25.8124,100.61199999999988,9.54,-25.8124,0.11308445088800283,25.419999999999998,0.1485,14.82,63.76811594202899,91.5897603540624,72.94685990338165,29.473684210526315,50.0,63.39143287427041,0.6811594202898551,0.9565217391304348,0.7681159420289855,0.2463768115942029,B-,A,B,D+,mccormickcompanyinc
EZPW,EZCORP Inc,Financials,Consumer Finance,31.16,12.0938,1.2083,8.2836,1.850224449564164,61.24,28.61,14.45,0.139,9.8,0.7107878787878787,69.4399,61.24,28.61,49.25565499999992,0.7107878787878787,14.45,0.139,9.8,52.10084033613445,66.98916031729141,58.40336134453782,86.6768525592055,50.0,63.35925299546746,0.5105042016806722,0.7899159663865546,0.5840336134453782,0.8991596638655462,C+,B,C+,B+,ezcorpinc
ASO,Academy Sports and Outdoors Inc,Consumer Discretionary,Specialty Stores,49.14,7.6443,0.4887,4.5215,1.4697789050535988,12.46,3.68,18.38,0.09519999999999999,14.99,0.371070668872607,2.8894,12.46,3.68,2.8894,0.371070668872607,18.38,0.09519999999999999,14.99,89.11627906976746,54.002747252747255,52.78379857690203,60.241758241758234,50.0,63.32392051056847,0.9485714285714286,0.5371428571428571,0.49142857142857144,0.5885714285714285,A,C+,C,C+,academysportsandoutdoorsinc
MBIN,Merchants Bancorp,Financials,Regional Banks,52.1,8.911,1000000.0,,1.048350909811639,6.08,,11.64,,10.79,0.8200000000000002,62.5078,6.08,,49.25565499999992,0.8200000000000002,11.64,,10.79,85.92436974789916,37.94955044955045,42.436974789915965,93.12809235843869,50.0,63.305864696051614,0.9495798319327731,0.31932773109243695,0.42436974789915966,0.9495798319327731,A,C-,C,A,merchantsbancorp
WLY,John Wiley & Sons Inc,Communication Services,Publishing,47.55,12.2117,1.4526,11.9165,2.850787788675987,110.82,-0.27,25.28,0.1478,11.68,0.6594449929308321,19.8035,110.82,-0.27,19.8035,0.6594449929308321,25.28,0.1478,11.68,65.50387596899225,55.132561132561136,64.34108527131782,73.92558139534884,50.0,63.272868815659514,0.6976744186046512,0.627906976744186,0.7325581395348837,0.7441860465116279,B-,B-,B,B,johnwileysonsinc
ANDE,Andersons Inc,Consumer Staples,Food Distributors,66.97,12.8316,0.208,11.1105,1.8206681311033297,119.33,-5.2,14.149999999999999,0.013300000000000001,8.0,0.6474970896391152,68.7327,100.61199999999988,-5.2,68.04905999999998,0.6474970896391152,14.149999999999999,0.013300000000000001,8.0,83.57487922705315,55.13489409141583,32.85024154589372,90.59130434782608,50.0,63.2515198810851,0.9420289855072463,0.5072463768115942,0.2463768115942029,0.927536231884058,A,C+,D+,A-,andersonsinc
MCRI,Monarch Casino & Resort Inc,Consumer Discretionary,Casinos & Gaming,117.74,18.408,3.755,10.4217,3.9020477962742635,48.54,5.1,20.630000000000003,0.2506,20.630000000000003,0.6195208703839311,14.4774,48.54,5.1,14.4774,0.6195208703839311,20.630000000000003,0.2506,20.630000000000003,37.67884828349944,66.32440476190476,74.53530377668308,84.64761904761905,50.0,63.247942776950396,0.36,0.7314285714285714,0.7942857142857143,0.8342857142857143,C-,B,B,B+,monarchcasinoresortinc
PRDO,Perdoceo Education Corp,Consumer Discretionary,Education Services,30.49,10.7722,2.2222,7.0373,1.9590079671035723,20.02,11.68,17.7,0.24559999999999998,17.51,0.3234797297297296,-16.6484,20.02,11.68,-16.6484,0.3234797297297296,17.7,0.24559999999999998,17.51,64.11074197120708,72.78940886699507,69.74712643678161,50.837438423645324,50.0,63.18983656012526,0.6857142857142857,0.8,0.7485714285714286,0.49142857142857144,B-,B,B,C,perdoceoeducationcorp
AIR,AAR Corp,Industrials,Aerospace & Defense,116.11,24.9039,1.4131,14.4022,2.717695330694673,1500.3,18.97,12.19,0.0933,7.57,0.513607188703466,40.467,191.6919999999998,18.97,40.467,0.513607188703466,12.19,0.0933,7.57,60.55132092997841,87.3695012670168,38.70393137174549,79.28698918462652,50.0,63.145111165759644,0.6626506024096386,0.9437751004016064,0.3413654618473896,0.8032128514056225,B-,A,C-,B+,aarcorp
AVT,Avnet Inc,Information Technology,Technology Distributors,103.075,25.2989,0.3061,14.3682,1.6833490930410684,46.12,24.47,6.77,0.0262,4.2,0.9750554865829383,99.874,46.12,24.47,99.874,0.940728463188494,6.77,0.0262,4.2,82.68458061275741,72.0496191840736,21.296296296296298,88.52349940253887,50.0,63.10984294458593,0.861878453038674,0.7955801104972375,0.1878453038674033,0.9281767955801105,B+,B,D,A-,avnetinc
PLTR,Palantir Technologies Inc,Information Technology,Application Software,189.67,151.0887,74.0404,170.4172,61.3937981485078,290.0,78.92,37.47,0.428,37.47,0.8235294117647056,5.8899,290.0,54.72500000000002,5.8899,0.8235294117647056,37.47,0.428,37.47,8.355307215804453,94.35053586760809,88.88888888888887,74.61622272292354,50.0,63.10440074427966,0.049723756906077346,0.994475138121547,0.925414364640884,0.8121546961325967,F,A+,A-,B+,palantirtechnologiesinc
QNST,QuinStreet Inc,Communication Services,Interactive Media & Services,14.41,10.1264,0.6359,13.0531,2.5620966164678274,1687.12,18.29,27.66,0.0274,24.72,0.34333333333333343,-11.2138,431.6479999999967,18.29,-11.2138,0.34333333333333343,27.66,0.0274,24.72,70.87486157253599,86.05267829405761,59.68992248062015,40.848035284683235,50.0,63.021338729037204,0.813953488372093,0.9534883720930233,0.5930232558139535,0.3488372093023256,B+,A,C+,C-,quinstreetinc
UNFI,United Natural Foods Inc,Consumer Staples,Food Retail,45.85,32.9231,0.0888,8.4073,1.7055832276256124,50.37,-1.99,5.319999999999999,0.67,2.54,0.5935225618631732,51.8715,50.37,-1.99,51.8715,0.5935225618631732,5.319999999999999,0.3524199999999997,2.54,70.53140096618357,54.74277982639187,46.135265700483096,89.47933440687063,50.0,63.01108951331916,0.7898550724637681,0.463768115942029,0.4492753623188406,0.9130434782608695,B,C,C,A-,unitednaturalfoodsinc
GPOR,Gulfport Energy Corp,Energy,Oil & Gas Exploration & Production,154.62,5.5045,1.777,3.6349,1.5843609170480186,-1.63,35.16,27.200000000000003,0.4499,18.87,0.07101827676240206,-12.4164,-1.63,35.16,-12.4164,0.08230538632627406,27.200000000000003,0.4499,18.87,80.09950248756219,66.9998492386552,90.04975124378109,9.764510779436154,50.0,62.89018543645409,0.9402985074626866,0.7910447761194029,0.9552238805970149,0.05970149253731343,A,B,A,D-,gulfportenergycorp
SMTC,Semtech Corp,Information Technology,Semiconductors,182.3,50.6665,13.6194,268.0771,30.731107027865345,1063.4,25.36,51.24999999999999,0.102,29.270000000000003,0.9373591707976567,195.7975,703.5419999999999,25.36,195.7975,0.9373591707976567,51.24999999999999,0.102,29.270000000000003,19.56826552821028,84.80092738399938,72.22222222222223,89.71063619126468,50.0,62.849934652660934,0.13259668508287292,0.9281767955801105,0.7403314917127072,0.9447513812154696,D,A-,B,A,semtechcorp
HAFC,Hanmi Financial Corp,Financials,Regional Banks,32.1,10.6504,1.8749,,1.20496852442032,37.34,43.94988,11.200000000000001,0.4678737,9.629999999999999,0.8685446009389672,29.3312,37.34,43.94988,29.3312,0.8685446009389672,11.200000000000001,0.4678737,9.629999999999999,72.89915966386555,56.00108523433454,39.91596638655462,91.99088981386947,50.0,62.802176522245844,0.8319327731092437,0.6134453781512605,0.39915966386554624,0.9327731092436975,B+,B-,C-,A,hanmifinancialcorp
EXE,Expand Energy Corp,Energy,Oil & Gas Exploration & Production,86.84,7.229,1.4712,3.4865,1.1183371753100413,2866.66,60.73,14.7,0.2708,11.78,0.04455279085406869,-16.804,574.281999999999,60.73,-13.20894,0.08230538632627406,14.7,0.2708,11.78,82.58706467661692,96.61521935775667,66.16915422885572,6.102819237147596,50.0,62.732662445349014,0.9552238805970149,0.9850746268656716,0.7014925373134329,0.022388059701492536,A,A+,B,F,expandenergycorp
EHC,Encompass Health Corp,Health Care,Health Care Facilities,123.47,19.6147,1.9627,10.0726,5.0638154764834225,20.08,9.47,25.009999999999998,0.1794,12.379999999999999,0.8716638273708122,-1.688,20.08,9.47,-1.688,0.8716638273708122,25.009999999999998,0.1794,12.379999999999999,78.19985085756899,53.409558378705384,71.77777777777777,47.777777777777786,50.0,62.73187439013333,0.8666666666666667,0.5333333333333333,0.7266666666666667,0.44666666666666666,B+,C+,B,C,encompasshealthcorp
LRCX,Lam Research Corp,Information Technology,Semiconductor Materials & Equipment,315.21,54.2887,16.9773,45.431,31.626950283449553,38.62,26.02,66.97,0.3529,48.57,0.6067053719535536,146.008,38.62,26.02,146.008,0.6067053719535536,66.97,0.3529,48.57,24.570986104135272,71.28198988283367,90.0,74.07964891537321,50.0,62.71507428567519,0.19337016574585636,0.7845303867403315,0.9392265193370166,0.8066298342541437,D,B,A,B+,lamresearchcorp
STT,State Street Corp,Financials,Asset Management & Custody Banks,181.34,14.4139,1.80473,,1.8177516975639683,26.58,181.1518,12.4,0.24962610000000002,5.84,0.8401796472779055,58.736,26.58,83.28401599999997,49.25565499999992,0.8401796472779055,12.4,0.24962610000000002,5.84,44.53781512605042,80.71996128403241,48.319327731092436,91.36881419234359,50.0,62.63204080956091,0.39915966386554624,0.9243697478991597,0.4831932773109244,0.9285714285714286,C-,A-,C,A-,statestreetcorp
VMI,Valmont Industries Inc,Industrials,Industrial Machinery & Supplies & Components,466.83,18.2168,2.1306,14.3138,5.44850397523821,108.33,3.8,29.84,0.13699999999999998,20.45,0.46978279291735414,28.0179,108.33,3.8,28.0179,0.46978279291735414,29.84,0.13699999999999998,20.45,60.28576892604431,56.598331854131274,73.84148840258995,63.403178950899786,50.0,62.53211649316477,0.6465863453815262,0.6024096385542169,0.7831325301204819,0.6305220883534136,B-,B-,B,B-,valmontindustriesinc
RL,Ralph Lauren Corp,Consumer Discretionary,"Apparel, Accessories & Luxury Goods",357.1,21.6298,2.5445,14.4495,7.553211965844507,26.61,14.68,35.63,0.1494,23.22,0.46965959546127284,17.8976,26.61,14.68,17.8976,0.46965959546127284,35.63,0.1494,23.22,28.169435215946837,79.0316091954023,73.23918992884511,81.67619047619048,50.0,62.493716220516546,0.2057142857142857,0.8628571428571429,0.7828571428571428,0.8057142857142857,D+,B+,B,B+,ralphlaurencorp
ASB,Associated Banc-Corp,Financials,Regional Banks,29.37,10.9819,2.01062,,0.9797969014798703,251.97,90.85232,9.86,0.359242,8.25,0.6406976744186047,13.9255,185.31,83.28401599999997,13.9255,0.6406976744186047,9.86,0.359242,8.25,79.2016806722689,97.36442152962113,30.672268907563026,52.41812612895625,50.0,62.42499692667346,0.907563025210084,1.0,0.3067226890756303,0.5504201680672269,A-,A+,C-,C+,associatedbanccorp
LTH,"Life Time Group Holdings, Inc",Consumer Discretionary,Leisure Facilities,39.97,21.5284,2.8066,11.7966,2.8265727540167456,79.11,12.69,13.139999999999999,0.1727,8.86,0.6854297466984195,44.4525,79.11,12.69,44.4525,0.6854297466984195,13.139999999999999,0.1727,8.86,33.98338870431893,86.66407867494826,53.10782703886152,91.52380952380952,50.0,62.41038157554667,0.2914285714285714,0.9257142857142857,0.49714285714285716,0.9314285714285714,D+,A-,C,A,lifetimegroupholdingsinc
ED,Consolidated Edison Inc,Utilities,Multi-Utilities,103.1,17.1382,2.1485,11.2876,1.5386153655591917,10.41,9.49,8.9,0.1905,4.26,0.3826986365773388,4.8297,10.41,9.49,4.8297,0.3826986365773388,8.9,0.1905,4.26,72.41379310344827,68.0948643743562,41.95402298850575,75.88070829450139,50.0,62.38706855676003,0.8275862068965517,0.7758620689655172,0.4051724137931034,0.7413793103448276,B+,B,C,B,consolidatededisoninc
VLY,Valley National Bancorp,Financials,Regional Banks,13.08,10.3979,2.27179,,0.9324873458330364,48.82,77.66814,8.88,0.4257981,8.14,0.6187050359712231,22.8169,48.82,77.66814,22.8169,0.6187050359712231,8.88,0.4257981,8.14,84.45378151260505,86.30480602151297,22.689075630252102,66.29388203879682,50.0,62.305451897776244,0.9411764705882353,0.9789915966386554,0.226890756302521,0.6764705882352942,A,A+,D+,B-,valleynationalbancorp
NHC,National Healthcare Corp,Health Care,Health Care Facilities,227.36,25.3862,2.284,18.4959,3.3050642958276764,32.66,6.92,12.94,0.0928,12.61,0.9029055098885002,85.9339,32.66,6.92,85.9339,0.9029055098885002,12.94,0.0928,12.61,60.56823266219239,52.48336358136721,55.333333333333336,88.80000000000001,50.0,62.23206421515488,0.64,0.5266666666666666,0.5266666666666666,0.9533333333333334,B-,C+,C+,A,nationalhealthcarecorp
MAS,Masco Corp,Industrials,Building Products,68.85,15.3579,1.7817,13.0411,91.09552791743846,15.34,-0.56,279.76,0.1753,15.870000000000001,0.4195859091355115,-2.3127,15.34,-0.56,-2.3127,0.4195859091355115,69.54999999999994,0.1753,15.870000000000001,70.37401305903887,43.745888055733616,81.37966833319673,52.18330464716007,50.0,62.12425888863764,0.8072289156626506,0.3453815261044177,0.8755020080321285,0.4939759036144578,B+,C-,B+,C,mascocorp
IOSP,Innospec Inc,Materials,Specialty Chemicals,98.72,20.013,1.32,12.8015,1.8445372027757743,549.32,2.87,9.15,0.07,9.15,0.9984966927239929,27.2329,450.345,2.87,27.2329,0.827452802210118,9.15,0.07,9.15,61.274509803921575,72.16361436970772,45.588235294117645,79.85652797704446,50.0,62.11971474386024,0.7352941176470589,0.8235294117647058,0.39705882352941174,0.8088235294117647,B,B+,C-,B+,innospecinc
UAL,United Airlines Holdings Inc,Industrials,Passenger Airlines,113.99,10.5833,0.5882,6.7731,2.412803373141026,7.02,8.48,22.5,0.0775,8.74,0.5422131904673931,14.9672,7.02,8.48,14.9672,0.5422131904673931,22.5,0.0775,8.74,94.22834193918531,46.65953237381808,49.150342868070915,59.71204546075459,50.0,62.11898676872859,0.9919678714859438,0.41365461847389556,0.4819277108433735,0.5742971887550201,A+,C,C,C+,unitedairlinesholdingsinc
FRPT,Freshpet Inc,Consumer Staples,Packaged Foods & Meats,57.91,13.6776,2.3639,23.4168,2.3462822507454946,449.74,12.77,16.650000000000002,0.081,12.34,0.28975979772439936,17.5838,100.61199999999988,12.77,17.5838,0.28975979772439936,16.650000000000002,0.081,12.34,38.64734299516908,95.19387934719742,54.10628019323671,74.43173150266972,50.0,62.11352796707488,0.3333333333333333,1.0,0.5217391304347826,0.7391304347826086,C-,A+,C+,B,freshpetinc
CAT,Caterpillar Inc,Industrials,Construction Machinery & Heavy Transportation Equipment,821.58,34.8266,5.0537,26.895,17.931811187574894,18.21,18.36,54.2,0.1752,17.14,0.5896917964423014,77.1716,18.21,18.36,75.1288999999999,0.5896917964423014,54.2,0.1752,17.14,19.480916864737864,72.34272087213265,81.04281069857662,87.34259969047861,50.0,62.06799600335087,0.11646586345381527,0.8313253012048193,0.8714859437751004,0.8995983935742972,D,B+,B+,B+,caterpillarinc
FTNT,Fortinet Inc,Information Technology,Systems Software,173.46,60.0132,16.9076,47.9883,104.14890423296308,13.27,18.77,187.95,0.32439999999999997,113.11,0.9266369875718791,108.4605,13.27,18.77,108.4605,0.9266369875718791,114.73149999999994,0.32439999999999997,61.4965,22.703206094090074,54.50125524721615,93.51851851851852,85.49203258237489,50.0,62.054088719070364,0.16022099447513813,0.569060773480663,0.9668508287292817,0.8950276243093923,D,C+,A,B+,fortinetinc
MSFT,Microsoft Corp,Information Technology,Systems Software,516.17,28.657,11.5503,20.2425,8.665703008661168,31.56,17.79,33.22,0.4673,26.5,0.8163993741443376,1.8027,31.56,17.79,1.8027,0.8163993741443376,33.22,0.4317149999999999,26.5,51.27239243261343,57.42864914319273,87.22222222222221,54.71594241124165,50.0,62.05257197459579,0.5580110497237569,0.5966850828729282,0.9060773480662984,0.4972375690607735,C+,C+,A-,C,microsoftcorp
SEZL,Sezzle Inc,Financials,Transaction & Payment Processing Services,111.38,23.2344,7.0517,17.5172,22.168262245486932,56.65,43.06,85.55,0.4039,50.529999999999994,0.42322686546747823,32.1704,56.65,43.06,32.1704,0.42322686546747823,44.400499999999866,0.4039,29.45649999999999,10.084033613445381,80.8123127865617,97.68907563025209,69.28571428571428,50.0,61.962882725379565,0.06722689075630252,0.9285714285714286,0.976890756302521,0.7100840336134454,D-,A-,A+,B,sezzleinc
WTS,Watts Water Technologies Inc,Industrials,Building Products,357.79,31.3312,4.4914,21.4429,5.883378251939941,23.17,17.13,18.56,0.1913,17.11,0.72684703433923,30.044,23.17,17.13,30.044,0.72684703433923,18.56,0.1913,17.11,27.17700734912439,77.51980193099884,71.82526022457175,83.29210720432752,50.0,61.91294872048931,0.19678714859437751,0.8955823293172691,0.751004016064257,0.8594377510040161,D,B+,B,B+,wattswatertechnologiesinc
AAPL,Apple Inc,Information Technology,"Technology Hardware, Storage & Peripherals",341.07,38.6073,10.6628,29.9028,68.33700661190143,32.61,14.24,137.17999999999998,0.3317,70.25,0.9581043956043958,33.1378,32.61,14.24,33.1378,0.940728463188494,114.73149999999994,0.3317,61.4965,41.14975724091747,49.65617941618997,93.7037037037037,66.12286387439941,50.0,61.86917389427317,0.3867403314917127,0.4861878453038674,0.9723756906077348,0.6408839779005525,C-,C,A+,B-,appleinc
BBWI,Bath & Body Works Inc,Consumer Discretionary,Other Specialty Retail,16.45,4.2472,0.4601,4.2325,267.0454545454545,13.79,-2.17,3138.89,0.16699999999999998,11.92,0.16539634146341464,-36.339,13.79,-2.17,-36.339,0.16539634146341464,195.4694999999998,0.16699999999999998,11.92,91.40531561461795,41.60714285714286,75.71647509578544,33.645714285714284,50.0,61.83101910617228,0.9771428571428571,0.35428571428571426,0.8057142857142857,0.3314285714285714,A+,C-,B+,C-,bathbodyworksinc
WOR,"Worthington Enterprises, Inc",Industrials,Building Products,62.24,18.3685,2.1129,23.2748,2.950364292249131,54.64,18.44,16.189999999999998,0.056299999999999996,12.42,0.7649278579356273,17.9011,54.64,18.44,17.9011,0.7649278579356273,16.189999999999998,0.056299999999999996,12.42,48.043056580061744,87.98001048483673,45.057508947354044,79.72301450700763,50.0,61.81574638022282,0.4819277108433735,0.9558232931726908,0.42168674698795183,0.8192771084337349,C,A,C,B+,worthingtonenterprisesinc
ADBE,Adobe Inc,Information Technology,Application Software,235.47,12.5817,3.5289,9.9415,8.366941573185422,11.68,12.03,62.88,0.35700000000000004,40.589999999999996,0.26126281829703885,-33.5131,11.68,12.03,-33.5131,0.26126281829703885,62.88,0.35700000000000004,40.589999999999996,82.2419638372677,42.22244822901081,90.18518518518518,25.699918721771255,50.0,61.69126064576963,0.856353591160221,0.39226519337016574,0.9447513812154696,0.19337016574585636,B+,C-,A,D,adobeinc
TRN,Trinity Industries Inc,Industrials,Construction Machinery & Heavy Transportation Equipment,27.91,6.5515,1.0887,6.9207,2.0676065102565433,260.79,-18.95,31.569999999999997,0.3693,5.16,0.23255813953488363,0.3957,191.6919999999998,-5.83,0.3957,0.23255813953488363,31.569999999999997,0.28918,5.16,89.27301040898287,53.78813687637217,68.04032456356036,33.01479627995777,50.0,61.688920374401796,0.9558232931726908,0.5381526104417671,0.7028112449799196,0.2891566265060241,A,C+,B,D+,trinityindustriesinc
KO,Coca-Cola Co,Consumer Staples,Soft Drinks & Non-alcoholic Beverages,87.81,26.3905,7.5367,25.1349,11.742915602391111,17.61,6.52,42.99,0.3035,18.26,0.82756079587325,33.0858,17.61,6.52,33.0858,0.8128675737208179,42.99,0.3035,18.26,18.840579710144926,64.98646281254976,87.43961352657004,85.49689440993788,50.0,61.666719753676276,0.10144927536231885,0.6956521739130435,0.9420289855072463,0.8840579710144928,D,B-,A,B+,cocacolaco
HCA,HCA Healthcare Inc,Health Care,Health Care Facilities,435.61,13.788,1.2089,9.0821,258.491573700451,25.46,7.31,695.73,0.1548,9.06,0.4030020243914483,4.9941,25.46,7.31,4.9941,0.4030020243914483,108.47599999999993,0.1548,9.06,86.64727815063385,48.94857834240774,72.55555555555556,35.37777777777778,50.0,61.66597965058446,0.9466666666666667,0.47333333333333333,0.7466666666666667,0.30666666666666664,A,C,B,C-,hcahealthcareinc
PRU,Prudential Financial Inc,Financials,Life & Health Insurance,119.45,10.5182,0.6786,10.6054,1.2811107750586126,144.17,11.31,12.24,0.08130000000000001,7.1,0.7691878314261793,16.4003,144.17,11.31,16.4003,0.7691878314261793,12.24,0.08130000000000001,7.1,71.63865546218487,70.39451071103431,46.63865546218487,65.06302521008405,50.0,61.66083491531611,0.8004201680672269,0.8403361344537815,0.46638655462184875,0.6638655462184874,B+,B+,C,B-,prudentialfinancialinc
VRT,Vertiv Holdings Co,Industrials,Electrical Components & Equipment,253.28,56.7224,8.5581,41.4636,24.584085570632656,111.16,26.23,42.11,0.1841,24.610000000000003,0.48532011296909605,81.212,111.16,26.23,75.1288999999999,0.48532011296909605,42.11,0.1841,24.610000000000003,7.520695024997952,90.1341076971329,84.83375679589103,77.71571416862787,50.0,61.6585773283744,0.028112449799196786,0.9759036144578314,0.9397590361445783,0.7911646586345381,F,A+,A,B,vertivholdingsco
YETI,Yeti Holdings Inc,Consumer Discretionary,Leisure Products,42.28,17.6706,1.6321,10.8489,4.87591106190608,9.74,6.24,27.27,0.1233,24.3,0.4755933721450963,24.061,9.74,6.24,24.061,0.4755933721450963,27.27,0.1233,24.3,47.9313399778516,60.081845238095234,66.36672140120416,80.3061224489796,50.0,61.65210888217891,0.48,0.6514285714285715,0.7028571428571428,0.7828571428571428,C,B-,B,B,yetiholdingsinc
USB,US Bancorp,Financials,Diversified Banks,59.33,11.3172,2.0972,,1.4155174881901034,18.72,84.11849,12.479999999999999,0.25222680000000003,5.52,0.6796485395393016,21.0075,18.72,83.28401599999997,21.0075,0.6796485395393016,12.479999999999999,0.25222680000000003,5.52,62.81512605042016,68.41786280269828,49.159663865546214,74.5845004668534,50.0,61.59417013290193,0.6428571428571429,0.8025210084033614,0.49159663865546216,0.7563025210084033,B-,B+,C,B,usbancorp
LNTH,Lantheus Holdings Inc,Health Care,Health Care Supplies,99.74,23.6574,4.1849,14.412,5.9110089133320685,9.79,2.35,23.27,0.2325,15.7,0.8051133622768933,93.7828,9.79,2.35,93.7828,0.8051133622768933,23.27,0.2325,15.7,59.04697986577182,36.1682431886167,77.55555555555556,76.0,50.0,61.584282493055184,0.6266666666666667,0.2866666666666667,0.81,0.78,B-,D+,B+,B,lantheusholdingsinc
KRYS,Krystal Biotech Inc,Health Care,Biotechnology,345.82,42.3907,23.2378,48.1752,8.277720862097029,62.37,22.63,19.34,0.4489,19.34,0.8364260096678621,114.5951,62.37,22.63,114.5951,0.8364260096678621,19.34,0.3901149999999997,19.34,19.594332587621178,74.29863853362409,84.55555555555556,78.38297872340426,50.0,61.57379548719986,0.08,0.8333333333333334,0.8933333333333333,0.8533333333333334,D-,B+,B+,B+,krystalbiotechinc
SSD,Simpson Manufacturing Co Inc,Industrials,Building Products,176.55,19.0962,2.9877,11.8778,3.588385460280811,16.5,6.48,18.45,0.2061,15.7,0.35385691796396734,2.1347,16.5,6.48,2.1347,0.35385691796396734,18.45,0.2061,15.7,61.863235253940935,58.55148377831776,72.60443133076524,56.070322104745514,50.0,61.5412778227892,0.678714859437751,0.6626506024096386,0.7670682730923695,0.5180722891566265,B-,B-,B,C+,simpsonmanufacturingcoinc
ULTA,Ulta Beauty Inc,Consumer Discretionary,Other Specialty Retail,545.2,19.2652,1.7993,12.1436,8.58916775501652,5.21,11.16,45.4,0.1246,41.160000000000004,0.3743965803146996,1.0603,5.21,11.16,1.0603,0.3743965803146996,45.4,0.1246,41.160000000000004,39.483942414174976,66.97857142857143,77.28188286808977,69.64571428571429,50.0,61.51631346342332,0.38285714285714284,0.7371428571428571,0.8342857142857143,0.7028571428571428,C-,B,B+,B,ultabeautyinc
JBHT,J B Hunt Transport Services Inc,Industrials,Cargo Ground Transportation,225.46,31.392,1.6671,13.3308,5.982291398565588,28.19,5.28,18.75,0.07519999999999999,13.55,0.5620136760198067,70.287,28.19,5.28,70.287,0.5620136760198067,18.75,0.07519999999999999,13.55,54.15840231674999,65.42220597520136,52.088626615304754,84.29943718999101,50.0,61.50608586605216,0.5783132530120482,0.7469879518072289,0.5100401606425703,0.8795180722891566,C+,B,C+,B+,jbhunttransportservicesinc
EWBC,East West Bancorp Inc,Financials,Regional Banks,127.23,12.054,3.27879,,1.9669348405488807,21.65,74.7411,16.189999999999998,0.5797675999999999,15.47,0.7714285714285716,17.9038,21.65,74.7411,17.9038,0.7714285714285716,16.189999999999998,0.5797675999999999,15.47,51.05042016806722,68.56777085263167,62.60504201680672,71.82910547396529,50.0,61.49324081153787,0.49369747899159666,0.8151260504201681,0.6260504201680672,0.7352941176470589,C,B+,B-,B,eastwestbancorpinc
SR,Spire Inc,Utilities,Gas Utilities,77.21,8.3201,1.7995,13.7088,1.3440097480308106,89.9,4.12,15.879999999999999,0.20629999999999998,5.55,0.06988694758478925,-2.0053,89.9,4.12,-2.0053,0.06988694758478925,15.879999999999999,0.20629999999999998,5.55,69.54022988505747,61.14587896614306,69.54022988505747,47.30083234244947,50.0,61.459457204247244,0.7758620689655172,0.6724137931034483,0.7327586206896551,0.4827586206896552,B,B-,B,C,spireinc
CRM,Salesforce Inc,Information Technology,Application Software,234.02,19.9336,4.3834,23.8101,3.6759762495680315,59.27,11.23,20.150000000000002,0.18780000000000002,13.18,0.7142275429595244,-2.8761,59.27,11.23,-2.8761,0.7142275429595244,20.150000000000002,0.18780000000000002,13.18,63.33814665996987,54.52038493035243,66.85185185185185,65.02188339146271,50.0,61.45595329231846,0.7016574585635359,0.574585635359116,0.7016574585635359,0.6298342541436464,B,C+,B,B-,salesforceinc
AIZ,Assurant Inc,Financials,Multi-line Insurance,265.0,12.2904,0.9711,7.9486,2.247278672731775,53.42,9.36,18.029999999999998,0.107,13.120000000000001,0.6022878153406189,22.6852,53.42,9.36,22.6852,0.6022878153406189,18.029999999999998,0.107,13.120000000000001,46.218487394957975,62.53955867689773,68.90756302521008,75.6738250855898,50.0,61.42418935753952,0.42016806722689076,0.726890756302521,0.6890756302521008,0.7689075630252101,C,B,B-,B,assurantinc
KEX,Kirby Corp,Industrials,Marine Transportation,128.88,19.1561,1.9501,10.2372,2.049986718351103,23.27,6.56,10.45,0.1401,8.08,0.6314442880900601,53.2097,23.27,6.56,53.2097,0.6314442880900601,10.45,0.1401,8.08,69.92596235281262,57.99779371207943,44.72365653088544,80.6116488216316,50.0,61.38429322766672,0.8032128514056225,0.6465863453815262,0.41767068273092367,0.8313253012048193,B+,B-,C,B+,kirbycorp
FIS,Fidelity National Information Services Inc,Financials,Transaction & Payment Processing Services,35.41,5.4171,1.4967,9.3097,1.3094978347614168,3492.81,18.26,22.56,0.157,10.530000000000001,0.03407789232531494,-44.4897,185.31,18.26,-34.223775,0.0828489733217506,22.56,0.157,10.530000000000001,81.30252100840336,76.082186570384,78.15126050420169,6.5172735760971054,50.0,61.38333740744748,0.9201680672268907,0.9033613445378151,0.7815126050420168,0.031512605042016806,A-,A-,B,F,fidelitynationalinformationservicesinc
MEDP,Medpace Holdings Inc,Health Care,Life Sciences Tools & Services,618.88,35.1454,6.2085,27.4399,38.15324673723406,26.78,24.67,110.14999999999999,0.2097,110.14999999999999,0.8064283371597245,26.8327,26.78,24.67,26.8327,0.8064283371597245,108.47599999999993,0.2097,29.70049999999999,36.526472781506335,79.32748538011697,89.77777777777779,44.52525252525253,50.0,61.34661022089493,0.36666666666666664,0.9,0.9433333333333334,0.42,C-,B+,A,C,medpaceholdingsinc
ENVA,Enova International Inc,Financials,Consumer Finance,173.48,12.1518,2.0972,10.6311,3.2075911264287904,43.8,22.52,25.759999999999998,0.4019,5.93,0.4285108730224855,41.2359,43.8,22.52,41.2359,0.4285108730224855,25.759999999999998,0.4019,5.93,41.1764705882353,59.327233654194245,83.61344537815127,66.00967659791189,50.0,61.26486104201787,0.35714285714285715,0.6680672268907563,0.8361344537815126,0.6680672268907563,C-,B-,B+,B-,enovainternationalinc
COKE,Coca-Cola Consolidated Inc,Consumer Staples,Soft Drinks & Non-alcoholic Beverages,190.29,23.0317,1.6468,14.3669,10.488342611475499,-60.18,10.71,39.61,0.1096,18.35,0.722731136084616,67.0236,-60.18,10.71,67.0236,0.722731136084616,39.61,0.1096,18.35,44.444444444444436,41.178929765886295,74.8792270531401,90.93167701863354,50.0,61.2530392313001,0.427536231884058,0.3188405797101449,0.8115942028985508,0.9420289855072463,C,C-,B+,A,cocacolaconsolidatedinc
AMZN,Amazon.com Inc,Consumer Discretionary,Broadline Retail,249.67,19.9069,3.4718,16.3998,6.517726849108371,89.71,15.77,30.5,0.1208,24.19,0.5884868421052631,14.4488,89.71,15.77,14.4488,0.5884868421052631,30.5,0.1208,24.19,23.73532668881506,92.93956043956044,66.75314723590587,75.16483516483517,50.0,61.24299760205936,0.14285714285714285,0.9657142857142857,0.7142857142857143,0.7371428571428571,D,A,B,B,amazoncominc
UHS,Universal Health Services Inc,Health Care,Health Care Facilities,178.86,6.9063,0.5818,5.6498,1.5011305058657058,29.35,10.05,20.75,0.11359999999999999,12.6,0.36498823529411767,-9.493,29.35,10.05,-9.493,0.36498823529411767,20.75,0.11359999999999999,12.6,95.77330350484714,62.51845130066545,64.0,18.84444444444444,50.0,61.21590502523376,1.0,0.6733333333333333,0.66,0.14666666666666667,A+,B-,B-,D,universalhealthservicesinc
MCK,McKesson Corp,Health Care,Health Care Distributors,866.64,22.0039,0.2459,15.6269,27.571813528208423,49.07,8.84,39.43,0.0158,16.23,0.5334343826007262,17.6669,49.07,8.84,17.6669,0.5334343826007262,39.43,0.0158,16.23,79.26025354213273,65.85526315789474,60.0,41.0,50.0,61.186116017112134,0.8866666666666667,0.74,0.58,0.37333333333333335,B+,B,C+,C-,mckessoncorp
SN,Sharkninja Inc,Consumer Discretionary,Household Appliances,177.74,36.0153,3.6235,25.6003,9.374967034126273,33.4,17.49,26.009999999999998,0.1376,20.419999999999998,0.8492191707054391,67.5686,33.4,17.49,54.84940999999998,0.7800784493739665,26.009999999999998,0.1376,20.419999999999998,10.522702104097455,86.42045454545455,66.73344280240832,97.92207792207792,50.0,61.18254272013294,0.045714285714285714,0.9142857142857143,0.7085714285714285,1.0,F,A-,B,A+,sharkninjainc
WSFS,WSFS Financial Corp,Financials,Regional Banks,77.76,12.5234,2.33073,,1.516543311002545,30.7,54.50711,11.72,0.381658,10.58,0.8431253785584496,41.0996,30.7,54.50711,41.0996,0.8431253785584496,11.72,0.381658,10.58,54.411764705882355,63.482983189012614,44.11764705882353,94.25587057252808,50.0,61.18012369348461,0.5357142857142857,0.7436974789915967,0.4411764705882353,0.9621848739495799,C+,B,C,A,wsfsfinancialcorp
EME,EMCOR Group Inc,Industrials,Construction & Engineering,762.21,23.3616,1.8078,16.3218,9.236356497840596,33.41,18.92,38.49,0.1038,38.43,0.5097405952873089,21.9536,33.41,18.92,21.9536,0.5097405952873089,38.49,0.1038,29.789999999999996,54.58678250416633,57.423734566591705,76.0882987733246,59.957667404311124,50.0,61.145050713553296,0.5823293172690763,0.6305220883534136,0.8112449799196787,0.5823293172690763,C+,B-,B+,C+,emcorgroupinc
ONB,Old National Bancorp,Financials,Regional Banks,25.49,11.003,2.22033,,1.169244601016495,31.82,79.90764,10.459999999999999,0.43808169999999996,8.88,0.7653797412765528,16.6057,31.82,79.90764,16.6057,0.7653797412765528,10.459999999999999,0.43808169999999996,8.88,72.05882352941177,79.25933203288511,34.45378151260504,68.02481740359694,50.0,61.08498114780062,0.8235294117647058,0.9201680672268907,0.3445378151260504,0.6890756302521008,B+,A-,C-,B-,oldnationalbancorp
ATMU,Atmus Filtration Technologies Inc,Industrials,Industrial Machinery & Supplies & Components,44.71,16.9602,1.9204,12.6434,9.628098283696191,15.91,13.05,54.67999999999999,0.1716,18.22,0.08828451882845187,0.789,15.91,13.05,0.789,0.08828451882845187,54.67999999999999,0.1716,18.22,68.64246100046445,68.17150470786338,81.39059639920225,24.707276182485778,50.0,61.0840205279865,0.7791164658634538,0.7911646586345381,0.8795180722891566,0.20883534136546184,B,B,B+,D+,atmusfiltrationtechnologiesinc
IPAR,Interparfums Inc,Consumer Staples,Household Products,117.93,22.5131,2.5151,13.2242,4.293891045200003,4.55,2.93,19.15,0.1726,15.97,0.7818740399385563,18.0717,4.55,2.93,18.0717,0.7818740399385563,19.15,0.1726,15.97,39.6135265700483,59.100226561657145,73.42995169082126,79.99999999999999,50.0,61.08091487754882,0.34782608695652173,0.5797101449275363,0.782608695652174,0.8115942028985508,C-,C+,B,B+,interparfumsinc
CENT,Central Garden & Pet Co,Consumer Staples,Household Products,39.51,13.2276,0.7133,8.6292,1.5689342286569747,22.39,-1.16,10.15,0.0818,5.87,0.59010989010989,18.72,22.39,-1.16,18.72,0.59010989010989,10.15,0.0818,5.87,78.98550724637681,54.86028697809904,40.09661835748793,76.67601683029451,50.0,61.0777921626449,0.9057971014492754,0.4855072463768116,0.3695652173913043,0.7681159420289855,A-,C,C-,B,centralgardenpetco
FCX,Freeport-McMoRan Inc,Materials,Copper,72.31,35.2592,4.0142,12.0336,5.494305100714997,53.11,-24.23,15.260000000000002,0.2676,10.27,0.8241295187402974,104.6123,53.11,-16.235,79.35161499999998,0.8241295187402974,15.260000000000002,0.2676,10.27,40.19607843137255,39.192343604108316,75.0,96.49859943977592,50.0,60.937208216619986,0.4264705882352941,0.27941176470588236,0.8088235294117647,1.0,C,D+,B+,A+,freeportmcmoraninc
MYRG,MYR Group Inc,Industrials,Construction & Engineering,292.58,27.5586,1.1371,19.2278,6.876905322091982,120.06,16.06,24.169999999999998,0.056299999999999996,22.86,0.3370984211766554,51.6902,120.06,16.06,51.6902,0.3370984211766554,24.169999999999998,0.056299999999999996,22.86,50.23522662076878,73.77385430956859,59.547304865721394,68.6035570854848,50.0,60.92111515063322,0.5220883534136547,0.8514056224899599,0.6024096385542169,0.714859437751004,C+,B+,B-,B,myrgroupinc
JBL,Jabil Inc,Information Technology,Electronic Manufacturing Services,316.74,38.5038,0.9881,23.1481,22.50069262408627,55.75,17.8,62.419999999999995,0.042800000000000005,18.59,0.5312281423059664,50.6851,55.75,17.8,50.6851,0.5312281423059664,62.419999999999995,0.042800000000000005,18.59,68.32098610413529,68.79706335441196,60.0,50.06602937480433,50.0,60.85286507187708,0.7569060773480663,0.7292817679558011,0.6353591160220995,0.4419889502762431,B,B,B-,C,jabilinc
SHOO,Steven Madden Ltd,Consumer Discretionary,Footwear,45.06,23.016,1.2032,15.695,3.7796940008052613,56.95,18.15,16.05,0.075,12.709999999999999,0.7474142623843223,37.7982,56.95,18.15,37.7982,0.7474142623843223,16.05,0.075,12.709999999999999,34.79955703211517,89.80654761904762,45.71756978653531,88.69047619047619,50.0,60.828686466567376,0.30857142857142855,0.9485714285714286,0.4228571428571429,0.88,C-,A,C,B+,stevenmaddenltd
META,Meta Platforms Inc,Communication Services,Interactive Media & Services,751.66,28.1192,8.3894,18.0844,8.7537907549833,-3.69,27.65,29.73,0.38079999999999997,23.74,0.8915114548049152,0.3672,-3.69,27.65,0.3672,0.8915114548049152,29.73,0.36873,23.74,25.839793281653744,68.68925575822126,86.04651162790697,70.43647611410242,50.0,60.79672260185492,0.23255813953488372,0.813953488372093,0.8837209302325582,0.7209302325581395,D+,B+,B+,B,metaplatformsinc
OXY,Occidental Petroleum Corp,Energy,Oil & Gas Exploration & Production,56.86,7.8356,2.6228,5.1161,1.5559027711268665,195.82,1.53,18.970000000000002,0.2614,12.770000000000001,0.6303664921465968,21.0045,195.82,1.53,21.0045,0.6303664921465968,18.970000000000002,0.2614,12.770000000000001,67.66169154228857,54.754635911352324,70.14925373134328,51.90049751243781,50.0,60.78376300316599,0.8059701492537313,0.6119402985074627,0.7238805970149254,0.4626865671641791,B+,B-,B,C,occidentalpetroleumcorp
DLX,Deluxe Corp,Industrials,Commercial Printing,24.33,11.09,0.528,9.1627,1.6091269841269842,70.11,0.29,14.64,0.1188,4.760000000000001,0.4591194968553457,26.5869,70.11,0.29,26.5869,0.4591194968553457,14.64,0.1188,4.760000000000001,91.63237985957436,51.708619565762426,40.193153566647545,62.39399155061806,50.0,60.77690557983157,0.9759036144578314,0.5020080321285141,0.36947791164658633,0.6184738955823293,A+,C+,C-,B-,deluxecorp
AMGN,Amgen Inc,Health Care,Biotechnology,414.61,25.6378,5.884,17.7048,25.801854502458152,31.72,9.1,89.32,0.3032,13.3,0.8171048177817897,52.8911,31.72,9.1,52.8911,0.8171048177817897,89.32,0.3032,13.3,49.46010439970171,51.533368696096346,85.1111111111111,59.12056737588652,50.0,60.773591092099785,0.5133333333333333,0.5133333333333333,0.9066666666666666,0.58,C+,C+,A-,C+,amgeninc
C,Citigroup Inc,Financials,Diversified Banks,134.28,12.6266,1.09533,,1.105372598152444,35.24,99.23775,8.41,0.2301502,1.87,0.7480662983425413,31.5052,35.24,83.28401599999997,31.5052,0.7480662983425413,8.41,0.2301502,1.87,66.80672268907563,84.64361236178118,18.907563025210084,86.6791160908808,50.0,60.69311711910383,0.7142857142857143,0.9663865546218487,0.18907563025210083,0.9033613445378151,B,A,D,A-,citigroupinc
PBI,Pitney Bowes Inc,Industrials,Office Services & Supplies,16.38,11.986,1.2033,8.6641,47.001434720229554,58.9,-5.31,5.27,0.1925,0.13,0.734189723320158,42.0642,58.9,-5.31,42.0642,0.734189723320158,5.27,0.1925,0.13,84.14884025899516,44.71029742458313,33.99994535966997,86.03607522712514,50.0,60.68647093500793,0.8995983935742972,0.37349397590361444,0.28112449799196787,0.8875502008032129,B+,C-,D+,B+,pitneybowesinc
MOG-A,Moog Inc,Industrials,Aerospace & Defense,387.8,31.2117,2.8501,24.8705,6.508294803265895,86.78,15.72,18.58,0.1056,11.77,0.7620071581191167,88.784,86.78,15.72,75.1288999999999,0.7620071581191167,18.58,0.1056,11.77,31.153730568532637,74.45799332445294,55.40365543807885,95.73878325892065,50.0,60.678701818327596,0.23694779116465864,0.8634538152610441,0.5582329317269076,0.9879518072289156,D+,B+,C+,A+,mooginc
HON,Honeywell International Inc,Industrials,Industrial Conglomerates,212.55,7.8123,1.7261,7.9006,8.739971956429669,169.74,-0.11,53.6,0.2884,16.689999999999998,0.052007482129734856,-45.7116,169.74,-0.11,-37.95569999999999,0.052007482129734856,53.6,0.2884,16.689999999999998,82.96587711389778,55.57645400502544,88.1916782777368,8.84130808950086,50.0,60.6729412668139,0.891566265060241,0.5783132530120482,0.9678714859437751,0.04819277108433735,B+,C+,A,F,honeywellinternationalinc
CDE,"Coeur Mining, Inc",Materials,Gold,19.22,23.2323,6.2301,12.3564,3.7249505794798248,211.84,117.26,12.49,0.3369,11.57,0.3987341772151898,5.6044,211.84,46.40449999999998,5.6044,0.3987341772151898,12.49,0.3369,11.57,42.15686274509804,91.13384484228473,75.49019607843137,40.153452685421996,50.0,60.669224211423696,0.4485294117647059,0.9558823529411765,0.8235294117647058,0.3382352941176471,C,A,B+,C-,coeurmininginc
AAMI,Acadian Asset Management Inc,Financials,Asset Management & Custody Banks,93.88,32.8581,4.984,20.351,55.28857479387515,18.22,24.21,161.82000000000002,0.2347,31.369999999999997,0.9186678352322524,95.9269,18.22,24.21,49.25565499999992,0.8823518207991852,44.400499999999866,0.2347,29.45649999999999,6.72268907563025,52.2993798898152,97.68907563025209,95.4173669467787,50.0,60.64629054378936,0.031512605042016806,0.5546218487394958,0.976890756302521,0.9726890756302521,F,C+,A+,A+,acadianassetmanagementinc
ESE,ESCO Technologies Inc,Industrials,Industrial Machinery & Supplies & Components,268.09,22.0626,5.3812,24.8421,4.49393187608958,173.22,16.55,19.97,0.1542,18.17,0.4416810114560455,28.1011,173.22,16.55,28.1011,0.4416810114560455,19.97,0.1542,18.17,32.49460426740978,90.90195991508185,68.3665273338251,61.24726835070514,50.0,60.64512855346612,0.25301204819277107,0.9839357429718876,0.7068273092369478,0.6024096385542169,D+,A+,B,B-,escotechnologiesinc
UMBF,UMB Financial Corp,Financials,Regional Banks,135.82,10.9428,2.36702,,1.3409870897164,40.79,72.21914,12.17,0.3178459,8.25,0.6495794953944733,14.3266,40.79,72.21914,14.3266,0.6495794953944733,12.17,0.3178459,8.25,67.01680672268907,81.25132641987511,46.21848739495798,54.88101782769182,50.0,60.53529237892515,0.7184873949579832,0.9327731092436975,0.46218487394957986,0.5714285714285714,B,A,C,C+,umbfinancialcorp
AA,Alcoa Corp,Materials,Aluminum,42.85,8.8555,0.8313,10.6111,1.8427492011886486,24.14,6.46,19.16,0.0361,14.01,0.2247526600709353,36.6635,24.14,6.46,36.6635,0.2247526600709353,19.16,0.0361,14.01,80.3921568627451,49.31798806479114,60.0,52.42966751918158,50.0,60.447570332480815,0.8970588235294118,0.45588235294117646,0.6176470588235294,0.5147058823529411,B+,C,B-,C+,alcoacorp
FHI,Federated Hermes Inc,Financials,Asset Management & Custody Banks,57.82,10.4813,2.2197,7.9069,3.6903948888477567,19.59,15.25,34.03,0.2751,26.419999999999998,0.5433300876338851,12.0326,19.59,15.25,12.0326,0.5433300876338851,34.03,0.2751,26.419999999999998,48.94957983193277,47.026740205771475,91.59663865546219,54.352941176470594,50.0,60.41249089829716,0.4684873949579832,0.44537815126050423,0.9159663865546218,0.5672268907563025,C,C,A-,C+,federatedhermesinc
VICR,Vicor Corp,Industrials,Electrical Components & Equipment,281.96,89.4958,27.4262,114.5595,17.934219146540812,115.29,24.95,19.830000000000002,0.1864,19.830000000000002,0.6995135635202483,440.7748,115.29,24.95,75.1288999999999,0.6995135635202483,19.830000000000002,0.1864,19.830000000000002,4.696336365871653,90.20785920545825,73.19673250826435,89.39672392192676,50.0,60.394183844011,0.012048192771084338,0.9799196787148594,0.7710843373493976,0.9236947791164659,F,A+,B,A-,vicorcorp
FIBK,First Interstate Bancsystem Inc,Financials,Regional Banks,36.91,10.847,2.2313,,1.0826269322148239,45.92,104.1652,9.55,0.3286886,7.779999999999999,0.6791304347826083,12.9091,45.92,83.28401599999997,12.9091,0.6791304347826083,9.55,0.3286886,7.779999999999999,77.10084033613445,89.54411683431643,28.15126050420168,55.73863190135867,50.0,60.36957495721905,0.8823529411764706,0.9915966386554622,0.2815126050420168,0.5798319327731093,B+,A+,D+,C+,firstinterstatebancsysteminc
PRGS,Progress Software Corp,Information Technology,Systems Software,39.34,18.1197,1.6075,10.078,3.481724046375786,60.3,15.5,18.16,0.17329999999999998,4.8,0.659023354564756,-4.5146,60.3,15.5,-4.5146,0.659023354564756,18.16,0.17329999999999998,4.8,85.91997321279091,60.55791589829369,52.40740740740741,42.805529912539384,50.0,60.2545343172162,0.9005524861878453,0.6243093922651933,0.5359116022099447,0.35359116022099446,A-,B-,C+,C-,progresssoftwarecorp
SAIC,Science Applications International Corp,Industrials,Diversified Support Services,132.61,14.6212,0.7506,10.5675,3.8898943706384994,3.48,-0.78,25.89,0.08,9.610000000000001,0.836786790688007,36.43,3.48,-0.78,36.43,0.836786790688007,25.89,0.08,9.610000000000001,85.17826407671502,21.42274753881897,52.882004207305414,82.03992221203924,50.0,60.20760102117676,0.9116465863453815,0.09236947791164658,0.5220883534136547,0.8473895582329317,A-,D-,C+,B+,scienceapplicationsinternationalcorp
BLKB,Blackbaud Inc,Information Technology,Application Software,43.19,13.0105,1.7075,13.4041,23.716435121629782,71.88,0.63,204.42999999999998,0.1979,12.540000000000001,0.39020607134943497,-32.0057,71.88,0.63,-32.0057,0.39020607134943497,114.73149999999994,0.1979,12.540000000000001,86.02042524694458,40.49232547094302,76.85185185185185,31.765610049692896,50.0,60.169656378826296,0.9060773480662984,0.35911602209944754,0.8066298342541437,0.27071823204419887,A-,C-,B+,D+,blackbaudinc
MNST,Monster Beverage Corp,Consumer Staples,Soft Drinks & Non-alcoholic Beverages,43.11,39.6935,9.161,29.2894,5.108546238801725,34.59,20.37,24.959999999999997,0.2916,24.959999999999997,0.6092971776425012,33.4675,34.59,20.37,33.4675,0.6092971776425012,24.959999999999997,0.2916,24.959999999999997,7.246376811594202,81.92188246536074,84.54106280193237,79.00621118012423,50.0,60.13247863247864,0.014492753623188406,0.927536231884058,0.8840579710144928,0.7971014492753623,F,A-,B+,B,monsterbeveragecorp
IQV,IQVIA Holdings Inc,Health Care,Life Sciences Tools & Services,270.37,32.3657,2.6204,17.3454,7.051315487491915,16.8,8.17,21.95,0.1292,6.279999999999999,0.9427990235964201,53.0194,16.8,8.17,53.0194,0.9427990235964201,21.95,0.1292,6.279999999999999,55.689783743475026,55.194045720361515,58.666666666666664,77.37373737373737,50.0,60.1026692213552,0.5866666666666667,0.58,0.5733333333333334,0.8133333333333334,C+,C+,C+,B+,iqviaholdingsinc
FULT,Fulton Financial Corp,Financials,Regional Banks,23.23,11.1824,2.12687,,1.197256051992764,21.65,55.27646,11.15,0.3345719,8.57,0.7682502896871378,23.5638,21.65,55.27646,23.5638,0.7682502896871378,11.15,0.3345719,8.57,70.3781512605042,58.344428213355044,39.49579831932773,79.78166967721668,50.0,60.09370697307233,0.7773109243697479,0.6512605042016807,0.3949579831932773,0.8109243697478992,B,B-,C-,B+,fultonfinancialcorp
STRL,Sterling Infrastructure Inc,Industrials,Construction & Engineering,512.29,36.3173,4.5573,24.5834,14.179389524262923,50.75,60.83,36.67,0.1752,29.43,0.3186161252268677,51.368,50.75,36.967999999999954,51.368,0.3186161252268677,36.67,0.1752,29.43,21.78947080840368,77.89823673752245,83.35573586864466,65.6598229653307,50.0,59.99791360983272,0.13253012048192772,0.8995983935742972,0.9116465863453815,0.6706827309236948,D,B+,A-,B-,sterlinginfrastructureinc
SANM,Sanmina Corp,Information Technology,Electronic Manufacturing Services,224.77,39.0978,0.9439,21.9082,5.099450283933,19.62,58.56,12.57,0.0415,7.41,0.6414385098743268,98.6654,19.62,54.72500000000002,98.6654,0.6414385098743268,12.57,0.0415,7.41,69.83613761928679,74.42514031477911,35.55555555555555,68.8168285617281,50.0,59.99631706901202,0.7679558011049724,0.8342541436464088,0.3011049723756906,0.7348066298342542,B,B+,C-,B,sanminacorp
LGND,Ligand Pharmaceuticals Inc,Health Care,Biotechnology,301.52,30.4786,20.6889,48.2291,5.861369817211262,,54.89,20.06,0.3261,12.33,0.8461208481431547,80.8107,,50.52599999999997,80.8107,0.8461208481431547,20.06,0.3261,12.33,26.48173005219985,73.43971631205673,77.0,72.08510638297872,50.0,59.975397052057055,0.2,0.8233333333333334,0.7933333333333333,0.72,D,B+,B,B,ligandpharmaceuticalsinc
BJ,BJ's Wholesale Club Holdings Inc,Consumer Staples,Consumer Staples Merchandise Retail,93.79,19.9279,0.5193,10.7386,5.532582599411289,5.1,9.09,27.35,0.037599999999999995,21.2,0.4687073503606943,-0.0533,5.1,9.09,-0.0533,0.4687073503606943,27.35,0.037599999999999995,21.2,70.53140096618358,62.52735455634006,59.42028985507246,49.898013955984965,50.0,59.97299640777902,0.8115942028985508,0.6521739130434783,0.6521739130434783,0.4927536231884058,B+,B-,B-,C,bjswholesaleclubholdingsinc
CATY,Cathay General Bancorp,Financials,Regional Banks,61.45,11.8054,3.2522,,1.41158904266927,23.41,54.98545,11.709999999999999,0.5396866,11.23,0.8160502779792123,27.0416,23.41,54.98545,27.0416,0.8160502779792123,11.709999999999999,0.5396866,11.23,59.87394957983193,59.28980876478688,43.69747899159664,86.09754182046649,50.0,59.97032725990782,0.6050420168067226,0.6638655462184874,0.4369747899159664,0.8865546218487395,B-,B-,C,B+,cathaygeneralbancorp
NWN,Northwest Natural Holding Co,Utilities,Gas Utilities,47.04,15.7159,1.5316,9.8027,1.3254587259366122,18.85,4.41,8.34,0.2285,3.09,0.2764753435731609,7.6677,18.85,4.41,7.6677,0.2764753435731609,8.34,0.2285,3.09,86.20689655172413,55.68037215512026,31.034482758620687,72.43757431629012,50.0,59.93393412186829,0.896551724137931,0.5862068965517241,0.20689655172413793,0.7068965517241379,B+,C+,D+,B,northwestnaturalholdingco
LEA,Lear Corp,Consumer Discretionary,Automotive Parts & Equipment,122.71,10.886,0.2554,8.8126,1.234307119269414,25.31,3.54,10.9,0.0365,7.08,0.4912506907349417,22.3918,25.31,3.54,22.3918,0.4912506907349417,10.9,0.0365,7.08,82.70764119601328,58.854166666666664,26.223316912972084,79.625,50.0,59.92857286057968,0.92,0.6057142857142858,0.2057142857142857,0.7771428571428571,A-,B-,D+,B,learcorp
GDDY,GoDaddy Inc,Information Technology,Internet Services & Infrastructure,97.14,13.5148,2.4103,10.9652,60.84941117514407,20.13,7.41,660.9499999999999,0.2484,23.24,0.35612237786605333,-31.1991,20.13,7.41,-31.1991,0.35612237786605333,114.73149999999994,0.2484,23.24,84.59421563703332,43.069070379887805,86.01851851851852,18.01558452658795,50.0,59.87011452018311,0.8895027624309392,0.40331491712707185,0.8950276243093923,0.10497237569060773,B+,C,B+,D,godaddyinc
AR,Antero Resources Corp,Energy,Oil & Gas Exploration & Production,35.0,9.929,1.7552,5.8512,1.4300248007158294,153.24,25.76,13.86,0.2409,11.04,0.3543543543543543,2.79,153.24,25.76,2.79,0.3543543543543543,13.86,0.2409,11.04,67.16417910447761,84.23714759535655,62.6865671641791,27.562189054726367,50.0,59.82255389718076,0.7910447761194029,0.9402985074626866,0.6119402985074627,0.22388059701492538,B,A,B-,D+,anteroresourcescorp
AMKR,Amkor Technology Inc,Information Technology,Semiconductors,53.61,23.9795,1.786,10.8101,2.965236870488675,81.73,17.93,12.370000000000001,0.0861,8.780000000000001,0.37261471230881277,83.8477,81.73,17.93,83.8477,0.37261471230881277,12.370000000000001,0.0861,8.780000000000001,80.73204419889503,63.2879009382201,43.51851851851851,55.451893032283145,50.0,59.81059947345403,0.8453038674033149,0.6629834254143646,0.4088397790055249,0.5193370165745856,B+,B-,C,C+,amkortechnologyinc
VZ,Verizon Communications Inc,Communication Services,Integrated Telecommunication Services,47.08,12.5306,1.459,7.687,1.9006786407806187,-10.78,1.38,15.52,0.2059,6.11,0.6538750940556808,8.6044,-10.78,1.38,8.6044,0.6538750940556808,15.52,0.2059,6.11,72.68364710225175,39.734129951521254,58.13953488372092,70.41456016177958,50.0,59.735533519153336,0.8372093023255814,0.27906976744186046,0.5348837209302325,0.6976744186046512,B+,D+,C+,B-,verizoncommunicationsinc
ACAD,ACADIA Pharmaceuticals Inc,Health Care,Pharmaceuticals,20.68,9.3651,3.1294,36.3229,2.8695121274352,96.46,47.0,32.39,0.0759,32.39,0.08784383318544796,4.3274,96.46,47.0,4.3274,0.08784383318544796,32.39,0.0759,29.70049999999999,56.50111856823266,86.23751852090447,73.22222222222223,25.271317829457367,50.0,59.73260246768609,0.6,0.9466666666666667,0.7633333333333333,0.19333333333333333,C+,A,B,D,acadiapharmaceuticalsinc
RS,Reliance Inc,Materials,Steel,387.28,22.1217,1.251,14.0023,2.7943731564698884,25.54,15.44,12.33,0.0782,10.17,0.7351629899832087,38.0284,25.54,15.44,38.0284,0.7351629899832087,12.33,0.0782,10.17,52.45098039215687,63.4446351484891,52.94117647058824,78.41784989858013,50.0,59.720536225100126,0.5882352941176471,0.6911764705882353,0.5,0.7941176470588235,C+,B-,C,B,relianceinc
JNJ,Johnson & Johnson,Health Care,Pharmaceuticals,271.22,31.0697,6.6744,21.0843,8.008953302268445,-7.75,8.06,25.740000000000002,0.25730000000000003,16.04,0.9063332065424119,52.6023,-7.75,8.06,52.6023,0.9063332065424119,25.740000000000002,0.25730000000000003,16.04,42.33258762117822,40.786574760033496,80.44444444444444,79.28682170542635,50.0,59.70893730949764,0.43333333333333335,0.36666666666666664,0.8666666666666667,0.86,C,C-,B+,B+,johnsonjohnson
BR,Broadridge Financial Solutions Inc,Industrials,Data Processing & Outsourced Services,163.77,16.6103,2.4975,14.9656,6.57848225332198,35.62,8.53,40.239999999999995,0.174,18.65,0.28540786852114913,-30.275,35.62,8.53,-30.275,0.28540786852114913,40.239999999999995,0.174,18.65,60.138786438270095,68.94774654867823,80.02568095511297,29.366437177280545,50.0,59.70395359353752,0.642570281124498,0.8072289156626506,0.8473895582329317,0.25301204819277107,B-,B+,B+,D+,broadridgefinancialsolutionsinc
SFM,Sprouts Farmers Market Inc,Consumer Staples,Food Retail,62.49,11.5878,0.6472,6.8604,4.272353110087102,7.54,7.2,34.839999999999996,0.07440000000000001,32.84,9.261831990372433e-05,-43.8847,7.54,7.2,-36.942879999999995,0.013134118938152032,34.839999999999996,0.07440000000000001,28.769999999999968,84.54106280193237,68.05035461668683,74.6376811594203,6.387546967257113,50.0,59.682266307126966,0.9710144927536232,0.7536231884057971,0.7971014492753623,0.028985507246376812,A+,B,B,F,sproutsfarmersmarketinc
MO,Altria Group Inc,Consumer Staples,Tobacco,68.82,14.4126,4.8988,12.379,45.051060487038484,-8.27,-0.58,149.65,0.4678,14.12,0.6314847942754915,5.5683,-8.27,-0.58,5.5683,0.6314847942754915,138.81799999999984,0.3524199999999997,14.12,46.85990338164251,36.68266201347487,88.40579710144927,67.17076244486452,50.0,59.587110012440824,0.47101449275362317,0.2753623188405797,0.9855072463768116,0.6231884057971014,C,D+,A+,B-,altriagroupinc
HOPE,Hope Bancorp Inc,Financials,Regional Banks,13.83,13.4918,1.95924,,0.776530039303762,186.09,57.85491,5.74,0.3576271,5.48,0.840634125990822,27.583,185.31,57.85491,27.583,0.840634125990822,5.74,0.3576271,5.48,71.84873949579831,83.34717081084116,8.403361344537815,89.26254613995131,50.0,59.58496860024253,0.8088235294117647,0.9495798319327731,0.08403361344537816,0.9243697478991597,B+,A,D-,A-,hopebancorpinc
FERG,Ferguson Enterprises Inc,Industrials,Trading Companies & Distributors,222.74,17.6887,1.3513,12.4429,7.417743439456508,33.62,3.66,40.62,0.1058,23.61,0.17828936313224694,-1.167,33.62,3.66,-1.167,0.17828936313224694,40.62,0.1058,23.61,73.21367101057291,56.39586261706077,74.17698002895936,32.24569112526472,50.0,59.57597350834817,0.8273092369477911,0.5943775100401606,0.7911646586345381,0.285140562248996,B+,C+,B,D+,fergusonenterprisesinc
DRI,Darden Restaurants Inc,Consumer Discretionary,Restaurants,199.75,19.1829,1.6968,11.7553,10.324544763814732,9.83,8.1,55.900000000000006,0.11689999999999999,20.06,0.5060687101419462,6.8068,9.83,8.1,6.8068,0.5060687101419462,55.900000000000006,0.11689999999999999,20.06,43.323366555924686,60.74404761904762,70.39518336070061,69.66666666666666,50.0,59.511780336299175,0.4342857142857143,0.6628571428571428,0.7542857142857143,0.7085714285714285,C,B-,B,B,dardenrestaurantsinc
SKYW,SkyWest Inc,Industrials,Passenger Airlines,102.29,9.6894,0.9478,5.9313,1.485001183181117,2.47,9.1,15.02,0.14029999999999998,8.04,0.6126035651518957,0.6593,2.47,9.1,0.6593,0.6126035651518957,15.02,0.14029999999999998,8.04,90.75868098243313,45.047755762041476,50.02759336666393,51.441685107778056,50.0,59.494456761238176,0.9678714859437751,0.3855421686746988,0.4899598393574297,0.4779116465863454,A,C-,C,C,skywestinc
NBIX,Neurocrine Biosciences Inc,Health Care,Biotechnology,138.4,19.9408,4.1697,16.4503,4.258658091911935,101.29,34.42,21.13,0.23559999999999998,21.13,0.25414191934979685,-1.7673,101.29,34.42,-1.7673,0.25414191934979685,21.13,0.23559999999999998,21.13,59.033557046979865,87.34622109585274,80.22222222222223,10.97872340425532,50.0,59.478933717322136,0.62,0.96,0.8533333333333334,0.07333333333333333,B-,A,B+,D-,neurocrinebiosciencesinc
TRU,TransUnion,Industrials,Research & Consulting Services,69.17,17.9555,2.7068,10.3909,2.9979022918761484,90.89,12.37,15.950000000000001,0.23,7.39,0.22524271844660204,-17.9575,90.89,12.37,-17.9575,0.22524271844660204,15.950000000000001,0.23,7.39,66.03939567794988,84.26181283324141,59.65084829112368,30.92436260537236,50.0,59.45979607999114,0.7429718875502008,0.927710843373494,0.606425702811245,0.27309236947791166,B,A-,B-,D+,transunion
BKNG,Booking Holdings Inc,Consumer Discretionary,"Hotels, Resorts & Cruise Lines",163.95,17.0882,4.3621,12.8011,55.78428036747192,57.21,12.85,139.63,0.3287,29.37,0.18447769169115683,-26.4897,57.21,12.85,-26.4897,0.18447769169115683,139.63,0.2860499999999996,29.37,31.44739756367663,87.71825396825398,93.10782703886152,28.555555555555557,50.0,59.39356805539644,0.2571428571428571,0.9314285714285714,0.9942857142857143,0.28,D+,A,A+,D+,bookingholdingsinc
RGLD,Royal Gold Inc,Materials,Gold,252.49,28.9894,13.8282,17.2816,2.980988216070583,34.26,93.51,11.55,0.6142,10.459999999999999,0.6086481764577419,30.7493,34.26,46.40449999999998,30.7493,0.6086481764577419,11.55,0.44605999999999996,10.459999999999999,26.470588235294116,75.70332480818414,74.26470588235294,70.33248081841433,50.0,59.39098465473146,0.09558823529411764,0.8529411764705882,0.7941176470588235,0.7352941176470589,D-,B+,B,B,royalgoldinc
CART,Maplebear Inc,Consumer Staples,Food Retail,43.19,20.8302,2.504,15.1005,4.17783108755163,6.57,12.61,16.72,0.14730000000000001,16.72,0.5243107769423558,1.8392,6.57,12.61,1.8392,0.5243107769423558,16.72,0.14730000000000001,16.72,40.09661835748793,72.21833144352654,68.1159420289855,64.22973698336017,50.0,59.3427537819957,0.36231884057971014,0.855072463768116,0.717391304347826,0.5652173913043478,C-,B+,B,C+,maplebearinc
SHC,Sotera Health Co,Health Care,Health Care Services,18.34,32.015,4.3035,17.3875,8.605884285110976,579.33,8.15,26.75,0.32630000000000003,5.74,0.776627218934911,18.018,364.82049999999936,8.15,18.018,0.776627218934911,26.75,0.32630000000000003,5.74,49.46607009694258,71.17947307292623,71.33333333333333,49.39837398373983,50.0,59.31542026890219,0.52,0.8066666666666666,0.7166666666666667,0.47333333333333333,C+,B+,B,C,soterahealthco
NATL,NCR Atleos Corp,Financials,Transaction & Payment Processing Services,46.08,17.3733,0.7706,7.6137,8.427058758983925,39.26,3.49,49.220000000000006,0.10859999999999999,6.12,0.8406846609611586,19.3473,39.26,3.49,19.3473,0.8406846609611586,44.400499999999866,0.10859999999999999,6.12,19.11764705882353,41.83824242837118,97.68907563025209,83.70214752567693,50.0,59.30975866307853,0.13445378151260504,0.35294117647058826,0.976890756302521,0.8571428571428571,D,C-,A+,B+,ncratleoscorp
CARG,CarGurus Inc,Communication Services,Interactive Media & Services,31.3,15.8467,2.9587,9.1313,7.936507936507937,50.61,2.53,56.25,0.2939,56.25,0.33108786977659993,-15.4511,50.61,2.53,-15.4511,0.33108786977659993,56.25,0.2939,44.84,54.798818752307135,53.237473927129095,91.86046511627906,34.971359835032644,50.0,59.3065877195789,0.6046511627906976,0.5581395348837209,0.9767441860465116,0.3023255813953488,B-,C+,A+,C-,cargurusinc
ANET,Arista Networks Inc,Information Technology,Communications Equipment,206.55,64.4083,24.7141,55.6547,20.979766789907774,24.69,32.57,30.78,0.4314,30.78,0.9169074424628876,44.38,24.69,32.57,44.38,0.9169074424628876,30.78,0.4314,30.78,19.162271890172438,70.47290565006845,86.2962962962963,69.14543477195193,50.0,59.28831013102126,0.1270718232044199,0.7513812154696132,0.9005524861878453,0.7403314917127072,D,B,A-,B,aristanetworksinc
CTSH,Cognizant Technology Solutions Corp,Information Technology,IT Consulting & Other Services,57.33,11.6324,1.1932,6.5947,1.8289064842758067,-5.4,5.64,14.940000000000001,0.1588,14.149999999999999,0.4054054054054054,-14.0093,-5.4,5.64,-14.0093,0.4054054054054054,14.940000000000001,0.1588,14.149999999999999,94.63314080026787,34.001830620772864,61.48148148148149,42.232188945806115,50.0,59.27545948375314,0.988950276243094,0.2541436464088398,0.6519337016574586,0.34806629834254144,A+,D+,B-,C-,cognizanttechnologysolutionscorp
ZBRA,Zebra Technologies Corp,Information Technology,Electronic Equipment & Instruments,370.04,31.8774,2.9386,19.8525,5.114652586766922,3.28,12.66,15.14,0.1467,8.86,0.9135057164226947,22.542,3.28,12.66,22.542,0.9135057164226947,15.14,0.1467,8.86,66.57353926000336,49.11592793502152,53.333333333333336,72.35846729781727,50.0,59.27159719490193,0.7348066298342542,0.47513812154696133,0.5524861878453039,0.7790055248618785,B,C,C+,B,zebratechnologiescorp
LUV,Southwest Airlines Co,Industrials,Passenger Airlines,42.68,24.9455,0.6943,12.4915,2.7571771880410347,141.54,9.46,11.27,0.0346,6.69,0.5191489361702127,33.6674,141.54,9.46,33.6674,0.5191489361702127,11.27,0.0346,6.69,72.27221812419747,77.15997001711287,26.467229462065955,70.60611303870053,50.0,59.23807850772854,0.8232931726907631,0.891566265060241,0.20080321285140562,0.7269076305220884,B+,B+,D+,B,southwestairlinesco
WSM,Williams-Sonoma Inc,Consumer Discretionary,Homefurnishing Retail,231.9,23.2157,3.4194,14.8972,13.225431152477414,11.05,2.24,57.79,0.19210000000000002,57.79,0.7427836204967556,15.31,11.05,2.24,15.31,0.7427836204967556,57.79,0.19210000000000002,41.3595,23.197120708748617,48.56331168831169,87.39135194307607,84.3116883116883,50.0,59.22211816295618,0.12571428571428572,0.4514285714285714,0.9657142857142857,0.8228571428571428,D,C,A,B+,williamssonomainc
YUM,Yum! Brands Inc,Consumer Discretionary,Restaurants,138.63,17.4227,4.4291,17.0899,63.914246196403866,57.23,10.28,117.63999999999999,0.3099,26.46,0.12179487179487193,-7.8319,57.23,10.28,-7.8319,0.12179487179487193,117.63999999999999,0.2860499999999996,26.46,24.28682170542636,80.45634920634922,91.19211822660098,46.3015873015873,50.0,59.221322284594144,0.14857142857142858,0.8857142857142857,0.9885714285714285,0.44,D,B+,A+,C,yumbrandsinc
NTNX,Nutanix Inc,Information Technology,Systems Software,68.03,12.2156,6.4505,69.192,26.224894953933926,705.43,12.44,180.70999999999998,0.096,61.809999999999995,0.7655265526552655,-11.0254,703.5419999999999,12.44,-11.0254,0.7655265526552655,114.73149999999994,0.096,61.4965,49.507157207433444,66.37895883463241,78.51851851851852,44.666062457969616,50.0,59.215423190008394,0.5193370165745856,0.7016574585635359,0.8342541436464088,0.3756906077348066,C+,B,B+,C-,nutanixinc
EXLS,Exlservice Holdings Inc,Industrials,Data Processing & Outsourced Services,34.75,21.0742,2.3548,14.0392,5.955849586946834,10.07,13.63,28.49,0.149,20.14,0.5084745762711864,-19.5974,10.07,13.63,-19.5974,0.5084745762711864,28.49,0.149,20.14,58.02311285960167,61.358785582388066,74.36384995765376,44.03442340791739,50.0,59.17538250237495,0.6305220883534136,0.7068273092369478,0.7951807228915663,0.40963855421686746,B-,B,B,C,exlserviceholdingsinc
EBAY,eBay Inc,Consumer Discretionary,Broadline Retail,107.9,21.6091,3.9986,21.0858,10.49774283935243,6.66,14.69,48.28,0.2052,19.580000000000002,0.7235949612403102,15.8844,6.66,14.69,15.8844,0.7235949612403102,48.28,0.2052,19.580000000000002,17.593576965669985,65.07554945054945,79.34099616858238,84.32967032967034,50.0,59.11468723960705,0.09142857142857143,0.72,0.8685714285714285,0.8285714285714286,D-,B,B+,B+,ebayinc
DECK,Deckers Outdoor Corp,Consumer Discretionary,Footwear,78.67,10.5568,1.9383,6.8658,4.405456561425516,8.23,7.85,41.099999999999994,0.2267,41.099999999999994,0.02904841402337243,-25.6638,8.23,7.85,-25.6638,0.02904841402337243,41.099999999999994,0.2267,41.099999999999994,66.2126245847176,58.0654761904762,85.27312534209085,23.142857142857142,50.0,59.113104148368784,0.7028571428571428,0.5942857142857143,0.9485714285714286,0.2057142857142857,B,C+,A,D+,deckersoutdoorcorp
QLYS,Qualys Inc,Information Technology,Systems Software,172.43,28.8811,8.4856,22.6767,10.979026322156711,15.01,10.35,37.169999999999995,0.3408,37.169999999999995,0.7708415334960247,27.3862,15.01,10.35,27.3862,0.7708415334960247,37.169999999999995,0.3408,37.169999999999995,51.961953792064286,36.439623880003566,85.92592592592592,61.41079924838682,50.0,59.04205455517563,0.56353591160221,0.30386740331491713,0.8895027624309392,0.5911602209944752,C+,C-,B+,C+,qualysinc
FOXA,Fox Corp,Communication Services,Broadcasting,63.07,14.9259,1.4685,7.3372,2.275827229098257,-21.76,5.07,14.74,0.1953,9.34,0.5251336898395721,4.7153,-21.76,5.07,4.7153,0.5251336898395721,14.74,0.1953,9.34,70.7733480989295,47.98970398970398,60.077519379844965,58.46046511627907,50.0,59.00275069089023,0.7790697674418605,0.5,0.6395348837209303,0.6046511627906976,B,C,B-,B-,foxcorp
PR,Permian Resources Corp,Energy,Oil & Gas Exploration & Production,21.36,14.4881,3.1182,5.3588,1.7376024990238188,-1.68,12.81,11.32,0.3132,8.62,0.7418409285585182,56.0263,-1.68,12.81,56.0263,0.7418409285585182,11.32,0.3132,8.62,56.716417910447774,44.522840343735865,58.208955223880594,81.70480928689884,50.0,58.976873209709034,0.6268656716417911,0.40298507462686567,0.5223880597014925,0.835820895522388,B-,C,C+,B+,permianresourcescorp
WCC,Wesco International Inc,Industrials,Trading Companies & Distributors,367.44,25.9674,0.7259,15.1458,3.5533446543167373,6.03,12.51,13.84,0.053399999999999996,6.4399999999999995,0.9014677702191407,76.2218,6.03,12.51,75.1288999999999,0.8612055039279215,13.84,0.053399999999999996,6.4399999999999995,63.46365052044914,53.27677112994132,31.591399612053653,97.78500440207175,50.0,58.97611763952831,0.7028112449799196,0.5341365461847389,0.2570281124497992,0.9919678714859438,B,C+,D+,A+,wescointernationalinc
ANIP,ANI Pharmaceuticals Inc,Health Care,Pharmaceuticals,74.0,15.6939,1.7374,8.2575,3.0794967935780004,,30.9,19.64,0.1537,9.28,0.16119620714806715,-20.7454,,30.9,-20.7454,0.16119620714806715,19.64,0.1537,9.28,82.87397464578673,69.34108527131784,63.666666666666664,17.30232558139535,50.0,58.963842498655985,0.92,0.7866666666666666,0.6466666666666666,0.11333333333333333,A-,B,B-,D,anipharmaceuticalsinc
SYF,Synchrony Financial,Financials,Consumer Finance,72.94,6.746,0.73096,,1.5096135935592028,18.3,20.4839,20.94,0.1839285,10.85,0.3838069287660568,-1.804,18.3,20.4839,-1.804,0.3838069287660568,20.94,0.1839285,10.85,75.4201680672269,42.18794601159018,76.47058823529412,37.47899159663866,50.0,58.90607659727602,0.8634453781512605,0.35714285714285715,0.7647058823529411,0.37815126050420167,B+,C-,B,C-,synchronyfinancial
FSLR,First Solar Inc,Information Technology,Semiconductors,177.71,10.9383,3.5512,7.3353,1.999374457150315,38.7,23.82,18.02,0.33649999999999997,17.2,0.046020646020646004,-20.3273,38.7,23.82,-20.3273,0.09154450423702606,18.02,0.33649999999999997,17.2,84.48853172610079,62.05636692502203,74.07407407407408,9.0011371689637,50.0,58.85215226884087,0.8839779005524862,0.6353591160220995,0.7569060773480663,0.04419889502762431,B+,B-,B,F,firstsolarinc
CACC,Credit Acceptance Corp,Financials,Specialized Finance,555.68,11.4929,2.476,10.9743,3.8952090078811246,28.75,2.58,32.35,0.4702,6.35,0.5760413545100388,19.1424,28.75,2.58,19.1424,0.5760413545100388,32.35,0.4702,6.35,42.016806722689076,37.838680570533526,89.91596638655463,66.4815491413957,50.0,58.847239219696775,0.3739495798319328,0.31092436974789917,0.8991596638655462,0.680672268907563,C-,C-,B+,B-,creditacceptancecorp
A,Agilent Technologies Inc,Health Care,Life Sciences Tools & Services,172.79,33.8295,6.608,26.6521,7.255450300648325,18.74,8.6,20.47,0.2223,13.669999999999998,0.9701897018970187,38.9612,18.74,8.6,38.9612,0.9701897018970187,20.47,0.2223,13.669999999999998,36.30723340790454,59.859117490696434,74.66666666666667,70.46464646464646,50.0,58.808227809711376,0.35333333333333333,0.64,0.78,0.6933333333333334,C-,B-,B,B-,agilenttechnologiesinc
ADSK,Autodesk Inc,Information Technology,Application Software,209.4,26.6532,5.618,20.6236,14.578923916675949,59.92,17.94,52.5,0.262,28.02,0.169684061057863,-34.6717,59.92,17.94,-34.6717,0.169684061057863,52.5,0.262,28.02,59.54398961995647,68.52407038446731,84.07407407407408,20.890212660884597,50.0,58.78737253257802,0.6408839779005525,0.7182320441988951,0.8674033149171271,0.13812154696132597,B-,B,B+,D,autodeskinc
XPEL,Xpel Inc,Consumer Discretionary,Automotive Parts & Equipment,43.48,20.9652,2.2585,15.349,4.282225023636936,12.87,13.19,19.15,0.13470000000000001,18.43,0.49078246620237603,35.157,12.87,13.19,35.157,0.49078246620237603,19.15,0.13470000000000001,18.43,29.47619047619047,73.69047619047619,60.61193212917351,82.25,50.0,58.71012588943624,0.21714285714285714,0.8114285714285714,0.6057142857142858,0.8171428571428572,D+,B+,B-,B+,xpelinc
ENS,EnerSys,Industrials,Electrical Components & Equipment,178.89,18.3002,1.7005,11.4369,3.4234896284856378,6.65,3.73,18.48,0.1295,11.58,0.5194328116964219,62.8049,6.65,3.73,62.8049,0.5194328116964219,18.48,0.1295,11.58,71.78045515394912,30.665725749759368,58.33784116056061,75.14245904902408,50.0,58.691211038384125,0.8152610441767069,0.18072289156626506,0.5903614457831325,0.7630522088353414,B+,D,C+,B,enersys
CRS,Carpenter Technology Corp,Industrials,Industrial Machinery & Supplies & Components,396.84,37.1212,6.295,23.9609,8.837264198212683,41.87,8.59,25.869999999999997,0.21960000000000002,19.34,0.4242370943628528,70.7573,41.87,8.59,70.7573,0.4242370943628528,25.869999999999997,0.21960000000000002,19.34,17.911646586345384,68.58714138648529,81.01794934841406,76.18847564936067,50.0,58.68752239085906,0.0963855421686747,0.7991967871485943,0.8674698795180723,0.7751004016064257,D-,B,B+,B,carpentertechnologycorp
FICO,Fair Isaac Corp,Information Technology,Application Software,863.09,22.8716,7.7878,19.204,75.87871221845165,35.35,24.09,145.71,0.5165,30.869999999999997,0.012572963821081288,-44.2578,35.35,24.09,-42.32334,0.09154450423702606,114.73149999999994,0.4317149999999999,30.869999999999997,59.412146325129754,69.21736274552606,94.62962962962962,6.630482422296986,50.0,58.68001302225446,0.6353591160220995,0.7348066298342542,0.9834254143646409,0.024861878453038673,B-,B,A+,F,fairisaaccorp
LECO,Lincoln Electric Holdings Inc,Industrials,Industrial Machinery & Supplies & Components,271.7,26.7531,3.3049,18.0637,10.138589329293321,12.44,9.32,37.21,0.17129999999999998,20.23,0.5915973555129024,14.9761,12.44,9.32,14.9761,0.5915973555129024,37.21,0.17129999999999998,20.23,38.474441985629596,58.55974222177456,79.62407452941015,62.069199921623444,50.0,58.65041755743954,0.3413654618473896,0.6666666666666666,0.8433734939759037,0.6144578313253012,C-,B-,B+,B-,lincolnelectricholdingsinc
CSCO,Cisco Systems Inc,Information Technology,Communications Equipment,106.7,31.7083,6.6431,27.2039,8.373027394787849,30.78,11.77,27.389999999999997,0.2427,16.97,0.627639421231174,57.2587,30.78,11.77,57.2587,0.627639421231174,27.389999999999997,0.2427,16.97,49.46320944249121,53.3689548253637,73.98148148148148,60.572294351859085,50.0,58.649422566437735,0.5138121546961326,0.5469613259668509,0.7513812154696132,0.580110497237569,C+,C+,B,C+,ciscosystemsinc
ADI,Analog Devices Inc,Information Technology,Semiconductors,393.6,46.1245,13.7393,34.7687,5.699350569428255,114.38,33.65,12.26,0.3555,9.73,0.764835461247977,59.011,114.38,33.65,59.011,0.764835461247977,12.26,0.3555,9.73,33.7414197220827,81.22879119221778,62.59259259259259,66.5101621993901,50.0,58.631293756990395,0.32044198895027626,0.9060773480662984,0.6685082872928176,0.6685082872928176,C-,A-,B-,B-,analogdevicesinc
TTC,Toro Co,Industrials,Agricultural & Farm Machinery,97.15,25.3139,1.9349,16.6304,6.543629811740141,13.31,5.15,26.06,0.10310000000000001,15.22,0.785885486018642,28.3695,13.31,5.15,28.3695,0.785885486018642,26.06,0.10310000000000001,15.22,50.5619757943338,49.37258687258687,63.03144550993088,76.77232740485752,50.0,58.62733818155505,0.5301204819277109,0.44176706827309237,0.6586345381526104,0.7831325301204819,C+,C,B-,B,toroco
TWLO,Twilio Inc,Information Technology,Systems Software,275.8,36.8717,7.6011,130.7722,5.374259285601545,5800.25,17.82,14.149999999999999,0.052000000000000005,12.61,0.8596771848189618,172.18,703.5419999999999,17.82,172.18,0.8596771848189618,14.149999999999999,0.052000000000000005,12.61,32.690858864892014,79.23221045192898,47.22222222222222,88.9567485715515,50.0,58.616062076474655,0.30939226519337015,0.8895027624309392,0.4585635359116022,0.9392265193370166,C-,B+,C,A,twilioinc
SXI,Standex International Corp,Industrials,Industrial Machinery & Supplies & Components,280.17,32.8854,3.8593,17.4722,4.49440545418087,86.72,12.85,14.35,0.21710000000000002,8.39,0.4897921872143337,38.8768,86.72,12.85,38.8768,0.4897921872143337,14.35,0.21710000000000002,8.39,32.06622407999344,80.75741578826793,59.11755867005437,73.04843688997816,50.0,58.557116223161174,0.24497991967871485,0.9156626506024096,0.5943775100401606,0.751004016064257,D+,A-,C+,B,standexinternationalcorp
LDOS,Leidos Holdings Inc,Industrials,Diversified Support Services,123.61,11.2733,0.8797,8.4887,3.177765666454147,85.67,3.41,27.35,0.11380000000000001,13.170000000000002,0.23150313347675613,-32.2165,85.67,3.41,-32.2165,0.23150313347675613,27.35,0.11380000000000001,13.170000000000002,87.89935251208918,60.500420991492426,63.54069338578805,17.776883663286416,50.0,58.51547240542507,0.9477911646586346,0.6947791164658634,0.6666666666666666,0.12048192771084337,A,B-,B-,D,leidosholdingsinc
JPM,JPMorgan Chase & Co,Financials,Diversified Banks,343.06,14.0151,2.89596,,2.552115802645107,19.48,108.9793,17.810000000000002,0.4122809,4.43,0.7318077803203661,9.4465,19.48,83.28401599999997,9.4465,0.7318077803203661,17.810000000000002,0.4122809,4.43,37.81512605042016,70.75071513555062,68.0672268907563,64.21413009648303,50.0,58.46355728170085,0.31932773109243695,0.8487394957983193,0.680672268907563,0.6470588235294118,C-,B+,B-,B-,jpmorganchaseco
CPAY,Corpay Inc,Financials,Transaction & Payment Processing Services,398.11,22.9136,5.2066,12.7641,7.007375072606622,12.37,20.36,30.4,0.4361,8.43,0.8319207421830261,36.255,12.37,20.36,36.255,0.8319207421830261,30.4,0.4361,8.43,13.65546218487395,46.898424258939286,88.23529411764706,92.95985060690944,50.0,58.444344048800005,0.07983193277310924,0.4411764705882353,0.8823529411764706,0.9453781512605042,D-,C,B+,A,corpayinc
TTMI,TTM Technologies Inc,Information Technology,Electronic Manufacturing Services,129.17,58.053,4.0039,39.0305,7.577508579473791,145.74,28.41,13.089999999999998,0.1007,8.59,0.45200879935162663,136.9657,145.74,28.41,136.9657,0.45200879935162663,13.089999999999998,0.1007,8.59,42.70781014565545,88.20372844107857,45.833333333333336,68.23693852984881,50.0,58.42341926393267,0.39779005524861877,0.9558011049723757,0.4419889502762431,0.7182320441988951,C-,A,C,B,ttmtechnologiesinc
CASY,Caseys General Stores Inc,Consumer Staples,Food Retail,598.46,28.6216,1.1846,15.4563,5.5888532979706955,33.36,13.78,19.68,0.0588,12.139999999999999,0.23481311125049373,10.1872,33.36,13.78,10.1872,0.23481311125049373,19.68,0.0588,12.139999999999999,42.028985507246375,86.6821821392613,55.555555555555564,58.33601717659688,50.0,58.39977512887212,0.391304347826087,0.9420289855072463,0.5942028985507246,0.5507246376811594,C-,A,C+,C+,caseysgeneralstoresinc
NX,Quanex Building Products Corp,Industrials,Building Products,19.74,19.9455,0.4855,7.1825,1.2415953304945624,,1.26,6.1899999999999995,0.0596,3.18,0.7078925956061839,46.3306,,1.26,46.3306,0.7078925956061839,6.1899999999999995,0.0596,3.18,87.66439909297053,43.75,19.741551238969482,88.9695106958446,50.0,58.39538972215392,0.9357429718875502,0.3493975903614458,0.13654618473895583,0.9156626506024096,A,C-,D,A-,quanexbuildingproductscorp
NSIT,Insight Enterprises Inc,Industrials,Technology Distributors,159.03,22.1749,0.544,11.4917,2.989493630196085,63.02,2.68,13.08,0.045599999999999995,6.94,0.9097037289176327,42.296,63.02,2.68,42.296,0.8612055039279215,13.08,0.045599999999999995,6.94,79.14105401196622,50.37986236965829,30.79911482665355,79.10745020899927,50.0,58.382504725386454,0.8634538152610441,0.46987951807228917,0.25301204819277107,0.7991967871485943,B+,C,D+,B,insightenterprisesinc
DAN,Dana Inc,Consumer Discretionary,Automotive Parts & Equipment,27.14,2.5454,0.3848,24.6842,3.627857238337121,,-23.37,90.10000000000001,0.018799999999999997,28.860000000000003,0.4307974335472044,37.7665,,-10.757999999999997,37.7665,0.4307974335472044,90.10000000000001,0.018799999999999997,28.860000000000003,65.7641196013289,27.455357142857142,60.0,82.23214285714285,50.0,58.378529900332225,0.6971428571428572,0.15428571428571428,0.5828571428571429,0.8114285714285714,B-,D,C+,B+,danainc
TOL,Toll Brothers Inc,Consumer Discretionary,Homebuilding,137.34,10.5605,1.1763,9.1767,1.574169589436765,-8.47,-1.08,14.23,0.1384,10.71,0.313868613138686,1.7258,-8.47,-1.08,1.7258,0.313868613138686,14.23,0.1384,10.71,67.64341085271317,50.341836734693885,51.40667761357417,67.68979591836735,50.0,58.36884864718409,0.7257142857142858,0.4742857142857143,0.4685714285714286,0.6742857142857143,B,C,C,B-,tollbrothersinc
DINO,HF Sinclair Corp,Energy,Oil & Gas Refining & Marketing,106.82,9.9169,0.792,5.5848,2.114393393559829,-40.03,-10.74,19.86,0.0849,15.32,0.8408090258668133,97.7782,-40.03,-10.74,97.7782,0.8408090258668133,19.86,0.0849,15.32,79.10447761194031,15.305973326216934,59.20398009950248,78.6515697375193,50.0,58.36862304060794,0.9253731343283582,0.07462686567164178,0.5522388059701493,0.7611940298507462,A-,D-,C+,B,hfsinclaircorp
MTCH,Match Group Inc,Communication Services,Interactive Media & Services,40.55,13.1514,2.6524,11.1175,,41.02,1.7,17.73,0.2815,5.48,0.7280620155038757,12.9841,41.02,1.7,12.9841,0.7280620155038757,17.73,0.2815,5.48,55.50018456995201,47.94135268273199,58.91472868217054,75.70397525489747,50.0,58.332793900556524,0.627906976744186,0.46511627906976744,0.5581395348837209,0.7674418604651163,B-,C,C+,B,matchgroupinc
ULS,UL Solutions Inc,Industrials,Research & Consulting Services,66.05,26.4067,4.2388,14.6693,10.521201694861256,53.35,6.61,37.62,0.2394,28.599999999999998,0.06490872210953336,-3.6048,53.35,6.61,-3.6048,0.06490872210953336,37.62,0.2394,28.599999999999998,43.01013578122011,62.84073188835093,90.25653634947956,37.13921445418864,50.0,58.31265730118283,0.3895582329317269,0.7269076305220884,0.9718875502008032,0.3453815261044177,C-,B,A+,C-,ulsolutionsinc
KTB,Kontoor Brands Inc,Consumer Discretionary,"Apparel, Accessories & Luxury Goods",65.37,13.3339,1.1642,11.1444,6.392653875491405,7.16,15.78,45.96,0.1191,15.079999999999998,0.2801342691486118,-17.7218,7.16,15.78,-17.7218,0.2801342691486118,45.96,0.1191,15.079999999999998,58.20708748615726,73.08004926108374,65.03010399562123,38.85714285714286,50.0,58.196736294089945,0.6342857142857142,0.8057142857142857,0.6742857142857143,0.38285714285714284,B-,B+,B-,C-,kontoorbrandsinc
KFY,Korn Ferry,Industrials,Human Resource & Employment Services,71.73,13.9885,1.3099,7.2696,1.8263340411555327,12.84,6.94,14.14,0.1288,11.76,0.4474789915966387,1.7014,12.84,6.94,1.7014,0.4474789915966387,14.14,0.1288,11.76,85.52031254268775,49.66572836030964,52.76179548124471,43.387455522300314,50.0,58.18116378250511,0.9196787148594378,0.4457831325301205,0.5180722891566265,0.39357429718875503,A-,C,C+,C-,kornferry
UNP,Union Pacific Corp,Industrials,Rail Transportation,273.79,22.1899,6.4011,15.0871,8.795420303449871,7.27,4.17,38.65,0.4003,14.63,0.5799323113677087,18.0129,7.27,4.17,18.0129,0.5799323113677087,38.65,0.28918,14.63,42.05775482883917,43.35515639863466,85.0471272846488,63.39451862463163,50.0,58.126155533025255,0.3855421686746988,0.3413654618473896,0.9437751004016064,0.6265060240963856,C-,C-,A,B-,unionpacificcorp
BKE,Buckle Inc,Consumer Discretionary,Apparel Retail,42.27,9.8599,1.639,6.2983,5.092280262143408,8.7,6.22,46.910000000000004,0.2084,46.910000000000004,0.13711240310077547,-28.0755,8.7,6.22,-28.0755,0.13711240310077547,46.910000000000004,0.2084,41.3595,72.1373200442968,44.39285714285714,87.95840175150518,20.895238095238092,50.0,58.081549496569544,0.8,0.38285714285714284,0.9771428571428571,0.17142857142857143,B,C-,A+,D,buckleinc
ABM,ABM Industries Inc,Industrials,Environmental & Facilities Services,49.78,17.5562,0.319,12.1392,1.6776363458667396,50.3,6.0,9.43,0.0352,4.79,0.8948577092480267,10.4749,50.3,6.0,10.4749,0.8612055039279215,9.43,0.0352,4.79,84.73950222659344,60.33404974291673,21.698767860557876,72.00240794281984,50.0,58.07685905893514,0.9036144578313253,0.6907630522088354,0.17269076305220885,0.7389558232931727,A-,B-,D,B,abmindustriesinc
CPK,Chesapeake Utilities Corp,Utilities,Gas Utilities,128.77,20.667,3.0249,13.207,1.9249857984273626,11.82,14.76,9.33,0.2642,4.63,0.45056947608200487,-2.3508,11.82,14.76,-2.3508,0.45056947608200487,9.33,0.2642,4.63,41.37931034482759,74.59373761395163,61.49425287356322,62.116527942925075,50.0,58.060443915973046,0.39655172413793105,0.8275862068965517,0.6551724137931034,0.603448275862069,C-,B+,B-,B-,chesapeakeutilitiescorp
DXPE,DXP Enterprises Inc,Industrials,Trading Companies & Distributors,192.1,31.9964,1.3934,17.907,5.978984848673481,8.39,11.47,18.27,0.08800000000000001,7.24,0.8717328170377541,60.1367,8.39,11.47,60.1367,0.8612055039279215,18.27,0.08800000000000001,7.24,46.513127339289134,58.01822457630499,44.22724913258477,93.79553764762804,50.0,58.04784656275508,0.4497991967871486,0.6506024096385542,0.40562248995983935,0.9718875502008032,C,B-,C,A+,dxpenterprisesinc
PFS,Provident Financial Services Inc,Financials,Regional Banks,22.84,9.5258,2.313,,1.0529955510476936,35.2,36.72119,11.0,0.4091399,9.35,0.6602564102564104,16.8884,35.2,36.72119,16.8884,0.6602564102564104,11.0,0.4091399,9.35,84.03361344537817,50.244404677922745,37.60504201680672,62.90897667478205,50.0,58.04034013608718,0.9369747899159664,0.5084033613445378,0.3760504201680672,0.634453781512605,A,C+,C-,B-,providentfinancialservicesinc
VRSN,"VeriSign, Inc",Information Technology,Internet Services & Infrastructure,287.25,31.8432,15.848,24.0811,73.51247600767753,9.82,6.86,113.55,0.6786,62.99,0.7565141864504921,1.2549,9.82,6.86,1.2549,0.7565141864504921,113.55,0.4317149999999999,61.4965,43.25401808136615,34.04819704589707,96.48148148148148,56.460883170658164,50.0,58.03569093402295,0.4088397790055249,0.2596685082872928,1.0,0.5248618784530387,C,D+,A+,C+,verisigninc
GWW,WW Grainger Inc,Industrials,Industrial Machinery & Supplies & Components,1243.07,31.31,3.1069,20.1095,15.777542827333846,-0.69,7.8,48.699999999999996,0.1457,29.880000000000003,0.6555445178129685,30.6144,-0.69,7.8,30.6144,0.6555445178129685,48.699999999999996,0.1457,29.789999999999996,32.94647979673797,43.00984043817755,82.94183536868563,77.26148834971222,50.0,58.02634454893386,0.2570281124497992,0.3253012048192771,0.9036144578313253,0.7871485943775101,D+,C-,A-,B,wwgraingerinc
CFR,Cullen/Frost Bankers Inc,Financials,Regional Banks,157.42,14.31,3.18716,,2.1785672273850136,13.89,75.94571,15.040000000000001,0.4079103,7.340000000000001,0.7416988416988413,22.8213,13.89,75.94571,22.8213,0.7416988416988413,15.040000000000001,0.4079103,7.340000000000001,41.17647058823529,62.38442733218557,59.66386554621849,76.69363072331736,50.0,58.025695644714034,0.35294117647058826,0.7226890756302521,0.5966386554621849,0.7941176470588235,C-,B,C+,B,cullenfrostbankersinc
PLAB,Photronics Inc,Information Technology,Semiconductor Materials & Equipment,30.4,10.8642,2.0691,4.5628,1.492896464683668,60.21,1.25,13.459999999999999,0.22460000000000002,13.44,0.2878998609179415,27.1435,60.21,1.25,27.1435,0.2878998609179415,13.459999999999999,0.22460000000000002,13.44,91.8759417378202,44.34583933629413,63.24074074074074,26.79594749325621,50.0,58.0075279855503,0.9558011049723757,0.4088397790055249,0.6740331491712708,0.20994475138121546,A,C,B-,D+,photronicsinc
LVS,Las Vegas Sands Corp,Consumer Discretionary,Casinos & Gaming,38.99,14.623,1.8408,8.3106,16.55204618780778,29.56,18.11,139.84,0.21489999999999998,10.24,0.028712565606668714,-26.5172,29.56,18.11,-26.5172,0.028712565606668714,139.84,0.21489999999999998,10.24,58.33997785160576,79.7202380952381,76.07991242474002,16.99047619047619,50.0,57.9471154262293,0.64,0.8742857142857143,0.8114285714285714,0.09428571428571429,B-,B+,B+,D-,lasvegassandscorp
AEE,Ameren Corp,Utilities,Multi-Utilities,99.39,17.6043,3.145,12.9325,2.04995039610924,24.77,3.76,11.700000000000001,0.2492,4.58,0.12965517241379346,-1.6361,24.77,3.76,-1.6361,0.12965517241379346,11.700000000000001,0.2492,4.58,51.14942528735633,59.40795605042429,70.6896551724138,52.80521901211556,50.0,57.90240512745051,0.5517241379310345,0.6206896551724138,0.8103448275862069,0.5344827586206896,C+,B-,B+,C+,amerencorp
PNW,Pinnacle West Capital Corp,Utilities,Multi-Utilities,91.74,17.37,2.0018,10.8369,1.5740844007103454,7.43,5.69,9.04,0.2052,3.5700000000000003,0.23089108910891082,6.5753,7.43,5.69,6.5753,0.23089108910891082,9.04,0.2052,3.5700000000000003,74.13793103448275,56.086394924870426,35.05747126436781,71.5004659832246,50.0,57.81622275633165,0.8448275862068966,0.603448275862069,0.29310344827586204,0.6896551724137931,B+,B-,D+,B-,pinnaclewestcapitalcorp
PCTY,Paylocity Holding Corp,Industrials,Human Resource & Employment Services,143.35,28.1964,4.2938,14.8959,6.252071666579439,23.04,11.04,23.44,0.21789999999999998,21.89,0.6981838347428253,-12.4901,23.04,11.04,-12.4901,0.6981838347428253,23.44,0.21789999999999998,21.89,40.19451957489823,69.41144441144442,80.74802611807776,43.42572259481275,50.0,57.80306982449543,0.36947791164658633,0.8152610441767069,0.8594377510040161,0.39759036144578314,C-,B+,B+,C-,paylocityholdingcorp
CIEN,Ciena Corp,Information Technology,Communications Equipment,356.91,77.3412,8.4062,68.5217,18.44048215678879,362.8,32.57,22.82,0.1215,13.55,0.4430771673547158,160.1954,362.8,32.57,160.1954,0.4430771673547158,22.82,0.1215,13.55,23.734932194876944,89.76242196573614,62.31481481481482,66.52994010345272,50.0,57.77090916626071,0.1878453038674033,0.9723756906077348,0.6574585635359116,0.6740331491712708,D,A+,B-,B-,cienacorp
PAYX,Paychex Inc,Industrials,Human Resource & Employment Services,101.37,19.981,5.4655,13.2115,9.650884926264078,12.94,13.97,47.11,0.39189999999999997,21.02,0.3548027635391131,-19.9858,12.94,13.97,-19.9858,0.3548027635391131,47.11,0.28918,21.02,48.94189000901565,67.45254700919725,91.57773952954676,20.601872656000502,50.0,57.74079131768015,0.4979919678714859,0.7831325301204819,0.9839357429718876,0.1606425702811245,C,B,A+,D,paychexinc
PPG,PPG Industries Inc,Materials,Specialty Chemicals,107.52,15.2046,1.4556,11.0904,3.025170362784102,58.96,1.47,19.470000000000002,0.12789999999999999,10.32,0.35289710289710274,3.4642,58.96,1.47,3.4642,0.35289710289710274,19.470000000000002,0.12789999999999999,10.32,66.66666666666667,57.63355557431007,71.56862745098039,33.25681492109039,50.0,57.73689762849186,0.7794117647058824,0.6323529411764706,0.75,0.29411764705882354,B,B-,B,D+,ppgindustriesinc
RRC,Range Resources Corp,Energy,Oil & Gas Exploration & Production,38.61,10.4869,2.7584,7.1619,2.1050508134513892,82.05,16.85,19.3,0.3115,15.690000000000001,0.3793985924504158,3.4566,82.05,16.85,3.4566,0.3793985924504158,19.3,0.3115,15.690000000000001,54.726368159203986,70.11231720186944,74.62686567164178,31.64179104477612,50.0,57.689130107040555,0.5671641791044776,0.8059701492537313,0.835820895522388,0.2835820895522388,C+,B+,B+,D+,rangeresourcescorp
PLMR,Palomar Holdings Inc,Financials,Property & Casualty Insurance,123.99,16.0619,3.0132,14.2936,3.488264139159204,30.94,60.67,21.61,0.2408,18.66,0.49519225633893665,8.3829,30.94,60.67,8.3829,0.49519225633893665,21.61,0.2408,18.66,29.20168067226891,72.62082625842702,77.31092436974791,57.47489239598278,50.0,57.64729499138616,0.24789915966386555,0.8739495798319328,0.773109243697479,0.592436974789916,D+,B+,B,C+,palomarholdingsinc
BRC,Brady Corp,Industrials,Commercial Printing,84.02,19.1864,2.3715,12.2206,2.9026061962800207,9.26,9.78,15.620000000000001,0.1586,14.95,0.4683963085495386,9.3299,9.26,9.78,9.3299,0.4683963085495386,15.620000000000001,0.1586,14.95,63.85159686364506,54.63612963612964,61.149086140480286,52.273137075202484,50.0,57.63202409329776,0.7108433734939759,0.5622489959839357,0.6345381526104418,0.4979919678714859,B,C+,B-,C,bradycorp
IT,Gartner Inc,Information Technology,IT Consulting & Other Services,187.9,15.3036,1.8358,10.2377,41.61406772528957,-31.45,0.68,119.82,0.1725,22.17,0.4495056497175141,-28.3918,-31.45,0.68,-28.3918,0.4495056497175141,114.73149999999994,0.1725,22.17,86.27783358446341,20.751542636041904,81.48148148148148,32.68587472367708,50.0,57.62731223843002,0.9116022099447514,0.09944751381215469,0.8453038674033149,0.281767955801105,A-,D-,B+,D+,gartnerinc
PLXS,Plexus Corp,Information Technology,Electronic Manufacturing Services,263.09,37.8177,1.5254,22.7022,4.852358029473062,15.43,14.2,12.46,0.050199999999999995,10.97,0.7487859224133004,86.6681,15.43,14.2,86.6681,0.7487859224133004,12.46,0.050199999999999995,10.97,67.97882136279925,50.95217447509884,43.333333333333336,72.99590375364319,50.0,57.61765431978155,0.7513812154696132,0.5303867403314917,0.40331491712707185,0.7900552486187845,B,C+,C,B,plexuscorp
AGX,Argan Inc,Industrials,Construction & Engineering,364.29,28.5027,4.3016,25.6962,10.993982266699664,52.21,29.02,38.51,0.1536,38.51,0.21935951618892682,41.1047,52.21,29.02,41.1047,0.21935951618892682,38.51,0.1536,29.789999999999996,26.05141655055597,72.54833915548201,82.38231838920308,54.9697155970822,50.0,57.61204468545261,0.17670682730923695,0.8393574297188755,0.8955823293172691,0.5140562248995983,D,B+,B+,C+,arganinc
ASTH,Astrana Health Inc,Health Care,Health Care Facilities,36.37,44.4943,0.4693,13.824,2.2815095475873832,58.83,58.91,5.09,0.0276,2.2399999999999998,0.5456443914081145,30.4519,58.83,50.52599999999997,30.4519,0.5456443914081145,5.09,0.0276,2.2399999999999998,67.49739000745711,88.72615446662634,27.777777777777775,55.2,50.0,57.60402283963399,0.74,0.98,0.24666666666666667,0.5533333333333333,B,A+,D+,C+,astranahealthinc
MTRN,Materion Corp,Materials,Diversified Metals & Mining,264.96,61.2555,2.6308,43.7142,5.824320759694012,460.64,21.6,9.41,0.0599,6.29,0.7967892496281479,124.5614,450.345,21.6,79.35161499999998,0.7967892496281479,9.41,0.0599,6.29,21.078431372549016,91.44597232832527,39.70588235294118,95.58823529411765,50.0,57.60291995586114,0.04411764705882353,0.9705882352941176,0.3382352941176471,0.9705882352941176,F,A+,C-,A+,materioncorp
WSBC,WesBanco Inc,Financials,Regional Banks,38.66,10.5315,2.60247,,0.9211429224962829,105.92,39.41535,8.72,0.3508634,7.89,0.6758364312267654,20.3611,105.92,39.41535,20.3611,0.6758364312267654,8.72,0.3508634,7.89,84.03361344537814,62.1218480569391,21.008403361344538,69.23898531375167,50.0,57.53267087581882,0.9327731092436975,0.7142857142857143,0.21008403361344538,0.7016806722689075,A,B,D+,B,wesbancoinc
PSMT,PriceSmart Inc,Consumer Staples,Consumer Staples Merchandise Retail,174.73,33.5989,0.9475,15.1978,4.306834539467197,9.76,10.18,12.16,0.0452,10.67,0.7151769509981849,49.3419,9.76,10.18,49.3419,0.7151769509981849,12.16,0.0452,10.67,41.54589371980676,72.50918700194063,40.57971014492754,87.4932903918411,50.0,57.53189644493992,0.37681159420289856,0.8695652173913043,0.391304347826087,0.8985507246376812,C-,B+,C-,B+,pricesmartinc
NDSN,Nordson Corp,Industrials,Industrial Machinery & Supplies & Components,325.77,32.6835,6.0894,21.3986,5.985426404444836,24.24,7.02,17.59,0.2607,10.94,0.8874841972187103,47.0612,24.24,7.02,47.0612,0.8612055039279215,17.59,0.2607,10.94,22.49378466245936,56.06347440487877,68.74682403081715,92.50361110890788,50.0,57.52356927607646,0.14056224899598393,0.5903614457831325,0.7188755020080321,0.9558232931726908,D,C+,B,A,nordsoncorp
APOG,Apogee Enterprises Inc,Industrials,Building Products,37.15,11.342,0.5534,6.731,1.5403369253796941,35.74,1.79,13.43,0.0688,9.02,0.31790816427904384,-15.1439,35.74,1.79,-15.1439,0.31790816427904384,13.43,0.0688,9.02,94.09665874381881,61.02927803700004,39.315903068054524,34.64072616998607,50.0,57.48714129436556,0.9879518072289156,0.7028112449799196,0.3534136546184739,0.30522088353413657,A+,B,C-,C-,apogeeenterprisesinc
NTRS,Northern Trust Corp,Financials,Asset Management & Custody Banks,175.73,14.3447,3.5518,37.806,2.527038434050092,36.1,15.08,17.14,0.3335,1.32,0.7314492365389765,33.757,36.1,15.08,33.757,0.7314492365389765,17.14,0.3335,1.32,37.39495798319328,59.64325969690776,66.80672268907563,72.5266106442577,50.0,57.48439423630032,0.31512605042016806,0.6848739495798319,0.6680672268907563,0.7478991596638656,C-,B-,B-,B,northerntrustcorp
GRBK,Green Brick Partners Inc,Consumer Discretionary,Homebuilding,68.79,10.1557,1.4712,8.0691,1.5988155888587263,-15.18,-5.93,15.42,0.1893,13.28,0.36719437115215503,-2.4394,-15.18,-5.93,-2.4394,0.36719437115215503,15.42,0.1893,13.28,68.24806201550388,38.3265306122449,60.19157088122605,63.5265306122449,50.0,57.480520469080446,0.7314285714285714,0.2742857142857143,0.6,0.6342857142857142,B,D+,C+,B-,greenbrickpartnersinc
EFC,Ellington Financial Inc,Financials,Specialized Finance,12.36,7.171,2.7304,557.5172,0.7623747108712413,23.45,30.99,11.87,-0.0548,1.17,0.3802816901408451,-5.4323,23.45,30.99,-5.4323,0.3802816901408451,11.87,0.06326,1.17,95.16806722689076,59.5847984819808,45.168067226890756,27.365728900255753,50.0,57.47413908989269,0.9873949579831933,0.680672268907563,0.45168067226890757,0.27310924369747897,A+,B-,C,D+,ellingtonfinancialinc
UFPT,UFP Technologies Inc,Health Care,Health Care Equipment,295.65,31.6764,3.6256,21.5963,5.379954143465444,7.53,7.32,16.72,0.1525,12.76,0.7387928419775552,55.5725,7.53,7.32,55.5725,0.7387928419775552,16.72,0.1525,12.76,47.66144668158091,40.71476600909941,65.55555555555556,80.02721088435374,50.0,57.45264593797475,0.49333333333333335,0.36,0.6866666666666666,0.8666666666666667,C,C-,B-,B+,ufptechnologiesinc
AMAT,Applied Materials Inc,Information Technology,Semiconductor Materials & Equipment,485.0,41.5339,12.4816,39.7602,18.839341205717837,38.36,7.77,40.44,0.2964,31.47,0.5314000772811747,142.986,38.36,7.77,142.986,0.5314000772811747,40.44,0.2964,31.47,34.03649757240918,45.28325485936645,84.62962962962962,68.57304329422539,50.0,57.43779143122807,0.3314917127071823,0.425414364640884,0.8729281767955801,0.7292817679558011,C-,C,B+,B,appliedmaterialsinc
SCHL,Scholastic Corp,Consumer Discretionary,Publishing,32.35,10.8203,0.3878,7.988,0.8057345384897022,-1.97,-2.68,6.61,0.96,5.37,0.2906137184115524,22.4915,-1.97,-2.68,22.4915,0.2906137184115524,6.61,0.2860499999999996,5.37,81.96899224806202,28.671428571428567,48.85495347564313,69.82857142857142,50.0,57.40598643092629,0.9142857142857143,0.17714285714285713,0.44,0.7142857142857143,A-,D,C,B,scholasticcorp
GATX,GATX Corp,Industrials,Construction Machinery & Heavy Transportation Equipment,183.73,17.6193,3.1605,15.6942,2.364677461494999,15.6,22.81,13.350000000000001,0.2897,2.5700000000000003,0.6040986579615523,5.2954,15.6,22.81,5.2954,0.6040986579615523,13.350000000000001,0.28918,2.5700000000000003,53.40600497227003,73.80898305268053,51.16957626424064,57.434009748477706,50.0,57.39249386935931,0.5742971887550201,0.8554216867469879,0.4979919678714859,0.5341365461847389,C+,B+,C,C+,gatxcorp
SXT,Sensient Technologies Corp,Materials,Specialty Chemicals,129.22,34.8167,3.2287,20.672,4.576411048267997,16.57,8.12,13.020000000000001,0.1405,8.1,0.8292422625400214,33.6022,16.57,8.12,33.6022,0.827452802210118,13.020000000000001,0.1405,8.1,27.45098039215686,63.95124764396433,63.235294117647065,84.50502152080345,50.0,57.362822460404544,0.15441176470588236,0.7058823529411765,0.6323529411764706,0.8382352941176471,D,B,B-,B+,sensienttechnologiescorp
PEP,PepsiCo Inc,Consumer Staples,Soft Drinks & Non-alcoholic Beverages,128.63,16.799,1.8118,12.363,8.616924354886251,38.92,5.62,50.2,0.14529999999999998,14.45,0.038806639748766046,-8.0689,38.92,5.62,-8.0689,0.038806639748766046,50.2,0.14529999999999998,14.45,54.10628019323671,68.54793756967669,77.77777777777779,28.354037267080745,50.0,57.3514094601051,0.5652173913043478,0.7681159420289855,0.8405797101449275,0.21739130434782608,C+,B,B+,D+,pepsicoinc
BKH,Black Hills Corp,Utilities,Multi-Utilities,70.46,17.9632,2.3209,11.6071,1.390865609535108,0.03,2.45,7.7299999999999995,0.2371,3.55,0.5748966942148758,17.3942,0.03,2.45,16.02893,0.5748966942148758,7.7299999999999995,0.2371,3.55,66.66666666666667,36.7513611615245,36.7816091954023,95.68499534016775,50.0,57.34934026585569,0.7155172413793104,0.22413793103448276,0.3275862068965517,0.9655172413793104,B,D+,C-,A,blackhillscorp
WST,West Pharmaceutical Services Inc,Health Care,Health Care Supplies,370.44,46.1748,7.8406,30.0857,8.397886246318954,17.22,12.38,18.509999999999998,0.2045,17.330000000000002,0.9040513041869642,45.5674,17.22,12.38,45.5674,0.9040513041869642,18.509999999999998,0.2045,17.330000000000002,28.07606263982103,62.835111973482086,74.0,71.26881720430107,50.0,57.33980149551189,0.22,0.6933333333333334,0.7733333333333333,0.7133333333333334,D+,B-,B,B,westpharmaceuticalservicesinc
ACT,Enact Holdings Inc,Financials,Commercial & Residential Mortgage Finance,46.97,9.4511,5.1515,7.3699,1.2473079445841555,7.78,2.49,12.76,0.7311,11.21,0.7744974874371857,22.093,7.78,2.49,22.093,0.7744974874371857,12.76,0.5811805599999998,11.21,76.05042016806723,21.175245106948783,50.84033613445378,81.22031421264158,50.0,57.201800939548335,0.8781512605042017,0.10084033613445378,0.5084033613445378,0.8277310924369747,B+,D,C+,B+,enactholdingsinc
KVUE,Kenvue Inc,Consumer Staples,Personal Care Products,17.8,20.6211,2.219,12.9996,3.1683309303857174,17.17,1.76,15.58,0.1707,8.59,0.6186579378068742,10.0804,17.17,1.76,10.0804,0.6186579378068742,15.58,0.1707,8.59,47.34299516908212,56.245354886659236,58.937198067632856,71.89613526570048,50.0,57.19834633965069,0.4927536231884058,0.5217391304347826,0.6376811594202898,0.7101449275362319,C,C+,B-,B,kenvueinc
ADP,Automatic Data Processing Inc,Industrials,Human Resource & Employment Services,263.67,23.7337,4.7726,16.5727,17.390874193676048,9.61,6.74,70.19999999999999,0.2633,37.36,0.7110839062058575,-9.7393,9.61,6.74,-9.7393,0.7110839062058575,69.54999999999994,0.2633,29.789999999999996,39.58691910499139,42.99752304678413,96.09157719312624,48.33052124048622,50.0,57.18523293198348,0.3614457831325301,0.321285140562249,1.0,0.44176706827309237,C-,C-,A+,C,automaticdataprocessinginc
MAR,Marriott International Inc,Consumer Discretionary,"Hotels, Resorts & Cruise Lines",352.03,35.4842,3.412,23.9069,192.5028708918904,8.84,4.72,309.12,0.158,25.790000000000003,0.6177538581247566,34.9291,8.84,4.72,34.9291,0.6177538581247566,195.4694999999998,0.158,25.790000000000003,12.434108527131784,52.52976190476191,85.10892172961138,86.44444444444444,50.0,57.180598834027066,0.05714285714285714,0.52,0.9428571428571428,0.8457142857142858,D-,C+,A,B+,marriottinternationalinc
FFBC,First Financial Bancorp,Financials,Regional Banks,32.4,11.9242,2.27169,,1.1527090441409293,13.23,66.57654,10.07,0.3827952,8.790000000000001,0.70838073568449,25.5327,13.23,66.57654,25.5327,0.70838073568449,10.07,0.3827952,8.790000000000001,68.0672268907563,57.94327153602541,31.932773109243694,77.87795492028586,50.0,57.164245291262255,0.7352941176470589,0.634453781512605,0.31932773109243695,0.7983193277310925,B,B-,C-,B,firstfinancialbancorp
PHIN,Phinia Inc,Consumer Discretionary,Automotive Retail,62.04,16.8372,0.6323,7.6493,1.482203523458666,34.56,7.06,8.62,0.0701,5.28,0.31115107913669054,7.6149,34.56,7.06,7.6149,0.31115107913669054,8.62,0.0701,5.28,68.46843853820599,69.59033613445378,30.012041598248498,68.01680672268908,50.0,57.14154860554219,0.7428571428571429,0.7542857142857143,0.26285714285714284,0.68,B,B,D+,B-,phiniainc
SMP,Standard Motor Products Inc,Consumer Discretionary,Automotive Parts & Equipment,37.69,16.4999,0.4584,6.7706,1.2208315518067918,26.88,11.32,7.359999999999999,0.0839,3.9,0.2915601023017899,-5.1108,26.88,11.32,-5.1108,0.2915601023017899,7.359999999999999,0.0839,3.9,74.9811738648948,79.83630952380952,27.507389162561577,52.660714285714285,50.0,57.121545518768855,0.8514285714285714,0.88,0.22285714285714286,0.5028571428571429,B+,B+,D+,C+,standardmotorproductsinc
MTB,M&T Bank Corp,Financials,Regional Banks,221.19,10.532,2.1162,,1.1510342864487686,21.96,86.15662,10.66,0.4064285,6.77,0.571868456706491,11.2682,21.96,83.28401599999997,11.2682,0.571868456706491,10.66,0.4064285,6.77,75.84033613445378,75.78079682099641,35.714285714285715,44.94777350192413,50.0,57.034369526768984,0.8739495798319328,0.8949579831932774,0.35714285714285715,0.4831932773109244,B+,B+,C-,C,mtbankcorp
RMD,Resmed Inc,Health Care,Health Care Equipment,222.0,21.0229,5.6645,16.1549,9.779994184868322,9.76,9.85,23.880000000000003,0.3337,21.63,0.3989771043449167,-16.9504,9.76,9.85,-16.9504,0.3989771043449167,23.880000000000003,0.3337,21.63,56.81431767337807,50.94836394121191,86.44444444444444,30.122448979591837,50.0,57.02885311361638,0.6066666666666667,0.5,0.92,0.22666666666666666,B-,C,A-,D+,resmedinc
PLUS,ePlus inc,Information Technology,Technology Distributors,90.51,18.8587,0.9621,9.8523,2.2267435566883496,6.85,13.54,11.78,0.0688,11.78,0.735894773277951,27.7848,6.85,13.54,27.7848,0.735894773277951,11.78,0.0688,11.78,88.69809978235394,42.943728656533125,45.555555555555564,49.29362899207647,50.0,57.0108853641993,0.9281767955801105,0.39779005524861877,0.43646408839779005,0.43646408839779005,A-,C-,C,C,eplusinc
ABNB,Airbnb Inc,Consumer Discretionary,"Hotels, Resorts & Cruise Lines",157.47,35.0393,7.1655,32.8509,11.734853565839481,6.62,13.64,33.379999999999995,0.20809999999999998,26.13,0.564597805740118,23.0013,6.62,13.64,23.0013,0.564597805740118,33.379999999999995,0.20809999999999998,26.13,7.8394241417497215,70.31746031746032,79.33880678708265,80.71428571428571,50.0,57.00090693855729,0.03428571428571429,0.7714285714285715,0.8628571428571429,0.7942857142857143,F,B,B+,B,airbnbinc
CPF,Central Pacific Financial Corp,Financials,Regional Banks,36.85,11.4318,1.82951,,1.6401395787712083,39.7,22.86278,14.000000000000002,0.3274692,12.61,0.6958170155548536,20.6219,39.7,22.86278,20.6219,0.6958170155548536,14.000000000000002,0.3274692,12.61,56.93277310924369,46.06294775754962,56.72268907563025,71.73329144742009,50.0,56.97311338721243,0.5672268907563025,0.42016806722689076,0.5672268907563025,0.726890756302521,C+,C,C+,B,centralpacificfinancialcorp
AWI,Armstrong World Industries Inc,Industrials,Building Products,162.81,21.8231,4.0585,13.144,7.757585575970115,8.16,8.57,35.36,0.2579,22.919999999999998,0.22455197132616486,-15.2781,8.16,8.57,-15.2781,0.22455197132616486,35.36,0.2579,22.919999999999998,51.625823019971044,57.1606031017228,87.66275988306968,28.5283173510368,50.0,56.959929816312105,0.5502008032128514,0.6184738955823293,0.9598393574297188,0.24497991967871485,C+,B-,A,D+,armstrongworldindustriesinc
WMG,Warner Music Group Corp,Communication Services,Movies & Entertainment,27.14,21.1063,1.9419,12.9613,21.913605167541384,123.91,12.91,90.84,0.136,12.72,0.31456953642384106,-18.474,123.91,12.91,-18.474,0.31456953642384106,87.38099999999996,0.136,12.72,46.86231081579919,82.07961656237518,72.09302325581395,28.492381716118686,50.0,56.85323317360206,0.4418604651162791,0.8837209302325582,0.8372093023255814,0.23255813953488372,C,B+,B+,D+,warnermusicgroupcorp
AMP,Ameriprise Financial Inc,Financials,Asset Management & Custody Banks,493.0,11.0305,2.1951,12.1674,6.8702279438508675,29.13,9.13,61.73,0.3048,8.58,0.4702709900792331,0.2134,29.13,9.13,0.2134,0.4702709900792331,44.400499999999866,0.3048,8.58,39.705882352941174,47.176094394058836,97.68907563025209,40.324929971988794,50.0,56.84894436900784,0.33613445378151263,0.4495798319327731,0.976890756302521,0.41596638655462187,C-,C,A+,C,ameriprisefinancialinc
GNTX,Gentex Corp,Consumer Discretionary,Automotive Parts & Equipment,22.58,11.6864,1.8113,7.5193,1.9554185357742868,6.8,10.13,16.24,0.1902,16.220000000000002,0.24618991793669373,-20.3527,6.8,10.13,-20.3527,0.24618991793669373,16.24,0.1902,16.220000000000002,64.09745293466223,63.125,63.63875205254516,36.42857142857143,50.0,56.84476553251613,0.68,0.7028571428571428,0.6457142857142857,0.36,B-,B,B-,C-,gentexcorp
LCII,LCI Industries,Consumer Discretionary,Automotive Parts & Equipment,84.51,9.7251,0.51,6.3588,1.5027980745121818,43.49,4.05,15.25,0.0747,9.15,0.02256617025427586,-10.666,43.49,4.05,-10.666,0.02256617025427586,15.25,0.0747,9.15,85.08637873754154,68.92857142857143,40.73782156540778,32.75,50.0,56.79176436145161,0.9371428571428572,0.7428571428571429,0.37714285714285717,0.32571428571428573,A,B,C-,C-,lciindustries
R,Ryder System Inc,Industrials,Cargo Ground Transportation,235.57,18.2124,0.7047,5.9976,3.042435498223513,4.74,1.12,16.7,0.07780000000000001,4.66,0.6154210775793965,27.618,4.74,1.12,27.618,0.6154210775793965,16.7,0.07780000000000001,4.66,87.67751277217714,37.287964246489594,35.881758325820286,67.19557045161986,50.0,56.78652471412124,0.9397590361445783,0.28112449799196787,0.30120481927710846,0.6907630522088354,A,D+,C-,B-,rydersysteminc
USFD,US Foods Holding Corp,Consumer Staples,Food Distributors,93.33,27.7337,0.5031,14.7285,4.778092346758545,39.02,3.83,16.75,0.031400000000000004,7.539999999999999,0.5645685401372006,21.9841,39.02,3.83,21.9841,0.5645685401372006,16.75,0.031400000000000004,7.539999999999999,56.52173913043478,67.33110367892976,38.64734299516908,72.52173913043478,50.0,56.762839093273875,0.6666666666666666,0.7391304347826086,0.3333333333333333,0.7246376811594203,B-,B,C-,B,usfoodsholdingcorp
ALLY,Ally Financial Inc,Financials,Consumer Finance,38.79,8.1155,0.88959,,0.7721277603716723,325.79,37.40411,9.42,0.158682,4.3999999999999995,0.2524186455584871,-4.9963,185.31,37.40411,-4.9963,0.2524186455584871,9.42,0.158682,4.3999999999999995,93.27731092436974,83.80834711306815,27.73109243697479,23.702571937866054,50.0,56.754284650522976,0.976890756302521,0.9621848739495799,0.2773109243697479,0.226890756302521,A+,A,D+,D+,allyfinancialinc
MS,Morgan Stanley,Financials,Investment Banking & Brokerage,196.31,15.2973,2.3938,37.3028,2.783484836239325,38.56,13.96,17.83,0.203,1.96,0.5530406665837583,23.5042,38.56,13.96,23.5042,0.5530406665837583,17.83,0.203,1.96,32.773109243697476,58.00578912798049,68.4873949579832,74.10776075135936,50.0,56.737836026288136,0.27310924369747897,0.6386554621848739,0.6848739495798319,0.7521008403361344,D+,B-,B-,B,morganstanley
PNC,PNC Financial Services Group Inc,Financials,Diversified Banks,225.64,11.801,2.34179,,1.454040239358583,22.76,72.26733,12.34,0.345423,7.13,0.5940545808966862,11.2953,22.76,72.26733,11.2953,0.5940545808966862,12.34,0.345423,7.13,58.61344537815126,65.74295994896853,47.89915966386555,59.67631497043262,50.0,56.71200624438444,0.5966386554621849,0.7689075630252101,0.4789915966386555,0.6050420168067226,C+,B,C,B-,pncfinancialservicesgroupinc
FAST,Fastenal Co,Industrials,Trading Companies & Distributors,50.43,42.802,6.6141,29.7226,14.681222707423581,13.58,12.54,34.02,0.2029,32.85,0.8217999282897096,5.3918,13.58,12.54,5.3918,0.8217999282897096,34.02,0.2029,29.789999999999996,12.236701909679534,69.23382827562074,87.84471218206158,64.1269488751583,50.0,56.692508953091085,0.04819277108433735,0.8112449799196787,0.963855421686747,0.6506024096385542,F,B+,A,B-,fastenalco
QRVO,Qorvo Inc,Information Technology,Semiconductors,117.97,26.0711,2.8556,19.0947,3.0950581913966984,400.67,-0.18,11.39,0.13119999999999998,7.9,0.9324236517218972,26.3603,400.67,-0.18,26.3603,0.9324236517218972,11.39,0.13119999999999998,7.9,70.83542608404487,51.374695115962076,46.111111111111114,60.897679606426976,50.0,56.69110924326681,0.7790055248618785,0.5359116022099447,0.44751381215469616,0.585635359116022,B,C+,C,C+,qorvoinc
NMIH,NMI Holdings Inc,Financials,Commercial & Residential Mortgage Finance,41.23,7.8446,4.2437,6.317,1.2134465059333206,7.97,7.53,15.14,0.7323999999999999,13.05,0.5369747899159659,5.3129,7.97,7.53,5.3129,0.5369747899159659,15.14,0.5811805599999998,13.05,81.0924369747899,32.055756024780095,60.08403361344538,49.90865911582024,50.0,56.687000675178886,0.9159663865546218,0.23949579831932774,0.6008403361344538,0.5210084033613446,A-,D+,B-,C+,nmiholdingsinc
HUM,Humana Inc,Health Care,Managed Health Care,397.93,37.3601,0.328,16.7185,2.7177261060973827,-18.96,18.33,6.92,0.0181,4.02,0.8835399391508053,56.4006,-18.96,18.33,56.4006,0.8835399391508053,6.92,0.0181,4.02,67.47501864280387,53.959514170040485,31.555555555555557,80.56410256410257,50.0,56.662366896418476,0.7333333333333333,0.5533333333333333,0.29333333333333333,0.8733333333333333,B,C+,D+,B+,humanainc
FFIV,F5 Inc,Information Technology,Communications Equipment,443.06,34.5339,7.5814,25.6698,7.115109450251564,10.69,9.41,19.86,0.247,19.86,0.9205003357958361,36.7469,10.69,9.41,36.7469,0.9205003357958361,19.86,0.247,19.86,48.01084044868575,37.48685120837338,74.44444444444444,67.70132701989712,50.0,56.651456868936656,0.48066298342541436,0.30939226519337015,0.7651933701657458,0.712707182320442,C,C-,B,B,f5inc
AVGO,Broadcom Inc,Information Technology,Semiconductors,352.81,44.0137,18.9013,38.4137,20.576090886823046,100.1,48.69,43.91,0.4797,25.34,0.3065255559890754,4.9717,100.1,48.69,4.9717,0.3065255559890754,43.91,0.4317149999999999,25.34,30.747739829231545,82.34044692456577,89.25925925925925,25.8713867348847,50.0,56.64411650401279,0.287292817679558,0.9116022099447514,0.9337016574585635,0.19889502762430938,D+,A-,A,D,broadcominc
KEY,KeyCorp,Financials,Regional Banks,20.61,10.8342,1.67174,,1.1147892123454386,2512.15,57.09544,10.12,0.233279,6.0,0.5450954575378537,9.5694,185.31,57.09544,9.5694,0.5450954575378537,10.12,0.233279,6.0,75.63025210084035,82.82006551478716,32.35294117647059,40.347129506008,50.0,56.62923732348676,0.8697478991596639,0.9411764705882353,0.3235294117647059,0.42016806722689076,B+,A,C-,C,keycorp
FSS,Federal Signal Corp,Industrials,Construction Machinery & Heavy Transportation Equipment,114.75,24.5428,2.8614,17.6879,5.05664767394207,29.03,23.97,20.22,0.16149999999999998,15.370000000000001,0.40705176294073525,-6.563,29.03,23.97,-6.563,0.40705176294073525,20.22,0.16149999999999998,15.370000000000001,44.11004562467557,83.35036717389659,67.126738245499,35.66154172512378,50.0,56.61157774734771,0.40160642570281124,0.9236947791164659,0.6907630522088354,0.3172690763052209,C,A-,B-,C-,federalsignalcorp
SAH,Sonic Automotive Inc,Consumer Discretionary,Automotive Retail,64.95,9.6903,0.1328,9.5615,2.041720892510232,40.17,5.25,20.45,0.033,4.14,0.18200134318334457,-13.3307,40.17,5.25,-13.3307,0.18200134318334457,20.45,0.033,4.14,84.37541528239204,70.39390756302521,28.237000547345374,46.89075630252101,50.0,56.610036730543605,0.9314285714285714,0.7771428571428571,0.24,0.46285714285714286,A,B,D+,C,sonicautomotiveinc
UBSI,United Bankshares Inc,Financials,Regional Banks,46.86,12.3903,4.20702,,1.192651677500471,29.39,50.64327,9.39,0.4541967,8.67,0.8221649484536083,25.5627,29.39,50.64327,25.5627,0.8221649484536083,9.39,0.4541967,8.67,64.49579831932773,57.56928513241277,27.310924369747898,85.69229560983271,50.0,56.60399682071801,0.6596638655462185,0.6302521008403361,0.27310924369747897,0.8739495798319328,B-,B-,D+,B+,unitedbanksharesinc
TMDX,Transmedics Group Inc,Health Care,Health Care Equipment,85.29,19.4955,4.4242,35.658,6.177748804867449,105.49,25.82,32.97,0.12210000000000001,13.239999999999998,0.2626310026591585,-25.1185,105.49,25.82,-25.1185,0.2626310026591585,32.97,0.12210000000000001,13.239999999999998,46.05965697240864,91.93724729943327,69.77777777777779,21.17006802721088,50.0,56.580821752875444,0.47333333333333333,0.9933333333333333,0.7066666666666667,0.16,C,A+,B,D,transmedicsgroupinc
FORM,FormFactor Inc,Information Technology,Semiconductor Materials & Equipment,129.69,87.745,11.2294,86.2113,9.72582604652558,156.16,18.01,10.96,0.1285,10.83,0.756276400733243,264.2978,156.16,18.01,262.11377,0.756276400733243,10.96,0.1285,10.83,18.536539427423406,78.49017873719313,50.18518518518519,93.1688116696426,50.0,56.512229234519296,0.12154696132596685,0.8784530386740331,0.5082872928176796,0.988950276243094,D,B+,C+,A+,formfactorinc
MSA,MSA Safety Inc,Industrials,Office Services & Supplies,182.46,22.4165,3.6166,15.2406,5.193807055447862,14.65,6.48,23.150000000000002,0.21230000000000002,16.0,0.5422937208095486,8.0028,14.65,6.48,8.0028,0.5422937208095486,23.150000000000002,0.21230000000000002,16.0,47.796628691637295,51.23528080670938,76.40521268748462,50.87634683159639,50.0,56.472785872441634,0.46586345381526106,0.4939759036144578,0.8192771084337349,0.4738955823293173,C,C,B+,C,msasafetyinc
IBM,International Business Machines Corp,Information Technology,IT Consulting & Other Services,225.51,19.8136,3.0749,22.3344,6.472026587226422,82.66,7.9,33.51,0.15109999999999998,11.27,0.19749380955954077,-19.8728,82.66,7.9,-19.8728,0.19749380955954077,33.51,0.15109999999999998,11.27,70.01506780512305,62.51218896998978,65.37037037037037,25.472071828525994,50.0,56.44321170357651,0.7734806629834254,0.6519337016574586,0.6961325966850829,0.1878453038674033,B,B-,B-,D,internationalbusinessmachinescorp
AMD,Advanced Micro Devices Inc,Information Technology,Semiconductors,630.63,160.0074,24.924,134.1375,16.316556144032166,124.33,39.54,10.07,0.15710000000000002,9.59,0.9827144686299616,291.0399,124.33,39.54,262.11377,0.940728463188494,10.07,0.15710000000000002,9.59,9.849531223840616,84.04971972953271,50.55555555555555,97.51558538783273,50.0,56.41433271832213,0.055248618784530384,0.9226519337016574,0.5138121546961326,1.0,D-,A-,C+,A+,advancedmicrodevicesinc
GL,Globe Life Inc,Financials,Life & Health Insurance,167.04,10.5898,2.0732,9.4826,2.2113197755849328,20.3,5.24,20.28,0.2644,13.87,0.6152276295133436,16.7867,20.3,5.24,16.7867,0.6152276295133436,20.28,0.2644,13.87,55.67226890756302,33.50469943146982,74.36974789915966,60.80357142857143,50.0,56.37215837368892,0.5462184873949579,0.2647058823529412,0.7436974789915967,0.6218487394957983,C+,D+,B,B-,globelifeinc
HWM,Howmet Aerospace Inc,Industrials,Aerospace & Defense,232.48,49.5528,10.1693,34.7292,17.442322842030237,35.22,18.08,34.410000000000004,0.272,20.13,0.38559086946183707,22.4546,35.22,18.08,22.4546,0.38559086946183707,34.410000000000004,0.272,20.13,8.874682403081717,71.47566215889196,86.69945086468323,65.86257128042084,50.0,56.3611800048038,0.03614457831325301,0.8232931726907631,0.9558232931726908,0.678714859437751,F,B+,A,B-,howmetaerospaceinc
CHH,Choice Hotels International Inc,Consumer Discretionary,"Hotels, Resorts & Cruise Lines",101.81,13.9569,2.8306,13.795,25.83944569934773,8.84,2.65,215.07999999999998,0.2521,15.559999999999999,0.4467068878833585,-6.2178,8.84,2.65,-6.2178,0.4467068878833585,195.4694999999998,0.2521,15.559999999999999,39.42081949058693,44.712301587301596,84.68746579091406,56.95238095238095,50.0,56.360007828311765,0.37714285714285717,0.38857142857142857,0.92,0.56,C-,C-,A-,C+,choicehotelsinternationalinc
DGX,Quest Diagnostics Inc,Health Care,Health Care Services,236.32,24.5607,2.2564,17.4618,3.6255519178666438,13.01,9.87,14.49,0.141,8.18,0.8387844450167395,27.4718,13.01,9.87,27.4718,0.8387844450167395,14.49,0.141,8.18,63.018642803877704,47.323186013815025,55.555555555555564,61.20325203252032,50.0,56.34883719912539,0.6666666666666666,0.44666666666666666,0.54,0.5933333333333334,B-,C,C+,C+,questdiagnosticsinc
AFL,Aflac Inc,Financials,Life & Health Insurance,113.72,11.7262,3.1534,9.878,2.0001829221103584,110.97,13.64,16.42,0.33340000000000003,12.809999999999999,0.334409035901573,4.2997,110.97,13.64,4.2997,0.334409035901573,16.42,0.33340000000000003,12.809999999999999,52.10084033613445,73.91142030358769,64.70588235294117,36.811974789915965,50.0,56.34635969096964,0.5105042016806722,0.8823529411764706,0.6470588235294118,0.3697478991596639,C+,B+,B-,C-,aflacinc
HIG,Hartford Insurance Group Inc,Financials,Property & Casualty Insurance,124.23,7.7091,1.1628,7.3434,1.81264518087056,40.07,5.69,22.99,0.1759,18.69,0.15154458908101828,-5.5788,40.07,5.69,-5.5788,0.15154458908101828,22.99,0.1759,18.69,69.32773109243698,44.24855998183749,79.41176470588235,26.50133224021316,50.0,56.33485239398996,0.7521008403361344,0.3865546218487395,0.7941176470588235,0.2647058823529412,B,C-,B,D+,hartfordinsurancegroupinc
CHEF,Chefs' Warehouse Inc,Consumer Staples,Food Distributors,110.27,48.9157,1.0244,24.2148,7.422939960822063,32.46,11.16,13.54,0.039599999999999996,6.01,0.8854926299456942,84.8927,32.46,11.16,68.04905999999998,0.8128675737208179,13.54,0.039599999999999996,6.01,27.053140096618353,81.6231884057971,35.26570048309179,97.06086956521739,50.0,56.31652173913044,0.2028985507246377,0.9130434782608695,0.2826086956521739,0.9855072463768116,D+,A-,D+,A+,chefswarehouseinc
VVX,V2X Inc,Industrials,Aerospace & Defense,75.65,26.5949,0.4989,14.9789,2.1741129676570163,31.61,12.99,8.35,0.0415,4.2,0.57462115058829,40.7704,31.61,12.99,40.7704,0.57462115058829,8.35,0.0415,4.2,67.09777887058438,63.411492681679015,20.05518673332787,84.22827597652974,50.0,56.31619513261981,0.7550200803212851,0.7389558232931727,0.14457831325301204,0.8755020080321285,B,B,D,B+,v2xinc
NTCT,Netscout Systems Inc,Information Technology,Communications Equipment,39.44,23.6902,3.247,13.2302,1.708986913944016,63.1,5.79,7.42,0.1482,7.42,0.7091633466135456,52.9868,63.1,5.79,52.9868,0.7091633466135456,7.42,0.1482,7.42,73.31847480328143,50.022875111679646,41.48148148148149,62.90894962262815,50.0,56.28635401805229,0.7900552486187845,0.5027624309392266,0.3756906077348066,0.6022099447513812,B,C+,C-,B-,netscoutsystemsinc
SIGI,Selective Insurance Group Inc,Financials,Property & Casualty Insurance,86.12,10.309,0.9377,8.7737,1.4335891332212476,31.24,7.09,13.87,0.1193,11.09,0.48298334540188276,9.8049,31.24,7.09,9.8049,0.48298334540188276,13.87,0.1193,11.09,68.0672268907563,41.06710659102578,55.67226890756303,60.65587210493953,50.0,56.27946968877289,0.7352941176470589,0.3445378151260504,0.5567226890756303,0.6176470588235294,B,C-,C+,B-,selectiveinsurancegroupinc
TCBI,Texas Capital Bancshares Inc,Financials,Regional Banks,95.82,11.4253,1.94001,,1.167706374614146,184.53,62.22861,10.040000000000001,0.3685057,8.36,0.6090719188301997,10.8515,184.53,62.22861,10.8515,0.6090719188301997,10.040000000000001,0.3685057,8.36,69.74789915966386,83.58100606006768,31.512605042016805,46.14937563810571,50.0,56.26120239005485,0.7605042016806722,0.957983193277311,0.31512605042016806,0.4957983193277311,B,A,C-,C,texascapitalbancsharesinc
MAN,ManpowerGroup Inc,Industrials,Human Resource & Employment Services,57.41,25.6227,0.1426,9.5018,1.2905067616170334,,6.72,5.06,0.0154,3.1300000000000003,0.8329460366640845,51.9587,,6.72,51.9587,0.8329460366640845,5.06,0.0154,3.1300000000000003,80.24915990492582,45.65446868402533,13.300549135316777,93.66722343278815,50.0,56.25176568342334,0.8755020080321285,0.39357429718875503,0.10441767068273092,0.9678714859437751,B+,C-,D,A,manpowergroupinc
PATH,UiPath Inc,Information Technology,Systems Software,12.46,17.9423,3.7735,36.7388,3.2130792439206792,1741.64,14.98,18.42,0.0889,18.42,0.30639097744360916,2.6359,703.5419999999999,14.98,2.6359,0.30639097744360916,18.42,0.0889,18.42,60.960781851665836,70.61797824219116,59.62962962962964,34.794096712674445,50.0,56.23001786129699,0.6685082872928176,0.7569060773480663,0.6270718232044199,0.30386740331491713,B-,B,B-,C-,uipathinc
NBTB,NBT Bancorp Inc,Financials,Regional Banks,51.57,12.5125,3.28773,,1.4197264060301895,47.49,32.08138,11.26,0.31040870000000004,9.49,0.8084967320261438,21.1986,47.49,32.08138,21.1986,0.8084967320261438,11.26,0.31040870000000004,9.49,56.30252100840336,55.431147113092194,40.96638655462185,79.12667870886672,50.0,56.22879205514809,0.5567226890756303,0.6092436974789915,0.4096638655462185,0.8025210084033614,C+,B-,C,B+,nbtbancorpinc
FCF,First Commonwealth Financial Corp,Financials,Regional Banks,20.91,12.5524,2.8444,,1.3834488964166622,24.94,56.90718,10.83,0.3913255,9.35,0.8049029622063328,20.5882,24.94,56.90718,20.5882,0.8049029622063328,10.83,0.3913255,9.35,56.9327731092437,62.003874304647255,36.97478991596639,76.64807979266473,50.0,56.207281575764924,0.5714285714285714,0.7100840336134454,0.3697478991596639,0.7899159663865546,C+,B,C-,B,firstcommonwealthfinancialcorp
BCO,Brinks Co,Industrials,Security & Alarm Services,106.82,24.3221,0.8027,7.9085,15.809492799739516,16.02,8.12,64.68,0.10289999999999999,4.08,0.3479699911738745,-7.699,16.02,8.12,-7.699,0.3479699911738745,64.68,0.10289999999999999,4.08,78.14441439226293,57.38449820082474,52.55744064694151,35.14130379633208,50.0,56.18062415923247,0.8594377510040161,0.6265060240963856,0.5140562248995983,0.3132530120481928,B+,B-,C+,C-,brinksco
BHF,Brighthouse Financial Inc,Financials,Life & Health Insurance,53.24,3.6846,0.4602,1000000.0,0.4497335725605079,32.48,2.62,13.170000000000002,0.16940000000000002,8.780000000000001,0.39165545087483195,-3.0943,32.48,2.62,-3.0943,0.39165545087483195,13.170000000000002,0.16940000000000002,8.780000000000001,99.15966386554622,35.88045538152834,53.36134453781513,29.217436974789916,50.0,56.14983057210399,1.0,0.2815126050420168,0.5336134453781513,0.29831932773109243,A+,D+,C+,D+,brighthousefinancialinc
SIRI,Sirius XM Holdings Inc,Communication Services,Broadcasting,25.855,9.9033,1.013,8.0231,0.7489622288976887,-9.48,0.44,7.53,0.1912,4.109999999999999,0.4722760759984491,15.5273,-9.48,0.44,15.5273,0.4722760759984491,7.53,0.1912,4.109999999999999,78.09154669619785,42.030888030888036,38.75968992248062,67.51627906976745,50.0,56.12224257480071,0.8837209302325582,0.32558139534883723,0.32558139534883723,0.6744186046511628,B+,C-,C-,B-,siriusxmholdingsinc
AGCO,AGCO Corp,Industrials,Agricultural & Farm Machinery,118.02,15.4952,0.7986,12.4269,2.0057817909275846,441.48,1.74,12.45,0.0739,7.7,0.43459174714661974,9.2879,191.6919999999998,1.74,9.2879,0.43459174714661974,12.45,0.0739,7.7,80.1770346692894,61.80785377213949,36.17572330136874,48.338797366336095,50.0,56.11751972035965,0.8714859437751004,0.7188755020080321,0.30522088353413657,0.4457831325301205,B+,B,C-,C,agcocorp
TXN,Texas Instruments Inc,Information Technology,Semiconductors,278.07,41.9608,13.0544,28.1931,15.49861773754849,20.26,16.66,35.77,0.3729,19.54,0.6913403199117486,52.7521,20.26,16.66,52.7521,0.6913403199117486,35.77,0.3729,19.54,38.034697806797254,46.64188728051359,83.33333333333333,57.23484566517123,50.0,56.11735437416961,0.34806629834254144,0.44751381215469616,0.856353591160221,0.5414364640883977,C-,C,B+,C+,texasinstrumentsinc
VRTX,Vertex Pharmaceuticals Inc,Health Care,Biotechnology,526.19,30.4146,10.6443,25.23,7.160021771669616,22.46,10.23,23.31,0.3795,23.28,0.8141134093761941,37.793,22.46,10.23,37.793,0.8141134093761941,23.31,0.3795,23.28,36.97837434750186,51.2923125282411,87.55555555555556,48.59574468085107,50.0,56.11109391758279,0.37333333333333335,0.5066666666666667,0.9266666666666666,0.4666666666666667,C-,C+,A-,C,vertexpharmaceuticalsinc
CAKE,Cheesecake Factory Inc,Consumer Discretionary,Restaurants,104.49,29.1099,1.341,17.5438,11.883856879648794,13.39,5.66,38.83,0.0527,16.64,0.8146969094044304,92.4309,13.39,5.66,54.84940999999998,0.7800784493739665,38.83,0.0527,16.64,27.705426356589147,54.61805555555556,55.311439518336066,97.06349206349206,50.0,56.09052599254083,0.2,0.5485714285714286,0.5314285714285715,0.9885714285714285,D,C+,C+,A+,cheesecakefactoryinc
PAG,Penske Automotive Group Inc,Consumer Discretionary,Automotive Retail,209.62,14.7054,0.4323,13.5682,2.478193739374694,-0.98,4.13,16.46,0.04190000000000001,7.7700000000000005,0.7999539594843462,22.6924,-0.98,4.13,22.6924,0.7800784493739665,16.46,0.04190000000000001,7.7700000000000005,60.7641196013289,46.081932773109244,34.068965517241374,90.4873949579832,50.0,56.022136825861054,0.6514285714285715,0.4057142857142857,0.3142857142857143,0.8971428571428571,B-,C,C-,B+,penskeautomotivegroupinc
BE,Bloom Energy Corp,Industrials,Electrical Components & Equipment,288.7,347.1436,27.3132,252.7034,105.18453747221919,586.53,90.98,24.77,0.0911,7.140000000000001,0.7841399054879101,320.2941,191.6919999999998,36.967999999999954,75.1288999999999,0.7841399054879101,24.77,0.0911,7.140000000000001,3.081168210255995,98.5716216988726,48.504220965494625,91.91651738147928,50.0,55.99397511000803,0.004016064257028112,1.0,0.46586345381526106,0.9397590361445783,F,A+,C,A,bloomenergycorp
NEU,NewMarket Corp,Materials,Specialty Chemicals,898.04,19.0569,3.0114,13.339,4.745811796252032,-7.85,-1.31,24.63,0.1997,16.509999999999998,0.7918033501192023,8.7663,-7.85,-1.31,8.7663,0.7918033501192023,24.63,0.1997,16.509999999999998,48.03921568627451,30.41958533772189,85.29411764705883,57.73314203730273,50.0,55.96387880833826,0.5367647058823529,0.14705882352941177,0.8970588235294118,0.5735294117647058,C+,D,B+,C+,newmarketcorp
LYFT,Lyft Inc,Industrials,Passenger Ground Transportation,14.865,1.9636,0.8309,209.6637,1.820285808750597,3178.5,10.81,115.83000000000001,-0.0177,79.7,0.18386850152905196,-31.0848,191.6919999999998,10.81,-31.0848,0.18386850152905196,69.54999999999994,-0.003499999999999991,29.789999999999996,59.97759746468868,82.68043997857663,60.0,22.163828339088386,50.0,55.96325302970517,0.6385542168674698,0.9196787148594378,0.6184738955823293,0.1927710843373494,B-,A-,B-,D,lyftinc
BAC,Bank of America Corp,Financials,Diversified Banks,56.7,11.781,2.32875,,1.3485775717517001,25.82,99.36713,11.129999999999999,0.3273721,3.3000000000000003,0.5537817325307515,9.3539,25.82,83.28401599999997,9.3539,0.5537817325307515,11.129999999999999,0.3273721,3.3000000000000003,62.18487394957983,77.98175569992452,39.075630252100844,50.20230314347961,50.0,55.951937819101,0.634453781512605,0.9117647058823529,0.3907563025210084,0.5252100840336135,B-,A-,C-,C+,bankofamericacorp
MSM,MSC Industrial Direct Co Inc,Industrials,Trading Companies & Distributors,121.22,29.2812,1.7319,16.7111,4.871618661811927,16.56,4.41,16.6,0.085,12.16,0.8211382113821137,35.8969,16.56,4.41,35.8969,0.8211382113821137,16.6,0.085,12.16,47.3469387755102,51.96216056695954,49.60795563205202,81.33733089038179,50.0,55.89862189335882,0.4578313253012048,0.5140562248995983,0.4859437751004016,0.8353413654618473,C,C+,C,B+,mscindustrialdirectcoinc
MRVL,Marvell Technology Inc,Information Technology,Semiconductors,261.935,87.0074,24.3051,61.8538,15.510952146905034,,30.62,16.220000000000002,0.3557,12.57,0.737861455660796,212.5343,,30.62,212.5343,0.737861455660796,16.220000000000002,0.3557,12.57,15.826427255985266,64.51310861423221,70.37037037037037,82.19322915437357,50.0,55.890466960310064,0.07734806629834254,0.6795580110497238,0.7348066298342542,0.8674033149171271,D-,B-,B,B+,marvelltechnologyinc
HSIC,Henry Schein Inc,Health Care,Health Care Distributors,86.37,23.885,0.7077,13.5541,3.081407379394493,10.34,6.49,12.370000000000001,0.05,6.18,0.8078068144227588,31.5814,10.34,6.49,31.5814,0.8078068144227588,12.370000000000001,0.05,6.18,78.16853094705444,39.62719298245614,42.88888888888889,63.5,50.0,55.88979355547706,0.8533333333333334,0.3333333333333333,0.38,0.6133333333333333,B+,C-,C-,B-,henryscheininc
ADUS,Addus Homecare Corp,Health Care,Health Care Services,113.19,20.0724,1.4317,12.5851,1.9313063063063063,25.89,15.88,9.569999999999999,0.10039999999999999,8.73,0.6916963551657989,-2.3795,25.89,15.88,-2.3795,0.6916963551657989,9.569999999999999,0.10039999999999999,8.73,76.39821029082775,61.26352466532184,49.11111111111111,35.90243902439025,50.0,55.81052308842713,0.8333333333333334,0.6533333333333333,0.46,0.31333333333333335,B+,B-,C,C-,addushomecarecorp
PRI,Primerica Inc,Financials,Life & Health Insurance,275.59,10.6528,2.4719,8.9496,3.5841645966367968,22.98,8.57,32.550000000000004,0.306,18.970000000000002,0.4681551599958842,0.5656,22.98,8.57,0.5656,0.4681551599958842,32.550000000000004,0.306,18.970000000000002,47.26890756302521,44.46051757612916,90.33613445378151,37.542016806722685,50.0,55.80176738077205,0.4432773109243697,0.3907563025210084,0.9033613445378151,0.3865546218487395,C,C-,A-,C-,primericainc
URI,United Rentals Inc,Industrials,Trading Companies & Distributors,1047.06,24.7049,3.8719,16.9858,7.366777666223184,7.67,6.88,29.18,0.25079999999999997,11.39,0.723361041897862,12.436,7.67,6.88,12.436,0.723361041897862,29.18,0.25079999999999997,11.39,40.776439089692104,43.08622826817646,76.6467229462066,64.11790678183439,50.0,55.79661751897685,0.37751004016064255,0.3293172690763052,0.8232931726907631,0.6465863453815262,C-,C-,B+,B-,unitedrentalsinc
TRMK,Trustmark Corp,Financials,Regional Banks,46.04,11.411,1.83041,,1.2805571703135474,11.12,75.48011,11.01,0.133748,7.95,0.7663772691397001,14.6414,11.12,75.48011,14.6414,0.7663772691397001,11.01,0.133748,7.95,66.17647058823529,59.351494530304066,38.445378151260506,63.519987434226024,50.0,55.72975857777997,0.7058823529411765,0.6722689075630253,0.38445378151260506,0.6386554621848739,B,B-,C-,B-,trustmarkcorp
TRGP,Targa Resources Corp,Energy,Oil & Gas Storage & Transportation,277.84,26.2734,3.5587,14.3972,19.440518339187506,40.38,-1.97,72.17,0.2291,10.530000000000001,0.8162393162393161,61.7794,40.38,-1.97,61.7794,0.8162393162393161,36.65899999999999,0.2291,10.530000000000001,26.368159203980102,43.80597014925373,76.36815920398011,81.39303482587064,50.0,55.72388059701494,0.1791044776119403,0.373134328358209,0.8656716417910447,0.8059701492537313,D,C-,B+,B+,targaresourcescorp
ENSG,Ensign Group Inc,Health Care,Health Care Facilities,175.18,26.9601,1.8608,17.3338,4.559402629243371,15.73,18.89,16.54,0.0852,15.58,0.4396754776236587,3.0652,15.73,18.89,3.0652,0.4396754776236587,16.54,0.0852,15.58,64.35794183445189,62.34583585400282,60.666666666666664,34.97777777777779,50.0,55.720874851635756,0.7,0.6666666666666666,0.5966666666666667,0.29333333333333333,B-,B-,C+,D+,ensigngroupinc
MWA,Mueller Water Products Inc,Industrials,Industrial Machinery & Supplies & Components,21.63,15.198,2.2828,10.1048,3.444486909994267,49.14,5.88,21.21,0.1942,14.81,0.03132430476584279,-13.1674,49.14,5.88,-13.1674,0.03132430476584279,21.21,0.1942,14.81,72.20391771166298,60.56820257398246,71.0001912411551,13.423055105360364,50.0,55.599278774073085,0.8192771084337349,0.6987951807228916,0.7429718875502008,0.07630522088353414,B+,B-,B,D-,muellerwaterproductsinc
CNXN,PC Connection Inc,Information Technology,Technology Distributors,89.32,23.5204,0.7545,16.606,2.475184419528795,14.88,3.23,10.4,0.0392,10.4,0.9657014337925214,45.9477,14.88,3.23,45.9477,0.940728463188494,10.4,0.0392,10.4,81.17989285116357,30.28819739946352,38.148148148148145,73.47561432672084,50.0,55.5847725950648,0.850828729281768,0.18232044198895028,0.3425414364640884,0.7955801104972375,B+,D,C-,B,pcconnectioninc
COP,ConocoPhillips,Energy,Oil & Gas Exploration & Production,127.3,16.476,2.4142,6.5083,2.4185336048879837,1.31,9.6,14.32,0.22510000000000002,10.52,0.7445138269402318,31.4947,1.31,9.6,31.4947,0.7445138269402318,14.32,0.22510000000000002,10.52,51.74129353233831,43.38798432082014,59.95024875621891,69.82421227197347,50.0,55.56532489069803,0.5149253731343284,0.3582089552238806,0.582089552238806,0.6716417910447762,C+,C-,C+,B-,conocophillips
CTS,CTS Corp,Information Technology,Electronic Manufacturing Services,59.6,24.3888,3.0163,12.9375,3.1062374916611075,13.11,8.31,12.520000000000001,0.1638,11.19,0.7031622911694512,50.1638,13.11,8.31,50.1638,0.7031622911694512,12.520000000000001,0.1638,11.19,74.06558680729951,31.175331530696887,57.03703703703703,57.49432301702434,50.0,55.50958687062838,0.8066298342541437,0.19889502762430938,0.5911602209944752,0.5469613259668509,B+,D,C+,C+,ctscorp
EQT,EQT Corp,Energy,Oil & Gas Exploration & Production,50.81,11.7209,3.3529,5.5586,1.33497632722553,134.0,30.17,11.15,0.4235,8.68,0.14152309465409754,-5.7853,134.0,30.17,-5.7853,0.14152309465409754,11.15,0.4235,8.68,58.208955223880594,84.16478214985678,62.68656716417911,17.22056384742952,50.0,55.50094979647219,0.664179104477612,0.9253731343283582,0.6268656716417911,0.08955223880597014,B-,A-,B-,D-,eqtcorp
BGC,Bgc Group Inc,Financials,Investment Banking & Brokerage,11.84,28.305,1.7089,13.6013,5.7542768273716955,31.58,27.6,19.2,0.1155,7.02,0.7735644637053088,23.4619,31.58,27.6,23.4619,0.7735644637053088,19.2,0.1155,7.02,13.025210084033612,64.41320187848841,71.00840336134453,82.94117647058825,50.0,55.47927903115988,0.07563025210084033,0.7563025210084033,0.7100840336134454,0.8529411764705882,D-,B,B,B+,bgcgroupinc
FNB,FNB Corp,Financials,Regional Banks,17.64,10.3095,2.56275,,0.9325093700275419,30.25,64.79501,8.94,0.42536409999999997,7.049999999999999,0.6198830409356726,9.6333,30.25,64.79501,9.6333,0.6198830409356726,8.94,0.42536409999999997,7.049999999999999,84.66386554621849,70.46506826992473,23.52941176470588,46.5546218487395,50.0,55.45225735146394,0.9453781512605042,0.8445378151260504,0.23529411764705882,0.5042016806722689,A,B+,D+,C+,fnbcorp
PGNY,Progyny Inc,Health Care,Health Care Services,25.44,24.8233,1.4892,15.2648,4.10978821020662,58.09,5.54,15.98,0.0855,15.98,0.5505452402004127,19.1011,58.09,5.54,19.1011,0.5505452402004127,15.98,0.0855,15.98,69.70768083519762,47.12696375084052,60.666666666666664,42.08130081300813,50.0,55.4352397882358,0.7733333333333333,0.44,0.5966666666666667,0.4,B,C,C+,C-,progynyinc
WTFC,Wintrust Financial Corp,Financials,Regional Banks,146.11,11.0439,2.29791,,1.3481319362684492,20.25,79.30369,12.33,0.38857909999999996,10.85,0.5566642159437036,9.3638,20.25,79.30369,9.3638,0.5566642159437036,12.33,0.38857909999999996,10.85,65.96638655462185,69.77243652704088,47.47899159663865,40.596874263724175,50.0,55.435206695968134,0.6974789915966386,0.8319327731092437,0.47478991596638653,0.42436974789915966,B-,B+,C,C,wintrustfinancialcorp
DVN,Devon Energy Corp,Energy,Oil & Gas Exploration & Production,47.05,15.779,2.6304,7.2668,1.8846686908662664,-5.34,14.64,14.899999999999999,0.2274,10.52,0.7335216572504707,31.5716,-5.34,14.64,31.5716,0.7335216572504707,14.899999999999999,0.2274,10.52,49.25373134328358,45.70480928689884,61.44278606965174,68.09286898839137,50.0,55.433665008291875,0.4701492537313433,0.43283582089552236,0.5970149253731343,0.6417910447761194,C,C,C+,B-,devonenergycorp
BURL,Burlington Stores Inc,Consumer Discretionary,Apparel Retail,254.69,22.401,1.3096,12.2016,8.8385538489301,31.44,10.89,39.82,0.0786,18.89,0.18378663850013208,-2.9974,31.44,10.89,-2.9974,0.18378663850013208,39.82,0.0786,18.89,40.62347729789591,75.05357142857143,61.03776683087028,50.038095238095245,50.0,55.433644365524884,0.4,0.8228571428571428,0.6171428571428571,0.48,C-,B+,B-,C,burlingtonstoresinc
STRA,Strategic Education Inc,Consumer Discretionary,Education Services,76.83,12.6849,1.3264,6.9535,1.0718485935387745,24.75,3.53,8.19,0.1401,8.19,0.35596605092361433,-8.4594,24.75,3.53,-8.4594,0.35596605092361433,8.19,0.1401,8.19,68.87596899224805,51.47167487684729,44.700602079912414,58.69950738916256,50.0,55.42837922124209,0.7485714285714286,0.5028571428571429,0.4114285714285714,0.5657142857142857,B,C+,C,C+,strategiceducationinc
AEP,American Electric Power Company Inc,Utilities,Electric Utilities,118.35,20.5124,2.8903,13.354,2.0532117540517754,-15.36,10.6,10.0,0.2352,3.8600000000000003,0.3222560975609753,7.9813,-15.36,10.6,7.9813,0.3222560975609753,10.0,0.2352,3.8600000000000003,43.10344827586207,47.53589187434524,58.62068965517241,77.32548359966358,50.0,55.403309577560385,0.47413793103448276,0.43103448275862066,0.5862068965517241,0.7758620689655172,C,C,C+,B,americanelectricpowercompanyinc
CHD,Church & Dwight Co Inc,Consumer Staples,Household Products,96.38,30.6951,3.6701,21.1385,5.696621509799749,46.61,2.69,17.78,0.1747,11.62,0.6090651558073651,12.2787,46.61,2.69,12.2787,0.6090651558073651,17.78,0.1747,11.62,20.77294685990338,71.84162261301111,66.66666666666667,70.79008882655447,50.0,55.38624566955563,0.13043478260869565,0.8405797101449275,0.6956521739130435,0.6956521739130435,D,B+,B-,B-,churchdwightcoinc
AYI,Acuity Inc,Industrials,Electrical Components & Equipment,319.42,20.2456,2.0758,11.843,3.5987336495453985,18.78,10.5,16.85,0.1449,13.209999999999999,0.5066190205473889,-4.4311,18.78,10.5,-4.4311,0.5066190205473889,16.85,0.1449,13.209999999999999,65.74761631560254,58.10289366711936,59.54266043766904,37.0290023066025,50.0,55.34894838306227,0.7389558232931727,0.6546184738955824,0.5983935742971888,0.3413654618473896,B,B-,C+,C-,acuityinc
BG,Bunge Global SA,Consumer Staples,Agricultural Products & Services,109.0,20.7954,0.2281,12.355,1.325550285783777,-48.66,80.53,6.329999999999999,0.0209,3.25,0.5384958515478633,37.2969,-48.66,29.72999999999998,37.2969,0.5384958515478633,6.329999999999999,0.0209,3.25,71.01449275362319,56.94676700111483,23.18840579710145,77.0169082125604,50.0,55.3434596804162,0.8260869565217391,0.5362318840579711,0.14492753623188406,0.782608695652174,B+,C+,D,B,bungeglobalsa
AVNT,Avient Corp,Materials,Specialty Chemicals,41.28,22.2717,1.1365,10.3568,1.5926417482021051,43.14,2.36,7.090000000000001,0.09449999999999999,3.93,0.7202505219206681,26.7813,43.14,2.36,26.7813,0.7202505219206681,7.090000000000001,0.09449999999999999,3.93,63.72549019607843,55.793034573944354,37.745098039215684,69.01004304160689,50.0,55.32826258193378,0.75,0.6029411764705882,0.3161764705882353,0.7205882352941176,B,B-,C-,B,avientcorp
CFG,Citizens Financial Group Inc,Financials,Regional Banks,65.53,12.982,1.48499,,1.0688235601137817,37.2,62.72879,8.14,0.31448550000000003,5.87,0.6420091324200914,23.8987,37.2,62.72879,23.8987,0.6420091324200914,8.14,0.31448550000000003,5.87,67.64705882352942,73.20651295452328,17.647058823529413,71.76627660409957,50.0,55.31808732348928,0.726890756302521,0.8781512605042017,0.17647058823529413,0.7310924369747899,B,B+,D,B,citizensfinancialgroupinc
EVR,Evercore Inc,Financials,Investment Banking & Brokerage,262.91,13.5708,2.1322,8.94,4.985313888377967,60.84,45.68,39.83,0.2121,30.599999999999998,0.06398809523809541,-22.1953,60.84,45.68,-22.1953,0.0828489733217506,39.83,0.2121,29.45649999999999,31.72268907563025,84.98119107182475,93.69747899159664,9.649036085022244,50.0,55.28108744817612,0.2647058823529412,0.9705882352941176,0.9369747899159664,0.07142857142857142,D+,A+,A,D-,evercoreinc
TBBK,Bancorp Inc,Financials,Regional Banks,50.58,8.9265,4.64103,,3.1057540571905755,16.07,89.12521,30.56,0.5646253999999999,19.72,0.06528279181708788,-34.2006,16.07,83.28401599999997,-34.2006,0.0828489733217506,30.56,0.5646253999999999,19.72,55.88235294117647,68.9709400111396,88.65546218487394,1.751354747506479,50.0,55.27891273324182,0.5504201680672269,0.819327731092437,0.8865546218487395,0.004201680672268907,C+,B+,B+,F,bancorpinc
ORCL,Oracle Corp,Information Technology,Application Software,137.1,21.9109,5.7756,20.9183,9.288806683062663,49.08,21.62,42.58,0.3212,10.76,0.10863295520092286,-52.94,49.08,21.62,-42.32334,0.10863295520092286,42.58,0.3212,10.76,61.93286455717396,70.93977260850642,74.62962962962963,9.589966768521663,50.0,55.24657142210651,0.6961325966850829,0.7679558011049724,0.7734806629834254,0.049723756906077346,B-,B,B,F,oraclecorp
MKSI,MKS Incorporated,Information Technology,Semiconductor Materials & Equipment,260.82,40.0818,4.0571,22.8161,6.446159663678626,58.58,16.23,15.83,0.1537,6.370000000000001,0.4304878048780487,113.3497,58.58,16.23,113.3497,0.4304878048780487,15.83,0.1537,6.370000000000001,55.997823539260004,63.35834070887195,50.0,55.35668179892092,50.0,55.24246038637357,0.6022099447513812,0.6685082872928176,0.5,0.5138121546961326,B-,B-,C,C+,mksincorporated
BCPC,Balchem Corp,Materials,Specialty Chemicals,167.89,32.552,4.9287,20.1797,4.280407619018481,16.69,10.14,12.790000000000001,0.20420000000000002,11.360000000000001,0.642074670243684,11.8446,16.69,10.14,11.8446,0.642074670243684,12.790000000000001,0.20420000000000002,11.360000000000001,26.47058823529412,69.37012968745606,72.54901960784314,58.048780487804876,50.0,55.238683995836496,0.11764705882352941,0.75,0.7720588235294118,0.5882352941176471,D,B,B,C+,balchemcorp
REYN,Reynolds Consumer Products Inc,Consumer Staples,Household Products,21.67,13.2786,1.2065,9.0027,2.0227194235202974,10.33,2.71,15.28,0.1413,9.01,0.17877906976744196,-5.495,10.33,2.71,-5.495,0.17877906976744196,15.28,0.1413,9.01,70.53140096618357,61.639155608300065,54.58937198067633,33.1369798971482,50.0,55.235420337804634,0.7898550724637681,0.6376811594202898,0.5434782608695652,0.2608695652173913,B,B-,C+,D+,reynoldsconsumerproductsinc
BNY,Bank of New York Mellon Corp,Financials,Asset Management & Custody Banks,150.15,16.1736,1000000.0,,2.3320178360924606,31.68,,14.180000000000001,,6.34,0.7498804399808704,37.6513,31.68,,37.6513,0.7498804399808704,14.180000000000001,,6.34,34.45378151260504,60.59575345289631,57.14285714285714,75.86928104575163,50.0,55.19216656359514,0.2857142857142857,0.6974789915966386,0.5714285714285714,0.773109243697479,D+,B-,C+,B,bankofnewyorkmelloncorp
TTEK,Tetra Tech Inc,Industrials,Construction & Engineering,33.91,19.9148,1.992,13.7252,4.98075849710643,106.14,-5.22,23.75,0.1414,16.42,0.4673975764570108,2.4471,106.14,-5.22,2.4471,0.4673975764570108,23.75,0.1414,16.42,62.052290795836406,44.63594481451624,67.98240581373112,43.76305220883535,50.0,55.1884735570622,0.6827309236947792,0.36947791164658633,0.6987951807228916,0.40160642570281124,B-,C-,B-,C,tetratechinc
MLKN,MillerKnoll Inc,Industrials,Office Services & Supplies,20.06,14.0836,0.3619,8.0978,1.0186877919967499,33.57,1.2,7.340000000000001,0.0516,3.71,0.5749542961608773,14.1069,33.57,1.2,14.1069,0.5749542961608773,7.340000000000001,0.0516,3.71,93.66882495970276,48.673921959636246,19.89509056634702,60.22621096631424,50.0,55.171005466702546,0.9799196787148594,0.43373493975903615,0.14056224899598393,0.5903614457831325,A+,C,D,C+,millerknollinc
COHR,Coherent Corp,Information Technology,Electronic Components,295.83,71.9667,8.1388,46.8858,5.311102453667215,1617.2,22.51,8.37,0.1458,6.25,0.5732847925176108,177.5922,703.5419999999999,22.51,177.5922,0.5732847925176108,8.37,0.1458,6.25,27.870207600870586,88.0451538884161,40.92592592592593,76.79796113636664,50.0,55.16765638665568,0.23756906077348067,0.9502762430939227,0.36464088397790057,0.8287292817679558,D+,A,C-,B+,coherentcorp
PFG,Principal Financial Group Inc,Financials,Life & Health Insurance,114.77,15.7639,1.5541,11.7046,2.099376973253385,41.98,3.33,13.120000000000001,0.1278,9.790000000000001,0.8518946395563768,40.8221,41.98,3.33,40.8221,0.8518946395563768,13.120000000000001,0.1278,9.790000000000001,38.23529411764706,42.78985052858443,52.94117647058824,94.07563025210084,50.0,55.16721380319588,0.3277310924369748,0.3697478991596639,0.5294117647058824,0.957983193277311,C-,C-,C+,A,principalfinancialgroupinc
CRUS,Cirrus Logic Inc,Information Technology,Semiconductors,119.92,13.9587,2.932,9.9092,2.851259908793921,28.21,6.25,20.349999999999998,0.2305,20.349999999999998,0.18419633225458468,-4.5223,28.21,6.25,-4.5223,0.18419633225458468,20.349999999999998,0.2305,20.349999999999998,84.08881634019757,37.918834678128846,74.44444444444444,14.627236739938112,50.0,55.14252947977389,0.8729281767955801,0.3149171270718232,0.7651933701657458,0.07734806629834254,B+,C-,B,D-,cirruslogicinc
WWD,Woodward Inc,Industrials,Electrical Components & Equipment,330.31,35.1177,4.6245,25.6117,7.709489643969135,42.27,22.35,21.75,0.16,15.540000000000001,0.44575157391663983,35.3951,42.27,22.35,35.3951,0.44575157391663983,21.75,0.16,15.540000000000001,20.96877305138923,80.69736775018887,67.81356719394584,58.35493577809781,50.0,55.00604576699111,0.12449799196787148,0.9116465863453815,0.6947791164658634,0.5502008032128514,D,A-,B-,C+,woodwardinc
INTU,Intuit Inc,Information Technology,Application Software,275.79,16.1413,3.4363,12.0372,3.8973041491260423,20.37,13.9,23.419999999999998,0.2743,17.54,0.05087338180528466,-60.1851,20.37,13.9,-42.32334,0.09154450423702606,23.419999999999998,0.2743,17.54,77.75929181315921,51.61012142187155,75.55555555555556,6.630482422296986,50.0,54.9768326110124,0.8232044198895028,0.5414364640883977,0.7900552486187845,0.024861878453038673,B+,C+,B,F,intuitinc
VCYT,Veracyte Inc,Health Care,Health Care Services,45.43,31.9013,6.4996,29.2222,2.7530163193329256,323.93,17.28,8.64,0.1957,8.64,0.5078683834048642,38.4217,323.93,17.28,38.4217,0.5078683834048642,8.64,0.1957,8.64,37.6331096196868,82.63096766306009,55.55555555555555,50.536585365853654,50.0,54.93067689959334,0.38666666666666666,0.92,0.5333333333333333,0.49333333333333335,C-,A-,C+,C,veracyteinc
NYT,New York Times Co,Communication Services,Publishing,63.83,26.2069,3.4571,18.1342,5.060130169728007,23.32,10.76,19.470000000000002,0.1582,19.470000000000002,0.2948484848484848,10.4134,23.32,10.76,10.4134,0.2948484848484848,19.470000000000002,0.1582,19.470000000000002,33.57327427094869,70.61261261261261,65.89147286821706,54.70697674418605,50.0,54.93010465615117,0.37209302325581395,0.8372093023255814,0.813953488372093,0.5581395348837209,C-,B+,B+,C+,newyorktimesco
CSX,CSX Corp,Industrials,Rail Transportation,46.78,26.8876,5.9715,15.8118,6.614257840115375,6.36,2.52,24.07,0.34149999999999997,9.969999999999999,0.6593406593406593,38.4843,6.36,2.52,38.4843,0.6593406593406593,24.07,0.28918,9.969999999999999,34.7894981285687,32.3233171059258,73.75461027784608,81.52282599786902,50.0,54.90525572236267,0.2931726907630522,0.20481927710843373,0.7791164658634538,0.8433734939759037,D+,D+,B,B+,csxcorp
AVY,Avery Dennison Corp,Materials,Paper & Plastic Packaging Products & Materials,170.34,18.3143,1.3959,14.087,5.840642422663092,2.32,5.84,31.069999999999997,0.1026,11.72,0.3803056027164689,7.3278,2.32,5.84,7.3278,0.3803056027164689,31.069999999999997,0.1026,11.72,55.392156862745104,44.147058823529406,75.49019607843138,41.64705882352941,50.0,54.879411764705885,0.6323529411764706,0.36764705882352944,0.8382352941176471,0.36764705882352944,B-,C-,B+,C-,averydennisoncorp
WDAY,Workday Inc,Information Technology,Application Software,189.45,37.5736,4.6287,34.0459,6.2898615201245685,127.88,13.35,16.78,0.1067,11.98,0.5669940497526703,-21.9567,127.88,13.35,-21.9567,0.5669940497526703,16.78,0.1067,11.98,50.889419052402474,67.44086008702476,55.555555555555564,48.835108079467474,50.0,54.86643728528796,0.5359116022099447,0.712707182320442,0.585635359116022,0.425414364640884,C+,B,C+,C,workdayinc
DCOM,Dime Community Bancshares Inc,Financials,Regional Banks,40.37,16.1056,2.11729,,1.1998632803792484,225.06,42.91451,7.670000000000001,0.4435096,6.45,0.9020807833537331,33.7641,185.31,42.91451,33.7641,0.8823518207991852,7.670000000000001,0.4435096,6.45,53.781512605042025,67.2840015121204,15.546218487394958,95.1904500117804,50.0,54.8268230778894,0.5210084033613446,0.7941176470588235,0.15546218487394958,0.9663865546218487,C+,B,D,A,dimecommunitybancsharesinc
AX,Axos Financial Inc,Financials,Regional Banks,88.52,10.2415,2.35138,,1.5860502117839301,14.77,78.88815,16.41,0.496028,11.600000000000001,0.44181523500810366,1.4091,14.77,78.88815,1.4091,0.44181523500810366,16.41,0.496028,11.600000000000001,65.7563025210084,64.00265723831289,64.07563025210085,22.75347522186444,50.0,54.80920968531278,0.6848739495798319,0.7521008403361344,0.6407563025210085,0.21008403361344538,B-,B,B-,D+,axosfinancialinc
SCL,Stepan Co,Materials,Specialty Chemicals,64.53,1000000.0,0.603,13.4057,1.1735885292769692,-31.52,7.63,-0.22,0.82,-0.13999999999999999,0.8674560733384263,38.9535,-31.52,7.63,38.9535,0.827452802210118,-0.22,0.44605999999999996,-0.13999999999999999,47.54901960784313,41.59071088980786,47.05882352941177,89.15351506456241,50.0,54.800805975187785,0.5147058823529411,0.3235294117647059,0.4485294117647059,0.9264705882352942,C+,C-,C,A-,stepanco
CBRE,CBRE Group Inc,Real Estate,Real Estate Services,134.55,29.948,0.8928,16.8303,4.481937342815743,22.19,14.53,15.160000000000002,0.0453,7.89,0.24457968809433264,-13.9155,22.19,14.53,-13.9155,0.24457968809433264,15.160000000000002,0.0453,7.89,60.0,57.336956521739125,60.0,41.66666666666667,50.0,54.800724637681164,0.8,0.6,0.7,0.4,B,C+,B-,C-,cbregroupinc
BLFS,BioLife Solutions Inc,Health Care,Health Care Supplies,38.49,32.4772,18.3145,444.4328,4.988529880632996,,34.39,15.28,0.028999999999999998,15.129999999999999,0.980979553019496,59.1811,,34.39,59.1811,0.9750298472550664,15.28,0.028999999999999998,15.129999999999999,19.560029828486204,72.20430107526882,53.333333333333336,85.59139784946237,50.0,54.782480575401124,0.07333333333333333,0.8133333333333334,0.5,0.92,D-,B+,C,A-,biolifesolutionsinc
CI,Cigna Group,Health Care,Health Care Services,272.01,11.2026,0.2545,8.384,1.7180461480547633,31.74,7.77,15.24,0.0352,8.649999999999999,0.42785676671932577,-4.2421,31.74,7.77,-4.2421,0.42785676671932577,15.24,0.0352,8.649999999999999,94.65026099925429,50.286692340607615,46.88888888888889,21.691056910569106,50.0,54.78033732227114,0.9866666666666667,0.49333333333333335,0.43666666666666665,0.16666666666666666,A+,C,C,D,cignagroup
MTD,Mettler-toledo International Inc,Health Care,Life Sciences Tools & Services,1511.64,33.4449,7.3268,27.505,1347.0326145072179,12.52,6.91,1816.2600000000002,0.2655,10.96,0.9432876738775786,24.9764,12.52,6.91,24.9764,0.9432876738775786,108.47599999999993,0.2655,10.96,34.74720357941835,46.993620414673046,82.77777777777779,54.98989898989899,50.0,54.77794922021344,0.32,0.43333333333333335,0.88,0.54,C-,C,B+,C+,mettlertoledointernationalinc
V,Visa Inc,Financials,Transaction & Payment Processing Services,367.38,30.361,15.418,24.6106,18.564671639075858,14.72,14.39,61.260000000000005,0.6068,37.39,0.8015933699753162,9.6886,14.72,14.39,9.6886,0.8015933699753162,44.400499999999866,0.5811805599999998,29.45649999999999,8.193277310924369,45.040921167530605,97.68907563025209,71.33053221288515,50.0,54.74487891137727,0.0546218487394958,0.40336134453781514,0.976890756302521,0.7142857142857143,D-,C,A+,B,visainc
INSP,Inspire Medical Systems Inc,Health Care,Health Care Equipment,70.5,15.0929,2.2678,26.7832,2.5792714381359,165.52,4.35,17.62,0.0602,17.62,0.2921753607103219,-8.8205,165.52,4.35,-8.8205,0.2921753607103219,17.62,0.0602,17.62,62.52796420581655,62.56425034712216,61.333333333333336,31.2108843537415,50.0,54.720351324960205,0.66,0.68,0.6166666666666667,0.24666666666666667,B-,B-,B-,D+,inspiremedicalsystemsinc
WMS,Advanced Drainage Systems Inc,Industrials,Building Products,133.13,22.142,3.1002,15.7902,5.005432923138237,4.59,10.37,23.400000000000002,0.20739999999999997,12.770000000000001,0.15357830110876927,-1.9661,4.59,10.37,-1.9661,0.15357830110876927,23.400000000000002,0.20739999999999997,12.770000000000001,48.9817774499358,57.5997425997426,72.1918968390569,39.50454880747479,50.0,54.71427685369166,0.5020080321285141,0.6385542168674698,0.7590361445783133,0.3654618473895582,C+,B-,B,C-,advanceddrainagesystemsinc
OTTR,Otter Tail Corp,Utilities,Electric Utilities,89.34,19.229,6.5179,13.7239,2.01091213569943,-31.88,4.89,10.43,0.3914,6.45,0.7254059216809933,8.9911,-18.695999999999998,4.89,8.9911,0.668455284803873,10.43,0.3914,6.45,30.45977011494253,17.193056231832735,82.75862068965517,89.73927670311187,50.0,54.69106428813835,0.27586206896551724,0.06896551724137931,0.8793103448275862,0.896551724137931,D+,D-,B+,B+,ottertailcorp
GTES,Gates Industrial Corporation PLC,Industrials,Industrial Machinery & Supplies & Components,26.86,18.706,1.9402,11.9622,2.0426476851006874,81.96,3.34,10.7,0.13269999999999998,6.460000000000001,0.6321353065539111,9.7222,81.96,3.34,9.7222,0.6321353065539111,10.7,0.13269999999999998,6.460000000000001,68.34931562986641,51.87250745908872,40.37428626068901,60.23271786583096,50.0,54.6019455376228,0.7751004016064257,0.5100401606425703,0.37349397590361444,0.5943775100401606,B,C+,C-,C+,gatesindustrialcorporationplc
ILMN,Illumina Inc,Health Care,Life Sciences Tools & Services,270.0,49.4182,9.0741,38.6664,15.170755278860957,-31.92,4.88,31.080000000000002,0.19519999999999998,17.76,0.9581468807580943,192.8734,-31.92,4.88,122.04227499999998,0.9581468807580943,31.080000000000002,0.19519999999999998,17.76,22.93810589112603,28.00106326422116,79.11111111111111,92.36363636363636,50.0,54.585244176130786,0.13333333333333333,0.13333333333333333,0.84,0.9666666666666667,D,D,B+,A,illuminainc
LQDT,Liquidity Services Inc,Industrials,Diversified Support Services,43.61,45.1798,2.8471,23.0911,6.582343441051726,18.2,9.26,14.24,0.0837,14.24,0.9785905441570025,59.2768,18.2,9.26,59.2768,0.8612055039279215,14.24,0.0837,14.24,26.630604048848454,59.25854832104832,48.52170587110347,94.62920326947867,50.0,54.56562779809338,0.18875502008032127,0.6746987951807228,0.46987951807228917,0.9839357429718876,D,B-,C,A+,liquidityservicesinc
CVX,Chevron Corp,Energy,Integrated Oil & Gas,204.45,19.6176,1.9354,8.4574,2.186958475065785,34.62,11.17,10.979999999999999,0.1322,9.0,0.8130172534717349,27.2088,34.62,11.17,27.2088,0.8130172534717349,10.979999999999999,0.1322,9.0,48.25870646766169,62.53957485300769,49.25373134328358,63.35142469470827,50.0,54.556309362279514,0.43283582089552236,0.7164179104477612,0.417910447761194,0.5970149253731343,C,B,C,C+,chevroncorp
PH,Parker-Hannifin Corp,Industrials,Industrial Machinery & Supplies & Components,978.33,33.8211,5.7389,26.243,8.002437548055687,5.03,8.31,25.11,0.2165,15.14,0.6837766856489066,31.3054,5.03,8.31,31.3054,0.6837766856489066,25.11,0.2165,15.14,18.280468814031636,48.62897872934583,76.94287353495615,79.93505438622311,50.0,54.51864221036073,0.10441767068273092,0.42971887550200805,0.8273092369477911,0.8232931726907631,D,C,B+,B+,parkerhannifincorp
NXT,Nextpower Inc,Industrials,Electrical Components & Equipment,80.85,20.6502,3.3791,15.6197,5.174068859592986,6.1,16.97,26.32,0.1934,26.32,0.12384197636034497,9.985,6.1,16.97,9.985,0.12384197636034497,26.32,0.1934,26.32,49.39212632844303,55.402469868256176,81.48075294374779,28.584120739517836,50.0,54.51553793960251,0.5100401606425703,0.5742971887550201,0.8835341365461847,0.24899598393574296,C+,C+,B+,D+,nextpowerinc
WDFC,WD-40 Co,Consumer Staples,Household Products,199.17,28.7094,3.7968,21.7813,10.04762241078365,3.51,10.15,33.050000000000004,0.1748,24.45,0.19260194787846396,-0.1103,3.51,10.15,-0.1103,0.19260194787846396,33.050000000000004,0.1748,24.45,21.73913043478261,70.0057539468479,85.99033816425121,42.889200561009815,50.0,54.51135805133,0.14492753623188406,0.8115942028985508,0.9130434782608695,0.4057971014492754,D,B+,A-,C,wd40co
VSNT,Versant Media Group Inc,Communication Services,Cable & Satellite,32.8,6.2061,0.7114,,0.4645148864275264,-19.22,,8.27,0.1775,6.959999999999999,0.17687715991203254,,-19.22,,,0.17687715991203254,8.27,0.1775,6.959999999999999,77.13178294573643,45.79905992949471,49.6124031007752,43.30637007077856,50.0,54.50713251168256,0.8604651162790697,0.4186046511627907,0.4418604651162791,0.37209302325581395,B+,C,C,C-,versantmediagroupinc
HPQ,HP Inc,Information Technology,"Technology Hardware, Storage & Peripherals",31.3,11.5161,0.4771,9.5782,2.033457852850414,-4.42,8.14,16.85,0.0545,9.98,0.7361371551031342,16.5736,-4.42,8.14,16.5736,0.7361371551031342,16.85,0.0545,9.98,95.70672191528546,24.047628024892184,47.03703703703703,45.02994948403757,50.0,54.50145523986657,0.994475138121547,0.12154696132596685,0.4530386740331492,0.3867403314917127,A+,D,C,C-,hpinc
AIT,Applied Industrial Technologies Inc,Industrials,Trading Companies & Distributors,333.39,29.544,2.4658,21.5208,6.590259012459403,8.18,8.84,22.17,0.1106,17.919999999999998,0.6965411109482631,28.6723,8.18,8.84,28.6723,0.6965411109482631,22.17,0.1106,17.919999999999998,36.545638335655546,50.707554163775356,64.77174002130972,70.14517583170073,50.0,54.499890588336534,0.3172690763052209,0.4819277108433735,0.6706827309236948,0.7228915662650602,C-,C,B-,B,appliedindustrialtechnologiesinc
ZTS,Zoetis Inc,Health Care,Pharmaceuticals,71.05,11.0772,3.0449,10.7604,9.06365607858145,4.59,1.41,69.25,0.34380000000000005,21.22,0.019301122745048582,-49.6563,4.59,1.41,-36.919515,0.0741980799342573,69.25,0.34380000000000005,21.22,77.53020134228188,32.782537739698085,90.88888888888887,4.186046511627907,50.0,54.498489408057885,0.8466666666666667,0.24,0.9533333333333334,0.006666666666666667,B+,D+,A,F,zoetisinc
KSS,Kohls Corp,Consumer Discretionary,Broadline Retail,17.9,7.5164,0.1315,3.8173,0.49525632973557737,26.68,-2.87,6.68,0.0384,3.42,0.47109826589595366,11.5265,26.68,-2.87,11.5265,0.47109826589595366,6.68,0.0384,3.42,96.93576965669989,40.81043956043956,15.973180076628353,65.12087912087912,50.0,54.413501169595804,1.0,0.3314285714285714,0.11428571428571428,0.6514285714285715,A+,C-,D,B-,kohlscorp
LRN,Stride Inc,Consumer Discretionary,Education Services,78.56,9.6541,1.2966,6.4181,1.9961986847855917,19.88,4.69,21.310000000000002,0.179,15.909999999999998,0.19004764425622026,-46.7787,19.88,4.69,-46.19532,0.19004764425622026,21.310000000000002,0.179,15.909999999999998,74.98781838316722,50.80049261083744,66.32402846195949,19.61576354679803,50.0,54.41121294280877,0.8571428571428571,0.49142857142857144,0.6971428571428572,0.14285714285714285,B+,C,B-,D,strideinc
MTUS,Metallus Inc,Materials,Steel,18.84,96.408,0.6388,11.1924,1.1452330585746588,,16.12,1.17,0.36,1.17,0.5542312276519668,12.8144,,16.12,12.8144,0.5542312276519668,1.17,0.36,1.17,57.35294117647059,65.46653144016227,47.05882352941177,51.03448275862068,50.0,54.40314401622718,0.6764705882352942,0.7352941176470589,0.4485294117647059,0.4852941176470588,B-,B,C,C,metallusinc
MSI,Motorola Solutions Inc,Information Technology,Communications Equipment,456.88,35.4315,6.1794,24.7809,31.412777426363412,2.13,10.29,85.76,0.2488,18.38,0.7197579157133366,0.2523,2.13,10.29,0.2523,0.7197579157133366,85.76,0.2488,18.38,50.23648083040349,35.11710512287782,82.22222222222223,46.25471374388825,50.0,54.38903953650965,0.5303867403314917,0.27624309392265195,0.850828729281768,0.40331491712707185,C+,D+,B+,C,motorolasolutionsinc
HONA,Honeywell Aerospace Inc,Industrials,Aerospace & Defense,158.78,14.1087,1.9151,,,,,,0.1723,,0.08166574271118349,,,,,0.08166574271118349,,0.1723,,65.26104417670683,50.0,59.93975903614458,40.12048192771084,50.0,54.324297188755025,0.7269076305220884,0.4538152610441767,0.6104417670682731,0.37349397590361444,B,C,B-,C-,honeywellaerospaceinc
