Ticker,Name,Sector,SubIndustry,Price,PE_Rank,PS_Rank,EV_EBITDA_Used,PB_Ratio,EPS_Growth,Rev_Growth,ROE,Op_Margin,ROIC,Mom_Range,Mom_12M,EPS_Growth_Win,Rev_Growth_Win,Mom_12M_Win,Mom_Range_Win,ROE_Win,Op_Margin_Win,ROIC_Win,Value_S,Growth_S,Prof_S,Mom_S,Rev_S,Fundamental_Score,Value_Pct,Growth_Pct,Prof_Pct,Mom_Pct,Value_Grade,Growth_Grade,Prof_Grade,Mom_Grade,Name_Key,Rev_Change,Rec_BuyRatio,Shrunk_Ratio,Analyst_Count,Streak_Days,Streak_Score,Rev_Change_Win,Rev_Pct,Rev_Grade,FundamentalPlusRev_Score,Consensus_Score,Sentiment_Score,Alpha_Score,Val_Fail,Mom_Fail,Min_Fund_Factor
MU,Micron Technology Inc,Information Technology,Semiconductors,746.81,34.9302,14.491,22.981,15.4697837822162,412.05,85.55,40.839999999999996,0.48340000000000005,33.46,0.9993974542441816,777.0523,257.60999999999973,47.04399999999999,493.0368199999996,0.9923589762072912,40.839999999999996,0.4248699999999999,33.46,46.764370003806626,97.24150684584339,92.14756129368806,97.7287102243088,68.37606837606837,78.72202623840411,0.5067567567567568,0.9932432432432432,0.9594594594594594,1.0,C+,A+,A,A+,microntechnologyinc,0.01712089447938503,0.9245283018867925,0.8922413793103449,53.0,90.0,84.89281911636292,0.01712089447938503,0.6944444444444444,B-,80.55963307601095,89.22413793103449,87.49161040516586,81.94602854184194,False,False,46.764370003806626
NEM,Newmont Corporation,Materials,Gold,116.51,17.5555,5.4868,9.1075,3.746398621186397,118.49,21.34,21.72,0.47909999999999997,18.02,0.787899780625794,120.5376,118.49,21.34,120.5376,0.787899780625794,21.72,0.23540999999999998,14.592999999999996,53.56316137566137,88.78066378066377,93.65079365079366,86.43578643578643,53.4965034965035,76.8467787999038,0.609375,0.96875,0.984375,0.921875,B-,A,A+,A-,newmontcorporation,0.005747126436781658,0.8333333333333334,0.7928571428571429,30.0,32.5,49.46479682557141,0.005747126436781658,0.5384615384615384,C+,77.19642914955415,79.28571428571429,67.35734730165714,75.22861277997475,False,False,53.4965034965035
DAL,Delta Air Lines Inc,Industrials,Passenger Airlines,73.33,10.7611,0.7392,7.0981,2.3072227745824785,21.36,5.24,23.14,0.08779999999999999,13.209999999999999,0.901639344262295,51.0713,21.36,5.24,51.0713,0.901639344262295,23.14,0.08779999999999999,13.209999999999999,92.66027585648992,67.2757437912174,60.19900497512438,78.69960542117002,45.65217391304348,72.40989005038105,0.975609756097561,0.7170731707317073,0.6390243902439025,0.824390243902439,A+,B,B-,B+,deltaairlinesinc,0.0,0.90625,0.8581081081081081,32.0,90.0,84.89281911636292,0.0,0.475,C,71.9751074416854,85.8108108108108,85.44361413303164,74.66880877995465,False,False,45.65217391304348
CPRX,Catalyst Pharmaceuticals Inc,Health Care,Biotechnology,31.15,17.7817,6.4705,9.6629,3.999178338960855,28.29,19.78,24.32,0.43770000000000003,24.32,0.8956328645447814,36.8629,28.29,19.78,36.8629,0.8956328645447814,24.32,0.4076999999999999,24.32,60.97924618320611,70.64941590135388,87.85529715762273,71.35474344776671,49.73544973544974,70.60946770503134,0.6870229007633588,0.7862595419847328,0.9312977099236641,0.7480916030534351,B-,B,A,B,catalystpharmaceuticalsinc,0.0,0.9285714285714286,0.8289473684210527,14.0,90.0,84.89281911636292,0.0,0.625,B-,70.58301267857631,82.89473684210526,83.69396975180832,73.20520409322272,False,False,49.73544973544974
APP,Applovin Corp,Information Technology,Application Software,468.55,47.2607,27.1377,39.228,74.25750419981615,114.67,45.98,249.2,0.6847,68.05,0.34902845327882337,38.0077,114.67,45.98,38.0077,0.34902845327882337,113.0909999999999,0.4248699999999999,46.00349999999993,33.44435985281056,91.19593045603052,97.54662232655191,65.29538341158059,60.49382716049383,69.04600831836284,0.3108108108108108,0.9797297297297297,0.9966216216216216,0.668918918918919,C-,A+,A+,B-,applovincorp,0.03594771241830064,0.8888888888888888,0.847560975609756,36.0,90.0,84.89281911636292,0.03594771241830064,0.6111111111111112,B-,70.09539103441222,84.75609756097559,84.81078618313052,71.60731085343932,True,False,33.44435985281056
INVA,Innoviva Inc,Health Care,Pharmaceuticals,22.89,6.2305,4.1074,7.8522,1.456653578633202,3397.08,14.67,30.599999999999998,0.3981,21.88,0.7385507246376812,23.197,524.5159999999945,14.67,23.197,0.7385507246376812,30.599999999999998,0.3981,21.88,76.30605916030534,85.90524104089994,87.59689922480622,64.06589147286822,68.87755102040816,75.96996609903152,0.8549618320610687,0.9312977099236641,0.9236641221374046,0.6564885496183206,B+,A,A-,B-,innovivainc,0.018181818181818188,0.8181818181818182,0.734375,11.0,0.0,0.0,0.018181818181818188,0.7142857142857143,B,77.85772120107234,73.4375,44.0625,71.09867696085787,False,False,64.06589147286822
ENVA,Enova International Inc,Financials,Consumer Finance,174.9,14.1132,2.378,11.2517,3.233846483815976,56.49,19.67,24.45,0.4035,5.7700000000000005,0.9796989051094891,84.144,56.49,19.67,70.7628,0.9645380732938337,24.45,0.4035,5.7700000000000005,36.079632858168395,69.3979216365561,83.16326530612244,95.2752009894867,98.79807692307693,67.74534906628128,0.27638190954773867,0.8592964824120602,0.8341708542713567,0.9698492462311558,D+,B+,B+,A,enovainternationalinc,0.06593406593406603,0.9230769230769231,0.8194444444444445,13.0,62.5,73.08536512708162,0.05989010989010994,1.0,A+,72.62515675858896,81.94444444444446,78.40081271749932,71.06450599440888,True,False,36.079632858168395
CUBI,Customers Bancorp Inc,Financials,Regional Banks,77.26,9.2661,1.99781,7.4884,1.248684808099158,85.8,55.59768,13.62,0.3985504,11.78,0.8394912174439735,49.4969,85.8,55.59768,49.4969,0.8394912174439735,13.62,0.3985504,11.78,77.11388575530715,79.43500411660199,57.39795918367348,85.51678736010533,93.75,71.61831953008664,0.8793969849246231,0.9447236180904522,0.5804020100502513,0.8944723618090452,B+,A,C+,B+,customersbancorpinc,0.03921568627450989,0.7058823529411765,0.6704545454545455,17.0,0.0,0.0,0.03921568627450989,0.9375,A,75.99331953008664,67.04545454545455,40.22727272727273,68.84011016952385,False,False,57.39795918367348
SWX,Southwest Gas Holdings Inc,Utilities,Gas Utilities,89.95,14.8016,3.3551,10.2703,1.6400915315118199,120.15,-21.61,11.62,0.25329999999999997,5.52,0.8372727272727275,18.4332,85.45799999999986,-14.79,18.4332,0.8372727272727275,11.62,0.25329999999999997,5.52,72.20289855072464,52.74061687105165,77.89855072463769,85.61872909698997,84.12698412698413,70.19723151244891,0.76,0.56,0.92,0.84,B,C+,A-,B+,southwestgasholdingsinc,0.0,0.8333333333333334,0.75,12.0,0.0,0.0,0.0,0.6666666666666666,B-,73.60992992514733,75.0,45.0,67.88794394011786,False,False,52.74061687105165
BOOT,Boot Barn Holdings Inc,Consumer Discretionary,Apparel Retail,163.3,22.6855,2.2905,12.9939,4.417106889658885,27.79,17.5,18.279999999999998,0.13449999999999998,18.07,0.5240750126710595,37.4116,27.79,17.5,37.4116,0.5240750126710595,18.279999999999998,0.13449999999999998,18.07,37.040808454832984,89.13811905388636,66.89655172413792,60.88669950738917,98.01587301587301,60.989303756997835,0.3221476510067114,0.9530201342281879,0.6912751677852349,0.5637583892617449,C-,A,B-,C+,bootbarnholdingsinc,0.09486166007905128,0.9130434782608695,0.8482142857142856,23.0,62.5,73.08536512708162,0.07777777777777783,1.0,A+,65.79089105858513,84.82142857142856,80.12700319368977,67.70196861659511,True,False,37.040808454832984
FAF,First American Financial Corp,Financials,Property & Casualty Insurance,71.04,10.7611,0.9392,6.7995,1.3175880571325769,329.61,22.59,11.87,0.1388,8.09,0.9766050054406968,17.3827,96.085,22.59,17.3827,0.9645380732938337,11.87,0.1388,8.09,68.78397087478207,85.47352916597023,48.46938775510204,84.37755102040816,98.69791666666666,68.28355569474671,0.7587939698492462,0.9597989949748744,0.47738693467336685,0.8743718592964824,B,A,C,B+,firstamericanfinancialcorp,0.13333333333333341,0.8,0.7166666666666667,10.0,0.0,0.0,0.05989010989010994,0.96875,A,73.15334736141338,71.66666666666667,43.0,67.1226778891307,False,False,48.46938775510204
UAL,United Airlines Holdings Inc,Industrials,Passenger Airlines,99.58,8.8211,0.5345,5.9301,2.107789805223119,2.02,4.73,24.91,0.08439999999999999,9.32,0.5881242131766682,25.3998,2.02,4.73,25.3998,0.5881242131766682,24.91,0.08439999999999999,9.32,96.25045504186386,48.745336819862985,56.053067993366504,52.036369874764105,45.65217391304348,63.232222097733015,1.0,0.4292682926829268,0.5951219512195122,0.526829268292683,A+,C,C+,C+,unitedairlinesholdingsinc,0.0,0.8666666666666667,0.8214285714285714,30.0,90.0,84.89281911636292,0.0,0.475,C,62.79743948903736,82.14285714285714,83.24284193225945,66.88651997768179,False,False,45.65217391304348
JBSS,John B Sanfilippo & Son Inc,Consumer Staples,Packaged Foods & Meats,77.95,13.5851,0.7824,10.4512,2.5157009430247794,20.62,5.11,18.11,0.0832,15.24,0.7301349325337331,27.8707,20.62,5.11,27.8707,0.7301349325337331,18.11,0.0832,15.24,72.75132275132275,73.04225576083499,58.201058201058196,87.24867724867724,71.01449275362319,69.79628183999769,0.796875,0.8125,0.578125,0.859375,B,B+,C+,B+,johnbsanfilipposoninc,0.0,0.8571428571428571,0.7291666666666667,7.0,0.0,0.0,0.0,0.8333333333333334,B+,71.89773111536,72.91666666666667,43.75,66.268184892288,False,False,58.201058201058196
FNB,FNB Corp,Financials,Regional Banks,17.9,10.891,2.56275,13.9664,0.9462538392002834,27.72,64.79501,8.76,0.42536409999999997,6.36,0.7824561403508768,29.5224,27.72,64.79501,29.5224,0.7824561403508768,8.76,0.42536409999999997,6.36,83.08506819813353,77.73853077546877,27.55102040816326,65.85034013605441,66.25000000000001,61.376796333878836,0.9447236180904522,0.9246231155778895,0.271356783919598,0.7085427135678392,A,A-,D+,B,fnbcorp,0.007575757575757569,0.9166666666666666,0.8088235294117647,12.0,62.5,73.08536512708162,0.007575757575757569,0.625,B-,63.001796333878836,80.88235294117648,77.76355781553853,65.95414863021078,False,False,27.55102040816326
ANET,Arista Networks Inc,Information Technology,Communications Equipment,141.77,47.982,18.3851,40.3508,14.399910616340959,23.51,30.57,30.580000000000002,0.4279,30.580000000000002,0.6036146838715057,62.4499,23.51,30.57,62.4499,0.6036146838715057,30.580000000000002,0.4248699999999999,30.580000000000002,33.39677705874889,78.59910331620698,88.62643453312467,44.78530907668231,73.42995169082126,60.182685376546246,0.30405405405405406,0.8783783783783784,0.9256756756756757,0.3783783783783784,C-,B+,A-,C-,aristanetworksinc,0.03676470588235292,0.9117647058823529,0.8653846153846153,34.0,90.0,84.89281911636292,0.03676470588235292,0.7222222222222222,B,62.525680545628376,86.53846153846153,85.8802045696221,65.6528800112957,True,False,33.39677705874889
ADEA,Adeia Inc,Information Technology,IT Consulting & Other Services,29.53,29.3223,7.3457,15.1419,6.698119627100961,72.59,17.91,26.340000000000003,0.3947,12.870000000000001,0.7883853937527496,118.5788,72.59,17.91,118.5788,0.7883853937527496,26.340000000000003,0.3947,12.870000000000001,60.53483060525315,77.75940392693542,80.31429316640585,70.3232213795594,44.44444444444445,69.8288060042137,0.6554054054054054,0.8716216216216216,0.8445945945945946,0.75,B-,B+,B+,B,adeiainc,0.0,0.9,0.7833333333333333,10.0,0.0,0.0,0.0,0.4444444444444444,C,69.27325044865815,78.33333333333333,46.99999999999999,64.81860035892652,False,False,44.44444444444445
EAT,Brinker International Inc,Consumer Discretionary,Restaurants,138.68,17.7691,1.3911,10.7349,16.638671593799494,58.84,15.07,121.26999999999998,0.1003,51.9,0.4420487658800089,1.493,58.84,15.07,1.493,0.4420487658800089,121.26999999999998,0.1003,41.656,56.24778214919386,86.46122044500876,80.57471264367815,50.42596348884381,81.859410430839,66.58306048498852,0.6040268456375839,0.9463087248322147,0.8791946308724832,0.47651006711409394,B-,A,B+,C,brinkerinternationalinc,0.044973544973545,0.7857142857142857,0.75,28.0,0.0,0.0,0.044973544973545,0.8095238095238095,B+,69.76900152807242,75.0,45.0,64.81520122245794,False,False,50.42596348884381
JLL,Jones Lang LaSalle Inc,Real Estate,Real Estate Services,329.87,17.084,0.572,12.5131,2.0640288827638855,68.02,11.23,12.35,0.044199999999999996,9.08,0.780489417989418,44.8259,63.513999999999996,11.23,44.8259,0.780489417989418,12.35,0.044199999999999996,8.9075,83.33333333333334,76.0,60.0,74.66666666666667,50.0,70.96666666666667,1.0,0.8333333333333334,0.75,0.6666666666666666,A+,B+,B,B-,joneslanglasalleinc,0.0,0.6875,0.6547619047619047,16.0,0.0,0.0,0.0,0.5,C,70.96666666666667,65.47619047619047,39.28571428571428,64.6304761904762,False,False,50.0
LRCX,Lam Research Corp,Information Technology,Semiconductor Materials & Equipment,294.05,54.818,16.9603,46.5283,37.8306401811445,47.61,26.53,65.79,0.34259999999999996,46.29,0.9823367436029461,292.5901,47.61,26.53,292.5901,0.9823367436029461,65.79,0.34259999999999996,46.00349999999993,31.31265067884786,84.56800759951031,92.42957746478874,82.04373956155233,78.26086956521739,69.25790646812169,0.28378378378378377,0.9391891891891891,0.9662162162162162,0.8986486486486487,D+,A,A,B+,lamresearchcorp,0.04878048780487809,0.7804878048780488,0.7554347826086957,41.0,0.0,0.0,0.04878048780487809,0.7777777777777778,B,72.08399342464342,75.54347826086956,45.326086956521735,64.52302821587048,True,False,31.31265067884786
UTHR,United Therapeutics Corp,Health Care,Biotechnology,564.94,17.9665,7.5344,13.6749,3.4745033546356336,13.31,10.61,19.3,0.4689,19.16,0.8683094623847227,83.4221,13.31,10.61,83.4221,0.8683094623847227,19.3,0.4076999999999999,19.16,52.67573155216285,52.091233486582325,82.68733850129199,78.63418235511259,92.06349206349206,64.98585068170269,0.5801526717557252,0.5343511450381679,0.8778625954198473,0.8091603053435115,C+,C+,B+,B+,unitedtherapeuticscorp,0.058441558441558406,0.7727272727272727,0.7314814814814814,22.0,0.0,0.0,0.058441558441558406,0.8928571428571429,B+,69.1921998880519,73.14814814814814,43.88888888888888,64.1315376882193,False,False,52.091233486582325
C,Citigroup Inc,Financials,Diversified Banks,125.55,13.4348,1.09533,38.244,1.033508561945482,26.54,99.23775,7.55,0.2301502,1.72,0.8486167236555798,75.2513,26.54,89.81605399999997,70.7628,0.8486167236555798,7.55,0.2301502,1.72,69.71464465183058,86.97543681456435,21.428571428571427,91.56200941915228,87.2159090909091,63.49329326684382,0.7889447236180904,0.9798994974874372,0.21105527638190955,0.949748743718593,B,A+,D+,A,citigroupinc,0.033333333333333326,0.8666666666666667,0.8214285714285714,30.0,2.5,5.114567894419874,0.033333333333333326,0.859375,B+,67.21488417593473,82.14285714285714,51.33154144348224,64.03821562944424,False,False,21.428571428571427
APH,Amphenol Corp,Information Technology,Electronic Components,128.03,36.8843,6.82,23.4916,11.707098508609102,74.13,51.71,35.77,0.2541,19.74,0.5512481306798575,58.8856,74.13,47.04399999999999,58.8856,0.5512481306798575,35.77,0.2541,19.74,52.15074229158736,88.42044861763172,82.9649191444966,41.04503564597461,83.09178743961353,64.67201221174227,0.5743243243243243,0.9662162162162162,0.8716216216216216,0.33783783783783783,C+,A,B+,C-,amphenolcorp,0.07333333333333336,0.8333333333333334,0.7844827586206897,24.0,0.0,0.0,0.07333333333333336,0.8333333333333334,B+,67.98119095570361,78.44827586206897,47.06896551724138,63.79874586801117,False,False,41.04503564597461
COLL,Collegium Pharmaceutical Inc,Health Care,Pharmaceuticals,37.8,16.3442,1.5383,9.9723,3.9729670075570453,71.17,19.88,26.740000000000002,0.21710000000000002,6.87,0.4583635711485364,38.6139,71.17,19.88,38.6139,0.4583635711485364,26.740000000000002,0.21710000000000002,6.87,79.29389312977099,78.95551118419336,68.2170542635659,55.325581395348834,44.38775510204082,68.73395536424266,0.8931297709923665,0.8778625954198473,0.6946564885496184,0.5114503816793893,B+,B+,B-,C+,collegiumpharmaceuticalinc,0.0,0.8333333333333334,0.75,12.0,0.0,0.0,0.0,0.23214285714285715,D+,68.17273087444674,75.0,45.0,63.5381846995574,False,False,44.38775510204082
PRDO,Perdoceo Education Corp,Consumer Discretionary,Education Services,36.04,13.2789,2.6435,8.5055,2.315600102801336,16.48,17.75,17.21,0.2426,17.0,0.7923174335162515,19.615,16.48,17.75,19.615,0.7923174335162515,17.21,0.2426,17.0,59.09280259199259,82.66649118188997,70.6896551724138,77.61273209549071,37.01298701298701,69.50145909657773,0.6577181208053692,0.8926174496644296,0.7516778523489933,0.8322147651006712,B-,B+,B,B+,perdoceoeducationcorp,0.0,0.8571428571428571,0.7291666666666667,7.0,0.0,0.0,0.0,0.3333333333333333,C-,68.20275779787643,72.91666666666667,43.75,63.312206238301144,False,False,37.01298701298701
AAPL,Apple Inc,Information Technology,"Technology Hardware, Storage & Peripherals",293.32,35.1466,9.543,27.1226,58.769785614105395,29.01,12.76,146.69,0.3264,69.07,0.9857847976307996,48.524,29.01,12.76,48.524,0.9857847976307996,113.0909999999999,0.3264,46.00349999999993,48.73429767795965,60.29722343658593,93.72717788210745,63.291021851272234,81.15942028985508,65.33301794758842,0.5337837837837838,0.668918918918919,0.9797297297297297,0.6418918918918919,C+,B-,A+,B-,appleinc,0.07407407407407407,0.7222222222222222,0.7076271186440678,54.0,0.0,0.0,0.07407407407407407,0.8055555555555556,B+,68.44895997657392,70.76271186440678,42.45762711864407,63.250693404987956,False,False,48.73429767795965
IQV,IQVIA Holdings Inc,Health Care,Life Sciences Tools & Services,178.71,21.9314,1.8287,12.7437,4.660800350518475,4.84,5.87,22.28,0.1334,6.41,0.3919928825622776,16.5829,4.84,5.87,16.5829,0.3919928825622776,22.28,0.1334,6.41,68.49355916030534,49.80326521024196,55.68475452196382,56.65559246954596,93.19727891156462,57.33634995652488,0.7709923664122137,0.4961832061068702,0.5419847328244275,0.549618320610687,B,C,C+,C+,iqviaholdingsinc,0.07096774193548383,0.8709677419354839,0.8263888888888888,31.0,32.5,49.46479682557141,0.07096774193548383,0.9285714285714286,A-,61.65607784768134,82.63888888888889,69.3692520635619,63.198712690857455,False,False,49.80326521024196
FTDR,Frontdoor Inc,Consumer Discretionary,Specialized Consumer Services,64.62,17.6598,2.1419,10.0643,18.947368421052634,12.69,12.12,98.66,0.16140000000000002,17.88,0.7242152466367716,20.8528,12.69,12.12,20.8528,0.7242152466367716,98.66,0.16140000000000002,17.88,53.637275322070515,73.76945687461613,81.37931034482757,70.95172413793104,63.718820861678005,67.69838261923397,0.5771812080536913,0.7986577181208053,0.8993288590604027,0.7449664429530202,C+,B,B+,B,frontdoorinc,0.02564102564102566,0.6923076923076923,0.6527777777777778,13.0,0.0,0.0,0.02564102564102566,0.6190476190476191,B-,69.07026470540177,65.27777777777779,39.16666666666667,63.08954509765476,False,False,53.637275322070515
CCL,Carnival Corp,Consumer Discretionary,"Hotels, Resorts & Cruise Lines",26.38,11.7827,1.3527,8.4274,2.817533216559149,50.48,6.1,26.22,0.16269999999999998,8.1,0.45859872611464964,30.2716,50.48,6.1,30.2716,0.45859872611464964,26.22,0.16269999999999998,8.1,70.29082774049216,77.51928081089406,61.60919540229886,57.65935214211076,71.01449275362319,65.01073237629873,0.7583892617449665,0.8456375838926175,0.6140939597315436,0.5503355704697986,B,B+,B-,C+,carnivalcorp,0.03125,0.8125,0.7770270270270271,32.0,0.0,0.0,0.03125,0.6666666666666666,B-,67.11218165166105,77.70270270270271,46.62162162162162,63.014069645653166,False,False,57.65935214211076
RL,Ralph Lauren Corp,Consumer Discretionary,"Apparel, Accessories & Luxury Goods",358.45,23.632,2.7711,15.8901,8.516396052212672,33.85,12.71,34.74,0.1463,21.84,0.7627176163165573,42.5419,33.85,12.71,42.5419,0.7627176163165573,34.74,0.1463,21.84,27.95649155288128,83.83915775663604,75.17241379310344,85.0,74.02597402597402,64.55005788782339,0.2214765100671141,0.912751677852349,0.7986577181208053,0.8791946308724832,D+,A-,B,B+,ralphlaurencorp,0.0357142857142857,0.8571428571428571,0.8106060606060607,28.0,32.5,49.46479682557141,0.0357142857142857,0.7142857142857143,B,66.9526552904208,81.06060606060606,68.4222823665922,62.92519808648295,True,False,27.95649155288128
ULTA,Ulta Beauty Inc,Consumer Discretionary,Other Specialty Retail,521.58,19.7768,1.8408,12.2427,8.217054507816428,1.06,41.38,44.07,0.12369999999999999,40.57,0.41213497040306735,34.3447,1.06,22.618,34.3447,0.41213497040306735,44.07,0.12369999999999999,40.57,45.373756074982644,76.87275160129857,78.85057471264368,65.7471264367816,86.39455782312925,64.58005830452262,0.436241610738255,0.8322147651006712,0.8389261744966443,0.6375838926174496,C,B+,B+,B-,ultabeautyinc,0.04873949579831938,0.7058823529411765,0.6858974358974359,34.0,0.0,0.0,0.04873949579831938,0.8571428571428571,B+,68.21951408683555,68.58974358974359,41.15384615384615,62.80638050023767,False,False,45.373756074982644
MCY,Mercury General Corp,Financials,Property & Casualty Insurance,99.67,10.2026,0.9213,6.2293,2.2838196408030833,15.61,9.44,25.650000000000002,0.1155,20.16,0.9768471229145388,74.4923,15.61,9.44,70.7628,0.9645380732938337,25.650000000000002,0.1155,20.16,56.50061532150549,46.123809125856596,85.71428571428571,98.35204081632654,36.19791666666667,69.44889524738443,0.5728643216080402,0.4271356783919598,0.8592964824120602,0.9949748743718593,C+,C,B+,A+,mercurygeneralcorp,0.0,0.8,0.675,5.0,0.0,0.0,0.0,0.203125,D+,68.0686869140511,67.5,40.5,62.55494953124089,False,False,36.19791666666667
META,Meta Platforms Inc,Communication Services,Interactive Media & Services,609.63,21.92,7.1979,14.3788,7.099717236463919,7.49,26.18,33.22,0.4121,27.51,0.32381608029276426,1.9431,7.49,22.091999999999985,1.9431,0.32381608029276426,33.22,0.4121,27.51,34.505494505494504,78.2967032967033,91.48148148148148,39.42612942612942,23.809523809523814,60.041310541310544,0.3333333333333333,0.9230769230769231,0.9230769230769231,0.3076923076923077,C-,A-,A-,C-,metaplatformsinc,-0.02606544901065455,0.8767123287671232,0.8557692307692307,73.0,90.0,84.89281911636292,-0.02085235920852364,0.2,D,57.422262922262924,85.57692307692307,85.303281492699,62.47347941438056,True,False,23.809523809523814
WFRD,Weatherford International PLC,Energy,Oil & Gas Equipment & Services,102.32,15.895,1.509,11.0769,4.312005090795689,1.92,-8.81,28.37,0.1431,14.610000000000001,0.8563829787234041,124.583,1.92,-8.81,121.21914999999998,0.8563829787234041,27.732999999999997,0.1431,14.610000000000001,50.303030303030305,37.24399942623995,83.03030303030303,91.44886363636363,73.91304347826087,64.07190594585404,0.45454545454545453,0.32727272727272727,0.8909090909090909,0.9272727272727272,C,C-,B+,A-,weatherfordinternationalplc,0.011029411764705843,0.8235294117647058,0.7613636363636364,17.0,0.0,0.0,0.011029411764705843,0.75,B,66.46321029368013,76.13636363636364,45.68181818181818,62.306931871307754,False,False,37.24399942623995
AROC,Archrock Inc,Energy,Oil & Gas Equipment & Services,36.96,20.0989,4.348,10.508,4.333399772543411,75.16,28.7,22.73,0.36369999999999997,8.290000000000001,0.8334652942728952,51.7241,75.16,28.7,51.7241,0.8334652942728952,22.73,0.36369999999999997,8.290000000000001,32.72727272727273,86.53596359811297,80.30303030303031,55.45454545454546,58.69565217391304,61.65567756810745,0.2,0.9454545454545454,0.8363636363636363,0.5454545454545454,D,A,B+,C+,archrockinc,0.0,0.9333333333333333,0.8374999999999999,15.0,90.0,84.89281911636292,0.0,0.625,B-,62.525242785498754,83.74999999999999,84.20712764654516,61.84699827587994,True,False,32.72727272727273
TGTX,TG Therapeutics Inc,Health Care,Biotechnology,42.86,14.6723,10.6463,50.1406,30.037143457845676,1889.26,87.32,101.12,0.20010000000000003,65.05,0.907589055240062,26.58,524.5159999999945,35.85799999999998,26.58,0.907589055240062,98.90799999999997,0.20010000000000003,29.843999999999994,35.45841284987277,97.59544037644812,88.63049095607236,66.2827611664821,49.73544973544974,68.79786626007233,0.2824427480916031,1.0,0.9389312977099237,0.6946564885496184,D+,A+,A,B-,tgtherapeuticsinc,0.0,0.8,0.7375,15.0,0.0,0.0,0.0,0.625,B-,68.7714112336173,73.75,44.25,61.709785126077016,True,False,35.45841284987277
FCX,Freeport-McMoRan Inc,Materials,Copper,61.65,40.2012,4.833,10.4795,4.684330099005387,16.78,-27.98,12.0,0.2229,7.960000000000001,0.7399134440876727,64.4877,16.78,-17.069,64.4877,0.7399134440876727,12.0,0.2229,7.960000000000001,41.00529100529101,36.281179138322,73.54497354497354,75.81254724111866,63.36996336996338,56.05631141345427,0.390625,0.21875,0.734375,0.765625,C-,D+,B,B,freeportmcmoraninc,0.007389162561576401,0.7931034482758621,0.7573529411764707,29.0,62.5,73.08536512708162,0.007389162561576401,0.6153846153846154,B-,57.3933077504506,75.73529411764707,74.6753225214209,60.849710704644664,False,False,36.281179138322
AX,Axos Financial Inc,Financials,Regional Banks,86.98,10.3924,2.35138,8.6286,1.832724391795935,14.36,78.88815,16.6,0.496028,12.08,0.5659390625499363,26.0214,14.36,78.88815,26.0214,0.5659390625499363,16.6,0.496028,12.08,63.65116398318121,66.06214521390854,70.91836734693877,49.54136493307,74.79166666666667,61.763084861925705,0.678391959798995,0.8090452261306532,0.7135678391959799,0.47738693467336685,B-,B+,B,C,axosfinancialinc,0.01098901098901095,0.8571428571428571,0.7763157894736842,14.0,0.0,0.0,0.01098901098901095,0.75,B,64.24225152859238,77.63157894736842,46.578947368421055,60.70959069655812,False,False,49.54136493307
NBIX,Neurocrine Biosciences Inc,Health Care,Biotechnology,152.25,31.9865,5.3518,22.6255,4.684831607612659,41.66,21.45,16.669999999999998,0.2164,16.669999999999998,0.8218778077268643,29.5524,41.66,21.45,29.5524,0.8218778077268643,16.669999999999998,0.2164,16.669999999999998,33.57188295165394,79.42040374210917,73.12661498708009,58.83720930232559,49.73544973544974,59.32614709357046,0.24427480916030533,0.8854961832061069,0.8015267175572519,0.5801526717557252,D+,B+,B+,C+,neurocrinebiosciencesinc,0.0,0.8571428571428571,0.81875,35.0,90.0,84.89281911636292,0.0,0.625,B-,59.29969206711544,81.875,83.08212764654516,60.67000329870913,True,False,33.57188295165394
CBRE,CBRE Group Inc,Real Estate,Real Estate Services,146.33,37.0336,1.0566,19.538,4.8743358704885,22.45,13.38,13.63,0.0432,7.31,0.49625890201027684,16.5697,22.45,13.38,16.5697,0.49625890201027684,13.63,0.0432,7.31,61.111111111111114,65.91666666666667,60.0,45.06666666666667,100.0,57.47444444444445,0.8333333333333334,0.6666666666666666,0.75,0.5,B+,B-,B,C,cbregroupinc,0.09999999999999998,0.9,0.8300000000000001,20.0,2.5,5.114567894419874,0.09999999999999998,1.0,A+,62.47444444444445,83.0,51.84582715776795,60.348720987109154,False,False,45.06666666666667
DXPE,DXP Enterprises Inc,Industrials,Trading Companies & Distributors,156.18,27.3381,1.2023,15.8007,4.860998717677378,26.99,11.89,18.67,0.0877,7.7,0.7440228930120928,80.5549,26.99,11.89,80.5549,0.7440228930120928,18.67,0.0877,7.7,60.49589451118393,82.35595680707081,47.595356550580426,78.08734107241571,47.82608695652174,64.1114723413384,0.6926829268292682,0.9219512195121952,0.44146341463414634,0.8146341463414634,B-,A-,C,B+,dxpenterprisesinc,0.0,0.8888888888888888,0.7678571428571428,9.0,0.0,0.0,0.0,0.5625,C+,63.89408103699057,76.78571428571428,46.07142857142856,60.32955054387818,False,False,47.595356550580426
GMED,Globus Medical Inc,Health Care,Health Care Equipment,77.95,19.5727,3.5821,13.9088,2.301983633619888,428.44,16.65,12.4,0.20329999999999998,12.389999999999999,0.5273396159854862,7.5766,428.44,16.65,7.5766,0.5273396159854862,12.4,0.20329999999999998,12.389999999999999,60.80629770992366,87.94783050826501,64.72868217054264,56.59883720930232,45.3416149068323,65.29307851363004,0.6641221374045801,0.9389312977099237,0.6870229007633588,0.5419847328244275,B-,A,B-,C+,globusmedicalinc,0.0,0.7272727272727273,0.6944444444444444,22.0,0.0,0.0,0.0,0.375,C-,64.82724000431327,69.44444444444444,41.666666666666664,60.19512533678395,False,False,45.3416149068323
NI,NiSource Inc,Utilities,Multi-Utilities,46.72,24.0983,3.434,12.7797,2.3653061431131723,17.43,23.47,10.23,0.2814,3.7600000000000002,0.8078231292517009,17.95,17.43,21.3075,17.95,0.8078231292517009,10.23,0.2814,3.7600000000000002,44.23188405797101,87.6887077294686,63.76811594202898,76.4945652173913,34.848484848484844,64.83665458937197,0.44,0.94,0.63,0.78,C,A,B-,B,nisourceinc,-0.03623188405797095,0.8333333333333334,0.7844827586206897,24.0,0.0,0.0,-0.03623188405797095,0.3333333333333333,C-,63.32150307422046,78.44827586206897,47.06896551724138,60.07099556282465,False,False,34.848484848484844
PLUS,ePlus inc,Information Technology,Technology Distributors,90.31,17.9481,1.0104,10.6938,2.4503938375213337,28.46,11.01,12.93,0.0692,12.809999999999999,0.8848446815186696,37.9621,28.46,11.01,37.9621,0.8848446815186696,12.93,0.0692,12.809999999999999,90.65156706001777,63.75136785626037,53.592853416797084,51.71249720545495,44.44444444444445,64.15387813154678,0.9324324324324325,0.7027027027027027,0.5743243243243243,0.4797297297297297,A,B,C+,C,eplusinc,0.0,0.8571428571428571,0.7291666666666667,7.0,0.0,0.0,0.0,0.4444444444444444,C,63.598322575991226,72.91666666666667,43.75,59.628658060792986,False,False,44.44444444444445
VMI,Valmont Industries Inc,Industrials,Industrial Machinery & Supplies & Components,510.55,26.64,2.3738,20.0223,5.958772368009486,9.37,2.4,23.06,0.10640000000000001,15.65,0.9199160770484119,65.1143,9.37,2.4,65.1143,0.9199160770484119,23.06,0.10640000000000001,15.65,46.398899809893614,47.97351531531084,67.16417910447761,83.96122834105336,90.00000000000001,59.77771845986564,0.47804878048780486,0.4195121951219512,0.7024390243902439,0.8780487804878049,C,C,B,B+,valmontindustriesinc,0.07272727272727275,0.8,0.7166666666666667,10.0,0.0,0.0,0.07272727272727275,0.9,B+,63.77771845986564,71.66666666666667,43.0,59.62217476789252,False,False,46.398899809893614
ORCL,Oracle Corp,Information Technology,Application Software,195.95,34.7663,8.7951,30.4899,26.895150774805437,31.02,14.87,57.35,0.3056,11.77,0.29069381955955476,30.3726,31.02,14.87,30.3726,0.29069381955955476,57.35,0.3056,11.77,48.207714757010535,60.8137371990226,80.1219353155973,59.60517736045904,68.3127572016461,61.16619543004828,0.5202702702702703,0.6824324324324325,0.8378378378378378,0.5675675675675675,C+,B-,B+,C+,oraclecorp,0.043363499245852144,0.7884615384615384,0.7675438596491228,52.0,0.0,0.0,0.043363499245852144,0.6666666666666666,B-,62.997471150212895,76.75438596491227,46.05263157894736,59.608503235959795,False,False,48.207714757010535
PNC,PNC Financial Services Group Inc,Financials,Diversified Banks,216.85,12.0692,2.34179,14.5129,1.397396852973359,20.05,72.26733,11.98,0.345423,6.890000000000001,0.6554311879928771,30.0606,20.05,72.26733,30.0606,0.6554311879928771,11.98,0.345423,6.890000000000001,61.733411957747926,72.7438211685245,49.48979591836735,65.69858712715856,78.40909090909092,60.494283628165434,0.6582914572864321,0.8844221105527639,0.48743718592964824,0.7035175879396985,B-,B+,C,B,pncfinancialservicesgroupinc,0.025862068965517238,0.75,0.7196969696969697,28.0,0.0,0.0,0.025862068965517238,0.78125,B,63.33519271907453,71.96969696969697,43.18181818181818,59.304517811623256,False,False,49.48979591836735
KEYS,Keysight Technologies Inc,Information Technology,Electronic Equipment & Instruments,360.3,64.2332,10.8847,56.192,10.488594417727269,59.12,13.13,16.56,0.15960000000000002,11.53,0.9685133887349954,136.6658,59.12,13.13,136.6658,0.9685133887349954,16.56,0.15960000000000002,11.53,31.27458444359853,78.61769096321778,62.61737089201878,84.63072340855167,89.8989898989899,61.122671708258224,0.27702702702702703,0.8851351351351351,0.668918918918919,0.9459459459459459,D+,B+,B-,A,keysighttechnologiesinc,0.09210526315789469,0.8421052631578947,0.78125,19.0,0.0,0.0,0.09210526315789469,0.8888888888888888,B+,65.11257069815721,78.125,46.875,59.222412603011996,True,False,31.27458444359853
WMS,Advanced Drainage Systems Inc,Industrials,Building Products,143.2,23.6969,3.7314,15.7071,6.864549777573247,0.61,1.6,25.82,0.2284,14.46,0.5160469011725292,23.4589,0.61,1.6,23.4589,0.5160469011725292,25.82,0.2284,14.46,48.63244751850504,51.22229242802008,81.01160862354892,59.82979837653836,73.80952380952381,59.621432196425175,0.4975609756097561,0.5317073170731708,0.8682926829268293,0.6048780487804878,C,C+,B+,B-,advanceddrainagesystemsinc,0.009523809523809601,0.8666666666666667,0.7875000000000001,15.0,0.0,0.0,0.009523809523809601,0.725,B,62.002384577377555,78.75000000000001,47.25000000000001,59.05190766190205,False,False,48.63244751850504
SMP,Standard Motor Products Inc,Consumer Discretionary,Automotive Parts & Equipment,40.4,19.5934,0.4918,7.7716,1.3086122232155581,44.69,18.32,6.69,0.0799,3.5000000000000004,0.6875,41.2094,44.69,18.32,41.2094,0.6875,6.69,0.0799,3.5000000000000004,73.45984725757927,92.79384299126338,27.586206896551726,74.7816091954023,39.28571428571429,63.77660397586588,0.8120805369127517,0.9664429530201343,0.21476510067114093,0.8053691275167785,B+,A,D+,B+,standardmotorproductsinc,0.0,0.8571428571428571,0.7291666666666667,7.0,0.0,0.0,0.0,0.40476190476190477,C,62.70517540443731,72.91666666666667,43.75,58.91414032354985,False,False,27.586206896551726
VTOL,Bristow Group Inc,Energy,Oil & Gas Equipment & Services,42.36,10.8541,0.9399,7.9073,1.1663027706574083,34.98,5.3,12.870000000000001,0.1065,7.630000000000001,0.6411633109619685,47.4417,34.98,5.3,47.4417,0.6411633109619685,12.870000000000001,0.1065,7.630000000000001,73.33333333333333,73.43530855539973,51.51515151515151,36.98863636363636,89.13043478260869,58.296910195928426,0.8909090909090909,0.8363636363636363,0.4727272727272727,0.2909090909090909,B+,B+,C,D+,bristowgroupinc,0.011111111111111183,0.9,0.7833333333333333,10.0,0.0,0.0,0.011111111111111183,0.875,B+,62.20995367418929,78.33333333333333,46.99999999999999,58.89901765326347,False,True,36.98863636363636
FSS,Federal Signal Corp,Industrials,Construction Machinery & Heavy Transportation Equipment,118.33,29.2717,3.3104,21.6241,5.214406268039783,14.4,17.14,19.09,0.1563,15.190000000000001,0.6696539988655702,32.0795,14.4,17.14,32.0795,0.6696539988655702,19.09,0.1563,15.190000000000001,38.0738583505238,81.76458062946139,70.48092868988391,49.26616915422886,98.80952380952381,58.34484671683998,0.33658536585365856,0.9073170731707317,0.751219512195122,0.48292682926829267,C-,A-,B,C,federalsignalcorp,0.10000000000000009,0.8,0.7166666666666667,10.0,0.0,0.0,0.07807692307692296,0.975,A+,63.22579909779236,71.66666666666667,43.0,58.78369596600184,True,False,38.0738583505238
EME,EMCOR Group Inc,Industrials,Construction & Engineering,921.64,32.179,2.4112,22.3764,11.168307425341844,31.03,16.62,39.129999999999995,0.1009,37.61,0.9413471582775563,109.3494,31.03,16.62,109.3494,0.9413471582775563,39.129999999999995,0.1009,28.27,37.73571168547506,69.04798814759879,78.27529021558873,81.57822001105583,48.14814814814815,64.12799210699687,0.33170731707317075,0.7365853658536585,0.8414634146341463,0.8585365853658536,C-,B,B+,B+,emcorgroupinc,0.0,0.7142857142857143,0.6710526315789473,14.0,0.0,0.0,0.0,0.6125,B-,63.94280692181169,67.10526315789474,40.26315789473684,58.66535080130773,True,False,37.73571168547506
AVGO,Broadcom Inc,Information Technology,Semiconductors,430.0,81.5276,29.8162,68.0905,25.077858001003115,147.22,25.22,32.85,0.4077,17.630000000000003,0.967178084533527,106.9596,147.22,25.22,106.9596,0.967178084533527,32.85,0.4077,17.630000000000003,21.26950894556528,83.62565179651911,85.47209181011998,63.739241001564935,26.495726495726498,61.15837874853813,0.16216216216216217,0.9324324324324325,0.8851351351351351,0.6486486486486487,D,A,B+,B-,broadcominc,-0.034461152882205526,0.9298245614035088,0.8991935483870968,57.0,90.0,84.89281911636292,-0.034461152882205526,0.25,D+,58.807951398110774,89.91935483870968,87.90874054977098,58.558307077933655,True,False,21.26950894556528
BCO,Brinks Co,Industrials,Security & Alarm Services,107.22,22.1101,0.8392,7.9181,15.868693297023693,29.64,4.97,79.36,0.1093,4.64,0.48196196907766126,15.0553,29.64,4.97,15.0553,0.48196196907766126,66.03,0.1093,4.64,82.39372244468713,69.9664204855639,58.54063018242122,42.1937929400616,45.23809523809524,62.665630841902185,0.8926829268292683,0.7560975609756098,0.624390243902439,0.3804878048780488,B+,B,B-,C-,brinksco,0.0,0.8571428571428571,0.7291666666666667,7.0,0.0,0.0,0.0,0.4125,C,62.18944036571171,72.91666666666667,43.75,58.50155229256937,False,False,42.1937929400616
PRIM,Primoris Services Corp,Industrials,Construction & Engineering,104.8,20.6836,0.7506,11.136,3.3693740616068184,51.48,18.97,17.48,0.054299999999999994,13.0,0.2721358872425009,53.0374,51.48,18.97,53.0374,0.2721358872425009,17.48,0.054299999999999994,13.0,79.85115075031347,81.98483084920463,49.08789386401327,46.95688225538973,48.14814814814815,63.023103774500555,0.8634146341463415,0.9170731707317074,0.4634146341463415,0.4292682926829268,B+,A-,C,C,primorisservicescorp,0.0,0.7142857142857143,0.6826923076923077,21.0,0.0,0.0,0.0,0.6125,B-,62.83791858931537,68.26923076923077,40.96153846153846,58.46264256375999,False,False,46.95688225538973
ESE,ESCO Technologies Inc,Industrials,Industrial Machinery & Supplies & Components,303.11,25.7825,6.5183,31.3295,5.080964194716374,175.22,14.09,21.34,0.1562,18.13,0.7552955874836732,74.3715,106.67149999999995,14.09,74.3715,0.7552955874836732,21.34,0.1562,18.13,27.391497795574967,93.87288631803501,74.95854063018241,80.55755704237433,76.00000000000001,65.47359827852121,0.1902439024390244,0.9951219512195122,0.7951219512195122,0.848780487804878,D,A+,B,B+,escotechnologiesinc,0.023809523809523725,0.8571428571428571,0.7291666666666667,7.0,0.0,0.0,0.023809523809523725,0.75,B,68.07359827852122,72.91666666666667,43.75,58.15987673282367,True,False,27.391497795574967
CENT,Central Garden & Pet Co,Consumer Staples,Household Products,38.14,14.026,0.7066,9.9792,1.5145318015939513,35.0,-4.11,9.9,0.07719999999999999,5.63,0.7343260188087775,10.2631,35.0,-4.11,10.2631,0.7343260188087775,9.9,0.07719999999999999,5.63,75.12400793650794,51.04219943111972,37.83068783068783,80.02736726874657,67.42424242424242,59.452587281772196,0.8828125,0.5234375,0.2890625,0.78125,B+,C+,D+,B,centralgardenpetco,0.0,0.8181818181818182,0.734375,11.0,0.0,0.0,0.0,0.625,B-,61.19501152419644,73.4375,44.0625,57.768509219357156,False,False,37.83068783068783
ACAD,ACADIA Pharmaceuticals Inc,Health Care,Pharmaceuticals,22.4,9.8088,4.6365,27.9079,3.108175611922073,117.79,-13.64,41.9,0.10339999999999999,41.9,0.5647403072421359,32.3095,117.79,-7.6259999999999994,32.3095,0.5647403072421359,41.9,0.10339999999999999,29.843999999999994,48.779421119592875,42.26088403413985,75.32299741602067,58.21317829457365,96.9387755102041,56.12041709964609,0.48854961832061067,0.37404580152671757,0.8091603053435115,0.5648854961832062,C,C-,B+,C+,acadiapharmaceuticalsinc,0.0854700854700855,0.7777777777777778,0.7421875,27.0,0.0,0.0,0.0803942652329749,0.9821428571428571,A+,60.8142946506665,74.21875,44.53125,57.5576857205332,False,False,42.26088403413985
KEX,Kirby Corp,Industrials,Marine Transportation,142.24,21.1992,2.2285,10.8299,2.2624931007003486,29.1,5.52,10.54,0.1456,8.04,0.8023538441857492,36.914,29.1,5.52,36.914,0.8023538441857492,10.54,0.1456,8.04,67.82510213161832,72.78061274654397,47.76119402985074,61.442786069651746,43.18181818181818,60.74125380360641,0.7707317073170732,0.8146341463414634,0.44878048780487806,0.624390243902439,B,B+,C,B-,kirbycorp,0.0,0.9,0.7833333333333333,10.0,0.0,0.0,0.0,0.375,C-,60.05943562178823,78.33333333333333,46.99999999999999,57.44754849743059,False,False,43.18181818181818
WS,Worthington Steel Inc,Materials,Steel,40.43,16.8918,0.6141,9.4424,1.8650588626047162,12.12,5.55,11.01,0.0417,9.25,0.6496291842052515,54.5489,12.12,5.55,54.5489,0.6496291842052515,11.01,0.0417,9.25,81.67989417989418,54.20298092711886,53.17460317460317,64.78379857690203,34.79020979020979,62.51098023942851,0.890625,0.578125,0.53125,0.703125,B+,C+,C+,B,worthingtonsteelinc,0.0,0.8,0.7166666666666667,10.0,0.0,0.0,0.0,0.4230769230769231,C,60.99000121844949,71.66666666666667,43.0,57.3920009747596,False,False,34.79020979020979
LLY,Eli Lilly and Co,Health Care,Pharmaceuticals,948.45,35.3367,12.3626,27.9405,33.77033537117282,128.83,47.44,101.30999999999999,0.4363,37.71,0.6363957112335105,26.216,128.83,35.85799999999998,26.216,0.6363957112335105,98.90799999999997,0.4076999999999999,29.843999999999994,23.073711832061065,90.3543510035758,97.67441860465117,58.558139534883715,77.55102040816327,64.96953071686997,0.16793893129770993,0.9618320610687023,1.0,0.5725190839694656,D,A,A+,C+,elilillyandco,0.03950103950103956,0.7692307692307693,0.7443181818181819,39.0,0.0,0.0,0.03950103950103956,0.75,B,67.7246327576863,74.43181818181819,44.659090909090914,57.366448599215246,True,False,23.073711832061065
AMZN,Amazon.com Inc,Consumer Discretionary,Broadline Retail,272.68,32.3052,3.949,16.3869,7.118411331817482,36.46,14.22,23.34,0.115,18.98,0.9344773790951638,41.9617,36.46,14.22,41.9617,0.9049423889407532,23.34,0.115,18.98,20.785312041965593,84.3169255067123,66.20689655172414,86.67586206896553,22.90249433106576,60.94660966355799,0.1342281879194631,0.9194630872483222,0.6711409395973155,0.9060402684563759,D,A-,B-,A-,amazoncominc,-0.011133603238866363,0.9230769230769231,0.9006024096385543,78.0,90.0,84.89281911636292,-0.011133603238866363,0.19047619047619047,D,58.23685909666457,90.06024096385543,87.99327222485843,57.26314589555149,True,False,20.785312041965593
TTMI,TTM Technologies Inc,Information Technology,Electronic Manufacturing Services,157.31,83.3694,5.3881,59.2017,9.228287331710321,241.37,24.12,10.61,0.0974,6.81,0.8529726227118095,501.798,241.37,24.12,493.0368199999996,0.8529726227118095,10.61,0.0974,6.81,36.3976652709047,92.33559250238271,44.51291079812207,76.48334451151354,57.00483091787439,58.991431420035944,0.33783783783783783,0.9864864864864865,0.4391891891891892,0.8108108108108109,C-,A+,C,B+,ttmtechnologiesinc,0.009090909090909038,0.9090909090909091,0.796875,11.0,0.0,0.0,0.009090909090909038,0.5833333333333334,C+,59.691914511823384,79.6875,47.8125,56.96748817399579,True,False,36.3976652709047
OVV,Ovintiv Inc,Energy,Oil & Gas Exploration & Production,57.83,13.1927,1.8394,6.4316,1.3084716923926276,15.07,-2.67,11.86,0.127,7.86,0.8067975524967484,63.6853,15.07,-2.67,63.6853,0.8067975524967484,11.86,0.127,7.86,69.0909090909091,51.72101449275362,55.75757575757575,81.16883116883116,28.000000000000004,62.79009034443817,0.8454545454545455,0.509090909090909,0.5818181818181818,0.8363636363636363,B+,C+,C+,B+,ovintivinc,-0.08148148148148149,0.7333333333333333,0.7071428571428571,30.0,0.0,0.0,-0.08148148148148149,0.25,D+,60.59009034443817,70.71428571428571,42.42857142857142,56.957786561264825,False,False,28.000000000000004
NXT,Nextpower Inc,Industrials,Electrical Components & Equipment,125.91,31.5748,5.1883,23.2759,11.263586348794561,4.17,30.02,31.28,0.2051,31.28,0.9340083303138691,182.3094,4.17,28.27,147.7577,0.9340083303138691,31.28,0.2051,28.27,29.098410387088947,76.56961320334857,90.04975124378109,87.55223880597015,25.0,67.61141080958126,0.21951219512195122,0.8585365853658536,0.9658536585365853,0.9219512195121952,D+,B+,A,A-,nextpowerinc,-0.007575757575757569,0.75,0.722972972972973,32.0,0.0,0.0,-0.007575757575757569,0.175,D,65.11141080958126,72.2972972972973,43.37837837837838,56.80027135834224,True,False,25.0
CDNS,Cadence Design Systems Inc,Information Technology,Application Software,362.7,90.2151,18.8867,65.1816,18.008490355254338,5.27,14.12,21.68,0.2817,14.6,0.8791074444131719,17.775,5.27,14.12,17.775,0.8791074444131719,21.68,0.2817,14.6,22.40515163050374,45.501872100046675,77.07681272822117,71.44235785080855,90.12345679012344,53.25933707985228,0.18243243243243243,0.3783783783783784,0.8040540540540541,0.7635135135135135,D,C-,B+,B,cadencedesignsystemsinc,0.09375,0.90625,0.8581081081081081,32.0,62.5,73.08536512708162,0.09375,0.9166666666666666,A-,57.27168275886463,85.8108108108108,80.72063253731913,56.77010608171439,True,False,22.40515163050374
CSCO,Cisco Systems Inc,Information Technology,Communications Equipment,96.57,34.4385,6.4592,28.2566,8.16383464367233,21.66,9.0,23.64,0.2275,14.63,0.988030323181274,61.7317,21.66,9.0,61.7317,0.988030323181274,23.64,0.2275,14.63,52.76931861438904,53.05257513015175,75.24126238914971,61.31944444444445,54.589371980676326,59.87704916580393,0.5878378378378378,0.581081081081081,0.777027027027027,0.6013513513513513,C+,C+,B,B-,ciscosystemsinc,0.009072580645161255,0.71875,0.695945945945946,32.0,0.0,0.0,0.009072580645161255,0.5277777777777778,C+,60.33598636387156,69.59459459459461,41.756756756756765,56.62014044244861,False,False,52.76931861438904
URI,United Rentals Inc,Industrials,Trading Companies & Distributors,937.0,23.4144,3.5869,16.1063,6.592430876216381,1.45,5.05,27.88,0.24670000000000003,10.95,0.7682705388649562,39.8507,1.45,5.05,39.8507,0.7682705388649562,27.88,0.24670000000000003,10.95,48.93499979775917,48.99284236565223,78.1094527363184,67.9122903998526,47.82608695652174,60.14213968662036,0.5073170731707317,0.44390243902439025,0.8341463414634146,0.6878048780487804,C+,C,B+,B-,unitedrentalsinc,0.0,0.7407407407407407,0.7109375,27.0,0.0,0.0,0.0,0.5625,C+,59.92474838227253,71.09375,42.65625,56.47104870581803,False,False,47.82608695652174
AIZ,Assurant Inc,Financials,Multi-line Insurance,239.67,13.673,0.9309,8.5034,2.03247275280613,18.42,7.92,15.61,0.0934,11.28,0.8944649739738544,22.9897,18.42,7.92,22.9897,0.8944649739738544,15.61,0.0934,11.28,46.001692134140086,56.43644647488873,65.81632653061224,80.57445200302342,38.98809523809524,60.35668436177051,0.4221105527638191,0.6130653266331658,0.6633165829145728,0.8442211055276382,C,B-,B-,B+,assurantinc,0.0,0.8333333333333334,0.75,12.0,0.0,0.0,0.0,0.46875,C,59.25549388558004,75.0,45.0,56.40439510846403,False,False,38.98809523809524
WST,West Pharmaceutical Services Inc,Health Care,Health Care Supplies,325.92,42.9836,7.2422,27.5775,7.38861647068425,17.51,11.23,17.87,0.2034,16.73,0.9799442896935935,51.7742,17.51,11.23,51.7742,0.9799442896935935,17.87,0.2034,16.73,25.38167938931298,70.71761007080775,72.86821705426355,89.12306201550388,87.01298701298701,61.53060852815646,0.183206106870229,0.7938931297709924,0.7862595419847328,0.9312977099236641,D,B,B,A,westpharmaceuticalservicesinc,0.04347826086956519,0.8260869565217391,0.7767857142857143,23.0,0.0,0.0,0.04347826086956519,0.8571428571428571,B+,65.23190722945516,77.67857142857143,46.607142857142854,56.37746216928052,True,False,25.38167938931298
FIVE,Five Below Inc,Consumer Discretionary,Specialty Stores,223.13,34.3668,2.5871,17.8618,5.618591486875768,40.49,22.9,18.14,0.096,18.14,0.8319872664033484,159.4535,40.49,22.618,77.53155999999989,0.8319872664033484,18.14,0.096,18.14,22.780220627941063,91.92761252961306,59.540229885057464,94.59310344827585,90.9297052154195,62.88425582382742,0.174496644295302,0.959731543624161,0.5838926174496645,0.9798657718120806,D,A,C+,A+,fivebelowinc,0.07291666666666663,0.6666666666666666,0.6513157894736843,33.0,0.0,0.0,0.07291666666666663,0.9047619047619048,A-,66.97722634536936,65.13157894736842,39.078947368421055,56.00983071816102,True,False,22.780220627941063
PLXS,Plexus Corp,Information Technology,Electronic Manufacturing Services,266.55,40.3842,1.7302,25.1355,4.9161732971836445,56.35,1.82,12.389999999999999,0.0509,11.129999999999999,0.9421734795613163,110.6449,56.35,1.82,110.6449,0.9421734795613163,12.389999999999999,0.0509,11.129999999999999,66.78086537241467,50.30313459705603,48.920839853938446,61.061368209255534,87.92270531400966,56.19832686785059,0.7027027027027027,0.527027027027027,0.46621621621621623,0.5945945945945946,B,C+,C,C+,plexuscorp,0.07692307692307687,0.6923076923076923,0.6527777777777778,13.0,0.0,0.0,0.07692307692307687,0.8611111111111112,B+,59.990597399251556,65.27777777777779,39.16666666666667,55.82581125273458,False,False,48.920839853938446
MTZ,MasTec Inc,Industrials,Construction & Engineering,414.29,72.7514,2.1424,29.227,10.028660924798963,111.21,22.59,14.249999999999998,0.0496,8.14,0.9083603457590492,180.6082,106.67149999999995,22.59,147.7577,0.9083603457590492,14.249999999999998,0.0496,8.14,27.563806981353398,92.8604304220787,37.230514096185736,86.96517412935322,25.925925925925924,57.163701179671165,0.1951219512195122,0.9902439024390244,0.3073170731707317,0.9121951219512195,D,A+,C-,A-,mastecinc,-0.004615384615384577,0.88,0.8250000000000001,25.0,90.0,84.89281911636292,-0.004615384615384577,0.2,D,54.75629377226376,82.5,83.45712764654516,55.81167366328818,True,False,25.925925925925924
ENSG,Ensign Group Inc,Health Care,Health Care Facilities,171.45,29.1317,1.9812,17.7731,4.462322073203423,14.27,18.72,16.59,0.08410000000000001,15.509999999999998,0.44133675932115507,25.8072,14.27,18.72,25.8072,0.44133675932115507,16.59,0.08410000000000001,15.509999999999998,52.26025763358778,68.26399520465279,58.39793281653747,60.59948320413436,49.702380952380956,58.43724329428874,0.5725190839694656,0.7633587786259542,0.583969465648855,0.6183206106870229,C+,B,C+,B-,ensigngroupinc,0.0,0.8181818181818182,0.734375,11.0,0.0,0.0,0.0,0.5,C,58.407481389526836,73.4375,44.0625,55.53848511162147,False,False,49.702380952380956
CACI,CACI International Inc,Industrials,Diversified Support Services,480.99,19.7904,1.1596,14.526,2.7166318938085485,14.41,9.58,13.15,0.0932,7.12,0.2605885789396816,0.991,14.41,9.58,0.991,0.2605885789396816,13.15,0.0932,7.12,70.79804230878129,69.83853844222168,42.12271973466003,41.03814262023217,69.04761904761905,55.4055267233511,0.7902439024390244,0.751219512195122,0.37317073170731707,0.36097560975609755,B,B,C-,C-,caciinternationalinc,0.007905138339920903,0.8260869565217391,0.7767857142857143,23.0,0.0,0.0,0.007905138339920903,0.675,B-,57.31028862811301,77.67857142857143,46.607142857142854,55.169659473918976,False,False,41.03814262023217
SEIC,SEI Investments Co,Financials,Asset Management & Custody Banks,91.18,14.8542,4.6307,12.5423,4.553149203273794,27.6,9.37,30.64,0.31829999999999997,30.54,0.8527542372881363,12.0974,27.6,9.37,12.0974,0.8527542372881363,30.64,0.31829999999999997,25.565,29.995641472669472,59.26145330754926,90.81632653061224,58.43703334992534,80.97826086956522,58.74268933231535,0.23115577889447236,0.6834170854271356,0.9095477386934674,0.6331658291457286,D+,B-,A-,B-,seiinvestmentsco,0.015151515151515138,0.8333333333333334,0.75,12.0,0.0,0.0,0.015151515151515138,0.8125,B+,61.840515419271874,75.0,45.0,54.99785818533553,True,False,29.995641472669472
WMT,Walmart Inc,Consumer Staples,Consumer Staples Merchandise Retail,130.43,47.4965,1.4581,25.4849,10.43548529047021,13.49,4.73,23.69,0.0418,15.17,0.9004672897196264,33.8705,13.49,4.73,33.8705,0.9004672897196264,23.69,0.0418,15.17,22.437169312169313,64.46882740143212,52.91005291005291,88.60670194003526,36.50793650793651,54.45191142384904,0.1875,0.71875,0.515625,0.875,D,B,C+,B+,walmartinc,-0.022108843537415046,0.9166666666666666,0.8820754716981133,48.0,90.0,84.89281911636292,-0.022108843537415046,0.3333333333333333,C-,53.10270507464269,88.20754716981133,86.88165594843197,54.99499251038675,True,False,22.437169312169313
AN,AutoNation Inc,Consumer Discretionary,Automotive Retail,205.97,10.1503,0.2507,11.095,3.0968787635940456,9.32,1.94,26.700000000000003,0.0443,5.6000000000000005,0.5679593373493976,14.6635,9.32,1.94,14.6635,0.5679593373493976,26.700000000000003,0.0443,5.6000000000000005,79.47697292293451,55.902283395949496,40.229885057471265,55.5276907001045,61.038961038961034,57.212709314312235,0.8926174496644296,0.5906040268456376,0.3825503355704698,0.5234899328859061,B+,C+,C-,C+,autonationinc,0.012987012987012991,0.7272727272727273,0.6944444444444444,22.0,0.0,0.0,0.012987012987012991,0.5714285714285714,C+,58.31660541820834,69.44444444444444,41.666666666666664,54.98661766790001,False,False,40.229885057471265
MOG-A,Moog Inc,Industrials,Aerospace & Defense,314.08,34.763,2.3897,19.9285,5.271081051598123,38.77,13.79,14.16,0.09119999999999999,8.94,0.7808705208039189,73.3238,38.77,13.79,73.3238,0.7808705208039189,14.16,0.09119999999999999,8.94,38.76633094689155,79.41031557189896,46.434494195688224,76.50635710337203,42.00000000000001,57.48354082069914,0.35609756097560974,0.9024390243902439,0.4219512195121951,0.8,C-,A-,C,B,mooginc,0.0,0.8333333333333334,0.75,12.0,0.0,0.0,0.0,0.325,C-,56.68354082069914,75.0,45.0,54.346832656559315,False,False,38.76633094689155
DCOM,Dime Community Bancshares Inc,Financials,Regional Banks,37.22,14.8344,2.11729,12.2093,1.106240061821046,225.06,42.91451,7.670000000000001,0.4435096,6.45,0.948987246811703,40.0828,96.085,42.91451,40.0828,0.948987246811703,7.670000000000001,0.4435096,6.45,61.620603015075375,67.4355581555147,22.448979591836736,92.2273425499232,37.291666666666664,57.94997579281561,0.6482412060301508,0.8341708542713567,0.22110552763819097,0.9597989949748744,B-,B+,D+,A,dimecommunitybancsharesinc,0.0,0.8181818181818182,0.734375,11.0,0.0,0.0,0.0,0.375,C-,56.67914245948227,73.4375,44.0625,54.15581396758582,False,False,22.448979591836736
ADI,Analog Devices Inc,Information Technology,Semiconductors,416.52,75.123,17.2961,49.949,6.031233483684595,74.57,25.91,7.920000000000001,0.2924,6.370000000000001,0.9897607787318058,105.4049,74.57,25.91,105.4049,0.9897607787318058,7.920000000000001,0.2924,6.370000000000001,27.464788732394368,81.73261057573511,52.89514866979656,69.79916536254564,98.93162393162393,55.39633953820388,0.21621621621621623,0.9054054054054054,0.5472972972972973,0.7364864864864865,D+,A-,C+,B,analogdevicesinc,0.1315938740782756,0.8292682926829268,0.7989130434782609,41.0,0.0,0.0,0.10829529391639425,0.9722222222222222,A+,60.289501931366274,79.8913043478261,47.934782608695656,53.95096533128054,True,False,27.464788732394368
DIS,Walt Disney Co,Communication Services,Movies & Entertainment,108.02,15.31,1.9597,12.3442,1.7903550876448593,120.36,3.47,11.35,0.1353,8.09,0.4871558221812028,2.7588,120.36,3.47,2.7588,0.4871558221812028,11.35,0.1353,8.09,50.28083028083029,67.93650793650794,50.925925925925924,50.26455026455025,59.09090909090908,53.94190069190069,0.5641025641025641,0.8461538461538461,0.4358974358974359,0.5128205128205128,C+,B+,C,C+,waltdisneyco,0.05405405405405406,0.8378378378378378,0.8035714285714285,37.0,2.5,5.114567894419874,0.05405405405405406,0.6,C+,54.8509916009916,80.35714285714285,50.26011287205366,53.93281585520402,False,False,50.26455026455025
ABCB,Ameris Bancorp,Financials,Regional Banks,86.52,14.3311,2.70304,10.7395,1.443879449750425,15.53,52.9989,10.41,0.3410664,9.76,0.9483304042179262,42.584,15.53,52.9989,42.584,0.9483304042179262,10.41,0.3410664,9.76,52.92405907086453,53.70181563813521,40.816326530612244,93.37283300416941,37.291666666666664,57.85002612883012,0.5376884422110553,0.542713567839196,0.4020100502512563,0.964824120603015,C+,C+,C,A,amerisbancorp,0.0,0.7692307692307693,0.7083333333333334,13.0,0.0,0.0,0.0,0.375,C-,56.57919279549679,70.83333333333334,42.50000000000001,53.76335423639743,False,False,37.291666666666664
IBOC,International Bancshares Corp,Financials,Regional Banks,73.27,11.0502,3.41763,9.6565,1.4008649533299937,0.83,69.21539,13.41,0.6315208,10.86,0.8481455563331,15.5314,0.83,69.21539,15.5314,0.8481455563331,13.41,0.5784234399999992,10.86,65.7458209414419,53.130103193616485,56.12244897959183,53.90388413429888,37.291666666666664,56.87386494584151,0.7185929648241206,0.5326633165829145,0.5678391959798995,0.5477386934673367,B,C+,C+,C+,internationalbancsharescorp,0.0,0.8571428571428571,0.7291666666666667,7.0,0.0,0.0,0.0,0.375,C-,55.603031612508175,72.91666666666667,43.75,53.232425290006546,False,False,37.291666666666664
USFD,US Foods Holding Corp,Consumer Staples,Food Distributors,84.4,27.4977,0.4715,14.3636,4.32091496910341,45.9,4.08,15.010000000000002,0.0304,7.02,0.46804680468046833,17.5324,45.9,4.08,17.5324,0.46804680468046833,15.010000000000002,0.0304,7.02,52.298280423280424,75.59927140255009,34.92063492063492,68.12698412698413,40.57971014492754,55.54997994188568,0.5625,0.828125,0.265625,0.6875,C+,B+,D+,B-,usfoodsholdingcorp,-0.007246376811594235,0.8260869565217391,0.7767857142857143,23.0,0.0,0.0,-0.007246376811594235,0.4166666666666667,C,54.60795095637843,77.67857142857143,46.607142857142854,53.00778933653132,False,False,34.92063492063492
EZPW,EZCORP Inc,Financials,Consumer Finance,33.54,16.8373,1.5487,10.531,1.9915445455193215,43.71,13.06,12.479999999999999,0.12560000000000002,8.04,0.8523171987641606,126.6216,43.71,13.06,70.7628,0.8523171987641606,12.479999999999999,0.12560000000000002,8.04,38.4793867295662,61.912927853666204,53.06122448979592,88.44774273345702,41.105769230769226,57.957286922265176,0.3065326633165829,0.7336683417085427,0.5376884422110553,0.914572864321608,C-,B,C+,A-,ezcorpinc,0.0,0.7692307692307693,0.7083333333333334,13.0,0.0,0.0,0.0,0.515625,C+,57.067863845342096,70.83333333333334,42.50000000000001,52.9773196747416,True,False,38.4793867295662
FLS,Flowserve Corp,Industrials,Industrial Machinery & Supplies & Components,71.13,26.2556,1.9223,15.1432,4.12323923250826,22.82,3.76,15.809999999999999,0.0823,9.36,0.5501057082452431,48.4659,22.82,3.76,48.4659,0.5501057082452431,15.809999999999999,0.0823,9.36,58.085992800226514,65.75026127069135,47.595356550580426,59.55052324583976,38.0,56.48049424100796,0.6390243902439025,0.7024390243902439,0.44146341463414634,0.5951219512195122,B-,B,C,C+,flowservecorp,0.0,0.7647058823529411,0.7159090909090908,17.0,0.0,0.0,0.0,0.225,D+,55.28049424100796,71.59090909090908,42.954545454545446,52.815304483715465,False,False,38.0
CHEF,Chefs' Warehouse Inc,Consumer Staples,Food Distributors,81.71,46.0461,0.803,19.9212,5.500393798846202,29.77,9.36,12.690000000000001,0.035,5.6000000000000005,0.9628113686713133,30.9245,29.77,9.36,30.9245,0.9396208141146897,12.690000000000001,0.035,5.6000000000000005,31.870039682539684,83.76112412177986,30.687830687830683,89.21904761904761,66.66666666666666,55.235501940758084,0.25,0.90625,0.234375,0.890625,D+,A-,D+,B+,chefswarehouseinc,0.0,0.8571428571428571,0.7763157894736842,14.0,0.0,0.0,0.0,0.5,C,56.90216860742475,77.63157894736842,46.578947368421055,52.09564814164281,True,False,30.687830687830683
SXT,Sensient Technologies Corp,Materials,Specialty Chemicals,118.2,37.4131,3.1212,21.2683,4.18613052085805,7.38,3.52,11.63,0.1285,7.19,0.7614973262032088,23.9903,7.38,3.52,23.9903,0.7614973262032088,11.63,0.1285,7.19,30.87797619047619,61.9685272482977,63.492063492063494,66.11691831204026,83.01282051282051,54.20959903270251,0.265625,0.6875,0.671875,0.71875,D+,B-,B-,B,sensienttechnologiescorp,0.06349206349206349,0.7777777777777778,0.6964285714285714,9.0,0.0,0.0,0.06349206349206349,0.8461538461538461,B+,57.510881083984565,69.64285714285714,41.785714285714285,52.07228852346031,True,False,30.87797619047619
PGNY,Progyny Inc,Health Care,Health Care Services,23.72,27.4469,1.4368,16.9568,3.8319251708373043,37.51,6.59,13.34,0.0746,13.34,0.6023715415019761,1.4976,37.51,6.59,1.4976,0.6023715415019761,13.34,0.0746,13.34,57.882076972010175,54.79529514413235,54.263565891472865,45.17829457364341,45.3416149068323,53.03112865942592,0.6259541984732825,0.6106870229007634,0.5190839694656488,0.4198473282442748,B-,B-,C+,C,progynyinc,0.0,0.8235294117647058,0.7613636363636364,17.0,0.0,0.0,0.0,0.375,C-,52.56529015010915,76.13636363636364,45.68181818181818,51.188595756450965,False,False,45.17829457364341
UMBF,UMB Financial Corp,Financials,Regional Banks,131.36,14.2093,2.36702,13.5531,1.2969523200202204,4.25,72.21914,9.629999999999999,0.3178459,6.52,0.8748353096179183,26.8443,4.25,72.21914,26.8443,0.8748353096179183,9.629999999999999,0.3178459,6.52,55.72633576043482,57.235686296358196,34.183673469387756,73.72394118937898,37.291666666666664,53.669427804603075,0.5628140703517588,0.6432160804020101,0.33668341708542715,0.7638190954773869,C+,B-,C-,B,umbfinancialcorp,0.0,0.8333333333333334,0.7717391304347826,18.0,0.0,0.0,0.0,0.375,C-,52.39859447126974,77.17391304347827,46.30434782608696,51.17974514223319,False,False,34.183673469387756
LMAT,LeMaitre Vascular Inc,Health Care,Health Care Equipment,107.94,42.7219,9.8818,35.4412,6.246455480839342,27.88,13.53,15.58,0.2721,10.71,0.7460917801311143,32.4417,27.88,13.53,32.4417,0.7460917801311143,15.58,0.2721,10.71,21.25675890585242,66.18259553923569,71.05943152454779,81.28875968992247,84.472049689441,57.573318653431684,0.15267175572519084,0.7480916030534351,0.7175572519083969,0.8396946564885496,D,B,B,B+,lemaitrevascularinc,0.0404411764705882,0.6875,0.6547619047619047,16.0,0.0,0.0,0.0404411764705882,0.8214285714285714,B+,61.020523622375784,65.47619047619047,39.28571428571428,51.08191453608213,True,False,21.25675890585242
SPXC,SPX Technologies Inc,Industrials,Industrial Machinery & Supplies & Components,202.84,40.1866,4.3226,23.0113,4.5206755606270645,18.94,17.39,12.32,0.1575,9.27,0.5584651022258033,35.8061,18.94,17.39,35.8061,0.5584651022258033,12.32,0.1575,9.27,26.178052825304373,85.91649448907387,55.05804311774461,50.18528049408131,99.0,52.52937898239329,0.16585365853658537,0.9560975609756097,0.5756097560975609,0.5121951219512195,D,A,C+,C+,spxtechnologiesinc,0.13003095975232204,0.8947368421052632,0.8229166666666666,19.0,2.5,5.114567894419874,0.07807692307692296,1.0,A+,57.42937898239329,82.29166666666666,51.420827157767945,51.05060888500621,True,False,26.178052825304373
RRR,Red Rock Resorts Inc,Consumer Discretionary,Casinos & Gaming,54.48,30.4248,2.8446,11.224,27.452758881330308,5.98,3.74,85.64,0.3012,5.18,0.42489100277447484,23.3696,5.98,3.74,23.3696,0.42489100277447484,85.64,0.2651399999999998,5.18,34.93944303016277,54.68261964481478,72.06896551724138,56.67063020214031,54.648526077097515,54.02275210624205,0.28859060402684567,0.5503355704697986,0.7651006711409396,0.5436241610738255,D+,C+,B,C+,redrockresortsinc,0.010526315789473717,0.8,0.7500000000000001,20.0,0.0,0.0,0.010526315789473717,0.5238095238095238,C+,54.487604713951804,75.00000000000001,45.00000000000001,50.97532113187914,True,False,34.93944303016277
BURL,Burlington Stores Inc,Consumer Discretionary,Apparel Retail,304.51,31.3567,1.6541,15.4547,10.567466459372982,22.08,8.76,39.79,0.0722,17.5,0.644941123528088,22.2932,22.08,8.76,22.2932,0.644941123528088,39.79,0.0722,17.5,31.771966365810385,77.59701801225887,61.839080459770116,62.389162561576356,36.01190476190476,56.399997821162174,0.26174496644295303,0.8523489932885906,0.6241610738255033,0.5838926174496645,D+,B+,B-,C+,burlingtonstoresinc,0.0,0.7916666666666666,0.75,24.0,0.0,0.0,0.0,0.2619047619047619,D+,55.00118829735265,75.0,45.0,50.66215029933129,True,False,31.771966365810385
KN,Knowles Corp,Information Technology,Electronic Components,35.28,53.9996,4.9155,27.6073,3.860294117647059,47.89,-1.25,7.32,0.13390000000000002,6.1,0.9963655244029076,115.5162,47.89,-1.25,115.5162,0.9923589762072912,7.32,0.13390000000000002,6.1,51.87793427230047,41.79150536748758,41.76447574334898,79.15463977279313,42.51207729468599,52.599831531968505,0.5675675675675675,0.34459459459459457,0.40540540540540543,0.8513513513513513,C+,C-,C,B+,knowlescorp,0.0,0.8333333333333334,0.75,12.0,0.0,0.0,0.0,0.3888888888888889,C-,51.8510392614371,75.0,45.0,50.48083140914969,False,False,41.76447574334898
SNDK,Sandisk Corp,Information Technology,"Technology Hardware, Storage & Peripherals",1562.34,51.3349,17.549,42.4765,24.750607145063707,,82.76,42.33,0.4073,38.86,0.9989156492713294,4161.702,,47.04399999999999,493.0368199999996,0.9923589762072912,42.33,0.4073,38.86,32.467326481410986,74.08711528429839,91.57863849765259,97.44363299136381,95.16908212560386,70.31764089989834,0.2905405405405405,0.8445945945945946,0.9459459459459459,0.9932432432432432,D+,B+,A,A+,sandiskcorp,0.10052910052910047,0.8148148148148148,0.7734375,27.0,0.0,0.0,0.10052910052910047,0.9444444444444444,A,74.83454911245872,77.34375,46.40625,50.31983362519894,True,False,32.467326481410986
HCI,Hci Group Inc,Financials,Property & Casualty Insurance,152.24,6.6149,2.1957,1.8587,1.8998841899285173,74.84,20.1,38.04,0.4866,33.550000000000004,0.21408336705787137,-1.6982,74.84,20.1,-1.6982,0.21408336705787137,38.04,0.4866,25.565,69.65824018049432,77.92885397515181,94.38775510204081,30.75510204081633,36.19791666666667,67.74829002382741,0.7788944723618091,0.9296482412060302,0.9447236180904522,0.27638190954773867,B,A-,A,D+,hcigroupinc,0.0,0.75,0.6730769230769231,8.0,0.0,0.0,0.0,0.203125,D+,66.36808169049408,67.3076923076923,40.38461538461538,50.0,False,True,30.75510204081633
PM,Philip Morris International Inc,Consumer Staples,Tobacco,170.99,23.4841,6.5562,19.2869,1288.5455915599096,60.61,7.31,575.44,0.3664,44.05,0.5871112014637121,-0.5872,60.61,7.31,-0.5872,0.5871112014637121,149.049,0.3664,29.504835999999994,23.544973544973544,88.57889556392763,96.2962962962963,62.80193236714976,68.25396825396825,65.23648304653294,0.203125,0.96875,1.0,0.609375,D+,A,A+,B-,philipmorrisinternationalinc,0.0,0.7037037037037037,0.6796875,27.0,0.0,0.0,0.0,0.75,B,67.06187987192976,67.96875,40.78125,50.0,True,False,23.544973544973544
GEO,Geo Group Inc,Industrials,Environmental & Facilities Services,21.76,11.3523,1.0976,7.2205,1.968803155875647,354.95,8.55,17.68,0.0947,8.25,0.6010396361273556,-17.2624,106.67149999999995,8.55,-17.2624,0.6010396361273556,17.68,0.0947,8.25,88.42939772681308,82.75306310064583,50.24875621890547,38.962331201137175,47.72727272727273,64.01261734678624,0.9365853658536586,0.926829268292683,0.524390243902439,0.34146341463414637,A,A-,C+,C-,geogroupinc,0.0,0.875,0.7500000000000001,8.0,0.0,0.0,0.0,0.525,C+,63.785344619513516,75.00000000000001,45.00000000000001,50.0,False,False,38.962331201137175
MSFT,Microsoft Corp,Information Technology,Systems Software,415.12,24.627,9.6888,17.1566,8.984542396945706,29.75,17.87,33.129999999999995,0.4675,26.33,0.2954260179745946,-5.2605,29.75,17.87,-5.2605,0.2954260179745946,33.129999999999995,0.4248699999999999,26.33,58.41263799010278,69.86245429566648,89.56540166927492,39.27709626937251,27.27272727272727,63.82242002785222,0.6216216216216216,0.8040540540540541,0.9391891891891891,0.32432432432432434,B-,B+,A,C-,microsoftcorp,-0.030303030303030387,0.9090909090909091,0.8838028169014085,66.0,90.0,84.89281911636292,-0.030303030303030387,0.2777777777777778,D+,61.549692755124944,88.38028169014085,86.98529666062967,50.0,False,False,27.27272727272727
EHC,Encompass Health Corp,Health Care,Health Care Facilities,106.1,18.5889,1.7733,9.2468,4.351428055842643,24.23,10.46,24.48,0.17739999999999997,11.85,0.3784781374219193,-8.4635,24.23,10.46,-8.4635,0.3784781374219193,24.48,0.17739999999999997,11.85,77.53061386768448,60.686860586620014,69.50904392764858,32.325581395348834,49.702380952380956,60.36240284522704,0.8702290076335878,0.7099236641221374,0.7099236641221374,0.26717557251908397,B+,B,B,D+,encompasshealthcorp,0.0,0.9375,0.8452380952380951,16.0,90.0,84.89281911636292,0.0,0.5,C,60.33264094046513,84.52380952380952,84.67141336083088,50.0,False,True,32.325581395348834
WLY,John Wiley & Sons Inc,Communication Services,Publishing,41.39,13.8182,1.2764,10.2876,2.938003094876418,282.11,-1.9,20.75,0.1352,9.83,0.7537659327925841,-7.7352,282.11,-1.9,-7.7352,0.7537659327925841,20.75,0.1352,9.83,66.34920634920634,59.72222222222223,65.23809523809524,45.62169312169312,40.909090909090914,58.96560846560847,0.6923076923076923,0.6153846153846154,0.7692307692307693,0.38461538461538464,B-,B-,B,C-,johnwileysonsinc,0.0,0.8,0.675,5.0,0.0,0.0,0.0,0.4,C-,58.05651755651756,67.5,40.5,50.0,False,False,40.909090909090914
EXLS,Exlservice Holdings Inc,Industrials,Data Processing & Outsourced Services,31.08,18.9169,2.2745,13.2188,5.3268433140232405,27.93,13.56,25.5,0.1503,19.46,0.19166666666666654,-31.7373,27.93,13.56,-31.7373,0.19166666666666654,25.5,0.1503,19.46,66.30020628564495,79.36340038935757,77.61194029850746,26.72024492920015,89.58333333333334,62.194765709749646,0.7463414634146341,0.8975609756097561,0.8292682926829268,0.22926829268292684,B,B+,B+,D+,exlserviceholdingsinc,0.0625,0.875,0.7976190476190476,16.0,0.0,0.0,0.0625,0.875,B+,66.15309904308297,79.76190476190476,47.857142857142854,50.0,False,True,26.72024492920015
NWS,News Corp,Communication Services,Publishing,31.31,13.6501,1.8218,11.6676,2.0175789053136235,179.7,-12.13,13.36,0.1,10.879999999999999,0.9681190223166843,-5.1264,179.7,-7.712999999999999,-5.1264,0.9195558865345992,13.36,0.1,10.879999999999999,58.74236874236874,44.84126984126984,53.47883597883598,63.64417989417989,81.81818181818183,54.75239112739113,0.6538461538461539,0.3974358974358974,0.5,0.6410256410256411,B-,C-,C,B-,newscorp,0.06666666666666665,0.8666666666666667,0.7875000000000001,15.0,0.0,0.0,0.06666666666666665,0.8,B,57.93420930920931,78.75000000000001,47.25000000000001,50.0,False,False,44.84126984126984
IPAR,Interparfums Inc,Consumer Staples,Household Products,94.48,17.9693,2.0328,10.0174,3.4400646650597495,2.74,2.49,19.93,0.1816,16.1,0.26406727828746185,-21.1484,2.74,2.49,-21.1484,0.26406727828746185,19.93,0.1816,16.1,54.53869047619048,52.92784911213401,71.16402116402116,38.75205254515599,67.42424242424242,54.761658241510915,0.625,0.546875,0.765625,0.34375,B-,C+,B,C-,interparfumsinc,0.0,0.8181818181818182,0.734375,11.0,0.0,0.0,0.0,0.625,B-,56.50408248393516,73.4375,44.0625,50.0,False,False,38.75205254515599
UBER,Uber Technologies Inc,Industrials,Passenger Ground Transportation,75.45,15.2776,2.9526,34.1383,5.797558033210135,3.3,18.28,40.31,0.107,28.27,0.20847002684163463,-8.3232,3.3,18.28,-8.3232,0.20847002684163463,40.31,0.107,28.27,44.78016421955264,70.89123833121238,79.43615257048093,27.07824513794663,45.23809523809524,55.647975891340195,0.45365853658536587,0.7804878048780488,0.848780487804878,0.24390243902439024,C,B,B+,D+,ubertechnologiesinc,0.0,0.8360655737704918,0.8143939393939393,61.0,90.0,84.89281911636292,0.0,0.4125,C,55.17178541514972,81.43939393939394,82.82076401018153,50.0,False,True,27.07824513794663
CI,Cigna Group,Health Care,Health Care Services,288.06,12.7919,0.2772,9.1263,1.819419776510625,80.88,11.24,14.530000000000001,0.0335,8.200000000000001,0.48852887905011083,-13.5241,80.88,11.24,-13.5241,0.48852887905011083,14.530000000000001,0.0335,8.200000000000001,92.55526399491094,74.39920383234337,46.253229974160206,32.673311184939095,78.26086956521739,61.11662649572428,0.9923664122137404,0.8549618320610687,0.4312977099236641,0.2748091603053435,A+,B+,C,D+,cignagroup,0.03475935828876997,0.8529411764705882,0.8141025641025641,34.0,32.5,49.46479682557141,0.03475935828876997,0.7857142857142857,B,63.942713452246025,81.41025641025641,68.63207257638241,50.0,False,True,32.673311184939095
MMS,Maximus Inc,Industrials,Data Processing & Outsourced Services,64.27,9.4298,0.6524,7.2708,2.104088026635849,41.59,-0.15,21.759999999999998,0.1094,11.540000000000001,0.08968152866242028,-15.1439,41.59,-0.15,-15.1439,0.08968152866242028,21.759999999999998,0.1094,11.540000000000001,93.62294219957126,54.655934374948,62.354892205638485,28.859548411787216,41.66666666666667,60.697555158649486,0.9902439024390244,0.5804878048780487,0.6536585365853659,0.24878048780487805,A+,C+,B-,D+,maximusinc,0.0,0.8333333333333334,0.7045454545454546,6.0,0.0,0.0,0.0,0.2625,D+,59.86422182531615,70.45454545454545,42.27272727272727,50.0,False,True,28.859548411787216
XPEL,Xpel Inc,Consumer Discretionary,Automotive Parts & Equipment,43.55,23.5334,2.5315,16.7562,4.2891191301607305,13.49,13.27,19.689999999999998,0.1316,19.68,0.49858012170385385,15.7629,13.49,13.27,15.7629,0.49858012170385385,19.689999999999998,0.1316,19.68,29.28025919925943,77.20073578259942,68.50574712643679,47.42528735632184,39.28571428571429,54.37170620920831,0.2483221476510067,0.8389261744966443,0.7248322147651006,0.4228187919463087,D+,B+,B,C,xpelinc,0.0,0.8888888888888888,0.7678571428571428,9.0,0.0,0.0,0.0,0.40476190476190477,C,53.30027763777974,76.78571428571428,46.07142857142856,49.218280329404415,True,False,29.28025919925943
TJX,TJX Companies Inc,Consumer Discretionary,Apparel Retail,153.36,30.8956,2.8116,19.7483,16.661777647403934,14.36,7.12,59.53000000000001,0.1189,45.410000000000004,0.729009667351755,19.7283,14.36,7.12,19.7283,0.729009667351755,59.53000000000001,0.1189,41.656,21.84216616523953,65.53745346519761,81.26436781609195,62.36453201970443,36.01190476190476,56.35703059231328,0.15436241610738255,0.7114093959731543,0.8926174496644296,0.5771812080536913,D,B,B+,C+,tjxcompaniesinc,0.0,0.84,0.7916666666666666,25.0,0.0,0.0,0.0,0.2619047619047619,D+,54.958221068503754,79.16666666666666,47.49999999999999,48.23654089736171,True,False,21.84216616523953
PH,Parker-Hannifin Corp,Industrials,Industrial Machinery & Supplies & Components,878.83,31.328,5.4155,25.3992,8.13184088118461,13.38,2.78,25.650000000000002,0.21050000000000002,15.049999999999999,0.6161335529712586,36.9961,13.38,2.78,36.9961,0.6161335529712586,25.650000000000002,0.21050000000000002,15.049999999999999,26.94899486308296,51.90222053152529,81.92371475953566,53.83427689140504,60.0,53.365476890240714,0.18536585365853658,0.551219512195122,0.8829268292682927,0.5609756097560976,D,C+,B+,C+,parkerhannifincorp,0.006722689075630339,0.7714285714285715,0.74375,35.0,0.0,0.0,0.006722689075630339,0.65,B-,54.365476890240714,74.375,44.625,48.102536082835265,True,False,26.94899486308296
BDC,Belden Inc,Information Technology,Electronic Components,112.3,18.4127,1.6107,14.4011,3.4590885009179058,22.98,10.33,19.139999999999997,0.1162,9.48,0.1547323644097838,4.6891,22.98,10.33,4.6891,0.1547323644097838,19.139999999999997,0.1162,9.48,84.67199593960157,50.57150701479834,57.63888888888889,23.763983075407175,28.502415458937197,55.44481922516372,0.8918918918918919,0.5337837837837838,0.6148648648648649,0.18243243243243243,B+,C+,B-,D,beldeninc,-0.022222222222222254,0.7777777777777778,0.6964285714285714,9.0,0.0,0.0,-0.022222222222222254,0.3055555555555556,C-,53.295060771057436,69.64285714285714,41.785714285714285,47.99561873193677,False,True,23.763983075407175
BCPC,Balchem Corp,Materials,Specialty Chemicals,160.97,32.7179,4.8914,20.2077,4.103980072865596,16.84,9.62,12.379999999999999,0.2023,10.92,0.48736865638274096,-2.5487,16.84,9.62,-2.5487,0.48736865638274096,12.379999999999999,0.2023,10.92,31.960978835978835,79.26544601580468,79.89417989417989,28.726287262872624,31.891025641025646,54.562136338275145,0.296875,0.890625,0.828125,0.234375,D+,B+,B+,D+,balchemcorp,0.0,0.7777777777777778,0.6964285714285714,9.0,0.0,0.0,0.0,0.19230769230769232,D,52.75123890237771,69.64285714285714,41.785714285714285,47.60031033514888,True,True,28.726287262872624
AVY,Avery Dennison Corp,Materials,Paper & Plastic Packaging Products & Materials,163.51,18.1313,1.3888,12.3542,5.606454400197499,2.08,2.89,30.81,0.1025,11.59,0.16809051027476335,-5.4965,2.08,2.89,-5.4965,0.16809051027476335,29.5,0.1025,11.59,58.11838624338625,47.26322751322751,81.21693121693123,20.444444444444443,34.06593406593407,53.375363756613766,0.671875,0.40625,0.859375,0.15625,B-,C,B+,D,averydennisoncorp,0.0,0.7058823529411765,0.6704545454545455,17.0,0.0,0.0,0.0,0.3076923076923077,C-,51.781957163207174,67.04545454545455,40.22727272727273,45.91529069368133,False,True,20.444444444444443
ANIP,ANI Pharmaceuticals Inc,Health Care,Pharmaceuticals,81.86,23.7847,2.1092,10.7348,3.406589290841826,,43.78,16.06,0.1258,7.07,0.5877541481654592,14.4415,,35.85799999999998,14.4415,0.5877541481654592,16.06,0.1258,7.07,66.77202608142493,73.16860465116278,52.32558139534883,49.259689922480625,44.38775510204082,59.26006078392212,0.7480916030534351,0.8358778625954199,0.4961832061068702,0.4580152671755725,B,B+,C,C,anipharmaceuticalsinc,0.0,0.8571428571428571,0.7763157894736842,14.0,0.0,0.0,0.0,0.23214285714285715,D+,58.6988362941262,77.63157894736842,46.578947368421055,42.20614388173888,False,False,44.38775510204082
INDV,"Indivior Pharmaceuticals, Inc",Health Care,Pharmaceuticals,39.5,22.933,3.8838,18.1615,105.6997591651057,7022.71,4.38,159.06,0.2113,29.4,0.950609153770168,259.745,524.5159999999945,4.38,122.90492,0.950609153770168,98.90799999999997,0.2113,29.4,47.90473918575063,69.19012476183018,89.6640826873385,95.13178294573643,17.346938775510203,72.2565870097856,0.4732824427480916,0.7786259541984732,0.9465648854961832,0.9770992366412213,C,B,A,A+,indiviorpharmaceuticalsinc,-0.0064102564102564985,0.9166666666666666,0.8088235294117647,12.0,90.0,84.89281911636292,-0.0064102564102564985,0.14285714285714285,D,68.99128088733663,80.88235294117648,82.48653941125104,35.84516629605976,False,False,17.346938775510203
THC,Tenet Healthcare Corp,Health Care,Health Care Facilities,190.38,9.6293,0.7499,5.7714,3.922732189769742,27.35,6.57,40.550000000000004,0.1764,9.8,0.43514561176821387,27.7204,27.35,6.57,27.7204,0.43514561176821387,40.550000000000004,0.1764,9.8,92.86935432569975,52.944926409240765,71.57622739018088,61.78294573643411,19.047619047619047,69.05696985810513,1.0,0.5572519083969466,0.732824427480916,0.6259541984732825,A+,C+,B,B-,tenethealthcarecorp,-0.005291005291005235,0.8518518518518519,0.8046875,27.0,90.0,84.89281911636292,-0.005291005291005235,0.17857142857142858,D,65.96173176286703,80.46875,82.23837764654516,34.60853046980133,False,False,19.047619047619047
DVN,Devon Energy Corp,Energy,Oil & Gas Exploration & Production,45.61,10.7275,1.6489,4.7081,1.8269870136112736,-8.62,7.83,17.47,0.22949999999999998,11.110000000000001,0.6840231419670671,42.8437,-8.62,7.83,42.8437,0.6840231419670671,17.47,0.22949999999999998,11.110000000000001,79.39393939393939,53.84269715791456,76.96969696969698,54.1991341991342,100.0,65.69927536231884,0.9454545454545454,0.5636363636363636,0.7818181818181819,0.4909090909090909,A,C+,B,C,devonenergycorp,0.09027777777777779,0.8125,0.7770270270270271,32.0,0.0,0.0,0.06256944444444443,1.0,A+,70.69927536231884,77.70270270270271,46.62162162162162,32.9418723070897,False,False,53.84269715791456
CRC,California Resources Corp,Energy,Oil & Gas Exploration & Production,58.92,14.4127,1.4259,5.4275,1.4233534322820036,-0.74,14.73,10.34,0.16269999999999998,7.91,0.6044821320411872,44.731,-0.74,14.73,44.731,0.6044821320411872,10.34,0.16269999999999998,7.91,73.93939393939394,64.25254093732354,54.54545454545454,51.47186147186147,56.00000000000001,60.266092603049124,0.9090909090909091,0.7090909090909091,0.5454545454545454,0.4727272727272727,A-,B,C+,C,californiaresourcescorp,-0.006535947712418277,0.8823529411764706,0.8068181818181818,17.0,90.0,84.89281911636292,-0.006535947712418277,0.5,C,60.866092603049125,80.68181818181817,82.36621855563607,32.58305889678326,False,False,51.47186147186147
MATX,Matson Inc,Industrials,Marine Transportation,182.72,12.4319,1.6534,8.9221,2.013297104563194,-1.03,-2.26,16.63,0.1494,14.63,0.9294311784119588,84.0822,-1.03,-2.26,84.0822,0.9294311784119588,16.63,0.1494,14.63,81.55806334182745,32.18148388492321,65.58872305140962,89.5974672094075,77.27272727272727,66.14248681717541,0.8829268292682927,0.2097560975609756,0.6926829268292682,0.9609756097560975,B+,D+,B-,A,matsoninc,0.011111111111111183,0.9,0.7833333333333333,10.0,0.0,0.0,0.011111111111111183,0.775,B,68.86975954444813,78.33333333333333,46.99999999999999,32.24790381777925,False,False,32.18148388492321
ECPG,Encore Capital Group Inc,Financials,Consumer Finance,83.88,7.0023,1.0167,8.5651,1.8624934497428745,13.54,33.12,28.189999999999998,0.35340000000000005,5.3100000000000005,0.8462213639954357,105.7395,13.54,33.12,70.7628,0.8462213639954357,28.189999999999998,0.35340000000000005,5.3100000000000005,69.66977745872218,57.91536404914936,88.77551020408163,86.7408781694496,7.451923076923076,73.54257035942075,0.7839195979899497,0.6633165829145728,0.8894472361809045,0.9045226130653267,B,B-,B+,A-,encorecapitalgroupinc,-0.018181818181818188,0.8,0.7166666666666667,10.0,0.0,0.0,-0.017747035573122537,0.0625,D-,69.28776266711306,71.66666666666667,43.0,32.01510506684522,False,False,7.451923076923076
DELL,Dell Technologies Inc,Information Technology,"Technology Hardware, Storage & Peripherals",260.46,28.6543,1.4981,17.835,67.96086105675147,33.09,18.8,130.7,0.0739,13.700000000000001,0.9790317790317788,170.6922,33.09,18.8,170.6922,0.9790317790317788,113.0909999999999,0.0739,13.700000000000001,75.26646364674535,74.39234296165355,70.35406885758998,79.8458239146815,18.840579710144926,72.25276650135085,0.7972972972972973,0.8513513513513513,0.7297297297297297,0.8783783783783784,B,B+,B,B+,delltechnologiesinc,-0.045955882352941124,0.7352941176470589,0.7115384615384616,34.0,0.0,0.0,-0.045955882352941124,0.16666666666666666,D,69.13682447236535,71.15384615384616,42.69230769230769,31.923960558176912,False,False,18.840579710144926
CVNA,Carvana Co,Consumer Discretionary,Automotive Retail,77.94,12.4735,0.8636,11.2056,4.945462851921649,420.71,48.63,62.849999999999994,0.09179999999999999,18.38,0.5575785161583978,36.4735,312.90999999999997,22.618,36.4735,0.5575785161583978,62.849999999999994,0.09179999999999999,18.38,65.81809766257811,98.55289868944777,69.42528735632185,68.88192267502612,11.03896103896104,72.29781052761977,0.7181208053691275,1.0,0.7416107382550335,0.7248322147651006,B,A+,B,B,carvanaco,-0.03125,0.6875,0.668918918918919,32.0,0.0,0.0,-0.03125,0.07142857142857142,D-,68.40170663151588,66.8918918918919,40.13513513513514,31.374196166119866,False,False,11.03896103896104
PLAB,Photronics Inc,Information Technology,Semiconductor Materials & Equipment,53.64,23.1732,3.6684,9.1213,2.6341765251852616,-0.73,-0.06,11.84,0.2445,11.84,0.9924993302973479,174.5138,-0.73,-0.06,174.5138,0.9923589762072912,11.84,0.2445,11.84,78.99695470118006,35.30303797551446,64.89958268127282,79.11304427874435,61.835748792270536,63.857350796464985,0.8378378378378378,0.22297297297297297,0.6824324324324325,0.8445945945945946,B+,D+,B-,B+,photronicsinc,0.01388888888888884,0.8888888888888888,0.7678571428571428,9.0,0.0,0.0,0.01388888888888884,0.6388888888888888,B-,65.04092567569204,76.78571428571428,46.07142857142856,30.623513127419674,False,False,35.30303797551446
DAR,Darling Ingredients Inc,Consumer Staples,Agricultural Products & Services,63.12,44.8725,1.5888,16.3878,2.1079418512618595,30.98,11.11,1.3599999999999999,0.07429999999999999,0.73,0.9213452671548685,86.4697,30.98,11.11,84.20400999999997,0.9213452671548685,1.3599999999999999,0.07429999999999999,0.73,29.84457671957672,88.44056292826785,19.57671957671958,96.6931216931217,100.0,54.38206099835199,0.21875,0.953125,0.15625,1.0,D+,A,D,A+,darlingingredientsinc,0.049707602339181256,0.9444444444444444,0.8586956521739131,18.0,90.0,84.89281911636292,0.030007309941520403,1.0,A+,59.38206099835199,85.86956521739131,85.47886677697996,30.18097691260812,True,False,19.57671957671958
PR,Permian Resources Corp,Energy,Oil & Gas Exploration & Production,19.72,18.2743,3.3739,6.3013,1.6041910711961473,-12.26,1.29,9.56,0.23550000000000001,6.890000000000001,0.7252440725244071,51.5757,-12.26,1.29,51.5757,0.7252440725244071,9.56,0.23550000000000001,6.890000000000001,52.72727272727273,46.63796348578957,52.72727272727273,69.00432900432901,42.00000000000001,54.49209486166008,0.6,0.45454545454545453,0.509090909090909,0.6909090909090909,C+,C,C+,B-,permianresourcescorp,-0.03125,0.875,0.8310810810810811,32.0,90.0,84.89281911636292,-0.03125,0.375,C-,53.69209486166008,83.10810810810811,83.82199251141003,29.859037195805037,False,False,42.00000000000001
CON,Concentra Group Holdings Parent Inc,Health Care,Health Care Services,24.16,18.6566,1.4351,11.2469,7.90213907241447,-42.65,13.85,46.6,0.154,8.41,0.8698683191324554,14.4481,-42.65,13.85,14.4481,0.8698683191324554,46.6,0.154,8.41,75.92636768447836,45.90058600959763,68.99224806201549,63.41528239202658,45.3416149068323,63.09282761694831,0.8396946564885496,0.4351145038167939,0.7022900763358778,0.6412213740458015,B+,C,B,B-,concentragroupholdingsparentinc,0.0,0.9090909090909091,0.796875,11.0,0.0,0.0,0.0,0.375,C-,62.626989107631545,79.6875,47.8125,29.83204564305262,False,False,45.3416149068323
BANC,Banc of California Inc,Financials,Regional Banks,19.04,12.2598,1.98464,17.5742,0.8358319029662375,74.78,26.60258,7.07,0.3988023,4.66,0.6929510155316606,36.8799,74.78,26.60258,36.8799,0.6929510155316606,7.07,0.3988023,4.66,79.60593785252794,56.60754854804662,16.83673469387755,67.14066271669957,60.83333333333334,53.86031038955061,0.914572864321608,0.6180904522613065,0.1658291457286432,0.7185929648241206,A-,B-,D,B,bancofcaliforniainc,0.007352941176470562,0.8823529411764706,0.8068181818181818,17.0,62.5,73.08536512708162,0.007352941176470562,0.5625,C+,54.94364372288395,80.68181818181817,77.64323695992354,29.741781185145932,False,False,16.83673469387755
SNX,TD Synnex Corp,Information Technology,Technology Distributors,239.07,19.4715,0.2951,11.1338,2.2660985701218497,50.42,10.39,11.600000000000001,0.0246,7.64,0.9887658481784625,101.9002,50.42,10.39,101.9002,0.9887658481784625,11.600000000000001,0.0246,7.64,90.83872604999367,67.3828056055632,38.181403234220134,82.52850435949027,13.383838383838388,67.23729431406414,0.9391891891891891,0.75,0.31756756756756754,0.9121621621621622,A,B,C-,A-,tdsynnexcorp,-0.05882352941176472,0.7647058823529411,0.7159090909090908,17.0,0.0,0.0,-0.05882352941176472,0.08333333333333333,D-,63.575678152447985,71.59090909090908,42.954545454545446,29.725725806433744,False,False,13.383838383838388
ALLY,Ally Financial Inc,Financials,Consumer Finance,44.24,9.7139,0.88959,12.6437,0.8806118102305436,387.77,37.40411,9.19,0.158682,4.17,0.7948266522210183,32.0597,96.085,37.40411,32.0597,0.7948266522210183,9.19,0.158682,4.17,90.14331863398625,86.11382423811912,30.612244897959183,68.286951144094,17.307692307692307,66.06904595942899,0.9849246231155779,0.964824120603015,0.3015075376884422,0.7336683417085427,A+,A,C-,B,allyfinancialinc,-0.01602564102564108,0.7916666666666666,0.75,24.0,0.0,0.0,-0.01602564102564108,0.125,D,62.799815190198224,75.0,45.0,29.61992607607929,False,False,17.307692307692307
ANDE,Andersons Inc,Consumer Staples,Food Distributors,71.45,25.4214,0.221,10.1911,1.9424628634811545,-16.73,-2.21,7.4399999999999995,1.0,4.55,0.7892447607750099,107.6431,-16.73,-2.21,84.20400999999997,0.7892447607750099,7.4399999999999995,0.4193199999999999,4.55,67.5512566137566,24.69216757741348,50.529100529100525,91.66984126984127,92.7536231884058,57.79249105516523,0.75,0.109375,0.484375,0.953125,B,D,C,A,andersonsinc,0.01388888888888884,0.8888888888888888,0.7678571428571428,9.0,0.0,0.0,0.01388888888888884,0.9166666666666666,A-,62.06785337400581,76.78571428571428,46.07142857142856,29.434284206745183,False,False,24.69216757741348
MRK,Merck & Co Inc,Health Care,Pharmaceuticals,111.38,30.7878,4.1827,12.355,5.2393899765737455,-48.26,2.89,36.19,0.1818,20.13,0.7345166891761526,43.4385,-48.26,2.89,43.4385,0.7345166891761526,36.19,0.1818,20.13,51.46906806615775,24.7248649283533,78.29457364341086,75.37209302325581,96.9387755102041,57.46030201771398,0.5419847328244275,0.08396946564885496,0.8282442748091603,0.7786259541984732,C+,D-,B+,B,merckcoinc,0.09663865546218486,0.7142857142857143,0.69375,35.0,0.0,0.0,0.0803942652329749,0.9821428571428571,A+,62.15417956873439,69.375,41.625,29.02417182749376,False,False,24.7248649283533
JBL,Jabil Inc,Information Technology,Electronic Manufacturing Services,355.15,46.3155,1.147,28.4487,25.22927633214699,78.78,19.0,58.989999999999995,0.042800000000000005,17.96,0.9215811284666878,130.0194,78.78,19.0,130.0194,0.9215811284666878,58.989999999999995,0.042800000000000005,17.96,66.49854079431543,79.50818948780403,60.0,61.800804828973845,16.425120772946862,64.88643406193444,0.6959459459459459,0.8986486486486487,0.6351351351351351,0.6148648648648649,B-,B+,B-,B-,jabilinc,-0.047794117647058876,0.7647058823529411,0.7159090909090908,17.0,0.0,0.0,-0.047794117647058876,0.1388888888888889,D,61.52894613922912,71.59090909090908,42.954545454545446,28.907033001146196,False,False,16.425120772946862
GE,General Electric Co,Industrials,Aerospace & Defense,297.15,35.9244,6.4172,32.0028,16.68585226156049,26.27,21.75,46.22,0.1666,22.25,0.62796260056534,38.5379,26.27,21.75,38.5379,0.62796260056534,46.22,0.1666,22.25,18.279335032156293,85.96239815415674,86.06965174129353,56.00608070757325,72.0,59.48094246570845,0.09268292682926829,0.9609756097560975,0.926829268292683,0.5707317073170731,D-,A,A-,C+,generalelectricco,0.008898776418242549,0.8709677419354839,0.8263888888888888,31.0,90.0,84.89281911636292,0.008898776418242549,0.7,B-,61.680942465708455,82.63888888888889,83.5404609798785,28.777291821599746,True,False,18.279335032156293
CTRA,Coterra Energy Inc,Energy,Oil & Gas Exploration & Production,32.56,14.3999,3.2341,5.9276,1.6668202434704265,49.63,40.07,11.77,0.3207,9.21,0.7030927835051547,41.9974,49.63,40.07,41.9974,0.7030927835051547,11.77,0.3207,9.21,60.0,85.01976284584981,70.30303030303031,54.32900432900432,14.000000000000002,65.44551101072841,0.7272727272727273,0.9272727272727272,0.7090909090909091,0.509090909090909,B,A-,B,C+,coterraenergyinc,-0.15409482758620685,0.6896551724137931,0.6691176470588236,29.0,0.0,0.0,-0.12868015644955297,0.125,D,61.84551101072841,66.91176470588236,40.14705882352941,28.75291028664431,False,False,14.000000000000002
FIX,Comfort Systems USA Inc,Industrials,Construction & Engineering,1952.37,56.1667,6.7808,40.94,28.04625606033399,107.81,38.43,51.690000000000005,0.157,49.63,0.9586207066003916,344.5793,106.67149999999995,28.27,147.7577,0.957018132975151,51.690000000000005,0.157,28.27,12.406261376046594,95.7729511517636,87.56218905472637,95.28468767274737,96.29629629629629,68.20364037259544,0.04878048780487805,1.0,0.9463414634146341,0.9902439024390244,F,A+,A,A+,comfortsystemsusainc,0.07692307692307687,0.8461538461538461,0.7638888888888888,13.0,0.0,0.0,0.07692307692307687,0.95,A,72.83327000222508,76.38888888888889,45.83333333333333,28.638586206447044,True,False,12.406261376046594
GL,Globe Life Inc,Financials,Life & Health Insurance,151.08,10.0674,1.9513,9.0871,2.0000370671418324,17.67,3.96,20.64,0.2625,13.889999999999999,0.85960960960961,24.6226,17.67,3.96,24.6226,0.85960960960961,20.64,0.2625,13.889999999999999,61.08860629679007,46.41391921335958,77.55102040816327,75.55242786769881,13.690476190476195,64.05317609245002,0.6432160804020101,0.4321608040201005,0.7788944723618091,0.7989949748743719,B-,C,B,B,globelifeinc,-0.017391304347826098,0.782608695652174,0.7410714285714286,23.0,0.0,0.0,-0.017391304347826098,0.09375,D-,60.42222371149764,74.10714285714286,44.464285714285715,28.61531805602763,False,False,13.690476190476195
GILD,"Gilead Sciences, Inc",Health Care,Biotechnology,131.33,17.6858,5.4819,16.1326,7.179131157308961,55.49,3.48,42.21,0.3488,23.13,0.5812565529478186,33.7918,55.49,3.48,33.7918,0.5812565529478186,42.21,0.3488,23.13,51.81695292620865,52.058980353554,90.43927648578811,56.40088593576965,15.343915343915343,62.256030610863924,0.5648854961832062,0.5267175572519084,0.9618320610687023,0.5267175572519084,C+,C+,A,C+,gileadsciencesinc,-0.015939015939016032,0.7948717948717948,0.7670454545454545,39.0,0.0,0.0,-0.015939015939016032,0.10714285714285714,D,58.790422145255455,76.70454545454545,46.02272727272727,28.11844158537491,False,False,15.343915343915343
KRYS,Krystal Biotech Inc,Health Care,Biotechnology,305.71,43.9985,23.16,51.039,7.317627796980171,129.21,33.95,18.69,0.41409999999999997,18.69,0.9978723404255316,122.8694,129.21,33.95,122.8694,0.9890856315799909,18.69,0.4076999999999999,18.69,15.599157124681936,90.1822768101838,81.91214470284238,90.86378737541528,7.671957671957672,65.58703829400089,0.061068702290076333,0.9541984732824428,0.8702290076335878,0.9541984732824428,D-,A,B+,A,krystalbiotechinc,-0.05555555555555558,0.8888888888888888,0.8152173913043478,18.0,90.0,84.89281911636292,-0.0351241101241102,0.07142857142857142,D-,61.35423406119666,81.52173913043478,82.87017112480603,28.086089739272595,True,False,7.671957671957672
NEE,Nextera Energy Inc,Utilities,Multi-Utilities,93.1,23.7254,6.9669,18.7738,3.551266402197131,47.29,10.29,15.24,0.2954,5.4399999999999995,0.8379696013765413,36.2705,47.29,10.29,36.2705,0.8379696013765413,15.24,0.2954,5.4399999999999995,18.231884057971016,79.43840579710145,86.231884057971,92.06521739130434,84.84848484848484,65.41666666666667,0.1,0.9,0.94,0.98,D-,B+,A,A+,nexteraenergyinc,0.0,0.6774193548387096,0.6597222222222223,31.0,0.0,0.0,0.0,1.0,A+,68.90151515151516,65.97222222222223,39.583333333333336,27.579071969696972,True,False,18.231884057971016
TNL,Travel + Leisure Co,Consumer Discretionary,"Hotels, Resorts & Cruise Lines",65.78,17.3253,1.0144,13.9017,8.553966189856958,-40.1,4.25,121.75,0.1374,12.04,0.5556204379562044,37.0131,-40.1,4.25,37.0131,0.5556204379562044,121.75,0.1374,12.04,51.079225487927175,35.3412059612333,73.9080459770115,73.20794148380355,39.75155279503105,57.95664735524203,0.5436241610738255,0.2684563758389262,0.7718120805369127,0.7718120805369127,C+,D+,B,B,travelleisureco,0.0,0.8125,0.75,16.0,0.0,0.0,0.0,0.47619047619047616,C,56.93180263474514,75.0,45.0,27.272721053898056,False,False,35.3412059612333
WT,WisdomTree Inc,Financials,Asset Management & Custody Banks,19.1,24.3684,5.3861,20.0388,6.497040615007824,70.96,15.43,26.490000000000002,0.3248,9.33,0.9810945273631843,103.6247,70.96,15.43,70.7628,0.9645380732938337,26.490000000000002,0.3248,9.33,14.634396472156702,77.1498993260823,86.22448979591837,96.92882030861125,73.91304347826087,65.03046549395748,0.08040201005025126,0.9195979899497487,0.864321608040201,0.9874371859296482,D-,A-,B+,A+,wisdomtreeinc,0.012499999999999956,0.8125,0.75,16.0,0.0,0.0,0.012499999999999956,0.6875,B-,67.42176984178357,75.0,45.0,27.226757733686608,True,False,14.634396472156702
BK,Bank of New York Mellon Corp,Financials,Asset Management & Custody Banks,130.5,16.1421,2.12845,16.0339,2.026828688711729,27.82,284.5591,12.659999999999998,0.2654159,5.84,0.8416056429328748,52.6316,27.82,89.81605399999997,52.6316,0.8416056429328748,12.659999999999998,0.2654159,5.84,39.225464054968725,87.94153682187965,54.08163265306123,77.78994524639124,17.934782608695652,61.47307059066167,0.32160804020100503,0.9899497487437185,0.5477386934673367,0.8140703517587939,C-,A+,C+,B+,bankofnewyorkmelloncorp,-0.010769230769230753,0.72,0.6916666666666667,25.0,0.0,0.0,-0.010769230769230753,0.15625,D,58.26654885153123,69.16666666666667,41.5,27.06684592150581,True,False,17.934782608695652
CRUS,Cirrus Logic Inc,Information Technology,Semiconductors,171.67,21.6813,4.4374,15.7716,4.604783159159674,38.36,7.04,20.13,0.2311,20.13,0.9157277535065531,75.9455,38.36,7.04,75.9455,0.9157277535065531,20.13,0.2311,20.13,71.54231696485218,54.652464947127655,76.88119457485654,42.77908189880021,7.05128205128205,61.59218725411276,0.7567567567567568,0.6216216216216216,0.7972972972972973,0.35135135135135137,B,B-,B,C-,cirruslogicinc,-0.0714285714285714,0.7142857142857143,0.6710526315789473,14.0,0.0,0.0,-0.06197478991596639,0.027777777777777776,F,57.29731545924096,67.10526315789474,40.26315789473684,26.94524197317007,False,False,7.05128205128205
STRL,Sterling Infrastructure Inc,Industrials,Construction & Engineering,844.8,89.3442,10.4108,60.3214,23.38274858009588,13.14,17.69,30.17,0.163,23.02,0.9383603719319799,370.8505,13.14,17.69,147.7577,0.9383603719319799,30.17,0.163,23.02,7.502325769526352,59.18531909122434,82.25538971807629,90.29297954671088,79.62962962962963,57.335088599487705,0.024390243902439025,0.6195121951219512,0.8878048780487805,0.9658536585365853,F,B-,B+,A,sterlinginfrastructureinc,0.019480519480519543,0.9285714285714286,0.8289473684210527,14.0,62.5,73.08536512708162,0.019480519480519543,0.8,B,60.29805156245067,82.89473684210526,78.97098815609581,26.80390645849382,True,False,7.502325769526352
ATI,ATI Inc,Industrials,Aerospace & Defense,158.39,50.8004,4.7047,28.4818,11.931719737545858,10.68,2.93,24.23,0.1432,11.82,0.8745314657723414,122.8961,10.68,2.93,122.8961,0.8745314657723414,24.23,0.1432,11.82,19.446669093556608,45.99406349893047,67.66169154228855,90.48092868988391,92.0,54.072088596724164,0.11707317073170732,0.3902439024390244,0.7073170731707317,0.9707317073170731,D,C-,B,A+,atiinc,0.06666666666666665,0.9333333333333333,0.8374999999999999,15.0,32.5,49.46479682557141,0.06666666666666665,0.925,A-,58.27208859672417,83.74999999999999,70.03591873022856,26.78213852114113,True,False,19.446669093556608
SEZL,Sezzle Inc,Financials,Transaction & Payment Processing Services,96.34,24.3329,7.1943,18.5977,19.174810421352227,69.54,66.08,91.62,0.3926,51.25999999999999,0.3412999125619353,28.4876,69.54,66.08,28.4876,0.3412999125619353,40.677499999999995,0.3926,25.565,12.079530304584146,91.26027328326316,97.70408163265306,62.69914417379855,87.2159090909091,63.23778647572164,0.06030150753768844,0.9949748743718593,0.9773869346733668,0.6733668341708543,D-,A+,A+,B-,sezzleinc,0.033333333333333326,0.8333333333333334,0.75,12.0,0.0,0.0,0.033333333333333326,0.859375,B+,66.95937738481256,75.0,45.0,26.75232320896578,True,False,12.079530304584146
AIR,AAR Corp,Industrials,Aerospace & Defense,117.78,27.3885,1.4942,14.9192,3.483049043033902,-45.74,16.85,12.07,0.0955,7.199999999999999,0.8629033665001542,97.717,-45.74,16.85,97.717,0.8629033665001542,12.07,0.0955,7.199999999999999,59.71848076689722,43.2795262816353,41.70812603648425,86.37645107794361,42.00000000000001,56.28784717276115,0.6780487804878049,0.34146341463414637,0.35609756097560974,0.8975609756097561,B-,C-,C-,B+,aarcorp,0.0,0.8333333333333334,0.75,12.0,0.0,0.0,0.0,0.325,C-,55.48784717276115,75.0,45.0,26.69513886910446,False,False,41.70812603648425
R,Ryder System Inc,Industrials,Cargo Ground Transportation,239.14,18.7299,0.7308,6.0297,3.088542790020677,4.84,-0.07,16.36,0.0795,4.6,0.8296887059428865,63.1687,4.84,-0.07,63.1687,0.8296887059428865,16.36,0.0795,4.6,89.09274764389436,47.4798625918029,36.81592039800995,68.14925373134328,8.33333333333334,59.60299027510531,0.9463414634146341,0.4146341463414634,0.3024390243902439,0.6926829268292682,A,C,C-,B-,rydersysteminc,-0.05882352941176472,0.7647058823529411,0.7159090909090908,17.0,0.0,0.0,-0.02121040723981904,0.05,F,55.43632360843865,71.59090909090908,42.954545454545446,26.46998398883001,False,False,8.33333333333334
LNTH,Lantheus Holdings Inc,Health Care,Health Care Supplies,93.06,25.9397,3.93,16.4657,5.515124217712877,-23.1,0.5,20.580000000000002,0.2016,13.71,0.9621463361358304,15.6887,-23.1,0.5,15.6887,0.9621463361358304,20.580000000000002,0.2016,13.71,47.98226781170484,24.987363250444645,71.83462532299741,73.85174418604652,45.12987012987013,54.722044770973795,0.48091603053435117,0.0916030534351145,0.7519083969465649,0.7709923664122137,C,D-,B,B,lantheusholdingsinc,0.0,0.8421052631578947,0.78125,19.0,0.0,0.0,0.0,0.2857142857142857,D+,54.23503178396081,78.125,46.875,26.381512713584325,False,False,24.987363250444645
RCL,Royal Caribbean Cruises Ltd,Consumer Discretionary,"Hotels, Resorts & Cruise Lines",275.24,16.4809,4.0145,13.7099,7.415689771768972,37.86,9.75,45.81,0.27690000000000003,14.82,0.3353241077931538,18.2099,37.86,9.75,18.2099,0.3353241077931538,45.81,0.2651399999999998,14.82,37.668749517858515,82.09417151243947,80.80459770114942,39.68652037617555,16.770186335403725,58.97447518247499,0.3288590604026846,0.8791946308724832,0.8859060402684564,0.35570469798657717,C-,B+,B+,C-,royalcaribbeancruisesltd,-0.02941176470588225,0.7352941176470589,0.7115384615384616,34.0,0.0,0.0,-0.02941176470588225,0.14285714285714285,D,55.65149381601536,71.15384615384616,42.69230769230769,26.249395546874307,True,False,16.770186335403725
AIT,Applied Industrial Technologies Inc,Industrials,Trading Companies & Distributors,308.87,28.2713,2.4013,21.3051,6.3411018862966335,6.39,6.14,21.740000000000002,0.10869999999999999,16.619999999999997,0.91753972630207,39.1118,6.39,6.14,39.1118,0.91753972630207,21.740000000000002,0.10869999999999999,16.619999999999997,43.290053796060356,57.43776626590817,67.74461028192371,73.95245992260917,10.869565217391305,59.036711257199485,0.4292682926829268,0.6097560975609756,0.7121951219512195,0.7658536585365854,C,B-,B,B,appliedindustrialtechnologiesinc,-0.019230769230769273,0.75,0.6911764705882353,12.0,0.0,0.0,-0.019230769230769273,0.075,D-,55.12366777893862,69.11764705882352,41.47058823529411,26.19652593510486,False,False,10.869565217391305
NUE,Nucor Corp,Materials,Steel,227.5,29.7126,1.5947,14.8454,2.486243695596343,-10.95,5.73,8.49,0.0817,6.29,0.9385591580902266,96.9868,-10.95,5.73,96.9868,0.9385591580902266,8.49,0.0817,6.29,48.69378306878307,43.77394636015325,49.73544973544973,92.99397920087574,34.79020979020979,56.960893313264,0.5,0.375,0.453125,0.953125,C,C-,C,A,nucorcorp,0.0,0.6818181818181818,0.6574074074074073,22.0,0.0,0.0,0.0,0.4230769230769231,C,55.43991429228498,65.74074074074073,39.444444444444436,26.120410161358436,False,False,34.79020979020979
PLTR,Palantir Technologies Inc,Information Technology,Application Software,137.8,144.7931,63.2348,156.4262,44.60413025182884,287.77,67.71,32.18,0.38130000000000003,32.18,0.2695652173913045,15.6525,257.60999999999973,47.04399999999999,15.6525,0.2695652173913045,32.18,0.38130000000000003,32.18,13.450069788097956,97.33250624605333,88.06403234220136,54.571596244131456,98.97119341563786,60.75934603061178,0.060810810810810814,1.0,0.9121621621621622,0.4864864864864865,D-,A+,A-,C,palantirtechnologiesinc,0.29027113237639557,0.6842105263157895,0.6686046511627908,38.0,0.0,0.0,0.10829529391639425,1.0,A+,65.65646537217557,66.86046511627907,40.116279069767444,25.896726347771807,True,False,13.450069788097956
HOOD,Robinhood Markets Inc,Financials,Investment Banking & Brokerage,77.03,36.8707,15.5215,32.3808,7.596197463660928,32.75,51.58,22.33,0.4681,9.1,0.24860660010425437,42.4635,32.75,51.58,42.4635,0.24860660010425437,22.33,0.4681,9.1,7.8312480771202955,80.0725202889669,80.10204081632652,53.782312925170075,74.43181818181819,53.7542888661891,0.04020100502512563,0.949748743718593,0.8040201005025126,0.5326633165829145,F,A,B+,C+,robinhoodmarketsinc,0.011029411764705843,0.8235294117647058,0.7884615384615384,34.0,62.5,73.08536512708162,0.011029411764705843,0.71875,B,56.19747068437092,78.84615384615384,76.54183835852496,25.465558892121237,True,False,7.8312480771202955
ACA,Arcosa Inc,Industrials,Construction & Engineering,129.94,30.6122,2.2125,13.6236,2.4104878668647887,121.29,12.2,8.18,0.1186,5.0,0.8949133594186695,49.6832,106.67149999999995,12.2,49.6832,0.8949133594186695,8.18,0.1186,5.0,55.061278970998664,77.46518442981778,36.15257048092869,60.4007739082366,16.666666666666668,55.37665403059272,0.5853658536585366,0.8731707317073171,0.28536585365853656,0.6146341463414634,C+,B+,D+,B-,arcosainc,-0.011111111111111183,0.8888888888888888,0.7678571428571428,9.0,0.0,0.0,-0.011111111111111183,0.125,D,52.04332069725938,76.78571428571428,46.07142857142856,25.424471136046613,False,False,16.666666666666668
TBBK,Bancorp Inc,Financials,Regional Banks,57.0,10.2686,4.64103,9.8901,3.499960088174433,16.07,89.12521,30.56,0.5646253999999999,19.72,0.24822673408024978,9.2582,16.07,89.12521,9.2582,0.24822673408024978,30.56,0.5646253999999999,19.72,51.147318223771926,74.40637361412892,90.3061224489796,18.22690366469168,37.291666666666664,58.890015623951996,0.49748743718592964,0.8944723618090452,0.9045226130653267,0.1658291457286432,C,B+,A-,D,bancorpinc,0.0,0.7777777777777778,0.6964285714285714,9.0,0.0,0.0,0.0,0.375,C-,57.61918229061866,69.64285714285714,41.785714285714285,25.39976011364637,False,True,18.22690366469168
ROST,Ross Stores Inc,Consumer Discretionary,Apparel Retail,225.81,33.9127,3.1975,21.6577,11.763510767980497,4.7,7.67,36.7,0.11900000000000001,29.14,0.9498453173338334,57.5016,4.7,7.67,57.5016,0.9049423889407532,36.7,0.11900000000000001,29.14,18.244233587904034,59.18756815703381,74.94252873563218,93.32512315270935,75.9920634920635,58.79922884283269,0.08053691275167785,0.6375838926174496,0.785234899328859,0.9530201342281879,D-,B-,B,A,rossstoresinc,0.040000000000000036,0.76,0.7250000000000001,25.0,0.0,0.0,0.040000000000000036,0.7619047619047619,B,61.39843519203904,72.50000000000001,43.50000000000001,25.014369482237942,True,False,18.244233587904034
VRRM,Verra Mobility Corp,Industrials,Data Processing & Outsourced Services,14.3,15.5616,2.1717,8.2173,7.495544606352868,388.68,11.36,40.550000000000004,0.2421,9.99,0.09995706646891224,-41.1038,106.67149999999995,11.36,-37.9304,0.09995706646891224,40.550000000000004,0.2421,9.99,77.18399870565871,88.10516813923692,80.92868988391376,15.279372368924605,41.66666666666667,65.20508024902543,0.8292682926829268,0.975609756097561,0.8634146341463415,0.1073170731707317,B+,A+,B+,D,verramobilitycorp,0.0,0.7857142857142857,0.7236842105263157,14.0,0.0,0.0,0.0,0.2625,D+,64.37174691569209,72.36842105263158,43.421052631578945,25.0,False,True,15.279372368924605
ATR,Aptargroup Inc,Materials,"Metal, Glass & Plastic Containers",120.99,19.9698,1.9938,10.8522,2.9112757494748442,7.17,8.95,14.360000000000001,0.13470000000000001,9.73,0.2909439339590191,-21.1072,7.17,8.95,-21.1072,0.2909439339590191,14.360000000000001,0.13470000000000001,9.73,53.48048941798942,63.8558201058201,75.66137566137566,19.70899470899471,100.0,53.998429232804234,0.59375,0.765625,0.765625,0.140625,C+,B,B,D,aptargroupinc,0.08333333333333337,0.75,0.6911764705882353,12.0,0.0,0.0,0.08268398268398269,1.0,A+,58.998429232804234,69.11764705882352,41.47058823529411,25.0,False,True,19.70899470899471
PEGA,Pegasystems Inc,Information Technology,Application Software,35.975,15.2807,3.4437,21.9589,7.783090303318766,403.79,16.61,60.07,0.1506,60.07,0.04857100547904638,-23.4249,257.60999999999973,16.61,-23.4249,0.05854309805993903,60.07,0.1506,46.00349999999993,72.23385357188175,79.34541704417538,82.23787167449139,18.672241784037553,76.13168724279835,63.221463077235875,0.7635135135135135,0.8918918918918919,0.8648648648648649,0.13513513513513514,B,B+,B+,D,pegasystemsinc,0.05263157894736836,0.9473684210526315,0.8645833333333333,19.0,90.0,84.89281911636292,0.05263157894736836,0.75,B,65.83463180151571,86.45833333333333,85.83212764654516,25.0,False,True,18.672241784037553
ACIW,ACI Worldwide Inc,Information Technology,Application Software,45.51,22.3803,2.5754,13.0932,3.077141524168847,-21.6,7.06,13.99,0.183,8.88,0.45949277372037833,-6.0875,-21.6,7.06,-6.0875,0.45949277372037833,13.99,0.183,8.88,80.20555767034641,21.199688383713585,59.5396452790819,55.14410537297861,26.337448559670783,55.20505948869551,0.8716216216216216,0.060810810810810814,0.6283783783783784,0.5,B+,D-,B-,C,aciworldwideinc,-0.012820512820512775,0.8333333333333334,0.75,12.0,0.0,0.0,-0.012820512820512775,0.2222222222222222,D+,52.83880434466259,75.0,45.0,25.0,False,False,21.199688383713585
TMDX,Transmedics Group Inc,Health Care,Health Care Equipment,67.84,12.3212,3.8722,21.6888,4.913805591771694,362.68,37.13,53.879999999999995,0.1793,22.009999999999998,0.0016985618842713813,-27.2103,362.68,35.85799999999998,-27.2103,0.013961706883119818,53.879999999999995,0.1793,22.009999999999998,54.44895038167939,94.75739648628266,81.3953488372093,16.69896640826873,45.3416149068323,61.252347383632454,0.5877862595419847,0.9923664122137404,0.8549618320610687,0.13740458015267176,C+,A+,B+,D,transmedicsgroupinc,0.0,0.8,0.7500000000000001,20.0,0.0,0.0,0.0,0.375,C-,60.786508874315686,75.00000000000001,45.00000000000001,25.0,False,True,16.69896640826873
LRN,Stride Inc,Consumer Discretionary,Education Services,87.93,11.7238,1.4843,8.4029,2.5861460453406435,9.54,14.86,21.36,0.1602,15.809999999999999,0.24707363645162203,-43.8792,9.54,14.86,-39.07486,0.24707363645162203,21.36,0.1602,15.809999999999999,70.07328550489855,72.92860469354284,67.58620689655173,18.209549071618035,97.83549783549783,57.64250385339475,0.7516778523489933,0.7919463087248322,0.7046979865771812,0.11409395973154363,B,B,B,D,strideinc,0.07777777777777783,0.7777777777777778,0.6964285714285714,9.0,0.0,0.0,0.07777777777777783,0.9523809523809523,A,62.42605363694453,69.64285714285714,41.785714285714285,25.0,False,True,18.209549071618035
BR,Broadridge Financial Solutions Inc,Industrials,Data Processing & Outsourced Services,149.5,16.1991,2.4081,12.534,6.593513217899073,41.38,7.44,40.46,0.1725,18.02,0.009227033589639711,-36.6525,41.38,7.44,-36.6525,0.028817149091842863,40.46,0.1725,18.02,66.80419042996401,73.70719978701808,84.742951907131,12.365097588978184,83.33333333333334,60.101245059473,0.751219512195122,0.8390243902439024,0.9121951219512195,0.06829268292682927,B,B+,A-,D-,broadridgefinancialsolutionsinc,0.05555555555555558,0.7222222222222222,0.6847826086956522,18.0,0.0,0.0,0.05555555555555558,0.85,B+,63.43457839280634,68.47826086956522,41.08695652173913,25.0,False,True,12.365097588978184
SKYW,SkyWest Inc,Industrials,Passenger Airlines,88.23,8.1477,0.8487,5.3373,1.2808842935973208,19.39,12.26,16.0,0.1461,8.42,0.1873008648156578,-11.7965,19.39,12.26,-11.7965,0.1873008648156578,16.0,0.1461,8.42,92.67969097601424,76.7622518698007,55.72139303482587,19.516212043232116,45.65217391304348,61.35596378531659,0.9804878048780488,0.8634146341463415,0.5804878048780487,0.17073170731707318,A+,B+,C+,D,skywestinc,0.0,0.8333333333333334,0.75,12.0,0.0,0.0,0.0,0.475,C,60.921181176620934,75.0,45.0,25.0,False,True,19.516212043232116
HALO,Halozyme Therapeutics Inc,Health Care,Biotechnology,64.12,23.9723,5.4393,17.7815,154.72972972972974,-27.39,37.55,92.67,0.3319,15.770000000000001,0.4786866359447006,-5.33,-27.39,35.85799999999998,-5.33,0.4786866359447006,92.67,0.3319,15.770000000000001,43.348441475826974,56.1181676491754,86.56330749354005,31.576227390180883,49.73544973544974,55.01681625021301,0.4122137404580153,0.6412213740458015,0.9122137404580153,0.2595419847328244,C,B-,A-,D+,halozymetherapeuticsinc,0.0,0.7333333333333333,0.6875,15.0,0.0,0.0,0.0,0.625,B-,54.990361223757986,68.75,41.25,25.0,False,True,31.576227390180883
PCTY,Paylocity Holding Corp,Industrials,Human Resource & Employment Services,110.98,25.0936,3.5599,12.8916,4.980366638992977,9.16,12.08,20.52,0.2011,18.279999999999998,0.16507464603921793,-42.6578,9.16,12.08,-37.9304,0.16507464603921793,20.52,0.2011,18.279999999999998,54.11479189418761,69.5520703038055,80.59701492537313,17.211857379767828,83.33333333333333,56.030737241604854,0.5707317073170731,0.7414634146341463,0.8536585365853658,0.14634146341463414,C+,B,B+,D,paylocityholdingcorp,0.0357142857142857,0.8214285714285714,0.7803030303030304,28.0,0.0,0.0,0.0357142857142857,0.825,B+,59.36407057493819,78.03030303030305,46.81818181818183,25.0,False,True,17.211857379767828
PRGS,Progress Software Corp,Information Technology,Systems Software,29.87,14.7869,1.2726,9.1565,2.6435967784759717,53.68,22.42,17.82,0.16940000000000002,4.52,0.1451535508637236,-51.6354,53.68,22.42,-44.66056999999999,0.1451535508637236,17.82,0.16940000000000002,4.52,91.60005075498033,85.58000521521888,52.507172665623365,10.653238426977637,44.44444444444445,60.27345458359023,0.9459459459459459,0.9459459459459459,0.5405405405405406,0.05405405405405406,A,A,C+,D-,progresssoftwarecorp,0.0,0.8461538461538461,0.7638888888888888,13.0,0.0,0.0,0.0,0.4444444444444444,C,59.71789902803467,76.38888888888889,45.83333333333333,24.969391785150183,False,True,10.653238426977637
RPM,RPM International Inc,Materials,Specialty Chemicals,100.81,19.3203,1.668,13.6578,4.4815200092466645,3.92,5.68,21.8,0.1152,11.78,0.21795580110497237,-9.0983,3.92,5.68,-9.0983,0.21795580110497237,21.8,0.1152,11.78,51.83531746031746,62.91191273257271,82.01058201058201,13.929539295392953,93.58974358974359,53.829765273318,0.5625,0.71875,0.875,0.09375,C+,B,B+,D-,rpminternationalinc,0.08225108225108224,0.8095238095238095,0.7596153846153846,21.0,0.0,0.0,0.08225108225108224,0.9230769230769231,A-,58.18873963229236,75.96153846153845,45.57692307692307,24.962890631546422,False,True,13.929539295392953
RGLD,Royal Gold Inc,Materials,Gold,238.91,43.4692,19.6696,25.6739,2.820657826850263,35.14,43.24,10.92,0.6193,9.950000000000001,0.5669457022158856,33.6784,35.14,22.33,33.6784,0.5669457022158856,10.92,0.23540999999999998,9.950000000000001,19.899140211640212,85.53391053391053,76.98412698412699,54.18470418470419,79.02097902097903,57.16453974266474,0.09375,0.9375,0.8125,0.5,D-,A,B+,C,royalgoldinc,0.022222222222222254,0.8,0.7500000000000001,20.0,0.0,0.0,0.022222222222222254,0.7692307692307693,B,60.06663764476265,75.00000000000001,45.00000000000001,24.871677378610972,True,False,19.899140211640212
SLGN,Silgan Holdings Inc,Materials,"Metal, Glass & Plastic Containers",40.26,14.7525,0.6563,8.2013,1.866550451569831,4.46,10.73,13.03,0.0922,4.15,0.19674485399712777,-25.1812,4.46,10.73,-25.1812,0.19674485399712777,13.03,0.0922,4.15,87.44212962962963,64.91402116402116,56.08465608465608,12.63227513227513,67.48251748251748,56.39095568783069,0.921875,0.78125,0.5546875,0.078125,A-,B,C+,D-,silganholdingsinc,0.010526315789473717,0.8,0.7500000000000001,20.0,0.0,0.0,0.010526315789473717,0.6923076923076923,B-,58.13920743608244,75.00000000000001,45.00000000000001,24.676536894456817,False,True,12.63227513227513
WAL,Western Alliance Bancorp,Financials,Regional Banks,81.9,9.3488,2.03505,12.2337,1.1719353675498396,17.72,69.87056,12.790000000000001,0.41207459999999996,8.23,0.5120165526022602,9.2728,17.72,69.87056,9.2728,0.5120165526022602,12.790000000000001,0.41207459999999996,8.23,78.39708747820737,72.70380274976631,54.59183673469388,24.388852315119593,6.458333333333334,57.6657620662025,0.9045226130653267,0.8793969849246231,0.5527638190954773,0.23115577889447236,A-,B+,C+,D+,westernalliancebancorp,-0.10526315789473684,0.7368421052631579,0.6979166666666666,19.0,0.0,0.0,-0.017747035573122537,0.03125,F,53.31159539953583,69.79166666666666,41.87499999999999,24.63395651963982,False,True,6.458333333333334
INTU,Intuit Inc,Information Technology,Application Software,396.31,25.2533,5.447,18.697,5.612462382722606,43.99,17.21,22.2,0.2708,16.869999999999997,0.1149397258240651,-39.5943,43.99,17.21,-39.5943,0.1149397258240651,22.2,0.2708,16.869999999999997,62.85052658292094,68.9443998297779,77.5593375065206,16.631455399061032,42.38683127572016,57.21763706812817,0.6756756756756757,0.7702702702702703,0.8175675675675675,0.10810810810810811,B-,B,B+,D,intuitinc,0.004878048780487809,0.8048780487804879,0.7771739130434783,41.0,0.0,0.0,0.004878048780487809,0.3611111111111111,C-,56.45632019570019,77.71739130434783,46.630434782608695,24.63146942071067,False,True,16.631455399061032
RMBS,Rambus Inc,Information Technology,Semiconductors,129.245,60.6459,19.7507,53.0068,10.20965155500786,27.75,27.13,18.29,0.3677,18.29,0.7064737174285456,150.4748,27.75,27.13,150.4748,0.7064737174285456,18.29,0.3677,18.29,28.130947849257712,71.40605101594724,79.61984872196139,55.40786384976525,15.17094017094017,57.30048211594727,0.25675675675675674,0.8243243243243243,0.831081081081081,0.5067567567567568,D+,B+,B+,C+,rambusinc,-0.05882352941176472,0.7647058823529411,0.7159090909090908,17.0,0.0,0.0,-0.05882352941176472,0.1111111111111111,D,53.817576133041285,71.59090909090908,42.954545454545446,24.618598873733013,True,False,15.17094017094017
FCFS,Firstcash Holdings Inc,Financials,Consumer Finance,227.68,28.1555,2.5748,16.7544,4.397769437743014,27.91,14.39,15.909999999999998,0.1568,8.21,0.9727827100708457,69.9993,27.91,14.39,69.9993,0.9645380732938337,15.909999999999998,0.1568,8.21,14.924110347656654,56.66944917164289,66.83673469387756,89.70933828076686,91.34615384615384,54.71596875086551,0.08542713567839195,0.6231155778894473,0.6733668341708543,0.9346733668341709,D-,B-,B-,A,firstcashholdingsinc,0.05494505494505497,0.7692307692307693,0.7083333333333334,13.0,0.0,0.0,0.05494505494505497,0.90625,A-,58.850584135480894,70.83333333333334,42.50000000000001,24.11396279516415,True,False,14.924110347656654
KO,Coca-Cola Co,Consumer Staples,Soft Drinks & Non-alcoholic Beverages,78.42,24.626,6.846,23.4482,10.487181887478771,27.18,5.11,43.62,0.30010000000000003,17.57,0.7849359012867801,10.1869,27.18,5.11,10.1869,0.7849359012867801,43.62,0.30010000000000003,17.57,18.816137566137566,72.0405547363653,85.71428571428572,71.39329805996474,28.571428571428577,59.81937637937183,0.078125,0.78125,0.9375,0.71875,D-,B,A,B,cocacolaco,-0.02857142857142847,0.8285714285714286,0.7937500000000001,35.0,0.0,0.0,-0.02857142857142847,0.25,D+,57.67651923651469,79.375,47.625,24.04954461737039,True,False,18.816137566137566
MYRG,MYR Group Inc,Industrials,Construction & Engineering,437.86,57.5761,1.8639,39.1605,10.291618580665785,306.93,8.79,19.650000000000002,0.045599999999999995,17.39,0.8835997705177306,182.3992,106.67149999999995,8.79,147.7577,0.8835997705177306,19.650000000000002,0.045599999999999995,17.39,29.973708692310797,73.58873335187417,55.80431177446102,82.08402432283029,6.481481481481483,57.57905665163385,0.24390243902439024,0.8292682926829268,0.5853658536585366,0.8634146341463415,D+,B+,C+,B+,myrgroupinc,-0.0714285714285714,0.7142857142857143,0.6710526315789473,14.0,0.0,0.0,-0.02121040723981904,0.025,F,53.227204799781994,67.10526315789474,40.26315789473684,23.974151245534884,True,False,6.481481481481483
NFLX,Netflix Inc,Communication Services,Movies & Entertainment,87.49,27.5469,7.8567,32.25,13.878930169104349,46.23,16.72,49.24,0.2375,32.15,0.21113178819150719,-23.5495,46.23,16.72,-23.5495,0.21113178819150719,49.24,0.2375,28.901999999999987,23.46764346764347,80.46560846560847,92.98941798941799,17.295708406819518,100.0,53.66652873875096,0.23076923076923078,0.9743589743589743,0.9743589743589743,0.10256410256410256,D+,A+,A+,D,netflixinc,0.06812255541069101,0.7796610169491526,0.76171875,59.0,0.0,0.0,0.06783137766188614,1.0,A+,58.66652873875096,76.171875,45.703125,23.76274470207392,True,True,17.295708406819518
PLMR,Palomar Holdings Inc,Financials,Property & Casualty Insurance,113.36,15.2511,3.4775,11.9763,3.1892057651027295,60.46,56.04,22.79,0.28,22.79,0.08237885462555065,-29.1544,60.46,56.04,-29.1544,0.08237885462555065,22.79,0.28,22.79,33.319659522100295,86.26420691960556,80.61224489795919,17.04081632653061,68.48958333333334,54.1439807542421,0.25125628140703515,0.9748743718592965,0.8090452261306532,0.1457286432160804,D+,A+,B+,D,palomarholdingsinc,0.01098901098901095,0.8571428571428571,0.7763157894736842,14.0,0.0,0.0,0.01098901098901095,0.65625,B-,55.99293908757544,77.63157894736842,46.578947368421055,23.735434723619232,True,True,17.04081632653061
VMC,Vulcan Materials Co,Materials,Construction Materials,283.72,34.8194,4.721,17.6243,4.346440673811669,18.37,7.06,12.740000000000002,0.2039,8.219999999999999,0.39839979679959414,5.7,18.37,7.06,5.7,0.39839979679959414,12.740000000000002,0.2039,8.219999999999999,32.498346560846564,71.60110420979987,75.66137566137566,34.96204278812974,12.087912087912093,53.35255995514148,0.328125,0.84375,0.765625,0.34375,C-,B+,B,C-,vulcanmaterialsco,-0.011083743842364546,0.6785714285714286,0.6590909090909092,28.0,0.0,0.0,-0.0044334975369458175,0.07692307692307693,D-,49.56135116393269,65.90909090909092,39.545454545454554,23.51900216786724,True,False,12.087912087912093
USPH,US Physical Therapy Inc,Health Care,Health Care Facilities,59.29,22.6516,1.1481,9.5101,1.8819414246128356,25.0,16.33,8.0,0.1108,6.03,0.03115264797507792,-16.387,25.0,16.33,-16.387,0.03115264797507792,8.0,0.1108,6.03,77.27019720101781,73.18566579994007,41.86046511627907,16.28940568475452,49.702380952380956,52.67767987626314,0.8625954198473282,0.8473282442748091,0.3816793893129771,0.1297709923664122,B+,B+,C-,D,usphysicaltherapyinc,0.0,0.8461538461538461,0.7638888888888888,13.0,0.0,0.0,0.0,0.5,C,52.647917971501236,76.38888888888889,45.83333333333333,23.459951813387555,False,True,16.28940568475452
ESI,Element Solutions Inc,Materials,Specialty Chemicals,43.9,56.0501,4.1919,21.1575,3.9837383618577467,-21.85,3.84,7.290000000000001,0.1566,4.5,0.9585062240663901,105.8134,-21.85,3.84,105.8134,0.9465967353939085,7.290000000000001,0.1566,4.5,25.677910052910054,48.76625446926738,56.61375661375661,93.33333333333334,31.891025641025646,53.992834227186805,0.15625,0.4375,0.59375,0.96875,D,C,C+,A,elementsolutionsinc,0.0,0.875,0.7976190476190476,16.0,0.0,0.0,0.0,0.19230769230769232,D,52.18193679128937,79.76190476190476,47.857142857142854,23.172822880138998,True,False,25.677910052910054
CW,Curtiss-Wright Corp,Industrials,Aerospace & Defense,729.2,55.5786,7.6929,34.8986,10.60865947105096,21.95,12.08,18.740000000000002,0.18109999999999998,13.66,0.9467376830892145,92.8947,21.95,12.08,92.8947,0.9467376830892145,18.740000000000002,0.18109999999999998,13.66,12.419204789062817,70.84294710024756,70.64676616915423,91.91265892758429,42.00000000000001,58.31761394512063,0.05365853658536585,0.775609756097561,0.7560975609756098,0.9804878048780488,D-,B,B,A+,curtisswrightcorp,0.0,0.7058823529411765,0.6704545454545455,17.0,0.0,0.0,0.0,0.325,C-,57.51761394512063,67.04545454545455,40.22727272727273,23.024751629593542,True,False,12.419204789062817
TER,Teradyne Inc,Information Technology,Semiconductor Materials & Equipment,359.77,101.6507,17.6548,86.1852,20.086090422859183,4.98,13.13,19.88,0.20379999999999998,19.189999999999998,0.8200917722432252,368.2067,4.98,13.13,368.2067,0.8200917722432252,19.88,0.20379999999999998,19.189999999999998,19.842025123715263,57.31012125551338,74.8989306207616,70.0409252903039,55.072463768115945,54.15544824528268,0.12837837837837837,0.6554054054054054,0.7702702702702703,0.7432432432432432,D,B-,B,B,teradyneinc,0.013833992094861691,0.6956521739130435,0.6696428571428571,23.0,0.0,0.0,0.013833992094861691,0.5555555555555556,C+,54.66269462209427,66.96428571428571,40.17857142857142,23.01482597910164,True,False,19.842025123715263
CPAY,Corpay Inc,Financials,Transaction & Payment Processing Services,343.99,21.264,5.0236,12.3065,6.054776195589038,7.68,13.93,27.889999999999997,0.44,8.6,0.8350893266147503,5.2022,7.68,13.93,5.2022,0.8350893266147503,27.889999999999997,0.44,8.6,18.921136293713467,46.06133147861593,87.75510204081633,59.80250164581962,37.21590909090909,52.841826208519564,0.12562814070351758,0.4221105527638191,0.8793969849246231,0.6482412060301508,D,C,B+,B-,corpayinc,0.0,0.8181818181818182,0.7685185185185185,22.0,0.0,0.0,0.0,0.265625,D+,51.56341711761047,76.85185185185185,46.11111111111111,22.4053002173723,True,False,18.921136293713467
ITRI,Itron Inc,Information Technology,Electronic Equipment & Instruments,81.87,12.0578,1.5335,11.5379,2.142806665811673,25.51,-3.02,18.490000000000002,0.1323,10.48,0.05269791256400156,-24.1031,25.51,-2.9859999999999993,-24.1031,0.05854309805993903,18.490000000000002,0.1323,10.48,89.69356680624287,37.90437333522435,60.781820552947316,15.63018230349841,24.747474747474747,53.325757967542096,0.9256756756756757,0.25675675675675674,0.6418918918918919,0.0945945945945946,A-,D+,B-,D-,itroninc,-0.032581453634085156,0.8095238095238095,0.7596153846153846,21.0,0.0,0.0,-0.032581453634085156,0.19444444444444445,D,50.80050544228957,75.96153846153845,45.57692307692307,22.32286748348622,False,True,15.63018230349841
MSCI,MSCI Inc,Financials,Financial Exchanges & Data,585.42,32.294,13.1562,24.7912,131.54027637344117,20.42,10.86,108.67,0.5536,15.49,0.6736421725239615,4.9177,20.42,10.86,4.9177,0.6736421725239615,40.677499999999995,0.5536,15.49,6.281407035175879,57.54701043637978,97.70408163265306,55.997366688610924,64.28571428571429,53.70524759195537,0.02512562814070352,0.6532663316582915,0.9773869346733668,0.5728643216080402,F,B-,A+,C+,msciinc,0.008333333333333415,0.8,0.7583333333333334,25.0,0.0,0.0,0.008333333333333415,0.59375,C+,55.1338190205268,75.83333333333334,45.50000000000001,22.282125447731264,True,False,6.281407035175879
PTCT,PTC Therapeutics Inc,Health Care,Pharmaceuticals,73.69,8.9502,3.5303,8.7302,3475.943396226415,,114.51,-351.90999999999997,0.5009,-39.77,0.7121117365019803,73.3474,,35.85799999999998,73.3474,0.7121117365019803,-43.638,0.4076999999999999,-26.982,77.54850508905852,73.16860465116278,34.62532299741602,78.26744186046511,7.3979591836734695,63.330666323944214,0.8778625954198473,0.8358778625954199,0.29770992366412213,0.7938931297709924,B+,B+,D+,B,ptctherapeuticsinc,-0.045454545454545525,0.6818181818181818,0.6574074074074073,22.0,0.0,0.0,-0.0351241101241102,0.03571428571428571,F,59.070462242311564,65.74074074074073,39.444444444444436,20.679472006026803,False,False,7.3979591836734695
MTSI,MACOM Technology Solutions Holdings Inc,Information Technology,Semiconductors,359.88,166.5483,26.4466,150.6338,20.196872930533264,,29.12,12.6,0.1523,8.77,0.9833167238919626,200.7521,,29.12,200.7521,0.9833167238919626,12.6,0.1523,8.77,15.045679482299201,68.63262910798122,55.121935315597284,83.45559467918622,53.84615384615385,52.95954845690761,0.08108108108108109,0.7635135135135135,0.581081081081081,0.9324324324324325,D-,B,C+,A,macomtechnologysolutionsholdingsinc,0.007905138339920903,0.8260869565217391,0.7767857142857143,23.0,0.0,0.0,0.007905138339920903,0.5,C,53.344163841523,77.67857142857143,46.607142857142854,16.876988793444113,True,False,15.045679482299201
PRG,PROG Holdings Inc,Financials,Consumer Finance,36.34,9.9189,0.6043,0.9566,1.9267884032152025,-21.11,-2.2,21.17,0.0858,11.4,0.6871945259042035,30.3443,-21.11,-2.2,30.3443,0.6871945259042035,21.17,0.0858,11.4,63.36914162649984,13.78019761799847,78.06122448979592,57.11811997526283,41.105769230769226,54.5372550477262,0.6733668341708543,0.05527638190954774,0.7839195979899497,0.6080402010050251,B-,D-,B,B-,progholdingsinc,0.0,0.75,0.6911764705882353,12.0,0.0,0.0,0.0,0.515625,C+,53.64783197080312,69.11764705882352,41.47058823529411,12.80309580592533,False,False,13.78019761799847
IDCC,InterDigital Inc,Information Technology,Communications Equipment,279.61,19.7246,8.718,14.1731,6.522246222317602,-15.71,1.65,33.37,0.4962,23.630000000000003,0.3569770815201625,31.9102,-15.71,1.65,31.9102,0.3569770815201625,33.37,0.4248699999999999,23.630000000000003,66.89823626443344,18.23936472738427,89.56540166927489,32.137128325508606,38.16425120772947,54.19120809400566,0.7162162162162162,0.0472972972972973,0.9324324324324325,0.25675675675675674,B,F,A,D+,interdigitalinc,0.0,0.9090909090909091,0.796875,11.0,0.0,0.0,0.0,0.3333333333333333,C-,53.00763321477861,79.6875,47.8125,12.711240256081004,False,True,18.23936472738427
KTB,Kontoor Brands Inc,Consumer Discretionary,"Apparel, Accessories & Luxury Goods",73.65,17.8915,1.2909,12.8927,7.202370474681689,-6.73,20.9,45.050000000000004,0.10679999999999999,13.77,0.6008968609865473,6.4614,-6.73,20.9,6.4614,0.6008968609865473,45.050000000000004,0.10679999999999999,13.77,49.79865771812081,72.02696058974027,65.05747126436782,46.330049261083744,11.03896103896104,57.38543421578696,0.5100671140939598,0.785234899328859,0.6577181208053692,0.4161073825503356,C+,B,B-,C,kontoorbrandsinc,-0.05769230769230771,0.6923076923076923,0.6527777777777778,13.0,0.0,0.0,-0.03125,0.07142857142857142,D-,53.48933031968306,65.27777777777779,39.16666666666667,12.656199397269948,False,False,11.03896103896104
POST,Post Holdings Inc,Consumer Staples,Packaged Foods & Meats,102.05,15.332,0.5855,11.9153,1.435677969201507,-11.33,5.38,8.49,0.0964,2.8899999999999997,0.34211663066954645,-7.947,-11.33,5.38,-7.947,0.34211663066954645,8.49,0.0964,2.8899999999999997,67.48511904761905,57.63726255529535,33.333333333333336,62.51322751322752,11.594202898550723,54.234711108942676,0.734375,0.609375,0.25,0.59375,B,B-,D+,C+,postholdingsinc,-0.06666666666666665,0.8,0.7375,15.0,0.0,0.0,-0.04847826086956522,0.08333333333333333,D-,50.39413139879775,73.75,44.25,12.29132627975955,False,False,11.594202898550723
WM,Waste Management Inc,Industrials,Environmental & Facilities Services,215.37,31.9377,3.4315,15.1847,8.686831204346442,-1.6,14.24,28.99,0.1709,8.24,0.39355794150314694,-7.6181,-1.6,14.24,-7.6181,0.39355794150314694,28.99,0.1709,8.24,43.61121223152529,61.71587713605884,68.24212271973467,38.39729921819474,13.636363636363638,52.985969008665705,0.43902439024390244,0.6585365853658537,0.7219512195121951,0.33658536585365856,C,B-,B,C-,wastemanagementinc,-0.018893387314439902,0.717948717948718,0.6988636363636364,39.0,0.0,0.0,-0.018893387314439902,0.1,D-,49.34960537230207,69.88636363636364,41.93181818181818,11.966511983551325,False,False,13.636363636363638
BRBR,Bellring Brands Inc,Consumer Staples,Packaged Foods & Meats,10.31,6.551,0.5165,6.868,,-31.29,10.59,23.66314,0.1381,29.95204,0.01894955438262526,-83.3279,-31.29,10.59,-41.132799999999996,0.0202064614085461,23.66314,0.1381,29.504835999999994,88.50859788359787,57.94807297539538,75.39682539682539,7.760141093474426,23.188405797101446,59.11799863387978,0.984375,0.625,0.8515625,0.015625,A+,B-,B+,F,bellringbrandsinc,-0.03359683794466406,0.7391304347826086,0.7053571428571428,23.0,0.0,0.0,-0.03359683794466406,0.16666666666666666,D,56.43683921358992,70.53571428571428,42.32142857142856,11.49763774990295,False,True,7.760141093474426
SNEX,StoneX Group Inc,Financials,Investment Banking & Brokerage,121.92,26.8548,0.0673,50.4538,4.014395453512761,-40.92,32.54,16.43,0.33,1.8800000000000001,0.9513145082765336,108.2679,-40.92,32.54,70.7628,0.9513145082765336,16.43,0.33,1.8800000000000001,16.443185314326737,40.07372741285494,70.40816326530613,96.1156462585034,37.21590909090909,53.95071187917989,0.09547738693467336,0.34673366834170855,0.7085427135678392,0.9798994974874372,D-,C-,B,A+,stonexgroupinc,0.0,0.875,0.7500000000000001,8.0,0.0,0.0,0.0,0.265625,D+,52.6723027882708,75.00000000000001,45.00000000000001,11.15749340377179,True,False,16.443185314326737
POWL,Powell Industries Inc,Industrials,Electrical Components & Equipment,309.39,60.1556,10.1175,47.1087,17.484106128676782,-41.75,5.12,30.64,0.20199999999999999,30.64,0.9389899883843132,421.561,-41.75,5.12,147.7577,0.9389899883843132,30.64,0.20199999999999999,28.27,9.625854467499899,35.330158303932606,89.38640132669984,89.15091210613598,18.181818181818183,54.64927803056365,0.03902439024390244,0.24390243902439024,0.9609756097560975,0.9463414634146341,F,D+,A,A,powellindustriesinc,-0.007692307692307665,0.6923076923076923,0.6527777777777778,13.0,0.0,0.0,-0.007692307692307665,0.15,D,51.46745984874547,65.27777777777779,39.16666666666667,10.346815880956807,True,False,9.625854467499899
EPAM,Epam Systems Inc,Information Technology,IT Consulting & Other Services,99.23,13.8612,0.9593,6.1147,1.4645845940401163,-14.17,15.42,10.27,0.0953,10.2,0.0037973660822493245,-44.7833,-14.17,15.42,-44.66056999999999,0.05854309805993903,10.27,0.0953,10.2,94.5660449181576,47.35178954971394,49.80112154407929,9.731852654387865,8.333333333333334,52.50852005637958,0.9662162162162162,0.44594594594594594,0.49324324324324326,0.0472972972972973,A,C,C,F,epamsystemsinc,-0.07692307692307698,0.6923076923076923,0.6693548387096775,26.0,0.0,0.0,-0.06197478991596639,0.05555555555555555,D-,48.34185338971292,66.93548387096774,40.16129032258065,10.201101828334188,False,True,8.333333333333334
