Ticker,Name,Sector,SubIndustry,Price,PE_Rank,PS_Rank,EV_EBITDA_Used,PB_Ratio,EPS_Growth,Rev_Growth,ROE,Op_Margin,ROIC,Mom_Range,Mom_12M,EPS_Growth_Win,Rev_Growth_Win,Mom_12M_Win,Mom_Range_Win,ROE_Win,Op_Margin_Win,ROIC_Win,Value_S,Growth_S,Prof_S,Mom_S,Rev_S,Fundamental_Score,Value_Pct,Growth_Pct,Prof_Pct,Mom_Pct,Value_Grade,Growth_Grade,Prof_Grade,Mom_Grade,Name_Key
UNIT,Uniti Group Inc (Delaware),Communication Services,Alternative Carriers,11.77,2.1567,1.2593,5.046,7.242185577159734,807.23,91.48,245.66,0.7885,13.11,0.9410635326972305,43.8875,570.9259999999986,22.091999999999985,43.8875,0.9410635326972305,42.00799999999998,0.41657500000000003,13.11,85.4826254826255,98.62130623000188,92.3941798941799,83.61628709454797,50.0,85.91672000911133,0.9459459459459459,1.0,0.918918918918919,0.8378378378378378,A,A+,A-,B+,unitigroupincdelaware
EIX,Edison International,Utilities,Electric Utilities,69.88,5.6978,1.3866,6.327,1.5296049031410746,206.15,9.78,27.639999999999997,0.36719999999999997,8.42,0.7776022467965593,28.0792,116.81250000000004,9.78,28.0792,0.7776022467965593,23.937999999999988,0.36719999999999997,8.42,96.42237982663515,76.48277648277649,94.07407407407408,80.51282051282051,50.0,84.02323287429671,1.0,0.8723404255319149,0.9893617021276596,0.8936170212765957,A+,B+,A+,B+,edisoninternational
MU,Micron Technology Inc,Information Technology,Semiconductors,542.21,24.8641,10.315,16.3286,11.231600359603442,412.05,85.55,40.839999999999996,0.48340000000000005,33.46,0.9920985756080895,597.1969,241.37,48.17399999999999,507.97907999999893,0.9917693008065369,40.839999999999996,0.44785,33.46,55.963734840456844,97.22345190182722,91.39739543979732,96.80140886080198,50.0,80.64525472258939,0.5986842105263158,1.0,0.9539473684210527,0.993421052631579,C+,A+,A,A+,microntechnologyinc
SON,Sonoco Products Co,Materials,Paper & Plastic Packaging Products & Materials,50.06,4.8778,0.6621,6.298,1.366292478295164,562.04,17.49,29.580000000000002,0.136,12.19,0.5765538150581103,15.7189,562.04,17.49,15.7189,0.5765538150581103,29.5,0.136,12.19,91.53439153439153,92.94685990338165,88.62433862433863,48.9015873015873,50.0,78.40937198067633,0.9603174603174603,0.9841269841269841,0.9523809523809523,0.47619047619047616,A,A+,A,C,sonocoproductsco
MLI,Mueller Industries Inc,Industrials,Industrial Machinery & Supplies & Components,133.03,17.4296,3.3763,11.8841,4.607594235225253,39.47,11.54,27.029999999999998,0.24239999999999998,27.029999999999998,0.901510663507109,81.0425,39.47,11.54,81.0425,0.901510663507109,27.029999999999998,0.24239999999999998,26.983999999999988,63.95332153618059,88.01286646787516,88.66995073891626,83.30928923293456,50.0,77.42024920893616,0.7427184466019418,0.9757281553398058,0.9611650485436893,0.8689320388349514,B,A+,A,B+,muellerindustriesinc
INVA,Innoviva Inc,Health Care,Pharmaceuticals,23.11,6.3129,4.1617,7.978,1.4706537440897027,3397.08,14.67,30.599999999999998,0.3981,21.88,0.7640579710144927,23.9142,1389.2,14.67,23.9142,0.7640579710144927,30.599999999999998,0.3981,21.88,77.24466891133558,86.99955333879252,86.71679197994986,67.14285714285714,50.0,76.81884731915129,0.8666666666666667,0.9629629629629629,0.9185185185185185,0.6814814814814815,B+,A,A-,B-,innovivainc
INCY,Incyte Corp,Health Care,Biotechnology,96.91,14.9699,3.7464,10.3463,3.7218823330606536,2749.07,21.22,29.15,0.29460000000000003,28.910000000000004,0.7179016874541451,56.2309,1389.2,21.22,56.2309,0.7179016874541451,29.15,0.29460000000000003,28.910000000000004,71.75084175084174,85.80225315764659,85.71428571428571,75.80284043441938,50.0,76.68730058469507,0.8296296296296296,0.9481481481481482,0.9074074074074074,0.7925925925925926,B+,A,A-,B,incytecorp
WDC,Western Digital Corp,Information Technology,"Technology Hardware, Storage & Peripherals",431.52,22.1614,12.2521,37.9683,27.028449021007926,269.21,32.04,90.82000000000001,0.29460000000000003,58.78,0.9625328767803086,881.843,241.37,32.04,507.97907999999893,0.9625328767803086,90.82000000000001,0.29460000000000003,53.78399999999993,43.896444130460374,92.3942862777518,91.46110197490259,91.57370486307329,50.0,75.63298475450577,0.46710526315789475,0.9802631578947368,0.9605263157894737,0.9802631578947368,C,A+,A,A+,westerndigitalcorp
JOE,St Joe Co,Real Estate,Real Estate Development,61.74,30.5504,6.8825,20.4515,4.636597125219664,57.0,27.44,15.45,0.2849,8.62,0.6268184693232131,43.448,54.666,25.9125,43.448,0.6268184693232131,14.995,0.239875,8.5125,38.88888888888889,100.0,100.0,77.77777777777777,50.0,75.27777777777777,0.6666666666666666,1.0,1.0,0.8333333333333334,B-,A+,A+,B+,stjoeco
NEM,Newmont Corporation,Materials,Gold,108.62,16.3666,5.1152,8.4803,3.492694345835263,118.49,21.34,21.72,0.47909999999999997,18.02,0.6968017549936498,110.9536,118.49,21.34,110.9536,0.6968017549936498,21.72,0.24867999999999998,14.592999999999996,55.555555555555564,87.20277307233829,93.65079365079366,77.4891774891775,50.0,75.23997741389046,0.6349206349206349,0.9365079365079365,0.9841269841269841,0.7777777777777778,B-,A,A+,B,newmontcorporation
APA,APA Corp (US),Energy,Oil & Gas Exploration & Production,40.13,9.8898,1.5899,3.3578,2.324705718787654,77.13,-8.39,24.51,0.3422,13.56,0.8184498307610992,147.4106,77.13,-8.39,147.4106,0.8184498307610992,24.21,0.3422,13.56,85.79082226880969,53.97601165481815,91.1949685534591,75.8684083212385,50.0,75.21533170077853,0.9814814814814815,0.5740740740740741,1.0,0.8148148148148148,A+,C+,A+,B+,apacorpus
KALU,Kaiser Aluminum Corp,Materials,Aluminum,173.72,18.4743,0.7654,10.1473,4.185923230765524,242.59,20.84,18.68,0.0674,8.16,0.9342606957847958,160.8408,242.59,20.84,160.8408,0.9342606957847958,18.68,0.0674,8.16,74.6031746031746,91.7184265010352,59.78835978835979,91.34199134199135,50.0,75.20996716648891,0.8412698412698413,0.9682539682539683,0.6111111111111112,0.9841269841269841,B+,A,B-,A+,kaiseraluminumcorp
ECPG,Encore Capital Group Inc,Financials,Consumer Finance,83.3,6.8949,1.0012,8.5232,1.849614978106598,13.54,33.12,28.189999999999998,0.35340000000000005,5.3100000000000005,0.960112888052681,142.0105,13.54,33.12,72.80332,0.960112888052681,28.189999999999998,0.35340000000000005,5.3100000000000005,70.3948664893093,57.18769172506023,89.44723618090453,92.45760050251256,50.0,74.88958411306801,0.7794117647058824,0.6323529411764706,0.8970588235294118,0.9656862745098039,B,B-,B+,A,encorecapitalgroupinc
BYD,Boyd Gaming Corp,Consumer Discretionary,Casinos & Gaming,84.5,3.4615,1.5521,2.8911,2.4738923842174447,272.31,3.45,91.96,0.1734,38.72,0.7397521448999048,22.1628,202.9259999999997,3.45,22.1628,0.7397521448999048,91.96,0.1734,38.72,79.86117495632986,73.54352698848152,88.12785388127854,64.53471894189892,50.0,74.61290639547818,0.8791946308724832,0.8187919463087249,0.9664429530201343,0.6241610738255033,B+,B+,A,B-,boydgamingcorp
INDV,"Indivior Pharmaceuticals, Inc",Health Care,Pharmaceuticals,37.66,21.8647,3.7029,17.3367,100.77602354830077,7022.71,4.38,159.06,0.2113,29.4,0.9197005784280365,226.0606,1389.2,4.38,103.34951999999993,0.9197005784280365,97.80199999999995,0.2113,29.4,55.19640852974186,70.41120747413088,89.22305764411027,96.21992481203007,50.0,74.43109300069523,0.6296296296296297,0.7777777777777778,0.9481481481481482,0.9777777777777777,B-,B,A,A+,indiviorpharmaceuticalsinc
ADEA,Adeia Inc,Information Technology,IT Consulting & Other Services,33.0,32.8897,8.2394,16.8074,7.485199718737951,72.59,17.91,26.340000000000003,0.3947,12.870000000000001,0.9823191733639496,166.9903,72.59,17.91,166.9903,0.9823191733639496,26.340000000000003,0.3947,12.870000000000001,53.3144942894148,81.70913132017463,79.45390165488836,89.87256576482764,50.0,72.50843840307624,0.5723684210526315,0.9013157894736842,0.8223684210526315,0.9605263157894737,C+,A-,B+,A,adeiainc
TMP,Tompkins Financial Corp,Financials,Regional Banks,84.55,7.4734,3.46671,5.5722,1.2925505975084577,126.16,16.23686,19.939999999999998,0.08044029999999999,17.62,0.9151643690349945,40.8228,95.6,16.23686,40.8228,0.9151643690349945,19.939999999999998,0.08044029999999999,17.62,77.45467533747167,55.319207669800484,77.88944723618091,87.80418948675964,50.0,72.46071007472517,0.8921568627450981,0.5735294117647058,0.7843137254901961,0.8970588235294118,B+,C+,B,B+,tompkinsfinancialcorp
DAL,Delta Air Lines Inc,Industrials,Passenger Airlines,68.98,10.3208,0.7089,6.8538,2.1703562933410523,21.36,5.24,23.14,0.08779999999999999,13.209999999999999,0.7879828326180258,66.2169,21.36,5.24,66.2169,0.7879828326180258,23.14,0.08779999999999999,13.209999999999999,93.02054936470738,66.96557943268535,58.78489326765189,79.05214880244606,50.0,72.1549063051161,0.9757281553398058,0.7330097087378641,0.6067961165048543,0.8106796116504854,A+,B,B-,B+,deltaairlinesinc
ALL,Allstate Corp,Financials,Property & Casualty Insurance,216.59,5.4423,0.8267,4.5532,1.8397054976267893,121.66,5.58,39.47,0.19440000000000002,30.25,0.8610691633947449,9.8104,95.6,5.58,9.8104,0.8610691633947449,39.47,0.19440000000000002,27.17999999999999,72.87047985023156,60.03168484469906,94.47236180904522,66.29558046643474,50.0,72.10116347704596,0.8480392156862745,0.6911764705882353,0.946078431372549,0.7205882352941176,B+,B-,A,B,allstatecorp
NLY,Annaly Capital Management Inc,Financials,Mortgage REITs,22.82,7.6507,2.2413,60.4515,1.0026317986300588,175.07,36.03,14.41,0.2942,1.7500000000000002,0.7209271784096133,17.5077,95.6,36.03,17.5077,0.7209271784096133,14.41,0.2942,1.7500000000000002,89.77239136860774,84.51986075559293,60.30150753768844,62.646566164154116,50.0,71.95176011052345,0.9803921568627451,0.9656862745098039,0.6127450980392157,0.6666666666666666,A+,A,B-,B-,annalycapitalmanagementinc
AL,Air Lease Corp,Industrials,Passenger Airlines,65.0,6.6909,2.4148,7.6199,0.8594961765643162,153.5,10.32,13.23,0.7495,3.85,1.0,54.5779,107.05100000000004,10.32,54.5779,0.9872267261247282,13.23,0.29964999999999986,3.85,78.93092288807053,86.84048208472683,54.1871921182266,80.4756242568371,50.0,71.74275001988707,0.8543689320388349,0.9563106796116505,0.5533980582524272,0.8300970873786407,B+,A,C+,B+,airleasecorp
SNDK,Sandisk Corp,Information Technology,"Technology Hardware, Storage & Peripherals",1187.0,38.8734,13.289,31.9961,18.804466813363685,,82.76,42.33,0.4073,38.86,0.9980635568311491,3542.2214,,48.17399999999999,507.97907999999893,0.9917693008065369,42.33,0.4073,38.86,38.453726598375134,74.16107382550335,90.41290724032179,97.25960836354632,50.0,71.50079489748417,0.3815789473684211,0.8618421052631579,0.9342105263157895,1.0,C-,B+,A,A+,sandiskcorp
FTDR,Frontdoor Inc,Consumer Discretionary,Specialized Consumer Services,68.8,19.07,2.3041,10.7346,20.172995161999708,11.97,13.68,100.2,0.16140000000000002,17.62,0.921980198019802,47.8616,11.97,13.68,47.8616,0.910355871419793,100.2,0.16140000000000002,17.62,50.75388434310931,75.79555507990868,81.39269406392692,90.68493150684931,50.0,71.33274191911066,0.5234899328859061,0.8322147651006712,0.8926174496644296,0.9362416107382551,C+,B+,B+,A,frontdoorinc
CUBI,Customers Bancorp Inc,Financials,Regional Banks,77.08,9.0724,1.99781,7.35,1.2457756278576635,85.8,55.59768,13.62,0.3985504,11.78,0.834840265220012,53.7602,85.8,55.59768,53.7602,0.834840265220012,13.62,0.3985504,11.78,78.50280815843925,79.21244701712288,56.28140703517588,83.75585794139235,50.0,71.28971479010683,0.9068627450980392,0.9411764705882353,0.5735294117647058,0.8725490196078431,A-,A,C+,B+,customersbancorpinc
SEE,Sealed Air Corp,Materials,Paper & Plastic Packaging Products & Materials,42.15,12.2884,1.159,12.7091,5.0155285046228535,88.84,-0.61,48.39,0.134,9.58,0.877385772122614,74.6065,88.84,-0.61,74.6065,0.877385772122614,29.5,0.134,9.58,71.42857142857143,57.64665286404417,80.68783068783068,83.49206349206348,50.0,71.25684380032206,0.8095238095238095,0.6031746031746031,0.873015873015873,0.8412698412698413,B+,B-,B+,B+,sealedaircorp
DELL,Dell Technologies Inc,Information Technology,"Technology Hardware, Storage & Peripherals",210.17,23.1217,1.2089,14.7533,54.83887801696021,33.09,18.8,130.7,0.0739,13.700000000000001,0.9126512990517308,128.5699,33.09,18.8,128.5699,0.9126512990517308,109.87799999999994,0.0739,13.700000000000001,80.33674791004356,72.18399383591573,69.73569195667956,71.50705110703333,50.0,71.2563189552706,0.8486842105263158,0.8355263157894737,0.7171052631578947,0.743421052631579,B+,B+,B,B,delltechnologiesinc
OII,Oceaneering International Inc,Energy,Oil & Gas Equipment & Services,37.07,11.0177,1.3349,9.1743,3.4404031591940525,88.33,2.39,34.53,0.10310000000000001,23.09,0.863687150837989,98.7668,88.33,2.39,98.7668,0.863687150837989,24.21,0.10310000000000001,14.238,70.67318891218261,78.36717434075499,79.87421383647798,63.301886792452834,50.0,70.9706629138067,0.8703703703703703,0.8888888888888888,0.8148148148148148,0.6111111111111112,B+,B+,B+,B-,oceaneeringinternationalinc
GEF,Greif Inc,Materials,"Metal, Glass & Plastic Containers",66.83,3.3793,0.8063,6.1542,1.089059054932054,211.66,-17.63,39.51,0.1075,22.41,0.5994560994560993,27.4166,211.66,-17.278,27.4166,0.5994560994560993,29.5,0.1075,14.592999999999996,89.94708994708994,49.207786979526105,84.65608465608466,60.767195767195766,50.0,70.64579020013802,0.9365079365079365,0.49206349206349204,0.9206349206349206,0.6031746031746031,A,C,A-,B-,greifinc
APP,Applovin Corp,Information Technology,Application Software,460.0,46.3983,26.6425,38.5168,72.90246917493423,114.67,45.98,249.2,0.6847,68.05,0.3907766472558179,64.5855,114.67,45.98,64.5855,0.3907766472558179,109.87799999999994,0.44785,53.78399999999993,29.413929118097254,90.60288089315222,97.66137754270558,75.56877580303359,50.0,70.00315800443786,0.2565789473684211,0.9736842105263158,0.9967105263157895,0.8223684210526315,D+,A+,A+,B+,applovincorp
JBSS,John B Sanfilippo & Son Inc,Consumer Staples,Packaged Foods & Meats,79.65,13.7965,0.849,10.2507,2.570565492135006,43.93,2.21,19.54,0.0886,16.18,0.7938530734632684,26.6497,43.93,2.21,26.6497,0.7938530734632684,19.54,0.0886,16.18,73.93753200204813,71.23958545011176,59.67741935483871,86.7131647776809,50.0,69.99428788478025,0.8253968253968254,0.7619047619047619,0.6031746031746031,0.873015873015873,B+,B,B-,B+,johnbsanfilipposoninc
DVN,Devon Energy Corp,Energy,Oil & Gas Exploration & Production,50.56,11.8312,1.8186,5.0968,2.025267779175312,-8.62,7.83,17.47,0.22949999999999998,11.110000000000001,0.9065623641894829,62.2593,-8.62,7.83,62.2593,0.9065623641894829,17.47,0.22949999999999998,11.110000000000001,77.73119030980666,61.56310730685457,79.87421383647799,64.20899854862118,50.0,69.55577220766632,0.9629629629629629,0.6851851851851852,0.8333333333333334,0.6296296296296297,A,B-,B+,B-,devonenergycorp
BFH,Bread Financial Holdings Inc,Financials,Consumer Finance,85.34,6.6181,0.7638,11.686,1.1311971283976343,96.57,-3.91,16.12,0.1365,2.4699999999999998,0.7358743535721127,78.5729,95.6,-3.91,72.80332,0.7358743535721127,16.12,0.1365,2.4699999999999998,85.96043945216277,51.749868162093414,67.8391959798995,78.53800251256281,50.0,69.50748299294682,0.9558823529411765,0.5098039215686274,0.6862745098039216,0.8284313725490197,A,C+,B-,B+,breadfinancialholdingsinc
HCA,HCA Healthcare Inc,Health Care,Health Care Facilities,433.09,14.1401,1.2576,9.1757,256.99620223118916,29.19,6.71,695.73,0.1567,9.06,0.4551033021366766,26.2506,29.19,6.71,26.2506,0.4551033021366766,97.80199999999995,0.1567,9.06,85.10662177328844,59.37529681150641,71.17794486215539,67.52398236971739,50.0,69.45099749510572,0.9333333333333333,0.6888888888888889,0.7481481481481481,0.6962962962962963,A,B-,B,B-,hcahealthcareinc
MEDP,Medpace Holdings Inc,Health Care,Life Sciences Tools & Services,417.54,25.9011,4.4524,19.1552,25.740865180107146,21.3,24.19,120.89000000000001,0.2102,120.89000000000001,0.38698956398421774,38.1439,21.3,24.19,38.1439,0.38698956398421774,97.80199999999995,0.2102,29.947999999999997,45.75757575757575,83.64039152165151,90.22556390977444,68.62846772102671,50.0,69.44955676537319,0.43703703703703706,0.9259259259259259,0.9629629629629629,0.7111111111111111,C,A-,A,B,medpaceholdingsinc
MCY,Mercury General Corp,Financials,Property & Casualty Insurance,96.27,9.9575,0.8991,6.0564,2.2059126800452775,15.61,9.44,25.650000000000002,0.1155,20.16,0.9178156551948755,73.8981,15.61,9.44,72.80332,0.9178156551948755,25.650000000000002,0.1155,20.16,58.72746083357966,43.75248286990994,86.4321608040201,96.7272258729545,50.0,69.38584715797283,0.5882352941176471,0.38235294117647056,0.8676470588235294,0.9950980392156863,C+,C-,B+,A+,mercurygeneralcorp
CPRX,Catalyst Pharmaceuticals Inc,Health Care,Biotechnology,28.74,16.3933,5.9653,8.7359,3.689771603908025,28.29,19.78,24.32,0.43770000000000003,24.32,0.7172464840858621,18.4178,28.29,19.78,18.4178,0.7172464840858621,24.32,0.43686,24.32,64.8821548821549,67.98125677229378,88.2205513784461,62.29908103592315,50.0,69.33174412679364,0.7333333333333333,0.7481481481481481,0.9333333333333333,0.6370370370370371,B,B,A,B-,catalystpharmaceuticalsinc
JLL,Jones Lang LaSalle Inc,Real Estate,Real Estate Services,315.24,18.5391,0.5623,11.5548,1.9724875405538158,45.33,11.45,11.09,0.042,8.19,0.6837301587301587,37.3655,45.33,11.45,37.3655,0.6837301587301587,11.09,0.042,8.19,83.33333333333334,67.66666666666667,60.0,74.66666666666667,50.0,69.30000000000001,1.0,0.8333333333333334,0.75,0.6666666666666666,A+,B+,B,B-,joneslanglasalleinc
PRDO,Perdoceo Education Corp,Consumer Discretionary,Education Services,33.64,13.1901,2.493,8.4229,2.1613980981752765,10.81,24.2,16.3,0.23170000000000002,16.08,0.6442166910688141,33.6512,10.81,22.7775,33.6512,0.6442166910688141,16.3,0.23170000000000002,16.08,61.84456498421746,82.25105374077977,69.17808219178083,74.54162276080085,50.0,69.1141970943157,0.6845637583892618,0.8926174496644296,0.7214765100671141,0.7718120805369127,B-,B+,B,B,perdoceoeducationcorp
THC,Tenet Healthcare Corp,Health Care,Health Care Facilities,183.27,9.4394,0.7351,5.7013,3.776232421573173,27.35,6.57,40.550000000000004,0.1764,9.8,0.40206276190146667,26.1408,27.35,6.57,26.1408,0.40206276190146667,40.550000000000004,0.1764,9.8,92.8226711560045,54.02681764157748,70.42606516290726,62.31267824734249,50.0,69.08008325751194,0.9925925925925926,0.5703703703703704,0.725925925925926,0.6444444444444445,A+,C+,B,B-,tenethealthcarecorp
EAT,Brinker International Inc,Consumer Discretionary,Restaurants,148.14,19.2887,1.5101,11.5866,17.77367183375726,58.84,15.07,121.26999999999998,0.1003,51.9,0.5510060698202088,13.91,58.84,15.07,13.91,0.5510060698202088,121.26999999999998,0.1003,41.1625,52.48843124636082,87.43884540117418,81.62100456621005,64.91585127201566,50.0,68.99829828778068,0.5570469798657718,0.9530201342281879,0.8993288590604027,0.6308724832214765,C+,A,B+,B-,brinkerinternationalinc
SWX,Southwest Gas Holdings Inc,Utilities,Gas Utilities,93.2,15.3342,3.4758,10.5251,1.6993499803991285,120.15,-21.61,11.62,0.25329999999999997,5.52,0.9554545454545457,27.1487,116.81250000000004,-20.392,27.1487,0.9554545454545457,11.62,0.25329999999999997,5.52,70.63829787234043,51.73026561915451,72.22222222222221,89.13580246913581,50.0,68.88834364129873,0.7659574468085106,0.5106382978723404,0.8723404255319149,0.9361702127659575,B,C+,B+,A,southwestgasholdingsinc
SYF,Synchrony Financial,Financials,Consumer Finance,75.76,7.1106,0.73096,8.2843,1.5679781443384317,32.06,20.4839,21.41,0.1839285,11.14,0.6488529014844806,44.8289,32.06,20.4839,44.8289,0.6488529014844806,21.41,0.1839285,11.14,73.16484382697803,65.30219100813775,80.40201005025126,61.529522613065325,50.0,68.75805619354794,0.8578431372549019,0.8137254901960784,0.8088235294117647,0.6519607843137255,B+,B+,B+,B-,synchronyfinancial
TRV,Travelers Companies Inc,Financials,Property & Casualty Insurance,304.72,8.5992,1.336,7.0022,2.014853527712832,82.92,4.11,24.14,0.20199999999999999,18.790000000000003,0.86860628812764,16.55,82.92,4.11,16.55,0.86860628812764,24.14,0.20199999999999999,18.790000000000003,64.66523795447827,54.77313760784217,84.42211055276381,77.28900914830564,50.0,68.68426647804009,0.6862745098039216,0.553921568627451,0.8480392156862745,0.8186274509803921,B-,C+,B+,B+,travelerscompaniesinc
GMED,Globus Medical Inc,Health Care,Health Care Equipment,91.34,22.5294,4.1232,16.1202,2.6974109697862807,428.44,16.65,12.4,0.20329999999999998,12.389999999999999,0.7972584790606261,28.4489,428.44,16.65,28.4489,0.7972584790606261,12.4,0.20329999999999998,12.389999999999999,55.0,86.98419315615772,63.78446115288221,82.65864661654135,50.0,68.62468324276037,0.6148148148148148,0.9555555555555556,0.6814814814814815,0.8666666666666667,B-,A,B-,B+,globusmedicalinc
AEP,American Electric Power Company Inc,Utilities,Electric Utilities,136.91,20.7875,3.4857,13.8494,2.3752025453927215,19.33,10.98,12.04,0.2491,4.66,0.9614915915184009,27.3108,19.33,10.98,27.3108,0.9588084374641752,12.04,0.2491,4.66,48.82584712371946,78.95622895622895,69.62962962962963,90.48433048433048,50.0,68.50198107644916,0.5531914893617021,0.8936170212765957,0.8297872340425532,0.9574468085106383,C+,B+,B+,A,americanelectricpowercompanyinc
LRCX,Lam Research Corp,Information Technology,Semiconductor Materials & Equipment,256.72,47.7059,14.7599,40.475,33.02799505969535,47.61,26.53,65.79,0.34259999999999996,46.29,0.9064762277440817,257.8977,47.61,26.53,257.8977,0.9064762277440817,65.79,0.34259999999999996,46.29,30.049746850347343,85.07369560642495,90.88403929063514,81.25121676743056,50.0,68.49842901001672,0.27631578947368424,0.9407894736842105,0.9473684210526315,0.881578947368421,D+,A,A,B+,lamresearchcorp
GOOG,Alphabet Inc,Communication Services,Interactive Media & Services,383.22,29.0499,11.0155,31.7799,11.15519524939235,48.51,17.45,38.98,0.32689999999999997,35.11,0.9851833249623306,139.1135,48.51,17.45,139.1135,0.9741506208222325,38.98,0.32689999999999997,35.11,20.553410553410554,78.31632653061223,92.47354497354497,96.59297052154196,50.0,68.23859829216973,0.17567567567567569,0.9324324324324325,0.9594594594594594,0.9864864864864865,D,A,A,A+,alphabetinc
ENVA,Enova International Inc,Financials,Consumer Finance,170.93,13.433,2.2634,10.9828,3.160442421261662,56.49,19.67,24.45,0.4035,5.7700000000000005,0.9344206204379563,86.6048,56.49,19.67,72.80332,0.9344206204379563,24.45,0.4035,5.7700000000000005,40.46088284560055,69.43331134598748,84.92462311557789,89.82569095477388,50.0,68.19817695044688,0.3431372549019608,0.8627450980392157,0.8529411764705882,0.9215686274509803,C-,B+,B+,A-,enovainternationalinc
HCI,Hci Group Inc,Financials,Property & Casualty Insurance,152.3,6.7505,2.2407,1.9489,1.9006329619424145,74.84,20.1,38.04,0.4866,33.550000000000004,0.21489275596924332,4.7744,74.84,20.1,4.7744,0.21489275596924332,38.04,0.4866,27.17999999999999,69.13242684008277,78.00019725973354,93.96984924623115,33.75595928359748,50.0,68.12680033024469,0.7647058823529411,0.9264705882352942,0.9411764705882353,0.3137254901960784,B,A-,A,C-,hcigroupinc
MD,Pediatrix Medical Group Inc,Health Care,Health Care Services,22.75,11.4496,0.9894,8.4109,2.18016291327264,34.98,-4.92,19.580000000000002,0.12,11.41,0.8296577946768062,78.5714,34.98,-4.92,78.5714,0.8296577946768062,19.580000000000002,0.12,11.41,88.83838383838383,40.027309022948195,59.14786967418547,90.2770083102493,50.0,68.05742684478183,0.9555555555555556,0.34074074074074073,0.6296296296296297,0.9185185185185185,A,C-,B-,A-,pediatrixmedicalgroupinc
EWBC,East West Bancorp Inc,Financials,Regional Banks,125.82,12.3542,3.27879,9.0697,1.9451366944734743,19.47,74.7411,16.06,0.5797675999999999,15.740000000000002,0.960112954465231,44.8371,19.47,74.7411,44.8371,0.960112954465231,16.06,0.5797675999999999,15.740000000000002,51.460735047787956,73.3081552651962,67.33668341708542,92.32567331037208,50.0,67.826120331332,0.5049019607843137,0.8872549019607843,0.6813725490196079,0.9607843137254902,C+,B+,B-,A,eastwestbancorpinc
ASB,Associated Banc-Corp,Financials,Regional Banks,28.18,9.8616,2.01062,8.8882,0.9400979463296815,232.68,90.85232,9.83,0.359242,8.34,0.8223552894211575,25.4117,95.6,85.8019475,25.4117,0.8223552894211575,9.83,0.359242,8.34,88.35106907084442,96.85931208365905,36.4321608040201,60.23375303483711,50.0,67.61442049241536,0.9705882352941176,1.0,0.3553921568627451,0.6372549019607843,A+,A+,C-,B-,associatedbanccorp
CCL,Carnival Corp,Consumer Discretionary,"Hotels, Resorts & Cruise Lines",26.66,12.1174,1.3911,8.5721,2.847438800358867,50.48,6.1,26.22,0.16269999999999998,8.1,0.5251288659793814,43.1025,50.48,6.1,43.1025,0.5251288659793814,26.22,0.16269999999999998,8.1,69.66994575710214,78.56272764097002,63.92694063926941,66.96554586965547,50.0,67.50487630121799,0.7718120805369127,0.8523489932885906,0.6510067114093959,0.6644295302013423,B,B+,B-,B-,carnivalcorp
TRN,Trinity Industries Inc,Industrials,Construction Machinery & Heavy Transportation Equipment,36.22,11.1469,1.308,8.4575,2.6832213472408455,86.85,-29.95,24.45,0.3003,3.75,0.9722514927994378,48.5644,86.85,-9.85,48.5644,0.9722514927994378,24.45,0.29964999999999986,3.75,84.7394264033032,50.42372362892431,64.03940886699507,75.66502463054186,50.0,67.41245846946781,0.9223300970873787,0.5145631067961165,0.6650485436893204,0.7718446601941747,A-,C+,B-,B,trinityindustriesinc
MCRI,Monarch Casino & Resort Inc,Consumer Discretionary,Casinos & Gaming,117.62,20.7754,3.8642,11.0733,3.8980708493101655,42.37,4.39,18.68,0.2339,18.68,0.9310758577735443,50.4284,42.37,4.39,50.4284,0.910355871419793,18.68,0.2339,18.68,41.33952376574423,73.46001121870572,75.57077625570776,92.25318847425602,50.0,67.37021494395535,0.3691275167785235,0.8120805369127517,0.7986577181208053,0.959731543624161,C-,B+,B,A,monarchcasinoresortinc
ESE,ESCO Technologies Inc,Industrials,Industrial Machinery & Supplies & Components,326.96,27.8112,7.0311,33.7766,5.480756336328282,175.22,14.09,21.34,0.1562,18.13,0.9981392103273827,102.7407,107.05100000000004,14.09,102.7407,0.9872267261247282,21.34,0.1562,18.13,23.348797168683337,95.11133372789797,73.72742200328408,95.24806474313864,50.0,67.34093448719918,0.1553398058252427,0.9951456310679612,0.7912621359223301,0.9902912621359223,D,A+,B,A+,escotechnologiesinc
UTHR,United Therapeutics Corp,Health Care,Biotechnology,570.4,18.7533,7.8644,14.3154,3.508083537161761,13.31,10.61,19.3,0.4689,19.16,0.888346189355809,94.1126,13.31,10.61,94.1126,0.888346189355809,19.3,0.43686,19.16,53.85521885521886,51.50562048686071,81.70426065162907,90.70342522974101,50.0,67.33167902003233,0.6,0.5185185185185185,0.8555555555555555,0.9333333333333333,C+,C+,B+,A,unitedtherapeuticscorp
CARG,CarGurus Inc,Communication Services,Interactive Media & Services,37.04,21.4269,3.6831,12.1305,9.391956995790862,887.26,1.41,39.290000000000006,0.2695,39.290000000000006,0.8301213418986436,32.7599,570.9259999999986,1.41,32.7599,0.8301213418986436,39.290000000000006,0.2695,35.11,41.36422136422136,68.28231292517006,92.5132275132275,75.91836734693878,50.0,67.30949827378399,0.43243243243243246,0.8108108108108109,1.0,0.7567567567567568,C,B+,A+,B,cargurusinc
FHI,Federated Hermes Inc,Financials,Asset Management & Custody Banks,54.12,10.1896,2.2692,7.2045,3.454240252238682,23.76,10.77,35.27,0.2895,27.029999999999998,0.7379053694843168,32.7447,23.76,10.77,32.7447,0.7379053694843168,35.27,0.2895,27.029999999999998,51.21440536013401,63.719540999094605,92.46231155778895,68.02010050251255,50.0,67.26710752980217,0.4950980392156863,0.7794117647058824,0.9264705882352942,0.7352941176470589,C,B,A-,B,federatedhermesinc
FIX,Comfort Systems USA Inc,Industrials,Construction & Engineering,1867.02,53.6186,6.4732,39.055,26.82018315676064,107.81,38.43,51.690000000000005,0.157,49.63,0.992968479720619,346.6021,107.05100000000004,21.676999999999982,148.77037999999985,0.9872267261247282,51.690000000000005,0.157,26.983999999999988,12.493025331994197,95.65286204928552,86.86371100164205,91.44968332160451,50.0,67.25969315758707,0.05825242718446602,1.0,0.941747572815534,0.9635922330097088,D-,A+,A,A,comfortsystemsusainc
SNX,TD Synnex Corp,Information Technology,Technology Distributors,228.2,18.6607,0.2828,10.7356,2.163063929818907,50.42,10.39,11.600000000000001,0.0246,7.64,0.9716420026716217,104.0415,50.42,10.39,104.0415,0.9716420026716217,11.600000000000001,0.0246,7.64,89.39420699399506,69.57897197372488,38.401706742521895,81.9249109484231,50.0,67.24975501855883,0.9407894736842105,0.7763157894736842,0.34868421052631576,0.9013157894736842,A,B,C-,A-,tdsynnexcorp
MCK,McKesson Corp,Health Care,Health Care Distributors,814.02,22.8933,0.2497,16.9585,25.897728754998873,59.37,15.49,39.43,0.014199999999999999,16.23,0.4890055248618784,15.1747,59.37,15.49,15.1747,0.4890055248618784,39.43,0.014199999999999999,16.23,72.49158249158249,81.13665567275918,60.0,64.17129780974176,50.0,67.1844863193958,0.837037037037037,0.9111111111111111,0.6370370370370371,0.6666666666666666,B+,A-,B-,B-,mckessoncorp
VLY,Valley National Bancorp,Financials,Regional Banks,13.51,11.4187,2.27179,12.0754,0.96314251087189,59.34,77.66814,8.49,0.4257981,7.430000000000001,0.8940972222222223,55.1091,59.34,77.66814,55.1091,0.8940972222222223,8.49,0.4257981,7.430000000000001,81.23090944920682,87.31432983056476,25.125628140703515,90.39015301225227,50.0,67.130030966041,0.9264705882352942,0.9852941176470589,0.24509803921568626,0.9411764705882353,A-,A+,D+,A,valleynationalbancorp
TOL,Toll Brothers Inc,Consumer Discretionary,Homebuilding,139.84,9.694,1.1885,8.1294,1.6028241982440457,-3.66,4.6,16.86,0.15289999999999998,12.55,0.5880993645291738,38.2091,-3.66,4.6,38.2091,0.5880993645291738,16.86,0.15289999999999998,12.55,73.2585578131225,65.11724695585997,62.32876712328767,75.35007610350075,50.0,66.99029584597469,0.8053691275167785,0.697986577181208,0.6375838926174496,0.7919463087248322,B+,B-,B-,B,tollbrothersinc
HL,Hecla Mining Co,Materials,Silver,18.06,37.6332,8.508,17.8617,4.671011793916821,746.25,53.03,13.65,0.3618,11.58,0.45684240337964716,230.1645,619.445,33.85199999999998,172.45629,0.45684240337964716,13.65,0.24867999999999998,11.58,29.1005291005291,97.83101646455682,83.86243386243386,70.82388510959939,50.0,66.97172105557199,0.2222222222222222,1.0,0.9047619047619048,0.746031746031746,D+,A+,A-,B,heclaminingco
TILE,Interface Inc,Industrials,Office Services & Supplies,27.83,14.0061,1.1725,9.0834,2.5147060152346183,14.79,5.41,19.759999999999998,0.11599999999999999,13.34,0.5569080949482653,47.6393,14.79,5.41,47.6393,0.5569080949482653,19.759999999999998,0.11599999999999999,13.34,83.59239243069173,64.50776602331152,62.068965517241374,63.111026904130355,50.0,66.93909807247165,0.9077669902912622,0.6990291262135923,0.6359223300970874,0.6407766990291263,A-,B-,B-,B-,interfaceinc
STLD,Steel Dynamics Inc,Materials,Steel,229.27,24.061,1.7362,19.8609,3.709918574997735,23.4,10.44,15.25,0.0915,10.56,0.9849617289509232,75.969,23.4,10.44,75.969,0.9848885540024427,15.25,0.0915,10.56,44.44444444444445,82.02267913662216,67.72486772486774,87.32348111658456,50.0,66.91156009296938,0.4603174603174603,0.8571428571428571,0.6666666666666666,0.9047619047619048,C,B+,B-,A-,steeldynamicsinc
GEV,GE Vernova Inc,Industrials,Heavy Electrical Equipment,1062.95,30.4711,7.2542,38.1505,25.63036050568693,395.59,10.27,87.97,0.1547,82.54,0.8518942599691343,178.0481,107.05100000000004,10.27,148.77037999999985,0.8518942599691343,73.67999999999981,0.1547,26.983999999999988,20.586031533470436,86.39648058205759,87.192118226601,88.08350926577528,50.0,66.84053540958443,0.1262135922330097,0.9514563106796117,0.9514563106796117,0.9368932038834952,D,A,A,A,gevernovainc
RL,Ralph Lauren Corp,Consumer Discretionary,"Apparel, Accessories & Luxury Goods",362.21,23.8799,2.8001,16.0611,8.60572970866774,33.85,12.71,34.74,0.1463,21.84,0.8163085075066232,61.3336,33.85,12.71,61.3336,0.8163085075066232,34.74,0.1463,21.84,29.257454567742332,85.45541359325605,76.25570776255707,91.35932560590095,50.0,66.74123842240624,0.2348993288590604,0.9261744966442953,0.8187919463087249,0.9463087248322147,D+,A-,B+,A,ralphlaurencorp
SOLV,Solventum Corp,Health Care,Health Care Technology,66.63,7.4254,1.3879,6.1636,2.2895018967507834,221.66,0.86,36.74,0.252,14.530000000000001,0.16460108443067362,1.5392,221.66,0.86,1.5392,0.16460108443067362,36.74,0.252,14.530000000000001,89.36026936026936,57.24164991687139,79.4486215538847,39.19172932330827,50.0,66.48889857657446,0.9629629629629629,0.6666666666666666,0.8296296296296296,0.37037037037037035,A,B-,B+,C-,solventumcorp
ZION,Zions Bancorporation NA,Financials,Regional Banks,63.26,9.4994,1.56245,8.7128,1.3009099789213923,20.22,53.61248,13.77,0.336199,8.16,0.865002311604253,39.4928,20.22,53.61248,39.4928,0.865002311604253,13.77,0.336199,8.16,74.01098630406936,62.11428495454661,57.78894472361809,80.33877251425668,50.0,66.44059425068252,0.8676470588235294,0.7401960784313726,0.5882352941176471,0.8431372549019608,B+,B,C+,B+,zionsbancorporationna
JBL,Jabil Inc,Information Technology,Electronic Manufacturing Services,342.47,44.6619,1.1061,27.4856,24.32850982815819,78.78,19.0,58.989999999999995,0.042800000000000005,17.96,0.9647331557660058,132.0572,78.78,19.0,132.0572,0.9647331557660058,58.989999999999995,0.042800000000000005,17.96,64.16019074531967,79.24054455476053,60.0,72.20604043307274,50.0,66.32936468389657,0.6973684210526315,0.8881578947368421,0.625,0.7631578947368421,B-,B+,B-,B,jabilinc
ECG,Everus Construction Group Inc,Industrials,Construction & Engineering,149.14,37.7278,2.0319,28.1066,12.07836277201422,40.52,31.47,37.07,0.0707,24.27,0.9932206495350647,248.1326,40.52,21.676999999999982,148.77037999999985,0.9872267261247282,37.07,0.0707,24.27,34.375946562086504,85.5797344375851,69.29392446633825,91.44968332160451,50.0,66.32335130894411,0.2766990291262136,0.9466019417475728,0.7378640776699029,0.9635922330097088,D+,A,B,A,everusconstructiongroupinc
FAF,First American Financial Corp,Financials,Property & Casualty Insurance,68.52,10.6232,0.9271,6.7236,1.2708492915924008,329.61,22.59,11.87,0.1388,8.09,0.8394994559303589,13.2188,95.6,22.59,13.2188,0.8394994559303589,11.87,0.1388,8.09,72.58966400630604,85.96051791638928,48.24120603015075,68.09431774255896,50.0,66.01868464090384,0.8382352941176471,0.9705882352941176,0.47058823529411764,0.7401960784313726,B+,A+,C,B,firstamericanfinancialcorp
SEZL,Sezzle Inc,Financials,Transaction & Payment Processing Services,85.46,20.2104,5.9754,15.5191,17.00933463368031,69.54,66.08,91.62,0.3926,51.25999999999999,0.262022733896823,64.2514,69.54,66.08,64.2514,0.262022733896823,45.141999999999946,0.3926,27.17999999999999,16.70361611981476,92.31017014135497,97.73869346733667,69.59503399349688,50.0,65.99161822375822,0.10784313725490197,0.9901960784313726,0.9779411764705882,0.7696078431372549,D,A+,A+,B,sezzleinc
PM,Philip Morris International Inc,Consumer Staples,Tobacco,166.38,22.851,6.3795,18.8405,1253.8055764883193,60.61,7.31,575.44,0.3664,44.05,0.4933929660500098,-2.1582,60.61,7.31,-2.1582,0.4933929660500098,149.34949999999998,0.3664,29.759937999999984,28.707970643454516,87.8324844368987,96.23655913978494,60.86956521739131,50.0,65.97654237666787,0.2857142857142857,0.9523809523809523,1.0,0.5714285714285714,D+,A,A+,C+,philipmorrisinternationalinc
MAS,Masco Corp,Industrials,Building Products,71.24,17.3139,1.8849,13.4803,94.25774014289493,10.01,-0.31,279.76,0.1664,15.870000000000001,0.6218841110471668,18.1426,10.01,-0.31,18.1426,0.6218841110471668,73.67999999999981,0.1664,15.870000000000001,70.22813142665838,52.58566005798873,82.5944170771757,60.88429652769434,50.0,65.89962844309514,0.7912621359223301,0.5485436893203883,0.883495145631068,0.6116504854368932,B,C+,B+,B-,mascocorp
SBH,Sally Beauty Holdings Inc,Consumer Discretionary,Specialty Stores,14.03,7.5221,0.3661,5.1084,1.7290036354673732,5.62,-0.45,23.43,0.0816,10.96,0.6119700748129674,73.6386,5.62,-0.45,73.6386,0.6119700748129674,23.43,0.0816,10.96,92.12865066960865,47.31539778714436,55.02283105022831,72.9399367755532,50.0,65.83893734249875,0.9798657718120806,0.42953020134228187,0.5268456375838926,0.738255033557047,A+,C,C+,B,sallybeautyholdingsinc
DVA,DaVita Inc,Health Care,Health Care Services,151.65,13.3976,0.7334,7.513,100.83782166367445,-7.8,6.46,181.22,0.14880000000000002,9.56,0.8669976035604248,7.9821,-7.8,6.46,7.9821,0.8669976035604248,97.80199999999995,0.14880000000000002,9.56,90.34231200897868,33.34590384246181,70.92731829573934,69.11357340720222,50.0,65.80930302611232,0.9703703703703703,0.2222222222222222,0.737037037037037,0.7185185185185186,A+,D+,B,B,davitainc
LLY,Eli Lilly and Co,Health Care,Pharmaceuticals,963.33,36.1298,12.6401,28.542,34.30014990048175,128.83,47.44,101.30999999999999,0.4363,37.71,0.6655624595722994,21.3109,128.83,47.44,21.3109,0.6655624595722994,97.80199999999995,0.4363,29.947999999999997,25.6341189674523,91.18244249236953,96.74185463659148,59.78571428571429,50.0,65.78762475662771,0.18518518518518517,0.9777777777777777,1.0,0.6,D,A+,A+,C+,elilillyandco
EXPE,Expedia Group Inc,Consumer Discretionary,"Hotels, Resorts & Cruise Lines",251.84,23.8478,2.0946,11.2241,24.026407678070562,9.19,7.61,114.29,0.1274,17.65,0.6653140096618357,59.4328,9.19,7.61,59.4328,0.6653140096618357,114.29,0.1274,17.65,44.24320431491526,68.14133240268349,77.51141552511415,83.06351183063512,50.0,65.67962380667107,0.42953020134228187,0.7516778523489933,0.8322147651006712,0.8590604026845637,C,B,B+,B+,expediagroupinc
EME,EMCOR Group Inc,Industrials,Construction & Engineering,903.5,31.4386,2.3557,21.8473,10.948489387175423,31.03,16.62,39.129999999999995,0.1009,37.61,0.9955443607060783,119.0197,31.03,16.62,119.0197,0.9872267261247282,39.129999999999995,0.1009,26.983999999999988,40.75597430133754,72.55151919444995,77.66830870279146,82.04644616467276,50.0,65.5256638228568,0.36893203883495146,0.8009708737864077,0.8349514563106796,0.8592233009708737,C-,B+,B+,B+,emcorgroupinc
EXEL,Exelixis Inc,Health Care,Biotechnology,43.68,14.2199,4.7963,11.8147,5.304769191532772,39.67,6.85,36.89,0.3759,36.89,0.6255909234163253,12.3168,39.67,6.85,12.3168,0.6255909234163253,36.89,0.3759,29.947999999999997,65.28619528619528,51.781930072706515,91.97994987468671,54.20217209690894,50.0,65.51335672414359,0.7407407407407407,0.5333333333333333,0.9851851851851852,0.5407407407407407,B,C+,A+,C+,exelixisinc
URBN,Urban Outfitters Inc,Consumer Discretionary,Apparel Retail,69.01,12.8719,0.9706,7.7341,2.1987370245521918,18.83,11.07,17.66,0.09820000000000001,17.66,0.5383689437255494,30.6265,18.83,11.07,30.6265,0.5383689437255494,17.66,0.09820000000000001,17.66,72.82032423155896,80.60492442135097,60.27397260273972,55.21020311761927,50.0,65.43659971636872,0.7919463087248322,0.87248322147651,0.610738255033557,0.5369127516778524,B,B+,B-,C+,urbanoutfittersinc
GL,Globe Life Inc,Financials,Life & Health Insurance,152.72,10.1767,1.9725,9.1687,2.021747821643504,17.67,3.96,20.64,0.2625,13.889999999999999,0.9463026166097835,29.7316,17.67,3.96,29.7316,0.9463026166097835,20.64,0.2625,13.889999999999999,60.002216967188886,48.44820217308805,79.39698492462311,79.32998324958125,50.0,65.40543755748686,0.6078431372549019,0.4362745098039216,0.7990196078431373,0.8333333333333334,B-,C,B,B+,globelifeinc
NFG,National Fuel Gas Co,Utilities,Gas Utilities,82.98,12.1444,1.8986,6.9326,2.423460074824111,-2.57,112.85,21.09,0.2394,11.05,0.3317513051732324,4.7727,-2.57,18.961999999999996,4.7727,0.3317513051732324,21.09,0.2394,9.411999999999997,89.29866036249014,64.66517022072577,82.96296296296295,21.39917695473251,50.0,65.27827526645493,0.9787234042553191,0.723404255319149,0.9148936170212766,0.1702127659574468,A+,B,A-,D,nationalfuelgasco
VTOL,Bristow Group Inc,Energy,Oil & Gas Equipment & Services,49.29,11.1473,0.9653,8.0748,1.3571072607578767,34.98,5.3,12.870000000000001,0.1065,7.630000000000001,0.9585175826489788,67.5391,34.98,5.3,67.5391,0.9585175826489788,12.870000000000001,0.1065,7.630000000000001,76.90426275331936,73.33158466503417,55.34591194968554,62.676886792452834,50.0,65.26423796724862,0.9444444444444444,0.8148148148148148,0.5,0.5925925925925926,A,B+,C,C+,bristowgroupinc
ULTA,Ulta Beauty Inc,Consumer Discretionary,Other Specialty Retail,531.95,20.17,1.8774,12.49,8.38042514174805,1.06,41.38,44.07,0.12369999999999999,40.57,0.44365761122826136,35.3803,1.06,22.7775,35.3803,0.44365761122826136,44.07,0.12369999999999999,40.57,44.82240813949925,77.71207905251143,79.90867579908677,67.69406392694064,50.0,65.26399958053692,0.44966442953020136,0.8456375838926175,0.8590604026845637,0.6778523489932886,C,B+,B+,B-,ultabeautyinc
ARWR,Arrowhead Pharmaceuticals Inc,Health Care,Biotechnology,74.81,51.7925,9.6022,32.8074,21.782552993244817,,43539.24,36.120000000000005,0.2755,17.330000000000002,0.9696828358208954,432.8348,,51.019999999999925,103.34951999999993,0.9578760986158243,36.120000000000005,0.2755,17.330000000000002,22.895622895622893,72.83208020050125,82.20551378446115,96.99749373433585,50.0,65.24119895698843,0.15555555555555556,0.837037037037037,0.8666666666666667,0.9851851851851852,D,B+,B+,A+,arrowheadpharmaceuticalsinc
VRRM,Verra Mobility Corp,Industrials,Data Processing & Outsourced Services,14.89,16.5545,2.3102,8.5782,7.804801341859735,388.68,11.36,40.550000000000004,0.2421,9.99,0.08795331388078366,-31.4141,107.05100000000004,11.36,-31.4141,0.08795331388078366,40.550000000000004,0.2421,9.99,74.70228131426659,88.94629113114132,79.14614121510674,19.909056460780597,50.0,65.2331751507277,0.8398058252427184,0.9805825242718447,0.8495145631067961,0.1553398058252427,B+,A+,B+,D,verramobilitycorp
CTRA,Coterra Energy Inc,Energy,Oil & Gas Exploration & Production,35.38,15.5586,3.4943,6.3424,1.8111824390044131,49.63,40.07,11.77,0.3207,9.21,0.8969072164948454,42.1454,49.63,40.07,42.1454,0.8969072164948454,11.77,0.3207,9.21,59.7367808059632,84.1687503820018,72.9559748427673,51.04015481373972,50.0,65.21496995133093,0.7222222222222222,0.9259259259259259,0.75,0.5185185185185185,B,A-,B,C+,coterraenergyinc
ALLY,Ally Financial Inc,Financials,Consumer Finance,43.41,9.6743,0.88959,12.6237,0.8640903861235961,387.77,37.40411,9.19,0.158682,4.17,0.7460025004935181,34.4379,95.6,37.40411,34.4379,0.7460025004935181,9.19,0.158682,4.17,90.6062173613164,86.3480824478077,31.155778894472363,62.220477386934675,50.0,65.15421103089567,0.9852941176470589,0.9803921568627451,0.30392156862745096,0.6617647058823529,A+,A+,C-,B-,allyfinancialinc
USB,US Bancorp,Financials,Diversified Banks,56.3,11.2581,2.0972,16.6071,1.3428805861924207,17.02,84.11849,12.21,0.25222680000000003,5.489999999999999,0.7693396226415093,39.0123,17.02,84.11849,39.0123,0.7693396226415093,12.21,0.25222680000000003,5.489999999999999,67.38718100305448,71.10453122046242,51.75879396984925,80.67259373792038,50.0,65.14191873490249,0.7254901960784313,0.8725490196078431,0.5294117647058824,0.8480392156862745,B,B+,C+,B+,usbancorp
ES,Eversource Energy,Utilities,Electric Utilities,71.07,15.8145,1.9756,12.6525,1.6315764099809222,97.9,13.83,10.6,0.1996,3.6999999999999997,0.709466811751904,20.2945,97.9,13.83,20.2945,0.709466811751904,10.6,0.1996,3.6999999999999997,73.93223010244287,89.84718984718984,46.666666666666664,59.31623931623932,50.0,64.98241002496322,0.7872340425531915,0.9787234042553191,0.43617021276595747,0.5531914893617021,B,A+,C,C+,eversourceenergy
ANF,Abercrombie & Fitch Co,Consumer Discretionary,Apparel Retail,84.54,7.427,0.7149,3.5185,2.7101191888235636,-1.56,6.42,38.98,0.1328,38.98,0.2821460242388413,22.4862,-1.56,6.42,22.4862,0.2821460242388413,38.98,0.1328,38.98,85.89224970120438,54.265322390174774,80.13698630136986,37.73264052905054,50.0,64.90690158448862,0.9463087248322147,0.5234899328859061,0.8758389261744967,0.33557046979865773,A,C+,B+,C-,abercrombiefitchco
PTC,PTC Inc,Information Technology,Application Software,136.53,19.9279,5.7018,15.0872,4.265362866693742,109.43,23.62,22.470000000000002,0.3804,16.71,0.06351351351351367,-12.6711,109.43,23.62,-12.6711,0.07599398584473208,22.470000000000002,0.3804,16.71,65.41122100553397,83.25802977802012,80.80210972339512,33.39905253650686,50.0,64.88474914513766,0.7236842105263158,0.9144736842105263,0.8421052631578947,0.26973684210526316,B,A-,B+,D+,ptcinc
PLUS,ePlus inc,Information Technology,Technology Distributors,85.21,16.6802,0.939,9.8185,2.312014825547479,28.46,11.01,12.93,0.0692,12.809999999999999,0.7248195795418887,35.2325,28.46,11.01,35.2325,0.7248195795418887,12.93,0.0692,12.809999999999999,90.29347698104321,66.64520653233282,52.866053306072864,53.13617113141537,50.0,64.74615810452866,0.9473684210526315,0.7236842105263158,0.5526315789473685,0.506578947368421,A,B,C+,C+,eplusinc
RRC,Range Resources Corp,Energy,Oil & Gas Exploration & Production,42.63,11.1637,3.1368,7.9897,2.3242247132202207,152.9,23.03,20.93,0.3124,16.64,0.6384468491406747,24.5763,149.33099999999996,23.03,24.5763,0.6384468491406747,20.93,0.3124,14.238,61.48381085488004,87.44760303558022,89.30817610062893,22.43831640058055,50.0,64.6751806261094,0.7407407407407407,0.9629629629629629,0.9814814814814815,0.14814814814814814,B,A,A+,D,rangeresourcescorp
HRMY,Harmony Biosciences Holdings Inc,Health Care,Biotechnology,31.83,11.3994,2.0829,5.2673,2.1114567924165333,8.31,21.51,19.84,0.24,16.36,0.4110749185667752,6.074,8.31,21.51,6.074,0.4110749185667752,19.84,0.24,16.36,83.94500561167229,65.18251073227624,74.06015037593984,35.38512949039265,50.0,64.61481704143681,0.9037037037037037,0.725925925925926,0.7777777777777778,0.31851851851851853,A-,B,B,C-,harmonybiosciencesholdingsinc
BOOT,Boot Barn Holdings Inc,Consumer Discretionary,Apparel Retail,171.47,23.4635,2.369,13.4569,4.638097479300728,27.79,17.5,18.279999999999998,0.13449999999999998,18.07,0.6312987259935349,59.1664,27.79,17.5,59.1664,0.6312987259935349,18.279999999999998,0.13449999999999998,18.07,36.72734516257546,90.93646669815777,68.03652968036529,75.98488427019367,50.0,64.57523890440548,0.31543624161073824,0.959731543624161,0.7013422818791947,0.8053691275167785,C-,A,B,B+,bootbarnholdingsinc
THG,Hanover Insurance Group Inc,Financials,Property & Casualty Insurance,186.84,9.9562,1.0026,7.7074,1.8519216015890607,55.07,5.61,19.99,0.132,15.299999999999999,0.8443152454780365,12.8329,55.07,5.61,12.8329,0.8443152454780365,19.99,0.132,15.299999999999999,64.50019706375014,51.50698217265158,78.39195979899498,67.63303697977065,50.0,64.55104304617072,0.6813725490196079,0.5049019607843137,0.7892156862745098,0.7303921568627451,B-,C+,B,B,hanoverinsurancegroupinc
AROC,Archrock Inc,Energy,Oil & Gas Equipment & Services,39.02,21.2174,4.5899,10.9342,4.574925842116988,75.16,28.7,22.73,0.36369999999999997,8.290000000000001,0.9794238683127572,63.7432,75.16,28.7,63.7432,0.9794238683127572,22.73,0.36369999999999997,8.290000000000001,34.77754484043792,88.41880281391103,83.33333333333333,61.509433962264154,50.0,64.51336689867786,0.2037037037037037,0.9814814814814815,0.8796296296296297,0.5555555555555556,D+,A+,B+,C+,archrockinc
DXPE,DXP Enterprises Inc,Industrials,Trading Companies & Distributors,168.9,29.7983,1.3105,16.9702,5.256900265179339,26.99,11.89,18.67,0.0877,7.7,0.9481812639707378,89.8179,26.99,11.89,89.8179,0.9481812639707378,18.67,0.0877,7.7,55.23618218629935,83.26908754834136,46.88013136288998,86.64433497536946,50.0,64.5117628920395,0.5728155339805825,0.9223300970873787,0.4393203883495146,0.9174757281553398,C+,A-,C,A-,dxpenterprisesinc
UGI,UGI Corp,Utilities,Gas Utilities,35.4,11.175,3.3289,8.9475,1.589375429333405,150.04,0.22,14.09,0.48200000000000004,5.6899999999999995,0.38888888888888856,7.0457,116.81250000000004,0.22,7.0457,0.38888888888888856,14.09,0.38946000000000003,5.6899999999999995,79.33806146572103,57.69734380845492,88.14814814814815,30.041152263374485,50.0,64.41925161783317,0.8723404255319149,0.6382978723404256,0.9361702127659575,0.2765957446808511,B+,B-,A,D+,ugicorp
YOU,Clear Secure Inc,Information Technology,Application Software,54.98,65.4523,7.9324,32.6362,41.20821466047069,5.72,16.91,77.38000000000001,0.2018,77.38000000000001,0.8731645923647042,116.329,5.72,16.91,116.329,0.8731645923647042,77.38000000000001,0.2018,53.78399999999993,36.47121158601201,54.96587154657538,86.81941419618651,87.72004122615093,50.0,64.3598390000949,0.3223684210526316,0.6118421052631579,0.8881578947368421,0.9473684210526315,C-,B-,B+,A,clearsecureinc
NEE,Nextera Energy Inc,Utilities,Multi-Utilities,96.95,24.8455,7.2957,19.354,3.6981232834909976,47.29,10.29,15.24,0.2954,5.4399999999999995,0.9483796960137655,46.7827,47.29,10.29,46.12967999999999,0.9483796960137655,15.24,0.2954,5.4399999999999995,12.119779353821906,82.92297979797979,82.22222222222223,95.69444444444443,50.0,64.30898524249588,0.06382978723404255,0.9361702127659575,0.8936170212765957,1.0,D-,A,B+,A+,nexteraenergyinc
GILD,Gilead Sciences Inc,Health Care,Biotechnology,131.65,19.2593,5.5672,16.7085,7.196623900553756,1903.07,2.4,41.02,0.3404,21.57,0.5864182595370596,27.5061,1389.2,2.4,27.5061,0.5864182595370596,41.02,0.3404,21.57,51.7732884399551,59.770507125900565,87.71929824561403,62.23224728487886,50.0,64.27369755354817,0.5407407407407407,0.6962962962962963,0.9259259259259259,0.6296296296296297,C+,B-,A-,B-,gileadsciencesinc
DECK,Deckers Outdoor Corp,Consumer Discretionary,Footwear,100.88,13.9546,2.7,9.1714,6.0295260295260285,14.74,9.16,41.36,0.2382,41.36,0.40297138664710186,-9.2234,14.74,9.16,-9.2234,0.40297138664710186,41.36,0.2382,41.1625,58.90870644479177,78.7893250659406,89.38356164383562,32.17391304347826,50.0,64.26571464404063,0.6577181208053692,0.8590604026845637,0.9865771812080537,0.28187919463087246,B-,B+,A+,D+,deckersoutdoorcorp
KOP,Koppers Holdings Inc,Materials,Commodity Chemicals,41.91,14.351,0.4276,7.6272,1.4205431348888917,14.14,-10.17,10.45,0.07490000000000001,3.7699999999999996,0.9851767388825539,66.6402,14.14,-10.17,66.6402,0.9848885540024427,10.45,0.07490000000000001,3.7699999999999996,92.06349206349206,40.59853190287973,42.32804232804232,87.5776397515528,50.0,64.2331179287701,0.9841269841269841,0.31746031746031744,0.36507936507936506,0.9365079365079365,A+,C-,C-,A,koppersholdingsinc
MPC,Marathon Petroleum Corp,Energy,Oil & Gas Refining & Marketing,246.15,18.113,0.5428,8.9168,4.193963350740738,34.15,-3.8,24.01,0.061399999999999996,8.4,0.919139278809784,78.7322,34.15,-3.8,78.7322,0.919139278809784,24.01,0.061399999999999996,8.4,68.83298392732355,64.10426925389628,64.77987421383648,64.93361285814115,50.0,64.2107909576975,0.8333333333333334,0.7037037037037037,0.6851851851851852,0.6481481481481481,B+,B,B-,B-,marathonpetroleumcorp
DG,Dollar General Corp,Consumer Staples,Consumer Staples Merchandise Retail,114.43,16.6796,0.5904,8.8437,2.959156757986853,33.92,5.2,18.66,0.0516,11.28,0.3914976382328426,26.3722,33.92,5.2,26.3722,0.3914976382328426,18.66,0.0516,11.28,76.10513739545998,79.53506595272299,47.84946236559139,61.36476426799008,50.0,64.16861598440546,0.873015873015873,0.8888888888888888,0.4444444444444444,0.6031746031746031,B+,B+,C,B-,dollargeneralcorp
SCHL,Scholastic Corp,Consumer Discretionary,Publishing,40.35,14.0511,0.5458,4.1268,1.0657686212361333,403.61,1.38,6.909999999999999,0.010700000000000001,5.48,0.8857572341225104,119.0554,202.9259999999997,1.38,81.545,0.8857572341225104,6.909999999999999,0.010700000000000001,5.48,82.29904078943336,69.81681649543378,22.031963470319635,95.4958904109589,50.0,64.14529244621679,0.9194630872483222,0.7785234899328859,0.15436241610738255,0.9798657718120806,A-,B,D,A+,scholasticcorp
CMC,Commercial Metals Co,Materials,Steel,68.66,15.2387,0.918,15.1055,1.8206840956641412,638.58,8.38,11.88,0.0816,7.6499999999999995,0.5970668655232412,51.4002,619.445,8.38,51.4002,0.5970668655232412,11.88,0.0816,7.6499999999999995,67.72486772486774,88.0527684875511,54.4973544973545,54.88779419813902,50.0,64.14366809269359,0.7936507936507936,0.9523809523809523,0.5396825396825397,0.5079365079365079,B,A,C+,C+,commercialmetalsco
MSFT,Microsoft Corp,Information Technology,Systems Software,414.44,24.5122,9.6437,17.0784,8.969824992749514,29.75,17.87,33.129999999999995,0.4675,26.33,0.2920118491740724,-2.5764,29.75,17.87,-2.5764,0.2920118491740724,33.129999999999995,0.44785,26.33,55.06004945249028,70.00661485713346,88.71283168140808,45.93937508333704,50.0,64.13241827156868,0.5855263157894737,0.7894736842105263,0.9144736842105263,0.40789473684210525,C+,B,A-,C,microsoftcorp
FIVE,Five Below Inc,Consumer Discretionary,Specialty Stores,230.52,35.8916,2.7019,18.7038,5.804677585060736,40.49,22.9,18.14,0.096,18.14,0.8812376933895922,205.8917,40.49,22.7775,81.545,0.8812376933895922,18.14,0.096,18.14,24.312770065275355,92.49143835616438,61.41552511415525,95.84299262381454,50.0,64.09895999085344,0.19463087248322147,0.9664429530201343,0.6308724832214765,0.9932885906040269,D,A,B-,A+,fivebelowinc
APH,Amphenol Corp,Information Technology,Electronic Components,142.3,41.5991,7.6918,26.4134,13.011951244044953,74.13,51.71,35.77,0.2541,19.74,0.7217723796671167,80.9742,74.13,48.17399999999999,80.9742,0.7217723796671167,35.77,0.2541,19.74,45.537501471800304,88.54950357756947,81.5325125561136,47.98530728349831,50.0,64.07446567919203,0.4934210526315789,0.9605263157894737,0.8552631578947368,0.4407894736842105,C,A,B+,C,amphenolcorp
AWI,Armstrong World Industries Inc,Industrials,Building Products,168.46,23.5494,4.4853,17.2236,8.02679728596478,17.56,12.11,36.09,0.2659,22.900000000000002,0.37299999999999994,14.747,17.56,12.11,14.747,0.37299999999999994,36.09,0.2659,22.900000000000002,44.225771996110126,79.25114113027333,90.14778325123153,47.977892586807634,50.0,64.03919555525161,0.4320388349514563,0.883495145631068,0.9757281553398058,0.4320388349514563,C,B+,A+,C,armstrongworldindustriesinc
OTTR,Otter Tail Corp,Utilities,Electric Utilities,90.78,13.8295,6.7321,9.2964,2.0433244199551632,-8.68,8.05,15.36,0.6099,9.66,0.9210810810810814,14.3901,-8.68,8.05,14.3901,0.9210810810810814,15.36,0.38946000000000003,9.411999999999997,63.7037037037037,30.173530173530175,94.07407407407408,67.74928774928776,50.0,64.02900802900803,0.6808510638297872,0.2127659574468085,0.9893617021276596,0.6808510638297872,B-,D+,A+,B-,ottertailcorp
SFM,Sprouts Farmers Market Inc,Consumer Staples,Food Retail,81.19,14.6184,0.8693,8.9479,5.550845719442659,41.08,14.08,38.21,0.0779,37.16,0.14021321961620467,-52.703,41.08,14.026499999999995,-52.17986,0.14021321961620467,38.21,0.0779,29.759937999999984,73.97166752005461,93.45544382046928,75.53763440860216,14.689826302729529,50.0,64.00637950680397,0.8412698412698413,0.9841269841269841,0.8095238095238095,0.07936507936507936,B+,A+,B+,D-,sproutsfarmersmarketinc
JNJ,Johnson & Johnson,Health Care,Pharmaceuticals,227.19,26.0904,5.6967,14.8759,6.708775535514962,-3.89,7.87,33.78,0.2588,20.849999999999998,0.7677920356077464,47.0866,-3.89,7.87,47.0866,0.7677920356077464,33.78,0.2588,20.849999999999998,48.641975308641975,51.79194893173528,82.45614035087719,79.17669172932332,50.0,63.968257047091505,0.48148148148148145,0.5407407407407407,0.8740740740740741,0.8222222222222222,C,C+,B+,B+,johnsonjohnson
CNX,CNX Resources Corp,Energy,Oil & Gas Exploration & Production,37.88,8.4947,2.7454,5.3958,1.2454012539494146,,57.29,15.52,0.39799999999999996,9.48,0.6389937106918242,28.0595,,57.29,28.0595,0.6389937106918242,15.52,0.39799999999999996,9.48,73.37526205450735,72.26656990807933,83.64779874213836,25.970004837929366,50.0,63.903080148363166,0.8888888888888888,0.7962962962962963,0.9074074074074074,0.16666666666666666,B+,B,A-,D,cnxresourcescorp
TMDX,Transmedics Group Inc,Health Care,Health Care Equipment,100.01,18.1551,5.7057,31.8541,7.2439519049688545,362.68,37.13,53.879999999999995,0.1793,22.009999999999998,0.16307922272047848,10.5694,362.68,37.13,10.5694,0.16307922272047848,53.879999999999995,0.1793,22.009999999999998,41.666666666666664,94.15503725039942,80.70175438596492,47.359398496240594,50.0,63.894992412485905,0.3925925925925926,0.9925925925925926,0.8444444444444444,0.4444444444444444,C-,A+,B+,C,transmedicsgroupinc
PEGA,Pegasystems Inc,Information Technology,Application Software,36.2,15.4995,3.493,22.2847,7.8317684219635675,403.79,16.61,60.07,0.1506,60.07,0.05523471049903753,-21.3898,241.37,16.61,-21.3898,0.07599398584473208,60.07,0.1506,53.78399999999993,70.13422818791946,80.9784895822977,81.73029912440553,23.65104696477076,50.0,63.89203913749493,0.7697368421052632,0.8947368421052632,0.8618421052631579,0.15789473684210525,B,B+,B+,D,pegasystemsinc
M,Macy's Inc,Consumer Discretionary,Broadline Retail,19.69,8.0537,0.2289,3.4571,1.0655280830776392,13.23,-1.67,14.219999999999999,0.0412,9.07,0.6596971881759194,68.8679,13.23,-1.67,68.8679,0.6596971881759194,14.219999999999999,0.0412,9.07,95.29281971131745,44.070205479452056,40.06849315068493,81.03013698630137,50.0,63.86039670865128,0.9932885906040269,0.3825503355704698,0.3959731543624161,0.8389261744966443,A+,C-,C-,B+,macysinc
CATY,Cathay General Bancorp,Financials,Regional Banks,56.41,11.1817,3.2522,9.207,1.2958134726928157,22.47,54.98545,11.37,0.5396866,10.86,0.9769673704414583,34.1498,22.47,54.98545,34.1498,0.9602574007634097,11.37,0.5396866,10.86,68.62498768351563,66.24699792377012,45.7286432160804,84.76991700073401,50.0,63.791790709799834,0.7450980392156863,0.8186274509803921,0.44607843137254904,0.8872549019607843,B,B+,C,B+,cathaygeneralbancorp
MATX,Matson Inc,Industrials,Marine Transportation,173.55,11.875,1.5793,8.5371,1.9122576209333535,-1.03,-2.26,16.63,0.1494,14.63,0.9219465445639443,57.5293,-1.03,-2.26,57.5293,0.9219465445639443,16.63,0.1494,14.63,82.30985062253893,33.737881811854194,63.95730706075534,77.29298615998124,50.0,63.772963015190655,0.8932038834951457,0.24757281553398058,0.6601941747572816,0.7766990291262136,B+,D+,B-,B,matsoninc
UHS,Universal Health Services Inc,Health Care,Health Care Facilities,167.0,6.8944,0.5911,5.4081,1.4015922759676442,37.51,9.71,21.07,0.1148,12.690000000000001,0.1560918835880218,-4.3692,37.51,9.71,-4.3692,0.1560918835880218,21.07,0.1148,12.690000000000001,95.29741863075196,69.64988435581955,60.77694235588973,29.08478091781177,50.0,63.765523301386686,1.0,0.762962962962963,0.6444444444444445,0.25925925925925924,A+,B,B-,D+,universalhealthservicesinc
COLL,Collegium Pharmaceutical Inc,Health Care,Pharmaceuticals,34.32,17.6133,1.4186,10.0428,3.607201790988302,-5.88,23.62,24.11,0.2096,5.82,0.33134902909861697,26.8293,-5.88,23.62,26.8293,0.33134902909861697,24.11,0.2096,5.82,80.15712682379349,64.76001265540087,63.90977443609023,48.52255639097744,50.0,63.6732391242466,0.8814814814814815,0.7185185185185186,0.6888888888888889,0.45925925925925926,B+,B,B-,C,collegiumpharmaceuticalinc
CCK,Crown Holdings Inc,Materials,Paper & Plastic Packaging Products & Materials,100.15,15.2082,0.9077,8.2926,3.7876495771750154,78.9,4.78,25.45,0.1244,8.0,0.3991244071506752,4.2035,78.9,4.78,4.2035,0.3991244071506752,25.45,0.1244,8.0,80.95238095238096,68.30089717046239,74.07407407407406,30.857142857142854,50.0,63.5882217621348,0.873015873015873,0.7936507936507936,0.7619047619047619,0.25396825396825395,B+,B,B,D+,crownholdingsinc
WFRD,Weatherford International PLC,Energy,Oil & Gas Equipment & Services,109.49,17.8417,1.6938,12.3518,4.6141657289994145,1.92,-8.81,28.37,0.1431,14.610000000000001,0.9603431303614118,156.9585,1.92,-8.81,148.72904,0.9603431303614118,24.21,0.1431,14.238,48.276263685068706,36.91411502639811,85.53459119496854,88.6320754716981,50.0,63.561951819628554,0.48148148148148145,0.2962962962962963,0.9259259259259259,0.9814814814814815,C,D+,A-,A+,weatherfordinternationalplc
NATL,NCR Atleos Corp,Financials,Transaction & Payment Processing Services,44.52,18.3432,0.7536,6.6979,8.14176770724749,94.63,0.93,52.72,0.1244,5.59,0.8404170008019247,58.6035,94.63,0.93,58.6035,0.8404170008019247,45.141999999999946,0.1244,5.59,19.920681840575426,56.473322313218475,97.73869346733667,89.24918711203074,50.0,63.55934571202788,0.14705882352941177,0.6078431372549019,0.9779411764705882,0.9166666666666666,D,B-,A+,A-,ncratleoscorp
NVDA,NVIDIA Corp,Information Technology,Semiconductors,198.45,40.8437,22.7101,35.1123,30.663329161451813,66.76,65.47,104.37,0.6038,97.21,0.8266591198528371,77.8066,66.76,48.17399999999999,77.8066,0.8266591198528371,104.37,0.44785,53.78399999999993,32.94477805251383,88.49808635827985,96.65466613330962,41.72586355311937,50.0,63.444651028735706,0.3026315789473684,0.9539473684210527,0.9868421052631579,0.34210526315789475,C-,A,A+,C-,nvidiacorp
EQT,EQT Corp,Energy,Oil & Gas Exploration & Production,58.66,11.1866,3.8466,5.7436,1.5412263600678917,836.61,50.77,14.06,0.4972,10.61,0.5154274152756702,16.4813,149.33099999999996,50.77,16.4813,0.5154274152756702,14.06,0.40247999999999995,10.61,64.69834614488703,94.19651450147282,83.01886792452831,12.917271407837447,50.0,63.35206069921589,0.7962962962962963,1.0,0.8518518518518519,0.09259259259259259,B,A+,B+,D-,eqtcorp
ASO,Academy Sports and Outdoors Inc,Consumer Discretionary,Specialty Stores,53.83,9.1987,0.5725,5.6097,1.6100569486983154,-3.5,2.02,18.07,0.08460000000000001,14.66,0.6613600628930817,43.203,-3.5,2.02,43.203,0.6613600628930817,18.07,0.08460000000000001,14.66,84.9606202690693,46.882178609062166,55.02283105022832,69.81032665964173,50.0,63.33436388356519,0.9395973154362416,0.4228187919463087,0.5369127516778524,0.697986577181208,A,C,C+,B-,academysportsandoutdoorsinc
OVV,Ovintiv Inc,Energy,Oil & Gas Exploration & Production,60.85,13.8816,1.9354,6.6869,1.3768027404822998,15.07,-2.67,11.86,0.127,7.86,0.9403544648943422,76.9924,15.07,-2.67,76.9924,0.9403544648943422,11.86,0.127,7.86,68.98439319822967,55.1234158518055,60.37735849056603,74.12675374939525,50.0,63.190471842439074,0.8518518518518519,0.5925925925925926,0.5925925925925926,0.7777777777777778,B+,C+,C+,B,ovintivinc
KFY,Korn Ferry,Industrials,Human Resource & Employment Services,66.52,12.8528,1.1942,6.0111,1.8339518187883566,8.41,5.44,13.94,0.1307,11.55,0.38723208348253085,6.279,8.41,5.44,6.279,0.38723208348253085,13.94,0.1307,11.55,87.53088781545428,60.599870465210046,54.84400656814449,52.28712174524982,50.0,63.17112203799167,0.941747572815534,0.6456310679611651,0.5679611650485437,0.5145631067961165,A,B-,C+,C+,kornferry
PFBC,Preferred Bank,Financials,Regional Banks,95.47,9.3723,2.84979,7.3231,1.4726138857910578,15.88,79.98955,17.48,0.7110449,14.66,0.6767590618336888,18.7143,15.88,79.98955,18.7143,0.6767590618336888,17.48,0.6436406,14.66,71.73736328702336,71.47155452531887,73.86934673366834,37.3395065213709,50.0,63.16388971451087,0.8235294117647058,0.8774509803921569,0.7450980392156863,0.3333333333333333,B+,B+,B,C-,preferredbank
KRYS,Krystal Biotech Inc,Health Care,Biotechnology,266.04,38.2319,20.1246,43.9598,6.368066792413087,129.21,33.95,18.69,0.41409999999999997,18.69,0.8161683845860186,60.5649,129.21,33.95,60.5649,0.8161683845860186,18.69,0.41409999999999997,18.69,19.618406285072954,85.79307178838185,79.9498746867168,79.8295739348371,50.0,63.01659938759123,0.1037037037037037,0.9407407407407408,0.837037037037037,0.837037037037037,D,A,B+,B+,krystalbiotechinc
ENR,Energizer Holdings Inc,Consumer Staples,Household Products,19.68,6.3493,0.4515,9.5526,7.901075959531074,285.73,3.37,135.8,0.08310000000000001,6.13,0.2575227431770469,-26.0706,73.24599999999988,3.37,-26.0706,0.2575227431770469,135.8,0.08310000000000001,6.13,85.05717699266086,81.3693433104865,58.064516129032256,29.67741935483871,50.0,62.98977581348832,0.9841269841269841,0.9047619047619048,0.5793650793650794,0.2698412698412698,A+,A-,C+,D+,energizerholdingsinc
FHN,First Horizon Corp,Financials,Regional Banks,24.89,11.5686,1.91295,12.5847,1.364493564019911,36.94,64.16455,11.43,0.36179209999999995,7.28,0.8060394889663184,36.1597,36.94,64.16455,36.1597,0.8060394889663184,11.43,0.36179209999999995,7.28,64.93004236870628,79.62446981420865,46.231155778894475,71.32064818474396,50.0,62.97932313669072,0.7009803921568627,0.9509803921568627,0.45098039215686275,0.7990196078431373,B,A,C,B,firsthorizoncorp
BCO,Brinks Co,Industrials,Security & Alarm Services,107.52,22.0512,0.837,7.9046,15.913093669986827,29.64,4.97,79.36,0.1093,4.64,0.4872934067886973,20.8905,29.64,4.97,20.8905,0.4872934067886973,73.67999999999981,0.1093,4.64,82.00057391553877,69.33712245026143,57.96387520525452,45.578231292517,50.0,62.97418302875401,0.8883495145631068,0.7524271844660194,0.6019417475728155,0.41262135922330095,B+,B,B-,C,brinksco
FSLR,First Solar Inc,Information Technology,Semiconductors,211.71,14.3455,4.2003,9.311,2.3819006601952233,18.24,24.09,17.32,0.3059,16.02,0.5457297495642602,67.2671,18.24,24.09,67.2671,0.5457297495642602,17.32,0.3059,16.02,79.12251265748263,66.32835336313066,75.23593641198867,30.57833862910914,50.0,62.970950665815785,0.8355263157894737,0.7171052631578947,0.7763157894736842,0.24342105263157895,B+,B,B,D+,firstsolarinc
SMP,Standard Motor Products Inc,Consumer Discretionary,Automotive Parts & Equipment,38.51,20.2252,0.4667,7.4454,1.247392492971068,48.96,22.36,6.15,0.0762,3.19,0.6137184115523465,39.3775,48.96,22.36,39.3775,0.6137184115523465,6.15,0.0762,3.19,74.62842082682113,93.53407271820711,29.680365296803654,65.51724137931035,50.0,62.88745935040969,0.8187919463087249,0.9731543624161074,0.2348993288590604,0.6510067114093959,B+,A+,D+,B-,standardmotorproductsinc
PFS,Provident Financial Services Inc,Financials,Regional Banks,22.38,10.0994,2.313,7.4914,1.0317881100020745,134.42,36.72119,10.620000000000001,0.4091399,8.959999999999999,0.8015982330094678,34.0923,95.6,36.72119,34.0923,0.8015982330094678,10.620000000000001,0.4091399,8.959999999999999,83.61414917725884,64.95375916481709,41.20603015075377,68.35187171814127,50.0,62.866171008594826,0.9362745098039216,0.8088235294117647,0.4019607843137255,0.75,A,B+,C,B,providentfinancialservicesinc
AAPL,Apple Inc,Information Technology,"Technology Hardware, Storage & Peripherals",280.14,33.5664,9.1139,25.9141,56.12903225806452,29.01,12.76,146.69,0.3264,69.07,0.911083149837475,31.3238,29.01,12.76,31.3238,0.911083149837475,109.87799999999994,0.3264,53.78399999999993,47.077004592016955,59.37072356382911,93.79824288486896,53.62143079374957,50.0,62.817242740737214,0.5328947368421053,0.6578947368421053,0.9671052631578947,0.5131578947368421,C+,B-,A,C+,appleinc
CBOE,Cboe Global Markets Inc,Financials,Financial Exchanges & Data,326.96,31.1332,7.2645,20.9324,6.658941078473102,44.39,15.13,22.99,0.31120000000000003,17.66,0.9758202323991795,47.8053,44.39,15.13,47.8053,0.9602574007634097,22.99,0.31120000000000003,17.66,11.373041678983153,75.54860294903301,82.91457286432161,94.91206030150755,50.0,62.6640362859343,0.058823529411764705,0.9117647058823529,0.8333333333333334,0.9754901960784313,D-,A-,B+,A+,cboeglobalmarketsinc
T,AT&T Inc,Communication Services,Integrated Telecommunication Services,26.12,8.5318,1.4451,5.78,1.6630269382349758,82.59,2.92,19.650000000000002,0.1981,8.73,0.46345029239766106,-5.4993,82.59,2.92,-5.4993,0.46345029239766106,19.650000000000002,0.1981,8.73,77.22007722007721,67.53246753246754,64.12698412698411,43.997113997114,50.0,62.64268164268164,0.8648648648648649,0.7837837837837838,0.7567567567567568,0.40540540540540543,B+,B,B,C,attinc
COR,Cencora Inc,Health Care,Health Care Distributors,304.0,36.3874,0.1815,17.5764,39.09565575246277,18.29,7.45,101.42999999999999,0.82,17.07,0.3097428195982729,4.6724,18.29,7.45,4.6724,0.3097428195982729,97.80199999999995,0.43686,17.07,63.574635241301905,54.895957068737275,91.72932330827068,38.99967309578294,50.0,62.605115670297195,0.7037037037037037,0.6,0.9777777777777777,0.362962962962963,B,C+,A+,C-,cencorainc
FIBK,First Interstate Bancsystem Inc,Financials,Regional Banks,35.45,11.4431,2.2313,9.5653,1.0398028920892852,81.45,104.1652,8.83,0.3286886,7.109999999999999,0.7167286245353164,33.0206,81.45,85.8019475,33.0206,0.7167286245353164,8.83,0.3286886,7.109999999999999,77.9707360331067,94.04893716640564,28.643216080402013,60.47992772853029,50.0,62.559261007364356,0.9019607843137255,0.9950980392156863,0.27941176470588236,0.6421568627450981,A-,A+,D+,B-,firstinterstatebancsysteminc
ILMN,Illumina Inc,Health Care,Life Sciences Tools & Services,135.78,23.9441,4.6863,15.5683,7.629204265791633,4.22,-0.66,34.94,0.1844,19.220000000000002,0.7581824192778166,77.467,4.22,-0.66,77.467,0.7581824192778166,34.94,0.1844,19.220000000000002,52.564534231200895,34.70028134522034,77.19298245614036,90.56261343012704,50.0,62.49195812690479,0.5555555555555556,0.2518518518518518,0.8148148148148148,0.9259259259259259,C+,D+,B+,A-,illuminainc
UAL,United Airlines Holdings Inc,Industrials,Passenger Airlines,92.52,8.1957,0.4966,5.6508,1.9583522070620907,2.02,4.73,24.91,0.08439999999999999,9.32,0.46969998013113456,33.7767,2.02,4.73,33.7767,0.46969998013113456,24.91,0.08439999999999999,9.32,96.27114320786903,49.024107021027156,54.679802955665025,49.30185153728554,50.0,62.402928252546054,1.0,0.46116504854368934,0.5606796116504854,0.46601941747572817,A+,C,C+,C,unitedairlinesholdingsinc
PLAB,Photronics Inc,Information Technology,Semiconductor Materials & Equipment,50.16,21.3782,3.3842,8.268,2.4632791667280522,-0.73,-0.06,11.84,0.2445,11.84,0.9273480662983423,172.3127,-0.73,-0.06,172.3127,0.9273480662983423,11.84,0.2445,11.84,77.81996938655364,34.013011716417665,64.53323851430434,74.76437085345717,50.0,62.34377848918946,0.8223684210526315,0.20394736842105263,0.6776315789473685,0.8092105263157895,B+,D+,B-,B+,photronicsinc
XPEL,Xpel Inc,Consumer Discretionary,Automotive Parts & Equipment,47.8,25.7328,2.7681,18.391,4.707689883391112,13.49,13.27,19.689999999999998,0.1316,19.68,0.7018382352941176,64.6573,13.49,13.27,64.6573,0.7018382352941176,19.689999999999998,0.1316,19.68,28.12509576782814,81.04749470774506,69.63470319634702,83.42938119981105,50.0,62.33532492255502,0.2214765100671141,0.8791946308724832,0.7315436241610739,0.8791946308724832,D+,B+,B,B+,xpelinc
SSD,Simpson Manufacturing Co Inc,Industrials,Building Products,192.05,22.9843,3.4,14.4482,3.9034235494020373,8.57,4.51,17.630000000000003,0.19640000000000002,14.81,0.6711492451117897,24.8456,8.57,4.51,24.8456,0.6711492451117897,17.630000000000003,0.19640000000000002,14.81,54.50603408420616,61.616581437600395,70.935960591133,68.11726540910729,50.0,62.307268038176325,0.558252427184466,0.6650485436893204,0.75,0.6990291262135923,C+,B-,B,B-,simpsonmanufacturingcoinc
SM,SM Energy Co,Energy,Oil & Gas Exploration & Production,30.47,11.249,2.3111,4.7493,0.726153934148062,-15.68,17.24,14.000000000000002,0.317,8.82,0.8240506329113924,28.7283,-15.68,17.24,28.7283,0.8240506329113924,14.000000000000002,0.317,8.82,75.90263219194037,61.32932980234429,72.9559748427673,39.080793420416065,50.0,62.29667640322899,0.9259259259259259,0.6666666666666666,0.75,0.35185185185185186,A-,B-,B,C-,smenergyco
VITL,Vital Farms Inc,Consumer Staples,Agricultural Products & Services,14.18,9.5836,0.8364,5.9144,1.8084197370266926,20.88,25.26,20.69,0.1164,20.0,0.057592256503327256,-59.5666,20.88,14.026499999999995,-52.17986,0.057592256503327256,20.69,0.1164,20.0,84.10138248847926,87.50594227504243,67.74193548387096,9.032258064516128,50.0,62.26846956099927,0.9682539682539683,0.9365079365079365,0.746031746031746,0.031746031746031744,A,A,B,F,vitalfarmsinc
HRB,H & R Block Inc,Consumer Discretionary,Specialized Consumer Services,31.25,6.5261,1.0567,6.1569,47.084526141328915,19.35,4.7,336.84,0.22260000000000002,18.93,0.0847511087584374,-49.6698,19.35,4.7,-35.29185,0.0847511087584374,165.0675,0.22260000000000002,18.93,80.02972633385431,66.94231592465754,88.6986301369863,8.32876712328767,50.0,62.23630572729919,0.8859060402684564,0.7181208053691275,0.9765100671140939,0.013422818791946308,B+,B,A+,F,hrblockinc
STT,State Street Corp,Financials,Asset Management & Custody Banks,152.0,13.87,1.80473,17.4118,1.5236476123840474,11.47,181.1518,11.09,0.24962610000000002,5.04,0.9393851508120649,71.3062,11.47,85.8019475,71.3062,0.9393851508120649,11.09,0.24962610000000002,5.04,53.33653561927284,74.29513035580725,44.221105527638194,89.83165829145729,50.0,62.21476801618067,0.5294117647058824,0.9019607843137255,0.43137254901960786,0.9264705882352942,C+,A-,C,A-,statestreetcorp
HCSG,Healthcare Services Group Inc,Industrials,Environmental & Facilities Services,21.3,21.7287,0.7964,15.9791,2.905469922247988,69.63,6.46,13.600000000000001,0.0321,13.600000000000001,0.7365728900255755,46.6942,69.63,6.46,46.6942,0.7365728900255755,13.600000000000001,0.0321,13.600000000000001,69.50675147862961,74.94909495737244,41.871921182266014,71.47783251231527,50.0,62.13005365916145,0.7864077669902912,0.8398058252427184,0.3762135922330097,0.7524271844660194,B,B+,C-,B,healthcareservicesgroupinc
RUN,Sunrun Inc,Industrials,Building Products,13.06,6.8297,1.0392,19.0931,0.9739799685283655,29.08,45.11,15.440000000000001,-0.042699999999999995,2.6100000000000003,0.4501758499413833,81.6412,29.08,21.676999999999982,81.6412,0.4501758499413833,15.440000000000001,-0.023359999999999985,2.6100000000000003,70.8984966601304,92.44063501554697,23.316912972085387,75.32620449357202,50.0,62.107220309877746,0.8009708737864077,0.9854368932038835,0.16990291262135923,0.7669902912621359,B+,A+,D,B,sunruninc
ARW,Arrow Electronics Inc,Information Technology,Technology Distributors,184.52,16.4672,0.3049,12.724,1.4311086981812542,49.65,10.49,9.049999999999999,0.026600000000000002,6.16,0.9004135829342623,63.1909,49.65,10.49,63.1909,0.9004135829342623,9.049999999999999,0.026600000000000002,6.16,89.14841634287059,69.22834639430124,32.80293938989881,63.74664270792988,50.0,62.08283675363858,0.9210526315789473,0.7631578947368421,0.28289473684210525,0.625,A-,B,D+,B-,arrowelectronicsinc
WS,Worthington Steel Inc,Materials,Steel,39.17,16.0562,0.5837,9.0108,1.80693434697568,12.12,5.55,11.01,0.0417,9.25,0.5991180597314091,52.5312,12.12,5.55,52.5312,0.5991180597314091,11.01,0.0417,9.25,82.53968253968253,59.057925249829296,50.0,60.525451559934325,50.0,62.05159599687335,0.8968253968253969,0.6507936507936508,0.4603174603174603,0.5873015873015873,B+,B-,C,C+,worthingtonsteelinc
KLAC,KLA Corp,Information Technology,Semiconductor Materials & Equipment,1726.26,49.643,17.7544,38.8714,48.56862309278698,44.58,17.49,95.22,0.4199,42.71,0.8314882176182192,155.2469,44.58,17.49,155.2469,0.8314882176182192,95.22,0.4199,42.71,29.18580007064642,75.11863036023661,93.9863993955287,56.11007697447617,50.0,62.03879133348634,0.25,0.868421052631579,0.9736842105263158,0.5394736842105263,D+,B+,A+,C+,klacorp
IBM,International Business Machines Corp,Information Technology,IT Consulting & Other Services,232.2,20.4044,3.1836,19.7436,6.664026311711122,94.45,9.67,35.53,0.1532,11.44,0.1101938951814167,-3.1127,94.45,9.67,-3.1127,0.1101938951814167,35.53,0.1532,11.44,69.29677381372896,71.33209987084301,69.30530245788701,40.405192611735124,50.0,61.99797756441963,0.75,0.8223684210526315,0.7105263157894737,0.32894736842105265,B,B+,B,C-,internationalbusinessmachinescorp
SLM,SLM Corp,Financials,Consumer Finance,22.69,5.75,1.90601,10.4057,1.843816024703397,28.55,31.52147,31.16,0.2673951,8.58,0.28604651162790706,-24.3414,28.55,31.52147,-24.3414,0.28604651162790706,31.16,0.2673951,8.58,72.1228692482018,67.52111776140958,91.4572864321608,12.6036432160804,50.0,61.91999111558865,0.8284313725490197,0.8431372549019608,0.9166666666666666,0.10784313725490197,B+,B+,A-,D,slmcorp
ORCL,Oracle Corp,Information Technology,Application Software,171.83,30.1355,7.6236,27.0532,23.584556048149114,31.02,14.87,57.35,0.3056,11.77,0.17646223064172395,18.1043,31.02,14.87,18.1043,0.17646223064172395,57.35,0.3056,11.77,50.133933827858236,62.20555875910614,79.48945879076108,59.937842101158374,50.0,61.83452832670773,0.5460526315789473,0.6842105263157895,0.8355263157894737,0.5789473684210527,C+,B-,B+,C+,oraclecorp
D,Dominion Energy Inc,Utilities,Multi-Utilities,63.94,18.8657,3.524,14.7486,1.9325102383147204,41.05,16.9,10.7,0.2768,3.9800000000000004,0.7587288715777436,16.615,41.05,16.9,16.615,0.7587288715777436,10.7,0.2768,3.9800000000000004,47.186761229314435,91.41414141414141,62.96296296296296,55.0,50.0,61.820259330897635,0.48936170212765956,1.0,0.6808510638297872,0.48936170212765956,C,A+,B-,C,dominionenergyinc
VCTR,Victory Capital Holdings Inc,Financials,Asset Management & Custody Banks,77.89,15.1148,3.8195,10.2856,2.0607019456158824,13.77,46.19,15.65,0.36579999999999996,10.73,0.9470459518599565,35.6732,13.77,46.19,35.6732,0.9470459518599565,15.65,0.36579999999999996,10.73,40.375899103359934,67.47581134961564,65.82914572864321,83.51005025125627,50.0,61.74843352817517,0.3333333333333333,0.8382352941176471,0.6666666666666666,0.8676470588235294,C-,B+,B-,B+,victorycapitalholdingsinc
PHIN,Phinia Inc,Consumer Discretionary,Automotive Retail,74.02,21.4124,0.8027,9.0043,1.7684188395617417,85.63,1.91,8.21,0.0732,5.06,0.8304638928742227,83.0819,85.63,1.91,81.545,0.8304638928742227,8.21,0.0732,5.06,63.16845944040943,65.23151706491282,34.93150684931507,95.75757575757575,50.0,61.72281013692884,0.7181208053691275,0.7046979865771812,0.30201342281879195,0.9865771812080537,B,B,C-,A+,phiniainc
INSW,International Seaways Inc,Energy,Oil & Gas Storage & Transportation,85.14,13.6287,4.998,9.2064,2.0820240188394563,-25.79,-11.38,16.02,0.4092,12.1,0.9957569913211186,150.7067,-25.79,-11.38,148.72904,0.9957569913211186,16.02,0.40247999999999995,12.1,44.735616119263916,21.167793820272976,88.67924528301887,95.60646900269542,50.0,61.70856791516437,0.3888888888888889,0.09259259259259259,0.9629629629629629,1.0,C-,D-,A,A+,internationalseawaysinc
KSS,Kohls Corp,Consumer Discretionary,Broadline Retail,14.66,6.031,0.1053,3.6604,0.40561216725829974,144.37,-4.28,6.909999999999999,0.04019999999999999,3.36,0.4368000000000001,103.3287,144.37,-4.28,81.545,0.4368000000000001,6.909999999999999,0.04019999999999999,3.36,98.19190340473784,54.97945205479452,23.40182648401826,76.51506849315068,50.0,61.697336581778075,1.0,0.5302013422818792,0.1610738255033557,0.8120805369127517,A+,C+,D,B+,kohlscorp
ENSG,Ensign Group Inc,Health Care,Health Care Facilities,183.72,31.4723,2.1404,19.2546,4.781672856745017,14.27,18.72,16.59,0.08410000000000001,15.509999999999998,0.6272292301000435,43.408,14.27,18.72,43.408,0.6272292301000435,16.59,0.08410000000000001,15.509999999999998,49.455667789001126,69.70546030491043,58.39598997493734,78.54290899662949,50.0,61.612588301292604,0.5037037037037037,0.7703703703703704,0.6074074074074074,0.8074074074074075,C+,B,B-,B+,ensigngroupinc
AX,Axos Financial Inc,Financials,Regional Banks,87.41,10.8496,2.35138,9.0906,1.8417847676118955,8.63,78.88815,16.59,0.496028,12.479999999999999,0.6333096621421838,33.4504,8.63,78.88815,33.4504,0.6333096621421838,16.59,0.496028,12.479999999999999,62.815302000197065,61.27454332182329,71.35678391959799,54.04776692451019,50.0,61.607483529215465,0.6666666666666666,0.7107843137254902,0.7205882352941176,0.5637254901960784,B-,B,B,C+,axosfinancialinc
WTS,Watts Water Technologies Inc,Industrials,Building Products,293.6,29.1455,4.0733,20.1346,4.82785951191919,16.99,8.27,17.82,0.1838,16.150000000000002,0.6274651448385467,39.4642,16.99,8.27,39.4642,0.6274651448385467,17.82,0.1838,16.150000000000002,36.89639230315494,72.9931042015827,71.5927750410509,74.31935600144179,50.0,61.58478387665636,0.30097087378640774,0.8058252427184466,0.7572815533980582,0.7572815533980582,C-,B+,B,B,wattswatertechnologiesinc
BAC,Bank of America Corp,Financials,Diversified Banks,53.24,12.1189,2.32875,26.8558,1.2662834201068873,18.65,99.36713,10.5,0.3273721,3.08,0.7601558152476352,32.5367,18.65,85.8019475,32.5367,0.7601558152476352,10.5,0.3273721,3.08,64.75268499359542,81.1296407407103,40.20100502512563,69.95747970622342,50.0,61.45584659406701,0.6911764705882353,0.9558823529411765,0.39215686274509803,0.7794117647058824,B-,A,C-,B,bankofamericacorp
CI,Cigna Group,Health Care,Health Care Services,282.9,12.5541,0.272,8.9971,1.7868286286706094,80.88,11.24,14.530000000000001,0.0335,8.200000000000001,0.39270522219205345,-15.5976,80.88,11.24,-15.5976,0.39270522219205345,14.530000000000001,0.0335,8.200000000000001,92.77777777777779,75.33730757325831,44.61152882205514,35.17214087851207,50.0,61.44921634031231,0.9851851851851852,0.8666666666666667,0.4148148148148148,0.3037037037037037,A+,B+,C,C-,cignagroup
MAR,Marriott International Inc,Consumer Discretionary,"Hotels, Resorts & Cruise Lines",354.97,36.8399,3.6592,25.6292,194.11057035052224,14.13,4.33,309.12,0.15810000000000002,25.790000000000003,0.8207533657977658,45.5093,14.13,4.33,45.5093,0.8207533657977658,165.0675,0.15810000000000002,25.790000000000003,17.98443198185774,62.92852157232957,87.10045662100457,87.67123287671234,50.0,61.39117304052395,0.0738255033557047,0.6577181208053692,0.959731543624161,0.8926174496644296,D-,B-,A,B+,marriottinternationalinc
EBAY,eBay Inc,Consumer Discretionary,Broadline Retail,104.07,22.658,4.1458,22.1197,10.125116749688667,9.32,7.95,42.68,0.2051,17.65,0.9185554171855539,53.7905,9.32,7.95,53.7905,0.910355871419793,42.68,0.2051,17.65,24.04768471698691,64.46404109589041,80.70776255707763,86.4,50.0,61.36167003769422,0.18120805369127516,0.6845637583892618,0.8859060402684564,0.8859060402684564,D,B-,B+,B+,ebayinc
FNB,FNB Corp,Financials,Regional Banks,17.66,10.8033,2.56275,13.8983,0.9335666368869835,27.72,64.79501,8.76,0.42536409999999997,6.36,0.7601296596434359,33.283,27.72,64.79501,33.283,0.7601296596434359,8.76,0.42536409999999997,6.36,85.67346536604592,76.36857931557732,27.63819095477387,63.516458697984305,50.0,61.304921682917275,0.946078431372549,0.9215686274509803,0.2696078431372549,0.6715686274509803,A,A-,D+,B-,fnbcorp
MNST,Monster Beverage Corp,Consumer Staples,Soft Drinks & Non-alcoholic Beverages,77.12,39.7848,9.1396,29.376,9.138740105228232,30.46,10.7,25.650000000000002,0.2917,25.480000000000004,0.6497097985660637,29.5699,30.46,10.7,29.5699,0.6497097985660637,25.650000000000002,0.2917,25.480000000000004,11.136712749615976,89.11148839841539,83.87096774193549,73.44516129032257,50.0,61.26325006063546,0.015873015873015872,0.9682539682539683,0.8809523809523809,0.746031746031746,F,A,B+,B,monsterbeveragecorp
PNC,PNC Financial Services Group Inc,Financials,Diversified Banks,220.71,12.4195,2.34179,14.7901,1.422270968041273,20.05,72.26733,11.98,0.345423,6.890000000000001,0.7267701717243004,37.0955,20.05,72.26733,37.0955,0.7267701717243004,11.98,0.345423,6.890000000000001,59.51325253719578,74.2871937337158,49.246231155778894,71.04367993815231,50.0,61.25604565761729,0.6029411764705882,0.8970588235294118,0.4803921568627451,0.7843137254901961,B-,B+,C,B,pncfinancialservicesgroupinc
MMS,Maximus Inc,Industrials,Data Processing & Outsourced Services,65.58,9.6272,0.6661,7.3788,2.146975148386167,41.59,-0.15,21.759999999999998,0.1094,11.540000000000001,0.12305732484076429,-1.1307,41.59,-0.15,-1.1307,0.12305732484076429,21.759999999999998,0.1094,11.540000000000001,93.33939133068695,54.339926325794046,60.426929392446645,34.668435013262595,50.0,61.24325244859473,0.9805825242718447,0.5776699029126213,0.6310679611650486,0.3300970873786408,A+,C+,B-,C-,maximusinc
PPC,Pilgrims Pride Corp,Consumer Staples,Packaged Foods & Meats,31.88,7.0628,0.4133,4.8658,2.0578495859126384,-0.63,3.46,30.72,0.0872,16.28,0.058229066410009495,-31.8075,-0.63,3.46,-31.8075,0.058229066410009495,30.72,0.0872,16.28,93.10462536268987,62.37791514531752,66.66666666666667,19.05841325196164,50.0,61.23008868679497,1.0,0.6507936507936508,0.7222222222222222,0.12698412698412698,A+,B-,B,D,pilgrimspridecorp
FOXA,Fox Corp,Communication Services,Broadcasting,63.35,13.484,1.5381,8.9062,2.3637706899897015,-11.16,9.2,16.220000000000002,0.1807,10.27,0.5461190393317091,28.7078,-11.16,9.2,28.7078,0.5461190393317091,16.220000000000002,0.1807,10.27,63.02445302445303,56.52173913043478,61.785714285714285,68.30227743271223,50.0,61.16734514017123,0.6351351351351351,0.6081081081081081,0.6891891891891891,0.7297297297297297,B-,B-,B-,B,foxcorp
NTAP,NetApp Inc,Information Technology,"Technology Hardware, Storage & Peripherals",112.08,18.1855,3.2853,14.1083,21.661738273322896,10.76,3.09,116.57,0.22210000000000002,32.64,0.6113036523593708,24.9081,10.76,3.09,24.9081,0.6113036523593708,109.87799999999994,0.22210000000000002,32.64,76.18774284705052,34.98908357816229,87.03423855875076,41.800111750998454,50.0,61.163334417282464,0.8092105263157895,0.2236842105263158,0.8947368421052632,0.34868421052631576,B+,D+,B+,C-,netappinc
RCL,Royal Caribbean Cruises Ltd,Consumer Discretionary,"Hotels, Resorts & Cruise Lines",265.55,16.6866,3.9709,13.8411,7.154615676839306,47.85,8.8,45.82,0.2728,14.56,0.3228467936678295,20.2836,47.85,8.8,20.2836,0.3228467936678295,45.82,0.2721,14.56,39.17440470718029,84.78655311399456,81.84931506849314,44.73225404732254,50.0,61.159691376181776,0.348993288590604,0.9060402684563759,0.9093959731543624,0.4161073825503356,C-,A-,A-,C,royalcaribbeancruisesltd
R,Ryder System Inc,Industrials,Cargo Ground Transportation,249.99,19.6921,0.7683,6.2007,3.2286727945022546,4.84,-0.07,16.36,0.0795,4.6,0.9269003475681589,79.9784,4.84,-0.07,79.9784,0.9269003475681589,16.36,0.0795,4.6,87.20487190524017,49.06926683217279,35.960591133004925,77.3907516287939,50.0,61.083369451754606,0.9368932038834952,0.470873786407767,0.3106796116504854,0.7815533980582524,A,C,C-,B,rydersysteminc
AMZN,Amazon.com Inc,Consumer Discretionary,Broadline Retail,268.26,31.2354,3.8183,15.8474,7.003025611975054,36.46,14.22,23.34,0.115,18.98,0.9375763634344108,41.041,36.46,14.22,41.041,0.910355871419793,23.34,0.115,18.98,24.568661702062457,85.13099315068493,67.57990867579909,80.05479452054794,50.0,61.074300128711954,0.20134228187919462,0.9194630872483222,0.6912751677852349,0.8322147651006712,D+,A-,B-,B+,amazoncominc
CON,Concentra Group Holdings Parent Inc,Health Care,Health Care Services,22.53,17.3516,1.3347,10.7158,7.369006345260679,-42.65,13.85,46.6,0.154,8.41,0.6490228013029318,3.3103,-42.65,13.85,3.3103,0.6490228013029318,46.6,0.154,8.41,80.62289562289563,44.06334361176522,67.41854636591479,51.226751088246935,50.0,61.06837943720504,0.8888888888888888,0.4148148148148148,0.7037037037037037,0.4962962962962963,B+,C,B,C,concentragroupholdingsparentinc
EXLS,Exlservice Holdings Inc,Industrials,Data Processing & Outsourced Services,31.74,19.6533,2.3631,13.7172,5.439961608336475,27.93,13.56,25.5,0.1503,19.46,0.2196796338672768,-31.4619,27.93,13.56,-31.4619,0.2196796338672768,25.5,0.1503,19.46,63.91027787077335,79.87877921964977,76.68308702791461,24.694960212201593,50.0,61.06308911104226,0.7378640776699029,0.8932038834951457,0.8155339805825242,0.1941747572815534,B,B+,B+,D,exlserviceholdingsinc
IIIN,Insteel Industries Inc,Industrials,Building Products,26.4,11.9518,0.7366,6.8088,1.3799303762401078,88.38,20.94,11.72,0.0784,11.72,0.1185656448814342,-21.9166,88.38,20.94,-21.9166,0.1185656448814342,11.72,0.0784,11.72,91.56662999984057,94.53736438187667,43.43185550082102,16.65024630541872,50.0,60.98714351262448,0.970873786407767,0.9902912621359223,0.3932038834951456,0.10194174757281553,A+,A+,C-,D,insteelindustriesinc
PLTR,Palantir Technologies Inc,Information Technology,Application Software,144.07,212.038,76.9909,231.2871,46.483190294895785,234.64,56.18,25.66,0.3159,25.66,0.37915790524256865,23.9845,234.64,48.17399999999999,23.9845,0.37915790524256865,25.66,0.3159,25.66,9.473978570587542,95.39976892574542,82.6155236529031,69.41081658136588,50.0,60.98449265729492,0.03289473684210526,0.993421052631579,0.868421052631579,0.7039473684210527,F,A+,B+,B,palantirtechnologiesinc
AVGO,Broadcom Inc,Information Technology,Semiconductors,421.28,79.8743,29.2115,66.744,24.569302368982772,147.22,25.22,32.85,0.4077,17.630000000000003,0.9655911213952092,113.4901,147.22,25.22,113.4901,0.9655911213952092,32.85,0.4077,17.630000000000003,19.89138113740728,83.57946710600768,84.59338933582234,65.68337277575148,50.0,60.97376059465924,0.14473684210526316,0.9210526315789473,0.875,0.6578947368421053,D,A-,B+,B-,broadcominc
EXPD,Expeditors International of Washington Inc,Industrials,Air Freight & Logistics,147.23,24.1415,1.7673,16.3645,8.367908335512032,3.93,4.42,35.55,0.0951,35.55,0.6738029089720541,34.3217,3.93,4.42,34.3217,0.6738029089720541,35.55,0.0951,26.983999999999988,58.32974636121606,54.673923479322006,75.53366174055829,57.816748768472905,50.0,60.96398647500257,0.6310679611650486,0.5825242718446602,0.8058252427184466,0.5776699029126213,B-,C+,B+,C+,expeditorsinternationalofwashingtoninc
PTCT,PTC Therapeutics Inc,Health Care,Pharmaceuticals,65.15,7.7836,3.0702,7.8303,3073.11320754717,,114.51,-351.90999999999997,0.5009,-39.77,0.5664403491755577,31.563,,51.019999999999925,31.563,0.5664403491755577,-41.448,0.43686,-23.244,80.70707070707071,74.4360902255639,34.58646616541353,60.88721804511278,50.0,60.8880458722564,0.8962962962962963,0.8592592592592593,0.2851851851851852,0.6148148148148148,B+,B+,D+,B-,ptctherapeuticsinc
AMGN,Amgen Inc,Health Care,Biotechnology,329.82,22.6765,4.7522,14.8108,20.525234924388574,31.27,9.07,89.41,0.28800000000000003,12.11,0.5266440782381024,16.2238,31.27,9.07,16.2238,0.5266440782381024,89.41,0.28800000000000003,12.11,55.06734006734007,55.69116686104701,81.70426065162907,52.20050125313283,50.0,60.77123380257825,0.6222222222222222,0.6148148148148148,0.8555555555555555,0.5185185185185185,B-,B-,B+,C+,amgeninc
ENS,EnerSys,Industrials,Electrical Components & Equipment,212.39,25.1189,2.1018,16.4231,4.344295491456225,-0.06,5.2,16.61,0.1161,10.14,0.981283422459893,142.6205,-0.06,5.2,142.6205,0.981283422459893,16.61,0.1161,10.14,53.95364037814657,50.571185375575155,54.679802955665025,92.40699847120774,50.0,60.75399760280948,0.5436893203883495,0.5194174757281553,0.5606796116504854,0.9757281553398058,C+,C+,C+,A+,enersys
KO,Coca-Cola Co,Consumer Staples,Soft Drinks & Non-alcoholic Beverages,78.58,24.7879,6.8911,23.5886,10.5085788410875,27.18,5.11,43.62,0.30010000000000003,17.57,0.7945477045812256,10.2258,27.18,5.11,10.2258,0.7945477045812256,43.62,0.30010000000000003,17.57,21.232292200034134,75.9660441426146,84.40860215053763,70.55483870967741,50.0,60.71440015810134,0.12698412698412698,0.8253968253968254,0.9047619047619048,0.6984126984126984,D,B+,A-,B-,cocacolaco
PRI,Primerica Inc,Financials,Life & Health Insurance,276.96,11.6007,2.6475,9.5592,3.601982026505052,28.59,5.9,32.29,0.30329999999999996,18.05,0.8089402830514325,7.191,28.59,5.9,7.191,0.8089402830514325,32.29,0.30329999999999996,18.05,44.333185535520734,60.379191214308435,91.95979899497488,47.564489112227804,50.0,60.661982197931145,0.39705882352941174,0.7009803921568627,0.9215686274509803,0.47058823529411764,C-,B,A-,C,primericainc
VNT,Vontier Corp,Information Technology,Electronic Equipment & Instruments,35.16,12.2597,1.6188,10.2521,4.01846941574472,0.48,3.24,34.02,0.1837,12.35,0.193568336425479,9.0909,0.48,3.24,9.0909,0.193568336425479,34.02,0.1837,12.35,89.19257035205463,34.240623082166906,72.40766256278057,42.05394433300978,50.0,60.65897171174414,0.9276315789473685,0.21710526315789475,0.7302631578947368,0.3618421052631579,A-,D+,B,C-,vontiercorp
SKYW,SkyWest Inc,Industrials,Passenger Airlines,83.54,7.5585,0.7874,5.0808,1.2127969385370077,19.39,12.26,16.0,0.1461,8.42,0.08056440600819313,-7.3631,19.39,12.26,-7.3631,0.08056440600819313,16.0,0.1461,8.42,93.8487413713393,77.07084285927778,54.02298850574713,16.320706641753013,50.0,60.64624236947777,0.9951456310679612,0.8640776699029126,0.5485436893203883,0.08737864077669903,A+,B+,C+,D-,skywestinc
ADBE,Adobe Inc,Information Technology,Application Software,250.71,13.8004,4.068,10.6312,9.029258384234183,13.16,10.96,62.31,0.3665,40.56,0.13368876370586466,-33.078,13.16,10.96,-33.078,0.13368876370586466,62.31,0.3665,40.56,79.0960202519722,43.68607495052521,90.65439945479058,22.24088785497385,50.0,60.622997487790514,0.8289473684210527,0.3815789473684211,0.9407894736842105,0.13815789473684212,B+,C-,A,D,adobeinc
PBF,PBF Energy Inc,Energy,Oil & Gas Refining & Marketing,43.0,11.6244,0.1701,5.2037,0.945256461267567,,-4.33,8.35,0.025099999999999997,5.6899999999999995,0.7429291514981798,158.1032,,-4.33,148.72904,0.7429291514981798,8.35,0.025099999999999997,5.6899999999999995,90.0535755881668,50.08735150244584,35.22012578616352,71.4325646401118,50.0,60.62240857209411,1.0,0.5185185185185185,0.3333333333333333,0.6851851851851852,A+,C+,C-,B-,pbfenergyinc
PRGS,Progress Software Corp,Information Technology,Systems Software,28.95,14.0939,1.213,8.9394,2.562173643685282,53.68,22.42,17.82,0.16940000000000002,4.52,0.12308061420345487,-51.8543,53.68,22.42,-43.63098,0.12308061420345487,17.82,0.16940000000000002,4.52,91.41204521370541,85.86002387100618,52.95346459842659,11.740062521297244,50.0,60.61139473149369,0.9605263157894737,0.9473684210526315,0.5592105263157895,0.06578947368421052,A,A,C+,D-,progresssoftwarecorp
CMCSA,Comcast Corp,Communication Services,Cable & Satellite,27.19,5.2043,0.7809,4.0234,1.0113145229080036,24.85,1.39,19.830000000000002,0.15289999999999998,9.719999999999999,0.3000352222917972,-14.1827,24.85,1.39,-14.1827,0.3000352222917972,19.830000000000002,0.15289999999999998,9.719999999999999,91.84041184041185,58.23451910408433,61.402116402116405,28.16362381579773,50.0,60.59026064460848,0.972972972972973,0.6486486486486487,0.6216216216216216,0.16216216216216217,A+,B-,B-,D,comcastcorp
GEO,Geo Group Inc,Industrials,Environmental & Facilities Services,18.75,9.782,0.9458,6.5752,1.6964641163910101,354.95,8.55,17.68,0.0947,8.25,0.31869254341164444,-40.5517,107.05100000000004,8.55,-35.15209,0.31869254341164444,17.68,0.0947,8.25,90.59814752817766,84.81847232957625,48.93267651888342,18.71569317382125,50.0,60.589539112444776,0.9660194174757282,0.9368932038834952,0.48058252427184467,0.1407766990291262,A,A,C,D,geogroupinc
GRBK,Green Brick Partners Inc,Consumer Discretionary,Homebuilding,66.27,9.1213,1.3615,6.9524,1.5402458071473728,-16.14,-0.02,17.7,0.19510000000000002,14.729999999999999,0.3958076448828605,13.6317,-16.14,-0.02,13.6317,0.3958076448828605,17.7,0.19510000000000002,14.729999999999999,74.86592504060555,45.728096461187214,68.2648401826484,53.06697108066972,50.0,60.54170481418487,0.825503355704698,0.4161073825503356,0.7114093959731543,0.5167785234899329,B+,C,B,C+,greenbrickpartnersinc
CVNA,Carvana Co,Consumer Discretionary,Automotive Retail,382.6,59.6515,4.13,47.7783,24.27680378682606,420.71,48.63,62.849999999999994,0.09179999999999999,18.38,0.5688536111455622,51.9038,202.9259999999997,22.7775,51.9038,0.5688536111455622,62.849999999999994,0.09179999999999999,18.38,11.217860316876587,98.54113561773558,71.91780821917808,74.94396014943959,50.0,60.4809362874487,0.03355704697986577,1.0,0.7718120805369127,0.7785234899328859,F,A+,B,B,carvanaco
MWA,Mueller Water Products Inc,Industrials,Industrial Machinery & Supplies & Components,27.39,21.6793,2.9975,13.8992,4.361742786164724,45.37,5.94,21.0,0.187,14.24,0.5629539951573851,3.125,45.37,5.94,3.125,0.5629539951573851,21.0,0.187,14.24,58.40387711830632,80.85988672482975,72.08538587848932,33.37614356087263,50.0,60.46952180633939,0.6359223300970874,0.9077669902912622,0.7621359223300971,0.3106796116504854,B-,A-,B,C-,muellerwaterproductsinc
ANET,Arista Networks Inc,Information Technology,Communications Equipment,172.7,63.4372,24.7347,54.6685,17.54154308698655,23.67,28.6,31.009999999999998,0.4282,31.009999999999998,0.92680412371134,96.6075,23.67,28.6,96.6075,0.92680412371134,31.009999999999998,0.4282,31.009999999999998,22.545037089367714,78.30324647896339,87.94316784449678,60.929404269819386,50.0,60.468581383222684,0.17763157894736842,0.875,0.9078947368421053,0.5986842105263158,D,B+,A-,C+,aristanetworksinc
ROST,Ross Stores Inc,Consumer Discretionary,Apparel Retail,228.84,34.2431,3.2286,21.8781,11.921357797018098,4.7,7.67,36.7,0.11900000000000001,29.14,0.9848985370457763,64.716,4.7,7.67,64.716,0.910355871419793,36.7,0.11900000000000001,29.14,20.24914958168613,63.9362895606991,75.79908675799086,93.30184222957013,50.0,60.4596854429731,0.12080536912751678,0.6778523489932886,0.8053691275167785,0.9731543624161074,D,B-,B+,A+,rossstoresinc
TGTX,TG Therapeutics Inc,Health Care,Biotechnology,33.85,11.9558,8.6751,41.0868,23.722755624080175,1889.26,87.32,101.12,0.20010000000000003,65.05,0.40424528301886803,-25.3912,1389.2,51.019999999999925,-25.3912,0.40424528301886803,97.80199999999995,0.20010000000000003,29.947999999999997,40.62289562289562,95.8649097992506,88.7218045112782,19.675856307435254,50.0,60.444328254880624,0.37777777777777777,1.0,0.9407407407407408,0.14074074074074075,C-,A+,A,D,tgtherapeuticsinc
BTSG,Brightspring Health Services Inc,Health Care,Health Care Services,52.58,53.2699,0.7867,27.4134,5.387460680143857,48.14,14.59,10.71,0.0229,4.42,0.9435787211176786,193.743,48.14,14.59,103.34951999999993,0.9435787211176786,10.71,0.0229,4.42,48.86083052749719,75.9588914965893,33.583959899749374,98.02136921250496,50.0,60.4072497486305,0.4962962962962963,0.8740740740740741,0.2740740740740741,1.0,C,B+,D+,A+,brightspringhealthservicesinc
CRUS,Cirrus Logic Inc,Information Technology,Semiconductors,164.24,20.4739,4.1903,14.8076,4.405484860839897,38.36,7.04,20.13,0.2311,20.13,0.8634183884909123,71.9071,38.36,7.04,71.9071,0.8634183884909123,20.13,0.2311,20.13,69.36742022842341,54.19605090571709,76.61970161636815,40.24886366831723,50.0,60.38576337600475,0.756578947368421,0.5855263157894737,0.7960526315789473,0.3157894736842105,B,C+,B,C-,cirruslogicinc
PBI,Pitney Bowes Inc,Industrials,Office Services & Supplies,15.53,15.4056,1.1778,9.7083,44.56241032998565,58.9,-28.29,5.27,0.1553,0.13,0.9425444596443229,77.4857,58.9,-9.85,77.4857,0.9425444596443229,5.27,0.1553,0.13,81.4697020421828,49.12544493381124,31.198686371100163,86.88897309586964,50.0,60.36998070925692,0.8737864077669902,0.48058252427184467,0.23786407766990292,0.9271844660194175,B+,C,D+,A-,pitneybowesinc
CFG,Citizens Financial Group Inc,Financials,Regional Banks,64.42,13.8473,1.48499,12.9666,1.0507189644823716,31.85,62.72879,7.630000000000001,0.31448550000000003,5.47,0.8637568199532345,72.7541,31.85,62.72879,72.7541,0.8637568199532345,7.630000000000001,0.31448550000000003,5.47,68.39959601931226,76.07727506374312,20.85427135678392,88.88600304895263,50.0,60.306122466563195,0.7352941176470589,0.9166666666666666,0.2034313725490196,0.9117647058823529,B,A-,D+,A-,citizensfinancialgroupinc
IBP,Installed Building Products Inc,Consumer Discretionary,Homebuilding,290.21,29.1485,2.604,19.3286,11.0275984450938,6.83,1.0,39.12,0.1301,16.96,0.7033340229803854,74.2375,6.83,1.0,74.2375,0.7033340229803854,39.12,0.1301,16.96,26.536115963347743,61.87036244292237,71.91780821917807,91.5068493150685,50.0,60.288923397229624,0.21476510067114093,0.6510067114093959,0.7651006711409396,0.9530201342281879,D+,B-,B,A,installedbuildingproductsinc
VZ,Verizon Communications Inc,Communication Services,Integrated Telecommunication Services,48.11,11.6886,1.4566,7.7165,1.9422610324544511,-2.49,2.85,16.68,0.2109,6.67,0.7313769751693002,11.1085,-2.49,2.85,11.1085,0.7313769751693002,16.68,0.2109,6.67,69.85842985842986,46.53679653679654,61.164021164021165,66.06060606060606,50.0,60.275093275093276,0.8108108108108109,0.40540540540540543,0.5945945945945946,0.7027027027027027,B+,C,C+,B,verizoncommunicationsinc
PR,Permian Resources Corp,Energy,Oil & Gas Exploration & Production,22.1,20.4798,3.7811,6.9353,1.7978003384094756,-12.26,1.29,9.56,0.23550000000000001,6.890000000000001,0.9990448901623689,82.6446,-12.26,1.29,82.6446,0.9967672004860352,9.56,0.23550000000000001,6.890000000000001,53.52900069881202,53.48782474714901,56.60377358490566,85.19593613933236,50.0,60.269945748225695,0.6296296296296297,0.5555555555555556,0.5462962962962963,0.9444444444444444,B-,C+,C+,A,permianresourcescorp
META,Meta Platforms Inc,Communication Services,Interactive Media & Services,608.745,22.0164,7.2295,14.4406,7.089410575449417,7.49,26.18,33.22,0.4121,27.51,0.32060944237110045,6.3849,7.49,22.091999999999985,6.3849,0.32060944237110045,33.22,0.4121,27.51,33.1016731016731,75.08503401360545,90.52910052910052,46.632653061224495,50.0,60.2512308226594,0.35135135135135137,0.8918918918918919,0.8918918918918919,0.4594594594594595,C-,B+,B+,C,metaplatformsinc
NBIX,Neurocrine Biosciences Inc,Health Care,Biotechnology,131.78,27.6293,4.6228,19.3929,4.054956382602274,41.66,21.45,16.669999999999998,0.2164,16.669999999999998,0.48108898227663066,23.6326,41.66,21.45,23.6326,0.48108898227663066,16.669999999999998,0.2164,16.669999999999998,42.772166105499444,76.21541477456016,72.68170426065163,55.558897243107765,50.0,60.21832999507136,0.4074074074074074,0.8888888888888888,0.7703703703703704,0.562962962962963,C,B+,B,C+,neurocrinebiosciencesinc
YELP,Yelp Inc,Communication Services,Interactive Media & Services,28.9,10.4492,1.0385,5.4373,2.4374609921900037,18.34,3.75,19.96,0.126,19.96,0.43015726179463454,-17.8043,18.34,3.75,-17.8043,0.43015726179463454,19.96,0.126,19.96,85.43114543114542,55.527210884353735,66.26984126984127,30.839002267573697,50.0,60.198489305632165,0.918918918918919,0.5135135135135135,0.8108108108108109,0.24324324324324326,A-,C+,B+,D+,yelpinc
TGT,Target Corp,Consumer Staples,Consumer Staples Merchandise Retail,128.89,15.7595,0.5573,8.8578,3.6106776778935985,-8.21,-1.68,23.89,0.048799999999999996,11.68,0.9152235199355616,34.3024,-8.21,-1.68,34.3024,0.9152235199355616,23.89,0.048799999999999996,11.68,77.68390510325993,31.20673893169649,53.225806451612904,80.94292803970222,50.0,60.157361282997954,0.8888888888888888,0.19047619047619047,0.5,0.8095238095238095,B+,D,C,B+,targetcorp
ANDE,Andersons Inc,Consumer Staples,Food Distributors,79.12,28.0004,0.2434,10.9753,2.1509819700297963,-16.73,-2.21,7.4399999999999995,1.0,4.55,0.9900154400411735,111.9475,-16.73,-2.21,82.87165999999995,0.9835605038685735,7.4399999999999995,0.42225999999999975,4.55,69.68766001024065,27.655913978494624,50.26881720430108,98.06451612903227,50.0,60.133205325140814,0.7777777777777778,0.15873015873015872,0.47619047619047616,1.0,B,D,C,A+,andersonsinc
QLYS,Qualys Inc,Information Technology,Systems Software,88.53,15.7998,4.6829,12.1914,5.63691469176207,16.99,10.13,37.830000000000005,0.3317,37.830000000000005,0.17317193675889325,-30.3023,16.99,10.13,-30.3023,0.17317193675889325,37.830000000000005,0.3317,37.830000000000005,73.58265630519251,46.587606798101,87.53129768730462,27.33564454716506,50.0,60.06313876717749,0.7894736842105263,0.4276315789473684,0.9013157894736842,0.20394736842105263,B,C,A-,D+,qualysinc
NWN,Northwest Natural Holding Co,Utilities,Gas Utilities,52.86,19.3883,1.704,10.764,1.4894504305486675,37.23,11.83,7.779999999999999,0.21789999999999998,2.91,0.8146832445233865,23.102,37.23,11.83,23.102,0.8146832445233865,7.779999999999999,0.21789999999999998,2.91,76.95823483057525,74.78488589599701,26.666666666666668,70.94650205761316,50.0,60.05250296503251,0.8085106382978723,0.851063829787234,0.19148936170212766,0.7446808510638298,B+,B+,D,B,northwestnaturalholdingco
ORI,Old Republic International Corp,Financials,Property & Casualty Insurance,39.26,9.4747,1.0346,8.6174,1.6354244772140298,32.73,12.35,16.7,0.1373,13.25,0.32795698924731165,5.2547,32.73,12.35,5.2547,0.32795698924731165,16.7,0.1373,13.25,68.97970243373732,59.599562740924,72.8643216080402,38.227032598891896,50.0,60.02632507840755,0.7598039215686274,0.6862745098039216,0.7352941176470589,0.35784313725490197,B,B-,B,C-,oldrepublicinternationalcorp
FSS,Federal Signal Corp,Industrials,Construction Machinery & Heavy Transportation Equipment,121.61,29.6724,3.3558,21.9009,5.3589448682186935,14.4,17.14,19.09,0.1563,15.190000000000001,0.7834862174005679,44.3613,14.4,17.14,44.3613,0.7834862174005679,19.09,0.1563,15.190000000000001,38.00277392510402,82.53360545616057,68.96551724137932,58.692342140617995,50.0,59.98726231097655,0.32038834951456313,0.9174757281553398,0.7330097087378641,0.5970873786407767,C-,A-,B,C+,federalsignalcorp
PAYC,Paycom Software Inc,Industrials,Human Resource & Employment Services,131.96,13.5408,2.9923,8.0511,4.176385508613242,-9.26,8.95,26.06,0.2938,26.06,0.16615497973719762,-41.8934,-9.26,8.95,-35.15209,0.16615497973719762,26.06,0.2938,26.06,73.25792720837916,53.763371679062544,88.66995073891626,18.3356790992259,50.0,59.901779642481536,0.8203883495145631,0.5631067961165048,0.9611650485436893,0.13106796116504854,B+,C+,A,D,paycomsoftwareinc
KTB,Kontoor Brands Inc,Consumer Discretionary,"Apparel, Accessories & Luxury Goods",72.2,17.5393,1.2655,12.6903,7.060572277963583,-6.73,20.9,45.050000000000004,0.10679999999999999,13.77,0.5575485799701048,19.7148,-6.73,20.9,19.7148,0.5575485799701048,45.050000000000004,0.10679999999999999,13.77,52.41947841010082,71.92814805057955,66.89497716894978,53.09799789251844,50.0,59.833843083382256,0.5503355704697986,0.7986577181208053,0.6812080536912751,0.5234899328859061,C+,B,B-,C+,kontoorbrandsinc
UNP,Union Pacific Corp,Industrials,Rail Transportation,266.32,21.9541,6.4111,14.4602,8.554212223606953,9.44,1.87,40.38,0.4021,14.530000000000001,0.8675527756059418,24.4021,9.44,1.87,24.4021,0.8675527756059418,40.38,0.29964999999999986,14.530000000000001,47.54571396687231,51.75895658728014,86.61740558292281,54.63696723067038,50.0,59.81996465103889,0.48058252427184467,0.529126213592233,0.9368932038834952,0.529126213592233,C,C+,A,C+,unionpacificcorp
BRC,Brady Corp,Industrials,Commercial Printing,82.16,19.0091,2.4726,12.6338,3.243687127899815,6.41,10.47,16.6,0.1635,15.36,0.489187173750932,16.3575,6.41,10.47,16.3575,0.489187173750932,16.6,0.1635,15.36,65.71412629330273,65.89282028997769,66.66666666666667,42.66948158573774,50.0,59.80765861513544,0.7475728155339806,0.7087378640776699,0.6990291262135923,0.3786407766990291,B,B,B-,C-,bradycorp
ACAD,ACADIA Pharmaceuticals Inc,Health Care,Pharmaceuticals,21.95,9.5592,4.5185,27.0047,3.045734584003996,117.79,-13.64,41.9,0.10339999999999999,41.9,0.547703180212014,50.652,117.79,-12.979999999999999,50.652,0.547703180212014,41.9,0.10339999999999999,29.947999999999997,53.56341189674523,43.75576937392987,75.68922305764411,68.56766917293233,50.0,59.77784644796977,0.5851851851851851,0.4,0.7925925925925926,0.7037037037037037,C+,C-,B,B,acadiapharmaceuticalsinc
EZPW,EZCORP Inc,Financials,Consumer Finance,32.36,16.2851,1.498,10.1944,1.9214782794575207,43.71,13.06,12.479999999999999,0.12560000000000002,8.04,0.9615574174470182,106.5093,43.71,13.06,72.80332,0.9602574007634097,12.479999999999999,0.12560000000000002,8.04,40.443639767464774,61.61881331235415,52.76381909547738,95.14918341708542,50.0,59.65546406162345,0.3382352941176471,0.7205882352941176,0.5392156862745098,0.9803921568627451,C-,B,C+,A+,ezcorpinc
VMI,Valmont Industries Inc,Industrials,Industrial Machinery & Supplies & Components,510.36,26.7238,2.3813,20.0814,5.956554824674021,9.37,2.4,23.06,0.10640000000000001,15.65,0.9855637749383546,70.8547,9.37,2.4,70.8547,0.9855637749383546,23.06,0.10640000000000001,15.65,45.636647695569685,49.333587173790335,65.8456486042693,84.51090781140041,50.0,59.6394730719979,0.45145631067961167,0.4854368932038835,0.6820388349514563,0.8980582524271845,C,C,B-,B+,valmontindustriesinc
COLB,Columbia Banking System Inc,Financials,Regional Banks,29.56,11.6447,2.74981,8.478,1.1138618524924355,19.29,230.0598,10.36,0.2585466,9.54,0.7089898053753473,28.5776,19.29,85.8019475,28.5776,0.7089898053753473,10.36,0.2585466,9.54,72.73746181889841,79.57881620594345,38.69346733668342,53.86821749195415,50.0,59.54713902847499,0.8431372549019608,0.946078431372549,0.37745098039215685,0.5588235294117647,B+,A,C-,C+,columbiabankingsysteminc
SEIC,SEI Investments Co,Financials,Asset Management & Custody Banks,90.22,14.7874,4.6099,12.4841,4.50521080411671,27.6,9.37,30.64,0.31829999999999997,30.54,0.8019067796610172,15.3119,27.6,9.37,15.3119,0.8019067796610172,30.64,0.31829999999999997,27.17999999999999,30.307173120504483,62.99980739057816,90.95477386934674,58.090452261306524,50.0,59.53353867783974,0.2549019607843137,0.7549019607843137,0.9117647058823529,0.5931372549019608,D+,B,A-,C+,seiinvestmentsco
CINF,Cincinnati Financial Corp,Financials,Property & Casualty Insurance,162.05,10.5243,1.9939,11.3901,1.5827142792960853,4.45,11.41,16.13,0.1575,15.290000000000001,0.6754316069057106,15.8824,4.45,11.41,15.8824,0.6754316069057106,16.13,0.1575,15.290000000000001,66.05084244753178,40.11071202544651,68.34170854271356,64.43241850277026,50.0,59.50676385320469,0.7205882352941176,0.3431372549019608,0.6911764705882353,0.696078431372549,B,C-,B-,B-,cincinnatifinancialcorp
CSCO,Cisco Systems Inc,Information Technology,Communications Equipment,91.85,32.7553,6.1435,26.9528,7.764815284470369,21.66,9.0,23.64,0.2275,14.63,0.9696367763904652,58.0351,21.66,9.0,58.0351,0.9696367763904652,23.64,0.2275,14.63,51.01554221123278,54.31919514286811,74.50182971095012,60.9175222602486,50.0,59.42668646116907,0.5526315789473685,0.5921052631578947,0.7631578947368421,0.5921052631578947,C+,C+,B,C+,ciscosystemsinc
ANIP,ANI Pharmaceuticals Inc,Health Care,Pharmaceuticals,80.39,23.0844,2.0471,10.4665,3.3454155031856145,,43.78,16.06,0.1258,7.07,0.5534003271792475,13.7219,,43.78,13.7219,0.5534003271792475,16.06,0.1258,7.07,70.75757575757575,70.99624060150376,52.13032581453634,47.5,50.0,59.421223513328776,0.8222222222222222,0.7925925925925926,0.4888888888888889,0.45185185185185184,B+,B,C,C,anipharmaceuticalsinc
BR,Broadridge Financial Solutions Inc,Industrials,Data Processing & Outsourced Services,155.25,17.0114,2.5288,13.0749,6.84710988012596,41.38,7.44,40.46,0.1725,18.02,0.0504639426990069,-31.9109,41.38,7.44,-31.9109,0.05171861693947709,40.46,0.1725,18.02,66.19238924227206,73.80569722344737,83.57963875205253,11.015536187949976,50.0,59.40725368086061,0.7572815533980582,0.8203883495145631,0.8932038834951457,0.04854368932038835,B,B+,B+,F,broadridgefinancialsolutionsinc
JBHT,J B Hunt Transport Services Inc,Industrials,Cargo Ground Transportation,248.73,38.0057,1.9485,15.5094,6.59973094812924,17.3,0.58,17.299999999999997,0.0736,12.15,0.9415869531127489,91.6256,17.3,0.58,91.6256,0.9415869531127489,17.299999999999997,0.0736,12.15,48.15709343663813,62.103482141229,49.17898193760262,88.12966788495153,50.0,59.3806488487963,0.49514563106796117,0.6699029126213593,0.49514563106796117,0.941747572815534,C,B-,C,A,jbhunttransportservicesinc
VOYA,Voya Financial Inc,Financials,Multi-Sector Holdings,82.6,11.6032,0.9267,7.8086,1.5649897025193302,2.9,1.73,13.83,0.1324,9.569999999999999,0.9622566547477154,40.0,2.9,1.73,40.0,0.9602574007634097,13.83,0.1324,9.569999999999999,60.671002069169376,32.09883999126625,58.291457286432156,91.08586410312432,50.0,59.3775556577785,0.6274509803921569,0.24019607843137256,0.5931372549019608,0.9509803921568627,B-,D+,C+,A,voyafinancialinc
MYRG,MYR Group Inc,Industrials,Construction & Engineering,433.49,55.2552,1.7888,37.5611,10.188904532345525,306.93,8.79,19.650000000000002,0.045599999999999995,17.39,0.9996021879661859,194.6907,107.05100000000004,8.79,148.77037999999985,0.9872267261247282,19.650000000000002,0.045599999999999995,17.39,29.814115133833912,74.48115198594984,54.926108374384235,91.44968332160451,50.0,59.37122293856541,0.22330097087378642,0.8300970873786407,0.5728155339805825,0.9635922330097088,D+,B+,C+,A,myrgroupinc
YUM,Yum! Brands Inc,Consumer Discretionary,Restaurants,158.36,29.213,5.5452,20.4115,73.01060396496082,6.52,8.8,117.63999999999999,0.3134,26.46,0.6559575795383661,6.568,6.52,8.8,6.568,0.6559575795383661,117.63999999999999,0.2721,26.46,19.810916000122578,68.61240215264188,92.57990867579908,62.528375733855185,50.0,59.32586174627983,0.11409395973154363,0.7583892617449665,1.0,0.5906040268456376,D,B,A+,C+,yumbrandsinc
COKE,Coca-Cola Consolidated Inc,Consumer Staples,Soft Drinks & Non-alcoholic Beverages,203.92,23.7894,1.8779,15.9098,11.23959653860993,-86.84,4.76,39.61,0.1133,18.35,0.8625480601188394,70.9161,-63.08399999999999,4.76,70.9161,0.8625480601188394,39.61,0.1133,18.35,40.93701996927803,37.1454442558008,73.65591397849464,91.22580645161291,50.0,59.322483628425914,0.38095238095238093,0.3333333333333333,0.7936507936507936,0.9365079365079365,C-,C-,B,A,cocacolaconsolidatedinc
RAMP,Liveramp Holdings Inc,Information Technology,Application Software,30.21,27.7289,2.397,20.2687,2.0827157344658085,352633.33,9.18,7.23,0.0712,7.23,0.6300963676797627,14.9543,241.37,9.18,14.9543,0.6300963676797627,7.23,0.0712,7.23,69.06422936535971,64.84578095876978,38.9869179370935,71.20910195589406,50.0,59.22376340854607,0.743421052631579,0.7039473684210527,0.3684210526315789,0.7368421052631579,B,B,C-,B,liverampholdingsinc
BURL,Burlington Stores Inc,Consumer Discretionary,Apparel Retail,318.0,32.7376,1.7269,16.1063,11.035612407082226,22.08,8.76,39.79,0.0722,17.5,0.746118652966324,39.4737,22.08,8.76,39.4737,0.746118652966324,39.79,0.0722,17.5,30.595139591186296,79.75983112895608,63.6986301369863,73.47189418989136,50.0,59.21978749581264,0.2483221476510067,0.8657718120805369,0.6442953020134228,0.7516778523489933,D+,B+,B-,B,burlingtonstoresinc
OSK,Oshkosh Corp,Industrials,Construction Machinery & Heavy Transportation Equipment,155.29,15.0465,0.9341,10.2944,2.145351760876653,-3.18,-3.1,14.57,0.0901,11.23,0.7380334838947766,79.1325,-3.18,-3.1,79.1325,0.7380334838947766,14.57,0.0901,11.23,83.40188435601895,35.253487797297865,49.096880131362894,70.18659501418122,50.0,59.21270768414128,0.9029126213592233,0.27184466019417475,0.49029126213592233,0.7427184466019418,A-,D+,C,B,oshkoshcorp
WMS,Advanced Drainage Systems Inc,Industrials,Building Products,147.31,24.6122,3.8756,16.2909,7.061570026077619,0.61,1.6,25.82,0.2284,14.46,0.5711222780569515,29.6629,0.61,1.6,29.6629,0.5711222780569515,25.82,0.2284,14.46,46.603137404945244,49.11726088235521,78.89983579638752,64.81316832872763,50.0,59.16182914254976,0.470873786407767,0.47572815533980584,0.8446601941747572,0.6650485436893204,C,C,B+,B-,advanceddrainagesystemsinc
WSFS,WSFS Financial Corp,Financials,Regional Banks,72.13,13.0158,2.33073,10.2948,1.4067421427805242,15.55,54.50711,10.6,0.381658,9.64,0.9598185353208033,39.612,15.55,54.50711,39.612,0.9598185353208033,10.6,0.381658,9.64,59.274312740171446,57.02470343112748,40.7035175879397,88.68273954039861,50.0,59.13594617633301,0.5980392156862745,0.6274509803921569,0.39705882352941174,0.9019607843137255,C+,B-,C-,A-,wsfsfinancialcorp
CXW,CoreCivic Inc,Industrials,Diversified Support Services,20.58,17.4681,0.9204,9.0663,1.4652588410357912,75.96,12.72,8.0,0.0989,4.62,0.6205128205128203,-9.6972,75.96,12.72,-9.6972,0.6205128205128203,8.0,0.0989,4.62,83.75659604317121,87.5254676541387,30.541871921182267,40.22519352568614,50.0,59.124749227053336,0.912621359223301,0.9611650485436893,0.22815533980582525,0.3592233009708738,A-,A,D+,C-,corecivicinc
STRL,Sterling Infrastructure Inc,Industrials,Construction & Engineering,532.67,56.5264,6.5867,38.0787,14.7434761910034,13.14,17.69,30.17,0.163,23.02,0.9870523344640961,233.002,13.14,17.69,148.77037999999985,0.9870523344640961,30.17,0.163,23.02,12.335995663749264,66.78029719519239,81.2807881773399,86.7741027445461,50.0,59.11507594821998,0.05339805825242718,0.7281553398058253,0.8737864077669902,0.9223300970873787,D-,B,B+,A-,sterlinginfrastructureinc
BJRI,BJ's Restaurants Inc,Consumer Discretionary,Restaurants,37.37,16.1841,0.5646,6.6211,2.15468530178279,215.12,3.08,13.19,0.0331,10.84,0.48006465517241353,11.5855,202.9259999999997,3.08,11.5855,0.48006465517241353,13.19,0.0331,10.84,78.45913395237658,65.03485812133073,38.12785388127854,59.788649706457925,50.0,59.11144852397152,0.8523489932885906,0.6912751677852349,0.3825503355704698,0.5637583892617449,B+,B-,C-,C+,bjsrestaurantsinc
RS,Reliance Inc,Materials,Steel,365.85,23.2599,1.2615,14.4548,2.6397475193516544,9.89,8.49,11.16,0.0746,9.26,0.9780372532666111,26.0205,9.89,8.49,26.0205,0.9780372532666111,11.16,0.0746,9.26,57.67195767195767,68.66873339886834,54.4973544973545,61.521620142309786,50.0,59.08039875056367,0.6746031746031746,0.8095238095238095,0.5396825396825397,0.6190476190476191,B-,B+,C+,B-,relianceinc
AMP,Ameriprise Financial Inc,Financials,Asset Management & Custody Banks,467.19,10.8779,2.1935,11.8264,6.510551304437499,36.78,6.82,61.59,0.3195,8.459999999999999,0.35067678585400214,-0.7098,36.78,6.82,-0.7098,0.35067678585400214,45.141999999999946,0.3195,8.459999999999999,43.97723913686078,61.99970054155583,97.73869346733667,31.211055276381913,50.0,59.071134314636915,0.39215686274509803,0.7352941176470589,0.9779411764705882,0.28431372549019607,C-,B,A+,D+,ameriprisefinancialinc
ACIW,ACI Worldwide Inc,Information Technology,Application Software,43.86,19.5583,2.5191,11.9327,2.965577395079008,13.29,10.38,15.43,0.1869,9.74,0.33373573625362885,-18.6422,13.29,10.38,-18.6422,0.33373573625362885,15.43,0.1869,9.74,79.29324149299423,43.40144651646143,61.66644443456747,50.716451129484156,50.0,59.063501011079545,0.8421052631578947,0.3684210526315789,0.6578947368421053,0.47368421052631576,B+,C-,B-,C,aciworldwideinc
BALL,Ball Corp,Materials,"Metal, Glass & Plastic Containers",61.33,17.9201,1.2418,10.8865,3.0022812050245253,-73.82,11.58,16.91,0.10869999999999999,7.359999999999999,0.703324808184143,19.7384,-62.265,11.58,19.7384,0.703324808184143,16.91,0.10869999999999999,7.359999999999999,67.19576719576719,47.94254658385093,64.55026455026456,57.55291005291005,50.0,59.035599263860135,0.7777777777777778,0.4126984126984127,0.6507936507936508,0.5555555555555556,B,C,B-,C+,ballcorp
CBT,Cabot Corp,Materials,Diversified Chemicals,77.33,12.9916,1.1202,6.626,2.6363248955936247,-24.11,-9.62,20.419999999999998,0.165,11.459999999999999,0.7486209613869189,0.1425,-24.11,-9.62,0.1425,0.7486209613869189,20.419999999999998,0.165,11.459999999999999,82.53968253968253,23.513342535081666,82.53968253968254,40.22486772486772,50.0,59.01748332183115,0.8968253968253969,0.07936507936507936,0.8888888888888888,0.3333333333333333,B+,D-,B+,C-,cabotcorp
GE,General Electric Co,Industrials,Aerospace & Defense,286.51,35.0074,6.2534,31.2097,16.088384760086477,26.27,21.75,46.22,0.1666,22.25,0.5802059341552633,40.7151,26.27,21.676999999999982,40.7151,0.5802059341552633,46.22,0.1666,22.25,20.2839287707048,87.57360173273119,85.05747126436782,50.6847290640394,50.0,58.987016168122274,0.12135922330097088,0.9660194174757282,0.9174757281553398,0.5048543689320388,D,A,A-,C+,generalelectricco
OSIS,OSI Systems Inc,Information Technology,Electronic Equipment & Instruments,282.5,30.383,2.5877,20.27,4.988433896629055,13.33,8.96,16.91,0.12300000000000001,9.28,0.728724268374759,25.9305,13.33,8.96,25.9305,0.728724268374759,16.91,0.12300000000000001,9.28,65.77034028023078,58.8677023934557,55.26467843015246,59.720034152055504,50.0,58.97630198669805,0.7302631578947368,0.6513157894736842,0.5789473684210527,0.5657894736842105,B,B-,C+,C+,osisystemsinc
AN,AutoNation Inc,Consumer Discretionary,Automotive Retail,210.0,11.0258,0.259,11.2721,3.1574721578615796,0.81,3.24,26.700000000000003,0.0449,5.6000000000000005,0.6634649590892923,19.9863,0.81,3.24,19.9863,0.6634649590892923,26.700000000000003,0.0449,5.6000000000000005,79.58536361128988,51.68354672581984,42.922374429223744,64.524699045247,50.0,58.86858366434178,0.8657718120805369,0.5033557046979866,0.4228187919463087,0.6174496644295302,B+,C+,C,B-,autonationinc
CBRE,CBRE Group Inc,Real Estate,Real Estate Services,141.81,35.8896,1.024,19.0081,4.723772089072467,22.45,13.38,13.63,0.0432,7.31,0.4147660686919678,14.8073,22.45,13.38,14.8073,0.4147660686919678,13.63,0.0432,7.31,61.111111111111114,65.91666666666667,60.0,52.0,50.0,58.861111111111114,0.8333333333333334,0.6666666666666666,0.75,0.5,B+,B-,B,C,cbregroupinc
IDXX,IDEXX Laboratories Inc,Health Care,Health Care Equipment,567.46,42.5391,10.4721,30.3853,28.176049414592,22.64,10.42,69.78,0.316,42.61,0.34231805929919146,20.3827,22.64,10.42,20.3827,0.34231805929919146,69.78,0.316,29.947999999999997,24.393939393939394,60.03853693640041,92.23057644110276,63.2751879699248,50.0,58.81887394002558,0.17037037037037037,0.7037037037037037,0.9925925925925926,0.6592592592592592,D,B,A+,B-,idexxlaboratoriesinc
AAMI,Acadian Asset Management Inc,Financials,Asset Management & Custody Banks,65.49,29.2434,4.1502,16.606,38.56890459363957,-1.05,11.49,285.59999999999997,0.23190000000000002,24.33,0.89802095459837,132.234,-1.05,11.49,72.80332,0.89802095459837,45.141999999999946,0.23190000000000002,24.33,8.835845896147404,44.07911607740368,97.73869346733667,91.70603015075378,50.0,58.80066408650251,0.04411764705882353,0.39215686274509803,0.9779411764705882,0.9558823529411765,F,C-,A+,A,acadianassetmanagementinc
TRMK,Trustmark Corp,Financials,Regional Banks,44.91,11.544,1.83041,10.8239,1.249127335334088,2.02,75.48011,10.77,0.133748,7.3999999999999995,0.9150275373721475,31.7782,2.02,75.48011,31.7782,0.9150275373721475,10.77,0.133748,7.3999999999999995,68.69272834762046,54.185983247638475,42.71356783919598,75.43560499124837,50.0,58.77589169448148,0.75,0.5490196078431373,0.4166666666666667,0.803921568627451,B,C+,C,B+,trustmarkcorp
CRS,Carpenter Technology Corp,Industrials,Industrial Machinery & Supplies & Components,429.41,49.1852,7.2651,30.5878,11.311515138743276,62.57,2.3,22.99,0.1977,16.82,0.8858205806773292,112.2325,62.57,2.3,112.2325,0.8858205806773292,22.99,0.1977,16.82,14.946514260206925,63.64991187233984,77.58620689655173,88.64004222378605,50.0,58.59117110841484,0.07281553398058252,0.6941747572815534,0.8300970873786407,0.9466019417475728,D-,B-,B+,A,carpentertechnologycorp
PYPL,PayPal Holdings Inc,Financials,Transaction & Payment Processing Services,50.44,8.7019,1.3728,6.9671,2.290915366937059,35.53,4.32,25.869999999999997,0.18280000000000002,16.37,0.2919103313840155,-22.8864,35.53,4.32,-22.8864,0.2919103313840155,25.869999999999997,0.18280000000000002,16.37,61.15380825697113,56.341175213540915,86.93467336683418,26.275495122672186,50.0,58.54545447319395,0.6323529411764706,0.6029411764705882,0.8725490196078431,0.23529411764705882,B-,B-,B+,D+,paypalholdingsinc
USFD,US Foods Holding Corp,Consumer Staples,Food Distributors,93.04,30.3126,0.5198,15.5065,4.763245601011627,45.9,4.08,15.010000000000002,0.0304,7.02,0.7516393442622953,40.2684,45.9,4.08,40.2684,0.7516393442622953,15.010000000000002,0.0304,7.02,53.661034306195596,77.0073571024335,34.946236559139784,79.94838709677418,50.0,58.54296655617539,0.5873015873015873,0.8571428571428571,0.2857142857142857,0.7777777777777778,C+,B+,D+,B,usfoodsholdingcorp
MO,Altria Group Inc,Consumer Staples,Tobacco,74.55,17.8487,5.3265,14.3934,48.80204241948154,-37.1,-3.08,149.65,0.4252,14.12,0.9994964753272908,25.6955,-37.1,-3.08,25.6955,0.9835605038685735,149.34949999999998,0.42225999999999975,14.12,39.92148830858508,22.503137225954084,87.63440860215053,85.69424964936886,50.0,58.52845160274849,0.36507936507936506,0.07936507936507936,0.9841269841269841,0.8571428571428571,C-,D-,A+,B+,altriagroupinc
MS,Morgan Stanley,Financials,Investment Banking & Brokerage,190.17,16.6935,2.4448,40.3045,2.6964256090246668,28.42,12.28,15.45,0.1894,1.78,0.9446946946946945,62.8726,28.42,12.28,62.8726,0.9446946946946945,15.45,0.1894,1.78,31.92555916839097,58.948260945992985,64.82412060301507,87.58631869022533,50.0,58.49433587009518,0.2647058823529412,0.6666666666666666,0.6568627450980392,0.8921568627450981,D+,B-,B-,B+,morganstanley
SNA,Snap-On Inc,Industrials,Industrial Machinery & Supplies & Components,380.39,19.1654,3.7525,13.3372,3.3260904730884753,2.51,4.15,17.49,0.2548,14.530000000000001,0.7931556632344033,22.0333,2.51,4.15,22.0333,0.7931556632344033,17.49,0.2548,14.530000000000001,59.22967781019338,52.35613246546525,73.31691297208538,49.357846586910625,50.0,58.47944350604486,0.6893203883495146,0.5436893203883495,0.7864077669902912,0.470873786407767,B-,C+,B,C,snaponinc
AIZ,Assurant Inc,Financials,Multi-line Insurance,231.51,13.3858,0.9114,8.3302,1.963273530279748,18.42,7.92,15.61,0.0934,11.28,0.7647713275320854,20.8109,18.42,7.92,20.8109,0.7647713275320854,15.61,0.0934,11.28,48.9974381712484,56.615735299355336,65.32663316582915,67.4855760282896,50.0,58.40128009979838,0.46568627450980393,0.6176470588235294,0.6617647058823529,0.7254901960784313,C,B-,B-,B,assurantinc
TTMI,TTM Technologies Inc,Information Technology,Electronic Manufacturing Services,158.99,85.8493,5.5484,60.9174,9.326841287067726,241.37,24.12,10.61,0.0974,6.81,0.8665353830517089,580.8994,241.37,24.12,507.97907999999893,0.8665353830517089,10.61,0.0974,6.81,31.746732603320382,93.1160291135886,44.659021882454034,78.09752861444048,50.0,58.34415016704942,0.28289473684210525,0.9868421052631579,0.4407894736842105,0.8355263157894737,D+,A+,C,B+,ttmtechnologiesinc
EXP,Eagle Materials Inc,Materials,Construction Materials,210.82,15.3051,2.8626,10.7891,4.772015283486953,-5.47,1.44,28.78,0.2368,14.860000000000001,0.5419399860432659,-7.4295,-5.47,1.44,-7.4295,0.5419399860432659,28.78,0.2368,14.592999999999996,60.31746031746032,45.57022084195997,94.97354497354497,26.997354497354493,50.0,58.33626639061421,0.7142857142857143,0.3492063492063492,1.0,0.2222222222222222,B,C-,A+,D+,eaglematerialsinc
DGX,Quest Diagnostics Inc,Health Care,Health Care Services,192.67,20.8245,1.8908,15.0477,2.9558864591036147,14.88,11.03,14.11,0.1427,7.920000000000001,0.573592630501535,8.6567,14.88,11.03,8.6567,0.573592630501535,14.11,0.1427,7.920000000000001,67.14365881032546,56.270770725667745,53.634085213032584,59.33518005540165,50.0,58.31562616205339,0.7703703703703704,0.6518518518518519,0.5111111111111111,0.5925925925925926,B,B-,C+,C+,questdiagnosticsinc
URI,United Rentals Inc,Industrials,Trading Companies & Distributors,949.23,23.7363,3.6362,16.2858,6.678477225860059,1.45,5.05,27.88,0.24670000000000003,10.95,0.8143980268228765,48.1783,1.45,5.05,48.1783,0.8143980268228765,27.88,0.24670000000000003,10.95,48.789994739107556,45.536310981901714,76.84729064039408,63.91724137931034,50.0,58.30003181711783,0.5097087378640777,0.38349514563106796,0.8203883495145631,0.6601941747572816,C+,C-,B+,B-,unitedrentalsinc
TNL,Travel + Leisure Co,Consumer Discretionary,"Hotels, Resorts & Cruise Lines",64.4,16.9618,0.9931,13.7771,8.374512353706113,-40.1,4.25,121.75,0.1374,12.04,0.5536434525410058,43.3022,-40.1,4.25,43.3022,0.5536434525410058,121.75,0.1374,12.04,52.8255340014097,34.435760053026954,75.4566210045662,71.49024491490245,50.0,58.25573974507985,0.5637583892617449,0.24161073825503357,0.7919463087248322,0.7181208053691275,C+,D+,B,B,travelleisureco
SANM,Sanmina Corp,Information Technology,Electronic Manufacturing Services,223.27,51.1316,1.2639,29.6155,5.065419161337015,2.17,20.93,9.86,0.0365,7.41,0.9525452415050124,184.3842,2.17,20.93,184.3842,0.9525452415050124,9.86,0.0365,7.41,59.31796773813729,61.16904246861537,39.59509311524957,81.28473199631918,50.0,58.21902010633363,0.625,0.6644736842105263,0.375,0.8881578947368421,B-,B-,C-,B+,sanminacorp
NOC,Northrop Grumman Corp,Industrials,Aerospace & Defense,568.14,17.7807,1.9205,12.2686,4.8383223334043,25.98,4.95,28.050000000000004,0.11630000000000001,14.35,0.3586716097074675,16.7403,25.98,4.95,16.7403,0.3586716097074675,28.050000000000004,0.11630000000000001,14.35,71.06349737752483,62.550729529248464,68.4729064039409,29.07881773399015,50.0,58.210010398014155,0.8058252427184466,0.6747572815533981,0.7233009708737864,0.2524271844660194,B+,B-,B,D+,northropgrummancorp
GVA,Granite Construction Inc,Industrials,Construction & Engineering,139.42,31.3402,1.3671,15.0196,5.143396811108733,51.42,10.4,17.580000000000002,0.0638,9.030000000000001,0.9608622534780614,75.6583,51.42,10.4,75.6583,0.9608622534780614,17.580000000000002,0.0638,9.030000000000001,57.72554083568479,69.23675179512166,44.33497536945813,69.2216748768473,50.0,58.20681438567953,0.616504854368932,0.7475728155339806,0.40048543689320387,0.7087378640776699,B-,B,C,B,graniteconstructioninc
TJX,TJX Companies Inc,Consumer Discretionary,Apparel Retail,156.83,31.6687,2.8819,20.2524,17.03877535499712,14.36,7.12,59.53000000000001,0.1189,45.410000000000004,0.8044780826237784,22.8786,14.36,7.12,22.8786,0.8044780826237784,59.53000000000001,0.1189,41.1625,23.39493120039226,68.85185403873406,81.84931506849314,65.61171469059991,50.0,58.203775313088144,0.1610738255033557,0.7651006711409396,0.9093959731543624,0.6577181208053692,D,B,A-,B-,tjxcompaniesinc
CPF,Central Pacific Financial Corp,Financials,Regional Banks,33.7,11.3999,1.82951,8.8705,1.4999376880485678,45.7,22.86278,13.43,0.3274692,11.57,0.8301886792452836,28.8719,45.7,22.86278,28.8719,0.8301886792452836,13.43,0.3274692,11.57,63.88806778993005,51.994012398999324,55.778894472361806,64.37129467562532,50.0,58.18980198049789,0.6764705882352942,0.5147058823529411,0.5686274509803921,0.6911764705882353,B-,C+,C+,B-,centralpacificfinancialcorp
NSC,Norfolk Southern Corp,Industrials,Rail Transportation,315.9,24.7515,5.8383,14.8659,4.560014204032848,10.17,0.47,19.16,0.3576,8.93,0.9290733004177741,42.4449,10.17,0.47,42.4449,0.9290733004177741,19.16,0.29964999999999986,8.93,45.10657292712867,50.02036452499745,70.11494252873564,71.43285500107089,50.0,58.09602276917975,0.44660194174757284,0.5048543689320388,0.7427184466019418,0.7475728155339806,C,C+,B,B,norfolksoutherncorp
CTSH,Cognizant Technology Solutions Corp,Information Technology,IT Consulting & Other Services,52.43,11.1519,1.1782,5.9766,1.67258969074796,1.1,6.95,14.84,0.1606,14.280000000000001,0.004316546762589887,-30.3071,1.1,6.95,-30.3071,0.07599398584473208,14.84,0.1606,14.280000000000001,94.94730954904038,45.85063350316553,65.26956753633495,19.3222238448693,50.0,58.088790740950806,0.9736842105263158,0.40789473684210525,0.6907894736842105,0.10526315789473684,A+,C,B-,D,cognizanttechnologysolutionscorp
CALM,Cal-Maine Foods Inc,Consumer Staples,Packaged Foods & Meats,76.25,5.2691,1.0576,3.4225,1.4440494745553747,-29.23,-8.85,26.11,0.244,26.11,0.0794787077826725,-17.5497,-29.23,-6.463500000000001,-17.5497,0.0794787077826725,26.11,0.244,26.11,82.53114866018092,19.207052067833054,83.87096774193549,38.22144725370532,50.0,58.08622896483677,0.9523809523809523,0.031746031746031744,0.8809523809523809,0.3333333333333333,A,F,B+,C-,calmainefoodsinc
HAE,Haemonetics Corp,Health Care,Health Care Supplies,59.26,15.8007,2.1028,12.2792,3.4809271507618567,43.23,-4.02,20.26,0.1905,8.39,0.2985876765404325,-5.9216,43.23,-4.02,-5.9216,0.2985876765404325,20.26,0.1905,8.39,73.16498316498316,47.7021317622101,63.283208020050125,47.121028377395106,50.0,58.076679824179365,0.8444444444444444,0.4666666666666667,0.674074074074074,0.43703703703703706,B+,C,B-,C,haemoneticscorp
MC,Moelis & Co,Financials,Investment Banking & Brokerage,64.76,21.939,3.3707,13.7046,8.842042025641376,66.96,26.98,44.3,0.18059999999999998,44.3,0.5044888460093829,21.2507,66.96,26.98,21.2507,0.5044888460093829,44.3,0.18059999999999998,27.17999999999999,15.986796728741748,79.11928831657642,94.9748743718593,47.197276706111204,50.0,58.003730779687785,0.08823529411764706,0.9362745098039216,0.9509803921568627,0.45588235294117646,D-,A,A,C,moelisco
PSMT,PriceSmart Inc,Consumer Staples,Consumer Staples Merchandise Retail,158.21,31.3553,0.8848,15.5848,3.899641117662138,8.73,8.85,12.23,0.0449,10.8,0.8907486993892784,56.2877,8.73,8.85,56.2877,0.8907486993892784,12.23,0.0449,10.8,45.18689196108551,71.31383048191198,39.784946236559136,87.24565756823822,50.0,57.954857159441204,0.42857142857142855,0.7777777777777778,0.31746031746031744,0.9047619047619048,C,B,C-,A-,pricesmartinc
SNCY,Sun Country Airlines Holdings Inc,Industrials,Passenger Airlines,15.79,16.2034,0.7594,6.4729,1.344298861730476,0.72,4.74,8.62,0.0889,4.49,0.4822779769016328,60.6307,0.72,4.74,60.6307,0.4822779769016328,8.62,0.0889,4.49,89.79147735424937,48.54691637868379,29.064039408867,67.65415321895702,50.0,57.95409311030725,0.9611650485436893,0.44660194174757284,0.21359223300970873,0.6941747572815534,A,C,D+,B-,suncountryairlinesholdingsinc
HWM,Howmet Aerospace Inc,Industrials,Aerospace & Defense,239.51,63.6571,11.6329,43.2481,17.969764039464305,31.87,11.06,29.67,0.24609999999999999,18.2,0.7732463295269167,61.7983,31.87,11.06,61.7983,0.7732463295269167,29.67,0.24609999999999999,18.2,8.925980837597846,76.36204014878408,86.37110016420361,69.22906403940887,50.0,57.94249108808896,0.024271844660194174,0.8592233009708737,0.9296116504854369,0.7135922330097088,F,B+,A-,B,howmetaerospaceinc
LMAT,LeMaitre Vascular Inc,Health Care,Health Care Equipment,112.04,42.4288,9.814,35.2111,6.483721253226236,27.88,13.53,15.58,0.2721,10.71,0.8507496268740673,24.1578,27.88,13.53,24.1578,0.8507496268740673,15.58,0.2721,10.71,23.62514029180696,67.12188506300024,68.92230576441104,81.89774436090227,50.0,57.940787398835,0.16296296296296298,0.7333333333333333,0.7111111111111111,0.8592592592592593,D,B,B,B+,lemaitrevascularinc
VRSN,"VeriSign, Inc",Information Technology,Internet Services & Infrastructure,272.44,29.4671,14.7213,22.3,69.72232885476647,10.41,6.84,113.55,0.6793,62.99,0.6249259140219323,-2.5956,10.41,6.84,-2.5956,0.6249259140219323,109.87799999999994,0.44785,53.78399999999993,46.0070057694572,42.803252523356235,97.66137754270558,42.31514563040409,50.0,57.940775458792764,0.5131578947368421,0.34868421052631576,0.9967105263157895,0.3684210526315789,C+,C-,A+,C-,verisigninc
NEU,NewMarket Corp,Materials,Specialty Chemicals,668.88,15.1526,2.311,9.9724,3.534785303858469,-12.87,-3.47,24.12,0.1957,16.02,0.300229776306008,7.575,-12.87,-3.47,7.575,0.300229776306008,24.12,0.1957,14.592999999999996,64.55026455026456,37.46398488038703,91.26984126984128,32.40601503759398,50.0,57.92902643862267,0.746031746031746,0.25396825396825395,0.9682539682539683,0.2857142857142857,B,D+,A,D+,newmarketcorp
HMN,Horace Mann Educators Corp,Financials,Multi-line Insurance,45.97,11.3334,1.0744,9.4659,1.260615965974064,57.19,7.59,11.52,0.1402,7.95,0.7157513578756786,11.0923,57.19,7.59,11.0923,0.7157513578756786,11.52,0.1402,7.95,69.91206030150754,67.88959330096203,46.733668341708544,50.91382840126559,50.0,57.92211650124955,0.7696078431372549,0.8529411764705882,0.45588235294117646,0.5196078431372549,B,B+,C,C+,horacemanneducatorscorp
NDSN,Nordson Corp,Industrials,Industrial Machinery & Supplies & Components,283.2,30.1231,5.5383,19.7536,5.203280712584884,17.82,6.5,17.299999999999997,0.259,10.22,0.8129436552063594,48.7708,17.82,6.5,48.7708,0.8129436552063594,17.299999999999997,0.259,10.22,33.51029062445199,73.64530205780916,68.22660098522168,63.60485573539759,50.0,57.88425446105976,0.27184466019417475,0.8106796116504854,0.7184466019417476,0.6504854368932039,D+,B+,B,B-,nordsoncorp
WAFD,WaFd Inc,Financials,Regional Banks,35.46,10.6762,2.34917,8.8934,0.9121332239253624,15.2,56.51548,8.36,0.43785110000000005,8.219999999999999,0.9428129829984544,23.986,15.2,56.51548,23.986,0.9428129829984544,8.36,0.43785110000000005,8.219999999999999,86.66617400729136,57.555871742215146,23.869346733668344,68.33041612557167,50.0,57.811137758797294,0.9656862745098039,0.6421568627450981,0.23284313725490197,0.7450980392156863,A,B-,D+,B,wafdinc
LQDT,Liquidity Services Inc,Industrials,Diversified Support Services,35.91,37.1162,2.3236,19.5547,5.420131918554631,21.77,14.78,14.46,0.0785,14.46,0.9882026370575988,12.7827,21.77,14.78,12.7827,0.9872267261247282,14.46,0.0785,14.46,40.63242303952046,82.3024016256001,49.835796387520524,68.40957072484167,50.0,57.759449326848596,0.3640776699029126,0.912621359223301,0.5048543689320388,0.7038834951456311,C-,A-,C+,B,liquidityservicesinc
WWD,Woodward Inc,Industrials,Electrical Components & Equipment,362.99,44.0742,5.6824,31.9677,8.47224621072434,32.85,14.52,19.63,0.14859999999999998,14.59,0.7983185382849658,90.5559,32.85,14.52,90.5559,0.7983185382849658,19.63,0.14859999999999998,14.59,18.1731949559201,87.60324220914657,66.83087027914614,69.81144895532529,50.0,57.733954541660935,0.09223300970873786,0.970873786407767,0.7038834951456311,0.7233009708737864,D-,A+,B,B,woodwardinc
CDW,CDW Corp,Information Technology,Technology Distributors,136.03,16.4479,0.7823,11.564,6.754253993316749,1.33,6.79,42.94,0.0738,13.05,0.29059505799293994,-16.2377,1.33,6.79,-16.2377,0.29059505799293994,42.94,0.0738,13.05,89.38537619215823,42.09497793237878,65.15252529742062,28.010451258151157,50.0,57.6555612105007,0.9342105263157895,0.3355263157894737,0.6842105263157895,0.21052631578947367,A,C-,B-,D+,cdwcorp
OGS,ONE Gas Inc,Utilities,Gas Utilities,88.91,21.1155,2.2984,11.4421,1.6202838913784714,11.81,16.5,8.14,0.1885,4.03,0.9060773480662981,14.1775,11.81,16.5,14.1775,0.9060773480662981,8.14,0.1885,4.03,66.93459416863672,73.00785634118968,34.81481481481482,63.04526748971193,50.0,57.647977012043214,0.723404255319149,0.8085106382978723,0.2765957446808511,0.6382978723404256,B,B+,D+,B-,onegasinc
BHF,Brighthouse Financial Inc,Financials,Life & Health Insurance,62.65,8.2739,0.5295,2.1575,0.5292225454717472,13.91,43.23,7.199999999999999,0.0925,4.72,0.8483099752679307,7.4614,13.91,43.23,7.4614,0.8483099752679307,7.199999999999999,0.0925,4.72,96.06611488816631,66.44663751039322,17.587939698492463,54.44221105527639,50.0,57.59128335979861,0.9950980392156863,0.8284313725490197,0.1715686274509804,0.5686274509803921,A+,B+,D,C+,brighthousefinancialinc
GDDY,GoDaddy Inc,Information Technology,Internet Services & Infrastructure,86.76,13.1278,2.32,11.0175,54.347281383112005,-3.38,8.26,384.19,0.228,21.8,0.11370238194041,-54.8971,-3.38,8.26,-43.63098,0.11370238194041,109.87799999999994,0.228,21.8,86.31961615448017,38.68214102350771,86.13049468865283,8.704147534762228,50.0,57.58978542243724,0.8947368421052632,0.26973684210526316,0.881578947368421,0.02631578947368421,B+,D+,B+,F,godaddyinc
AOS,A O Smith Corp,Industrials,Building Products,60.35,15.8564,2.1947,11.0689,4.50003728282753,4.86,0.23,28.42,0.1807,24.3,0.023598820058997196,-10.4732,4.86,0.23,-10.4732,0.05171861693947709,28.42,0.1807,24.3,72.05589299663622,49.06575093581961,83.08702791461413,19.858224198005523,50.0,57.57052525457761,0.8155339805825242,0.46601941747572817,0.8883495145631068,0.15048543689320387,B+,C,B+,D,aosmithcorp
LGND,Ligand Pharmaceuticals Inc,Health Care,Biotechnology,227.44,36.4634,16.9273,65.3247,4.421298591226218,,60.4,13.86,0.15289999999999998,11.1,0.8657148629537342,108.3738,,51.019999999999925,103.34951999999993,0.8657148629537342,13.86,0.15289999999999998,11.1,18.344556677890015,72.83208020050125,58.646616541353374,93.74937343358397,50.0,57.56408403162789,0.08148148148148149,0.837037037037037,0.6148148148148148,0.9629629629629629,D-,B+,B-,A,ligandpharmaceuticalsinc
WLY,John Wiley & Sons Inc,Communication Services,Publishing,40.93,13.6258,1.2586,10.1803,2.90535072899956,282.11,-1.9,20.75,0.1352,9.83,0.7271147161066048,-6.2314,282.11,-1.9,-6.2314,0.7271147161066048,20.75,0.1352,9.83,64.1956241956242,64.36507936507937,61.48148148148149,41.130158730158726,50.0,57.51832403832404,0.7027027027027027,0.7567567567567568,0.6486486486486487,0.35135135135135137,B,B,B-,C-,johnwileysonsinc
DY,Dycom Industries Inc,Industrials,Construction & Engineering,433.6,45.2747,2.2955,21.0753,6.989715317406584,21.16,17.95,18.81,0.0753,9.54,0.9568474189871358,150.5489,21.16,17.95,148.77037999999985,0.9568474189871358,18.81,0.0753,9.54,36.884435729430706,72.23100319833982,48.6863711001642,83.36242083040113,50.0,57.51138651314692,0.2961165048543689,0.7912621359223301,0.47572815533980584,0.8737864077669902,D+,B,C,B+,dycomindustriesinc
PAYX,Paychex Inc,Industrials,Human Resource & Employment Services,93.02,20.3226,5.2515,13.3863,8.12344988996402,-5.65,16.44,40.94,0.3636,18.26,0.09988125082464695,-36.5528,-5.65,16.44,-35.15209,0.09988125082464695,40.94,0.29964999999999986,18.26,54.211105265675066,66.71078658884522,91.78981937602627,13.226600985221674,50.0,57.487708675238714,0.5533980582524272,0.7233009708737864,0.9830097087378641,0.07281553398058252,C+,B,A+,D-,paychexinc
WAL,Western Alliance Bancorp,Financials,Regional Banks,80.8,9.3106,2.03505,12.2051,1.1561950878879979,17.72,69.87056,12.790000000000001,0.41207459999999996,8.23,0.47700143243673393,13.8349,17.72,69.87056,13.8349,0.47700143243673393,12.790000000000001,0.41207459999999996,8.23,80.77643117548527,69.70248773713965,53.768844221105525,23.979447800801765,50.0,57.372705956735985,0.9166666666666666,0.8676470588235294,0.5490196078431373,0.21568627450980393,A-,B+,C+,D+,westernalliancebancorp
NMIH,NMI Holdings Inc,Financials,Commercial & Residential Mortgage Finance,37.21,7.3664,4.0555,6.0016,1.0951332642682237,11.04,8.52,15.8,0.7478,13.51,0.2834928229665069,2.2815,11.04,8.52,2.2815,0.2834928229665069,15.8,0.6436406,13.51,86.48758498374224,44.61335224237244,66.33165829145729,26.199177706715396,50.0,57.36731680861746,0.9607843137254902,0.4068627450980392,0.6715686274509803,0.23039215686274508,A,C,B-,D+,nmiholdingsinc
ABCB,Ameris Bancorp,Financials,Regional Banks,85.56,14.2433,2.70304,10.6753,1.4278585959390473,15.53,52.9989,10.41,0.3410664,9.76,0.9191716766867067,45.1646,15.53,52.9989,45.1646,0.9191716766867067,10.41,0.3410664,9.76,54.11493743225934,53.76759977766492,39.698492462311556,90.63745694765964,50.0,57.33436881870763,0.5441176470588235,0.5392156862745098,0.3872549019607843,0.946078431372549,C+,C+,C-,A,amerisbancorp
MOG-A,Moog Inc,Industrials,Aerospace & Defense,300.52,33.3092,2.2898,19.1664,5.043508907368403,38.77,13.79,14.16,0.09119999999999999,8.94,0.7128490424735209,77.2457,38.77,13.79,77.2457,0.7128490424735209,14.16,0.09119999999999999,8.94,43.226202432764204,80.71373008625693,45.484400656814444,70.01724137931035,50.0,57.32384506550812,0.41262135922330095,0.9029126213592233,0.4174757281553398,0.7378640776699029,C,A-,C,B,mooginc
GLW,Corning Inc,Information Technology,Electronic Components,158.26,86.3159,8.8144,62.6269,10.830379261733023,215.91,19.14,14.13,0.1458,8.34,0.8454973841415903,253.4167,215.91,19.14,253.4167,0.8454973841415903,14.13,0.1458,8.34,26.917755798893207,84.13073777960903,55.67358549268857,74.10084892661897,50.0,57.294152664141045,0.21710526315789475,0.9342105263157895,0.5855263157894737,0.7960526315789473,D+,A,C+,B,corninginc
LRN,Stride Inc,Consumer Discretionary,Education Services,93.08,12.4104,1.5712,8.8893,2.7376148515899814,9.54,14.86,21.36,0.1602,15.809999999999999,0.29365665870383423,-38.2349,9.54,14.86,-35.29185,0.29365665870383423,21.36,0.1602,15.809999999999999,66.75247464067911,74.11337592202318,68.03652968036529,18.772391991570075,50.0,57.274404662979755,0.7449664429530202,0.825503355704698,0.7013422818791947,0.1476510067114094,B,B+,B,D,strideinc
INGR,Ingredion Inc,Consumer Staples,Agricultural Products & Services,110.43,9.6657,0.9761,6.3311,1.62776951502993,15.14,-2.84,17.48,0.1407,12.23,0.20572586774765658,-15.7023,15.14,-2.84,-15.7023,0.20572586774765658,17.48,0.1407,12.23,79.33094384707289,49.804187889077525,60.75268817204301,36.38709677419355,50.0,57.25916493743319,0.9206349206349206,0.4603174603174603,0.6587301587301587,0.31746031746031744,A-,C,B-,C-,ingredioninc
PCTY,Paylocity Holding Corp,Industrials,Human Resource & Employment Services,109.6,24.1281,3.423,12.3887,4.91843740884511,9.16,12.08,20.52,0.2011,18.279999999999998,0.15241188831080646,-43.5517,9.16,12.08,-35.15209,0.15241188831080646,20.52,0.2011,18.279999999999998,56.17437467119422,75.20389009628289,79.3103448275862,16.48486980999296,50.0,57.20893185595027,0.5825242718446602,0.8495145631067961,0.8543689320388349,0.09223300970873786,C+,B+,B+,D-,paylocityholdingcorp
WSM,Williams-Sonoma Inc,Consumer Discretionary,Homefurnishing Retail,179.99,19.6598,2.741,12.3719,10.264964869057396,0.53,1.24,51.449999999999996,0.1813,51.449999999999996,0.4369379934834387,15.5115,0.53,1.24,15.5115,0.4369379934834387,51.449999999999996,0.1813,41.1625,43.0510863902424,42.3480308219178,88.6986301369863,53.79825653798257,50.0,57.166686603787255,0.40939597315436244,0.3691275167785235,0.9765100671140939,0.5302013422818792,C,C-,A+,C+,williamssonomainc
CASY,Caseys General Stores Inc,Consumer Staples,Food Retail,835.92,47.1006,1.803,23.3381,8.843402835449359,21.4,9.22,17.549999999999997,0.0562,10.54,0.9980575840279312,83.5009,21.4,9.22,82.87165999999995,0.9835605038685735,17.549999999999997,0.0562,10.54,22.828127666837343,78.12581080492795,46.23655913978494,96.21588089330024,50.0,57.13451004130121,0.15873015873015872,0.873015873015873,0.38095238095238093,0.9761904761904762,D,B+,C-,A+,caseysgeneralstoresinc
MRK,Merck & Co Inc,Health Care,Pharmaceuticals,112.16,31.2722,4.2485,12.5276,5.276081700238026,-48.26,2.89,36.19,0.1818,20.13,0.7495658884815742,34.7105,-48.26,2.89,34.7105,0.7495658884815742,36.19,0.1818,20.13,53.65319865319865,24.361739745403113,77.69423558897243,72.07142857142857,50.0,57.12349222390911,0.5925925925925926,0.07407407407407407,0.8222222222222222,0.7555555555555555,C+,D-,B+,B,merckcoinc
ACT,Enact Holdings Inc,Financials,Commercial & Residential Mortgage Finance,42.6,8.9204,4.8668,6.7965,1.1312607715410905,3.47,2.83,12.83,0.7354,11.24,0.7974198657446204,16.4889,3.47,2.83,16.4889,0.7974198657446204,12.83,0.6436406,11.24,82.76800670016749,27.67341110647019,54.2713567839196,61.443581544084054,50.0,57.08323940113262,0.9313725490196079,0.16666666666666666,0.553921568627451,0.6470588235294118,A,D,C+,B-,enactholdingsinc
AA,Alcoa Corp,Materials,Aluminum,62.63,15.9823,1.3059,25.8659,2.693381154502802,16.67,-0.08,16.27,-0.96,11.63,0.7464611958510105,155.216,16.67,-0.08,155.216,0.7464611958510105,16.27,-0.33933,11.63,49.73544973544974,50.5175983436853,55.82010582010582,77.84992784992785,50.0,57.06239412761152,0.5158730158730159,0.5238095238095238,0.5714285714285714,0.8095238095238095,C+,C+,C+,B+,alcoacorp
CAT,Caterpillar Inc,Industrials,Construction Machinery & Heavy Transportation Equipment,889.67,46.7419,6.1438,29.1567,19.417944033751738,-14.7,4.29,45.15,0.165,14.63,0.9741911935907962,183.3705,-14.7,4.29,148.77037999999985,0.9741911935907962,45.15,0.165,14.63,17.38087267046089,41.926859648736425,79.55665024630542,97.19361098671443,50.0,57.05847485628175,0.0825242718446602,0.33980582524271846,0.8592233009708737,1.0,D-,C-,B+,A+,caterpillarinc
BBWI,Bath & Body Works Inc,Consumer Discretionary,Other Specialty Retail,19.21,6.0182,0.5357,4.851,311.85064935064935,-13.86,-0.22,3138.89,0.15439999999999998,11.92,0.24208977189109646,-36.0732,-13.86,-0.22,-35.29185,0.24208977189109646,165.0675,0.15439999999999998,11.92,90.57184885538292,31.78331906392694,77.96803652968036,17.488584474885847,50.0,56.98935205402838,0.9731543624161074,0.22818791946308725,0.8456375838926175,0.12751677852348994,A+,D+,B+,D,bathbodyworksinc
CAKE,Cheesecake Factory Inc,Consumer Discretionary,Restaurants,60.2,20.1865,0.7986,12.0782,6.846666515023998,-4.36,4.75,37.059999999999995,0.045700000000000005,14.42,0.6432594817874578,25.0,-4.36,4.75,25.0,0.6432594817874578,37.059999999999995,0.045700000000000005,14.42,55.825748521344735,45.66230430528376,55.479452054794514,75.05283757338552,50.0,56.96932851976867,0.6174496644295302,0.40939597315436244,0.5503355704697986,0.785234899328859,B-,C,C+,B,cheesecakefactoryinc
MGY,Magnolia Oil & Gas Corp,Energy,Oil & Gas Exploration & Production,30.09,17.6865,4.3851,6.7052,2.8966672442673134,-27.41,-0.31,16.76,0.3358,13.94,0.7865707434052759,47.2966,-27.41,-0.31,47.2966,0.7865707434052759,16.76,0.3358,13.94,52.306079664570234,38.82461122478674,87.10691823899371,46.47314949201742,50.0,56.91280161925182,0.5740740740740741,0.3333333333333333,0.9444444444444444,0.3888888888888889,C+,C-,A,C-,magnoliaoilgascorp
HAFC,Hanmi Financial Corp,Financials,Regional Banks,30.17,11.6683,1.8749,9.1523,1.1325202611140517,22.37,43.94988,9.85,0.4678737,8.42,0.8777660695468918,31.4024,22.37,43.94988,31.4024,0.8777660695468918,9.85,0.4678737,8.42,70.99098433343187,53.2604210856849,37.185929648241206,71.0507594150528,50.0,56.90646459556581,0.803921568627451,0.5294117647058824,0.3627450980392157,0.7892156862745098,B+,C+,C-,B,hanmifinancialcorp
BRBR,Bellring Brands Inc,Consumer Staples,Packaged Foods & Meats,17.2,11.0221,0.869,9.2909,,-31.29,10.59,23.66314,0.1381,29.95204,0.046111493461803155,-77.6536,-31.29,10.59,-52.17986,0.046111493461803155,23.66314,0.1381,29.759937999999984,76.07953575695511,59.75761111584541,76.61290322580645,8.72711421098518,50.0,56.87005481105651,0.8571428571428571,0.5714285714285714,0.8253968253968254,0.015873015873015872,B+,C+,B+,F,bellringbrandsinc
INTU,Intuit Inc,Information Technology,Application Software,399.04,25.3706,5.4723,18.7813,5.6511240927597814,43.99,17.21,22.2,0.2708,16.869999999999997,0.12072859127005163,-35.9682,43.99,17.21,-35.9682,0.12072859127005163,22.2,0.2708,16.869999999999997,60.52925939008595,70.159865081101,77.04935034149666,16.756904080432925,50.0,56.778006265202436,0.6381578947368421,0.8026315789473685,0.8026315789473685,0.07894736842105263,B-,B+,B+,D-,intuitinc
NUE,Nucor Corp,Materials,Steel,226.04,29.5056,1.5836,14.7508,2.470288021769659,-10.95,5.73,8.49,0.0817,6.29,0.984229979466119,88.8072,-10.95,5.73,88.8072,0.984229979466119,8.49,0.0817,6.29,50.79365079365079,48.83327566985738,47.08994708994709,87.57525998905308,50.0,56.75260660268156,0.5555555555555556,0.4603174603174603,0.4126984126984127,0.9206349206349206,C+,C,C,A-,nucorcorp
JPM,JPMorgan Chase & Co,Financials,Diversified Banks,312.47,14.3888,2.89596,25.5463,2.3245485479289822,2.39,108.9793,16.32,0.4122809,4.130000000000001,0.7393773664282712,26.5624,2.39,85.8019475,26.5624,0.7393773664282712,16.32,0.4122809,4.130000000000001,39.321608040201006,62.56339023728702,69.59798994974874,60.01546192500967,50.0,56.74566992994677,0.31862745098039214,0.7450980392156863,0.7034313725490197,0.6274509803921569,C-,B,B,B-,jpmorganchaseco
BLD,TopBuild Corp,Consumer Discretionary,Homebuilding,438.98,23.5779,2.2742,15.3378,5.3199443985946955,-9.79,1.49,23.72,0.1464,11.73,0.5781194852632229,47.0176,-9.79,1.49,47.0176,0.5781194852632229,23.72,0.1464,11.73,34.65416321902485,55.11260939878234,65.41095890410959,78.4931506849315,50.0,56.73743254752638,0.28859060402684567,0.5369127516778524,0.6644295302013423,0.825503355704698,D+,C+,B-,B+,topbuildcorp
HAL,Halliburton Co,Energy,Oil & Gas Equipment & Services,41.66,22.6127,1.5708,11.278,3.3253246701415216,-23.69,-1.72,14.680000000000001,0.1131,8.63,0.965576592082616,109.0316,-23.69,-1.72,109.0316,0.965576592082616,14.680000000000001,0.1131,8.63,46.4593524341952,37.08208891845603,64.15094339622641,83.29009433962264,50.0,56.72701060922114,0.4074074074074074,0.3148148148148148,0.6666666666666666,0.9074074074074074,C,C-,B-,A-,halliburtonco
DRI,Darden Restaurants Inc,Consumer Discretionary,Restaurants,194.76,20.543,1.7794,13.322,9.85891964950113,6.61,8.51,50.71,0.11349999999999999,17.82,0.4346212249029861,-2.5518,6.61,8.51,-2.5518,0.4346212249029861,50.71,0.11349999999999999,17.82,43.00511783273574,67.95499021526419,73.05936073059361,44.978473581213315,50.0,56.602812400127846,0.40268456375838924,0.738255033557047,0.7785234899328859,0.42953020134228187,C,B,B,C,dardenrestaurantsinc
HALO,Halozyme Therapeutics Inc,Health Care,Biotechnology,63.96,23.348,5.2976,17.4152,154.34362934362935,-27.39,37.55,92.67,0.3319,15.770000000000001,0.4740783410138249,6.5467,-27.39,37.55,6.5467,0.4740783410138249,92.67,0.3319,15.770000000000001,47.04264870931538,51.63387015393268,85.71428571428571,40.38763575605681,50.0,56.59353478789817,0.45925925925925926,0.5259259259259259,0.9074074074074074,0.37777777777777777,C,C+,A-,C-,halozymetherapeuticsinc
DXCM,Dexcom Inc,Health Care,Health Care Equipment,61.35,27.8804,5.0014,20.3709,8.597012415571314,47.91,15.6,32.440000000000005,0.1956,17.5,0.20183997769724007,-12.6815,47.91,15.6,-12.6815,0.20183997769724007,32.440000000000005,0.1956,17.5,40.04489337822671,76.04216367270041,77.19298245614034,35.32631578947368,50.0,56.58316485102658,0.34814814814814815,0.8814814814814815,0.8074074074074075,0.3111111111111111,C-,B+,B+,C-,dexcominc
CHRW,CH Robinson Worldwide Inc,Industrials,Air Freight & Logistics,177.3,35.6549,1.2895,24.3499,11.376761376761378,25.4,-8.42,32.519999999999996,0.049,19.15,0.7769784172661871,96.389,25.4,-8.42,96.389,0.7769784172661871,32.519999999999996,0.049,19.15,44.2871490745612,44.99873482462516,60.0,82.5024630541872,50.0,56.57202684440277,0.4368932038834951,0.3786407766990291,0.6189320388349514,0.8640776699029126,C,C-,B-,B+,chrobinsonworldwideinc
GATX,GATX Corp,Industrials,Construction Machinery & Heavy Transportation Equipment,196.35,20.9273,4.0077,17.0228,2.527101831843156,17.41,9.77,12.47,0.3048,2.68,0.8516908212560385,35.3858,17.41,9.77,35.3858,0.8516908212560385,12.47,0.29964999999999986,2.68,48.43767436670015,78.61735337710465,52.052545155993435,53.434841021047916,50.0,56.53299376030391,0.5,0.8689320388349514,0.5388349514563107,0.5242718446601942,C,B+,C+,C+,gatxcorp
PSX,Phillips 66,Energy,Oil & Gas Refining & Marketing,176.19,16.3461,0.5437,11.3243,2.4293356865124234,117.21,-7.53,15.9,0.0172,9.17,0.8347467338986934,70.2977,117.21,-7.53,70.2977,0.8347467338986934,15.9,0.0172,9.17,61.879804332634514,59.15060211593779,56.60377358490566,50.34241788958769,50.0,56.51949848049014,0.7592592592592593,0.6296296296296297,0.5462962962962963,0.48148148148148145,B,B-,C+,C,phillips66
IBKR,Interactive Brokers Group Inc,Financials,Investment Banking & Brokerage,80.46,131.4916,12.6836,32.3626,6.682446742244923,28.16,12.86,19.89,0.465,3.27,0.939165409753645,84.5836,28.16,12.86,72.80332,0.939165409753645,19.89,0.465,3.27,6.955118730909449,58.93964408935335,77.38693467336684,92.85297455017019,50.0,56.444037078973786,0.029411764705882353,0.6617647058823529,0.7794117647058824,0.9705882352941176,F,B-,B,A+,interactivebrokersgroupinc
OGN,Organon & Co,Health Care,Pharmaceuticals,13.29,18.6629,0.5614,10.5186,4.600526170036001,-78.5,-2.92,25.5,0.0684,1.96,0.9870129870129868,40.6349,-62.6,-2.92,40.6349,0.9578760986158243,25.5,0.0684,1.96,84.08529741863074,8.988219310652868,46.8671679197995,84.45864661654134,50.0,56.42748952004641,0.9185185185185185,0.022222222222222223,0.42962962962962964,0.8814814814814815,A-,F,C,B+,organonco
AIT,Applied Industrial Technologies Inc,Industrials,Trading Companies & Distributors,302.99,27.5692,2.3416,20.7836,6.220385471327798,6.39,6.14,21.740000000000002,0.10869999999999999,16.619999999999997,0.9303368443007612,32.4662,6.39,6.14,32.4662,0.9303368443007612,21.740000000000002,0.10869999999999999,16.619999999999997,44.9798332456518,54.852176370830975,66.42036124794747,62.9832512315271,50.0,56.41713414387143,0.441747572815534,0.587378640776699,0.6893203883495146,0.6359223300970874,C,C+,B-,B-,appliedindustrialtechnologiesinc
TRST,TrustCo Bank Corp NY,Financials,Regional Banks,48.06,13.8138,2.5976,11.2647,1.2620069218690098,26.92,24.59725,8.86,0.4587097,7.779999999999999,0.9787465940054496,55.4837,26.92,24.59725,55.4837,0.9602574007634097,8.86,0.4587097,7.779999999999999,60.10198049068873,47.813138825270265,29.396984924623116,97.31805092880131,50.0,56.40097930464228,0.6127450980392157,0.4166666666666667,0.2867647058823529,1.0,B-,C,D+,A+,trustcobankcorpny
ASTE,Astec Industries Inc,Industrials,Construction Machinery & Heavy Transportation Equipment,64.16,37.0614,1.0196,16.3851,2.1538079364599803,838.27,8.07,5.79,0.0467,4.33,0.948692152917505,71.6426,107.05100000000004,8.07,71.6426,0.948692152917505,5.79,0.0467,4.33,53.95603169289142,84.70789621157061,19.70443349753695,80.22092849679056,50.0,56.40088123927933,0.5485436893203883,0.9320388349514563,0.15048543689320387,0.8252427184466019,C+,A,D,B+,astecindustriesinc
GAP,Gap Inc,Consumer Discretionary,Apparel Retail,24.68,11.043,0.5864,4.8958,2.415416385292189,-2.88,1.86,22.98,0.0726,16.189999999999998,0.561592505854801,12.0291,-2.88,1.86,12.0291,0.561592505854801,22.98,0.0726,16.189999999999998,84.75069718978885,36.08363840340104,56.735159817351594,43.863958431743036,50.0,56.36098361881393,0.9328859060402684,0.28187919463087246,0.5570469798657718,0.38926174496644295,A,D+,C+,C-,gapinc
PEP,PepsiCo Inc,Consumer Staples,Soft Drinks & Non-alcoholic Beverages,157.41,24.6356,2.254,16.7216,10.54489670141215,-6.44,4.29,43.89,0.1241,12.31,0.6793527803099363,17.866,-6.44,4.29,17.866,0.6793527803099363,43.89,0.1241,12.31,35.62041303976788,51.350311262026025,72.58064516129032,70.06451612903226,50.0,56.33323002847621,0.30158730158730157,0.5238095238095238,0.7777777777777778,0.6825396825396826,C-,C+,B,B-,pepsicoinc
MOS,Mosaic Co,Materials,Fertilizers & Agricultural Chemicals,23.15,13.6203,0.611,6.1359,0.6080328626659942,206.43,8.36,4.41,0.0682,3.19,0.026468689477082,-24.0236,206.43,8.36,-24.0236,0.1583963740537539,4.41,0.0682,3.19,91.53439153439153,84.40828757463919,35.978835978835974,12.79100529100529,50.0,56.318165451435775,0.9603174603174603,0.9047619047619048,0.3333333333333333,0.06349206349206349,A,A-,C-,D-,mosaicco
DCOM,Dime Community Bancshares Inc,Financials,Regional Banks,36.07,14.3022,2.11729,11.8336,1.0720601566331307,225.06,42.91451,7.670000000000001,0.4435096,6.45,0.8725341426403642,39.4279,95.6,42.91451,39.4279,0.8725341426403642,7.670000000000001,0.4435096,6.45,65.43378657995862,67.63529689618872,21.608040201005025,80.13663824741687,50.0,56.314843723962035,0.7107843137254902,0.8480392156862745,0.2107843137254902,0.8382352941176471,B,B+,D+,B+,dimecommunitybancsharesinc
RMBS,Rambus Inc,Information Technology,Semiconductors,111.93,52.9529,17.2453,46.1937,8.84186079579117,27.75,27.13,18.29,0.3677,18.29,0.5586725663716814,128.9894,27.75,27.13,128.9894,0.5586725663716814,18.29,0.3677,18.29,27.628635346756152,73.40061809250338,79.46279093885654,49.2455628413417,50.0,56.30209275817219,0.2236842105263158,0.8421052631578947,0.8289473684210527,0.45394736842105265,D+,B+,B+,C,rambusinc
BBY,Best Buy Co Inc,Consumer Discretionary,Computer & Electronics Retail,60.05,11.8347,0.3035,7.537,4.236331569664903,18.26,0.39,38.54,0.0332,27.11,0.06992355025172478,-10.4266,18.26,0.39,-10.4266,0.06992355025172478,38.54,0.0332,27.11,86.92347767460392,53.555874032162,59.589041095890416,19.702203692674207,50.0,56.279745237590824,0.9530201342281879,0.5167785234899329,0.5838926174496645,0.1610738255033557,A,C+,C+,D,bestbuycoinc
GEN,Gen Digital Inc,Information Technology,Systems Software,19.37,19.4556,2.4819,10.3955,5.267165193745751,-5.53,15.97,25.6,0.3668,5.53,0.1101489435400069,-24.3359,-5.53,15.97,-24.3359,0.1101489435400069,25.6,0.3668,5.53,81.29341810903097,47.75038364117071,66.0429352415663,24.295539060995303,50.0,56.24327287808252,0.8552631578947368,0.45394736842105265,0.7039473684210527,0.17105263157894737,B+,C,B,D,gendigitalinc
YETI,Yeti Holdings Inc,Consumer Discretionary,Leisure Products,40.35,18.3259,1.6221,10.6053,4.653335178522004,-17.37,1.56,22.66,0.1143,20.53,0.5431196491960745,42.328,-17.37,1.56,42.328,0.5431196491960745,22.66,0.1143,20.53,55.47485519904385,35.97308665872543,66.89497716894978,67.12328767123287,50.0,56.211732957990066,0.610738255033557,0.2751677852348993,0.6812080536912751,0.6711409395973155,B-,D+,B-,B-,yetiholdingsinc
BWXT,BWX Technologies Inc,Industrials,Aerospace & Defense,216.31,60.4935,6.2215,45.3032,16.046854946995154,17.0,18.3,27.650000000000002,0.1265,11.95,0.8170014347202297,94.6634,17.0,18.3,94.6634,0.8170014347202297,27.650000000000002,0.1265,11.95,11.022366763913462,75.13092977620958,66.5024630541872,83.90147783251231,50.0,56.18768897626954,0.043689320388349516,0.8446601941747572,0.6941747572815534,0.883495145631068,F,B+,B-,B+,bwxtechnologiesinc
AIR,AAR Corp,Industrials,Aerospace & Defense,110.35,25.7446,1.4045,14.1557,3.263325368473349,-45.74,16.85,12.07,0.0955,7.199999999999999,0.7721929468990677,100.2722,-45.74,16.85,100.2722,0.7721929468990677,12.07,0.0955,7.199999999999999,63.08686849363113,43.48669615981657,40.968801313628894,82.00738916256158,50.0,56.11273451629063,0.7184466019417476,0.35436893203883496,0.35436893203883496,0.8543689320388349,B,C-,C-,B+,aarcorp
CTS,CTS Corp,Information Technology,Electronic Manufacturing Services,57.0,24.2779,2.9294,12.9229,2.9707304869913274,15.91,4.95,11.940000000000001,0.1527,10.41,0.8874550454833934,47.2488,15.91,4.95,47.2488,0.8874550454833934,11.940000000000001,0.1527,10.41,74.22730483927941,45.01718424842281,57.004014993258956,46.49599241447768,50.0,56.110465290714686,0.7960526315789473,0.3881578947368421,0.5986842105263158,0.42105263157894735,B,C-,C+,C,ctscorp
SAM,Boston Beer Company Inc,Consumer Staples,Brewers,214.3,20.4907,1.1311,8.55,2.652910650266405,97.19,-2.38,12.16,0.0737,12.16,0.36606635071090066,-12.477,73.24599999999988,-2.38,-12.477,0.36606635071090066,12.16,0.0737,12.16,65.54019457245263,64.70710010608143,46.774193548387096,50.146627565982406,50.0,56.049342564622705,0.7142857142857143,0.7142857142857143,0.4126984126984127,0.47619047619047616,B,B,C,C,bostonbeercompanyinc
WWW,Wolverine World Wide Inc,Consumer Discretionary,Footwear,17.33,14.946,0.756,10.2419,3.4484130932245542,,3.61,26.35,0.0794,9.120000000000001,0.2190812720848056,31.7871,,3.61,31.7871,0.2190812720848056,26.35,0.0794,9.120000000000001,68.70613833471238,49.597974985110184,53.65296803652968,52.68612269207862,50.0,56.04659612824828,0.7583892617449665,0.46308724832214765,0.5167785234899329,0.5033557046979866,B,C,C+,C+,wolverineworldwideinc
TFC,Truist Financial Corp,Financials,Diversified Banks,50.93,11.5108,1.76233,19.2127,0.9863254583518121,17.14,58.19041,8.51,0.2905613,4.35,0.7080676462434156,31.9772,17.14,58.19041,31.9772,0.7080676462434156,8.51,0.2905613,4.35,79.73568824514732,63.73646921515284,25.628140703517587,59.78739853111713,50.0,56.04573078642022,0.9117647058823529,0.7843137254901961,0.25,0.6225490196078431,A-,B,D+,B-,truistfinancialcorp
RF,Regions Financial Corp,Financials,Regional Banks,28.19,10.9026,1.92217,10.5574,1.284932243640292,14.13,45.41902,11.78,0.3873294,9.54,0.7057268722466961,37.4451,14.13,45.41902,37.4451,0.7057268722466961,11.78,0.3873294,9.54,70.12020888757513,43.82072696236113,47.73869346733669,63.96589690023149,50.0,56.02205036124648,0.7745098039215687,0.3872549019607843,0.46568627450980393,0.6813725490196079,B,C-,C,B-,regionsfinancialcorp
PKG,Packaging Corp of America,Materials,Paper & Plastic Packaging Products & Materials,218.06,25.5852,2.0574,12.6544,4.230305875597269,-14.0,7.86,16.75,0.11699999999999999,9.86,0.5583485465524506,18.918,-14.0,7.86,18.918,0.5583485465524506,16.75,0.11699999999999999,9.86,49.73544973544974,52.0151828847481,72.4867724867725,50.20952380952381,50.0,56.000496894409935,0.5158730158730159,0.5396825396825397,0.7142857142857143,0.49206349206349204,C+,C+,B,C,packagingcorpofamerica
LUV,Southwest Airlines Co,Industrials,Passenger Airlines,38.76,23.287,0.6587,8.3569,2.5039406703015583,80.72,4.72,10.67,0.034,6.65,0.3937708565072302,35.6193,80.72,4.72,35.6193,0.3937708565072302,10.67,0.034,6.65,82.47644554976326,68.6855287328475,27.750410509031198,48.476303720061146,50.0,55.98908050528034,0.8980582524271845,0.7378640776699029,0.20388349514563106,0.44660194174757284,B+,B,D+,C,southwestairlinesco
RH,RH,Consumer Discretionary,Homefurnishing Retail,129.97,19.6169,0.7117,10.3789,40.360847152350786,75.14,8.14,203.42,0.11259999999999999,2.03,0.15704632429595147,-29.6547,75.14,8.14,-29.6547,0.15704632429595147,165.0675,0.11259999999999999,2.03,64.44178848334407,84.9295610211706,58.10502283105023,16.749688667496887,50.0,55.97255276633207,0.7315436241610739,0.912751677852349,0.5637583892617449,0.12080536912751678,B,A-,C+,D,rh
LPG,Dorian LPG Ltd,Energy,Oil & Gas Storage & Transportation,39.18,13.8698,4.144,9.2217,1.601039572402295,-27.64,-3.51,11.41,0.34869999999999995,7.59,0.9860968074150359,82.9132,-27.64,-3.51,82.9132,0.9860968074150359,11.41,0.34869999999999995,7.59,47.810389005357564,31.320911427317746,67.29559748427673,79.63611859838275,50.0,55.96790262754867,0.42592592592592593,0.16666666666666666,0.7037037037037037,0.8703703703703703,C,D,B,B+,dorianlpgltd
UBSI,United Bankshares Inc,Financials,Regional Banks,43.68,12.1344,4.20702,10.7836,1.1117162883743186,32.06,50.64327,9.26,0.4541967,8.450000000000001,0.8134328358208955,26.7189,32.06,50.64327,26.7189,0.8134328358208955,9.26,0.4541967,8.450000000000001,70.5377377081486,66.25341000757483,32.1608040201005,60.12195810513241,50.0,55.94970905460372,0.7892156862745098,0.8235294117647058,0.3137254901960784,0.6323529411764706,B,B+,C-,B-,unitedbanksharesinc
LNT,Alliant Energy Corp,Utilities,Electric Utilities,74.06,23.6148,4.5284,16.4195,2.596619416093711,17.03,10.06,11.219999999999999,0.2429,4.33,0.8987424757136898,22.3121,17.03,10.06,22.3121,0.8987424757136898,11.219999999999999,0.2429,4.33,25.721040189125294,69.8005698005698,61.48148148148149,75.84045584045583,50.0,55.92883554585682,0.19148936170212766,0.7872340425531915,0.6170212765957447,0.8297872340425532,D,B,B-,B+,alliantenergycorp
HWKN,Hawkins Inc,Materials,Commodity Chemicals,167.49,42.5184,3.296,21.673,7.526659446633922,0.89,11.65,16.73,0.1151,11.14,0.7364592895981923,40.2411,0.89,11.65,40.2411,0.7364592895981923,16.73,0.1151,11.14,26.984126984126984,66.51452412321977,73.54497354497354,62.44306418219462,50.0,55.92379279335801,0.1746031746031746,0.7777777777777778,0.746031746031746,0.6349206349206349,D,B,B,B-,hawkinsinc
DOCN,DigitalOcean Holdings Inc,Information Technology,Internet Services & Infrastructure,102.82,40.6049,11.6785,32.6834,209.06872712484747,182.74,15.48,-20.080000000000002,0.2275,-1.73,0.9789672820163228,226.6201,182.74,15.48,226.6201,0.9789672820163228,-9.676,0.2275,-1.73,37.78258565877781,78.55595187809952,29.87095722772864,91.47380909236992,50.0,55.919337915720504,0.35526315789473684,0.881578947368421,0.2565789473684211,0.9736842105263158,C-,B+,D+,A+,digitaloceanholdingsinc
CART,Maplebear Inc,Consumer Staples,Food Retail,42.19,22.4266,2.679,18.0532,4.08109964306097,2.87,10.78,13.530000000000001,0.1328,13.530000000000001,0.4554646124217621,6.167,2.87,10.78,6.167,0.4554646124217621,13.530000000000001,0.1328,13.530000000000001,36.6615463389657,73.43132645509556,58.064516129032256,62.729528535980144,50.0,55.91368661521463,0.31746031746031744,0.7936507936507936,0.5793650793650794,0.6190476190476191,C-,B,C+,B-,maplebearinc
BDC,Belden Inc,Information Technology,Electronic Components,114.15,18.4568,1.6146,14.4297,3.5160725946552,22.98,10.33,19.139999999999997,0.1162,9.48,0.2667934529645761,12.6295,22.98,10.33,12.6295,0.2667934529645761,19.139999999999997,0.1162,9.48,81.65695278464618,51.7814037701164,57.1721706149903,28.95795368683052,50.0,55.855152341298506,0.868421052631579,0.5197368421052632,0.6052631578947368,0.21710526315789475,B+,C+,B-,D+,beldeninc
TROW,T Rowe Price Group Inc,Financials,Asset Management & Custody Banks,103.42,10.7828,3.0766,8.307,2.0813794824525744,0.75,3.12,19.580000000000002,0.29969999999999997,19.52,0.5515151515151516,17.3627,0.75,3.12,17.3627,0.5515151515151516,19.580000000000002,0.29969999999999997,19.52,57.52660360626663,32.51691307550852,76.88442211055276,53.66834170854271,50.0,55.839807386015096,0.5686274509803921,0.25,0.7745098039215687,0.553921568627451,C+,D+,B,C+,trowepricegroupinc
PEG,Public Service Enterprise Group Inc,Utilities,Electric Utilities,80.15,19.1723,3.3262,14.8695,2.35041231187904,19.02,18.25,12.6,0.24489999999999998,5.24,0.2720419534578831,1.8942,19.02,18.25,1.8942,0.283983823800953,12.6,0.24489999999999998,5.24,49.2828999211978,86.63558663558663,71.85185185185185,16.125356125356124,50.0,55.83587649545097,0.574468085106383,0.9574468085106383,0.851063829787234,0.10638297872340426,C+,A,B+,D,publicserviceenterprisegroupinc
ULS,UL Solutions Inc,Industrials,nan,91.6,56.7079,6.0367,26.42,14.591098792570644,-1.25,6.38,28.77,0.171,19.08,0.9347796973349404,56.8762,-1.25,6.38,56.8762,0.9347796973349404,28.77,0.171,19.08,16.752753997481147,54.32934809499455,80.95238095238095,77.5744780670889,50.0,55.80704896988222,0.07766990291262135,0.5728155339805825,0.8689320388349514,0.7864077669902912,D-,C+,B+,B,ulsolutionsinc
SYY,Sysco Corp,Consumer Staples,Food Distributors,74.05,19.7367,0.4291,12.0978,19.321591650358773,-4.44,2.58,88.72,0.037000000000000005,11.63,0.24772775311773407,5.5595,-4.44,2.58,5.5595,0.24772775311773407,88.72,0.037000000000000005,11.63,68.54412015702339,50.882852292020374,56.4516129032258,46.83870967741936,50.0,55.79324565895024,0.746031746031746,0.5079365079365079,0.5555555555555556,0.42857142857142855,B,C+,C+,C,syscocorp
ACA,Arcosa Inc,Industrials,Construction & Engineering,124.76,29.3932,2.1244,13.1734,2.3143948458523247,121.29,12.2,8.18,0.1186,5.0,0.876005961251863,52.0536,107.05100000000004,12.2,52.0536,0.876005961251863,8.18,0.1186,5.0,57.613946147591946,80.29395986772323,35.79638752052545,56.58268824771288,50.0,55.72791304011657,0.6116504854368932,0.8980582524271845,0.3058252427184466,0.5631067961165048,B-,B+,C-,C+,arcosainc
LII,Lennox International Inc,Industrials,Building Products,526.33,22.8761,3.5481,17.4495,15.746031556084748,1.12,-2.73,80.86,0.2004,36.980000000000004,0.36130472237450084,-5.5097,1.12,-2.73,-5.5097,0.36130472237450084,73.67999999999981,0.2004,26.983999999999988,48.10448451225151,41.87768933563901,92.93924466338258,35.41511474228042,50.0,55.71949310949241,0.49029126213592233,0.33495145631067963,0.9902912621359223,0.3446601941747573,C,C-,A+,C-,lennoxinternationalinc
PRG,PROG Holdings Inc,Financials,Consumer Finance,36.19,9.878,0.6018,0.9533,1.9188352314903183,-21.11,-2.2,21.17,0.0858,11.4,0.6774193548387095,35.8994,-21.11,-2.2,35.8994,0.6774193548387095,21.17,0.0858,11.4,63.73411173514632,14.746441453629247,79.89949748743719,59.2713567839196,50.0,55.711961953155644,0.6715686274509803,0.05392156862745098,0.803921568627451,0.6029411764705882,B-,D-,B+,B-,progholdingsinc
UBER,Uber Technologies Inc,Industrials,Passenger Ground Transportation,75.12,15.22,2.9415,34.0122,5.772200920540031,3.3,18.28,40.31,0.107,28.27,0.19862809424396094,-7.1331,3.3,18.28,-7.1331,0.19862809424396094,40.31,0.107,26.983999999999988,45.676502941317146,71.99361783872807,78.81773399014779,25.88893864755934,50.0,55.70007053012372,0.46116504854368934,0.7864077669902912,0.8398058252427184,0.21359223300970873,C,B,B+,D+,ubertechnologiesinc
CSX,CSX Corp,Industrials,Rail Transportation,45.09,27.47,5.9207,15.6635,6.375307524814072,-2.56,-0.92,23.53,0.3345,9.54,0.9223817118553964,60.4055,-2.56,-0.92,60.4055,0.9223817118553964,23.53,0.29964999999999986,9.54,40.54952412836577,30.80766408364904,74.95894909688013,78.21375026772327,50.0,55.681401176585936,0.3592233009708738,0.20388349514563106,0.7961165048543689,0.8009708737864077,C-,D+,B,B+,csxcorp
BCPC,Balchem Corp,Materials,Specialty Chemicals,161.52,33.3904,4.9851,20.5987,4.118002493441331,21.0,8.75,12.31,0.2018,10.8,0.49966465459423237,2.9577,21.0,8.75,2.9577,0.49966465459423237,12.31,0.2018,10.8,30.687830687830694,82.24110416293186,77.24867724867725,36.20718462823726,50.0,55.67378474236081,0.25396825396825395,0.873015873015873,0.8095238095238095,0.31746031746031744,D+,B+,B+,C-,balchemcorp
PEN,Penumbra Inc,Health Care,Health Care Equipment,325.33,72.1208,9.1296,66.3785,8.939872330720041,1389.2,17.5,13.43,0.1348,13.19,0.7373007438894791,11.4831,1389.2,17.5,11.4831,0.7373007438894791,13.43,0.1348,13.19,16.610549943883278,91.45554671140914,58.89724310776942,67.34436090225563,50.0,55.63692978564613,0.05925925925925926,0.9851851851851852,0.6222222222222222,0.6888888888888889,D-,A+,B-,B-,penumbrainc
CHEF,Chefs' Warehouse Inc,Consumer Staples,Food Distributors,78.83,43.6398,0.761,19.0451,5.306523597638553,29.77,9.36,12.690000000000001,0.035,5.6000000000000005,0.9780576225911085,36.7983,29.77,9.36,36.7983,0.9780576225911085,12.690000000000001,0.035,5.6000000000000005,37.165045229561365,82.47425014148274,31.72043010752688,84.56774193548387,50.0,55.629767249665385,0.3333333333333333,0.9206349206349206,0.25396825396825395,0.8253968253968254,C-,A-,D+,B+,chefswarehouseinc
PGR,Progressive Corp,Financials,Property & Casualty Insurance,199.31,10.0864,1.3039,8.2908,3.851721012567228,32.6,13.89,35.449999999999996,0.1659,28.99,0.0744333265264447,-28.218,32.6,13.89,-28.218,0.0744333265264447,35.449999999999996,0.1659,27.17999999999999,50.44216178933885,61.270654053002595,92.96482412060301,12.428810720268007,50.0,55.59163943213959,0.4803921568627451,0.7058823529411765,0.9313725490196079,0.10294117647058823,C,B,A,D,progressivecorp
ABG,Asbury Automotive Group Inc,Consumer Discretionary,Automotive Retail,203.01,7.1463,0.2179,9.2588,1.0030123473137145,34.23,4.83,12.97,0.056900000000000006,5.56,0.20469462676604716,-7.0254,34.23,4.83,-7.0254,0.20469462676604716,12.97,0.056900000000000006,5.56,89.32916551745272,71.75557479763387,37.67123287671233,22.40763802407638,50.0,55.582742162883314,0.9664429530201343,0.7919463087248322,0.34563758389261745,0.2080536912751678,A,B,C-,D+,asburyautomotivegroupinc
PPG,PPG Industries Inc,Materials,Specialty Chemicals,107.51,15.3357,1.5225,11.0162,3.0248890039333967,47.06,-8.81,20.84,0.1318,10.6,0.3527281807966038,-1.1584,47.06,-8.81,-1.1584,0.3527281807966038,20.84,0.1318,10.6,65.07936507936508,50.213776610764874,78.3068783068783,23.46700083542189,50.0,55.582716335798196,0.7619047619047619,0.5079365079365079,0.8253968253968254,0.20634920634920634,B,C+,B+,D+,ppgindustriesinc
PLXS,Plexus Corp,Information Technology,Electronic Manufacturing Services,264.6,40.9963,1.7564,25.5214,4.8802080451502245,56.35,1.82,12.389999999999999,0.0509,11.129999999999999,0.9522661062173888,113.1121,56.35,1.82,113.1121,0.9522661062173888,12.389999999999999,0.0509,11.129999999999999,62.65159543153185,50.4713599283459,48.639198779205,63.261017362088516,50.0,55.5691740107711,0.6513157894736842,0.506578947368421,0.46710526315789475,0.6118421052631579,B-,C+,C,B-,plexuscorp
HLT,Hilton Worldwide Holdings Inc,Consumer Discretionary,"Hotels, Resorts & Cruise Lines",318.61,49.7811,6.0247,29.1584,170.47084002140184,-0.49,7.74,171.01,0.2237,9.64,0.7781832067546355,36.1058,-0.49,7.74,36.1058,0.7781832067546355,165.0675,0.2237,9.64,11.925776102479238,63.166351986502235,80.0228310502283,74.4541303445413,50.0,55.5112482543856,0.040268456375838924,0.6644295302013423,0.8657718120805369,0.7651006711409396,F,B-,B+,B,hiltonworldwideholdingsinc
L,Loews Corp,Financials,Multi-line Insurance,111.7,13.926,1.2562,12.2049,1.231437485530334,24.7,5.29,9.3,0.14279999999999998,6.15,0.892619251354843,29.4172,24.7,5.29,29.4172,0.892619251354843,9.3,0.14279999999999998,6.15,60.37786974086117,54.85787101344319,32.663316582914575,81.3139772938768,50.0,55.49466624240793,0.6176470588235294,0.5588235294117647,0.31862745098039214,0.8529411764705882,B-,C+,C-,B+,loewscorp
OGE,OGE Energy Corp,Utilities,Multi-Utilities,48.18,21.2052,3.0617,11.2486,1.9950393169329894,6.14,9.21,9.89,0.2452,4.45,0.7688203912270299,7.5687,6.14,9.21,7.5687,0.7688203912270299,9.89,0.2452,4.45,62.00157604412923,57.307449494949495,60.0,42.36111111111111,50.0,55.43410613224443,0.6595744680851063,0.6170212765957447,0.574468085106383,0.3829787234042553,B-,B-,C+,C-,ogeenergycorp
GEHC,GE Healthcare Technologies Inc,Health Care,Health Care Equipment,61.03,13.3151,1.346,9.9359,2.679798543081834,4.78,4.85,21.240000000000002,0.134,10.59,0.07350096711798844,-9.8123,4.78,4.85,-9.8123,0.07350096711798844,21.240000000000002,0.134,10.59,84.60718294051627,38.31265711880615,62.155388471177936,30.321804511278195,50.0,55.417535178940426,0.9259259259259259,0.3111111111111111,0.6666666666666666,0.26666666666666666,A-,C-,B-,D+,gehealthcaretechnologiesinc
SNEX,StoneX Group Inc,Financials,Investment Banking & Brokerage,105.19,23.007,0.0577,47.9531,3.4635355786992066,-40.92,32.54,16.43,0.33,1.8800000000000001,0.9498069498069497,75.4336,-40.92,32.54,72.80332,0.9498069498069497,16.43,0.33,1.8800000000000001,21.055030052221895,40.84372813472628,70.85427135678391,96.34138434106015,50.0,55.414347847408735,0.16666666666666666,0.3480392156862745,0.7156862745098039,0.9901960784313726,D,C-,B,A+,stonexgroupinc
CVCO,Cavco Industries Inc,Consumer Discretionary,Homebuilding,510.68,21.4743,1.7979,15.7537,3.8414437834926534,13.34,14.3,17.14,0.09789999999999999,17.02,0.36669535957430166,2.6628,13.34,14.3,2.6628,0.36669535957430166,17.14,0.09789999999999999,17.02,37.77696055897766,87.34719843987824,58.333333333333336,44.436834094368336,50.0,55.38437997992706,0.3221476510067114,0.9463087248322147,0.5704697986577181,0.40268456375838924,C-,A,C+,C,cavcoindustriesinc
POST,Post Holdings Inc,Consumer Staples,Packaged Foods & Meats,103.4,15.622,0.5966,12.0067,1.4546702794261228,-11.33,5.38,8.49,0.0964,2.8899999999999997,0.40043196544276494,-8.048,-11.33,5.38,-8.048,0.40043196544276494,8.49,0.0964,2.8899999999999997,69.09028844512716,60.076018293335785,33.333333333333336,63.783783783783775,50.0,55.37786586003904,0.7619047619047619,0.6031746031746031,0.2698412698412698,0.6349206349206349,B,B-,D+,B-,postholdingsinc
VLTO,Veralto Corp,Industrials,Environmental & Facilities Services,87.63,22.8956,3.9109,16.8932,7.0104,12.53,5.97,34.47,0.23149999999999998,17.44,0.10509554140127389,-6.9844,12.53,5.97,-6.9844,0.10509554140127389,34.47,0.23149999999999998,17.44,47.31216222679229,60.89670746761114,86.37110016420361,23.884588318085854,50.0,55.37707475488837,0.47572815533980584,0.6553398058252428,0.9296116504854369,0.1796116504854369,C,B-,A-,D,veraltocorp
VMC,Vulcan Materials Co,Materials,Construction Materials,297.32,35.9956,4.8805,18.1598,4.554785496749208,18.37,7.06,12.740000000000002,0.2039,8.219999999999999,0.5711201422402846,12.7793,18.37,7.06,12.7793,0.5711201422402846,12.740000000000002,0.2039,8.219999999999999,32.27513227513227,73.08632390154129,73.01587301587301,47.15608465608466,50.0,55.37123303427651,0.31746031746031744,0.8253968253968254,0.7301587301587301,0.42857142857142855,C-,B+,B,C,vulcanmaterialsco
MTZ,MasTec Inc,Industrials,Construction & Engineering,417.41,80.6389,2.2504,31.484,10.104186334742174,146.92,16.22,13.08,0.045899999999999996,7.470000000000001,0.9974865162067341,211.4768,107.05100000000004,16.22,148.77037999999985,0.9872267261247282,13.08,0.045899999999999996,7.470000000000001,25.780764264192456,84.98080012106595,34.48275862068966,91.44968332160451,50.0,55.351977409754625,0.1796116504854369,0.941747572815534,0.2669902912621359,0.9635922330097088,D,A,D+,A,mastecinc
HOOD,Robinhood Markets Inc,Financials,Investment Banking & Brokerage,73.66,35.2134,14.8238,30.9585,7.263869987969154,32.75,51.58,22.33,0.4681,9.1,0.25946469017976925,58.0009,32.75,51.58,58.0009,0.25946469017976925,22.33,0.4681,9.1,9.142526357276582,83.11475240324131,81.4070351758794,55.42227265359053,50.0,55.344795394655364,0.049019607843137254,0.9607843137254902,0.8186274509803921,0.5735294117647058,F,A,B+,C+,robinhoodmarketsinc
WMT,Walmart Inc,Consumer Staples,Consumer Staples Merchandise Retail,131.6,48.9114,1.5015,26.2154,10.529095025882691,13.49,4.73,23.69,0.0418,15.17,0.927803738317757,35.0991,13.49,4.73,35.0991,0.927803738317757,23.69,0.0418,15.17,23.331626557433015,67.7549954290192,54.30107526881721,86.7741935483871,50.0,55.31401325204382,0.19047619047619047,0.746031746031746,0.5238095238095238,0.8888888888888888,D,B,C+,B+,walmartinc
RMD,Resmed Inc,Health Care,Health Care Equipment,205.02,19.9805,5.4998,15.6289,5.028931934527241,19.51,9.57,24.81,0.337,22.32,0.0670379321214671,-13.3071,19.51,9.57,-13.3071,0.0670379321214671,24.81,0.337,22.32,52.80022446689114,56.4968628731005,84.21052631578948,23.798496240601498,50.0,55.311759518410554,0.562962962962963,0.6592592592592592,0.8888888888888888,0.21481481481481482,C+,B-,B+,D+,resmedinc
FCX,Freeport-McMoRan Inc,Materials,Copper,56.55,37.2636,4.4798,9.7589,4.296818606630246,16.78,-27.98,12.0,0.2229,7.960000000000001,0.597515007678347,55.3145,16.78,-17.278,55.3145,0.597515007678347,12.0,0.2229,7.960000000000001,46.03174603174603,37.70745012981038,70.8994708994709,67.64928193499622,50.0,55.304150645765546,0.49206349206349204,0.2698412698412698,0.6984126984126984,0.6825396825396826,C,D+,B-,B-,freeportmcmoraninc
ELV,Elevance Health Inc,Health Care,Managed Health Care,372.68,15.4867,0.4051,12.5815,1.8745583083303363,-8.29,9.44,11.95,0.0381,6.950000000000001,0.6574769149006843,-8.7262,-8.29,9.44,-8.7262,0.6574769149006843,11.95,0.0381,6.950000000000001,84.01234567901234,46.80094419216357,40.852130325814535,48.59649122807018,50.0,55.29560608525347,0.9111111111111111,0.45925925925925926,0.35185185185185186,0.4666666666666667,A-,C,C-,C,elevancehealthinc
RDN,Radian Group Inc,Financials,Property & Casualty Insurance,35.43,8.2288,3.86,6.5825,1.0040126500493078,5.61,-3.73,12.590000000000002,0.6816,8.86,0.6418067226890753,8.8145,5.61,-3.73,8.8145,0.6418067226890753,12.590000000000002,0.6436406,8.86,89.02478076657798,20.478437045377955,53.266331658291456,53.12975132070609,50.0,55.29441577943417,0.9754901960784313,0.11274509803921569,0.5441176470588235,0.5441176470588235,A+,D,C+,C+,radiangroupinc
TXN,Texas Instruments Inc,Information Technology,Semiconductors,281.02,47.5599,13.8439,32.5635,15.663040085611092,10.83,14.89,30.44,0.3529,16.57,0.9495928941524796,77.5686,10.83,14.89,77.5686,0.9495928941524796,30.44,0.3529,16.57,34.50194277640409,54.53755692577274,81.26138939508422,52.176450472628716,50.0,55.283634522552376,0.3092105263157895,0.5986842105263158,0.8486842105263158,0.4868421052631579,C-,C+,B+,C,texasinstrumentsinc
POWL,Powell Industries Inc,Industrials,Electrical Components & Equipment,275.33,53.5864,9.0126,41.7301,15.559322991721059,-41.75,5.12,30.64,0.20199999999999999,30.64,0.9650013124507831,332.1614,-41.75,5.12,148.77037999999985,0.9650013124507831,30.64,0.20199999999999999,26.983999999999988,10.708307427423598,33.396151193562545,88.66995073891626,93.77611686767452,50.0,55.279018153832375,0.03398058252427184,0.23300970873786409,0.9611650485436893,0.9805825242718447,F,D+,A,A+,powellindustriesinc
EPAM,Epam Systems Inc,Information Technology,IT Consulting & Other Services,112.33,16.0298,1.1094,7.3781,1.6579339660236447,-14.17,15.42,10.27,0.0953,10.2,0.02330940352743061,-29.1114,-14.17,15.42,-29.1114,0.07599398584473208,10.27,0.0953,10.2,92.30689979983515,51.91427699816961,49.47479147221358,22.040344650238424,50.0,55.23634714769379,0.9671052631578947,0.5328947368421053,0.4868421052631579,0.13157894736842105,A,C+,C,D,epamsystemsinc
RGA,Reinsurance Group of America Inc,Financials,Reinsurance,208.68,11.6542,0.5811,8.0363,1.0148546751254102,65.43,7.16,9.48,0.08039999999999999,6.49,0.6776574030460041,11.6294,65.43,7.16,11.6294,0.6776574030460041,9.48,0.08039999999999999,6.49,76.76372056360233,63.01081117835045,34.17085427135678,49.474645957058016,50.0,55.230735135821476,0.8872549019607843,0.7598039215686274,0.3333333333333333,0.4803921568627451,B+,B,C-,C,reinsurancegroupofamericainc
IDCC,InterDigital Inc,Information Technology,Communications Equipment,290.5,18.3591,8.9514,13.1435,6.776268830096431,-0.8,-3.97,38.5,0.5526,26.590000000000003,0.4362880886426592,43.7052,-0.8,-3.618,43.7052,0.4362880886426592,38.5,0.44785,26.590000000000003,64.57376663134346,21.656743195791393,90.05511356060269,36.06358801131903,50.0,55.20128628940863,0.7171052631578947,0.08552631578947369,0.9276315789473685,0.3026315789473684,B,D-,A-,C-,interdigitalinc
RRR,Red Rock Resorts Inc,Consumer Discretionary,Casinos & Gaming,52.78,29.4754,2.7558,11.0018,26.596119929453263,5.98,3.74,85.64,0.3012,5.18,0.4016242155777041,24.864,5.98,3.74,24.864,0.4016242155777041,85.64,0.2721,5.18,38.664153718856305,58.24364803241161,73.17351598173515,52.89560699102504,50.0,55.18726842983519,0.3422818791946309,0.5973154362416108,0.785234899328859,0.5100671140939598,C-,C+,B,C+,redrockresortsinc
FLS,Flowserve Corp,Industrials,Industrial Machinery & Supplies & Components,71.65,26.5601,1.9446,15.3044,4.1533824126137615,22.82,3.76,15.809999999999999,0.0823,9.36,0.5616544798447634,55.221,22.82,3.76,55.221,0.5616544798447634,15.809999999999999,0.0823,9.36,56.74031916080795,63.00885996430633,46.14121510673235,59.25052779732583,50.0,55.17226111921151,0.587378640776699,0.6796116504854369,0.42718446601941745,0.6067961165048543,C+,B-,C,B-,flowservecorp
PG,Procter & Gamble Co,Consumer Staples,Personal Care Products,147.26,20.8525,4.0243,15.3583,6.630555668121012,7.54,1.08,31.25,0.23579999999999998,18.709999999999997,0.2888822295474973,-7.951,7.54,1.08,-7.951,0.2888822295474973,31.25,0.23579999999999998,18.709999999999997,38.325652841781874,54.76812209345243,81.18279569892472,46.50537634408602,50.0,55.13181182268434,0.3492063492063492,0.5555555555555556,0.8571428571428571,0.4126984126984127,C-,C+,B+,C,proctergambleco
APPF,Appfolio Inc,Information Technology,Application Software,173.1,40.1151,6.1246,31.0069,11.481977739158122,-21.42,20.72,30.9,0.1707,30.9,0.16567563144400196,-16.2271,-21.42,20.72,-16.2271,0.16567563144400196,30.9,0.1707,30.9,45.918697751089134,52.53565900640164,77.78271626887121,43.41675562939066,50.0,55.11583643214855,0.5,0.5394736842105263,0.8092105263157895,0.3815789473684211,C,C+,B+,C-,appfolioinc
ARMK,Aramark,Consumer Discretionary,Distributors,44.95,37.866,0.6388,13.8997,3.753841528594335,24.1,6.35,10.17,0.042199999999999994,3.4299999999999997,0.8603473227206947,35.8416,24.1,6.35,35.8416,0.8603473227206947,10.17,0.042199999999999994,3.4299999999999997,43.41577027979529,77.55244006849315,28.310502283105023,83.33333333333333,50.0,55.10872282109038,0.4161073825503356,0.8389261744966443,0.21476510067114093,0.87248322147651,C,B+,D+,B+,aramark
FCN,FTI Consulting Inc,Industrials,Research & Consulting Services,173.82,19.4963,1.3938,13.7073,3.094358163679477,5.67,2.44,14.38,0.1027,11.99,0.6129032258064513,5.2115,5.67,2.44,5.2115,0.6129032258064513,14.38,0.1027,11.99,71.19422258357646,45.97342234425332,52.709359605911324,49.589490968801314,50.0,55.088478209982874,0.8106796116504854,0.4077669902912621,0.5436893203883495,0.47572815533980584,B+,C,C+,C,fticonsultinginc
SLGN,Silgan Holdings Inc,Materials,"Metal, Glass & Plastic Containers",39.72,14.6865,0.6533,8.1805,1.8415147525174786,4.46,10.73,13.03,0.0922,4.15,0.17089516515078987,-24.6443,4.46,10.73,-24.58223,0.17089516515078987,13.03,0.0922,4.15,86.77248677248677,66.30291005291005,53.439153439153436,8.796296296296294,50.0,55.07275132275132,0.9206349206349206,0.7619047619047619,0.49206349206349204,0.031746031746031744,A-,B,C,F,silganholdingsinc
RGLD,Royal Gold Inc,Materials,Gold,230.59,42.0427,19.0241,24.8581,2.7224288991394343,35.14,43.24,10.92,0.6193,9.950000000000001,0.5134408446564916,29.4867,35.14,33.85199999999998,29.4867,0.5134408446564916,10.92,0.24867999999999998,9.950000000000001,19.04761904761905,85.77545642763033,74.33862433862434,47.835497835497826,50.0,55.068751699186485,0.06349206349206349,0.9206349206349206,0.7777777777777778,0.4444444444444444,D-,A-,B,C,royalgoldinc
SKY,Champion Homes Inc,Consumer Discretionary,Homebuilding,76.9,19.9126,1.6132,12.1748,2.843545816585748,32.24,8.67,13.59,0.09789999999999999,12.58,0.43952060536033916,-11.8728,32.24,8.67,-11.8728,0.43952060536033916,13.59,0.09789999999999999,12.58,48.4386013300236,87.27287861491628,53.53881278538813,35.403348554033485,50.0,55.029598962642886,0.4966442953020134,0.9395973154362416,0.5100671140939598,0.30201342281879195,C,A,C+,C-,championhomesinc
SCSC,Scansource Inc,Information Technology,Technology Distributors,41.15,11.9681,0.2925,7.573,1.008647652289863,27.98,0.07,8.14,0.030699999999999998,7.13,0.6219421793921422,23.2405,27.98,0.07,23.2405,0.6219421793921422,8.14,0.030699999999999998,7.13,96.24543741905097,40.9066147397447,34.910440464020624,44.98549141866623,50.0,54.96739070245008,0.9802631578947368,0.3092105263157895,0.3026315789473684,0.39473684210526316,A+,C-,C-,C-,scansourceinc
CHTR,Charter Communications Inc,Communication Services,Cable & Satellite,171.74,4.7691,0.4342,5.5766,1.3546642603378538,3.8,-0.56,31.240000000000002,0.2351,4.43,0.04923672328531502,-55.1593,3.8,-0.56,-54.56892,0.13111090980532747,31.240000000000002,0.2351,4.43,92.58687258687259,43.44532279314888,65.8994708994709,8.253340862036517,50.0,54.961318602622946,1.0,0.3783783783783784,0.7837837837837838,0.02702702702702703,A+,C-,B,F,chartercommunicationsinc
CLX,Clorox Co,Consumer Staples,Household Products,87.11,14.0458,1.5692,11.1144,33.29511141688644,67.26,-5.68,453.68000000000006,0.1459,23.369999999999997,0.019911703757095302,-37.1229,67.26,-5.68,-37.1229,0.031378481963819226,149.34949999999998,0.1459,23.369999999999997,64.37958696023212,53.48676350374143,84.67741935483872,9.91636798088411,50.0,54.94487787569282,0.6984126984126984,0.5396825396825397,0.9206349206349206,0.047619047619047616,B-,C+,A-,F,cloroxco
FHB,First Hawaiian Inc,Financials,Regional Banks,27.47,11.8516,2.87853,8.6566,1.216983723341101,24.47,46.17888,10.39,0.4130372,10.39,0.8465562336530075,19.695,24.47,46.17888,19.695,0.8465562336530075,10.39,0.4130372,10.39,68.7358360429599,58.48906271300721,39.19597989949749,56.208006323753594,50.0,54.922367792966504,0.7549019607843137,0.6568627450980392,0.38235294117647056,0.5784313725490197,B,B-,C-,C+,firsthawaiianinc
MUSA,Murphy USA Inc,Consumer Discretionary,Automotive Retail,596.92,22.7166,0.5515,12.8841,17.774098744331326,0.37,-4.25,74.25,0.037200000000000004,17.07,0.9990473540457087,19.7408,0.37,-4.25,19.7408,0.910355871419793,74.25,0.037200000000000004,17.07,54.41911066164078,34.43973932388958,59.81735159817352,72.07139892071399,50.0,54.86134321387429,0.5771812080536913,0.2483221476510067,0.5906040268456376,0.7248322147651006,C+,D+,C+,B,murphyusainc
UPS,United Parcel Service Inc,Industrials,Air Freight & Logistics,107.57,17.3732,1.0326,9.4269,5.624016437582672,-9.84,-2.85,33.03,0.08460000000000001,12.989999999999998,0.6327641672853253,13.7104,-9.84,-2.85,13.7104,0.6327641672853253,33.03,0.08460000000000001,12.989999999999998,81.96470419436606,27.38894272613888,62.39737274220033,40.9103448275862,50.0,54.750376744886616,0.883495145631068,0.14563106796116504,0.6407766990291263,0.36893203883495146,B+,D,B-,C-,unitedparcelserviceinc
GS,Goldman Sachs Group Inc,Financials,Investment Banking & Brokerage,923.71,15.1745,2.1444,56.5189,2.1913611438890466,27.69,1.28,14.56,0.1775,1.38,0.8611338797814208,66.7858,27.69,1.28,66.7858,0.8611338797814208,14.56,0.1775,1.38,39.125775938516114,39.04521781690214,61.30653266331658,84.15302318041822,50.0,54.74772534992225,0.3088235294117647,0.3235294117647059,0.6225490196078431,0.8774509803921569,C-,C-,B-,B+,goldmansachsgroupinc
BLKB,Blackbaud Inc,Information Technology,Application Software,37.54,15.3136,1.561,14.3757,20.61391466695953,71.88,-2.34,146.36,0.1691,9.48,0.08771072562912281,-38.5497,71.88,-2.34,-38.5497,0.08771072562912281,109.87799999999994,0.1691,9.48,84.51224537854705,41.82659698159255,72.64322858793724,10.37027222174235,50.0,54.728242332288055,0.881578947368421,0.3223684210526316,0.7368421052631579,0.05263157894736842,B+,C-,B,D-,blackbaudinc
ATI,ATI Inc,Industrials,Aerospace & Defense,155.26,49.662,4.5992,27.8831,11.695932864772839,10.68,2.93,24.23,0.1432,11.82,0.8838079776319645,149.4537,10.68,2.93,148.77037999999985,0.8838079776319645,24.23,0.1432,11.82,20.629075198877675,46.392132928311554,65.8456486042693,94.1231527093596,50.0,54.72173807832098,0.13106796116504854,0.42718446601941745,0.6820388349514563,0.9854368932038835,D,C,B-,A+,atiinc
ABNB,Airbnb Inc,Consumer Discretionary,"Hotels, Resorts & Cruise Lines",141.66,34.0773,6.9903,32.9699,10.556673373574782,-1.88,10.26,30.880000000000003,0.2078,24.79,0.8465971459934137,14.2327,-1.88,10.26,14.2327,0.8465971459934137,30.880000000000003,0.2078,24.79,13.46878734945298,68.08553107299241,80.13698630136986,63.46201743462018,50.0,54.71095311422823,0.053691275167785234,0.7449664429530202,0.8758389261744967,0.610738255033557,D-,B,B+,B-,airbnbinc
RPM,RPM International Inc,Materials,Specialty Chemicals,101.34,19.4554,1.6796,13.739,4.505081219492679,3.92,5.68,21.8,0.1152,11.78,0.23259668508287296,-5.7565,3.92,5.68,-5.7565,0.23259668508287296,21.8,0.1152,11.78,54.4973544973545,65.1939866027856,80.42328042328042,14.695071010860483,50.0,54.70797025288795,0.6111111111111112,0.746031746031746,0.8571428571428571,0.1111111111111111,B-,B,B+,D,rpminternationalinc
DKS,DICK'S Sporting Goods Inc,Consumer Discretionary,Specialty Stores,224.62,23.798,1.174,12.2501,3.6021155332612764,-27.24,28.06,19.45,0.0637,14.01,0.8194365395560615,19.8932,-27.24,22.7775,19.8932,0.8194365395560615,19.45,0.0637,14.01,47.31083938586007,61.05393835616438,52.054794520547944,63.21390937829294,50.0,54.69497802349346,0.4899328859060403,0.6308724832214765,0.4966442953020134,0.6040268456375839,C,B-,C,B-,dickssportinggoodsinc
STRA,Strategic Education Inc,Consumer Discretionary,Education Services,78.24,13.9734,1.3951,7.1801,1.091519379909849,16.1,3.96,7.66,0.1374,7.66,0.359571377444685,-3.752,16.1,3.96,-3.752,0.359571377444685,7.66,0.1374,7.66,68.82105972847906,61.53846153846155,48.51598173515981,40.147523709167544,50.0,54.67145741543554,0.7651006711409396,0.6442953020134228,0.46308724832214765,0.348993288590604,B,B-,C,C-,strategiceducationinc
ZWS,Zurn Elkay Water Solutions Corp,Industrials,Industrial Machinery & Supplies & Components,51.28,43.5176,5.0808,25.6475,5.340720914004812,26.08,8.26,12.559999999999999,0.1704,9.55,0.8752515090543261,48.9399,26.08,8.26,48.9399,0.8752515090543261,12.559999999999999,0.1704,9.55,22.42096704768282,79.19107799588153,56.97865353037767,69.83110485573539,50.0,54.65434171483851,0.1407766990291262,0.8786407766990292,0.5922330097087378,0.7281553398058253,D,B+,C+,B,zurnelkaywatersolutionscorp
MTRN,Materion Corp,Materials,Diversified Metals & Mining,188.22,52.0433,2.1796,35.2304,4.137430757056186,1267.71,6.04,8.14,0.061500000000000006,5.42,0.9508675206745582,123.4065,619.445,6.04,123.4065,0.9508675206745582,8.14,0.061500000000000006,5.42,24.338624338624342,82.2620616098877,39.15343915343915,86.59451659451659,50.0,54.64433151389673,0.12698412698412698,0.8888888888888888,0.3492063492063492,0.8888888888888888,D,B+,C-,B+,materioncorp
IQV,IQVIA Holdings Inc,Health Care,Life Sciences Tools & Services,157.77,19.6864,1.6415,11.8507,4.114680047570364,4.84,5.87,22.28,0.1334,6.41,0.20569395017793599,4.4143,4.84,5.87,4.4143,0.20569395017793599,22.28,0.1334,6.41,73.55218855218855,53.16776492271991,55.76441102756892,33.16567280269639,50.0,54.595837440022635,0.8518518518518519,0.5555555555555556,0.562962962962963,0.2814814814814815,B+,C+,C+,D+,iqviaholdingsinc
CXT,Crane NXT Co,Information Technology,Electronic Equipment & Instruments,44.6,17.6855,1.549,9.6871,2.0446054049098037,-21.44,11.43,12.22,0.1489,6.52,0.18038293584145126,-5.1266,-21.44,11.43,-5.1266,0.18038293584145126,12.22,0.1489,6.52,87.44701518897917,43.00669709553962,50.077781234721535,32.75388583578625,50.0,54.53331569219035,0.9013157894736842,0.35526315789473684,0.506578947368421,0.2631578947368421,A-,C-,C+,D+,cranenxtco
SLB,Slb NV,Energy,Oil & Gas Equipment & Services,56.92,25.5022,2.3622,13.06,3.259966896330533,-22.55,-0.37,14.74,0.12279999999999999,9.39,0.9890453834115805,68.7018,-22.55,-0.37,68.7018,0.9890453834115805,14.74,0.12279999999999999,9.39,35.301653855112974,43.74942497416807,68.55345911949685,74.03301886792453,50.0,54.520267012070974,0.2222222222222222,0.42592592592592593,0.7222222222222222,0.7592592592592593,D+,C,B,B,slbnv
MSCI,MSCI Inc,Financials,Financial Exchanges & Data,588.85,32.7237,13.3312,25.0802,132.31097629479834,20.42,10.86,108.67,0.5536,15.49,0.7010383386581474,7.8342,20.42,10.86,7.8342,0.7010383386581474,45.141999999999946,0.5536,15.49,6.617647058823528,57.56057003953414,97.73869346733667,59.321608040201,50.0,54.465520747487076,0.024509803921568627,0.6470588235294118,0.9779411764705882,0.6078431372549019,F,B-,A+,B-,msciinc
FIZZ,National Beverage Corp,Consumer Staples,Soft Drinks & Non-alcoholic Beverages,34.11,17.1043,2.6876,11.2021,7.192257411546408,1.24,1.01,35.99,0.1984,35.99,0.17384736201614973,-21.0965,1.24,1.01,-21.0965,0.17384736201614973,35.99,0.1984,29.759937999999984,52.201740911418334,45.8834182229768,87.36559139784947,26.967741935483872,50.0,54.46206510900909,0.5555555555555556,0.38095238095238093,0.9682539682539683,0.19047619047619047,C+,C-,A,D,nationalbeveragecorp
DINO,HF Sinclair Corp,Energy,Oil & Gas Refining & Marketing,69.17,21.5363,0.6356,7.8627,1.3691498879660493,22.51,-31.36,6.25,0.0177,4.79,0.9663654618473895,121.2024,22.51,-12.7,121.2024,0.9663654618473895,6.25,0.0177,4.79,68.28558117866295,35.15645263517137,30.188679245283016,88.55345911949685,50.0,54.36054745692014,0.8148148148148148,0.24074074074074073,0.2777777777777778,0.9629629629629629,B+,D+,D+,A,hfsinclaircorp
CMI,Cummins Inc,Industrials,Construction Machinery & Heavy Transportation Equipment,657.44,32.1328,2.7132,25.127,7.352212630856167,-27.19,-1.27,24.13,0.1195,14.6,0.9549242226967347,122.9517,-27.19,-1.27,122.9517,0.9549242226967347,24.13,0.1195,14.6,35.373124810687585,26.86927418414134,67.98029556650245,90.50306015823257,50.0,54.31282196277229,0.2815533980582524,0.1407766990291262,0.7135922330097088,0.9514563106796117,D+,D,B,A,cumminsinc
PLMR,Palomar Holdings Inc,Financials,Property & Casualty Insurance,120.97,16.2749,3.711,12.8099,3.403301176821429,60.46,56.04,22.79,0.28,22.79,0.19412628487518355,-16.028,60.46,56.04,-16.028,0.19412628487518355,22.79,0.28,22.79,30.63848655039905,86.19181865255163,81.90954773869346,19.567066099729416,50.0,54.288785522729334,0.25980392156862747,0.9754901960784313,0.8235294117647058,0.14705882352941177,D+,A+,B+,D,palomarholdingsinc
IBOC,International Bancshares Corp,Financials,Regional Banks,71.66,10.8881,3.41763,9.5336,1.3700830156356947,0.83,69.21539,13.41,0.6315208,10.86,0.7529411764705881,16.5962,0.83,69.21539,16.5962,0.7529411764705881,13.41,0.6315208,10.86,68.35525667553453,50.809374203755574,55.27638190954774,41.02873920162611,50.0,54.2755323273469,0.7303921568627451,0.5,0.5637254901960784,0.39705882352941174,B,C,C+,C-,internationalbancsharescorp
SAFT,Safety Insurance Group Inc,Financials,Property & Casualty Insurance,75.62,11.2509,0.8928,8.8626,1.2399790767878607,40.54,13.6,11.29,0.0932,10.86,0.500145645208273,-0.7807,40.54,13.6,-0.7807,0.500145645208273,11.29,0.0932,10.86,71.4011232633757,63.49585343601798,44.9748743718593,37.40755057337972,50.0,54.27468021068829,0.8137254901960784,0.7745098039215687,0.4387254901960784,0.3382352941176471,B+,B,C,C-,safetyinsurancegroupinc
ITRI,Itron Inc,Information Technology,Electronic Equipment & Instruments,85.4,12.5041,1.5902,11.9397,2.2351983542239755,25.51,-3.02,18.490000000000002,0.1323,10.48,0.10831035840882237,-20.9625,25.51,-3.02,-20.9625,0.10831035840882237,18.490000000000002,0.1323,10.48,87.62215942540917,42.314264294622106,60.392313732462185,18.937820175520347,50.0,54.25403518349633,0.9078947368421053,0.34210526315789475,0.631578947368421,0.09868421052631579,A-,C-,B-,D-,itroninc
HSIC,Henry Schein Inc,Health Care,Health Care Distributors,73.93,21.3581,0.6448,12.5428,2.6375876757975556,7.13,4.03,11.92,0.0495,6.25,0.4381858083394295,14.6913,7.13,4.03,14.6913,0.4381858083394295,11.92,0.0495,6.25,77.84511784511784,40.566223997358875,40.6015037593985,57.6005230467473,50.0,54.245004809950316,0.8740740740740741,0.362962962962963,0.34074074074074073,0.5851851851851851,B+,C-,C-,C+,henryscheininc
DHI,D.R. Horton Inc,Consumer Discretionary,Homebuilding,149.98,13.4067,1.2754,10.879,1.8257402842448036,-19.22,-5.57,13.239999999999998,0.1268,10.47,0.5088454706927176,19.4584,-19.22,-5.57,19.4584,0.5088454706927176,13.239999999999998,0.1268,10.47,61.934969813980565,36.914954337899545,55.02283105022831,62.86149162861492,50.0,54.194739409355115,0.6912751677852349,0.31543624161073824,0.5268456375838926,0.5973154362416108,B-,C-,C+,C+,drhortoninc
BJ,BJ's Wholesale Club Holdings Inc,Consumer Staples,Consumer Staples Merchandise Retail,93.51,20.9657,0.5651,11.3997,5.516065666605711,9.44,4.66,27.41,0.0381,21.8,0.20297176820208024,-20.2541,9.44,4.66,-20.2541,0.20297176820208024,27.41,0.0381,21.8,65.94128690902885,60.01588959993035,60.0,28.411910669975185,50.0,54.17088178123832,0.7301587301587301,0.5873015873015873,0.626984126984127,0.2222222222222222,B,C+,B-,D+,bjswholesaleclubholdingsinc
LOW,Lowe's Companies Inc,Consumer Discretionary,Home Improvement Retail,233.33,19.7314,1.5216,14.1119,118.69467901108963,-2.89,3.12,264.53000000000003,0.1177,27.57,0.2780128127644144,4.9523,-2.89,3.12,4.9523,0.2780128127644144,165.0675,0.1177,27.57,44.75345530323926,45.46622042341221,82.53424657534246,41.220423412204234,50.0,54.159254236768724,0.4429530201342282,0.40268456375838924,0.9194630872483222,0.3624161073825503,C,C,A-,C-,lowescompaniesinc
USPH,US Physical Therapy Inc,Health Care,Health Care Facilities,71.83,27.2419,1.3807,11.1984,2.2799772732322476,25.0,16.33,8.0,0.1108,6.03,0.19232202758106587,0.6727,25.0,16.33,0.6727,0.19232202758106587,8.0,0.1108,6.03,70.2300785634119,71.7474913812356,40.852130325814535,34.918330308529946,50.0,54.10371656025972,0.8148148148148148,0.8,0.35185185185185186,0.28888888888888886,B+,B,C-,D+,usphysicaltherapyinc
FICO,Fair Isaac Corp,Information Technology,Application Software,1035.5,36.3377,11.5871,27.0843,91.03616830481951,23.94,16.19,145.71,0.47479999999999994,30.869999999999997,0.12280441380538593,-48.2685,23.94,16.19,-43.63098,0.12280441380538593,109.87799999999994,0.44785,30.869999999999997,43.11197456729071,62.13160348578862,94.64124331451768,11.073657781016683,50.0,54.07935672381316,0.4407894736842105,0.6776315789473685,0.9802631578947368,0.05921052631578947,C,B-,A+,D-,fairisaaccorp
TER,Teradyne Inc,Information Technology,Semiconductor Materials & Equipment,345.42,97.607,16.9525,82.751,19.28492468483759,4.98,13.13,19.88,0.20379999999999998,19.189999999999998,0.7802578796561604,368.1757,4.98,13.13,368.1757,0.7802578796561604,19.88,0.20379999999999998,19.189999999999998,18.325385611680208,58.02259859931548,74.62405736551254,71.1680041055046,50.0,54.07548128526221,0.1118421052631579,0.6381578947368421,0.7697368421052632,0.7236842105263158,D,B-,B,B,teradyneinc
DOCS,Doximity Inc,Health Care,Health Care Technology,24.98,19.2776,7.236,18.1112,4.357990230286113,18.89,15.92,22.89,0.37439999999999996,22.89,0.07916368834882057,-56.983,18.89,15.92,-44.43054,0.07916368834882057,22.89,0.37439999999999996,22.89,46.27946127946128,72.21503635325939,85.21303258145362,8.677944862155389,50.0,54.05171970831168,0.4444444444444444,0.8148148148148148,0.8962962962962963,0.044444444444444446,C,B+,B+,F,doximityinc
SHC,Sotera Health Co,Health Care,Health Care Services,15.5,56.7028,3.7984,18.8506,7.273239172258458,52.47,5.74,14.979999999999999,0.2541,2.79,0.5196024295969077,28.0992,52.47,5.74,28.0992,0.5196024295969077,14.979999999999999,0.2541,2.79,40.08978675645343,54.817162760993156,55.38847117794486,71.08824693312228,50.0,54.050646422422666,0.362962962962963,0.5851851851851851,0.5444444444444444,0.7407407407407407,C-,C+,C+,B,soterahealthco
PH,Parker-Hannifin Corp,Industrials,Industrial Machinery & Supplies & Components,882.23,31.5645,5.4564,25.5759,8.16330118522069,13.38,2.78,25.650000000000002,0.21050000000000002,15.049999999999999,0.6522936824132043,44.5994,13.38,2.78,44.5994,0.6522936824132043,25.650000000000002,0.21050000000000002,15.049999999999999,27.118306311476715,53.90199345841134,80.13136288998358,57.28360309641097,50.0,54.049536611329536,0.19902912621359223,0.5679611650485437,0.8640776699029126,0.5679611650485437,D,C+,B+,C+,parkerhannifincorp
INSP,Inspire Medical Systems Inc,Health Care,Health Care Equipment,56.7,11.2281,1.7904,24.1561,2.074392773649724,185.05,13.6,21.07,0.051500000000000004,21.07,0.07301173402868323,-64.0912,185.05,13.6,-44.43054,0.07301173402868323,21.07,0.051500000000000004,21.07,64.45005611672278,78.85396469085892,61.77944862155388,7.724812030075187,50.0,53.873131528755984,0.725925925925926,0.9037037037037037,0.6592592592592592,0.022222222222222223,B,A-,B-,F,inspiremedicalsystemsinc
VSNT,Versant Media Group Inc,Communication Services,Cable & Satellite,40.83,10.4466,1.1787,,0.5782360613669483,-19.22,,,0.1552,,0.42915488532830653,,-19.22,,,0.42915488532830653,,0.1552,,70.72072072072072,40.21739130434783,52.77777777777778,49.710144927536234,50.0,53.86013187100144,0.8378378378378378,0.2972972972972973,0.5135135135135135,0.4864864864864865,B+,D+,C+,C,versantmediagroupinc
TDY,Teledyne Technologies Inc,Information Technology,Electronic Equipment & Instruments,640.33,31.7738,4.7618,22.3938,2.8128495031290006,2.46,6.62,8.85,0.19269999999999998,7.140000000000001,0.769955743040782,37.3332,2.46,6.62,37.3332,0.769955743040782,8.85,0.19269999999999998,7.140000000000001,54.993818438714236,45.05617294001242,52.26158199623686,65.14945287890932,50.0,53.85497527252212,0.5789473684210527,0.39473684210526316,0.5394736842105263,0.6381578947368421,C+,C-,C+,B-,teledynetechnologiesinc
IT,Gartner Inc,Information Technology,IT Consulting & Other Services,146.4,13.7885,1.5476,9.206,32.42309481097602,-39.79,3.67,74.66000000000001,0.15789999999999998,20.43,0.023100303951367775,-65.1096,-39.79,3.67,-43.63098,0.07599398584473208,74.66000000000001,0.15789999999999998,20.43,90.7497350759449,22.686168316125606,79.36649036253463,8.931523940746573,50.0,53.852594810994326,0.9539473684210527,0.10526315789473684,0.8157894736842105,0.03618421052631579,A,D,B+,F,gartnerinc
CHDN,Churchill Downs Inc,Consumer Discretionary,Casinos & Gaming,98.65,17.6883,2.3372,12.4254,6.800071688540863,-3.84,5.75,37.230000000000004,0.2349,6.39,0.48168498168498197,8.4662,-3.84,5.75,8.4662,0.48168498168498197,37.230000000000004,0.2349,6.39,46.62131102326009,58.182416382035534,69.86301369863013,40.30231459612659,50.0,53.81802737610498,0.47651006711409394,0.5906040268456376,0.738255033557047,0.35570469798657717,C,C+,B,C-,churchilldownsinc
VSCO,Victoria's Secret & Co,Consumer Discretionary,Apparel Retail,52.36,26.1693,0.643,15.7779,4.893457943925234,-3.99,5.2,22.720000000000002,0.0414,8.83,0.7056463866772018,172.8504,-3.99,5.2,81.545,0.7056463866772018,22.720000000000002,0.0414,8.83,44.48377309920014,44.49102503542749,44.29223744292238,88.44591402928671,50.0,53.78139044847347,0.436241610738255,0.38926174496644295,0.44966442953020136,0.9261744966442953,C,C-,C,A-,victoriassecretco
FAST,Fastenal Co,Industrials,Trading Companies & Distributors,44.91,39.5708,6.0912,27.2887,13.07423580786026,12.69,10.94,33.25,0.2025,31.869999999999997,0.509421340171702,11.3011,12.69,10.94,11.3011,0.509421340171702,33.25,0.2025,26.983999999999988,20.146029620418638,71.85594722154926,89.49096880131363,34.81773399014778,50.0,53.74398584777248,0.11650485436893204,0.7766990291262136,0.970873786407767,0.33495145631067963,D,B,A+,C-,fastenalco
WM,Waste Management Inc,Industrials,Environmental & Facilities Services,228.77,35.1096,3.7723,16.3792,9.22731287838759,-1.6,14.24,28.99,0.1709,8.24,0.6416142169566829,-1.9837,-1.6,14.24,-1.9837,0.6416142169566829,28.99,0.1709,8.24,38.424442425112,63.10639009702241,67.24137931034483,48.381421534130894,50.0,53.71401776009486,0.3300970873786408,0.6844660194174758,0.7087378640776699,0.441747572815534,C-,B-,B,C,wastemanagementinc
VRTS,Virtus Investment Partners Inc,Financials,Asset Management & Custody Banks,136.0,6.2776,1.0187,14.0705,0.9748419107474886,18.26,-5.96,15.2,0.1978,4.15,0.15403135198758758,-13.0879,18.26,-4.0025,-13.0879,0.15403135198758758,15.2,0.1978,4.15,92.48694452655434,37.32938952654635,63.81909547738693,10.77889447236181,50.0,53.69816680076695,0.9901960784313726,0.29901960784313725,0.6470588235294118,0.09313725490196079,A+,D+,B-,D-,virtusinvestmentpartnersinc
DORM,Dorman Products Inc,Consumer Discretionary,Automotive Parts & Equipment,112.88,16.2944,1.5618,10.334,2.3225955128310645,8.39,6.03,14.34,0.1406,10.870000000000001,0.21089926218131352,-1.8435,8.39,6.03,-1.8435,0.21089926218131352,14.34,0.1406,10.870000000000001,59.97670926419662,67.83500848510296,59.1324200913242,26.735947094945676,50.0,53.69147345488993,0.6711409395973155,0.7315436241610739,0.5771812080536913,0.24161073825503357,B-,B,C+,D+,dormanproductsinc
ZTS,Zoetis Inc,Health Care,Pharmaceuticals,114.16,17.9337,5.0636,14.9286,14.563082025768592,10.17,2.28,58.230000000000004,0.3549,22.45,0.02008099898751262,-26.656,10.17,2.28,-26.656,0.06153629937449665,58.230000000000004,0.3549,22.45,57.02581369248037,48.32278716593464,90.47619047619047,10.612781954887218,50.0,53.662614866332085,0.6518518518518519,0.4740740740740741,0.9703703703703703,0.07407407407407407,B-,C,A+,D-,zoetisinc
CHH,Choice Hotels International Inc,Consumer Discretionary,"Hotels, Resorts & Cruise Lines",100.7,12.731,2.9495,10.6698,25.557726961244636,26.77,0.75,147.23999999999998,0.2808,11.73,0.31794333683105996,-19.8759,26.77,0.75,-19.8759,0.31794333683105996,147.23999999999998,0.2721,11.73,54.570806901412766,52.01384843798123,83.78995433789954,18.23993358239934,50.0,53.64094671390419,0.5906040268456376,0.5100671140939598,0.9395973154362416,0.14093959731543623,C+,C+,A,D,choicehotelsinternationalinc
DUOL,Duolingo Inc,Consumer Discretionary,Education Services,111.25,12.6145,5.034,29.2966,3.8510267096827793,353.51,38.71,36.6,0.1307,36.6,0.0511115000875197,-72.1875,202.9259999999997,22.7775,-35.29185,0.05968476284940261,36.6,0.1307,36.6,32.95026202077779,97.21499604847207,77.85388127853882,7.370916754478398,50.0,53.61821838541925,0.2751677852348993,0.9865771812080537,0.8389261744966443,0.006711409395973154,D+,A+,B+,F,duolingoinc
WEX,WEX Inc,Financials,Transaction & Payment Processing Services,151.14,16.51,1.8988,10.2548,4.1993481758091535,14.77,3.29,26.950000000000003,0.2464,4.93,0.4655443322109987,24.4565,14.77,3.29,24.4565,0.4655443322109987,26.950000000000003,0.2464,4.93,27.13937333727461,35.59942301527941,87.43718592964824,64.2092817026308,50.0,53.60588076031276,0.23529411764705882,0.2696078431372549,0.8774509803921569,0.6862745098039216,D+,D+,B+,B-,wexinc
NWS,News Corp,Communication Services,Publishing,30.41,13.4224,1.7914,11.4717,1.9595839830912583,179.7,-12.13,13.36,0.1,10.879999999999999,0.8724760892667376,-3.0303,179.7,-12.13,-3.0303,0.8724760892667376,13.36,0.1,10.879999999999999,56.35778635778636,50.073412698412696,51.600529100529094,57.834920634920636,50.0,53.57124553124552,0.581081081081081,0.47297297297297297,0.47297297297297297,0.6216216216216216,C+,C,C,B-,newscorp
MZTI,Marzetti Co,Consumer Staples,Packaged Foods & Meats,124.38,19.0544,1.7628,10.8827,3.429791035886236,14.08,2.34,17.79,0.1148,17.79,0.02561100541489828,-22.5577,14.08,2.34,-22.5577,0.031378481963819226,17.79,0.1148,17.79,58.58508277863117,66.08450070249731,62.903225806451616,24.882301656495205,50.0,53.5654376180692,0.6666666666666666,0.7301587301587301,0.6825396825396826,0.15873015873015872,B-,B,B-,D,marzettico
BIIB,Biogen Inc,Health Care,Biotechnology,187.06,21.3183,2.7867,12.1201,1.5030948196824585,-21.3,2.22,7.28,0.17420000000000002,5.37,0.8238871041762277,54.6845,-21.3,2.22,54.6845,0.8238871041762277,7.28,0.17420000000000002,5.37,67.25028058361391,22.32991720224654,46.11528822055138,78.60651629072682,50.0,53.52867889963599,0.7777777777777778,0.044444444444444446,0.4222222222222222,0.8148148148148148,B,F,C,B+,biogeninc
DBX,Dropbox Inc,Information Technology,Application Software,24.93,11.7073,2.361,9.6538,30.306345733041574,46.77,-1.07,-36.76,0.2733,-27.12,0.30219523587108826,-13.5576,46.77,-1.07,-13.5576,0.30219523587108826,-9.676,0.2733,-7.303999999999999,88.76722006358177,41.04217209799307,28.944990147710268,54.32169312346795,50.0,53.50082559711521,0.9144736842105263,0.3157894736842105,0.24342105263157895,0.5197368421052632,A-,C-,D+,C+,dropboxinc
EOG,EOG Resources Inc,Energy,Oil & Gas Exploration & Production,138.95,14.9414,3.2827,7.2777,2.5042488424945524,-18.99,-4.29,16.76,0.2817,13.88,0.7430205822214794,24.418,-18.99,-4.29,24.418,0.7430205822214794,16.76,0.2817,13.88,57.197763801537384,40.69922523191501,83.33333333333333,26.10546686018384,50.0,53.49371270213745,0.7037037037037037,0.35185185185185186,0.8796296296296297,0.18518518518518517,B,C-,B+,D,eogresourcesinc
AEO,American Eagle Outfitters Inc,Consumer Discretionary,Apparel Retail,16.94,14.8935,0.5202,5.7489,1.6904331859775874,-33.7,3.16,12.120000000000001,0.0412,11.19,0.3996873371547682,58.4659,-33.7,3.16,58.4659,0.3996873371547682,12.120000000000001,0.0412,11.19,81.3766050687996,28.370040151157298,40.29680365296804,61.936702881436,50.0,53.47970078696057,0.912751677852349,0.18791946308724833,0.40268456375838924,0.5838926174496645,A-,D,C,C+,americaneagleoutfittersinc
ADMA,ADMA Biologics Inc,Health Care,Biotechnology,10.52,16.3258,4.7018,12.6741,5.242699092993122,-25.56,19.63,34.98,0.36869999999999997,29.82,0.19493047662235935,-56.9328,-25.56,19.63,-44.43054,0.19493047662235935,34.98,0.36869999999999997,29.82,62.27272727272727,44.725468787480246,89.47368421052632,7.923141186299082,50.0,53.466324865569256,0.6962962962962963,0.4222222222222222,0.9555555555555556,0.02962962962962963,B-,C,A,F,admabiologicsinc
CL,Colgate-Palmolive Co,Consumer Staples,Household Products,87.26,32.8789,3.4376,19.7746,1294.658753709199,-25.35,1.4,431.59000000000003,0.1606,24.07,0.5130119023602988,-3.7821,-25.35,1.4,-3.7821,0.5130119023602988,149.34949999999998,0.1606,24.07,22.86226318484383,38.28627722232702,86.82795698924731,66.66666666666666,50.0,53.413143821321526,0.1746031746031746,0.3492063492063492,0.9523809523809523,0.6666666666666666,D,C-,A,B-,colgatepalmoliveco
ITT,ITT Inc,Industrials,Industrial Machinery & Supplies & Components,209.89,38.4523,4.7644,21.093,4.414248248622979,-3.01,8.48,16.150000000000002,0.17370000000000002,12.46,0.8432128691053326,52.1383,-3.01,8.48,52.1383,0.8432128691053326,16.150000000000002,0.17370000000000002,12.46,27.65874344381207,60.24782349131083,63.875205254515606,67.34166080225194,50.0,53.40138403329448,0.20388349514563106,0.6359223300970874,0.6553398058252428,0.6844660194174758,D+,B-,B-,B-,ittinc
MSA,MSA Safety Inc,Industrials,Office Services & Supplies,165.79,23.1467,3.4436,14.152,4.719287908159053,-1.62,3.69,21.82,0.19829999999999998,14.87,0.2539353053104997,6.4052,-1.62,3.69,6.4052,0.2539353053104997,21.82,0.19829999999999998,14.87,54.51320802844071,44.91908468392357,75.69786535303777,34.1871921182266,50.0,53.37402370579966,0.5631067961165048,0.3737864077669903,0.8106796116504854,0.32524271844660196,C+,C-,B+,C-,msasafetyinc
FCFS,Firstcash Holdings Inc,Financials,Consumer Finance,219.93,27.1971,2.4872,16.2841,4.248073754580205,27.91,14.39,15.909999999999998,0.1568,8.21,0.9321641756512888,65.7972,27.91,14.39,65.7972,0.9321641756512888,15.909999999999998,0.1568,8.21,16.348901369593065,55.7619897097498,66.83417085427136,81.97236180904522,50.0,53.342638359725115,0.10294117647058823,0.5833333333333334,0.6764705882352942,0.8578431372549019,D,C+,B-,B+,firstcashholdingsinc
BG,Bunge Global ltd,Consumer Staples,Agricultural Products & Services,124.61,29.6282,0.3438,16.3743,1.5153836799221694,-32.99,32.43,6.140000000000001,0.018500000000000003,3.2199999999999998,0.8786673296867229,58.7793,-32.99,14.026499999999995,58.7793,0.8786673296867229,6.140000000000001,0.018500000000000003,3.2199999999999998,56.272401433691755,62.45331069609507,18.817204301075268,85.36774193548388,50.0,53.336611960007545,0.6507936507936508,0.6666666666666666,0.16666666666666666,0.8412698412698413,B-,B-,D,B+,bungegloballtd
BOH,Bank of Hawaii Corp,Financials,Regional Banks,80.14,14.4757,3.18756,12.8522,1.7197461797128322,38.55,38.5708,12.120000000000001,0.3821164,10.94,0.8889839572192514,19.3448,38.55,38.5708,19.3448,0.8889839572192514,12.120000000000001,0.3821164,10.94,48.12789437382994,59.40032050136841,51.256281407035175,57.87250861046807,50.0,53.30060976758358,0.46078431372549017,0.6764705882352942,0.5245098039215687,0.5833333333333334,C,B-,C+,C+,bankofhawaiicorp
DIS,Walt Disney Co,Communication Services,Movies & Entertainment,103.08,14.9492,1.9136,12.1054,1.7084780821554535,120.36,3.47,11.35,0.1353,8.09,0.3839794754846066,13.5117,120.36,3.47,13.5117,0.3839794754846066,11.35,0.1353,8.09,48.622908622908625,69.32505175983437,48.12169312169312,51.23809523809524,50.0,53.298779835736354,0.4864864864864865,0.8378378378378378,0.3783783783783784,0.5405405405405406,C,B+,C-,C+,waltdisneyco
CHD,Church & Dwight Co Inc,Consumer Staples,Household Products,96.02,30.7459,3.6519,22.0188,5.675343404969619,27.14,1.57,17.16,0.17370000000000002,11.34,0.5944961554026706,3.9402,27.14,1.57,3.9402,0.5944961554026706,17.16,0.17370000000000002,11.34,22.307561017238438,63.83491584397074,60.75268817204301,73.71565113500597,50.0,53.275175693115706,0.14285714285714285,0.6984126984126984,0.6587301587301587,0.7619047619047619,D,B-,B-,B,churchdwightcoinc
KGS,Kodiak Gas Services Inc,Energy,Oil & Gas Equipment & Services,68.54,75.158,4.6264,14.6437,4.890474491616126,47.88,12.83,6.279999999999999,0.25989999999999996,2.08,0.9966328832620628,94.7712,47.88,12.83,94.7712,0.9966328832620628,6.279999999999999,0.25989999999999996,2.08,15.525273701374331,79.61566600376509,46.540880503144656,83.76179245283018,50.0,53.192030242448794,0.05555555555555555,0.9074074074074074,0.42592592592592593,0.9259259259259259,D-,A-,C,A-,kodiakgasservicesinc
CPK,Chesapeake Utilities Corp,Utilities,Gas Utilities,126.94,21.7109,3.1739,13.0569,1.897629084820761,13.67,18.22,9.26,0.2666,4.569999999999999,0.4615384615384615,-3.9207,13.67,18.22,-3.9207,0.4615384615384615,9.26,0.2666,4.569999999999999,53.30181245074862,79.19940142162363,60.74074074074074,19.176954732510286,50.0,53.18590952869913,0.6170212765957447,0.9148936170212766,0.5957446808510638,0.1276595744680851,B-,A-,C+,D,chesapeakeutilitiescorp
GWW,WW Grainger Inc,Industrials,Industrial Machinery & Supplies & Components,1148.62,31.7766,3.0214,20.2943,14.578745559246222,-8.76,4.51,47.22,0.1391,28.51,0.7756880586972535,9.0362,-8.76,4.51,9.0362,0.7756880586972535,47.22,0.1391,26.983999999999988,38.51212396575637,44.82568158720339,83.9080459770115,43.07178043631245,50.0,53.18453489039514,0.33495145631067963,0.36893203883495146,0.8980582524271845,0.3883495145631068,C-,C-,B+,C-,wwgraingerinc
FRPT,Freshpet Inc,Consumer Staples,Packaged Foods & Meats,65.15,23.5472,2.973,31.0503,2.639618177103592,166.6,13.01,12.35,0.0687,8.95,0.4272769516728626,-10.4098,73.24599999999988,13.01,-10.4098,0.4272769516728626,12.35,0.0687,8.95,24.347158218125966,97.75506770413392,41.39784946236559,60.92414995640803,50.0,53.17209545223129,0.20634920634920634,1.0,0.3333333333333333,0.5873015873015873,D+,A+,C-,C+,freshpetinc
CDNS,Cadence Design Systems Inc,Information Technology,Application Software,340.94,84.1855,17.6244,60.8022,16.928080236339714,5.27,14.12,21.68,0.2817,14.6,0.6877198846045595,13.749,5.27,14.12,13.749,0.6877198846045595,21.68,0.2817,14.6,21.882726951607207,46.84578933102539,76.3663570232751,71.17959959646006,50.0,53.16734877921767,0.17105263157894737,0.4473684210526316,0.7894736842105263,0.7302631578947368,D,C,B,B,cadencedesignsystemsinc
LNC,Lincoln National Corp,Financials,Multi-line Insurance,37.53,6.1151,0.3867,2.5274,0.6540093579276633,-69.3,-9.44,12.030000000000001,0.08410000000000001,7.489999999999999,0.38921761998685084,17.3913,-51.4,-4.0025,17.3913,0.38921761998685084,12.030000000000001,0.08410000000000001,7.489999999999999,98.51093703813183,6.735445778078539,50.753768844221106,47.41857435324772,50.0,53.14698049685349,1.0,0.004901960784313725,0.5196078431372549,0.46568627450980393,A+,F,C+,C,lincolnnationalcorp
LAD,Lithia Motors Inc,Consumer Discretionary,Automotive Retail,290.9,8.0407,0.1751,11.2779,1.0352784753184487,8.3,3.87,12.09,0.0424,3.95,0.4232488822652755,-0.977,8.3,3.87,-0.977,0.4232488822652755,12.09,0.0424,3.95,82.70816095124269,59.8761926305002,31.50684931506849,37.98256537982565,50.0,53.12550416864296,0.9261744966442953,0.610738255033557,0.26174496644295303,0.3422818791946309,A-,B-,D+,C-,lithiamotorsinc
ATR,Aptargroup Inc,Materials,"Metal, Glass & Plastic Containers",119.02,19.4773,2.0254,10.7407,2.8638733755062065,6.75,5.42,14.719999999999999,0.13970000000000002,10.17,0.2586768872946455,-19.7329,6.75,5.42,-19.7329,0.2586768872946455,14.719999999999999,0.13970000000000002,10.17,57.67195767195767,57.94944789510007,74.6031746031746,17.32804232804233,50.0,53.124281113411556,0.6746031746031746,0.6190476190476191,0.7936507936507936,0.14285714285714285,B-,B-,B,D,aptargroupinc
AWR,American States Water Co,Utilities,Water Utilities,75.21,22.6216,5.6601,14.9353,2.8112524856839554,6.32,11.14,13.100000000000001,0.3899,6.76,0.4269829503335799,-6.3154,6.32,11.14,-6.3154,0.4269829503335799,13.100000000000001,0.38946000000000003,6.76,27.265563435776205,68.6429512516469,89.62962962962963,25.797101449275367,50.0,53.11180880653592,0.2553191489361702,0.7446808510638298,0.9574468085106383,0.2553191489361702,D+,B,A,D+,americanstateswaterco
HII,Huntington Ingalls Industries Inc,Industrials,Aerospace & Defense,360.6,23.4958,1.1387,15.213,2.789374386488475,10.17,8.23,12.280000000000001,0.0526,7.8,0.5942028985507247,58.5194,10.17,8.23,58.5194,0.5942028985507247,12.280000000000001,0.0526,7.8,65.96601144642658,55.423308319718714,35.139573070607554,58.72413793103449,50.0,53.10588537940917,0.7524271844660194,0.5922330097087378,0.2936893203883495,0.6019417475728155,B,C+,D+,B-,huntingtoningallsindustriesinc
ALGN,Align Technology Inc,Health Care,Health Care Supplies,178.91,31.1478,3.1677,14.5071,3.153188084470403,0.86,0.9,10.45,0.1353,10.45,0.6594055964312612,1.2278,0.86,0.9,1.2278,0.6594055964312612,10.45,0.1353,10.45,55.578002244668916,41.49609358219354,53.38345864661654,62.6000485083677,50.0,53.05959364093361,0.6370370370370371,0.37777777777777777,0.5037037037037037,0.6518518518518519,B-,C-,C+,B-,aligntechnologyinc
UMBF,UMB Financial Corp,Financials,Regional Banks,129.24,14.0621,2.36702,13.4514,1.276020994514413,4.25,72.21914,9.629999999999999,0.3178459,6.52,0.8349747778044678,32.1743,4.25,72.21914,32.1743,0.8349747778044678,9.629999999999999,0.3178459,6.52,57.62636712976648,55.62635291041056,34.67336683417086,69.27333295691943,50.0,53.054870664450334,0.5735294117647058,0.5784313725490197,0.3382352941176471,0.7647058823529411,C+,C+,C-,B,umbfinancialcorp
NTCT,Netscout Systems Inc,Information Technology,Communications Equipment,33.98,25.6176,2.8521,12.787,1.5692250854345615,,4.91,6.069999999999999,0.1278,6.069999999999999,0.9668508287292815,60.132,,4.91,60.132,0.9668508287292815,6.069999999999999,0.1278,6.069999999999999,74.23172024019782,40.16778523489933,37.812050905966196,59.98951064491756,50.0,53.04240196250438,0.8026315789473685,0.29605263157894735,0.3355263157894737,0.5855263157894737,B+,D+,C-,C+,netscoutsystemsinc
WFC,Wells Fargo & Co,Financials,Diversified Banks,80.81,11.5209,1.90599,22.0935,1.3798508647759813,15.48,72.74767,12.02,0.2534514,3.66,0.3798024149286497,12.5331,15.48,72.74767,12.5331,0.3798024149286497,12.02,0.2534514,3.66,64.91772588432357,64.08270114328454,50.25125628140703,31.754928488596832,50.0,52.95977146780893,0.696078431372549,0.7941176470588235,0.5147058823529411,0.29411764705882354,B-,B,C+,D+,wellsfargoco
EEFT,Euronet Worldwide Inc,Financials,Transaction & Payment Processing Services,74.01,9.1339,0.6661,4.708,2.2262396072722024,7.51,6.38,23.7,0.12480000000000001,8.72,0.20348376880443403,-25.0911,7.51,6.38,-25.0911,0.20348376880443403,23.7,0.12480000000000001,8.72,61.17228298354518,38.31983055002105,83.41708542713567,20.50251256281407,50.0,52.91181072523724,0.6421568627450981,0.31862745098039214,0.8382352941176471,0.16176470588235295,B-,C-,B+,D,euronetworldwideinc
HAYW,Hayward Holdings Inc,Industrials,Electrical Components & Equipment,15.05,21.5551,2.9115,14.8421,2.0534861509073545,27.25,6.71,10.02,0.2079,6.13,0.4410844629822733,12.6032,27.25,6.71,12.6032,0.4410844629822733,10.02,0.2079,6.13,57.56851116743985,75.42304011524884,50.41050903119869,29.131985731272298,50.0,52.90576021896386,0.6019417475728155,0.8543689320388349,0.5242718446601942,0.2621359223300971,B-,B+,C+,D+,haywardholdingsinc
THO,Thor Industries Inc,Consumer Discretionary,Leisure Products,78.18,13.6386,0.4125,9.4596,0.9595122172734292,49.56,4.61,7.01,0.0355,5.6899999999999995,0.12045700778095163,6.4978,49.56,4.61,6.4978,0.12045700778095163,7.01,0.0355,5.6899999999999995,79.70488186080722,73.16237343656938,26.940639269406393,32.65753424657534,50.0,52.82536181918235,0.87248322147651,0.8053691275167785,0.19798657718120805,0.28859060402684567,B+,B+,D,D+,thorindustriesinc
ADI,Analog Devices Inc,Information Technology,Semiconductors,397.69,71.5167,16.4658,47.6175,5.758574003953055,74.57,25.91,7.920000000000001,0.2924,6.370000000000001,0.9503094030614618,105.2699,74.57,25.91,105.2699,0.9503094030614618,7.920000000000001,0.2924,6.370000000000001,25.203108442246556,81.97142640618628,52.64974739618057,59.80683041695278,50.0,52.818865324234594,0.20394736842105263,0.9078947368421053,0.5460526315789473,0.5723684210526315,D+,A-,C+,C+,analogdevicesinc
HPQ,HP Inc,Information Technology,"Technology Hardware, Storage & Peripherals",20.83,7.5398,0.3364,7.5355,1.3532564560662659,-4.73,4.36,16.85,0.054900000000000004,9.98,0.27272727272727265,-17.9598,-4.73,4.36,-17.9598,0.27272727272727265,16.85,0.054900000000000004,9.98,96.68844931119747,29.75989447923554,50.86744596056121,24.535471417777295,50.0,52.748046997342236,0.9868421052631579,0.17105263157894737,0.5197368421052632,0.17763157894736842,A+,D,C+,D,hpinc
NDAQ,Nasdaq Inc,Financials,Financial Exchanges & Data,91.32,28.9508,6.2653,19.9087,4.256370339642692,60.29,11.68,15.02,0.2924,8.49,0.6012573823585442,19.937,60.29,11.68,19.937,0.6012573823585442,15.02,0.2924,8.49,15.36235097053897,74.94006437653596,63.31658291457286,65.34861809045226,50.0,52.727469964675606,0.0784313725490196,0.9068627450980392,0.6421568627450981,0.7107843137254902,D-,A-,B-,B,nasdaqinc
AMKR,Amkor Technology Inc,Information Technology,Semiconductors,71.09,47.109,2.6258,15.9609,3.9320777676373795,5.19,6.18,8.73,0.0694,6.41,0.868815471394037,306.6934,5.19,6.18,306.6934,0.868815471394037,8.73,0.0694,6.41,63.20499234663841,40.30756715320474,37.986132717009646,71.54030428563264,50.0,52.66735555367949,0.6578947368421053,0.3026315789473684,0.34210526315789475,0.75,B-,C-,C-,B,amkortechnologyinc
