Ticker,Name,Sector,SubIndustry,Price,PE_Rank,PS_Rank,EV_EBITDA_Used,PB_Ratio,EPS_Growth,Rev_Growth,ROE,Op_Margin,ROIC,Mom_Range,Mom_12M,EPS_Growth_Win,Rev_Growth_Win,Mom_12M_Win,Mom_Range_Win,ROE_Win,Op_Margin_Win,ROIC_Win,Value_S,Growth_S,Prof_S,Mom_S,Rev_S,Fundamental_Score,Value_Pct,Growth_Pct,Prof_Pct,Mom_Pct,Value_Grade,Growth_Grade,Prof_Grade,Mom_Grade,Name_Key,Rev_Change,Rec_BuyRatio,Shrunk_Ratio,Analyst_Count,Streak_Days,Streak_Score,Rev_Change_Win,Rev_Pct,Rev_Grade,FundamentalPlusRev_Score,Consensus_Score,Sentiment_Score,Alpha_Score,Val_Fail,Mom_Fail,Min_Fund_Factor
MU,Micron Technology Inc,Information Technology,Semiconductors,1082.28,24.1175,13.4832,17.5508,22.418871723486497,700.71,166.98,70.55,0.6563,61.480000000000004,0.8430317626209843,568.19,700.71,58.24949999999999,267.93925,0.8430317626209843,70.55,0.4510199999999997,61.480000000000004,53.388052895576834,96.02530667439389,93.4108527131783,90.94092207262342,21.42857142857143,79.09297215159225,0.5813953488372093,1.0,0.9709302325581395,0.9593023255813954,C+,A+,A+,A,microntechnologyinc,-0.013479623824451337,0.9137931034482759,0.8849206349206349,58.0,90.0,84.89281911636292,-0.013479623824451337,0.175,D,76.23582929444939,88.4920634920635,87.05236574178326,78.39913658391617,False,False,21.42857142857143
NEM,Newmont Corporation,Materials,Gold,121.43,14.8831,4.9656,7.9435,3.904602047641097,42.23,25.18,25.05,0.5097,21.54,0.7660364618501015,45.3217,42.23,25.18,45.3217,0.7660364618501015,25.05,0.44227999999999995,19.912499999999994,59.31372549019608,76.44385026737967,94.11764705882354,89.03743315508022,77.27272727272727,76.45409982174688,0.7205882352941176,0.8529411764705882,0.9705882352941176,0.9117647058823529,B,B+,A+,A-,newmontcorporation,0.01041666666666663,0.84375,0.8040540540540542,32.0,36.25,53.29177908116447,0.01041666666666663,0.75,B,79.18137254901961,80.40540540540542,69.55995487570904,77.2570890143575,False,False,59.31372549019608
INDV,"Indivior Pharmaceuticals, Inc",Health Care,Pharmaceuticals,35.82,11.9096,3.1741,10.9051,95.85228793149587,237.5,13.55,159.06,0.30260000000000004,29.4,0.6549000246852629,57.5492,237.5,13.55,57.5492,0.6549000246852629,94.53650000000002,0.30260000000000004,29.4,75.61397013451808,79.14316215632857,92.9054054054054,69.76928147659855,23.626373626373624,76.9123326115663,0.8243243243243243,0.8851351351351351,0.972972972972973,0.6959459459459459,B+,B+,A+,B-,indiviorpharmaceuticalsinc,-0.016666666666666607,0.9,0.7833333333333333,10.0,90.0,84.89281911636292,-0.016666666666666607,0.22857142857142856,D+,74.27496997420366,78.33333333333333,80.95712764654516,75.61140150867196,False,False,23.626373626373624
LPG,Dorian LPG Ltd,Energy,Oil & Gas Storage & Transportation,53.43,7.1019,3.9063,6.0999,2.006926393917995,557.35,81.06,28.439999999999998,0.5763,19.400000000000002,0.819386909693455,69.6485,557.35,60.22449999999998,69.6485,0.819386909693455,28.439999999999998,0.5128799999999999,19.400000000000002,57.291666666666664,96.63103070175438,92.96875,86.25,92.7536231884058,79.14131030701753,0.65625,0.984375,0.96875,0.890625,B-,A+,A,B+,dorianlpgltd,0.09090909090909094,0.7272727272727273,0.671875,11.0,0.0,0.0,0.09090909090909094,0.9166666666666666,A-,83.41667262585811,67.1875,40.3125,74.7958381006865,False,False,57.291666666666664
CENX,Century Aluminum Co,Materials,Aluminum,38.39,6.3202,1.43,4.7812,4.716274155702158,383.76,9.67,58.86,0.2783,37.84,0.28847435043304465,44.581,383.76,9.67,44.581,0.28847435043304465,37.95649999999999,0.2783,19.912499999999994,81.86274509803921,79.41176470588236,95.58823529411764,64.9616368286445,65.9090909090909,78.23742540494459,0.9264705882352942,0.8970588235294118,0.9852941176470589,0.6470588235294118,A-,B+,A+,B-,centuryaluminumco,0.007575757575757569,0.9166666666666666,0.8088235294117647,12.0,6.25,12.3001502641783,0.007575757575757569,0.625,B-,79.82833449585368,80.88235294117648,53.4494718703772,74.55256197075839,False,False,64.9616368286445
NVDA,NVIDIA Corp,Information Technology,Semiconductors,225.07,28.1085,17.8947,27.0077,34.776495310496145,125.15,83.38,110.11,0.6517000000000001,101.59,0.841289608412896,26.9029,125.15,58.24949999999999,26.9029,0.841289608412896,110.11,0.4510199999999997,62.34099999999999,42.44870041039672,90.68868926881098,95.93023255813951,60.21982864137087,44.642857142857146,69.77643682417043,0.4011627906976744,0.9825581395348837,0.9883720930232558,0.5697674418604651,C,A+,A+,C+,nvidiacorp,0.015558397271952185,0.9420289855072463,0.9155405405405406,69.0,90.0,84.89281911636292,0.015558397271952185,0.45,C,69.24072253845614,91.55405405405406,88.88956007897761,73.17049004656045,False,False,42.44870041039672
INSW,International Seaways Inc,Energy,Oil & Gas Storage & Transportation,105.64,6.7159,4.1626,5.9003,2.5833335371176904,225.76,57.36,37.04,0.6415000000000001,28.28,0.8941873589164786,120.5975,225.76,57.36,105.23171999999998,0.8600661294563772,36.84949999999999,0.5128799999999999,22.275499999999987,58.333333333333336,88.82309941520468,97.65625,98.4375,22.463768115942027,81.44951571637426,0.6875,0.96875,1.0,1.0,B-,A,A+,A+,internationalseawaysinc,0.0,0.8571428571428571,0.7763157894736842,14.0,0.0,0.0,0.0,0.16666666666666666,D,78.69589252796847,77.63157894736842,46.578947368421055,72.27250349605899,False,False,22.463768115942027
BTSG,Brightspring Health Services Inc,Health Care,Health Care Services,56.59,30.2874,0.7713,20.9417,5.798333965183356,440.76,19.91,18.96,0.031200000000000002,8.36,0.6385098767850786,99.3567,295.8379999999996,19.91,99.3567,0.6385098767850786,18.96,0.031200000000000002,8.36,64.63655436258175,89.62850650903749,50.0,73.64864864864865,65.07936507936508,66.31456962218266,0.7027027027027027,0.9797297297297297,0.47297297297297297,0.7567567567567568,B,A+,C,B,brightspringhealthservicesinc,0.005454545454545379,0.96,0.8916666666666667,25.0,90.0,84.89281911636292,0.005454545454545379,0.6571428571428571,B-,67.82250613011917,89.16666666666667,87.45712764654516,71.74943043340437,False,False,50.0
SWX,Southwest Gas Holdings Inc,Utilities,Gas Utilities,82.44,11.4234,3.4077,10.8558,1.5031589311599158,166.8,-15.28,12.889999999999999,0.2868,6.890000000000001,0.3215796897038082,2.5841,90.91999999999999,-15.28,2.5841,0.3215796897038082,12.889999999999999,0.2868,6.890000000000001,67.24137931034483,52.63522957214677,85.05747126436782,67.30083234244947,65.21739130434783,67.06192502659741,0.7241379310344828,0.5517241379310345,0.9310344827586207,0.6724137931034483,B,C+,A,B-,southwestgasholdingsinc,0.0,0.9230769230769231,0.8194444444444445,13.0,90.0,84.89281911636292,0.0,0.625,B-,68.5836641570322,81.94444444444446,83.12379431321185,71.49169018826814,False,False,52.63522957214677
CAH,Cardinal Health Inc,Health Care,Health Care Distributors,220.22,29.7737,0.2007,19.3065,35.78136678256914,12.43,14.23,37.169999999999995,0.98,7.340000000000001,0.6612880129429228,44.016,12.43,14.23,44.016,0.6612880129429228,37.169999999999995,0.39204500000000014,7.340000000000001,69.37245464642724,59.28406282388583,78.71621621621621,65.67567567567568,65.21739130434783,67.01411541557317,0.777027027027027,0.6486486486486487,0.831081081081081,0.6486486486486487,B,B-,B+,B-,cardinalhealthinc,0.005434782608695676,0.875,0.8189655172413793,24.0,90.0,84.89281911636292,0.005434782608695676,0.6857142857142857,B-,68.53585454600795,81.89655172413794,83.09505868102792,71.44769537301195,False,False,59.28406282388583
CHRD,Chord Energy Corp,Energy,Oil & Gas Exploration & Production,136.27,8.7864,1.1794,3.0429,0.9573065312794835,248.85,19.23,10.42,0.18969999999999998,8.82,0.7144622991347344,34.2216,248.85,19.23,34.2216,0.7144622991347344,10.42,0.18969999999999998,8.82,85.41666666666667,83.01052909758539,50.0,64.3465909090909,55.952380952380956,68.32559066800192,0.96875,0.890625,0.4375,0.609375,A,B+,C,B-,chordenergycorp,0.03754940711462451,0.8636363636363636,0.8055555555555556,22.0,66.25,75.12358449900935,0.03754940711462451,0.5833333333333334,C+,68.92082876324002,80.55555555555556,78.38276713293708,70.81321643717943,False,False,50.0
THC,Tenet Healthcare Corp,Health Care,Health Care Facilities,259.71,9.1806,0.9257,5.8312,5.351259465306753,66.15,7.43,50.629999999999995,0.204,12.709999999999999,0.8139794373156928,26.9084,66.15,7.43,26.9084,0.8139794373156928,50.629999999999995,0.204,12.709999999999999,92.55522645933605,66.09965168097605,78.37837837837837,69.02702702702703,46.42857142857142,74.75873695102923,0.9797297297297297,0.75,0.8175675675675675,0.668918918918919,A+,B,B+,B-,tenethealthcarecorp,0.0,0.8518518518518519,0.8046875,27.0,6.25,12.3001502641783,0.0,0.4,C-,74.40159409388637,80.46875,53.20131010567132,70.16153729624337,False,False,46.42857142857142
DXCM,Dexcom Inc,Health Care,Health Care Equipment,86.62,32.6666,6.5718,23.4086,12.138112721056025,79.4,15.54,36.19,0.22920000000000001,22.93,0.8448544698544699,29.5852,79.4,15.54,29.5852,0.8448544698544699,36.19,0.22920000000000001,22.93,38.93928174750092,79.64915033747323,85.36036036036036,76.15135135135135,42.85714285714286,67.23501086473024,0.3918918918918919,0.9054054054054054,0.9054054054054054,0.777027027027027,C-,A-,A-,B,dexcominc,-0.0037537537537537524,0.8611111111111112,0.8231707317073171,36.0,90.0,84.89281911636292,-0.0037537537537537524,0.37142857142857144,C-,66.52072515044453,82.31707317073172,83.3473715489842,69.88605443015247,False,False,38.93928174750092
PARR,Par Pacific Holdings Inc,Energy,Oil & Gas Refining & Marketing,77.46,4.5843,0.4558,3.4861,2.5461502051120224,5.6,13.19,53.510000000000005,0.1328,34.58,0.8117776554760593,105.7074,5.6,13.19,105.23171999999998,0.8117776554760593,36.84949999999999,0.1328,22.275499999999987,96.35416666666667,53.493787950079536,81.77083333333333,83.94396551724138,24.603174603174608,77.01880069346419,1.0,0.578125,0.90625,0.875,A+,C+,A-,B+,parpacificholdingsinc,0.0,0.8461538461538461,0.7638888888888888,13.0,0.0,0.0,0.0,0.25,D+,74.47911815378164,76.38888888888889,45.83333333333333,68.74996118969199,False,False,24.603174603174608
TILE,Interface Inc,Industrials,Office Services & Supplies,35.2,9.4343,1.455,7.385,3.1806558295457625,127.84,4.06,33.54,0.1889,25.540000000000003,0.6708074534161492,22.7844,127.84,4.06,22.7844,0.6708074534161492,33.54,0.1889,25.540000000000003,84.4927536231884,67.55481233742103,83.33333333333333,72.47491638795987,43.696397941680964,74.96246748420661,0.908695652173913,0.7869565217391304,0.9043478260869565,0.7565217391304347,A-,B,A-,B,interfaceinc,0.0,0.8888888888888888,0.7678571428571428,9.0,0.0,0.0,0.0,0.44339622641509435,C,74.3321072783747,76.78571428571428,46.07142857142856,68.67997153698548,False,False,43.696397941680964
GOOGL,Alphabet Inc,Communication Services,Interactive Media & Services,343.92,17.2348,9.4397,27.1467,10.011207009475019,115.31,20.05,50.839999999999996,0.3311,44.84,0.6255715691381606,38.5288,115.31,20.05,38.5288,0.6255715691381606,50.839999999999996,0.3311,44.84,22.49881460407776,88.65830115830116,92.10526315789474,81.0846372688478,66.66666666666666,67.59960712592292,0.2236842105263158,0.9605263157894737,0.9605263157894737,0.8421052631578947,D+,A,A,B+,alphabetinc,0.02857142857142858,0.9,0.8766666666666667,70.0,90.0,84.89281911636292,0.02857142857142858,0.6666666666666666,B-,69.26627379258959,87.66666666666667,86.55712764654517,68.13132174885139,True,False,22.49881460407776
INVA,Innoviva Inc,Health Care,Pharmaceuticals,20.74,4.1509,3.3701,6.6317,1.3198337798537618,1744.6,18.84,30.03,0.36950000000000005,24.68,0.488991888760139,9.0813,295.8379999999996,18.84,9.0813,0.488991888760139,30.03,0.36950000000000005,24.68,79.4890781192151,89.250441894517,90.54054054054053,43.190507580751486,50.54945054945055,73.99559455999261,0.8918918918918919,0.972972972972973,0.9527027027027027,0.39864864864864863,B+,A+,A,C-,innovivainc,0.0,0.8181818181818182,0.734375,11.0,0.0,0.0,0.0,0.5142857142857142,C+,74.05053961493766,73.4375,44.0625,68.05293169195014,False,False,43.190507580751486
ECPG,Encore Capital Group Inc,Financials,Consumer Finance,98.41,6.8959,1.0938,8.5172,2.185121368493041,13.54,29.55,29.830000000000002,0.3605,5.970000000000001,0.8989697062894048,125.9319,13.54,29.55,45.683969999999945,0.8922528398737745,29.830000000000002,0.3605,5.970000000000001,65.35087719298245,48.62026371016097,88.1578947368421,96.71982987772462,62.18434343434344,72.44521170003327,0.6973684210526315,0.47368421052631576,0.881578947368421,0.9868421052631579,B-,C,B+,A+,encorecapitalgroupinc,0.0,0.8,0.7166666666666667,10.0,0.0,0.0,0.0,0.6212121212121212,B-,73.66364604346761,71.66666666666667,43.0,67.53091683477409,False,False,48.62026371016097
APH,Amphenol Corp,Information Technology,Electronic Components,84.09,40.6711,7.2105,24.4136,7.689212790665777,59.37,54.17,37.14,0.2703,17.66,0.8962888665997993,31.0845,59.37,54.17,31.0845,0.8962888665997993,37.14,0.2703,17.66,46.53670770633835,78.65778035352072,77.13178294573645,63.35373317013463,72.72727272727273,64.31942536774977,0.4476744186046512,0.8662790697674418,0.813953488372093,0.6104651162790697,C,B+,B+,B-,amphenolcorp,0.03623188405797095,0.8695652173913043,0.8124999999999999,23.0,36.25,53.29177908116447,0.03623188405797095,0.7,B-,66.59215264047705,81.24999999999999,70.06671163246578,67.28706443887481,False,False,46.53670770633835
ENVA,Enova International Inc,Financials,Consumer Finance,173.48,12.1146,2.0908,10.6159,3.2075911264287904,43.8,22.52,25.759999999999998,0.4019,5.93,0.4285108730224855,38.853,43.8,22.52,38.853,0.4285108730224855,25.759999999999998,0.4019,5.93,40.570175438596486,62.5002738572944,85.08771929824562,65.63530037214248,62.18434343434344,62.041588530097904,0.34649122807017546,0.7280701754385965,0.8508771929824561,0.6578947368421053,C-,B,B+,B-,enovainternationalinc,0.0,0.9230769230769231,0.8194444444444445,13.0,90.0,84.89281911636292,0.0,0.6212121212121212,B-,63.26002287353225,81.94444444444446,83.12379431321185,67.11482492083402,True,False,40.570175438596486
HCSG,Healthcare Services Group Inc,Industrials,Environmental & Facilities Services,21.05,11.7403,0.7742,9.2309,2.87136816259719,1113.07,5.22,24.12,0.06849999999999999,24.12,0.5574597913292403,26.4777,172.17599999999996,5.22,26.4777,0.5574597913292403,24.12,0.06849999999999999,24.12,86.81159420289855,67.27053140096619,62.75362318840579,68.39580209895053,86.27787307032591,69.52457104780943,0.9304347826086956,0.782608695652174,0.6478260869565218,0.7043478260869566,A,B,B-,B,healthcareservicesgroupinc,0.02564102564102566,0.6923076923076923,0.6527777777777778,13.0,0.0,0.0,0.02564102564102566,0.8679245283018868,B+,73.15235835484202,65.27777777777779,39.16666666666667,66.35522001720695,False,False,62.75362318840579
AMG,Affiliated Managers Group Inc,Financials,Asset Management & Custody Banks,373.69,11.2329,4.237,19.5263,3.1156229703511817,121.28,11.81,26.950000000000003,0.2152,14.46,0.8818946578397359,56.2595,121.28,11.81,45.683969999999945,0.8818946578397359,26.950000000000003,0.2152,14.46,45.39473684210527,66.3212647693102,85.96491228070175,92.85087719298245,63.29201101928375,69.67434067316029,0.3991228070175439,0.7894736842105263,0.8596491228070176,0.9517543859649122,C-,B,B+,A,affiliatedmanagersgroupinc,0.0,0.9,0.7833333333333333,10.0,0.0,0.0,0.0,0.7121212121212122,B,71.00354177508866,78.33333333333333,46.99999999999999,66.20283342007093,False,False,45.39473684210527
UAL,United Airlines Holdings Inc,Industrials,Passenger Airlines,113.99,10.6121,0.5898,6.7859,2.412803373141026,7.02,8.48,22.5,0.0775,8.74,0.5422131904673931,9.6656,7.02,8.48,9.6656,0.5422131904673931,22.5,0.0775,8.74,93.76811594202898,48.185309054874274,49.92753623188406,58.808373590982285,46.14438063986875,62.32264957264958,0.9869565217391304,0.4391304347826087,0.4826086956521739,0.5652173913043478,A+,C,C,C+,unitedairlinesholdingsinc,0.0,0.8666666666666667,0.8214285714285714,30.0,90.0,84.89281911636292,0.0,0.5754716981132075,C+,61.937087636636456,82.14285714285714,83.24284193225945,66.19823849576106,False,False,46.14438063986875
ZD,Ziff Davis Inc,Communication Services,Advertising,56.51,3.043,1.4781,5.9749,1.2367158639284275,1040.24,-8.46,34.27,-0.22,23.45,0.8956063749503682,55.0522,398.80899999999735,-8.46,55.0522,0.8956063749503682,34.27,-0.040535,23.45,81.46040777619724,54.86647361647361,56.57894736842105,90.77050734945472,84.12698412698413,68.63723497934023,0.9210526315789473,0.6052631578947368,0.4473684210526316,0.9210526315789473,A-,B-,C,A-,ziffdavisinc,0.05494505494505497,0.7692307692307693,0.7083333333333334,13.0,0.0,0.0,0.05494505494505497,0.8333333333333334,B+,72.04993339203865,70.83333333333334,42.50000000000001,66.13994671363093,False,False,54.86647361647361
KEYS,Keysight Technologies Inc,Information Technology,Electronic Equipment & Instruments,362.15,49.2453,9.4271,41.7809,10.542449260005357,131.85,25.54,20.169999999999998,0.2025,14.360000000000001,0.940728463188494,104.9997,131.85,25.54,104.9997,0.940728463188494,20.169999999999998,0.2025,14.360000000000001,31.71682626538988,89.86596667064391,68.7984496124031,91.85405373899866,95.45454545454545,66.47282305137676,0.3023255813953488,0.9709302325581395,0.7180232558139535,0.9709302325581395,C-,A+,B,A+,keysighttechnologiesinc,0.09473684210526312,0.8947368421052632,0.8229166666666666,19.0,6.25,12.3001502641783,0.09473684210526312,0.95,A,71.01827759683131,82.29166666666666,54.29506010567131,66.060483518342,True,False,31.71682626538988
ADI,Analog Devices Inc,Information Technology,Semiconductors,393.6,45.8749,13.6649,34.5872,5.699350569428255,114.38,33.65,12.26,0.3555,9.73,0.764835461247977,53.8997,114.38,33.65,53.8997,0.764835461247977,12.26,0.3555,9.73,33.50433196534428,81.16806722689076,62.015503875968996,67.01068951448389,80.35714285714286,58.515710308603246,0.313953488372093,0.8953488372093024,0.6569767441860465,0.6744186046511628,C-,B+,B-,B-,analogdevicesinc,0.05128205128205132,0.8974358974358975,0.8579545454545455,39.0,90.0,84.89281911636292,0.05128205128205132,0.8,B,61.55142459431753,85.79545454545455,85.4344003738179,65.13257288262648,True,False,33.50433196534428
HCC,Warrior Met Coal Inc,Materials,Steel,89.51,21.3755,2.7892,10.5836,2.1974379998919815,440.05,37.48,10.02,0.1364,8.95,0.5619752099160337,42.6166,440.05,35.85249999999999,42.6166,0.5619752099160337,10.02,0.1364,8.95,53.43137254901961,95.00858168200966,62.25490196078431,75.6997971602434,84.78260869565217,68.06324439590159,0.5955882352941176,1.0,0.6470588235294118,0.7794117647058824,C+,A+,B-,B,warriormetcoalinc,0.02564102564102566,0.6923076923076923,0.6527777777777778,13.0,0.0,0.0,0.02564102564102566,0.875,B+,71.54150526546681,65.27777777777779,39.16666666666667,65.06653754570678,False,False,53.43137254901961
TGTX,TG Therapeutics Inc,Health Care,Biotechnology,57.43,19.9428,11.0121,71.2293,40.24809026561076,633.73,76.08,72.3,0.1591,39.92,0.9425322679778736,62.44,295.8379999999996,45.09250000000003,62.44,0.9425322679778736,72.3,0.1591,29.413,31.806121189682838,97.1929050069999,84.79729729729729,77.27429557216792,87.19211822660098,69.0442947375786,0.27702702702702703,1.0,0.8918918918918919,0.8040540540540541,D+,A+,B+,B+,tgtherapeuticsinc,0.05714285714285705,0.8571428571428571,0.7763157894736842,14.0,0.0,0.0,0.05714285714285705,0.9142857142857143,A-,72.7635065602387,77.63157894736842,46.578947368421055,65.06278653607703,True,False,31.806121189682838
ADEA,Adeia Inc,Information Technology,IT Consulting & Other Services,25.48,22.905,5.9675,12.1829,5.779481479801302,45.93,24.35,26.700000000000003,0.41619999999999996,14.13,0.6102067751869775,48.5154,45.93,24.35,48.5154,0.6102067751869775,26.700000000000003,0.41619999999999996,14.13,66.41130870953033,76.20479820941456,77.51937984496124,72.96529213973184,34.523809523809526,70.81669020845217,0.7383720930232558,0.8430232558139535,0.8197674418604651,0.8023255813953488,B,B+,B+,B+,adeiainc,0.0,0.9,0.7833333333333333,10.0,0.0,0.0,0.0,0.325,C-,69.26907116083312,78.33333333333333,46.99999999999999,64.8152569286665,False,False,34.523809523809526
JBSS,John B Sanfilippo & Son Inc,Consumer Staples,Packaged Foods & Meats,67.24,12.6273,0.6652,9.5788,2.0694133687058165,4.7,6.18,16.509999999999998,0.0759,13.850000000000001,0.24750075734625857,5.6904,4.7,6.18,5.6904,0.24750075734625857,16.509999999999998,0.0759,13.850000000000001,77.93427230046949,69.97214053552082,57.27699530516431,66.93391115926327,84.84848484848484,66.18402724036528,0.8873239436619719,0.7887323943661971,0.5633802816901409,0.6338028169014085,B+,B,C+,B-,johnbsanfilipposoninc,0.017857142857142905,0.875,0.7500000000000001,8.0,0.0,0.0,0.017857142857142905,0.8333333333333334,B+,69.66887572521375,75.00000000000001,45.00000000000001,64.73510058017101,False,False,57.27699530516431
RL,Ralph Lauren Corp,Consumer Discretionary,"Apparel, Accessories & Luxury Goods",357.1,21.3754,2.5146,14.2775,7.553211965844507,26.61,14.68,35.63,0.1494,23.22,0.46965959546127284,12.772,26.61,14.68,12.772,0.46965959546127284,35.63,0.1494,23.22,26.6260162601626,80.16614774505818,73.06723527357973,82.92682926829269,90.8466819221968,62.541908286105766,0.18902439024390244,0.8841463414634146,0.7804878048780488,0.8292682926829268,D,B+,B,B+,ralphlaurencorp,0.03571428571428581,0.8928571428571429,0.840909090909091,28.0,90.0,84.89281911636292,0.03571428571428581,0.8947368421052632,B+,66.62657647832545,84.09090909090911,84.41167310109063,64.53467223825656,True,False,26.6260162601626
UFCS,United Fire Group Inc,Financials,Property & Casualty Insurance,53.33,9.6559,0.924,6.8099,1.4461706172190028,52.92,11.36,14.96,0.12869999999999998,12.950000000000001,0.8737037037037035,72.6891,52.92,11.36,45.683969999999945,0.8737037037037035,14.96,0.12869999999999998,12.950000000000001,68.64035087719299,62.21479749044066,60.08771929824561,97.03465982028243,60.54018445322793,69.03190900600427,0.7521929824561403,0.7149122807017544,0.6008771929824561,0.9912280701754386,B,B,B-,A+,unitedfiregroupinc,0.0,0.7777777777777778,0.6964285714285714,9.0,0.0,0.0,0.0,0.4090909090909091,C,70.08592745132707,69.64285714285714,41.785714285714285,64.42588481820451,False,False,60.08771929824561
NUE,Nucor Corp,Materials,Steel,247.25,23.9475,1.6341,13.0412,2.7020824340052565,79.23,12.27,11.16,0.0999,8.36,0.7791518247194031,81.7889,79.23,12.27,78.52798499999999,0.7791518247194031,11.16,0.0999,8.36,53.43137254901961,71.46512716492433,53.921568627450974,95.84178498985801,94.56521739130434,65.29961772507411,0.5955882352941176,0.7941176470588235,0.5073529411764706,0.9852941176470589,C+,B,C+,A+,nucorcorp,0.04166666666666663,0.75,0.7155172413793104,24.0,0.0,0.0,0.04166666666666663,0.9375,A,69.75613946420455,71.55172413793103,42.93103448275862,64.39111846791538,False,False,53.43137254901961
FAF,First American Financial Corp,Financials,Property & Casualty Insurance,66.27,8.9891,0.8389,4.6483,1.2291182509315295,298.96,22.52,13.600000000000001,0.1519,9.26,0.4254348349591673,4.2088,182.343,22.52,4.2088,0.4254348349591673,13.600000000000001,0.1519,9.26,77.41228070175438,83.15588224375394,55.26315789473685,47.62516046213094,94.72990777338603,64.32506819029979,0.9013157894736842,0.9517543859649122,0.5526315789473685,0.5043859649122807,A-,A,C+,C+,firstamericanfinancialcorp,0.018181818181818188,0.8181818181818182,0.734375,11.0,0.0,0.0,0.018181818181818188,0.9393939393939394,A,68.79805896763838,73.4375,44.0625,63.85094717411071,False,False,47.62516046213094
JLL,Jones Lang LaSalle Inc,Real Estate,Real Estate Services,321.91,14.9595,0.5448,11.1829,2.0142223835163016,79.2,11.17,13.569999999999999,0.04650000000000001,10.24,0.46324901126781615,6.8652,79.2,11.314,6.8652,0.46324901126781615,13.569999999999999,0.04650000000000001,10.044,80.0,60.41666666666667,60.0,75.0,75.0,67.08333333333334,1.0,0.8,0.7,0.8,A+,B,B-,B,joneslanglasalleinc,0.0,0.6875,0.6547619047619047,16.0,0.0,0.0,0.0,0.75,B,69.58333333333334,65.47619047619047,39.28571428571428,63.52380952380953,False,False,60.0
FIVE,Five Below Inc,Consumer Discretionary,Specialty Stores,222.6,19.7727,2.304,11.8721,5.605259778358056,125.33,25.56,27.73,0.1475,27.73,0.672693390428611,46.8677,107.81,18.144,45.64219999999995,0.672693390428611,27.73,0.1475,27.73,34.552845528455286,97.17322291664078,72.04723427602374,90.14071294559099,59.899749373433586,69.11280712356611,0.3231707317073171,0.9939024390243902,0.7621951219512195,0.9085365853658537,C-,A+,B,A-,fivebelowinc,0.009469696969697017,0.696969696969697,0.6776315789473686,33.0,0.0,0.0,0.009469696969697017,0.5789473684210527,C+,70.10278206090948,67.76315789473686,40.65789473684212,63.35239990029472,True,False,34.552845528455286
ANDE,Andersons Inc,Consumer Staples,Food Distributors,66.97,12.6956,0.2058,11.0243,1.8206681311033297,119.33,-5.2,14.149999999999999,0.013300000000000001,8.0,0.6527522935779817,69.1314,99.10999999999986,-5.2,67.46195,0.6527522935779817,14.149999999999999,0.013300000000000001,8.0,84.03755868544602,55.5839653304442,36.15023474178403,90.7774647887324,78.26086956521739,64.31923438064283,0.9647887323943662,0.49295774647887325,0.28169014084507044,0.9295774647887324,A,C,D+,A-,andersonsinc,0.011111111111111183,0.9,0.7833333333333333,10.0,0.0,0.0,0.011111111111111183,0.75,B,67.14532133716457,78.33333333333333,46.99999999999999,63.11625706973166,False,False,36.15023474178403
FDX,FedEx Corp,Industrials,Air Freight & Logistics,285.85,14.9287,0.6987,7.9974,2.1677884159635985,9.81,7.73,15.110000000000001,0.0576,8.42,0.6379121547633533,48.4073,9.81,7.73,48.4073,0.6379121547633533,15.110000000000001,0.0576,8.42,88.40579710144927,56.02935711631364,39.130434782608695,82.3076923076923,92.81221922731356,64.55146785581569,0.9478260869565217,0.5695652173913044,0.3391304347826087,0.8434782608695652,A,C+,C-,B+,fedexcorp,0.04935064935064937,0.6857142857142857,0.66875,35.0,0.0,0.0,0.04935064935064937,0.9245283018867925,A-,68.83268977854705,66.875,40.125,63.09115182283764,False,False,39.130434782608695
GFF,Griffon Corp,Industrials,Building Products,98.39,24.5362,1.983,12.42,61.644007267715054,192.58,-12.03,176.12,0.1959,12.25,0.7662993572084482,26.8927,172.17599999999996,-5.851,26.8927,0.7662993572084482,68.73749999999994,0.1959,12.25,59.565217391304344,52.49266680309824,79.6376811594203,86.51113467656415,42.743105950653124,67.60148493361363,0.6456521739130435,0.5043478260869565,0.8478260869565217,0.8956521739130435,B-,C+,B+,B+,griffoncorp,0.0,0.9090909090909091,0.796875,11.0,0.0,0.0,0.0,0.3584905660377358,C-,66.87579552867895,79.6875,47.8125,63.06313642294316,False,False,42.743105950653124
NXT,Nextpower Inc,Industrials,Electrical Components & Equipment,80.85,20.4254,3.3424,15.4311,5.174068859592986,6.1,16.97,26.32,0.1934,26.32,0.12384197636034497,9.9093,6.1,16.97,9.9093,0.12384197636034497,26.32,0.1934,26.32,49.56521739130435,61.04738777373048,81.73913043478261,32.73657289002557,98.49056603773585,56.58287908927295,0.5152173913043478,0.6652173913043479,0.8826086956521739,0.29130434782608694,C+,B-,B+,D+,nextpowerinc,0.1029411764705882,0.8529411764705882,0.8141025641025641,34.0,36.25,53.29177908116447,0.07867647058823522,0.9811320754716981,A+,61.43193569304653,81.41025641025641,70.16286547861964,62.903434164725674,False,True,32.73657289002557
HPE,Hewlett Packard Enterprise Co,Information Technology,"Technology Hardware, Storage & Peripherals",62.94,30.1543,2.01,23.356,3.360868891938507,128.23,26.59,11.020000000000001,0.0703,5.9799999999999995,0.94435120224015,159.6893,128.23,26.59,159.6893,0.9443389483804683,11.020000000000001,0.0703,5.9799999999999995,67.47606019151847,77.38712343174818,34.10852713178294,88.10619170219053,98.95833333333334,63.49480985761309,0.7441860465116279,0.8546511627906976,0.26744186046511625,0.9186046511627907,B,B+,D+,A-,hewlettpackardenterpriseco,0.14010989010989017,0.6785714285714286,0.6590909090909092,28.0,0.0,0.0,0.09512820512820508,1.0,A+,68.39064319094643,65.90909090909092,39.545454545454554,62.62160546184806,False,False,34.10852713178294
MATX,Matson Inc,Industrials,Marine Transportation,224.66,14.4649,1.9394,9.9682,2.475412256519085,0.86,-0.16,16.939999999999998,0.1518,15.040000000000001,0.8946718648473034,116.0069,0.86,-0.16,69.52242999999993,0.8723212715732392,16.939999999999998,0.1518,15.040000000000001,75.3623188405797,26.10891523935002,62.46376811594203,97.82608695652173,71.69811320754717,64.24352217830479,0.8347826086956521,0.13043478260869565,0.6434782608695652,0.991304347826087,B+,D,B-,A+,matsoninc,0.011111111111111183,0.9,0.7833333333333333,10.0,0.0,0.0,0.011111111111111183,0.6981132075471698,B-,66.4133334990595,78.33333333333333,46.99999999999999,62.530666799247605,False,False,26.10891523935002
CUBI,Customers Bancorp Inc,Financials,Regional Banks,77.06,8.9058,1.99781,,1.2454523856086086,85.16,55.59768,13.569999999999999,0.3985504,11.82,0.707809067305772,15.6292,85.16,55.59768,15.6292,0.707809067305772,13.569999999999999,0.3985504,11.82,77.41228070175438,76.05105716051057,54.824561403508774,67.74291497975707,61.04594330400782,66.81800495436931,0.9013157894736842,0.9035087719298246,0.5482456140350878,0.6842105263157895,A-,A-,C+,B-,customersbancorpinc,0.0,0.7058823529411765,0.6704545454545455,17.0,0.0,0.0,0.0,0.5,C,67.9225992847701,67.04545454545455,40.22727272727273,62.38353397327063,False,False,54.824561403508774
UMBF,UMB Financial Corp,Financials,Regional Banks,135.82,10.9411,2.36702,,1.3409870897164,40.79,72.21914,12.17,0.3178459,8.25,0.6495794953944733,13.6854,40.79,72.21914,13.6854,0.6495794953944733,12.17,0.3178459,8.25,66.00877192982456,80.79660020796601,46.92982456140351,59.105937921727396,97.40957966764418,61.2151567487457,0.7105263157894737,0.9298245614035088,0.4692982456140351,0.618421052631579,B,A-,C,B-,umbfinancialcorp,0.023809523809523725,0.8571428571428571,0.7980769230769231,21.0,0.0,0.0,0.020432900432900393,0.9848484848484849,A+,65.95611471551013,79.8076923076923,47.88461538461538,62.341814849331186,False,False,46.92982456140351
AMAT,Applied Materials Inc,Information Technology,Semiconductor Materials & Equipment,485.0,41.3592,12.4291,39.5928,18.839341205717837,38.36,7.77,40.44,0.2964,31.47,0.5314000772811747,135.4299,38.36,7.77,135.4299,0.5314000772811747,40.44,0.2964,31.47,34.05380756953944,45.232820896053525,83.52713178294574,68.66984805012248,54.0,57.1757686273565,0.32558139534883723,0.4186046511627907,0.8662790697674418,0.7209302325581395,C-,C,B+,B,appliedmaterialsinc,0.018840579710144967,0.8666666666666667,0.8350000000000001,45.0,90.0,84.89281911636292,0.018840579710144967,0.55,C+,57.575768627356496,83.50000000000001,84.05712764654518,62.10441668174361,True,False,34.05380756953944
WST,West Pharmaceutical Services Inc,Health Care,Health Care Supplies,370.44,46.4834,7.893,30.2885,8.397886246318954,17.22,12.38,18.509999999999998,0.2045,17.330000000000002,0.9040513041869642,43.7255,17.22,12.38,43.7255,0.9040513041869642,18.509999999999998,0.2045,17.330000000000002,27.62557077625571,63.04875743571147,74.54954954954955,71.56059285091543,98.63945578231294,57.465650138776695,0.21621621621621623,0.7094594594594594,0.7736486486486487,0.7027027027027027,D+,B,B,B,westpharmaceuticalservicesinc,0.09486166007905128,0.9130434782608695,0.8482142857142856,23.0,66.25,75.12358449900935,0.06963496861195058,0.9714285714285714,A+,62.32959571700799,84.82142857142856,80.94229094246087,61.6337825043636,True,False,27.62557077625571
LRCX,Lam Research Corp,Information Technology,Semiconductor Materials & Equipment,315.21,53.6601,16.7807,44.9025,31.626950283449553,38.62,26.02,66.97,0.3529,48.57,0.6067053719535536,139.3703,38.62,26.02,139.3703,0.6067053719535536,66.97,0.3529,48.57,24.334245326037394,71.4262837621437,89.14728682170544,74.39291902668828,82.0,62.5342235947021,0.19186046511627908,0.7790697674418605,0.936046511627907,0.813953488372093,D,B,A,B+,lamresearchcorp,0.0441347270615563,0.8536585365853658,0.8206521739130435,41.0,36.25,53.29177908116447,0.0441347270615563,0.825,B+,65.7342235947021,82.06521739130434,70.55584206724839,61.42470866634349,True,False,24.334245326037394
TWLO,Twilio Inc,Information Technology,Systems Software,275.8,37.1765,7.664,131.849,5.374259285601545,5800.25,17.82,14.149999999999999,0.052000000000000005,12.61,0.8596771848189618,190.2557,704.4859999999999,17.82,190.2557,0.8596771848189618,14.149999999999999,0.052000000000000005,12.61,32.7906976744186,79.23399179420986,46.51162790697674,89.50929119839768,71.73913043478261,58.57423799387034,0.3081395348837209,0.8837209302325582,0.45930232558139533,0.9418604651162791,C-,B+,C,A,twilioinc,0.03654970760233911,0.8421052631578947,0.8081395348837209,38.0,36.25,53.29177908116447,0.03654970760233911,0.675,B-,60.748151037348606,80.81395348837209,69.80508372548904,61.25015190480276,True,False,32.7906976744186
EME,EMCOR Group Inc,Industrials,Construction & Engineering,762.21,23.3033,1.8033,16.28,9.236356497840596,33.41,18.92,38.49,0.1038,38.43,0.5097405952873089,20.0121,33.41,18.92,20.0121,0.5097405952873089,38.49,0.1038,28.302999999999987,54.05797101449275,64.07867494824018,77.02898550724638,63.1400966183575,79.55974842767296,63.21549344375432,0.5826086956521739,0.7347826086956522,0.8260869565217391,0.6260869565217392,C+,B,B+,B-,emcorgroupinc,0.01904761904761898,0.7333333333333333,0.6875,15.0,0.0,0.0,0.01904761904761898,0.7924528301886793,B,66.17146828652162,68.75,41.25,61.187174629217296,False,False,54.05797101449275
ASTH,Astrana Health Inc,Health Care,Health Care Facilities,36.37,44.2619,0.4669,13.7683,2.2815095475873832,58.83,58.91,5.09,0.0276,2.2399999999999998,0.5456443914081145,24.2402,58.83,45.09250000000003,24.2402,0.5456443914081145,5.09,0.0276,2.2399999999999998,67.45032703936813,88.94317341448863,28.378378378378375,54.82882882882883,27.976190476190478,57.71157680310012,0.7432432432432432,0.9662162162162162,0.25675675675675674,0.5472972972972973,B,A,D+,C+,astranahealthinc,-0.007352941176470562,0.875,0.7976190476190476,16.0,90.0,84.89281911636292,-0.007352941176470562,0.2571428571428571,D+,55.50919585071917,79.76190476190476,81.81427050368802,60.77021078131294,False,False,27.976190476190478
EZPW,EZCORP Inc,Financials,Consumer Finance,31.16,11.9425,1.1932,8.1901,1.850224449564164,61.24,28.61,14.45,0.139,9.8,0.7107878787878787,67.4406,61.24,28.61,45.683969999999945,0.7107878787878787,14.45,0.139,9.8,52.192982456140356,70.05119690051197,59.210526315789465,85.33227006911217,62.18434343434344,63.92757058690728,0.506578947368421,0.8377192982456141,0.5921052631578947,0.8728070175438597,C+,B+,C+,B+,ezcorpinc,0.0,0.7692307692307693,0.7083333333333334,13.0,0.0,0.0,0.0,0.6212121212121212,B-,65.14600493034162,70.83333333333334,42.50000000000001,60.6168039442733,False,False,52.192982456140356
CASY,Caseys General Stores Inc,Consumer Staples,Food Retail,598.46,28.2661,1.1699,15.2795,5.5888532979706955,33.36,13.78,19.68,0.0588,12.139999999999999,0.23481311125049373,9.469,33.36,13.78,9.469,0.23481311125049373,19.68,0.0588,12.139999999999999,43.19248826291079,87.91650847447164,58.21596244131456,60.36515388628064,100.0,60.008445148206796,0.4014084507042254,0.9577464788732394,0.6267605633802817,0.5774647887323944,C,A,B-,C+,caseysgeneralstoresinc,0.049857549857549865,0.7037037037037037,0.6796875,27.0,0.0,0.0,0.03243589743589742,1.0,A+,65.00844514820679,67.96875,40.78125,60.163006118565434,False,False,43.19248826291079
AIZ,Assurant Inc,Financials,Multi-line Insurance,265.0,12.1396,0.9592,7.8548,2.247278672731775,53.42,9.36,18.029999999999998,0.107,13.120000000000001,0.6022878153406189,25.6329,53.42,9.36,25.6329,0.6022878153406189,18.029999999999998,0.107,13.120000000000001,46.27192982456141,62.70928462709284,70.17543859649122,78.31059129304744,63.924963924963926,62.31581728929121,0.42105263157894735,0.7368421052631579,0.7017543859649122,0.7850877192982456,C,B,B,B,assurantinc,0.0,0.8461538461538461,0.7638888888888888,13.0,0.0,0.0,0.0,0.7878787878787878,B,63.7083136817876,76.38888888888889,45.83333333333333,60.13331761209675,False,False,46.27192982456141
JBL,Jabil Inc,Information Technology,Electronic Manufacturing Services,316.74,38.5062,0.9882,23.1495,22.50069262408627,55.75,17.8,62.419999999999995,0.042800000000000005,18.59,0.5312281423059664,37.9128,55.75,17.8,37.9128,0.5312281423059664,62.419999999999995,0.042800000000000005,18.59,68.25581395348837,68.951028687337,60.0,46.75409453867226,84.78260869565217,60.204978133573945,0.75,0.7267441860465116,0.6337209302325582,0.4069767441860465,B,B,B-,C,jabilinc,0.05882352941176472,0.8235294117647058,0.7613636363636364,17.0,0.0,0.0,0.05882352941176472,0.85,B+,63.683239003139164,76.13636363636364,45.68181818181818,60.08295483887497,False,False,46.75409453867226
IQV,IQVIA Holdings Inc,Health Care,Life Sciences Tools & Services,270.37,32.4271,2.6254,17.3704,7.051315487491915,16.8,8.17,21.95,0.1292,6.279999999999999,0.9427990235964201,51.7435,16.8,8.17,51.7435,0.9427990235964201,21.95,0.1292,6.279999999999999,55.22645933604837,55.52774818261544,59.234234234234236,77.2153972153972,81.81818181818183,60.16380247217318,0.5878378378378378,0.581081081081081,0.581081081081081,0.7972972972972973,C+,C+,C+,B,iqviaholdingsinc,0.021428571428571352,0.8214285714285714,0.7803030303030304,28.0,0.0,0.0,0.021428571428571352,0.8571428571428571,B+,63.34562065399136,78.03030303030305,46.81818181818183,60.04013288682946,False,False,55.22645933604837
GMED,Globus Medical Inc,Health Care,Health Care Equipment,74.52,18.6236,3.1707,12.3547,2.2006904474323803,50.93,19.74,11.59,0.20600000000000002,11.59,0.431111111111111,30.326,50.93,19.74,30.326,0.431111111111111,11.59,0.20600000000000002,11.59,69.0608416635814,78.42752638241522,64.41441441441442,63.772972972972966,28.57142857142857,66.80891389057659,0.7702702702702703,0.8783783783783784,0.6621621621621622,0.6283783783783784,B,B+,B-,B-,globusmedicalinc,-0.018633540372670843,0.6956521739130435,0.6696428571428571,23.0,0.0,0.0,-0.018633540372670843,0.2857142857142857,D+,64.66605674771945,66.96428571428571,40.17857142857142,59.76855968388985,False,False,28.57142857142857
PM,Philip Morris International Inc,Consumer Staples,Tobacco,190.48,27.179,6.9466,18.9746,1435.4182366239636,31.96,8.93,575.44,0.3775,44.05,0.7367859862909367,17.4847,31.96,8.93,17.4847,0.7367859862909367,136.11,0.34615,25.125,24.4131455399061,80.8940600122474,97.88732394366197,84.32333129210042,68.25396825396825,68.61859563176158,0.18309859154929578,0.9154929577464789,1.0,0.8591549295774648,D,A-,A+,B+,philipmorrisinternationalinc,0.009971509971509973,0.7407407407407407,0.7109375,27.0,0.0,0.0,0.009971509971509973,0.6666666666666666,B-,70.4439924571584,71.09375,42.65625,59.47162452210799,True,False,24.4131455399061
SNX,TD Synnex Corp,Information Technology,Technology Distributors,263.03,18.5336,0.3018,11.3092,2.4932108039450793,63.4,16.26,13.120000000000001,0.025699999999999997,8.59,0.7717028244668311,72.5888,63.4,16.26,72.5888,0.7717028244668311,13.120000000000001,0.025699999999999997,8.59,88.90104879160965,69.80223123732252,34.98062015503876,71.98985836684736,35.22727272727273,64.32883515749607,0.9418604651162791,0.7383720930232558,0.29069767441860467,0.7790697674418605,A,B,D+,B,tdsynnexcorp,0.0,0.8235294117647058,0.7613636363636364,17.0,0.0,0.0,0.0,0.3625,C-,62.851562430223346,76.13636363636364,45.68181818181818,59.41761358054232,False,False,34.98062015503876
EWBC,East West Bancorp Inc,Financials,Regional Banks,127.23,11.982,3.27879,,1.9669348405488807,21.65,74.7411,16.189999999999998,0.5797675999999999,15.47,0.7714285714285716,17.1009,21.65,74.7411,17.1009,0.7714285714285716,16.189999999999998,0.5797675999999999,15.47,50.43859649122807,67.14521452145215,63.59649122807017,73.89676113360325,61.04594330400782,61.717167060835635,0.4868421052631579,0.8026315789473685,0.6359649122807017,0.7543859649122807,C,B+,B-,B,eastwestbancorpinc,0.0,0.782608695652174,0.7410714285714286,23.0,0.0,0.0,0.0,0.5,C,62.82176139123642,74.10714285714286,44.464285714285715,59.15026625584628,False,False,50.43859649122807
BKH,Black Hills Corp,Utilities,Multi-Utilities,70.46,17.9033,2.3131,11.5858,1.390865609535108,0.03,2.45,7.7299999999999995,0.2371,3.55,0.5748966942148758,16.4724,0.03,2.45,15.097184999999998,0.5748966942148758,7.7299999999999995,0.2371,3.55,66.66666666666667,36.7513611615245,36.7816091954023,95.68499534016775,100.0,57.34934026585569,0.7068965517241379,0.22413793103448276,0.3275862068965517,0.9655172413793104,B,D+,C-,A,blackhillscorp,0.11111111111111105,0.8888888888888888,0.7678571428571428,9.0,0.0,0.0,0.11111111111111105,1.0,A+,62.34934026585569,76.78571428571428,46.07142857142856,59.09375792697027,False,False,36.7513611615245
TER,Teradyne Inc,Information Technology,Semiconductor Materials & Equipment,398.38,54.2766,13.9851,45.531,22.241700816239934,152.84,57.87,38.04,0.3023,36.82,0.750834910386285,191.0442,152.84,57.87,191.0442,0.750834910386285,38.04,0.3023,36.82,25.49475604195166,92.57232838689015,83.72093023255815,85.49825981958946,65.99999999999999,67.91803920992338,0.19767441860465115,0.9883720930232558,0.872093023255814,0.8953488372093024,D,A+,B+,B+,teradyneinc,0.031620553359683834,0.7272727272727273,0.6944444444444444,22.0,0.0,0.0,0.031620553359683834,0.625,B-,69.51803920992337,69.44444444444444,41.666666666666664,59.07732448274492,True,False,25.49475604195166
ENS,EnerSys,Industrials,Electrical Components & Equipment,178.89,18.3641,1.7064,11.474,3.4234896284856378,6.65,3.73,18.48,0.1295,11.58,0.5194328116964219,62.6404,6.65,3.73,62.6404,0.5194328116964219,18.48,0.1295,11.58,70.72463768115942,35.4895932901048,58.55072463768116,78.97698209718669,85.43396226415095,60.212155657168445,0.8,0.2565217391304348,0.5956521739130435,0.8043478260869565,B,D+,C+,B+,enersys,0.027272727272727337,0.7272727272727273,0.671875,11.0,0.0,0.0,0.027272727272727337,0.8490566037735849,B+,63.75555188358354,67.1875,40.3125,59.06694150686684,False,False,35.4895932901048
FRPT,Freshpet Inc,Consumer Staples,Packaged Foods & Meats,57.91,13.6706,2.3627,23.405,2.3462822507454946,449.74,12.77,16.650000000000002,0.081,12.34,0.28975979772439936,18.0364,99.10999999999986,12.77,18.0364,0.28975979772439936,16.650000000000002,0.081,12.34,39.43661971830986,95.73724397668059,56.80751173708921,78.56265799927773,42.42424242424242,63.92101325904143,0.36619718309859156,1.0,0.5492957746478874,0.7887323943661971,C-,A+,C+,B,freshpetinc,-0.0434782608695653,0.7391304347826086,0.7053571428571428,23.0,0.0,0.0,-0.0434782608695653,0.4166666666666667,C,63.16343750146567,70.53571428571428,42.32142857142856,58.99503571545826,False,False,39.43661971830986
BRC,Brady Corp,Industrials,Commercial Printing,84.02,19.0677,2.3569,12.1416,2.9026061962800207,9.26,9.78,15.620000000000001,0.1586,14.95,0.4683963085495386,6.2223,9.26,9.78,6.2223,0.4683963085495386,15.620000000000001,0.1586,14.95,63.913043478260875,56.84014053579271,61.30434782608696,51.50197628458498,98.20305480682839,57.972771190162504,0.7130434782608696,0.5826086956521739,0.6347826086956522,0.48695652173913045,B,C+,B-,C,bradycorp,0.19047619047619047,0.8571428571428571,0.7291666666666667,7.0,0.0,0.0,0.07867647058823522,0.9622641509433962,A,62.793076670845345,72.91666666666667,43.75,58.984461336676276,False,False,51.50197628458498
CENT,Central Garden & Pet Co,Consumer Staples,Household Products,39.51,13.1305,0.7081,8.571,1.5689342286569747,22.39,-1.16,10.15,0.0818,5.87,0.59010989010989,16.8343,22.39,-1.16,16.8343,0.59010989010989,10.15,0.0818,5.87,78.63849765258215,56.50228916925873,43.19248826291081,76.5970013630168,53.78787878787878,62.077604585328345,0.9084507042253521,0.528169014084507,0.4014084507042254,0.7605633802816901,A-,C+,C,B,centralgardenpetco,0.0,0.8181818181818182,0.734375,11.0,0.0,0.0,0.0,0.5,C,62.45639246411622,73.4375,44.0625,58.77761397129298,False,False,43.19248826291081
STRL,Sterling Infrastructure Inc,Industrials,Construction & Engineering,512.29,36.1302,4.5338,24.4552,14.179389524262923,50.75,60.83,36.67,0.1752,29.43,0.3186161252268677,49.3155,50.75,28.674999999999983,49.3155,0.3186161252268677,36.67,0.1752,28.302999999999987,21.01449275362319,81.17494824016563,84.49275362318842,65.1207729468599,60.220125786163514,60.63595583160801,0.12173913043478261,0.9173913043478261,0.9239130434782609,0.6565217391304348,D,A-,A-,B-,sterlinginfrastructureinc,0.004166666666666652,0.9375,0.8452380952380951,16.0,90.0,84.89281911636292,0.004166666666666652,0.6037735849056604,B-,61.657968410224356,84.52380952380952,84.67141336083088,58.698299762262735,True,False,21.01449275362319
VMI,Valmont Industries Inc,Industrials,Industrial Machinery & Supplies & Components,466.83,18.2168,2.1306,14.3138,5.44850397523821,108.33,3.8,29.84,0.13699999999999998,20.45,0.46978279291735414,26.3439,108.33,3.8,26.3439,0.46978279291735414,29.84,0.13699999999999998,20.45,60.28985507246377,58.06827768911243,74.49275362318842,62.791023842917255,44.86373165618449,62.867512480318986,0.658695652173913,0.6173913043478261,0.7869565217391304,0.6217391304347826,B-,B-,B,B-,valmontindustriesinc,0.0,0.8181818181818182,0.734375,11.0,0.0,0.0,0.0,0.49056603773584906,C,62.35388564593744,73.4375,44.0625,58.69560851674996,False,False,44.86373165618449
WLY,John Wiley & Sons Inc,Communication Services,Publishing,47.55,12.2117,1.4526,11.9165,2.850787788675987,110.82,-0.27,25.28,0.1478,11.68,0.6594449929308321,21.1917,110.82,-0.27,21.1917,0.6594449929308321,25.28,0.1478,11.68,64.43812233285918,54.77220077220077,64.91228070175438,76.05576102418208,44.44444444444445,63.50319311792996,0.6842105263157895,0.5789473684210527,0.7368421052631579,0.7631578947368421,B-,C+,B,B,johnwileysonsinc,0.0,0.8,0.675,5.0,0.0,0.0,0.0,0.4166666666666667,C,62.9476375623744,67.5,40.5,58.458110049899524,False,False,44.44444444444445
CXW,CoreCivic Inc,Industrials,Diversified Support Services,32.13,25.2064,1.2979,11.6831,2.2875979865150624,33.31,24.35,8.959999999999999,0.09880000000000001,4.77,0.7876021143680925,59.5172,33.31,24.35,59.5172,0.7876021143680925,8.959999999999999,0.09880000000000001,4.77,66.37681159420289,86.24503272557271,30.8695652173913,90.08152173913044,21.698113207547173,64.57690509583918,0.7521739130434782,0.9391304347826087,0.24782608695652175,0.9260869565217391,B,A,D+,A-,corecivicinc,-0.01388888888888884,0.875,0.7500000000000001,8.0,0.0,0.0,-0.01388888888888884,0.18867924528301888,D,61.7467164165939,75.00000000000001,45.00000000000001,58.397373133275124,False,False,21.698113207547173
IOSP,Innospec Inc,Materials,Specialty Chemicals,98.72,19.6906,1.2987,12.5717,1.8445372027757743,549.32,2.87,9.15,0.07,9.15,1.0,23.2443,451.37449999999995,2.87,23.2443,0.827452802210118,9.15,0.07,9.15,61.76470588235295,71.9607843137255,48.03921568627451,78.0672268907563,39.58333333333333,62.45658263305322,0.7352941176470589,0.8088235294117647,0.4411764705882353,0.8088235294117647,B,B+,C,B+,innospecinc,0.0,0.8888888888888888,0.7678571428571428,9.0,0.0,0.0,0.0,0.3125,C-,61.41491596638656,76.78571428571428,46.07142857142856,58.346218487394964,False,False,39.58333333333333
WCC,Wesco International Inc,Industrials,Trading Companies & Distributors,367.44,25.3541,0.7087,14.8668,3.5533446543167373,6.03,12.51,13.84,0.053399999999999996,6.4399999999999995,0.9014677702191407,73.9673,6.03,12.51,69.52242999999993,0.8723212715732392,13.84,0.053399999999999996,6.4399999999999995,64.92753623188405,54.79986197377502,31.59420289855073,98.40579710144928,61.77194421657095,59.77156659765356,0.7217391304347827,0.5565217391304348,0.2565217391304348,0.9956521739130435,B,C+,D+,A+,wescointernationalinc,0.009523809523809601,0.8666666666666667,0.7875000000000001,15.0,0.0,0.0,0.009523809523809601,0.6226415094339622,B-,60.94876101931065,78.75000000000001,47.25000000000001,58.20900881544853,False,False,31.59420289855073
KEX,Kirby Corp,Industrials,Marine Transportation,128.88,19.22,1.9566,10.267,2.049986718351103,23.27,6.56,10.45,0.1401,8.08,0.6314442880900601,56.1908,23.27,6.56,56.1908,0.6314442880900601,10.45,0.1401,8.08,69.13043478260869,60.3425559947299,44.34782608695652,81.38339920948616,41.42367066895369,61.714756258234516,0.7869565217391304,0.6478260869565218,0.40652173913043477,0.8347826086956521,B,B-,C,B+,kirbycorp,0.0,0.9,0.7833333333333333,10.0,0.0,0.0,0.0,0.3113207547169811,C-,60.85712332512988,78.33333333333333,46.99999999999999,58.08569866010391,False,False,41.42367066895369
PLXS,Plexus Corp,Information Technology,Electronic Manufacturing Services,263.09,38.6874,1.5605,23.2269,4.852358029473062,15.43,14.2,12.46,0.050199999999999995,10.97,0.7487859224133004,82.0276,15.43,14.2,82.0276,0.7487859224133004,12.46,0.050199999999999995,10.97,65.92795257637938,50.742538394668216,42.63565891472869,72.84140584018185,98.91304347826087,56.85769171974703,0.7151162790697675,0.5232558139534884,0.4011627906976744,0.7965116279069767,B,C+,C,B,plexuscorp,0.10256410256410264,0.7692307692307693,0.7083333333333334,13.0,0.0,0.0,0.09512820512820508,0.975,A+,61.74899606757312,70.83333333333334,42.50000000000001,57.899196854058495,False,False,42.63565891472869
AMZN,Amazon.com Inc,Consumer Discretionary,Broadline Retail,249.67,19.7958,3.4525,16.3109,6.517726849108371,89.71,15.77,30.5,0.1208,24.19,0.5884868421052631,13.2464,89.71,15.77,13.2464,0.5884868421052631,30.5,0.1208,24.19,21.7479674796748,93.93505460780537,66.34869569554591,76.92307692307692,34.83709273182958,61.19579209998164,0.11585365853658537,0.9634146341463414,0.7012195121951219,0.75,D,A,B,B,amazoncominc,-0.0017780938833570348,0.9324324324324325,0.9082278481012658,74.0,90.0,84.89281911636292,-0.0017780938833570348,0.3157894736842105,C-,59.6795013731646,90.82278481012658,88.45079853262112,57.773222954707904,True,False,21.7479674796748
FCX,Freeport-McMoRan Inc,Materials,Copper,72.31,35.1203,3.9983,11.9884,5.494305100714997,53.11,-24.23,15.260000000000002,0.2676,10.27,0.8241295187402974,91.3459,53.11,-16.732,78.52798499999999,0.8241295187402974,15.260000000000002,0.2676,10.27,40.19607843137255,39.845938375350144,77.45098039215686,96.49859943977592,40.476190476190474,61.680672268907564,0.4411764705882353,0.27941176470588236,0.8529411764705882,1.0,C,D+,B+,A+,freeportmcmoraninc,0.0,0.8,0.7642857142857142,30.0,0.0,0.0,0.0,0.5,C,60.72829131652661,76.42857142857142,45.85714285714285,57.75406162464986,False,False,39.845938375350144
SHOO,Steven Madden Ltd,Consumer Discretionary,Footwear,45.06,22.6073,1.1818,15.4189,3.7796940008052613,56.95,18.15,16.05,0.075,12.709999999999999,0.7474142623843223,34.7654,56.95,18.144,34.7654,0.7474142623843223,16.05,0.075,12.709999999999999,33.333333333333336,91.65758089700103,46.345204249588505,89.53252032520327,64.91228070175438,61.157654640171316,0.29878048780487804,0.9512195121951219,0.4268292682926829,0.9024390243902439,D+,A,C,A-,stevenmaddenltd,0.012499999999999956,0.8125,0.75,16.0,0.0,0.0,0.012499999999999956,0.631578947368421,B-,62.648882710346754,75.0,45.0,57.60508027860201,True,False,33.333333333333336
UNP,Union Pacific Corp,Industrials,Rail Transportation,273.79,22.1198,6.3809,15.0466,8.795420303449871,7.27,4.17,38.65,0.4003,14.63,0.5799323113677087,18.9746,7.27,4.17,18.9746,0.5799323113677087,38.65,0.30740999999999946,14.63,41.30434782608696,44.822516278092834,85.72463768115942,64.34782608695652,84.56260720411665,58.591314849821465,0.3782608695652174,0.3739130434782609,0.941304347826087,0.6391304347826087,C-,C-,A,B-,unionpacificcorp,0.022246941045606206,0.6774193548387096,0.6597222222222223,31.0,0.0,0.0,0.022246941045606206,0.8301886792452831,B+,62.04757557023313,65.97222222222223,39.583333333333336,57.55472712285318,False,False,41.30434782608696
VLY,Valley National Bancorp,Financials,Regional Banks,13.08,10.3979,2.27179,,0.9324873458330364,48.82,77.66814,8.88,0.4257981,8.14,0.6187050359712231,20.4461,48.82,77.66814,20.4461,0.6187050359712231,8.88,0.4257981,8.14,84.4298245614035,85.96817215968173,22.807017543859647,66.85560053981106,36.36363636363637,62.373965066214346,0.9473684210526315,0.9736842105263158,0.22807017543859648,0.6754385964912281,A,A+,D+,B-,valleynationalbancorp,-0.011695906432748537,0.7777777777777778,0.7282608695652174,18.0,0.0,0.0,-0.011695906432748537,0.3333333333333333,C-,61.01032870257798,72.82608695652173,43.69565217391304,57.547393396844996,False,False,22.807017543859647
ULTA,Ulta Beauty Inc,Consumer Discretionary,Other Specialty Retail,545.2,19.2959,1.8022,12.1628,8.58916775501652,5.21,11.16,45.4,0.1246,41.160000000000004,0.3743965803146996,2.4589,5.21,11.16,2.4589,0.3743965803146996,45.4,0.1246,41.160000000000004,37.804878048780495,66.66633015667904,77.38291186592848,71.95121951219511,44.86215538847118,61.520457412452075,0.38414634146341464,0.7378048780487805,0.8353658536585366,0.7134146341463414,C-,B,B+,B,ultabeautyinc,0.0,0.7352941176470589,0.7115384615384616,34.0,0.0,0.0,0.0,0.47368421052631576,C,61.006672951299194,71.15384615384616,42.69230769230769,57.3437998995009,False,False,37.804878048780495
PHIN,Phinia Inc,Consumer Discretionary,Automotive Retail,62.04,16.2673,0.6109,7.4479,1.482203523458666,34.56,7.06,8.62,0.0701,5.28,0.31115107913669054,3.5233,34.56,7.06,3.5233,0.31115107913669054,8.62,0.0701,5.28,68.29268292682927,71.05760734272712,31.216020749164546,70.17216642754661,74.93734335839599,58.123130673053204,0.7560975609756098,0.7804878048780488,0.27439024390243905,0.7073170731707317,B,B,D+,B,phiniainc,0.018181818181818188,0.8181818181818182,0.734375,11.0,0.0,0.0,0.018181818181818188,0.7894736842105263,B,60.6168650088928,73.4375,44.0625,57.30599200711424,False,False,31.216020749164546
WOR,"Worthington Enterprises, Inc",Industrials,Building Products,62.24,18.3685,2.1129,23.2748,2.950364292249131,54.64,18.44,16.189999999999998,0.056299999999999996,12.42,0.7649278579356273,13.2107,54.64,18.44,13.2107,0.7649278579356273,16.189999999999998,0.056299999999999996,12.42,47.53623188405797,89.62174347143929,45.36231884057971,79.70307529162247,42.743105950653124,62.089601433771776,0.47391304347826085,0.9739130434782609,0.43043478260869567,0.8130434782608695,C,A+,C,B+,worthingtonenterprisesinc,0.0,0.75,0.6730769230769231,8.0,0.0,0.0,0.0,0.3584905660377358,C-,61.36391202883709,67.3076923076923,40.38461538461538,57.16805269999276,False,False,42.743105950653124
GEV,GE Vernova Inc,Industrials,Heavy Electrical Equipment,957.63,26.696,6.1487,34.5754,23.09083412301705,744.44,12.98,83.39,0.15439999999999998,74.29,0.642058938388056,51.8419,172.17599999999996,12.98,51.8419,0.642058938388056,68.73749999999994,0.15439999999999998,28.302999999999987,20.434782608695652,88.03249890206412,86.01449275362319,85.37549407114625,62.264150943396224,66.29391743522179,0.11739130434782609,0.9565217391304348,0.9478260869565217,0.8782608695652174,D,A,A,B+,gevernovainc,0.004065040650406582,0.8333333333333334,0.8031914893617021,42.0,6.25,12.3001502641783,0.004065040650406582,0.6415094339622641,B-,67.52033252956141,80.31914893617021,53.11154946737344,57.12082850067573,True,False,20.434782608695652
LLY,Eli Lilly and Co,Health Care,Pharmaceuticals,1183.46,41.4869,13.9102,32.2997,42.13805798763054,94.62,49.58,92.58,0.42219999999999996,35.77,0.8119359283499827,59.3166,94.62,45.09250000000003,59.3166,0.8119359283499827,92.58,0.39204500000000014,29.413,25.132666913488823,88.46903238226355,96.62162162162163,78.76071193144364,31.868131868131865,68.88452099651904,0.16891891891891891,0.9594594594594594,1.0,0.8513513513513513,D,A,A+,B+,elilillyandco,-0.005398110661268496,0.7894736842105263,0.7616279069767442,38.0,0.0,0.0,-0.005398110661268496,0.3142857142857143,C-,67.07133418333223,76.16279069767442,45.697674418604656,57.11096392033819,True,False,25.132666913488823
ESE,ESCO Technologies Inc,Industrials,Industrial Machinery & Supplies & Components,268.09,22.0626,5.3812,24.8421,4.49393187608958,173.22,16.55,19.97,0.1542,18.17,0.4416810114560455,23.3046,172.17599999999996,16.55,23.3046,0.4416810114560455,19.97,0.1542,18.17,31.304347826086953,92.24507369970928,68.98550724637681,58.541374474053285,87.91055206149545,60.229753402868454,0.23043478260869565,0.991304347826087,0.7217391304347827,0.5608695652173913,D+,A+,B,C+,escotechnologiesinc,0.031746031746031744,0.8888888888888888,0.7678571428571428,9.0,0.0,0.0,0.031746031746031744,0.8867924528301887,B+,64.020808609018,76.78571428571428,46.07142857142856,56.818213804671316,True,False,31.304347826086953
SHC,Sotera Health Co,Health Care,Health Care Services,18.34,32.015,4.3035,17.3875,8.605884285110976,579.33,8.15,26.75,0.32630000000000003,5.74,0.776627218934911,17.5908,295.8379999999996,8.15,17.5908,0.776627218934911,26.75,0.32630000000000003,5.74,49.14229297790941,71.18256056309154,71.62162162162161,53.60810810810811,46.82539682539682,60.14911238412269,0.5067567567567568,0.8108108108108109,0.722972972972973,0.5337837837837838,C+,B+,B,C+,soterahealthco,0.0,0.8,0.7375,15.0,0.0,0.0,0.0,0.44285714285714284,C,59.83165206666237,73.75,44.25,56.7153216533299,False,False,46.82539682539682
ENSG,Ensign Group Inc,Health Care,Health Care Facilities,175.18,26.8001,1.8498,17.2296,4.559402629243371,15.73,18.89,16.54,0.0852,15.58,0.4396754776236587,5.2171,15.73,18.89,5.2171,0.4396754776236587,16.54,0.0852,15.58,63.78810317166482,62.391937253090745,61.26126126126126,38.5945945945946,80.95238095238095,56.4596474777686,0.6824324324324325,0.6756756756756757,0.5945945945945946,0.34459459459459457,B-,B-,C+,C-,ensigngroupinc,0.015151515151515138,0.8333333333333334,0.75,12.0,0.0,0.0,0.015151515151515138,0.7857142857142857,B,59.55488557300669,75.0,45.0,56.643908458405356,False,False,38.5945945945946
URI,United Rentals Inc,Industrials,Trading Companies & Distributors,1047.06,24.6629,3.8653,16.962,7.366777666223184,7.67,6.88,29.18,0.25079999999999997,11.39,0.723361041897862,9.1784,7.67,6.88,9.1784,0.723361041897862,29.18,0.25079999999999997,11.39,40.28985507246376,44.097653554175295,76.81159420289856,61.85507246376812,91.79655455291223,55.46590752242926,0.3739130434782609,0.36086956521739133,0.8195652173913044,0.6043478260869565,C-,C-,B+,B-,unitedrentalsinc,0.03703703703703709,0.7777777777777778,0.7421875,27.0,0.0,0.0,0.03703703703703709,0.9056603773584906,A-,59.64556297772049,74.21875,44.53125,56.62270038217639,False,False,40.28985507246376
MOG-A,Moog Inc,Industrials,Aerospace & Defense,387.8,31.4169,2.8688,25.0216,6.508294803265895,86.78,15.72,18.58,0.1056,11.77,0.7620071581191167,89.7714,86.78,15.72,69.52242999999993,0.7620071581191167,18.58,0.1056,11.77,29.855072463768114,78.12456866804693,56.08695652173913,95.1656314699793,75.38966365873667,61.143547273982065,0.2217391304347826,0.8869565217391304,0.5652173913043478,0.9869565217391304,D+,B+,C+,A+,mooginc,0.012820512820512775,0.8461538461538461,0.7638888888888888,13.0,0.0,0.0,0.012820512820512775,0.7358490566037735,B,63.682513639855735,76.38888888888889,45.83333333333333,56.25762542949199,True,False,29.855072463768114
AVNT,Avient Corp,Materials,Specialty Chemicals,41.28,22.2717,1.1365,10.3568,1.5926417482021051,43.14,2.36,7.090000000000001,0.09449999999999999,3.93,0.7202505219206681,20.9013,43.14,2.36,20.9013,0.7202505219206681,7.090000000000001,0.09449999999999999,3.93,63.72549019607843,56.008403361344534,40.19607843137255,67.47899159663865,84.375,55.67787114845938,0.75,0.6029411764705882,0.34558823529411764,0.6911764705882353,B,B-,C-,B-,avientcorp,0.014285714285714346,0.8,0.7375,15.0,0.0,0.0,0.014285714285714346,0.8125,B+,59.11537114845938,73.75,44.25,56.14229691876751,False,False,40.19607843137255
C,Citigroup Inc,Financials,Diversified Banks,134.28,12.6567,1.09533,,1.105372598152444,35.24,99.23775,8.41,0.2301502,1.87,0.7480662983425413,28.0874,35.24,85.74899399999997,28.0874,0.7480662983425413,8.41,0.2301502,1.87,66.44736842105263,85.74271379446417,20.175438596491226,86.80961663417804,25.428194993412383,61.16616784011441,0.7192982456140351,0.9692982456140351,0.20175438596491227,0.9078947368421053,B,A,D+,A-,citigroupinc,-0.0357142857142857,0.7857142857142857,0.75,28.0,0.0,0.0,-0.0357142857142857,0.24242424242424243,D+,58.708987339455646,75.0,45.0,55.96718987156452,False,False,20.175438596491226
ZBRA,Zebra Technologies Corp,Information Technology,Electronic Equipment & Instruments,370.04,31.8774,2.9386,19.8525,5.114652586766922,3.28,12.66,15.14,0.1467,8.86,0.9135057164226947,18.3545,3.28,12.66,18.3545,0.9135057164226947,15.14,0.1467,8.86,66.15823073415413,46.62403777664487,52.519379844961236,71.22946902139068,56.81818181818181,58.240104004385955,0.7267441860465116,0.4476744186046512,0.5406976744186046,0.7558139534883721,B,C,C+,B,zebratechnologiescorp,0.029230769230769282,0.76,0.7250000000000001,25.0,0.0,0.0,0.029230769230769282,0.575,C+,58.921922186204135,72.50000000000001,43.50000000000001,55.837537748963314,False,False,46.62403777664487
COP,ConocoPhillips,Energy,Oil & Gas Exploration & Production,127.3,16.5148,2.4199,6.5222,2.4185336048879837,1.31,9.6,14.32,0.22510000000000002,10.52,0.7445138269402318,35.2504,1.31,9.6,35.2504,0.7445138269402318,14.32,0.22510000000000002,10.52,51.041666666666664,43.11650393160491,59.635416666666664,70.9090909090909,84.52380952380952,55.47438980147249,0.5078125,0.328125,0.5625,0.6875,C+,C-,C+,B-,conocophillips,0.08568548387096775,0.7419354838709677,0.7152777777777779,31.0,0.0,0.0,0.08568548387096775,0.8333333333333334,B+,58.92677075385345,71.52777777777779,42.91666666666667,55.724749936416096,False,False,43.11650393160491
ACAD,ACADIA Pharmaceuticals Inc,Health Care,Pharmaceuticals,20.68,9.8746,3.2996,38.5383,2.8695121274352,96.46,47.0,32.39,0.0759,32.39,0.08784383318544796,7.7542,96.46,45.09250000000003,7.7542,0.08784383318544796,32.39,0.0759,29.413,54.60631864741455,90.05956096394257,73.76126126126125,29.69017798286091,50.54945054945055,61.04184276652965,0.581081081081081,0.9864864864864865,0.7635135135135135,0.22297297297297297,C+,A+,B,D+,acadiapharmaceuticalsinc,0.0,0.7777777777777778,0.7421875,27.0,0.0,0.0,0.0,0.5142857142857142,C+,61.096787821474706,74.21875,44.53125,55.55822770673433,False,True,29.69017798286091
XPEL,Xpel Inc,Consumer Discretionary,Automotive Parts & Equipment,43.48,20.9652,2.2585,15.349,4.282225023636936,12.87,13.19,19.15,0.13470000000000001,18.43,0.49078246620237603,34.6983,12.87,13.19,34.6983,0.49078246620237603,19.15,0.13470000000000001,18.43,26.829268292682926,74.22956038335217,61.223751808070226,83.76524390243902,100.0,58.61221588234653,0.1951219512195122,0.8292682926829268,0.6158536585365854,0.8414634146341463,D,B+,B-,B+,xpelinc,0.11111111111111105,0.8888888888888888,0.7678571428571428,9.0,0.0,0.0,0.07632850241545884,1.0,A+,63.61221588234653,76.78571428571428,46.07142857142856,55.4496587742113,True,False,26.829268292682926
GL,Globe Life Inc,Financials,Life & Health Insurance,167.04,10.6091,2.0769,9.4969,2.2113197755849328,20.3,5.24,20.28,0.2644,13.87,0.6152276295133436,15.1484,20.3,5.24,15.1484,0.6152276295133436,20.28,0.2644,13.87,55.04385964912281,32.95723474247557,75.87719298245614,60.05659309564233,63.924963924963926,56.33302872551832,0.543859649122807,0.2543859649122807,0.7587719298245614,0.631578947368421,C+,D+,B,B-,globelifeinc,0.0,0.782608695652174,0.7410714285714286,23.0,0.0,0.0,0.0,0.7878787878787878,B,57.72552511801471,74.10714285714286,44.464285714285715,55.07327723726892,False,False,32.95723474247557
KFY,Korn Ferry,Industrials,Human Resource & Employment Services,71.73,13.9378,1.3051,7.2403,1.8263340411555327,12.84,6.94,14.14,0.1288,11.76,0.4474789915966387,0.4184,12.84,6.94,0.4184,0.4474789915966387,14.14,0.1288,11.76,84.49275362318842,52.155996177735304,52.753623188405804,45.24844720496894,45.96912521440824,58.792482879439405,0.9130434782608695,0.48695652173913045,0.5130434782608696,0.4217391304347826,A-,C,C+,C,kornferry,0.0,0.7777777777777778,0.6964285714285714,9.0,0.0,0.0,0.0,0.5283018867924528,C+,58.389395400880225,69.64285714285714,41.785714285714285,55.06865917784704,False,False,45.24844720496894
GATX,GATX Corp,Industrials,Construction Machinery & Heavy Transportation Equipment,183.73,17.9482,3.2195,15.7993,2.364677461494999,15.6,22.81,13.350000000000001,0.2897,2.5700000000000003,0.6040986579615523,5.7006,15.6,22.81,5.7006,0.6040986579615523,13.350000000000001,0.2897,2.5700000000000003,51.88405797101449,76.20406968233056,50.57971014492753,59.78919631093544,45.96912521440824,57.814595227638705,0.5717391304347826,0.8739130434782608,0.49130434782608695,0.5739130434782609,C+,B+,C,C+,gatxcorp,0.0,0.8181818181818182,0.734375,11.0,0.0,0.0,0.0,0.5283018867924528,C+,57.411507749079526,73.4375,44.0625,54.741706199263625,False,False,45.96912521440824
ADUS,Addus Homecare Corp,Health Care,Health Care Services,113.19,19.9394,1.4222,12.5002,1.9313063063063063,25.89,15.88,9.569999999999999,0.10039999999999999,8.73,0.6916963551657989,0.2267,25.89,15.88,0.2267,0.6916963551657989,9.569999999999999,0.10039999999999999,8.73,76.48710354189807,62.09314244712474,50.0,38.44594594594595,46.82539682539682,56.72959356408866,0.831081081081081,0.668918918918919,0.47297297297297297,0.33783783783783783,B+,B-,C,C-,addushomecarecorp,0.0,0.85,0.79,20.0,0.0,0.0,0.0,0.44285714285714284,C,56.41213324662834,79.0,47.4,54.609706597302676,False,False,38.44594594594595
TTMI,TTM Technologies Inc,Information Technology,Electronic Manufacturing Services,129.17,58.1788,4.0126,39.1122,7.577508579473791,145.74,28.41,13.089999999999998,0.1007,8.59,0.45200879935162663,134.4968,145.74,28.41,134.4968,0.45200879935162663,13.089999999999998,0.1007,8.59,42.39170086639307,88.52868733700376,44.67054263565891,68.22229993588623,31.521739130434785,58.115758330091,0.3953488372093023,0.9534883720930233,0.436046511627907,0.7093023255813954,C-,A,C,B,ttmtechnologiesinc,0.0,0.9090909090909091,0.796875,11.0,0.0,0.0,0.0,0.275,D+,56.267932243134474,79.6875,47.8125,54.576845794507584,False,False,31.521739130434785
VCYT,Veracyte Inc,Health Care,Health Care Services,45.43,34.0851,6.9446,31.4013,2.7530163193329256,323.93,17.28,8.64,0.1957,8.64,0.5078683834048642,48.5312,295.8379999999996,17.28,48.5312,0.5078683834048642,8.64,0.1957,8.64,32.79649512526225,85.77715515768614,56.306306306306304,54.986486486486484,73.01587301587301,55.42842868672666,0.2972972972972973,0.9256756756756757,0.5405405405405406,0.5540540540540541,D+,A-,C+,C+,veracyteinc,0.00877192982456132,0.8421052631578947,0.78125,19.0,0.0,0.0,0.00877192982456132,0.7142857142857143,B,57.730015988313966,78.125,46.875,54.0949577238705,True,False,32.79649512526225
USFD,US Foods Holding Corp,Consumer Staples,Food Distributors,93.33,27.9774,0.5075,14.8308,4.778092346758545,39.02,3.83,16.75,0.031400000000000004,7.539999999999999,0.5645685401372006,21.5757,39.02,3.83,21.5757,0.5645685401372006,16.75,0.031400000000000004,7.539999999999999,56.80751173708921,69.04875406283858,41.78403755868544,74.87323943661971,30.434782608695656,58.43228602383532,0.6549295774647887,0.7746478873239436,0.36619718309859156,0.7464788732394366,B-,B,C-,B,usfoodsholdingcorp,-0.05335968379446643,0.7727272727272727,0.7314814814814814,22.0,0.0,0.0,-0.05335968379446643,0.25,D+,56.47576428470488,73.14814814814814,43.88888888888888,53.958389205541685,False,False,30.434782608695656
A,Agilent Technologies Inc,Health Care,Life Sciences Tools & Services,172.79,33.6592,6.5748,26.5237,7.255450300648325,18.74,8.6,20.47,0.2223,13.669999999999998,1.0,31.2689,18.74,8.6,31.2689,0.982600421621416,20.47,0.2223,13.669999999999998,35.755275823768976,60.20877273089663,75.45045045045045,72.0884520884521,22.72727272727273,59.260876532424604,0.34459459459459457,0.6621621621621622,0.7837837837837838,0.7162162162162162,C-,B-,B,B,agilenttechnologiesinc,-0.01904761904761898,0.7666666666666667,0.7357142857142858,30.0,0.0,0.0,-0.01904761904761898,0.2,D,56.53360380515188,73.57142857142858,44.142857142857146,53.90935864979377,True,False,22.72727272727273
SXI,Standex International Corp,Industrials,Industrial Machinery & Supplies & Components,280.17,33.1178,3.8865,17.5846,4.49440545418087,86.72,12.85,14.35,0.21710000000000002,8.39,0.4897921872143337,38.0945,86.72,12.85,38.0945,0.4897921872143337,14.35,0.21710000000000002,8.39,30.72463768115942,82.3389380578528,58.550724637681164,71.36044880785414,69.53179594689028,58.05871795285154,0.22608695652173913,0.9260869565217391,0.6,0.7391304347826086,D+,A-,C+,B,standexinternationalcorp,0.011111111111111183,0.9,0.7833333333333333,10.0,0.0,0.0,0.011111111111111183,0.6792452830188679,B-,60.01189754754057,78.33333333333333,46.99999999999999,53.8526239856761,True,False,30.72463768115942
AIT,Applied Industrial Technologies Inc,Industrials,Trading Companies & Distributors,333.39,29.5639,2.4674,21.5352,6.590259012459403,8.18,8.84,22.17,0.1106,17.919999999999998,0.6965411109482631,28.0102,8.18,8.84,28.0102,0.6965411109482631,22.17,0.1106,17.919999999999998,35.94202898550725,52.27053140096618,65.65217391304348,70.28985507246378,75.96390484003282,54.910628019323674,0.31521739130434784,0.4956521739130435,0.6760869565217391,0.7304347826086957,C-,C,B-,B,appliedindustrialtechnologiesinc,0.019230769230769273,0.7692307692307693,0.7083333333333334,13.0,0.0,0.0,0.019230769230769273,0.7547169811320755,B,57.50701850332696,70.83333333333334,42.50000000000001,53.55769106696311,True,False,35.94202898550725
BAC,Bank of America Corp,Financials,Diversified Banks,56.7,11.6496,2.32875,,1.3485775717517001,25.82,99.36713,11.129999999999999,0.3273721,3.3000000000000003,0.5537817325307515,8.3752,25.82,85.74899399999997,8.3752,0.5537817325307515,11.129999999999999,0.3273721,3.3000000000000003,62.719298245614034,79.15553300637013,39.91228070175439,53.22936972059779,32.41106719367588,57.13487528223569,0.6447368421052632,0.9254385964912281,0.3991228070175439,0.5657894736842105,B-,A-,C-,C+,bankofamericacorp,-0.03448275862068961,0.7931034482758621,0.7573529411764707,29.0,0.0,0.0,-0.03448275862068961,0.2727272727272727,D+,55.375982001603276,75.73529411764707,45.44117647058824,53.38902089540028,False,False,32.41106719367588
RGLD,Royal Gold Inc,Materials,Gold,252.49,28.8573,13.7652,17.2037,2.980988216070583,34.26,93.51,11.55,0.6142,10.459999999999999,0.6086481764577419,33.2682,34.26,35.85249999999999,33.2682,0.6086481764577419,11.55,0.44227999999999995,10.459999999999999,28.431372549019603,78.54278074866309,76.22549019607843,68.98395721925132,67.04545454545455,60.66956327985739,0.14705882352941177,0.8823529411764706,0.8235294117647058,0.7058823529411765,D,B+,B+,B,royalgoldinc,0.00952380952380949,0.8095238095238095,0.7596153846153846,21.0,0.0,0.0,0.00952380952380949,0.6875,B-,62.374108734402846,75.96153846153845,45.57692307692307,53.02641816084723,True,False,28.431372549019603
PLUS,ePlus inc,Information Technology,Technology Distributors,90.51,19.1233,0.9756,10.0229,2.2267435566883496,6.85,13.54,11.78,0.0688,11.78,0.735894773277951,27.1586,6.85,13.54,27.1586,0.735894773277951,11.78,0.0688,11.78,88.53397172822616,42.599971022891914,44.37984496124031,49.79600163198694,35.22727272727273,56.707648703342386,0.936046511627907,0.38953488372093026,0.42151162790697677,0.436046511627907,A,C-,C,C,eplusinc,0.0,0.8571428571428571,0.7291666666666667,7.0,0.0,0.0,0.0,0.3625,C-,55.23037597606966,72.91666666666667,43.75,52.93430078085573,False,False,35.22727272727273
PNC,PNC Financial Services Group Inc,Financials,Diversified Banks,225.64,11.7429,2.34179,,1.454040239358583,22.76,72.26733,12.34,0.345423,7.13,0.5940545808966862,9.4375,22.76,72.26733,9.4375,0.5940545808966862,12.34,0.345423,7.13,58.114035087719294,65.49354529567618,48.68421052631579,59.40220922677063,42.028985507246375,56.67871230799813,0.5964912280701754,0.7763157894736842,0.4868421052631579,0.6271929824561403,C+,B,C,B-,pncfinancialservicesgroupinc,-0.027065527065527006,0.7037037037037037,0.6796875,27.0,0.0,0.0,-0.027065527065527006,0.36363636363636365,C-,55.88161085872277,67.96875,40.78125,52.86153868697822,False,False,42.028985507246375
PLMR,Palomar Holdings Inc,Financials,Property & Casualty Insurance,123.99,16.1604,3.0317,14.3754,3.488264139159204,30.94,60.67,21.61,0.2408,18.66,0.49519225633893665,7.3485,30.94,60.67,7.3485,0.49519225633893665,21.61,0.2408,18.66,28.289473684210527,72.55076660355644,78.94736842105263,57.27856225930681,60.54018445322793,57.775076298888436,0.23684210526315788,0.8771929824561403,0.7894736842105263,0.5964912280701754,D+,B+,B,C+,palomarholdingsinc,0.0,0.8,0.7375,15.0,0.0,0.0,0.0,0.4090909090909091,C,58.82909474421123,73.75,44.25,52.7497615069468,True,False,28.289473684210527
AR,Antero Resources Corp,Energy,Oil & Gas Exploration & Production,35.0,10.2382,1.8099,5.9977,1.4300248007158294,153.24,25.76,13.86,0.2409,11.04,0.3543543543543543,6.3974,153.24,25.76,6.3974,0.3543543543543543,13.86,0.2409,11.04,66.14583333333333,85.37398348540484,62.5,25.284090909090907,36.904761904761905,59.29307321223248,0.796875,0.953125,0.6171875,0.203125,B,A,B-,D+,anteroresourcescorp,0.007936507936507908,0.7857142857142857,0.75,28.0,0.0,0.0,0.007936507936507908,0.3333333333333333,C-,57.98354940270867,75.0,45.0,52.70403948281197,False,True,25.284090909090907
CSCO,Cisco Systems Inc,Information Technology,Communications Equipment,106.7,31.7083,6.6431,27.2039,8.373027394787849,30.78,11.77,27.389999999999997,0.2427,16.97,0.627639421231174,57.5807,30.78,11.77,57.5807,0.627639421231174,27.389999999999997,0.2427,16.97,49.42316461468308,53.13136445737278,73.06201550387595,61.39414884680923,22.916666666666664,58.526397690476166,0.5174418604651163,0.5465116279069767,0.7383720930232558,0.5872093023255814,C+,C+,B,C+,ciscosystemsinc,-0.011255411255411296,0.6857142857142857,0.66875,35.0,0.0,0.0,-0.011255411255411296,0.2,D,55.81806435714283,66.875,40.125,52.67945148571427,False,False,22.916666666666664
PLAB,Photronics Inc,Information Technology,Semiconductor Materials & Equipment,30.4,10.8106,2.0589,4.5305,1.492896464683668,60.21,1.25,13.459999999999999,0.22460000000000002,13.44,0.2878998609179415,21.3268,60.21,1.25,21.3268,0.2878998609179415,13.459999999999999,0.22460000000000002,13.44,91.85134518923849,44.49248543942683,62.69379844961241,25.986104985654038,44.00000000000001,57.7320039947289,0.9534883720930233,0.4069767441860465,0.6627906976744186,0.20348837209302326,A,C,B-,D+,photronicsinc,0.011111111111111183,0.9,0.7833333333333333,10.0,0.0,0.0,0.011111111111111183,0.425,C,57.1320039947289,78.33333333333333,46.99999999999999,52.44643746017265,False,True,25.986104985654038
NTCT,Netscout Systems Inc,Information Technology,Communications Equipment,39.44,23.6541,3.242,13.2053,1.708986913944016,63.1,5.79,7.42,0.1482,7.42,0.7091633466135456,51.6029,63.1,5.79,51.6029,0.7091633466135456,7.42,0.1482,7.42,74.15640674874602,49.987656809943665,40.89147286821706,63.27597379220966,34.375,56.41469602467144,0.8023255813953488,0.5,0.36627906976744184,0.6046511627906976,B+,C,C-,B-,netscoutsystemsinc,0.0,0.7777777777777778,0.6964285714285714,9.0,0.0,0.0,0.0,0.3,D+,54.85219602467144,69.64285714285714,41.785714285714285,52.23889967688001,False,False,34.375
MLKN,MillerKnoll Inc,Industrials,Office Services & Supplies,20.06,14.059,0.3613,8.09,1.0186877919967499,33.57,1.2,7.340000000000001,0.0516,3.71,0.5749542961608773,17.3939,33.57,1.2,17.3939,0.5749542961608773,7.340000000000001,0.0516,3.71,92.7536231884058,50.49461166852471,20.144927536231886,62.34113712374581,43.696397941680964,55.79178743961353,0.9782608695652174,0.45652173913043476,0.15434782608695652,0.6173913043478261,A+,C,D,B-,millerknollinc,0.0,0.75,0.6730769230769231,8.0,0.0,0.0,0.0,0.44339622641509435,C,55.16142723378162,67.3076923076923,40.38461538461538,52.206064863948384,False,False,20.144927536231886
CSX,CSX Corp,Industrials,Rail Transportation,46.78,26.9307,5.9811,15.8328,6.614257840115375,6.36,2.52,24.07,0.34149999999999997,9.969999999999999,0.6640394088669951,38.509,6.36,2.52,38.509,0.6640394088669951,24.07,0.30740999999999946,9.969999999999999,33.6231884057971,33.67989918084436,74.1304347826087,82.45746691871454,78.30188679245282,55.165879017013225,0.26304347826086955,0.21739130434782608,0.7782608695652173,0.8478260869565217,D+,D+,B,B+,csxcorp,0.021428571428571352,0.7,0.6785714285714286,30.0,0.0,0.0,0.021428571428571352,0.7735849056603774,B,57.99606769625851,67.85714285714286,40.714285714285715,52.168419504217695,True,False,33.6231884057971
AVY,Avery Dennison Corp,Materials,Paper & Plastic Packaging Products & Materials,170.34,18.2186,1.3886,14.0289,5.840642422663092,2.32,5.84,31.069999999999997,0.1026,11.72,0.3803056027164689,5.7188,2.32,5.84,5.7188,0.3803056027164689,31.069999999999997,0.1026,11.72,56.372549019607845,46.5,76.47058823529412,41.64705882352941,40.476190476190474,55.840196078431376,0.6323529411764706,0.39705882352941174,0.8382352941176471,0.38235294117647056,B-,C-,B+,C-,averydennisoncorp,0.0,0.7058823529411765,0.6704545454545455,17.0,0.0,0.0,0.0,0.5,C,54.88781512605043,67.04545454545455,40.22727272727273,51.95570664629489,False,False,40.476190476190474
MKSI,MKS Incorporated,Information Technology,Semiconductor Materials & Equipment,260.82,39.9282,4.0415,22.7425,6.446159663678626,58.58,16.23,15.83,0.1537,6.370000000000001,0.4304878048780487,108.1491,58.58,16.23,108.1491,0.4304878048780487,15.83,0.1537,6.370000000000001,56.44322845417236,63.4305718657699,49.22480620155039,55.19158502602425,28.999999999999996,55.141440042289524,0.6104651162790697,0.6686046511627907,0.5,0.4941860465116279,B-,B-,C,C,mksincorporated,0.0,0.85,0.79,20.0,0.0,0.0,0.0,0.25,D+,53.04144004228952,79.0,47.4,51.91315203383162,False,False,28.999999999999996
TTEK,Tetra Tech Inc,Industrials,Construction & Engineering,33.91,19.7709,1.9776,13.6321,4.98075849710643,106.14,-5.22,23.75,0.1414,16.42,0.4673975764570108,0.0,106.14,-5.22,0.0,0.4673975764570108,23.75,0.1414,16.42,61.88405797101449,46.27501725327812,68.69565217391305,44.37198067632851,37.97169811320755,55.77432712215322,0.6869565217391305,0.41304347826086957,0.7152173913043478,0.41739130434782606,B-,C,B,C,tetratechinc,0.0,0.7333333333333333,0.6875,15.0,0.0,0.0,0.0,0.22641509433962265,D+,54.57149693347397,68.75,41.25,51.90719754677918,False,False,37.97169811320755
KO,Coca-Cola Co,Consumer Staples,Soft Drinks & Non-alcoholic Beverages,87.81,26.3545,7.5264,25.1032,11.742915602391111,17.61,6.52,42.99,0.3035,18.26,0.82756079587325,32.5809,17.61,6.52,32.5809,0.80919426818271,42.99,0.3035,18.26,20.18779342723005,68.2476626138598,88.26291079812206,90.89201877934272,36.50793650793651,63.94061233497854,0.09859154929577464,0.7464788732394366,0.9436619718309859,0.9436619718309859,D-,B,A,A,cocacolaco,-0.05210084033613438,0.7714285714285715,0.74375,35.0,0.0,0.0,-0.05210084033613438,0.3333333333333333,C-,62.59140598577219,74.375,44.625,51.58181121483729,True,False,20.18779342723005
WTFC,Wintrust Financial Corp,Financials,Regional Banks,146.11,10.9138,2.29791,,1.3481319362684492,20.25,79.30369,12.33,0.38857909999999996,10.85,0.5566642159437036,9.5574,20.25,79.30369,9.5574,0.5566642159437036,12.33,0.38857909999999996,10.85,66.2280701754386,68.35420528354206,48.24561403508772,45.219298245614034,23.36265884652981,56.3331217584628,0.7149122807017544,0.8114035087719298,0.4824561403508772,0.4692982456140351,B,B+,C,C,wintrustfinancialcorp,-0.03947368421052633,0.75,0.7100000000000001,20.0,0.0,0.0,-0.03947368421052633,0.21212121212121213,D+,53.66938764311578,71.00000000000001,42.60000000000001,51.45551011449263,False,False,23.36265884652981
CIEN,Ciena Corp,Information Technology,Communications Equipment,356.91,78.7335,8.5575,69.7364,18.44048215678879,362.8,32.57,22.82,0.1215,13.55,0.4430771673547158,155.1692,362.8,32.57,155.1692,0.4430771673547158,22.82,0.1215,13.55,22.929776561787506,89.98787281576966,61.33720930232558,64.17572659418724,79.16666666666666,56.89946634801965,0.1744186046511628,0.9767441860465116,0.6511627906976745,0.622093023255814,D,A+,B-,B-,cienacorp,0.038461538461538436,0.7307692307692307,0.7016129032258065,26.0,0.0,0.0,0.038461538461538436,0.775,B,59.816133014686315,70.16129032258065,42.09677419354839,51.33208017556381,True,False,22.929776561787506
NMIH,NMI Holdings Inc,Financials,Commercial & Residential Mortgage Finance,41.23,7.9093,4.2787,6.3638,1.2134465059333206,7.97,7.53,15.14,0.7323999999999999,13.05,0.5369747899159659,5.0013,7.97,7.53,5.0013,0.5369747899159659,15.14,0.5825935199999999,13.05,80.92105263157896,31.45589305803719,60.96491228070175,50.41952707856598,22.077922077922082,56.84657525539081,0.9254385964912281,0.22807017543859648,0.6096491228070176,0.543859649122807,A-,D+,B-,C+,nmiholdingsinc,-0.0714285714285714,0.7142857142857143,0.6710526315789473,14.0,0.0,0.0,-0.0714285714285714,0.18181818181818182,D,54.05436746318302,67.10526315789474,40.26315789473684,51.29612554949379,False,False,22.077922077922082
ABBV,AbbVie Inc,Health Care,Biotechnology,264.34,74.2469,7.2764,30.1893,140.33765130600975,67.6,10.39,95.59,0.262,5.66,0.9357833163784333,20.5146,67.6,10.39,20.5146,0.9357833163784333,94.53650000000002,0.262,5.66,26.95298037763791,67.53462378332311,74.54954954954955,51.627372052903965,76.35467980295567,54.20803164904228,0.20270270270270271,0.7702702702702703,0.7736486486486487,0.5067567567567568,D+,B,B,C+,abbvieinc,0.04551282051282046,0.8205128205128205,0.7897727272727273,39.0,0.0,0.0,0.04551282051282046,0.7428571428571429,B,56.84349962933785,78.97727272727273,47.38636363636364,50.90492655577613,True,False,26.95298037763791
SNDK,Sandisk Corp,Information Technology,"Technology Hardware, Storage & Peripherals",1777.8,22.4581,12.6809,20.099,16.49458901771002,,175.3,93.13,0.6119,89.56,0.7449681646987533,1656.6062,,58.24949999999999,267.93925,0.7449681646987533,93.13,0.4510199999999997,62.34099999999999,53.752849977200185,73.32657200811359,95.73643410852712,82.84922410275891,27.083333333333332,73.60748024360632,0.5930232558139535,0.7906976744186046,0.9825581395348837,0.872093023255814,C+,B,A+,B+,sandiskcorp,-0.013584117032392817,0.8484848484848485,0.8092105263157896,33.0,6.25,12.3001502641783,-0.013584117032392817,0.225,D+,71.31581357693965,80.92105263157896,53.472691684618695,50.810391898856594,False,False,27.083333333333332
COHR,Coherent Corp,Information Technology,Electronic Components,295.83,71.6359,8.1014,46.6777,5.311102453667215,1617.2,22.51,8.37,0.1458,6.25,0.5732847925176108,175.048,704.4859999999999,22.51,175.048,0.5732847925176108,8.37,0.1458,6.25,27.815777473780212,88.00507099391481,39.922480620155035,76.56991315498047,50.0,54.84956135326287,0.25,0.9476744186046512,0.3546511627906977,0.8255813953488372,D+,A,C-,B+,coherentcorp,0.015572858731924377,0.7741935483870968,0.7430555555555556,31.0,0.0,0.0,0.015572858731924377,0.5,C,54.84956135326287,74.30555555555556,44.583333333333336,50.15649996181312,True,False,27.815777473780212
ALLY,Ally Financial Inc,Financials,Consumer Finance,38.79,8.105,0.88959,,0.7721277603716723,325.79,37.40411,9.42,0.158682,4.3999999999999995,0.2524186455584871,-7.696,182.343,37.40411,-7.696,0.2524186455584871,9.42,0.158682,4.3999999999999995,93.2017543859649,86.08103725612287,27.631578947368425,22.828282828282827,62.18434343434344,56.99019735021447,0.9824561403508771,0.9780701754385965,0.27631578947368424,0.21052631578947367,A+,A+,D+,D+,allyfinancialinc,0.0,0.7916666666666666,0.75,24.0,0.0,0.0,0.0,0.6212121212121212,B-,58.20863169364882,75.0,45.0,50.0,False,True,22.828282828282827
WDFC,WD-40 Co,Consumer Staples,Household Products,199.17,28.7094,3.7968,21.7813,10.04762241078365,3.51,10.15,33.050000000000004,0.1748,24.45,0.19260194787846396,-2.4488,3.51,10.15,-2.4488,0.19260194787846396,33.050000000000004,0.1748,24.45,22.065727699530516,70.64446230734282,87.32394366197182,45.37028623353021,92.42424242424242,55.55036754855019,0.14788732394366197,0.8028169014084507,0.9295774647887324,0.4507042253521127,D,B+,A-,C,wd40co,0.018181818181818188,0.8181818181818182,0.734375,11.0,0.0,0.0,0.018181818181818188,0.9166666666666666,A-,59.792791790974434,73.4375,44.0625,50.0,True,False,22.065727699530516
PRGS,Progress Software Corp,Information Technology,Systems Software,39.34,18.6862,1.6577,10.2594,3.481724046375786,60.3,15.5,18.16,0.17329999999999998,4.8,0.659023354564756,-2.212,60.3,15.5,-2.212,0.659023354564756,18.16,0.17329999999999998,4.8,85.23255813953487,60.648703054889666,51.55038759689922,46.30392047772709,93.47826086956522,60.586261140631876,0.8895348837209303,0.627906976744186,0.5232558139534884,0.38953488372093026,B+,B-,C+,C-,progresssoftwarecorp,0.07051282051282048,0.9166666666666666,0.8088235294117647,12.0,6.25,12.3001502641783,0.07051282051282048,0.925,A-,64.93408722758839,80.88235294117648,53.4494718703772,50.0,False,False,46.30392047772709
BKNG,Booking Holdings Inc,Consumer Discretionary,"Hotels, Resorts & Cruise Lines",163.95,17.0653,4.3562,12.7843,55.78428036747192,57.21,12.85,139.63,0.3287,29.37,0.18447769169115683,-29.2521,57.21,12.85,-29.2521,0.18447769169115683,139.63,0.2784,29.37,29.26829268292683,88.45243863980738,92.6430245897551,25.853658536585364,54.88721804511278,58.339048753449035,0.2347560975609756,0.9329268292682927,0.9939024390243902,0.25609756097560976,D+,A,A+,D+,bookingholdingsinc,0.0037002775208140326,0.8297872340425532,0.8028846153846154,47.0,6.25,12.3001502641783,0.0037002775208140326,0.5263157894736842,C+,58.827770557960314,80.28846153846155,53.093137028748245,50.0,True,True,25.853658536585364
WMG,Warner Music Group Corp,Communication Services,Movies & Entertainment,27.14,21.1063,1.9419,12.9613,21.913605167541384,123.91,12.91,90.84,0.136,12.72,0.31456953642384106,-18.3789,123.91,12.91,-18.3789,0.31456953642384106,61.43849999999995,0.136,12.72,40.6827880512091,88.02373802373802,72.36842105263158,32.1753332279648,44.44444444444445,57.30261652630073,0.39473684210526316,0.9210526315789473,0.868421052631579,0.2631578947368421,C-,A-,B+,D+,warnermusicgroupcorp,0.0,0.782608695652174,0.7410714285714286,23.0,0.0,0.0,0.0,0.4166666666666667,C,56.747060970745174,74.10714285714286,44.464285714285715,50.0,False,True,32.1753332279648
SMP,Standard Motor Products Inc,Consumer Discretionary,Automotive Parts & Equipment,37.69,16.4167,0.4561,6.7493,1.2208315518067918,26.88,11.32,7.359999999999999,0.0839,3.9,0.2915601023017899,-5.7561,26.88,11.32,-5.7561,0.2915601023017899,7.359999999999999,0.0839,3.9,73.17073170731707,81.15952928982932,27.9290737692653,53.445121951219505,42.82296650717703,57.19588161735536,0.8353658536585366,0.8963414634146342,0.23780487804878048,0.5121951219512195,B+,B+,D+,C+,standardmotorproductsinc,0.0,0.8571428571428571,0.7291666666666667,7.0,0.0,0.0,0.0,0.39473684210526316,C-,56.478178268073066,72.91666666666667,43.75,50.0,False,False,27.9290737692653
MSFT,Microsoft Corp,Information Technology,Systems Software,516.17,28.4838,11.4805,20.1228,8.665703008661168,31.56,17.79,33.22,0.4673,26.5,0.8163993741443376,-2.3954,31.56,17.79,-2.3954,0.8163993741443376,33.22,0.4510199999999997,26.5,51.0373917008664,57.46425333456266,86.24031007751937,51.78418209017964,39.130434782608695,61.169112529544904,0.5523255813953488,0.5988372093023255,0.8953488372093024,0.45348837209302323,C+,C+,B+,C,microsoftcorp,0.0032938076416337836,0.927536231884058,0.9020270270270271,69.0,90.0,84.89281911636292,0.0032938076416337836,0.4,C-,60.08215600780577,90.20270270270271,88.07874926816679,50.0,False,False,39.130434782608695
QNST,QuinStreet Inc,Communication Services,Interactive Media & Services,14.41,10.1334,0.6363,13.0629,2.5620966164678274,1687.12,18.29,27.66,0.0274,24.72,0.34333333333333343,-11.7106,398.80899999999735,18.29,-11.7106,0.34333333333333343,27.66,0.0274,24.72,68.72925557136084,90.27164920022064,59.649122807017534,41.448892501524085,100.0,63.43870293494354,0.7894736842105263,1.0,0.6052631578947368,0.3684210526315789,B,A+,B-,C-,quinstreetinc,0.08333333333333326,0.9166666666666666,0.8088235294117647,12.0,6.25,12.3001502641783,0.07623626373626369,1.0,A+,68.43870293494354,80.88235294117648,53.4494718703772,50.0,False,False,41.448892501524085
PRDO,Perdoceo Education Corp,Consumer Discretionary,Education Services,30.49,10.7722,2.2222,7.0373,1.9590079671035723,20.02,11.68,17.7,0.24559999999999998,17.51,0.3234797297297296,-11.6811,20.02,11.68,-11.6811,0.3234797297297296,17.7,0.24559999999999998,17.51,62.39837398373984,74.90836574183368,69.9548605915507,54.40900562851783,71.29186602870814,63.951782917892935,0.6585365853658537,0.8353658536585366,0.7439024390243902,0.524390243902439,B-,B+,B,C+,perdoceoeducationcorp,0.017857142857142905,0.875,0.7500000000000001,8.0,0.0,0.0,0.017857142857142905,0.6842105263157895,B-,66.08096952076374,75.00000000000001,45.00000000000001,50.0,False,False,54.40900562851783
CRM,Salesforce Inc,Information Technology,Application Software,234.02,20.2803,4.4596,24.1668,3.6759762495680315,59.27,11.23,20.150000000000002,0.18780000000000002,13.18,0.7142275429595244,-3.1193,59.27,11.23,-3.1193,0.7142275429595244,20.150000000000002,0.18780000000000002,13.18,62.62425900592795,53.692506783277565,66.08527131782945,66.3953488372093,48.07692307692307,61.194953705036724,0.6976744186046512,0.5581395348837209,0.6918604651162791,0.6511627906976745,B-,C+,B-,B-,salesforceinc,0.0043834015195791665,0.7457627118644068,0.73046875,59.0,0.0,0.0,0.0043834015195791665,0.475,C,61.00264601272903,73.046875,43.828125,50.0,False,False,48.07692307692307
EHC,Encompass Health Corp,Health Care,Health Care Facilities,123.47,19.6519,1.9664,10.0885,5.0638154764834225,20.08,9.47,25.009999999999998,0.1794,12.379999999999999,0.8716638273708122,-3.0281,20.08,9.47,-3.0281,0.8716638273708122,25.009999999999998,0.1794,12.379999999999999,77.43119832160929,53.59451761801472,72.52252252252254,47.729729729729726,60.11904761904761,62.75327968058185,0.8513513513513513,0.5405405405405406,0.7364864864864865,0.4527027027027027,B+,C+,B,C,encompasshealthcorp,0.0032679738562091387,0.9444444444444444,0.8586956521739131,18.0,90.0,84.89281911636292,0.0032679738562091387,0.6,C+,63.76518444248661,85.86956521739131,85.47886677697996,50.0,False,False,47.729729729729726
TPR,Tapestry Inc,Consumer Discretionary,"Apparel, Accessories & Luxury Goods",113.88,14.81,2.8267,11.5794,32.974287699791525,1030.94,14.17,262.81,0.23920000000000002,50.449999999999996,0.2908077994428968,-1.1462,107.81,14.17,-1.1462,0.2908077994428968,212.06300000000016,0.23920000000000002,41.67300000000001,40.040650406504064,91.75750115573774,95.11197565963391,59.57947855340622,81.92219679633868,69.0555524583633,0.4146341463414634,0.9573170731707317,1.0,0.5792682926829268,C,A,A+,C+,tapestryinc,0.0357142857142857,0.75,0.7196969696969697,28.0,0.0,0.0,0.0357142857142857,0.8421052631578947,B+,72.24777213799716,71.96969696969697,43.18181818181818,50.0,False,False,40.040650406504064
NLY,Annaly Capital Management Inc,Financials,Mortgage REITs,20.61,5.2597,1.8426,45.7795,0.9055320495076911,231.09,50.87,18.39,0.35240000000000005,2.22,0.13495575221238926,-0.9615,182.343,50.87,-0.9615,0.13495575221238926,18.39,0.35240000000000005,2.22,94.51754385964912,88.4517900866918,71.05263157894737,35.97953216374269,63.924963924963926,71.27880830973602,0.9868421052631579,0.9912280701754386,0.7105263157894737,0.35964912280701755,A+,A+,B,C-,annalycapitalmanagementinc,0.0,0.7058823529411765,0.6704545454545455,17.0,0.0,0.0,0.0,0.7878787878787878,B,72.67130470223242,67.04545454545455,40.22727272727273,50.0,False,False,35.97953216374269
BCO,Brinks Co,Industrials,Security & Alarm Services,106.82,23.8531,0.7872,7.8124,15.809492799739516,16.02,8.12,64.68,0.10289999999999999,4.08,0.3479699911738745,-9.0167,16.02,8.12,-9.0167,0.3479699911738745,64.68,0.10289999999999999,4.08,78.40579710144928,59.67333793420751,52.89855072463769,35.23809523809524,43.39622641509435,56.8083735909823,0.8478260869565217,0.6347826086956522,0.5173913043478261,0.3217391304347826,B+,B-,C+,C-,brinksco,0.0,0.8571428571428571,0.7291666666666667,7.0,0.0,0.0,0.0,0.4056603773584906,C,56.147996232491735,72.91666666666667,43.75,50.0,False,False,35.23809523809524
BURL,Burlington Stores Inc,Consumer Discretionary,Apparel Retail,254.69,22.4133,1.3103,12.2079,8.8385538489301,31.44,10.89,39.82,0.0786,18.89,0.18378663850013208,-4.6188,31.44,10.89,-4.6188,0.18378663850013208,39.82,0.0786,18.89,38.61788617886179,77.34336272341943,61.98251783131329,54.71825063078217,28.229665071770338,56.56242367338409,0.3932926829268293,0.8536585365853658,0.6402439024390244,0.5304878048780488,C-,B+,B-,C+,burlingtonstoresinc,-0.029230769230769282,0.7307692307692307,0.7016129032258065,26.0,0.0,0.0,-0.029230769230769282,0.21052631578947367,D+,54.385390180561124,70.16129032258065,42.09677419354839,50.0,False,False,28.229665071770338
AX,Axos Financial Inc,Financials,Regional Banks,88.52,10.3168,2.35138,,1.5860502117839301,14.77,78.88815,16.41,0.496028,11.600000000000001,0.44181523500810366,-0.9609,14.77,78.88815,-0.9609,0.44181523500810366,16.41,0.496028,11.600000000000001,64.69298245614036,62.36508582365086,65.13157894736842,21.440620782726047,87.683284457478,54.21728167215258,0.6710526315789473,0.7236842105263158,0.6513157894736842,0.19298245614035087,B-,B,B-,D,axosfinancialinc,0.009523809523809601,0.8666666666666667,0.7875000000000001,15.0,0.0,0.0,0.009523809523809601,0.8787878787878788,B+,57.98561011790038,78.75000000000001,47.25000000000001,50.0,False,True,21.440620782726047
SFBS,ServisFirst Bancshares Inc,Financials,Regional Banks,41.31,14.0579,5.9678,,1.2198615068877439,28.35,51.49861,17.06,0.6097527,9.31,0.6197749196141481,-0.4104,28.35,51.49861,-0.4104,0.6197749196141481,17.06,0.5825935199999999,9.31,57.23684210526315,57.46145847461459,66.66666666666666,33.23886639676113,61.04594330400782,54.1159421672576,0.5833333333333334,0.6403508771929824,0.6666666666666666,0.3333333333333333,C+,B-,B-,C-,servisfirstbancsharesinc,0.0,0.8888888888888888,0.7678571428571428,9.0,0.0,0.0,0.0,0.5,C,55.22053649765839,76.78571428571428,46.07142857142856,50.0,False,False,33.23886639676113
WMS,Advanced Drainage Systems Inc,Industrials,Building Products,133.13,21.5304,3.0145,15.4142,5.005432923138237,4.59,10.37,23.400000000000002,0.20739999999999997,12.770000000000001,0.15357830110876927,-6.8065,4.59,10.37,-6.8065,0.15357830110876927,23.400000000000002,0.20739999999999997,12.770000000000001,50.28985507246377,57.13552616075361,72.31884057971014,37.285259809119836,68.57764876632801,54.53633110701817,0.5347826086956522,0.6,0.7630434782608696,0.3521739130434783,C+,C+,B,C-,advanceddrainagesystemsinc,0.007843137254901933,0.9411764705882353,0.8522727272727273,17.0,90.0,84.89281911636292,0.007843137254901933,0.660377358490566,B-,56.39409598365097,85.22727272727273,85.09349128290881,50.0,False,False,37.285259809119836
BR,Broadridge Financial Solutions Inc,Industrials,Data Processing & Outsourced Services,163.77,16.5333,2.4859,14.9054,6.57848225332198,35.62,8.53,40.239999999999995,0.174,18.65,0.2830602539496452,-31.0792,35.62,8.53,-31.0792,0.2830602539496452,40.239999999999995,0.174,18.65,60.0,71.22584541062801,80.43478260869566,27.644927536231883,41.42367066895369,59.882850241545896,0.6521739130434783,0.8130434782608695,0.8565217391304348,0.23043478260869565,B-,B+,B+,D+,broadridgefinancialsolutionsinc,0.0,0.7222222222222222,0.6847826086956522,18.0,0.0,0.0,0.0,0.3113207547169811,C-,59.02521730844126,68.47826086956522,41.08695652173913,50.0,False,True,27.644927536231883
STRA,Strategic Education Inc,Consumer Discretionary,Education Services,76.83,12.7361,1.3317,6.9838,1.0718485935387745,24.75,3.53,8.19,0.1401,8.19,0.35596605092361433,-4.4644,24.75,3.53,-4.4644,0.35596605092361433,8.19,0.1401,8.19,67.07317073170732,55.423505585030384,45.05711008030326,64.63414634146342,42.82296650717703,57.04410058830141,0.7134146341463414,0.5609756097560976,0.4146341463414634,0.6463414634146342,B,C+,C,B-,strategiceducationinc,0.0,0.7777777777777778,0.6964285714285714,9.0,0.0,0.0,0.0,0.39473684210526316,C-,56.326397239019116,69.64285714285714,41.785714285714285,50.0,False,False,42.82296650717703
CBRE,CBRE Group Inc,Real Estate,Real Estate Services,134.55,29.948,0.8928,16.8303,4.481937342815743,22.19,14.53,15.160000000000002,0.0453,7.89,0.24457968809433264,-13.1046,22.19,14.53,-13.1046,0.24457968809433264,15.160000000000002,0.0453,7.89,60.0,57.336956521739125,60.0,41.66666666666667,75.0,54.800724637681164,0.8,0.6,0.7,0.4,B,C+,B-,C-,cbregroupinc,0.0,0.9,0.8300000000000001,20.0,90.0,84.89281911636292,0.0,0.75,B,57.300724637681164,83.0,83.75712764654517,50.0,False,False,41.66666666666667
TRU,TransUnion,Industrials,Research & Consulting Services,69.17,17.9555,2.7068,10.3909,2.9979022918761484,90.89,12.37,15.950000000000001,0.23,7.39,0.22524271844660204,-22.448,90.89,12.37,-22.448,0.22524271844660204,15.950000000000001,0.23,7.39,65.79710144927536,85.1207729468599,59.13043478260869,27.86086956521739,43.39622641509435,58.82821256038647,0.7347826086956522,0.9347826086956522,0.6043478260869565,0.2391304347826087,B,A,B-,D+,transunion,0.0,0.7692307692307693,0.7338709677419356,26.0,0.0,0.0,0.0,0.4056603773584906,C,58.167835201895905,73.38709677419357,44.032258064516135,50.0,False,True,27.86086956521739
AWI,Armstrong World Industries Inc,Industrials,Building Products,162.81,21.7192,4.0392,13.0853,7.757585575970115,8.16,8.57,35.36,0.2579,22.919999999999998,0.22455197132616486,-15.9818,8.16,8.57,-15.9818,0.22455197132616486,35.36,0.2579,22.919999999999998,51.88405797101449,56.78467997494621,88.40579710144927,30.880169671261932,84.03483309143687,57.60543369735757,0.5717391304347826,0.5782608695652174,0.9608695652173913,0.26521739130434785,C+,C+,A,D+,armstrongworldindustriesinc,0.02083333333333337,0.6875,0.6547619047619047,16.0,0.0,0.0,0.02083333333333337,0.8113207547169812,B+,61.00891700650126,65.47619047619047,39.28571428571428,50.0,False,True,30.880169671261932
KTB,Kontoor Brands Inc,Consumer Discretionary,"Apparel, Accessories & Luxury Goods",65.37,13.2707,1.1586,11.1038,6.392653875491405,7.16,15.78,45.96,0.1191,15.079999999999998,0.2801342691486118,-20.8722,7.16,15.78,-20.8722,0.2801342691486118,45.96,0.1191,15.079999999999998,56.300813008130085,73.71768807891321,65.12419572048482,40.218671152228765,72.99771167048054,58.14352402838212,0.5975609756097561,0.8170731707317073,0.6646341463414634,0.4024390243902439,C+,B+,B-,C,kontoorbrandsinc,0.02197802197802201,0.7142857142857143,0.6710526315789473,14.0,0.0,0.0,0.02197802197802201,0.7368421052631579,B,60.443295195430174,67.10526315789474,40.26315789473684,50.0,False,False,40.218671152228765
EXLS,Exlservice Holdings Inc,Industrials,Data Processing & Outsourced Services,34.75,21.3502,2.3857,14.2145,5.955849586946834,10.07,13.63,28.49,0.149,20.14,0.5084745762711864,-19.3003,10.07,13.63,-19.3003,0.5084745762711864,28.49,0.149,20.14,57.246376811594196,62.9174543163201,75.07246376811594,43.84057971014492,94.8542024013722,59.431316950220534,0.6347826086956522,0.7130434782608696,0.8,0.41304347826086957,B-,B,B,C,exlserviceholdingsinc,0.0625,0.9375,0.8452380952380951,16.0,6.25,12.3001502641783,0.0625,0.9433962264150944,A,63.91673719035776,84.52380952380952,55.634345819957026,50.0,False,False,43.84057971014492
SR,Spire Inc,Utilities,Gas Utilities,77.21,8.3099,1.7973,13.7023,1.3440097480308106,89.9,4.12,15.879999999999999,0.20629999999999998,5.55,0.06988694758478925,-2.5384,89.9,4.12,-2.5384,0.06988694758478925,15.879999999999999,0.20629999999999998,5.55,68.96551724137932,61.14587896614306,69.54022988505747,43.804994054696785,65.21739130434783,60.61661138577716,0.7672413793103449,0.6724137931034483,0.7327586206896551,0.4827586206896552,B,B-,B,C,spireinc,0.0,0.7222222222222222,0.6847826086956522,18.0,0.0,0.0,0.0,0.625,B-,62.13835051621194,68.47826086956522,41.08695652173913,50.0,False,False,43.804994054696785
LQDT,Liquidity Services Inc,Industrials,Diversified Support Services,43.61,44.6905,2.8163,22.7993,6.582343441051726,18.2,9.26,14.24,0.0837,14.24,0.9785905441570025,57.4565,18.2,9.26,57.4565,0.8723212715732392,14.24,0.0837,14.24,25.65217391304348,62.97091709521584,49.42028985507247,92.55434782608697,45.96912521440824,54.87316892628955,0.17391304347826086,0.717391304347826,0.47391304347826085,0.9608695652173913,D,B,C,A,liquidityservicesinc,0.0,0.875,0.7500000000000001,8.0,0.0,0.0,0.0,0.5283018867924528,C+,54.47008144773037,75.00000000000001,45.00000000000001,47.94708550838764,True,False,25.65217391304348
TRGP,Targa Resources Corp,Energy,Oil & Gas Storage & Transportation,277.84,26.7755,3.6267,14.6046,19.440518339187506,40.38,-1.97,72.17,0.2291,10.530000000000001,0.8162393162393161,64.4404,40.38,-1.97,64.4404,0.8162393162393161,36.84949999999999,0.2291,10.530000000000001,24.479166666666668,43.536184210526315,76.30208333333333,81.45833333333334,37.68115942028985,55.19421600877193,0.140625,0.34375,0.875,0.828125,D,C-,B+,B+,targaresourcescorp,0.005376344086021501,0.8387096774193549,0.7986111111111112,31.0,0.0,0.0,0.005376344086021501,0.4166666666666667,C,53.962331950800916,79.86111111111111,47.916666666666664,47.23059838476116,True,False,24.479166666666668
MTRN,Materion Corp,Materials,Diversified Metals & Mining,264.96,59.7274,2.5651,42.703,5.824320759694012,460.64,21.6,9.41,0.0599,6.29,0.7967892496281479,115.8059,451.37449999999995,21.6,78.52798499999999,0.7967892496281479,9.41,0.0599,6.29,22.058823529411764,92.09574738986504,42.15686274509804,95.58823529411765,40.476190476190474,58.59071810542399,0.0661764705882353,0.9705882352941176,0.36764705882352944,0.9705882352941176,D-,A+,C-,A+,materioncorp,0.0,0.8,0.7166666666666667,10.0,0.0,0.0,0.0,0.5,C,57.63833715304304,71.66666666666667,43.0,46.94658203388308,True,False,22.058823529411764
BCPC,Balchem Corp,Materials,Specialty Chemicals,167.89,32.2757,4.8869,20.0113,4.280407619018481,16.69,10.14,12.790000000000001,0.20420000000000002,11.360000000000001,0.642074670243684,10.2542,16.69,10.14,10.2542,0.642074670243684,12.790000000000001,0.20420000000000002,11.360000000000001,27.45098039215686,70.26610644257704,75.0,57.19887955182073,39.58333333333333,56.10574229691878,0.11764705882352941,0.7647058823529411,0.8088235294117647,0.5588235294117647,D,B,B+,C+,balchemcorp,0.0,0.7777777777777778,0.6964285714285714,9.0,0.0,0.0,0.0,0.3125,C-,55.06407563025211,69.64285714285714,41.785714285714285,46.319780029658936,True,False,27.45098039215686
LGND,Ligand Pharmaceuticals Inc,Health Care,Biotechnology,301.52,30.3714,20.6161,48.0628,5.861369817211262,,54.89,20.06,0.3261,12.33,0.8461208481431547,76.9886,,45.09250000000003,76.9886,0.8461208481431547,20.06,0.3261,12.33,26.65987905713933,73.43300747556067,77.59009009009009,72.3634272570443,63.05418719211823,60.22177923332835,0.19594594594594594,0.8412162162162162,0.7905405405405406,0.722972972972973,D,B+,B,B,ligandpharmaceuticalsinc,0.008928571428571397,0.9375,0.8452380952380951,16.0,90.0,84.89281911636292,0.008928571428571397,0.6285714285714286,B-,61.52719795254017,84.52380952380952,84.67141336083088,45.79517840509202,True,False,26.65987905713933
HAS,Hasbro Inc,Consumer Discretionary,Leisure Products,88.09,15.4543,2.4677,12.1937,22.964623686748872,,16.99,138.2,0.2339,19.84,0.4959978655282818,15.3928,,16.99,15.3928,0.4959978655282818,138.2,0.2339,19.84,39.024390243902445,72.28997289972901,85.50177066187841,81.69828364950315,29.824561403508774,66.92919153629165,0.4024390243902439,0.8048780487804879,0.9512195121951219,0.8170731707317073,C,B+,A,B+,hasbroinc,-0.00952380952380949,0.8,0.7500000000000001,20.0,0.0,0.0,-0.00952380952380949,0.2631578947368421,D+,64.91164767664253,75.00000000000001,45.00000000000001,45.696988605985524,False,False,29.824561403508774
NX,Quanex Building Products Corp,Industrials,Building Products,19.74,19.5363,0.4756,7.094,1.2415953304945624,,1.26,6.1899999999999995,0.0596,3.18,0.7078925956061839,39.609,,1.26,39.609,0.7078925956061839,6.1899999999999995,0.0596,3.18,87.53623188405795,43.7168610816543,20.144927536231886,88.37751855779428,42.743105950653124,58.33916578296217,0.941304347826087,0.3521739130434783,0.15434782608695652,0.908695652173913,A,C-,D,A-,quanexbuildingproductscorp,0.0,0.9,0.7833333333333333,10.0,0.0,0.0,0.0,0.3584905660377358,C-,57.613476378027485,78.33333333333333,46.99999999999999,41.6180858268165,False,False,20.144927536231886
MTUS,Metallus Inc,Materials,Steel,18.84,96.9197,0.6422,11.2612,1.1452330585746588,,16.12,1.17,0.36,1.17,0.5542312276519668,12.8052,,16.12,12.8052,0.5542312276519668,1.17,0.36,1.17,57.84313725490196,65.97363083164299,48.529411764705884,55.98377281947262,36.95652173913044,55.984617985125084,0.6764705882352942,0.7352941176470589,0.45588235294117646,0.5294117647058824,B-,B,C,C+,metallusinc,0.0,0.75,0.6730769230769231,8.0,0.0,0.0,0.0,0.1875,D,54.68027015903813,67.3076923076923,40.38461538461538,38.865854403115186,False,False,36.95652173913044
CON,Concentra Group Holdings Parent Inc,Health Care,Health Care Services,35.01,22.2143,1.9299,12.8263,11.450905998560868,-24.01,14.02,47.3,0.16390000000000002,9.92,0.906413432424993,67.6627,-24.01,14.02,67.6627,0.906413432424993,47.3,0.16390000000000002,9.92,72.19856843144514,39.79627225202446,73.1981981981982,86.12162162162161,80.95238095238095,66.53277043214005,0.7972972972972973,0.32432432432432434,0.7567567567567568,0.918918918918919,B,C-,B,A-,concentragroupholdingsparentinc,0.013986013986014068,0.9230769230769231,0.8194444444444445,13.0,66.25,75.12358449900935,0.013986013986014068,0.7857142857142857,B,69.62800852737814,81.94444444444446,79.21610046627042,35.7728134575783,False,False,39.79627225202446
DAL,Delta Air Lines Inc,Industrials,Passenger Airlines,84.94,13.8998,0.8042,7.9957,2.6725146934820088,-12.71,10.28,19.33,0.0806,11.379999999999999,0.7357933579335791,43.4067,-12.71,10.28,43.4067,0.7357933579335791,19.33,0.0806,11.379999999999999,87.53623188405795,45.77294685990338,51.95652173913044,88.59903381642512,46.14438063986875,66.74758454106279,0.941304347826087,0.4,0.5043478260869565,0.9173913043478261,A,C-,C+,A-,deltaairlinesinc,0.0,0.90625,0.8581081081081081,32.0,90.0,84.89281911636292,0.0,0.5754716981132075,C+,66.36202260504967,85.8108108108108,85.44361413303164,35.089170455323035,False,False,45.77294685990338
HRMY,Harmony Biosciences Holdings Inc,Health Care,Biotechnology,41.26,13.2555,2.5032,7.8863,2.7369999137639387,-0.38,24.25,20.06,0.2403,17.02,0.8759042849193097,53.8117,-0.38,24.25,53.8117,0.8759042849193097,20.06,0.2403,17.02,80.83117363939282,53.79830449323755,78.490990990991,69.4882116158712,92.61083743842364,69.48784437941771,0.9054054054054054,0.5472972972972973,0.8243243243243243,0.6891891891891891,A-,C+,B+,B-,harmonybiosciencesholdingsinc,0.05882352941176472,0.7058823529411765,0.6704545454545455,17.0,0.0,0.0,0.05882352941176472,0.9428571428571428,A,73.74892812326007,67.04545454545455,40.22727272727273,33.5222985220313,False,False,53.79830449323755
DAR,Darling Ingredients Inc,Consumer Staples,Agricultural Products & Services,61.29,16.1754,1.4769,13.8982,2.046827567551321,470.42,14.85,4.72,0.1452,2.55,0.7872472799063336,94.6083,99.10999999999986,14.85,67.46195,0.7872472799063336,4.72,0.1452,2.55,53.05164319248826,93.43400144456481,38.497652582159624,96.59624413145539,19.696969696969695,65.89337305886602,0.5422535211267606,0.9859154929577465,0.31690140845070425,0.971830985915493,C+,A+,C-,A+,darlingingredientsinc,-0.05555555555555558,0.8888888888888888,0.8152173913043478,18.0,90.0,84.89281911636292,-0.05555555555555558,0.16666666666666666,D,62.86307002856298,81.52173913043478,82.87017112480603,33.432245123905794,False,False,19.696969696969695
GEO,Geo Group Inc,Industrials,Environmental & Facilities Services,31.22,14.1307,1.4571,12.6603,2.824725851398791,227.6,15.32,19.3,0.10880000000000001,9.42,0.9064922480620156,48.6512,172.17599999999996,15.32,48.6512,0.8723212715732392,19.3,0.10880000000000001,9.42,73.33333333333333,91.70831251041146,53.333333333333336,93.25337331334333,19.98284734133791,73.65900383141764,0.8217391304347826,0.9826086956521739,0.5304347826086957,0.9739130434782609,B+,A+,C+,A+,geogroupinc,-0.017857142857142905,0.8571428571428571,0.7291666666666667,7.0,0.0,0.0,-0.017857142857142905,0.16981132075471697,D,70.65728856555143,72.91666666666667,43.75,32.63791542622057,False,False,19.98284734133791
DELL,Dell Technologies Inc,Information Technology,"Technology Hardware, Storage & Peripherals",562.89,31.5409,2.3735,23.0829,146.87279843444227,145.25,49.03,130.7,0.0943,13.700000000000001,0.9327824599723876,305.7991,145.25,49.03,267.93925,0.9327824599723876,118.70899999999997,0.0943,13.700000000000001,66.3201094391245,87.41266621591164,67.34496124031007,92.11947269939083,16.666666666666664,74.32269545291913,0.7325581395348837,0.9418604651162791,0.6976744186046512,0.9767441860465116,B,A,B-,A+,delltechnologiesinc,-0.021008403361344574,0.7142857142857143,0.69375,35.0,0.0,0.0,-0.021008403361344574,0.125,D,70.9893621195858,69.375,41.625,32.558244847834324,False,False,16.666666666666664
EAT,Brinker International Inc,Consumer Discretionary,Restaurants,207.2,17.7771,1.4908,10.723,19.706682391432537,44.75,36.41,123.85,0.1067,55.76,0.6910595384317021,52.0046,44.75,18.144,45.64219999999995,0.6910595384317021,123.85,0.1067,41.67300000000001,46.34146341463415,88.71183976740429,79.85435682577685,92.65505226480835,19.799498746867172,72.82233346654527,0.45426829268292684,0.9390243902439024,0.8780487804878049,0.9451219512195121,C,A,B+,A,brinkerinternationalinc,-0.03703703703703709,0.7407407407407407,0.7109375,27.0,0.0,0.0,-0.03703703703703709,0.15789473684210525,D,69.802283341232,71.09375,42.65625,32.1865383364928,False,False,19.799498746867172
MLI,Mueller Industries Inc,Industrials,Industrial Machinery & Supplies & Components,60.52,15.6451,2.8547,10.5231,4.192326075963397,-24.03,14.81,25.85,0.2286,25.840000000000003,0.5361050328227571,20.4979,-24.03,14.81,20.4979,0.5361050328227571,25.85,0.2286,25.840000000000003,66.95652173913044,48.328120885793666,84.49275362318842,62.32819074333801,98.60237596086652,64.99358116640605,0.7565217391304347,0.4434782608695652,0.9239130434782609,0.6130434782608696,B,C,A-,B-,muellerindustriesinc,0.16666666666666674,0.8333333333333334,0.7045454545454546,6.0,0.0,0.0,0.07867647058823522,1.0,A+,69.85381876249271,70.45454545454545,42.27272727272727,32.16880023226981,False,False,48.328120885793666
HALO,Halozyme Therapeutics Inc,Health Care,Biotechnology,113.9,31.5114,7.8336,21.7037,274.85521235521236,-23.53,41.15,180.63,0.3557,18.67,0.9470466600737213,52.3268,-23.53,41.15,52.3268,0.9470466600737213,94.53650000000002,0.3557,18.67,39.40207330618289,55.66836644094372,92.45495495495497,73.14548591144336,99.01477832512316,63.72702753576189,0.39864864864864863,0.6013513513513513,0.9662162162162162,0.7297297297297297,C-,B-,A,B,halozymetherapeuticsinc,0.125,0.8125,0.75,16.0,0.0,0.0,0.06963496861195058,1.0,A+,68.6285053682742,75.0,45.0,31.951402147309683,False,False,39.40207330618289
PR,Permian Resources Corp,Energy,Oil & Gas Exploration & Production,21.36,14.4508,3.1102,5.3469,1.7376024990238188,-1.68,12.81,11.32,0.3132,8.62,0.7418409285585182,59.8391,-1.68,12.81,59.8391,0.7418409285585182,11.32,0.3132,8.62,56.25,45.89624248915099,57.8125,81.13636363636363,46.42857142857143,58.92214622510293,0.625,0.40625,0.515625,0.8125,B-,C,C+,B+,permianresourcescorp,0.032258064516129004,0.9032258064516129,0.8541666666666667,31.0,90.0,84.89281911636292,0.032258064516129004,0.5,C,58.565003367960074,85.41666666666667,85.20712764654516,31.946714111838546,False,False,45.89624248915099
SM,SM Energy Co,Energy,Oil & Gas Exploration & Production,33.91,8.1923,1.5654,4.4338,0.8081352119120703,-28.4,67.03,16.53,0.31079999999999997,8.959999999999999,0.682704272086271,28.4303,-28.4,60.22449999999998,28.4303,0.682704272086271,16.53,0.31079999999999997,8.959999999999999,78.125,58.85426808630986,64.0625,54.03409090909091,100.0,63.12454679908015,0.90625,0.6875,0.6640625,0.515625,A-,B-,B-,C+,smenergyco,0.1462450592885376,0.782608695652174,0.7410714285714286,23.0,0.0,0.0,0.1158102766798419,1.0,A+,68.12454679908015,74.10714285714286,44.464285714285715,31.696247291060633,False,False,54.03409090909091
WDC,Western Digital Corp,Information Technology,"Technology Hardware, Storage & Peripherals",456.81,16.487,12.0267,36.1537,17.763303715513388,363.83,35.7,117.8,0.3025,85.72999999999999,0.5059975520195837,310.5297,363.83,35.7,267.93925,0.5059975520195837,117.8,0.3025,62.34099999999999,48.41997264021887,88.8250319284802,91.66666666666667,70.85243180123524,7.291666666666666,71.95715257266448,0.5,0.9651162790697675,0.9418604651162791,0.75,C,A,A,B,westerndigitalcorp,-0.08787541713014457,0.7741935483870968,0.7430555555555556,31.0,0.0,0.0,-0.041951910391390984,0.05,F,67.68631923933116,74.30555555555556,44.583333333333336,31.5328610290658,False,False,7.291666666666666
BG,Bunge Global SA,Consumer Staples,Agricultural Products & Services,109.0,20.7019,0.227,12.3223,1.325550285783777,-48.66,80.53,6.329999999999999,0.0209,3.25,0.5408715718469866,39.524,-48.66,29.355,39.524,0.5408715718469866,6.329999999999999,0.0209,3.25,71.36150234741784,56.97228241242326,26.760563380281692,79.37793427230048,58.33333333333333,56.80055976886963,0.823943661971831,0.5492957746478874,0.18309859154929578,0.8028169014084507,B+,C+,D,B+,bungeglobalsa,0.0,0.9,0.8300000000000001,20.0,90.0,84.89281911636292,0.0,0.5833333333333334,C+,57.63389310220297,83.0,83.75712764654517,31.429270005535706,False,False,26.760563380281692
DVN,Devon Energy Corp,Energy,Oil & Gas Exploration & Production,47.05,16.0368,2.6733,7.3656,1.8846686908662664,-5.34,14.64,14.899999999999999,0.2274,10.52,0.7335216572504707,38.881,-5.34,14.64,38.881,0.7335216572504707,14.899999999999999,0.2274,10.52,48.4375,47.158076712659025,61.197916666666664,69.54545454545455,75.0,55.74956041828938,0.453125,0.453125,0.59375,0.65625,C,C,C+,B-,devonenergycorp,0.06628787878787878,0.8787878787878788,0.8355263157894737,33.0,66.25,75.12358449900935,0.06628787878787878,0.75,B,58.24956041828938,83.55263157894737,80.18101274697216,31.317925442012967,False,False,47.158076712659025
MCK,McKesson Corp,Health Care,Health Care Distributors,866.64,21.8876,0.2446,15.5479,27.571813528208423,49.07,8.84,39.43,0.0158,16.23,0.5334343826007262,14.3022,49.07,8.84,14.3022,0.5334343826007262,39.43,0.0158,16.23,79.13118598050104,66.41004942996094,60.0,41.44144144144144,16.149068322981368,61.353094669405735,0.8851351351351351,0.7567567567567568,0.5878378378378378,0.3783783783783784,B+,B,C+,C-,mckessoncorp,-0.0778985507246377,0.7916666666666666,0.75,24.0,90.0,84.89281911636292,-0.0778985507246377,0.14285714285714285,D,57.968001501703874,75.0,78.95712764654516,31.082913365336065,False,False,16.149068322981368
SMTC,Semtech Corp,Information Technology,Semiconductors,182.3,49.7382,13.3699,263.2474,30.731107027865345,1063.4,25.36,51.24999999999999,0.102,29.270000000000003,0.9373591707976567,191.6597,704.4859999999999,25.36,191.6597,0.9373591707976567,51.24999999999999,0.102,29.270000000000003,19.594163246694027,85.54293441514537,70.73643410852713,90.75218278253774,75.0,62.84167277834191,0.12790697674418605,0.9302325581395349,0.7267441860465116,0.9534883720930233,D,A,B,A,semtechcorp,0.049407114624505866,0.9130434782608695,0.8482142857142856,23.0,90.0,84.89281911636292,0.049407114624505866,0.7375,B,65.34167277834192,84.82142857142856,84.8499847894023,30.777052177635777,True,False,19.594163246694027
NJR,New Jersey Resources Corp,Utilities,Gas Utilities,50.61,13.9498,3.6573,11.6365,2.1262293773395453,-11.74,10.73,14.42,0.3956,5.89,0.410919540229885,7.7897,-11.74,10.73,7.7897,0.410919540229885,14.42,0.39203,5.89,59.195402298850574,46.58614431441267,89.6551724137931,83.04399524375744,26.08695652173913,68.13867158979494,0.6551724137931034,0.41379310344827586,0.9655172413793104,0.8448275862068966,B-,C,A,B+,newjerseyresourcescorp,-0.09090909090909094,0.7272727272727273,0.671875,11.0,0.0,0.0,-0.09090909090909094,0.25,D+,65.74736724196885,67.1875,40.3125,30.33019689678754,False,False,26.08695652173913
JNJ,Johnson & Johnson,Health Care,Pharmaceuticals,271.22,30.9671,6.6523,21.0188,8.008953302268445,-7.75,8.06,25.740000000000002,0.25730000000000003,16.04,0.9064843824171654,53.1949,-7.75,8.06,53.1949,0.9064843824171654,25.740000000000002,0.25730000000000003,16.04,41.88572133777613,42.61511133408392,81.08108108108108,82.3731048121292,86.81318681318682,60.73934383395694,0.42567567567567566,0.40540540540540543,0.8716216216216216,0.8851351351351351,C,C,B+,B+,johnsonjohnson,0.032258064516129115,0.7096774193548387,0.6875,31.0,0.0,0.0,0.032258064516129115,0.8857142857142857,B+,64.42066251527562,68.75,41.25,29.89326500611025,False,False,41.88572133777613
BALL,Ball Corp,Materials,"Metal, Glass & Plastic Containers",56.83,15.8459,1.0475,10.3058,2.7819931661755057,82.34,15.56,17.05,0.1025,7.359999999999999,0.5115089514066494,16.2972,82.34,15.56,16.2972,0.5115089514066494,17.05,0.1025,7.359999999999999,73.03921568627452,82.23039215686275,59.80392156862745,60.78431372549019,10.22727272727273,66.81372549019608,0.8235294117647058,0.9117647058823529,0.5955882352941176,0.5735294117647058,B+,A-,C+,C+,ballcorp,-0.045454545454545525,0.7727272727272727,0.7314814814814814,22.0,0.0,0.0,-0.020256916996047397,0.0625,D-,62.83645276292336,73.14814814814814,43.88888888888888,29.523469994058235,False,False,10.22727272727273
ANET,Arista Networks Inc,Information Technology,Communications Equipment,206.55,64.1433,24.6124,55.4237,20.979766789907774,24.69,32.57,30.78,0.4314,30.78,0.9169074424628876,41.2104,24.69,32.57,41.2104,0.9169074424628876,30.78,0.4314,30.78,18.88052895576835,70.3089191891347,85.07751937984496,69.2843257253942,62.5,58.908161066809114,0.12209302325581395,0.7441860465116279,0.8837209302325582,0.7325581395348837,D,B,B+,B,aristanetworksinc,0.031092436974789917,0.9428571428571428,0.8937499999999999,35.0,90.0,84.89281911636292,0.031092436974789917,0.6,C+,60.158161066809114,89.375,87.58212764654516,29.08135537189554,True,False,18.88052895576835
KRYS,Krystal Biotech Inc,Health Care,Biotechnology,345.82,42.3907,23.2378,48.1752,8.277720862097029,62.37,22.63,19.34,0.4489,19.34,0.8364260096678621,112.9383,62.37,22.63,109.026165,0.8364260096678621,19.34,0.39204500000000014,19.34,19.449586572874242,74.43048767781943,85.02252252252252,82.82921219091432,55.66502463054187,62.56996724759594,0.08108108108108109,0.8513513513513513,0.8986486486486487,0.8986486486486487,D-,B+,B+,B+,krystalbiotechinc,0.005847953216374324,0.8947368421052632,0.8229166666666666,19.0,90.0,84.89281911636292,0.005847953216374324,0.5714285714285714,C+,63.136469710650125,82.29166666666666,83.33212764654516,29.07160312922943,True,False,19.449586572874242
FIX,Comfort Systems USA Inc,Industrials,Construction & Engineering,1658.91,39.9659,5.1057,29.0001,23.830633866044174,108.88,46.11,53.55,0.16469999999999999,51.739999999999995,0.6848267640604714,107.6403,108.88,28.674999999999983,69.52242999999993,0.6848267640604714,53.55,0.16469999999999999,28.302999999999987,15.072463768115943,91.35438233264321,85.72463768115942,93.84057971014494,73.82075471698113,67.23826777087648,0.06521739130434782,0.9782608695652174,0.941304347826087,0.9782608695652174,D-,A+,A,A+,comfortsystemsusainc,0.017857142857142905,0.875,0.7976190476190476,16.0,0.0,0.0,0.017857142857142905,0.7169811320754716,B,69.62034324257459,79.76190476190476,47.857142857142854,27.987074889983816,True,False,15.072463768115943
AIR,AAR Corp,Industrials,Aerospace & Defense,116.11,25.6669,1.4564,14.7783,2.717695330694673,1500.3,18.97,12.19,0.0933,7.57,0.5248902821316614,47.7089,172.17599999999996,18.97,47.7089,0.5248902821316614,12.19,0.0933,7.57,57.10144927536231,88.0607315389924,38.69565217391304,82.9399585921325,12.5512715340443,63.14941338854382,0.6304347826086957,0.9608695652173913,0.33043478260869563,0.8521739130434782,B-,A,C-,B+,aarcorp,-0.06818181818181823,0.75,0.6911764705882353,12.0,0.0,0.0,-0.06818181818181823,0.09433962264150944,D-,59.40454054194825,69.11764705882352,41.47058823529411,27.908875040308715,False,False,12.5512715340443
AA,Alcoa Corp,Materials,Aluminum,42.85,8.8524,0.831,10.6076,1.8427492011886486,24.14,6.46,19.16,0.0361,14.01,0.2247526600709353,39.6131,24.14,6.46,39.6131,0.2247526600709353,19.16,0.0361,14.01,79.90196078431373,51.07416879795396,60.0,55.24296675191816,15.909090909090912,61.23891730605286,0.8823529411764706,0.5,0.6176470588235294,0.5147058823529411,B+,C,B-,C+,alcoacorp,-0.011857707509881354,0.7272727272727273,0.6944444444444444,22.0,0.0,0.0,-0.011857707509881354,0.125,D,57.829826396961955,69.44444444444444,41.666666666666664,27.298597225451452,False,False,15.909090909090912
COR,Cencora Inc,Health Care,Health Care Distributors,306.92,22.3136,0.176,16.5395,39.47117981429564,38.37,5.09,106.43,0.91,21.19,0.4679023508137433,3.2672,38.37,5.09,3.2672,0.4679023508137433,94.53650000000002,0.39204500000000014,21.19,77.9927187461434,49.22018257195249,95.04504504504503,30.067567567567565,8.074534161490684,64.11699097570113,0.8716216216216216,0.4797297297297297,0.9932432432432432,0.23648648648648649,B+,C,A+,D+,cencorainc,-0.08571428571428574,0.7142857142857143,0.6826923076923077,21.0,0.0,0.0,-0.0796626753468186,0.05714285714285714,D-,59.92444439185019,68.26923076923077,40.96153846153846,27.174648639829048,False,True,8.074534161490684
DCOM,Dime Community Bancshares Inc,Financials,Regional Banks,40.37,16.1056,2.11729,,1.1998632803792484,225.06,42.91451,7.670000000000001,0.4435096,6.45,0.9020807833537331,30.8978,182.343,42.91451,30.8978,0.8922528398737745,7.670000000000001,0.4435096,6.45,54.16666666666667,66.31960456319605,17.105263157894736,95.42172739541161,61.04594330400782,55.16624884786189,0.5263157894736842,0.7850877192982456,0.17105263157894737,0.9736842105263158,C+,B,D,A+,dimecommunitybancsharesinc,0.0,0.8181818181818182,0.734375,11.0,0.0,0.0,0.0,0.5,C,56.270843178262666,73.4375,44.0625,26.914587271305066,False,False,17.105263157894736
AVGO,Broadcom Inc,Information Technology,Semiconductors,352.81,44.0374,18.9115,38.434,20.576090886823046,100.1,48.69,43.91,0.4797,25.34,0.3065255559890754,3.2566,100.1,48.69,3.2566,0.3065255559890754,43.91,0.4510199999999997,25.34,29.99544003647971,82.23741910557325,88.3720930232558,24.63141574867401,14.285714285714285,55.96565023578333,0.27325581395348836,0.9069767441860465,0.9244186046511628,0.18604651162790697,D+,A-,A-,D,broadcominc,-0.01629072681704269,0.9122807017543859,0.8830645161290321,57.0,90.0,84.89281911636292,-0.01629072681704269,0.1,D-,52.39422166435476,88.30645161290322,86.9409986142871,26.88935317713325,True,True,14.285714285714285
PTGX,Protagonist Therapeutics Inc,Health Care,Biotechnology,141.86,111.3424,32.736,147.1403,14.44146959717401,45.97,34.81,12.030000000000001,0.2069,12.030000000000001,0.8077508369686518,108.2487,45.97,34.81,108.2487,0.8077508369686518,12.030000000000001,0.2069,12.030000000000001,11.514253980007405,76.71275537793886,65.31531531531532,73.45600920069006,81.77339901477832,54.24114523955647,0.033783783783783786,0.8716216216216216,0.6891891891891891,0.7432432432432432,F,B+,B-,B,protagonisttherapeuticsinc,0.04999999999999993,0.95,0.87,20.0,90.0,84.89281911636292,0.04999999999999993,0.8285714285714286,B+,57.418485141034296,87.0,86.15712764654516,26.58956155341285,True,False,11.514253980007405
AMD,Advanced Micro Devices Inc,Information Technology,Semiconductors,630.63,159.9212,24.9106,134.0651,16.316556144032166,124.33,39.54,10.07,0.15710000000000002,9.59,1.0,281.9826,124.33,39.54,267.93925,0.9443389483804683,10.07,0.15710000000000002,9.59,9.532603739170083,83.92224475997295,49.806201550387605,96.86650346797225,53.571428571428584,55.99245096797846,0.05813953488372093,0.9127906976744186,0.5087209302325582,1.0,D-,A-,C+,A+,advancedmicrodevicesinc,0.023490930716622116,0.8305084745762712,0.80859375,59.0,66.25,75.12358449900935,0.023490930716622116,0.525,C+,56.349593825121325,80.859375,78.56505879960375,25.960597947269232,True,False,9.532603739170083
PLTR,Palantir Technologies Inc,Information Technology,Application Software,189.67,151.0887,74.0404,170.4172,61.3937981485078,290.0,78.92,37.47,0.428,37.47,0.8235294117647056,7.2566,290.0,58.24949999999999,7.2566,0.8235294117647056,37.47,0.428,37.47,8.169174646602825,95.68512749927558,87.79069767441861,77.71026403217344,69.23076923076923,63.66904638654517,0.05232558139534884,0.9941860465116279,0.9127906976744186,0.8372093023255814,D-,A+,A-,B+,palantirtechnologiesinc,0.03373819163292846,0.717948717948718,0.6988636363636364,39.0,0.0,0.0,0.03373819163292846,0.65,B-,65.5921233096221,69.88636363636364,41.93181818181818,25.900910227867953,True,False,8.169174646602825
PGNY,Progyny Inc,Health Care,Health Care Services,25.44,24.8233,1.4892,15.2648,4.10978821020662,58.09,5.54,15.98,0.0855,15.98,0.5505452402004127,19.6774,58.09,5.54,19.6774,0.5505452402004127,15.98,0.0855,15.98,68.99913612242379,47.72059828475757,61.26126126126127,45.932432432432435,17.989417989417987,56.295705489359264,0.7635135135135135,0.44594594594594594,0.6013513513513513,0.4189189189189189,B,C,B-,C,progynyinc,-0.04901960784313719,0.8333333333333334,0.7717391304347826,18.0,0.0,0.0,-0.04901960784313719,0.17142857142857143,D,53.09464728830106,77.17391304347827,46.30434782608696,25.868293697929122,False,False,17.989417989417987
CPAY,Corpay Inc,Financials,Transaction & Payment Processing Services,398.11,23.0408,5.2355,12.8192,7.007375072606622,12.37,20.36,30.4,0.4361,8.43,0.8319207421830261,35.1382,12.37,20.36,35.1382,0.8319207421830261,30.4,0.4361,8.43,13.815789473684209,49.6078431372549,89.03508771929825,92.52837977296181,89.45981554677206,59.13996388028896,0.07894736842105263,0.5087719298245614,0.8903508771929824,0.9473684210526315,D-,C+,B+,A,corpayinc,0.007905138339920903,0.8260869565217391,0.7767857142857143,23.0,0.0,0.0,0.007905138339920903,0.9090909090909091,A-,63.08594543496616,77.67857142857143,46.607142857142854,25.843520718451835,True,False,13.815789473684209
VRTX,Vertex Pharmaceuticals Inc,Health Care,Biotechnology,526.19,30.4562,10.6589,25.2667,7.160021771669616,22.46,10.23,23.31,0.3795,23.28,0.8169604471195188,38.7021,22.46,10.23,38.7021,0.8169604471195188,23.31,0.3795,23.28,35.76453165494261,51.445803591301015,88.06306306306305,51.09833237492813,15.270935960591133,56.46572587274724,0.35135135135135137,0.5135135135135135,0.9324324324324325,0.49324324324324326,C-,C+,A,C,vertexpharmaceuticalsinc,-0.019444444444444375,0.8055555555555556,0.774390243902439,36.0,0.0,0.0,-0.019444444444444375,0.11428571428571428,D,52.99281946880635,77.4390243902439,46.46341463414634,25.843469250937176,False,False,15.270935960591133
V,Visa Inc,Financials,Transaction & Payment Processing Services,367.38,30.2065,15.3395,24.4874,18.564671639075858,14.72,14.39,61.260000000000005,0.6068,37.39,0.8015933699753162,8.6512,14.72,14.39,8.6512,0.8015933699753162,43.39949999999999,0.5825935199999999,28.808499999999995,8.771929824561404,47.51231086041722,97.58771929824562,71.49638802889577,35.046113306982875,55.391652058564354,0.06140350877192982,0.4342105263157895,0.9758771929824561,0.7236842105263158,D-,C,A+,B,visainc,-0.03431372549019607,0.8823529411764706,0.8526785714285714,51.0,90.0,84.89281911636292,-0.03431372549019607,0.30303030303030304,C-,53.89626338926264,85.26785714285714,85.11784193225945,25.731199521914203,True,False,8.771929824561404
SCL,Stepan Co,Materials,Specialty Chemicals,64.53,1000000.0,0.5985,13.3326,1.1735885292769692,-31.52,7.63,-0.22,0.82,-0.13999999999999999,0.8674560733384263,34.1884,-31.52,7.63,34.1884,0.827452802210118,-0.22,0.44227999999999995,-0.13999999999999999,48.77450980392157,43.01120448179272,47.05882352941177,84.87394957983193,39.58333333333333,54.535364145658264,0.5294117647058824,0.35294117647058826,0.4264705882352941,0.8676470588235294,C+,C-,C,B+,stepanco,0.0,0.8,0.675,5.0,0.0,0.0,0.0,0.3125,C-,53.4936974789916,67.5,40.5,25.447478991596643,False,False,39.58333333333333
CFG,Citizens Financial Group Inc,Financials,Regional Banks,65.53,12.8701,1.48499,,1.0688235601137817,37.2,62.72879,8.14,0.31448550000000003,5.87,0.6420091324200914,21.6532,37.2,62.72879,21.6532,0.6420091324200914,8.14,0.31448550000000003,5.87,67.10526315789474,72.52271802522719,18.859649122807017,72.44601889338732,14.271749755620721,55.48497545389834,0.7280701754385965,0.8728070175438597,0.18859649122807018,0.7368421052631579,B,B+,D,B,citizensfinancialgroupinc,-0.08300395256916993,0.8260869565217391,0.7767857142857143,23.0,0.0,0.0,-0.08300395256916993,0.12121212121212122,D,51.91215042946042,77.67857142857143,46.607142857142854,25.425574457498453,False,False,14.271749755620721
R,Ryder System Inc,Industrials,Cargo Ground Transportation,235.57,18.2666,0.7068,6.0075,3.042435498223513,4.74,1.12,16.7,0.07780000000000001,4.66,0.6154210775793965,27.9933,4.74,1.12,27.9933,0.6154210775793965,16.7,0.07780000000000001,4.66,86.95652173913044,37.312252964426875,36.52173913043478,68.69565217391305,11.949685534591199,57.07114624505929,0.9347826086956522,0.2782608695652174,0.30869565217391304,0.7086956521739131,A,D+,C-,B,rydersysteminc,-0.09027777777777779,0.7222222222222222,0.6847826086956522,18.0,0.0,0.0,-0.09027777777777779,0.07547169811320754,D-,53.26611479851841,68.47826086956522,41.08695652173913,25.41514157158128,False,False,11.949685534591199
FNB,FNB Corp,Financials,Regional Banks,17.64,10.289,2.56275,,0.9325093700275419,30.25,64.79501,8.94,0.42536409999999997,7.049999999999999,0.6198830409356726,8.2557,30.25,64.79501,8.2557,0.6198830409356726,8.94,0.42536409999999997,7.049999999999999,84.64912280701753,69.67991319679913,23.684210526315788,47.169365721997295,9.090909090909092,55.45318911709262,0.9517543859649122,0.8289473684210527,0.23684210526315788,0.4868421052631579,A,B+,D+,C,fnbcorp,-0.08333333333333326,0.8333333333333334,0.75,12.0,0.0,0.0,-0.08333333333333326,0.06060606060606061,D-,51.36228002618353,75.0,45.0,25.04491201047341,False,False,9.090909090909092
APP,Applovin Corp,Information Technology,Application Software,310.75,23.7119,15.3121,19.6547,49.248787600240895,84.72,60.59,193.1,0.7744,76.07000000000001,0.02956863270179197,-51.3226,84.72,58.24949999999999,-40.40435,0.09308777138615698,118.70899999999997,0.4510199999999997,62.34099999999999,51.82626538987688,88.63183596322543,97.67441860465117,7.113277379495248,6.730769230769229,61.52419366717615,0.5697674418604651,0.9593023255813954,1.0,0.02616279069767442,C+,A,A+,F,applovincorp,-0.10510510510510507,0.7837837837837838,0.7559523809523809,37.0,90.0,84.89281911636292,-0.041951910391390984,0.025,F,57.19727059025307,75.59523809523809,79.31427050368802,25.0,False,True,6.730769230769229
ATR,Aptargroup Inc,Materials,"Metal, Glass & Plastic Containers",123.87,21.5639,1.9875,11.0892,2.980574651520365,-4.4,8.93,13.56,0.1281,9.0,0.4725274725274726,-5.5143,-4.4,8.93,-5.5143,0.4725274725274726,13.56,0.1281,9.0,56.862745098039206,52.37745098039216,67.15686274509804,40.44117647058823,100.0,54.56862745098039,0.6544117647058824,0.5294117647058824,0.6764705882352942,0.36764705882352944,B-,C+,B-,C-,aptargroupinc,0.08333333333333337,0.8333333333333334,0.75,12.0,0.0,0.0,0.052083333333333315,1.0,A+,59.56862745098039,75.0,45.0,25.0,False,False,40.44117647058823
SKYW,SkyWest Inc,Industrials,Passenger Airlines,102.29,9.6506,0.944,5.9147,1.485001183181117,2.47,9.1,15.02,0.14029999999999998,8.04,0.6126035651518957,-2.1572,2.47,9.1,-2.1572,0.6126035651518957,15.02,0.14029999999999998,8.04,90.0,46.45423014988232,49.56521739130435,50.88566827697262,7.629204265791634,59.35928403319708,0.9652173913043478,0.4217391304347826,0.4782608695652174,0.4826086956521739,A,C,C,C,skywestinc,-0.14102564102564108,0.6923076923076923,0.6527777777777778,13.0,0.0,0.0,-0.09159356725146199,0.05660377358490566,D-,55.12220445977624,65.27777777777779,39.16666666666667,25.0,False,False,7.629204265791634
ADSK,Autodesk Inc,Information Technology,Application Software,209.4,26.9778,5.6865,20.8784,14.578923916675949,59.92,17.94,52.5,0.262,28.02,0.169684061057863,-33.1558,59.92,17.94,-33.1558,0.169684061057863,52.5,0.262,28.02,58.97628818969448,68.72825070467059,82.94573643410853,21.571661712420582,13.461538461538458,58.54048863936898,0.6337209302325582,0.7151162790697675,0.8546511627906976,0.1569767441860465,B-,B,B+,D,autodeskinc,-0.03953488372093028,0.8604651162790697,0.828125,43.0,90.0,84.89281911636292,-0.03953488372093028,0.075,D-,54.88664248552283,82.8125,83.64462764654516,25.0,False,True,13.461538461538458
FSLR,First Solar Inc,Information Technology,Semiconductors,177.71,10.8571,3.5248,7.2758,1.999374457150315,38.7,23.82,18.02,0.33649999999999997,17.2,0.046020646020646004,-21.4491,38.7,23.82,-21.4491,0.09308777138615698,18.02,0.33649999999999997,17.2,85.2530779753762,62.77417173766058,73.44961240310077,8.977396980824153,92.85714285714286,59.025986338316194,0.8953488372093024,0.6511627906976745,0.75,0.046511627906976744,B+,B-,B,F,firstsolarinc,0.0700354609929078,0.7083333333333334,0.6933962264150945,48.0,0.0,0.0,0.0700354609929078,0.9,B+,63.31170062403048,69.33962264150945,41.60377358490567,25.0,False,True,8.977396980824153
NBIX,Neurocrine Biosciences Inc,Health Care,Biotechnology,138.4,19.8371,4.148,16.3623,4.258658091911935,101.29,34.42,21.13,0.23559999999999998,21.13,0.25414191934979685,-5.2703,101.29,34.42,-5.2703,0.25414191934979685,21.13,0.23559999999999998,21.13,58.85165987905714,87.67330640156652,80.85585585585586,10.925819436457735,38.42364532019704,59.64670410133309,0.6216216216216216,0.9527027027027027,0.8648648648648649,0.07432432432432433,B-,A,B+,D-,neurocrinebiosciencesinc,0.0,0.8611111111111112,0.8231707317073171,36.0,90.0,84.89281911636292,0.0,0.34285714285714286,C-,58.489068633352794,82.31707317073172,83.3473715489842,25.0,False,True,10.925819436457735
FSS,Federal Signal Corp,Industrials,Construction Machinery & Heavy Transportation Equipment,114.75,24.2434,2.8265,17.4835,5.05664767394207,29.03,23.97,20.22,0.16149999999999998,15.370000000000001,0.40705176294073525,-7.0392,29.03,23.97,-7.0392,0.40705176294073525,20.22,0.16149999999999998,15.370000000000001,44.05797101449275,86.28312106572976,67.68115942028986,36.96969696969697,16.552315608919383,57.585346215781,0.43043478260869567,0.9434782608695652,0.691304347826087,0.34782608695652173,C,A,B-,C-,federalsignalcorp,-0.050000000000000044,0.75,0.6911764705882353,12.0,0.0,0.0,-0.050000000000000044,0.1320754716981132,D,54.24057777667294,69.11764705882352,41.47058823529411,25.0,False,False,16.552315608919383
PCTY,Paylocity Holding Corp,Industrials,Human Resource & Employment Services,143.35,28.2534,4.3025,14.9268,6.252071666579439,23.04,11.04,23.44,0.21789999999999998,21.89,0.6803382778092999,-13.0298,23.04,11.04,-13.0298,0.6803382778092999,23.44,0.21789999999999998,21.89,39.27536231884058,72.85063969846578,81.30434782608695,43.29192546583852,18.267581475128644,58.37344056909274,0.3630434782608696,0.8391304347826087,0.8695652173913043,0.4043478260869565,C-,B+,B+,C,paylocityholdingcorp,-0.03703703703703709,0.8148148148148148,0.7734375,27.0,90.0,84.89281911636292,-0.03703703703703709,0.1509433962264151,D,55.200198716605605,77.34375,80.36337764654516,25.0,False,False,18.267581475128644
EFC,Ellington Financial Inc,Financials,Specialized Finance,12.36,7.1768,2.7326,557.5534,0.7623747108712413,23.45,30.99,11.87,-0.0548,1.17,0.3802816901408451,-4.6261,23.45,30.99,-4.6261,0.3802816901408451,11.87,0.05000000000000002,1.17,95.17543859649123,60.04151100041511,45.83333333333333,30.14354066985646,9.090909090909097,58.28920331651045,0.9912280701754386,0.6885964912280702,0.4583333333333333,0.3026315789473684,A+,B-,C,C-,ellingtonfinancialinc,-0.08333333333333337,0.75,0.6911764705882353,12.0,0.0,0.0,-0.0833333333333333,0.09090909090909091,D-,54.19829422560136,69.11764705882352,41.47058823529411,25.0,False,False,9.090909090909097
TOL,Toll Brothers Inc,Consumer Discretionary,Homebuilding,137.34,10.4524,1.1642,9.094,1.574169589436765,-8.47,-1.08,14.23,0.1384,10.71,0.313868613138686,-0.9329,-8.47,-1.08,-0.9329,0.313868613138686,14.23,0.1384,10.71,66.05691056910568,51.0683711378268,51.80682328295676,67.98606271777004,94.9874686716792,58.27682023413498,0.7012195121951219,0.4817073170731707,0.47560975609756095,0.6829268292682927,B,C,C,B-,tollbrothersinc,0.07246376811594202,0.7391304347826086,0.7053571428571428,23.0,0.0,0.0,0.07246376811594202,0.9473684210526315,A,62.7755671013029,70.53571428571428,42.32142857142856,25.0,False,False,51.0683711378268
APOG,Apogee Enterprises Inc,Industrials,Building Products,37.15,11.0977,0.5415,6.617,1.5403369253796941,35.74,1.79,13.43,0.0688,9.02,0.31790816427904384,-18.9868,35.74,1.79,-18.9868,0.31790816427904384,13.43,0.0688,9.02,94.05797101449275,61.90210414689959,39.56521739130435,32.6829268292683,6.748911465892597,57.32280329668285,0.991304347826087,0.6782608695652174,0.35434782608695653,0.28695652173913044,A+,B-,C-,D+,apogeeenterprisesinc,-0.13888888888888884,0.75,0.6730769230769231,8.0,0.0,0.0,-0.09159356725146199,0.03773584905660377,F,52.99769444327211,67.3076923076923,40.38461538461538,25.0,False,True,6.748911465892597
CRUS,Cirrus Logic Inc,Information Technology,Semiconductors,119.92,13.865,2.9123,9.8324,2.851259908793921,28.21,6.25,20.349999999999998,0.2305,20.349999999999998,0.18419633225458468,-5.9903,28.21,6.25,-5.9903,0.18419633225458468,20.349999999999998,0.2305,20.349999999999998,84.66484268125855,38.04530087897228,73.44961240310077,15.986617707058342,85.71428571428571,55.33499748829596,0.8837209302325582,0.32558139534883723,0.75,0.09302325581395349,B+,C-,B,D-,cirruslogicinc,0.05769230769230771,0.75,0.6911764705882353,12.0,0.0,0.0,0.05769230769230771,0.875,B+,58.90642605972453,69.11764705882352,41.47058823529411,24.84200482530258,False,True,15.986617707058342
FICO,Fair Isaac Corp,Information Technology,Application Software,863.09,22.8474,7.7796,19.1882,75.87871221845165,35.35,24.09,145.71,0.5165,30.869999999999997,0.007077803343802794,-44.499,35.35,24.09,-40.40435,0.09308777138615698,118.70899999999997,0.4510199999999997,30.869999999999997,59.7765617875057,68.76350069808487,94.18604651162791,7.113277379495248,75.0,58.66600769029942,0.6395348837209303,0.7209302325581395,0.9767441860465116,0.02616279069767442,B-,B,A+,F,fairisaaccorp,0.03448275862068961,0.7241379310344828,0.698529411764706,29.0,0.0,0.0,0.03448275862068961,0.7375,B,61.16600769029942,69.8529411764706,41.911764705882355,24.733823742493044,False,True,7.113277379495248
CHEF,Chefs' Warehouse Inc,Consumer Staples,Food Distributors,110.27,48.9557,1.0252,24.2322,7.422939960822063,32.46,11.16,13.54,0.039599999999999996,6.01,0.8854926299456942,85.6662,32.46,11.16,67.46195,0.80919426818271,13.54,0.039599999999999996,6.01,28.16901408450704,82.9815817984832,38.497652582159624,97.10985915492958,11.594202898550723,57.684954857349226,0.23943661971830985,0.9295774647887324,0.31690140845070425,0.9859154929577465,D+,A-,C-,A+,chefswarehouseinc,-0.05714285714285705,0.8,0.7375,15.0,0.0,0.0,-0.05626984126984124,0.08333333333333333,D-,53.844375147204296,73.75,44.25,24.527485354922415,True,False,11.594202898550723
EXE,Expand Energy Corp,Energy,Oil & Gas Exploration & Production,86.84,7.229,1.4712,3.4865,1.1183371753100413,2866.66,60.73,14.7,0.2708,11.78,0.04455279085406869,-14.0446,625.0779999999986,60.22449999999998,-4.673054999999999,0.24091986324950568,14.7,0.2708,11.78,82.29166666666667,97.90975564240941,66.14583333333333,7.457386363636363,9.523809523809524,63.18280340120915,0.953125,1.0,0.703125,0.0234375,A,A+,B,F,expandenergycorp,-0.06666666666666665,0.8,0.7642857142857142,30.0,0.0,0.0,-0.029999999999999992,0.08333333333333333,D-,59.1351843535901,76.42857142857142,45.85714285714285,24.334754839020945,False,True,7.457386363636363
TBBK,Bancorp Inc,Financials,Regional Banks,50.58,8.9486,4.64103,,3.1057540571905755,16.07,89.12521,30.56,0.5646253999999999,19.72,0.06528279181708788,-35.0948,16.07,85.74899399999997,-35.0948,0.08148862112952271,30.56,0.5646253999999999,19.72,55.04385964912281,67.75494672754947,89.47368421052632,1.8893387314439947,97.40957966764418,55.05824305671098,0.543859649122807,0.8070175438596491,0.8947368421052632,0.0043859649122807015,C+,B+,B+,F,bancorpinc,0.11111111111111105,0.8888888888888888,0.7678571428571428,9.0,0.0,0.0,0.020432900432900393,0.9848484848484849,A+,59.7992010234754,76.78571428571428,46.07142857142856,24.31035859950599,False,True,1.8893387314439947
VICR,Vicor Corp,Industrials,Electrical Components & Equipment,281.96,89.526,27.4355,114.5995,17.934219146540812,115.29,24.95,19.830000000000002,0.1864,19.830000000000002,0.6995135635202483,422.7419,115.29,24.95,69.52242999999993,0.6995135635202483,19.830000000000002,0.1864,19.830000000000002,4.347826086956522,95.75809243328425,73.47826086956522,91.82864450127877,40.45283018867924,61.97386912604304,0.008695652173913044,1.0,0.7739130434782608,0.9391304347826087,F,A+,B,A,vicorcorp,0.0,0.9,0.7833333333333333,10.0,0.0,0.0,0.0,0.2641509433962264,D+,61.01915214491097,78.33333333333333,46.99999999999999,24.140375255029163,True,False,4.347826086956522
EQT,EQT Corp,Energy,Oil & Gas Exploration & Production,50.81,11.7359,3.3572,5.5646,1.33497632722553,134.0,30.17,11.15,0.4235,8.68,0.14152309465409754,0.2159,134.0,30.17,0.2159,0.24091986324950568,11.15,0.4235,8.68,57.291666666666664,85.29467332443159,62.5,14.14772727272727,65.47619047619047,54.83639678609844,0.65625,0.921875,0.6171875,0.078125,B-,A-,B-,D-,eqtcorp,0.04137931034482767,0.8,0.7642857142857142,30.0,0.0,0.0,0.04137931034482767,0.6666666666666666,B-,56.384015833717484,76.42857142857142,45.85714285714285,24.128552238008638,False,True,14.14772727272727
WWD,Woodward Inc,Industrials,Electrical Components & Equipment,330.31,35.1177,4.6245,25.6117,7.709489643969135,42.27,22.35,21.75,0.16,15.540000000000001,0.44575157391663983,37.1895,42.27,22.35,37.1895,0.44575157391663983,21.75,0.16,15.540000000000001,19.855072463768117,87.79676561006485,68.40579710144927,66.47058823529412,40.45283018867924,57.91868816037615,0.11304347826086956,0.9478260869565217,0.6978260869565217,0.6782608695652174,D,A,B-,B-,woodwardinc,0.0,0.8235294117647058,0.7613636363636364,17.0,0.0,0.0,0.0,0.2641509433962264,D+,56.963971179244076,76.13636363636364,45.68181818181818,24.11294315770895,True,False,19.855072463768117
ROST,Ross Stores Inc,Consumer Discretionary,Apparel Retail,236.12,28.3464,3.075,18.4408,12.300607424540786,31.42,14.02,42.34,0.1375,35.23,0.8118918918918919,57.532,31.42,14.02,45.64219999999995,0.7775096564870453,42.34,0.1375,35.23,15.650406504065039,81.36226669414445,77.57494139358572,96.5937762825904,9.330143540669859,63.897545569759664,0.0701219512195122,0.9024390243902439,0.8414634146341463,0.9847560975609756,D-,A-,B+,A+,rossstoresinc,-0.06552706552706555,0.7037037037037037,0.6796875,27.0,0.0,0.0,-0.042552706552706585,0.05263157894736842,D-,59.83055992382665,67.96875,40.78125,24.090608061904266,True,False,9.330143540669859
GTES,Gates Industrial Corporation PLC,Industrials,Industrial Machinery & Supplies & Components,26.86,18.6991,1.9395,11.9585,2.0426476851006874,81.96,3.34,10.7,0.13269999999999998,6.460000000000001,0.6321353065539111,7.8882,81.96,3.34,7.8882,0.6321353065539111,10.7,0.13269999999999998,6.460000000000001,67.2463768115942,53.338653254018155,40.14492753623188,58.27489481065919,6.498951781970649,54.170535699891985,0.7608695652173914,0.5173913043478261,0.3695652173913043,0.5521739130434783,B,C+,C-,C+,gatesindustrialcorporationplc,-0.0935672514619883,0.6842105263157895,0.65625,19.0,0.0,0.0,-0.09159356725146199,0.018867924528301886,F,49.82043087808905,65.625,39.375,23.86567235123562,False,False,6.498951781970649
BGC,Bgc Group Inc,Financials,Investment Banking & Brokerage,11.84,27.4922,1.6598,13.2701,5.7542768273716955,31.58,27.6,19.2,0.1155,7.02,0.7735644637053088,26.0417,31.58,27.6,26.0417,0.7735644637053088,19.2,0.1155,7.02,13.596491228070175,64.69155698809203,72.36842105263158,86.20227038183695,65.56473829201101,56.66999354416124,0.07456140350877193,0.7631578947368421,0.7236842105263158,0.8947368421052632,D-,B,B,B+,bgcgroupinc,0.0,0.8333333333333334,0.7045454545454546,6.0,0.0,0.0,0.0,0.8484848484848485,B+,58.22646737336234,70.45454545454545,42.27272727272727,23.7281193527326,True,False,13.596491228070175
LVS,Las Vegas Sands Corp,Consumer Discretionary,Casinos & Gaming,38.99,14.5611,1.833,8.2866,16.55204618780778,29.56,18.11,139.84,0.21489999999999998,10.24,0.028712565606668714,-27.0617,29.56,18.11,-27.0617,0.028712565606668714,139.84,0.21489999999999998,10.24,55.487804878048784,83.72207585971725,76.10105242156716,18.048780487804876,14.786967418546372,58.25138559440842,0.5792682926829268,0.9207317073170732,0.8048780487804879,0.10670731707317073,C+,A-,B+,D,lasvegassandscorp,-0.040000000000000036,0.72,0.6916666666666667,25.0,0.0,0.0,-0.040000000000000036,0.10526315789473684,D,54.73008233626305,69.16666666666667,41.5,23.52516572711554,False,True,14.786967418546372
SEZL,Sezzle Inc,Financials,Transaction & Payment Processing Services,111.38,22.9006,6.9504,17.2683,22.168262245486932,56.65,43.06,85.55,0.4039,50.529999999999994,0.42322686546747823,27.2517,56.65,43.06,27.2517,0.42322686546747823,43.39949999999999,0.4039,28.808499999999995,11.184210526315791,82.68152923269764,97.58771929824562,69.20536635706915,8.300395256916996,62.57036157409372,0.07017543859649122,0.9473684210526315,0.9758771929824561,0.706140350877193,D-,A,A+,B,sezzleinc,-0.14102564102564108,0.6923076923076923,0.6527777777777778,13.0,0.0,0.0,-0.0833333333333333,0.030303030303030304,F,58.40040109978542,65.27777777777779,39.16666666666667,23.460464015791676,True,False,8.300395256916996
TMDX,Transmedics Group Inc,Health Care,Health Care Equipment,85.29,19.4315,4.4097,35.5545,6.177748804867449,105.49,25.82,32.97,0.12210000000000001,13.239999999999998,0.2626310026591585,-28.5532,105.49,25.82,-28.5532,0.2626310026591585,32.97,0.12210000000000001,13.239999999999998,45.84413180303591,91.18962670851296,70.72072072072072,20.648648648648646,14.285714285714285,56.50886820237148,0.46621621621621623,0.9932432432432432,0.7162162162162162,0.16216216216216217,C,A+,B,D,transmedicsgroupinc,-0.05263157894736836,0.6842105263157895,0.65625,19.0,0.0,0.0,-0.05263157894736836,0.08571428571428572,D-,52.93743963094291,65.625,39.375,23.381751165253874,False,True,14.285714285714285
CI,Cigna Group,Health Care,Health Care Services,272.01,10.9825,0.2495,8.2625,1.7180461480547633,31.74,7.77,15.24,0.0352,8.649999999999999,0.42785676671932577,-7.5186,31.74,7.77,-7.5186,0.42785676671932577,15.24,0.0352,8.649999999999999,95.01419227446623,50.86701745993781,47.747747747747745,20.689189189189193,6.878306878306878,55.0017263353789,0.9864864864864865,0.5067567567567568,0.44594594594594594,0.16891891891891891,A+,C+,C,D,cignagroup,-0.08377896613190738,0.7647058823529411,0.7371794871794871,34.0,0.0,0.0,-0.0796626753468186,0.02857142857142857,F,50.68955702320959,73.71794871794872,44.230769230769226,23.080120493145227,False,True,6.878306878306878
CRS,Carpenter Technology Corp,Industrials,Industrial Machinery & Supplies & Components,396.84,36.8948,6.2566,23.817,8.837264198212683,41.87,8.59,25.869999999999997,0.21960000000000002,19.34,0.4242370943628528,65.2914,41.87,8.59,65.2914,0.4242370943628528,25.869999999999997,0.21960000000000002,19.34,16.811594202898547,70.11144965151833,81.44927536231884,75.72230014025246,15.793151642208247,58.731967349658504,0.0782608695652174,0.8043478260869565,0.8782608695652174,0.7739130434782608,D-,B+,B+,B,carpentertechnologycorp,-0.05714285714285705,0.8,0.7375,15.0,0.0,0.0,-0.05714285714285705,0.11320754716981132,D,55.31128251387933,73.75,44.25,22.942242216753943,True,False,15.793151642208247
WT,WisdomTree Inc,Financials,Asset Management & Custody Banks,24.33,44.604,5.9172,27.1831,8.276073202258656,8.1,37.14,19.25,0.2523,5.45,0.8961892247043363,67.1777,8.1,37.14,45.683969999999945,0.8922528398737745,19.25,0.2523,5.45,7.89473684210526,52.056448210808384,72.80701754385966,95.26714513556618,63.29201101928375,54.64015726576614,0.046052631578947366,0.5482456140350878,0.7280701754385965,0.9671052631578947,F,C+,B,A,wisdomtreeinc,0.0,0.8125,0.75,16.0,0.0,0.0,0.0,0.7121212121212122,B,55.96935836769452,75.0,45.0,22.801513930515323,True,False,7.89473684210526
HWM,Howmet Aerospace Inc,Industrials,Aerospace & Defense,232.48,49.5528,10.1693,34.7292,17.442322842030237,35.22,18.08,34.410000000000004,0.272,20.13,0.38559086946183707,20.5867,35.22,18.08,20.5867,0.38559086946183707,34.410000000000004,0.272,20.13,7.6811594202898545,74.90942028985506,87.39130434782608,64.98964803312629,43.970467596390485,56.747929606625256,0.021739130434782608,0.8652173913043478,0.9521739130434783,0.6478260869565218,F,B+,A,B-,howmetaerospaceinc,0.0,0.8214285714285714,0.7803030303030304,28.0,0.0,0.0,0.0,0.4716981132075472,C,56.1449763662643,78.03030303030305,46.81818181818183,22.685340121827267,True,False,7.6811594202898545
ORCL,Oracle Corp,Information Technology,Application Software,137.1,22.2865,5.8746,21.2082,9.288806683062663,49.08,21.62,42.58,0.3212,10.76,0.10863295520092286,-54.7624,49.08,21.62,-40.40435,0.10863295520092286,42.58,0.3212,10.76,60.90743274053807,70.47446721635362,73.83720930232558,10.194672728332456,21.15384615384615,54.81998849965313,0.6569767441860465,0.75,0.7616279069767442,0.05813953488372093,B-,B,B,D-,oraclecorp,-0.020408163265306145,0.7959183673469388,0.7731481481481481,49.0,0.0,0.0,-0.020408163265306145,0.15,D,51.93537311503774,77.31481481481481,46.388888888888886,22.339833523241182,False,True,10.194672728332456
PH,Parker-Hannifin Corp,Industrials,Industrial Machinery & Supplies & Components,978.33,33.5276,5.689,26.0291,8.002437548055687,5.03,8.31,25.11,0.2165,15.14,0.6837766856489066,30.2126,5.03,8.31,30.2126,0.6837766856489066,25.11,0.2165,15.14,17.536231884057973,50.404636391481674,77.2463768115942,78.31697054698458,26.484975541579313,54.439973561606294,0.09565217391304348,0.45217391304347826,0.8304347826086956,0.7913043478260869,D-,C,B+,B,parkerhannifincorp,-0.005882352941176561,0.7941176470588235,0.7628205128205128,34.0,0.0,0.0,-0.005882352941176561,0.20754716981132076,D+,52.08847111576423,76.28205128205127,45.76923076923076,22.180528427339894,True,False,17.536231884057973
AME,AMETEK Inc,Industrials,Electrical Components & Equipment,250.74,36.541,7.3244,24.2857,5.4031340504757965,10.33,12.66,14.549999999999999,0.2562,12.06,0.8728027343749998,32.0174,10.33,12.66,32.0174,0.8723212715732392,14.549999999999999,0.2562,12.06,15.942028985507244,63.25165551508262,65.65217391304348,81.71355498721228,40.45283018867924,54.391592825096666,0.07391304347826087,0.7260869565217392,0.6760869565217391,0.8391304347826087,D-,B,B-,B+,ametekinc,0.0,0.72,0.6916666666666667,25.0,0.0,0.0,0.0,0.2641509433962264,D+,53.43687584396459,69.16666666666667,41.5,22.001225019245183,True,False,15.942028985507244
IBKR,Interactive Brokers Group Inc,Financials,Investment Banking & Brokerage,89.24,134.4322,13.3661,34.8861,7.411652340019102,31.49,15.8,20.51,0.4729,2.96,0.7610552763819094,39.3422,31.49,15.8,39.3422,0.7610552763819094,20.51,0.4729,2.96,6.359649122807021,54.622616169755574,76.75438596491229,88.85448916408669,18.31955922865014,54.47392983869828,0.02412280701754386,0.5921052631578947,0.7675438596491229,0.9210526315789473,F,C+,B,A-,interactivebrokersgroupinc,-0.07282913165266103,0.8095238095238095,0.7596153846153846,21.0,0.0,0.0,-0.07282913165266103,0.15151515151515152,D,51.305885761563296,75.96153846153845,45.57692307692307,20.993539017372015,True,False,6.359649122807021
ANIP,ANI Pharmaceuticals Inc,Health Care,Pharmaceuticals,74.0,15.7162,1.7398,8.2677,3.0794967935780004,,30.9,19.64,0.1537,9.28,0.16119620714806715,-22.055,,30.9,-22.055,0.16119620714806715,19.64,0.1537,9.28,81.9480439343453,70.41858932102835,64.3018018018018,18.220171390903097,50.54945054945055,59.290213576423064,0.918918918918919,0.8040540540540541,0.6486486486486487,0.12837837837837837,A-,B+,B-,D,anipharmaceuticalsinc,0.0,0.8571428571428571,0.7763157894736842,14.0,0.0,0.0,0.0,0.5142857142857142,C+,59.34515863136812,77.63157894736842,46.578947368421055,18.75,False,True,18.220171390903097
META,Meta Platforms Inc,Communication Services,Interactive Media & Services,751.66,29.0892,8.6788,18.6868,8.7537907549833,-3.69,27.65,29.73,0.38079999999999997,23.74,0.8915114548049152,2.2257,-3.69,21.56999999999997,2.2257,0.8915114548049152,29.73,0.356955,23.74,17.733522996680893,74.2622724765582,87.28070175438597,72.4375127006706,18.840579710144926,60.59351322321247,0.13157894736842105,0.868421052631579,0.8947368421052632,0.7105263157894737,D,B+,B+,B,metaplatformsinc,-0.0017605633802817433,0.8732394366197183,0.8519736842105263,71.0,90.0,84.89281911636292,-0.0013204225352113075,0.16666666666666666,D,57.47757119422696,85.19736842105263,85.07554869917675,14.02930324100719,True,False,17.733522996680893
