Ticker,Name,Sector,SubIndustry,Price,PE_Rank,PS_Rank,EV_EBITDA_Used,PB_Ratio,EPS_Growth,Rev_Growth,ROE,Op_Margin,ROIC,Mom_Range,Mom_12M,EPS_Growth_Win,Rev_Growth_Win,Mom_12M_Win,Mom_Range_Win,ROE_Win,Op_Margin_Win,ROIC_Win,Value_S,Growth_S,Prof_S,Mom_S,Rev_S,Fundamental_Score,Value_Pct,Growth_Pct,Prof_Pct,Mom_Pct,Value_Grade,Growth_Grade,Prof_Grade,Mom_Grade,Name_Key
INSW,International Seaways Inc,Energy,Oil & Gas Storage & Transportation,105.64,6.7159,4.1626,5.9003,2.5833335371176904,225.76,57.36,37.04,0.6415000000000001,28.28,0.8941873589164786,120.5975,225.76,57.36,105.23171999999998,0.8600661294563772,36.84949999999999,0.5128799999999999,22.275499999999987,58.333333333333336,88.82309941520468,97.65625,98.4375,50.0,81.44951571637426,0.6875,0.96875,1.0,1.0,B-,A,A+,A+,internationalseawaysinc
KALU,Kaiser Aluminum Corp,Materials,Aluminum,152.55,10.9856,0.6029,7.5049,3.6758150406014316,246.13,32.83,26.290000000000003,0.0823,11.86,0.6266860868118341,104.4897,246.13,32.83,78.52798499999999,0.6266860868118341,26.290000000000003,0.0823,11.86,88.72549019607841,90.05115089514067,70.09803921568628,89.13043478260869,50.0,80.54219948849105,0.9852941176470589,0.9558823529411765,0.7205882352941176,0.9264705882352942,A+,A,B,A-,kaiseraluminumcorp
KMT,Kennametal Inc,Industrials,Industrial Machinery & Supplies & Components,31.03,6.9298,1.0068,6.2116,1.5063911179723188,268.24,19.82,24.79,0.2005,17.01,0.4552429667519181,44.1515,172.17599999999996,19.82,44.1515,0.4552429667519181,24.79,0.2005,17.01,89.56521739130436,94.76961787923243,77.53623188405797,71.7671809256662,50.0,80.08272207982031,0.9608695652173913,0.9956521739130435,0.8347826086956521,0.7434782608695653,A,A+,B+,B,kennametalinc
LPG,Dorian LPG Ltd,Energy,Oil & Gas Storage & Transportation,53.43,7.1019,3.9063,6.0999,2.006926393917995,557.35,81.06,28.439999999999998,0.5763,19.400000000000002,0.819386909693455,69.6485,557.35,60.22449999999998,69.6485,0.819386909693455,28.439999999999998,0.5128799999999999,19.400000000000002,57.291666666666664,96.63103070175438,92.96875,86.25,50.0,79.14131030701753,0.65625,0.984375,0.96875,0.890625,B-,A+,A,B+,dorianlpgltd
MU,Micron Technology Inc,Information Technology,Semiconductors,1082.28,24.1175,13.4832,17.5508,22.418871723486497,700.71,166.98,70.55,0.6563,61.480000000000004,0.8430317626209843,568.19,700.71,58.24949999999999,267.93925,0.8430317626209843,70.55,0.4510199999999997,61.480000000000004,53.388052895576834,96.02530667439389,93.4108527131783,90.94092207262342,50.0,79.09297215159225,0.5813953488372093,1.0,0.9709302325581395,0.9593023255813954,C+,A+,A+,A,microntechnologyinc
CF,CF Industries Holdings Inc,Materials,Fertilizers & Agricultural Chemicals,114.67,8.3874,2.2749,4.9129,3.6394855778996544,76.26,20.04,40.410000000000004,0.4103,25.14,0.5898707544334234,29.2308,76.26,20.04,29.2308,0.5898707544334234,37.95649999999999,0.4103,19.912499999999994,73.52941176470587,85.09803921568627,96.56862745098039,70.39215686274511,50.0,78.62254901960785,0.8382352941176471,0.9264705882352942,1.0,0.7352941176470589,B+,A-,A+,B,cfindustriesholdingsinc
CENX,Century Aluminum Co,Materials,Aluminum,38.39,6.3202,1.43,4.7812,4.716274155702158,383.76,9.67,58.86,0.2783,37.84,0.28847435043304465,44.581,383.76,9.67,44.581,0.28847435043304465,37.95649999999999,0.2783,19.912499999999994,81.86274509803921,79.41176470588236,95.58823529411764,64.9616368286445,50.0,78.23742540494459,0.9264705882352942,0.8970588235294118,0.9852941176470589,0.6470588235294118,A-,B+,A+,B-,centuryaluminumco
EIX,Edison International,Utilities,Electric Utilities,52.65,5.1416,1.0435,6.4446,1.1524570427930392,37.4,10.76,22.66,0.32689999999999997,6.79,0.021944632005401705,-4.5422,37.4,10.76,-4.5422,0.021944632005401705,22.66,0.32689999999999997,6.79,97.12643678160919,85.42561196936833,90.80459770114942,41.05971404541632,50.0,77.27982382364658,1.0,0.9482758620689655,0.9827586206896551,0.43103448275862066,A+,A,A+,C,edisoninternational
PARR,Par Pacific Holdings Inc,Energy,Oil & Gas Refining & Marketing,77.46,4.5843,0.4558,3.4861,2.5461502051120224,5.6,13.19,53.510000000000005,0.1328,34.58,0.8117776554760593,105.7074,5.6,13.19,105.23171999999998,0.8117776554760593,36.84949999999999,0.1328,22.275499999999987,96.35416666666667,53.493787950079536,81.77083333333333,83.94396551724138,50.0,77.01880069346419,1.0,0.578125,0.90625,0.875,A+,C+,A-,B+,parpacificholdingsinc
INDV,"Indivior Pharmaceuticals, Inc",Health Care,Pharmaceuticals,35.82,11.9096,3.1741,10.9051,95.85228793149587,237.5,13.55,159.06,0.30260000000000004,29.4,0.6549000246852629,57.5492,237.5,13.55,57.5492,0.6549000246852629,94.53650000000002,0.30260000000000004,29.4,75.61397013451808,79.14316215632857,92.9054054054054,69.76928147659855,50.0,76.9123326115663,0.8243243243243243,0.8851351351351351,0.972972972972973,0.6959459459459459,B+,B+,A+,B-,indiviorpharmaceuticalsinc
NEM,Newmont Corporation,Materials,Gold,121.43,14.8831,4.9656,7.9435,3.904602047641097,42.23,25.18,25.05,0.5097,21.54,0.7660364618501015,45.3217,42.23,25.18,45.3217,0.7660364618501015,25.05,0.44227999999999995,19.912499999999994,59.31372549019608,76.44385026737967,94.11764705882354,89.03743315508022,50.0,76.45409982174688,0.7205882352941176,0.8529411764705882,0.9705882352941176,0.9117647058823529,B,B+,A+,A-,newmontcorporation
AES,AES Corp,Utilities,Independent Power Producers & Energy Traders,14.87,5.6728,0.8135,11.3084,2.606576917683354,84.8,8.49,43.309999999999995,0.1522,5.3,0.4059829059829059,12.7093,84.8,8.49,12.7093,0.4059829059829059,23.067999999999998,0.1522,5.3,88.50574712643679,75.22100193922176,63.79310344827585,88.6056971514243,50.0,75.84005246180737,0.9482758620689655,0.8448275862068966,0.6724137931034483,0.8793103448275862,A,B+,B-,B+,aescorp
LNC,Lincoln National Corp,Financials,Multi-line Insurance,41.69,3.3956,0.39,1.491,0.726502801279091,92.19,12.9,21.990000000000002,0.15380000000000002,13.84,0.6141427187600903,1.5456,92.19,12.9,1.5456,0.6141427187600903,21.990000000000002,0.15380000000000002,13.84,98.24561403508773,72.22842324821016,79.3859649122807,57.4788823911631,50.0,75.34935586471676,0.9956140350877193,0.868421052631579,0.793859649122807,0.6008771929824561,A+,B+,B,B-,lincolnnationalcorp
TILE,Interface Inc,Industrials,Office Services & Supplies,35.2,9.4343,1.455,7.385,3.1806558295457625,127.84,4.06,33.54,0.1889,25.540000000000003,0.6708074534161492,22.7844,127.84,4.06,22.7844,0.6708074534161492,33.54,0.1889,25.540000000000003,84.4927536231884,67.55481233742103,83.33333333333333,72.47491638795987,50.0,74.96246748420661,0.908695652173913,0.7869565217391304,0.9043478260869565,0.7565217391304347,A-,B,A-,B,interfaceinc
TDC,Teradata Corp,Information Technology,IT Consulting & Other Services,28.94,5.9841,1.6208,3.444,11.638849788859844,319.76,0.96,114.57,0.359,54.64,0.40140047272947676,31.4005,319.76,0.96,31.4005,0.40140047272947676,114.57,0.359,54.64,94.37528499772002,60.02657900258795,92.44186046511629,55.348555832242994,50.0,74.77931333267526,0.9825581395348837,0.622093023255814,0.9534883720930233,0.5058139534883721,A+,B-,A,C+,teradatacorp
MPC,Marathon Petroleum Corp,Energy,Oil & Gas Refining & Marketing,393.52,12.8347,0.7037,7.7275,6.704889123638005,330.24,15.76,48.71,0.0906,16.97,0.8604495634404606,102.4599,330.24,15.76,102.4599,0.8600661294563772,36.84949999999999,0.0906,16.97,70.83333333333333,83.58785093320786,70.57291666666667,88.5344827586207,50.0,74.77602923836572,0.8359375,0.90625,0.75,0.9375,B+,A-,B,A,marathonpetroleumcorp
THC,Tenet Healthcare Corp,Health Care,Health Care Facilities,259.71,9.1806,0.9257,5.8312,5.351259465306753,66.15,7.43,50.629999999999995,0.204,12.709999999999999,0.8139794373156928,26.9084,66.15,7.43,26.9084,0.8139794373156928,50.629999999999995,0.204,12.709999999999999,92.55522645933605,66.09965168097605,78.37837837837837,69.02702702702703,50.0,74.75873695102923,0.9797297297297297,0.75,0.8175675675675675,0.668918918918919,A+,B,B+,B-,tenethealthcarecorp
DELL,Dell Technologies Inc,Information Technology,"Technology Hardware, Storage & Peripherals",562.89,31.5409,2.3735,23.0829,146.87279843444227,145.25,49.03,130.7,0.0943,13.700000000000001,0.9327824599723876,305.7991,145.25,49.03,267.93925,0.9327824599723876,118.70899999999997,0.0943,13.700000000000001,66.3201094391245,87.41266621591164,67.34496124031007,92.11947269939083,50.0,74.32269545291913,0.7325581395348837,0.9418604651162791,0.6976744186046512,0.9767441860465116,B,A,B-,A+,delltechnologiesinc
INVA,Innoviva Inc,Health Care,Pharmaceuticals,20.74,4.1509,3.3701,6.6317,1.3198337798537618,1744.6,18.84,30.03,0.36950000000000005,24.68,0.488991888760139,9.0813,295.8379999999996,18.84,9.0813,0.488991888760139,30.03,0.36950000000000005,24.68,79.4890781192151,89.250441894517,90.54054054054053,43.190507580751486,50.0,73.99559455999261,0.8918918918918919,0.972972972972973,0.9527027027027027,0.39864864864864863,B+,A+,A,C-,innovivainc
PBF,PBF Energy Inc,Energy,Oil & Gas Refining & Marketing,73.69,6.2983,0.2479,3.5953,1.6199057821117908,,13.54,24.08,0.057699999999999994,17.07,0.8434813125109668,123.3613,,13.54,105.23171999999998,0.8434813125109668,24.08,0.057699999999999994,17.07,94.79166666666667,56.35775862068966,63.541666666666664,89.28879310344828,50.0,73.71264367816093,0.984375,0.640625,0.640625,0.953125,A+,B-,B-,A,pbfenergyinc
GEO,Geo Group Inc,Industrials,Environmental & Facilities Services,31.22,14.1307,1.4571,12.6603,2.824725851398791,227.6,15.32,19.3,0.10880000000000001,9.42,0.9064922480620156,48.6512,172.17599999999996,15.32,48.6512,0.8723212715732392,19.3,0.10880000000000001,9.42,73.33333333333333,91.70831251041146,53.333333333333336,93.25337331334333,50.0,73.65900383141764,0.8217391304347826,0.9826086956521739,0.5304347826086957,0.9739130434782609,B+,A+,C+,A+,geogroupinc
SNDK,Sandisk Corp,Information Technology,"Technology Hardware, Storage & Peripherals",1777.8,22.4581,12.6809,20.099,16.49458901771002,,175.3,93.13,0.6119,89.56,0.7449681646987533,1656.6062,,58.24949999999999,267.93925,0.7449681646987533,93.13,0.4510199999999997,62.34099999999999,53.752849977200185,73.32657200811359,95.73643410852712,82.84922410275891,50.0,73.60748024360632,0.5930232558139535,0.7906976744186046,0.9825581395348837,0.872093023255814,C+,B,A+,B+,sandiskcorp
CROX,Crocs Inc,Consumer Discretionary,Footwear,126.14,9.974,1.4597,7.652,4.896244944221468,211.15,-2.03,43.41,0.2073,22.259999999999998,0.7775819009842809,59.298,107.81,-2.03,45.64219999999995,0.7775096564870453,43.41,0.2073,22.259999999999998,67.68292682926828,58.99356592903677,80.39927178412889,97.96747967479675,50.0,73.412758774116,0.725609756097561,0.6219512195121951,0.8902439024390244,1.0,B,B-,B+,A+,crocsinc
NFG,National Fuel Gas Co,Utilities,Gas Utilities,78.99,11.0067,1.7185,6.5364,2.3069307219854966,169.02,98.09,18.72,0.23399999999999999,10.38,0.17450890817724957,-14.3384,90.91999999999999,22.392999999999994,-14.3384,0.17450890817724957,18.72,0.23399999999999999,7.448999999999998,89.08045977011494,97.93844003588042,83.9080459770115,27.80023781212842,50.0,73.39486200638338,0.9655172413793104,1.0,0.896551724137931,0.20689655172413793,A,A+,B+,D+,nationalfuelgasco
GEF,Greif Inc,Materials,"Metal, Glass & Plastic Containers",82.66,4.4264,1.1083,8.3207,1.3470241131330776,420.19,-24.38,33.4,0.1023,24.47,0.7729426971133132,41.3412,420.19,-16.732,41.3412,0.7729426971133132,33.4,0.1023,19.912499999999994,81.86274509803923,50.28186274509804,81.12745098039215,87.5,50.0,73.30392156862746,0.9411764705882353,0.47058823529411764,0.8823529411764706,0.8970588235294118,A,C,B+,B+,greifinc
APA,APA Corp (US),Energy,Oil & Gas Exploration & Production,42.74,8.9291,1.7004,3.1907,2.4759013810362407,58.67,-12.44,26.27,0.4019,15.72,0.8179000387446728,82.1592,58.67,-12.238999999999999,82.1592,0.8179000387446728,26.27,0.4019,15.72,78.64583333333333,38.901025439523764,86.45833333333333,93.89204545454545,50.0,72.83465584548051,0.921875,0.28125,0.953125,0.96875,A-,D+,A,A,apacorpus
EAT,Brinker International Inc,Consumer Discretionary,Restaurants,207.2,17.7771,1.4908,10.723,19.706682391432537,44.75,36.41,123.85,0.1067,55.76,0.6910595384317021,52.0046,44.75,18.144,45.64219999999995,0.6910595384317021,123.85,0.1067,41.67300000000001,46.34146341463415,88.71183976740429,79.85435682577685,92.65505226480835,50.0,72.82233346654527,0.45426829268292684,0.9390243902439024,0.8780487804878049,0.9451219512195121,C,A,B+,A,brinkerinternationalinc
EXPE,Expedia Group Inc,Consumer Discretionary,"Hotels, Resorts & Cruise Lines",264.17,15.6107,2.0244,8.9594,25.202732355129847,96.84,12.0,184.84,0.15990000000000001,30.490000000000002,0.5031916251755395,20.1625,96.84,12.0,20.1625,0.5031916251755395,184.84,0.15990000000000001,30.490000000000002,50.8130081300813,89.8563006207167,86.4500723228091,77.4119241192412,50.0,72.76941506121418,0.5060975609756098,0.9451219512195121,0.9573170731707317,0.7682926829268293,C+,A,A,B,expediagroupinc
JOE,St Joe Co,Real Estate,Real Estate Development,65.3,30.2539,6.7952,19.6524,4.903948692530678,50.48,28.41,16.1,0.3018,9.26,0.6967243283032755,32.3541,50.48,27.119999999999997,27.25632,0.6740461293092871,15.912,0.25073999999999996,9.26,26.666666666666668,88.0952380952381,93.33333333333333,100.0,50.0,72.61904761904762,0.5,1.0,1.0,1.0,C,A+,A+,A+,stjoeco
MCY,Mercury General Corp,Financials,Property & Casualty Insurance,99.41,5.8305,0.8613,3.7005,2.2778620496863096,140.14,9.95,37.19,0.18780000000000002,29.409999999999997,0.6479236523084858,20.1002,140.14,9.95,20.1002,0.6479236523084858,37.19,0.18780000000000002,28.808499999999995,64.91228070175438,64.91183131009392,93.42105263157895,75.14762516046213,50.0,72.59522462744454,0.6798245614035088,0.7675438596491229,0.9342105263157895,0.7675438596491229,B-,B,A,B,mercurygeneralcorp
ECPG,Encore Capital Group Inc,Financials,Consumer Finance,98.41,6.8959,1.0938,8.5172,2.185121368493041,13.54,29.55,29.830000000000002,0.3605,5.970000000000001,0.8989697062894048,125.9319,13.54,29.55,45.683969999999945,0.8922528398737745,29.830000000000002,0.3605,5.970000000000001,65.35087719298245,48.62026371016097,88.1578947368421,96.71982987772462,50.0,72.44521170003327,0.6973684210526315,0.47368421052631576,0.881578947368421,0.9868421052631579,B-,C,B+,A+,encorecapitalgroupinc
INCY,Incyte Corp,Health Care,Biotechnology,123.89,15.5551,4.3098,11.7012,4.758064206406814,80.31,26.93,29.599999999999998,0.3056,29.42,0.8309066200737721,47.8612,80.31,26.93,47.8612,0.8309066200737721,29.599999999999998,0.3056,29.413,67.043070467728,83.03382389217151,89.52702702702702,58.332374928119606,50.0,72.41576413774698,0.7364864864864865,0.918918918918919,0.9391891891891891,0.5878378378378378,B,A-,A,C+,incytecorp
DLTR,Dollar Tree Inc,Consumer Staples,Consumer Staples Merchandise Retail,114.07,13.183,1.0592,7.9429,6.03037656151703,-4.81,48.09,45.58,0.1106,25.290000000000003,0.5089270237476164,19.5563,-4.81,29.355,19.5563,0.5089270237476164,45.58,0.1106,25.125,74.64788732394366,66.45399462300871,81.92488262910797,73.60459050599897,50.0,72.15490951406444,0.8591549295774648,0.7183098591549296,0.8732394366197183,0.7323943661971831,B+,B,B+,B,dollartreeinc
WDC,Western Digital Corp,Information Technology,"Technology Hardware, Storage & Peripherals",456.81,16.487,12.0267,36.1537,17.763303715513388,363.83,35.7,117.8,0.3025,85.72999999999999,0.5059975520195837,310.5297,363.83,35.7,267.93925,0.5059975520195837,117.8,0.3025,62.34099999999999,48.41997264021887,88.8250319284802,91.66666666666667,70.85243180123524,50.0,71.95715257266448,0.5,0.9651162790697675,0.9418604651162791,0.75,C,A,A,B,westerndigitalcorp
VLO,Valero Energy Corp,Energy,Oil & Gas Refining & Marketing,387.18,14.8978,0.7708,11.0246,4.878552789247477,895.99,12.62,29.94,0.0718,20.549999999999997,0.8792124585872696,124.1175,625.0779999999986,12.62,105.23171999999998,0.8600661294563772,29.94,0.0718,20.549999999999997,60.9375,75.64333086867872,69.79166666666667,94.9353448275862,50.0,71.79802680591965,0.765625,0.859375,0.71875,0.984375,B,B+,B,A+,valeroenergycorp
AMN,AMN Healthcare Services Inc,Health Care,Health Care Services,34.56,12.7355,0.3891,5.0977,2.0690026760538083,,23.99,15.310000000000002,0.0582,7.19,0.8804494382022473,84.3937,,23.99,84.3937,0.8804494382022473,15.310000000000002,0.0582,7.19,95.03887449092929,68.61486486486487,47.072072072072075,86.41891891891892,50.0,71.5344933975071,0.9932432432432432,0.7905405405405406,0.4222972972972973,0.9256756756756757,A+,B,C,A-,amnhealthcareservicesinc
NLY,Annaly Capital Management Inc,Financials,Mortgage REITs,20.61,5.2597,1.8426,45.7795,0.9055320495076911,231.09,50.87,18.39,0.35240000000000005,2.22,0.13495575221238926,-0.9615,182.343,50.87,-0.9615,0.13495575221238926,18.39,0.35240000000000005,2.22,94.51754385964912,88.4517900866918,71.05263157894737,35.97953216374269,50.0,71.27880830973602,0.9868421052631579,0.9912280701754386,0.7105263157894737,0.35964912280701755,A+,A+,B,C-,annalycapitalmanagementinc
MUSA,Murphy USA Inc,Consumer Discretionary,Automotive Retail,511.54,15.4643,0.4444,9.549,15.231793995301292,35.96,10.27,94.56,0.043,21.7,0.5649948465314538,32.0282,35.96,10.27,32.0282,0.5649948465314538,94.56,0.043,21.7,67.47967479674797,82.5662489192091,60.0,89.11047345767577,50.0,71.20526317456397,0.7195121951219512,0.9146341463414634,0.5884146341463414,0.8902439024390244,B,A-,C+,B+,murphyusainc
ANF,Abercrombie & Fitch Co,Consumer Discretionary,Apparel Retail,135.71,10.6359,1.0673,5.6551,4.350488231786679,10.51,4.73,39.589999999999996,0.1371,39.589999999999996,0.7826668151943857,50.7634,10.51,4.73,45.64219999999995,0.7775096564870453,39.589999999999996,0.1371,39.589999999999996,74.79674796747967,44.846523596544486,76.75943937353485,96.5937762825904,50.0,71.17710681108062,0.8658536585365854,0.3719512195121951,0.823170731707317,0.9847560975609756,B+,C-,B+,A+,abercrombiefitchco
SOLV,Solventum Corp,Health Care,Health Care Technology,89.5,10.5088,1.8147,8.0205,3.075347737643631,277.11,-0.93,28.98,0.2386,14.16,0.8533668974197609,23.35,277.11,-0.93,23.35,0.8533668974197609,28.98,0.2386,14.16,86.45871899296556,54.20043051901459,79.50450450450451,68.86486486486487,50.0,71.10386495114341,0.9527027027027027,0.5608108108108109,0.8378378378378378,0.6621621621621622,A,C+,B+,B-,solventumcorp
UTL,Unitil Corp,Utilities,Electric Utilities,50.98,16.3856,1.5548,9.1139,1.4985567058795863,8.52,20.8,9.11,0.1894,3.7199999999999998,0.45674740484429033,10.7384,8.52,20.8,10.7384,0.45674740484429033,9.11,0.1894,3.7199999999999998,86.20689655172414,82.80657488970533,37.931034482758626,92.49789739276704,50.0,71.09537721511516,0.9137931034482759,0.9310344827586207,0.3448275862068966,0.9482758620689655,A-,A,C-,A,unitilcorp
TMP,Tompkins Financial Corp,Financials,Regional Banks,99.57,8.1227,3.46671,,1.5221675102769618,120.03,16.23686,19.3,0.08044029999999999,17.06,0.9259304753715759,42.6661,120.03,16.23686,42.6661,0.8922528398737745,19.3,0.08044029999999999,17.06,71.27192982456141,51.34123001341229,73.68421052631578,97.75978407557355,50.0,71.05923790551647,0.8114035087719298,0.543859649122807,0.7368421052631579,1.0,B+,C+,B,A+,tompkinsfinancialcorp
ADEA,Adeia Inc,Information Technology,IT Consulting & Other Services,25.48,22.905,5.9675,12.1829,5.779481479801302,45.93,24.35,26.700000000000003,0.41619999999999996,14.13,0.6102067751869775,48.5154,45.93,24.35,48.5154,0.6102067751869775,26.700000000000003,0.41619999999999996,14.13,66.41130870953033,76.20479820941456,77.51937984496124,72.96529213973184,50.0,70.81669020845217,0.7383720930232558,0.8430232558139535,0.8197674418604651,0.8023255813953488,B,B+,B+,B+,adeiainc
ARW,Arrow Electronics Inc,Information Technology,Technology Distributors,232.8,14.4039,0.3254,10.0829,1.8055609415597007,76.41,26.05,12.139999999999999,0.0337,8.64,0.9665581646535264,87.9848,76.41,26.05,87.9848,0.9443389483804683,12.139999999999999,0.0337,8.64,92.40766073871409,84.33787308026659,35.27131782945737,84.98717724543917,50.0,70.784754707184,0.9651162790697675,0.9186046511627907,0.3023255813953488,0.877906976744186,A,A-,C-,B+,arrowelectronicsinc
CCK,Crown Holdings Inc,Materials,Paper & Plastic Packaging Products & Materials,108.06,14.7271,0.871,8.1696,4.086803927204515,45.86,10.35,26.58,0.12140000000000001,8.6,0.5593471810089022,15.8223,45.86,10.35,15.8223,0.5593471810089022,26.58,0.12140000000000001,8.6,80.3921568627451,72.19607843137256,71.56862745098039,65.92941176470589,50.0,70.61529411764707,0.8970588235294118,0.8235294117647058,0.7647058823529411,0.6617647058823529,B+,B+,B,B-,crownholdingsinc
HRB,H & R Block Inc,Consumer Discretionary,Specialized Consumer Services,42.19,7.0909,1.3185,5.5669,44.58888184316212,27.92,4.9,249.96999999999997,0.23010000000000003,18.25,0.45984922976073406,-13.8322,27.92,4.9,-13.8322,0.45984922976073406,212.06300000000016,0.23010000000000003,18.25,77.4390243902439,66.9777634200183,85.29976557434286,57.40487804878048,50.0,70.56122578490645,0.8902439024390244,0.7439024390243902,0.9451219512195121,0.5609756097560976,B+,B,A,C+,hrblockinc
BMY,Bristol-Myers Squibb Co,Health Care,Pharmaceuticals,62.86,13.6463,2.5755,10.6822,6.849807669256503,99.29,3.11,46.760000000000005,0.2551,14.219999999999999,0.7787136294027565,39.2663,99.29,3.11,39.2663,0.7787136294027565,46.760000000000005,0.2551,14.219999999999999,77.42502776749352,56.811592512002605,83.10810810810811,68.31905075807515,50.0,70.15941262291597,0.8445945945945946,0.6148648648648649,0.8783783783783784,0.6554054054054054,B+,B-,B+,B-,bristolmyerssquibbco
NVDA,NVIDIA Corp,Information Technology,Semiconductors,225.07,28.1085,17.8947,27.0077,34.776495310496145,125.15,83.38,110.11,0.6517000000000001,101.59,0.841289608412896,26.9029,125.15,58.24949999999999,26.9029,0.841289608412896,110.11,0.4510199999999997,62.34099999999999,42.44870041039672,90.68868926881098,95.93023255813951,60.21982864137087,50.0,69.77643682417043,0.4011627906976744,0.9825581395348837,0.9883720930232558,0.5697674418604651,C,A+,A+,C+,nvidiacorp
AMG,Affiliated Managers Group Inc,Financials,Asset Management & Custody Banks,373.69,11.2329,4.237,19.5263,3.1156229703511817,121.28,11.81,26.950000000000003,0.2152,14.46,0.8818946578397359,56.2595,121.28,11.81,45.683969999999945,0.8818946578397359,26.950000000000003,0.2152,14.46,45.39473684210527,66.3212647693102,85.96491228070175,92.85087719298245,50.0,69.67434067316029,0.3991228070175439,0.7894736842105263,0.8596491228070176,0.9517543859649122,C-,B,B+,A,affiliatedmanagersgroupinc
HCSG,Healthcare Services Group Inc,Industrials,Environmental & Facilities Services,21.05,11.7403,0.7742,9.2309,2.87136816259719,1113.07,5.22,24.12,0.06849999999999999,24.12,0.5574597913292403,26.4777,172.17599999999996,5.22,26.4777,0.5574597913292403,24.12,0.06849999999999999,24.12,86.81159420289855,67.27053140096619,62.75362318840579,68.39580209895053,50.0,69.52457104780943,0.9304347826086956,0.782608695652174,0.6478260869565218,0.7043478260869566,A,B,B-,B,healthcareservicesgroupinc
RAMP,Liveramp Holdings Inc,Information Technology,Application Software,37.5,14.6502,2.7416,17.4747,2.336084722005918,1035.52,8.85,16.16,0.1159,16.16,0.955840067798662,33.0021,704.4859999999999,8.85,33.0021,0.9443389483804683,16.16,0.1159,16.16,78.39033287733697,64.91540660151209,57.94573643410854,87.26802471294515,50.0,69.52070359075282,0.8255813953488372,0.6802325581395349,0.6046511627906976,0.9069767441860465,B+,B-,B-,A-,liverampholdingsinc
HRMY,Harmony Biosciences Holdings Inc,Health Care,Biotechnology,41.26,13.2555,2.5032,7.8863,2.7369999137639387,-0.38,24.25,20.06,0.2403,17.02,0.8759042849193097,53.8117,-0.38,24.25,53.8117,0.8759042849193097,20.06,0.2403,17.02,80.83117363939282,53.79830449323755,78.490990990991,69.4882116158712,50.0,69.48784437941771,0.9054054054054054,0.5472972972972973,0.8243243243243243,0.6891891891891891,A-,C+,B+,B-,harmonybiosciencesholdingsinc
PAYC,Paycom Software Inc,Industrials,Human Resource & Employment Services,220.46,20.0505,4.568,13.1882,6.977310921710179,27.14,9.23,40.44,0.3237,30.490000000000002,0.8249571673329527,1.5592,27.14,9.23,1.5592,0.8249571673329527,40.44,0.30740999999999946,28.302999999999987,50.72463768115943,72.29787121091469,95.07246376811595,67.0807453416149,50.0,69.32499867282476,0.5478260869565217,0.8304347826086956,0.9956521739130435,0.6869565217391305,C+,B+,A+,B-,paycomsoftwareinc
EXEL,Exelixis Inc,Health Care,Biotechnology,58.16,16.7535,5.9191,14.1396,7.063309894220376,52.69,9.23,42.49,0.39880000000000004,42.49,0.9399075500770415,48.9334,52.69,9.23,48.9334,0.9399075500770415,42.49,0.39204500000000014,29.413,60.23694927804517,58.465521383596084,94.81981981981983,69.13168487636572,50.0,69.28363352645862,0.6283783783783784,0.6351351351351351,0.9864864864864865,0.6756756756756757,B-,B-,A+,B-,exelixisinc
SON,Sonoco Products Co,Materials,Paper & Plastic Packaging Products & Materials,50.06,7.8261,0.6584,5.8966,1.366292478295164,12.74,12.05,17.849999999999998,0.1387,7.68,0.5181653042688465,10.8252,12.74,12.05,10.8252,0.5181653042688465,17.849999999999998,0.1387,7.68,90.19607843137256,66.25,68.13725490196079,56.98823529411764,50.0,69.23098039215685,1.0,0.75,0.7058823529411765,0.5441176470588235,A+,B,B,C+,sonocoproductsco
FIVE,Five Below Inc,Consumer Discretionary,Specialty Stores,222.6,19.7727,2.304,11.8721,5.605259778358056,125.33,25.56,27.73,0.1475,27.73,0.672693390428611,46.8677,107.81,18.144,45.64219999999995,0.672693390428611,27.73,0.1475,27.73,34.552845528455286,97.17322291664078,72.04723427602374,90.14071294559099,50.0,69.11280712356611,0.3231707317073171,0.9939024390243902,0.7621951219512195,0.9085365853658537,C-,A+,B,A-,fivebelowinc
TPR,Tapestry Inc,Consumer Discretionary,"Apparel, Accessories & Luxury Goods",113.88,14.81,2.8267,11.5794,32.974287699791525,1030.94,14.17,262.81,0.23920000000000002,50.449999999999996,0.2908077994428968,-1.1462,107.81,14.17,-1.1462,0.2908077994428968,212.06300000000016,0.23920000000000002,41.67300000000001,40.040650406504064,91.75750115573774,95.11197565963391,59.57947855340622,50.0,69.0555524583633,0.4146341463414634,0.9573170731707317,1.0,0.5792682926829268,C,A,A+,C+,tapestryinc
TGTX,TG Therapeutics Inc,Health Care,Biotechnology,57.43,19.9428,11.0121,71.2293,40.24809026561076,633.73,76.08,72.3,0.1591,39.92,0.9425322679778736,62.44,295.8379999999996,45.09250000000003,62.44,0.9425322679778736,72.3,0.1591,29.413,31.806121189682838,97.1929050069999,84.79729729729729,77.27429557216792,50.0,69.0442947375786,0.27702702702702703,1.0,0.8918918918918919,0.8040540540540541,D+,A+,B+,B+,tgtherapeuticsinc
UFCS,United Fire Group Inc,Financials,Property & Casualty Insurance,53.33,9.6559,0.924,6.8099,1.4461706172190028,52.92,11.36,14.96,0.12869999999999998,12.950000000000001,0.8737037037037035,72.6891,52.92,11.36,45.683969999999945,0.8737037037037035,14.96,0.12869999999999998,12.950000000000001,68.64035087719299,62.21479749044066,60.08771929824561,97.03465982028243,50.0,69.03190900600427,0.7521929824561403,0.7149122807017544,0.6008771929824561,0.9912280701754386,B,B,B-,A+,unitedfiregroupinc
BFH,Bread Financial Holdings Inc,Financials,Consumer Finance,102.91,6.8723,0.8638,24.0057,1.3640906548324412,118.58,-1.05,17.07,0.1509,2.68,0.8085667215815485,62.4734,118.58,-1.05,45.683969999999945,0.8085667215815485,17.07,0.1509,2.68,77.85087719298247,47.28711198745445,67.32456140350878,91.15895800106327,50.0,68.98307364682636,0.9078947368421053,0.42105263157894735,0.6732456140350878,0.9342105263157895,A-,C,B-,A,breadfinancialholdingsinc
ALL,Allstate Corp,Financials,Property & Casualty Insurance,227.6,4.3461,0.8245,3.7506,1.9332239312057677,132.8,5.92,43.120000000000005,0.2422,34.57,0.4433475431904866,8.6314,132.8,5.92,8.6314,0.4433475431904866,43.120000000000005,0.2422,28.808499999999995,70.39473684210526,57.21238445261165,94.73684210526315,56.20025673940949,50.0,68.96542297524633,0.7894736842105263,0.6359649122807017,0.9473684210526315,0.5877192982456141,B,B-,A,C+,allstatecorp
LLY,Eli Lilly and Co,Health Care,Pharmaceuticals,1183.46,41.4869,13.9102,32.2997,42.13805798763054,94.62,49.58,92.58,0.42219999999999996,35.77,0.8119359283499827,59.3166,94.62,45.09250000000003,59.3166,0.8119359283499827,92.58,0.39204500000000014,29.413,25.132666913488823,88.46903238226355,96.62162162162163,78.76071193144364,50.0,68.88452099651904,0.16891891891891891,0.9594594594594594,1.0,0.8513513513513513,D,A,A+,B+,elilillyandco
TGT,Target Corp,Consumer Staples,Consumer Staples Merchandise Retail,157.45,16.2453,0.6625,9.3561,4.410747151713454,12.31,1.95,26.66,0.0559,13.55,0.8476692246019928,76.8203,12.31,1.95,67.46195,0.80919426818271,26.66,0.0559,13.55,73.23943661971832,51.83178845150676,61.267605633802816,98.43505477308294,50.0,68.68012920829823,0.8450704225352113,0.4225352112676056,0.676056338028169,1.0,B+,C,B-,A+,targetcorp
ZD,Ziff Davis Inc,Communication Services,Advertising,56.51,3.043,1.4781,5.9749,1.2367158639284275,1040.24,-8.46,34.27,-0.22,23.45,0.8956063749503682,55.0522,398.80899999999735,-8.46,55.0522,0.8956063749503682,34.27,-0.040535,23.45,81.46040777619724,54.86647361647361,56.57894736842105,90.77050734945472,50.0,68.63723497934023,0.9210526315789473,0.6052631578947368,0.4473684210526316,0.9210526315789473,A-,B-,C,A-,ziffdavisinc
PM,Philip Morris International Inc,Consumer Staples,Tobacco,190.48,27.179,6.9466,18.9746,1435.4182366239636,31.96,8.93,575.44,0.3775,44.05,0.7367859862909367,17.4847,31.96,8.93,17.4847,0.7367859862909367,136.11,0.34615,25.125,24.4131455399061,80.8940600122474,97.88732394366197,84.32333129210042,50.0,68.61859563176158,0.18309859154929578,0.9154929577464789,1.0,0.8591549295774648,D,A-,A+,B+,philipmorrisinternationalinc
HCI,Hci Group Inc,Financials,Property & Casualty Insurance,174.94,6.9848,2.2766,2.8752,2.1831696018529607,113.17,22.58,30.79,0.48840000000000006,28.84,0.45916349809885926,-1.6239,113.17,22.58,-1.6239,0.45916349809885926,30.79,0.48840000000000006,28.808499999999995,65.35087719298245,79.09752385195085,89.91228070175438,44.90372272143774,50.0,68.61603878836192,0.6973684210526315,0.9210526315789473,0.8991228070175439,0.4605263157894737,B-,A-,B+,C,hcigroupinc
CRI,Carter's Inc,Consumer Discretionary,"Apparel, Accessories & Luxury Goods",31.31,5.77,0.3778,3.2201,1.2329053013746638,42.62,5.17,20.84,0.09119999999999999,13.120000000000001,0.2406015037593985,2.2297,42.62,5.17,2.2297,0.2406015037593985,20.84,0.09119999999999999,13.120000000000001,94.3089430894309,72.2556102016832,53.073719387500624,61.12699747687132,50.0,68.5221871549438,0.9878048780487805,0.7987804878048781,0.49390243902439024,0.5975609756097561,A+,B,C,C+,cartersinc
UGI,UGI Corp,Utilities,Gas Utilities,36.51,12.9269,3.4078,8.8071,1.6392117775413169,6.47,0.22,12.21,0.48200000000000004,5.0,0.503086419753086,10.7154,6.47,0.22,10.7154,0.503086419753086,12.21,0.39203,5.0,70.6896551724138,31.50489183720299,84.48275862068965,91.91438763376934,50.0,68.47695934247034,0.7931034482758621,0.13793103448275862,0.9137931034482759,0.9310344827586207,B,D,A-,A,ugicorp
PFBC,Preferred Bank,Financials,Regional Banks,109.48,9.5984,2.84979,,1.6887165414937153,16.38,79.98955,17.32,0.7110449,14.549999999999999,0.9096228868660597,18.3046,16.38,79.98955,18.3046,0.8922528398737745,17.32,0.5825935199999999,14.549999999999999,65.35087719298245,65.19839655198396,68.42105263157895,84.52091767881241,50.0,68.38684530229962,0.6973684210526315,0.7719298245614035,0.6842105263157895,0.8596491228070176,B-,B,B-,B+,preferredbank
URBN,Urban Outfitters Inc,Consumer Discretionary,Apparel Retail,75.35,11.4341,1.005,6.7736,2.4007366294741,25.43,11.01,20.72,0.113,20.72,0.6106604866743913,5.0281,25.43,11.01,5.0281,0.6106604866743913,20.72,0.113,20.72,72.35772357723577,73.54585911696066,61.24120903785725,76.19848612279226,50.0,68.34860220172385,0.8170731707317073,0.8109756097560976,0.6219512195121951,0.7378048780487805,B+,B+,B-,B,urbanoutfittersinc
CHRD,Chord Energy Corp,Energy,Oil & Gas Exploration & Production,136.27,8.7864,1.1794,3.0429,0.9573065312794835,248.85,19.23,10.42,0.18969999999999998,8.82,0.7144622991347344,34.2216,248.85,19.23,34.2216,0.7144622991347344,10.42,0.18969999999999998,8.82,85.41666666666667,83.01052909758539,50.0,64.3465909090909,50.0,68.32559066800192,0.96875,0.890625,0.4375,0.609375,A,B+,C,B-,chordenergycorp
NJR,New Jersey Resources Corp,Utilities,Gas Utilities,50.61,13.9498,3.6573,11.6365,2.1262293773395453,-11.74,10.73,14.42,0.3956,5.89,0.410919540229885,7.7897,-11.74,10.73,7.7897,0.410919540229885,14.42,0.39203,5.89,59.195402298850574,46.58614431441267,89.6551724137931,83.04399524375744,50.0,68.13867158979494,0.6551724137931034,0.41379310344827586,0.9655172413793104,0.8448275862068966,B-,C,A,B+,newjerseyresourcescorp
HCC,Warrior Met Coal Inc,Materials,Steel,89.51,21.3755,2.7892,10.5836,2.1974379998919815,440.05,37.48,10.02,0.1364,8.95,0.5619752099160337,42.6166,440.05,35.85249999999999,42.6166,0.5619752099160337,10.02,0.1364,8.95,53.43137254901961,95.00858168200966,62.25490196078431,75.6997971602434,50.0,68.06324439590159,0.5955882352941176,1.0,0.6470588235294118,0.7794117647058824,C+,A+,B-,B,warriormetcoalinc
TER,Teradyne Inc,Information Technology,Semiconductor Materials & Equipment,398.38,54.2766,13.9851,45.531,22.241700816239934,152.84,57.87,38.04,0.3023,36.82,0.750834910386285,191.0442,152.84,57.87,191.0442,0.750834910386285,38.04,0.3023,36.82,25.49475604195166,92.57232838689015,83.72093023255815,85.49825981958946,50.0,67.91803920992338,0.19767441860465115,0.9883720930232558,0.872093023255814,0.8953488372093024,D,A+,B+,B+,teradyneinc
BBY,Best Buy Co Inc,Consumer Discretionary,Computer & Electronics Retail,90.51,14.8631,0.448,9.3298,6.385185185185185,65.82,1.45,42.82,0.0405,30.72,0.8546946657011828,22.6911,65.82,1.45,22.6911,0.7775096564870453,42.82,0.0405,30.72,68.4959349593496,60.845336498282926,60.0,92.78897136797454,50.0,67.8508453130889,0.7621951219512195,0.6646341463414634,0.5884146341463414,0.9512195121951219,B,B-,C+,A,bestbuycoinc
GFF,Griffon Corp,Industrials,Building Products,98.39,24.5362,1.983,12.42,61.644007267715054,192.58,-12.03,176.12,0.1959,12.25,0.7662993572084482,26.8927,172.17599999999996,-5.851,26.8927,0.7662993572084482,68.73749999999994,0.1959,12.25,59.565217391304344,52.49266680309824,79.6376811594203,86.51113467656415,50.0,67.60148493361363,0.6456521739130435,0.5043478260869565,0.8478260869565217,0.8956521739130435,B-,C+,B+,B+,griffoncorp
GOOGL,Alphabet Inc,Communication Services,Interactive Media & Services,343.92,17.2348,9.4397,27.1467,10.011207009475019,115.31,20.05,50.839999999999996,0.3311,44.84,0.6255715691381606,38.5288,115.31,20.05,38.5288,0.6255715691381606,50.839999999999996,0.3311,44.84,22.49881460407776,88.65830115830116,92.10526315789474,81.0846372688478,50.0,67.59960712592292,0.2236842105263158,0.9605263157894737,0.9605263157894737,0.8421052631578947,D+,A,A,B+,alphabetinc
OII,Oceaneering International Inc,Energy,Oil & Gas Equipment & Services,46.26,13.4511,1.6395,11.2849,4.293311306833473,75.21,3.84,32.95,0.10369999999999999,22.58,0.7520943220601922,85.3455,75.21,3.84,85.3455,0.7520943220601922,32.95,0.10369999999999999,22.275499999999987,52.604166666666664,65.97481197423147,74.73958333333333,86.61764705882354,50.0,67.354429306611,0.546875,0.78125,0.84375,0.90625,C+,B,B+,A-,oceaneeringinternationalinc
STLD,Steel Dynamics Inc,Materials,Steel,233.66,20.796,1.6274,17.7548,3.780955093269816,60.82,19.77,17.599999999999998,0.1001,12.15,0.6420354844999024,72.472,60.82,19.77,72.472,0.6420354844999024,17.599999999999998,0.1001,12.15,48.03921568627451,77.94273677640817,70.58823529411764,85.43610547667342,50.0,67.33263119571436,0.5147058823529411,0.8676470588235294,0.7426470588235294,0.8823529411764706,C+,B+,B,B+,steeldynamicsinc
VIRT,Virtu Financial Inc,Financials,Financial Exchanges & Data,53.4,14.9958,2.0241,11.7263,5.162962031925282,36.21,60.58,33.18,0.3127,5.91,0.5872093179503303,49.4325,36.21,60.58,45.683969999999945,0.5872093179503303,33.18,0.3127,5.91,25.65789473684211,83.26553203265532,91.22807017543859,81.89792663476874,50.0,67.25418296155499,0.2149122807017544,0.956140350877193,0.9122807017543859,0.8245614035087719,D+,A,A-,B+,virtufinancialinc
M,Macy's Inc,Consumer Discretionary,Broadline Retail,22.64,7.8353,0.258,3.6293,1.225167892375711,55.51,0.34,15.83,0.04650000000000001,10.459999999999999,0.6122850122850123,28.3659,55.51,0.34,28.3659,0.6122850122850123,15.83,0.04650000000000001,10.459999999999999,94.51219512195121,56.91326118559199,38.80866876153424,87.67354596622889,50.0,67.24757740123555,0.9939024390243902,0.5914634146341463,0.35365853658536583,0.8658536585365854,A+,C+,C-,B+,macysinc
FIX,Comfort Systems USA Inc,Industrials,Construction & Engineering,1658.91,39.9659,5.1057,29.0001,23.830633866044174,108.88,46.11,53.55,0.16469999999999999,51.739999999999995,0.6848267640604714,107.6403,108.88,28.674999999999983,69.52242999999993,0.6848267640604714,53.55,0.16469999999999999,28.302999999999987,15.072463768115943,91.35438233264321,85.72463768115942,93.84057971014494,50.0,67.23826777087648,0.06521739130434782,0.9782608695652174,0.941304347826087,0.9782608695652174,D-,A+,A,A+,comfortsystemsusainc
DXCM,Dexcom Inc,Health Care,Health Care Equipment,86.62,32.6666,6.5718,23.4086,12.138112721056025,79.4,15.54,36.19,0.22920000000000001,22.93,0.8448544698544699,29.5852,79.4,15.54,29.5852,0.8448544698544699,36.19,0.22920000000000001,22.93,38.93928174750092,79.64915033747323,85.36036036036036,76.15135135135135,50.0,67.23501086473024,0.3918918918918919,0.9054054054054054,0.9054054054054054,0.777027027027027,C-,A-,A-,B,dexcominc
JLL,Jones Lang LaSalle Inc,Real Estate,Real Estate Services,321.91,14.9595,0.5448,11.1829,2.0142223835163016,79.2,11.17,13.569999999999999,0.04650000000000001,10.24,0.46324901126781615,6.8652,79.2,11.314,6.8652,0.46324901126781615,13.569999999999999,0.04650000000000001,10.044,80.0,60.41666666666667,60.0,75.0,50.0,67.08333333333334,1.0,0.8,0.7,0.8,A+,B,B-,B,joneslanglasalleinc
SWX,Southwest Gas Holdings Inc,Utilities,Gas Utilities,82.44,11.4234,3.4077,10.8558,1.5031589311599158,166.8,-15.28,12.889999999999999,0.2868,6.890000000000001,0.3215796897038082,2.5841,90.91999999999999,-15.28,2.5841,0.3215796897038082,12.889999999999999,0.2868,6.890000000000001,67.24137931034483,52.63522957214677,85.05747126436782,67.30083234244947,50.0,67.06192502659741,0.7241379310344828,0.5517241379310345,0.9310344827586207,0.6724137931034483,B,C+,A,B-,southwestgasholdingsinc
TRV,Travelers Companies Inc,Financials,Property & Casualty Insurance,363.04,9.0851,1.5397,7.3066,2.4004739587190422,65.09,2.39,25.619999999999997,0.2202,19.950000000000003,0.7565131286919112,30.9875,65.09,2.39,30.9875,0.7565131286919112,25.619999999999997,0.2202,19.950000000000003,58.55263157894737,44.51200950365668,84.21052631578947,87.12023962344887,50.0,67.01723929910531,0.6008771929824561,0.3815789473684211,0.8421052631578947,0.9122807017543859,B-,C-,B+,A-,travelerscompaniesinc
CAH,Cardinal Health Inc,Health Care,Health Care Distributors,220.22,29.7737,0.2007,19.3065,35.78136678256914,12.43,14.23,37.169999999999995,0.98,7.340000000000001,0.6612880129429228,44.016,12.43,14.23,44.016,0.6612880129429228,37.169999999999995,0.39204500000000014,7.340000000000001,69.37245464642724,59.28406282388583,78.71621621621621,65.67567567567568,50.0,67.01411541557317,0.777027027027027,0.6486486486486487,0.831081081081081,0.6486486486486487,B,B-,B+,B-,cardinalhealthinc
MD,Pediatrix Medical Group Inc,Health Care,Health Care Services,26.31,12.1597,1.0897,9.3324,2.5213224724484906,60.64,0.51,19.89,0.12119999999999999,11.87,0.8668300653594769,55.2329,60.64,0.51,55.2329,0.8668300653594769,19.89,0.12119999999999999,11.87,87.5694187338023,42.4251289848635,63.28828828828828,78.71621621621622,50.0,66.94269579573859,0.9594594594594594,0.3918918918918919,0.6351351351351351,0.8445945945945946,A,C-,B-,B+,pediatrixmedicalgroupinc
HAS,Hasbro Inc,Consumer Discretionary,Leisure Products,88.09,15.4543,2.4677,12.1937,22.964623686748872,,16.99,138.2,0.2339,19.84,0.4959978655282818,15.3928,,16.99,15.3928,0.4959978655282818,138.2,0.2339,19.84,39.024390243902445,72.28997289972901,85.50177066187841,81.69828364950315,50.0,66.92919153629165,0.4024390243902439,0.8048780487804879,0.9512195121951219,0.8170731707317073,C,B+,A,B+,hasbroinc
CUBI,Customers Bancorp Inc,Financials,Regional Banks,77.06,8.9058,1.99781,,1.2454523856086086,85.16,55.59768,13.569999999999999,0.3985504,11.82,0.707809067305772,15.6292,85.16,55.59768,15.6292,0.707809067305772,13.569999999999999,0.3985504,11.82,77.41228070175438,76.05105716051057,54.824561403508774,67.74291497975707,50.0,66.81800495436931,0.9013157894736842,0.9035087719298246,0.5482456140350878,0.6842105263157895,A-,A-,C+,B-,customersbancorpinc
BALL,Ball Corp,Materials,"Metal, Glass & Plastic Containers",56.83,15.8459,1.0475,10.3058,2.7819931661755057,82.34,15.56,17.05,0.1025,7.359999999999999,0.5115089514066494,16.2972,82.34,15.56,16.2972,0.5115089514066494,17.05,0.1025,7.359999999999999,73.03921568627452,82.23039215686275,59.80392156862745,60.78431372549019,50.0,66.81372549019608,0.8235294117647058,0.9117647058823529,0.5955882352941176,0.5735294117647058,B+,A-,C+,C+,ballcorp
GMED,Globus Medical Inc,Health Care,Health Care Equipment,74.52,18.6236,3.1707,12.3547,2.2006904474323803,50.93,19.74,11.59,0.20600000000000002,11.59,0.431111111111111,30.326,50.93,19.74,30.326,0.431111111111111,11.59,0.20600000000000002,11.59,69.0608416635814,78.42752638241522,64.41441441441442,63.772972972972966,50.0,66.80891389057659,0.7702702702702703,0.8783783783783784,0.6621621621621622,0.6283783783783784,B,B+,B-,B-,globusmedicalinc
GAP,Gap Inc,Consumer Discretionary,Apparel Retail,21.82,6.0648,0.4935,3.1661,2.135509948422835,43.81,1.05,33.129999999999995,0.1099,23.73,0.32977777777777784,-5.1596,43.81,1.05,-5.1596,0.32977777777777784,33.129999999999995,0.1099,23.73,90.65040650406506,54.62991327789504,66.35493042046984,58.065601345668625,50.0,66.79043715584646,0.9695121951219512,0.5426829268292683,0.7073170731707317,0.573170731707317,A,C+,B,C+,gapinc
DAL,Delta Air Lines Inc,Industrials,Passenger Airlines,84.94,13.8998,0.8042,7.9957,2.6725146934820088,-12.71,10.28,19.33,0.0806,11.379999999999999,0.7357933579335791,43.4067,-12.71,10.28,43.4067,0.7357933579335791,19.33,0.0806,11.379999999999999,87.53623188405795,45.77294685990338,51.95652173913044,88.59903381642512,50.0,66.74758454106279,0.941304347826087,0.4,0.5043478260869565,0.9173913043478261,A,C-,C+,A-,deltaairlinesinc
CON,Concentra Group Holdings Parent Inc,Health Care,Health Care Services,35.01,22.2143,1.9299,12.8263,11.450905998560868,-24.01,14.02,47.3,0.16390000000000002,9.92,0.906413432424993,67.6627,-24.01,14.02,67.6627,0.906413432424993,47.3,0.16390000000000002,9.92,72.19856843144514,39.79627225202446,73.1981981981982,86.12162162162161,50.0,66.53277043214005,0.7972972972972973,0.32432432432432434,0.7567567567567568,0.918918918918919,B,C-,B,A-,concentragroupholdingsparentinc
ECG,Everus Construction Group Inc,Industrials,Construction & Engineering,116.94,23.4187,1.3966,17.4272,9.470589664471927,53.33,30.53,38.22,0.0775,26.91,0.4170001173746492,41.3573,53.33,28.674999999999983,41.3573,0.4170001173746492,38.22,0.0775,26.91,55.36231884057971,82.87957211870255,71.52173913043478,66.01449275362319,50.0,66.49982746721878,0.6043478260869565,0.9304347826086956,0.7478260869565218,0.6695652173913044,B-,A,B,B-,everusconstructiongroupinc
KEYS,Keysight Technologies Inc,Information Technology,Electronic Equipment & Instruments,362.15,49.2453,9.4271,41.7809,10.542449260005357,131.85,25.54,20.169999999999998,0.2025,14.360000000000001,0.940728463188494,104.9997,131.85,25.54,104.9997,0.940728463188494,20.169999999999998,0.2025,14.360000000000001,31.71682626538988,89.86596667064391,68.7984496124031,91.85405373899866,50.0,66.47282305137676,0.3023255813953488,0.9709302325581395,0.7180232558139535,0.9709302325581395,C-,A+,B,A+,keysighttechnologiesinc
VCTR,Victory Capital Holdings Inc,Financials,Asset Management & Custody Banks,108.75,14.5387,4.2991,10.4611,2.877151580250702,68.34,51.5,19.29,0.41159999999999997,13.719999999999999,0.777510523150932,61.1972,68.34,51.5,45.683969999999945,0.777510523150932,19.29,0.41159999999999997,13.719999999999999,33.55263157894737,87.61857634142967,73.24561403508771,85.7535885167464,50.0,66.373994375144,0.2719298245614035,0.9824561403508771,0.7324561403508771,0.881578947368421,D+,A+,B,B+,victorycapitalholdingsinc
HL,Hecla Mining Co,Materials,Silver,18.19,36.4264,7.5897,13.0459,4.704634802400165,214.41,51.21,12.98,0.4595,12.01,0.3129836629406707,63.8356,214.41,35.85249999999999,63.8356,0.3129836629406707,12.98,0.44227999999999995,12.01,34.31372549019608,92.28291316526611,81.61764705882354,69.46778711484593,50.0,66.33298319327731,0.27941176470588236,0.9852941176470589,0.8970588235294118,0.7205882352941176,D+,A+,B+,B,heclaminingco
BTSG,Brightspring Health Services Inc,Health Care,Health Care Services,56.59,30.2874,0.7713,20.9417,5.798333965183356,440.76,19.91,18.96,0.031200000000000002,8.36,0.6385098767850786,99.3567,295.8379999999996,19.91,99.3567,0.6385098767850786,18.96,0.031200000000000002,8.36,64.63655436258175,89.62850650903749,50.0,73.64864864864865,50.0,66.31456962218266,0.7027027027027027,0.9797297297297297,0.47297297297297297,0.7567567567567568,B,A+,C,B,brightspringhealthservicesinc
GEV,GE Vernova Inc,Industrials,Heavy Electrical Equipment,957.63,26.696,6.1487,34.5754,23.09083412301705,744.44,12.98,83.39,0.15439999999999998,74.29,0.642058938388056,51.8419,172.17599999999996,12.98,51.8419,0.642058938388056,68.73749999999994,0.15439999999999998,28.302999999999987,20.434782608695652,88.03249890206412,86.01449275362319,85.37549407114625,50.0,66.29391743522179,0.11739130434782609,0.9565217391304348,0.9478260869565217,0.8782608695652174,D,A,A,B+,gevernovainc
PSX,Phillips 66,Energy,Oil & Gas Refining & Marketing,255.75,14.3941,0.671,14.283,3.526321595014202,318.7,14.44,24.45,0.0394,13.83,0.8578933368799042,87.327,318.7,14.44,87.327,0.8578933368799042,24.45,0.0394,13.83,59.375,77.74570926037956,59.895833333333336,79.26724137931033,50.0,66.22029846127131,0.71875,0.875,0.578125,0.78125,B,B+,C+,B,phillips66
JBSS,John B Sanfilippo & Son Inc,Consumer Staples,Packaged Foods & Meats,67.24,12.6273,0.6652,9.5788,2.0694133687058165,4.7,6.18,16.509999999999998,0.0759,13.850000000000001,0.24750075734625857,5.6904,4.7,6.18,5.6904,0.24750075734625857,16.509999999999998,0.0759,13.850000000000001,77.93427230046949,69.97214053552082,57.27699530516431,66.93391115926327,50.0,66.18402724036528,0.8873239436619719,0.7887323943661971,0.5633802816901409,0.6338028169014085,B+,B,C+,B-,johnbsanfilipposoninc
DG,Dollar General Corp,Consumer Staples,Consumer Staples Merchandise Retail,124.84,16.1092,0.6288,8.6307,3.2298708724325196,42.34,4.77,19.56,0.0559,12.690000000000001,0.47100760456273777,17.2536,42.34,4.77,17.2536,0.47100760456273777,19.56,0.0559,12.690000000000001,76.52582159624413,71.10268448296617,57.98122065727699,66.56233698487219,50.0,66.15976485694796,0.8732394366197183,0.8169014084507042,0.5915492957746479,0.6197183098591549,B+,B+,C+,B-,dollargeneralcorp
PTC,PTC Inc,Information Technology,Application Software,138.12,12.16,5.0378,13.6978,4.315036396013621,142.49,19.5,32.64,0.37810000000000005,24.46,0.30126118795768925,-32.5098,142.49,19.5,-32.5098,0.30126118795768925,32.64,0.37810000000000005,24.46,74.34108527131782,79.12956718737651,83.33333333333333,29.00667366089642,50.0,66.04585282081737,0.8081395348837209,0.877906976744186,0.8604651162790697,0.23255813953488372,B+,B+,B+,D+,ptcinc
RGA,Reinsurance Group of America Inc,Financials,Reinsurance,248.65,10.739,0.6212,7.2068,1.2092371811861857,98.03,19.88,11.3,0.08839999999999999,7.870000000000001,0.8849424109027317,28.4667,98.03,19.88,28.4667,0.8849424109027317,11.3,0.08839999999999999,7.870000000000001,72.36842105263159,69.96817489968174,42.54385964912281,91.38755980861242,50.0,65.99921711709743,0.8245614035087719,0.8333333333333334,0.42543859649122806,0.9385964912280702,B+,B+,C,A,reinsurancegroupofamericainc
BYD,Boyd Gaming Corp,Consumer Discretionary,Casinos & Gaming,71.23,2.8226,1.2516,7.2776,2.0853888109799836,249.96,1.75,70.49,0.1632,37.99,0.06183170618317056,-14.8916,107.81,1.75,-14.8916,0.06183170618317056,70.49,0.1632,37.99,76.21951219512195,63.943880551692786,84.7099605965385,39.68040370058873,50.0,65.95722504837141,0.8780487804878049,0.6951219512195121,0.9207317073170732,0.3780487804878049,B+,B-,A-,C-,boydgamingcorp
DAR,Darling Ingredients Inc,Consumer Staples,Agricultural Products & Services,61.29,16.1754,1.4769,13.8982,2.046827567551321,470.42,14.85,4.72,0.1452,2.55,0.7872472799063336,94.6083,99.10999999999986,14.85,67.46195,0.7872472799063336,4.72,0.1452,2.55,53.05164319248826,93.43400144456481,38.497652582159624,96.59624413145539,50.0,65.89337305886602,0.5422535211267606,0.9859154929577465,0.31690140845070425,0.971830985915493,C+,A+,C-,A+,darlingingredientsinc
AEO,American Eagle Outfitters Inc,Consumer Discretionary,Apparel Retail,16.58,8.0489,0.4757,3.9891,1.6545089860394564,86.37,8.21,20.03,0.0786,19.040000000000003,0.17499999999999985,-10.1676,86.37,8.21,-10.1676,0.17499999999999985,20.03,0.0786,19.040000000000003,88.82113821138212,80.91946596561192,55.43855055114968,42.59041211101766,50.0,65.76689780595888,0.9512195121951219,0.8902439024390244,0.5304878048780488,0.4146341463414634,A,B+,C+,C,americaneagleoutfittersinc
SMCI,Super Micro Computer Inc,Information Technology,"Technology Hardware, Storage & Peripherals",43.26,12.742,0.7275,10.4878,1.9325268480960633,94.1,77.79,25.080000000000002,0.0709,14.23,0.605089058524173,-10.1515,94.1,58.24949999999999,-10.1515,0.605089058524173,25.080000000000002,0.0709,14.23,92.59005927952576,84.59732552024641,56.58914728682171,32.000168826235594,50.0,65.61430051088327,0.9709302325581395,0.9244186046511628,0.5813953488372093,0.29069767441860467,A+,A-,C+,D+,supermicrocomputerinc
NUE,Nucor Corp,Materials,Steel,247.25,23.9475,1.6341,13.0412,2.7020824340052565,79.23,12.27,11.16,0.0999,8.36,0.7791518247194031,81.7889,79.23,12.27,78.52798499999999,0.7791518247194031,11.16,0.0999,8.36,53.43137254901961,71.46512716492433,53.921568627450974,95.84178498985801,50.0,65.29961772507411,0.5955882352941176,0.7941176470588235,0.5073529411764706,0.9852941176470589,C+,B,C+,A+,nucorcorp
YOU,Clear Secure Inc,Information Technology,Application Software,39.6,33.4176,4.9385,16.8145,29.680707540098936,31.12,19.77,82.39999999999999,0.25129999999999997,82.39999999999999,0.25646524536394616,4.898,31.12,19.77,4.898,0.25646524536394616,82.39999999999999,0.25129999999999997,62.34099999999999,60.95075239398085,62.54125945048866,88.17829457364341,52.21119659614151,50.0,65.2327529512321,0.6686046511627907,0.6453488372093024,0.9186046511627907,0.45930232558139533,B-,B-,A-,C,clearsecureinc
AWR,American States Water Co,Utilities,Water Utilities,82.8,22.7462,5.9394,15.2316,3.094956864973162,12.0,10.27,13.5,0.4052,7.23,0.599461158509205,14.8545,12.0,10.27,14.8545,0.599461158509205,13.5,0.39203,7.23,12.64367816091954,77.90730141002373,92.52873563218391,91.64456233421751,50.0,65.20347619712412,0.06896551724137931,0.8793103448275862,1.0,0.9137931034482759,D-,B+,A+,A-,americanstateswaterco
EOG,EOG Resources Inc,Energy,Oil & Gas Exploration & Production,140.35,10.7959,2.7523,5.6175,2.5294805688672937,24.77,18.67,22.38,0.33020000000000005,17.82,0.7373026440935895,22.4165,24.77,18.67,22.4165,0.7373026440935895,22.38,0.33020000000000005,17.82,59.895833333333336,64.95209515596603,83.85416666666667,56.079545454545446,50.0,65.1438281221023,0.7421875,0.75,0.9375,0.5625,B,B,A,C+,eogresourcesinc
NTAP,NetApp Inc,Information Technology,"Technology Hardware, Storage & Peripherals",201.145,27.6386,5.3026,19.7472,29.18147659185539,25.19,12.15,113.67,0.2502,37.97,0.9313946433214875,60.0325,25.19,12.15,60.0325,0.9313946433214875,113.67,0.2502,37.97,60.93023255813953,42.99075952219968,87.01550387596899,72.1132824040856,50.0,65.00724249378419,0.6627906976744186,0.4011627906976744,0.9011627906976745,0.7848837209302325,B-,C,A-,B,netappinc
MLI,Mueller Industries Inc,Industrials,Industrial Machinery & Supplies & Components,60.52,15.6451,2.8547,10.5231,4.192326075963397,-24.03,14.81,25.85,0.2286,25.840000000000003,0.5361050328227571,20.4979,-24.03,14.81,20.4979,0.5361050328227571,25.85,0.2286,25.840000000000003,66.95652173913044,48.328120885793666,84.49275362318842,62.32819074333801,50.0,64.99358116640605,0.7565217391304347,0.4434782608695652,0.9239130434782609,0.6130434782608696,B,C,A-,B-,muellerindustriesinc
CNX,CNX Resources Corp,Energy,Oil & Gas Exploration & Production,32.79,5.1094,2.3808,4.9781,1.0780545701425899,968.14,18.73,21.19,0.42219999999999996,13.750000000000002,0.2383966244725739,8.8391,625.0779999999986,18.73,8.8391,0.24091986324950568,21.19,0.42219999999999996,13.750000000000002,72.39583333333333,85.30322155150031,81.25,22.159090909090907,50.0,64.90392082545156,0.875,0.9375,0.890625,0.171875,B+,A,B+,D,cnxresourcescorp
ACA,Arcosa Inc,Industrials,Construction & Engineering,146.62,14.6641,2.6252,14.9964,2.719914814835427,431.69,2.59,18.099999999999998,0.1176,11.61,0.9948177578165489,52.827,172.17599999999996,2.59,52.827,0.8723212715732392,18.099999999999998,0.1176,11.61,60.43478260869565,61.87025534851622,56.666666666666664,90.99033816425123,50.0,64.84748102139406,0.6652173913043479,0.6739130434782609,0.5717391304347826,0.9304347826086956,B-,B-,C+,A,arcosainc
LMT,Lockheed Martin Corp,Industrials,Aerospace & Defense,519.56,19.1095,1.56,12.6258,17.702636860163615,52.8,7.2,86.24000000000001,0.1188,22.009999999999998,0.3231010794896956,7.7018,52.8,7.2,7.7018,0.3231010794896956,68.73749999999994,0.1188,22.009999999999998,67.97101449275362,58.681849551414764,79.1304347826087,56.00414078674949,50.0,64.71256038647343,0.7739130434782608,0.6304347826086957,0.8434782608695652,0.5217391304347826,B,B-,B+,C+,lockheedmartincorp
SLM,SLM Corp,Financials,Consumer Finance,23.66,5.9066,1.90601,,1.9226393629124006,77.07,31.52147,30.31,0.2673951,8.55,0.44319036869826944,-18.9522,77.07,31.52147,-18.9522,0.44319036869826944,30.31,0.2673951,8.55,69.73684210526315,75.61080266131636,88.59649122807018,24.55077086656034,50.0,64.61564803890867,0.7675438596491229,0.8947368421052632,0.8859649122807017,0.2324561403508772,B,B+,B+,D+,slmcorp
EXPD,Expeditors International of Washington Inc,Industrials,Air Freight & Logistics,187.46,26.5018,2.0231,18.8312,10.654405328907734,12.15,6.77,40.660000000000004,0.0983,40.660000000000004,0.9126653601175895,51.8102,12.15,6.77,51.8102,0.8723212715732392,40.660000000000004,0.0983,28.302999999999987,43.76811594202898,53.288740245261984,76.73913043478262,94.04682274247492,50.0,64.59392419175029,0.4108695652173913,0.5130434782608696,0.8130434782608695,0.9826086956521739,C,C+,B+,A+,expeditorsinternationalofwashingtoninc
CXW,CoreCivic Inc,Industrials,Diversified Support Services,32.13,25.2064,1.2979,11.6831,2.2875979865150624,33.31,24.35,8.959999999999999,0.09880000000000001,4.77,0.7876021143680925,59.5172,33.31,24.35,59.5172,0.7876021143680925,8.959999999999999,0.09880000000000001,4.77,66.37681159420289,86.24503272557271,30.8695652173913,90.08152173913044,50.0,64.57690509583918,0.7521739130434782,0.9391304347826087,0.24782608695652175,0.9260869565217391,B,A,D+,A-,corecivicinc
FDX,FedEx Corp,Industrials,Air Freight & Logistics,285.85,14.9287,0.6987,7.9974,2.1677884159635985,9.81,7.73,15.110000000000001,0.0576,8.42,0.6379121547633533,48.4073,9.81,7.73,48.4073,0.6379121547633533,15.110000000000001,0.0576,8.42,88.40579710144927,56.02935711631364,39.130434782608695,82.3076923076923,50.0,64.55146785581569,0.9478260869565217,0.5695652173913044,0.3391304347826087,0.8434782608695652,A,C+,C-,B+,fedexcorp
ZION,Zions Bancorporation NA,Financials,Regional Banks,63.83,7.9024,1.56245,,1.312631741298648,39.17,53.61248,16.14,0.336199,10.56,0.6497237569060772,10.3848,39.17,53.61248,10.3848,0.6497237569060772,16.14,0.336199,10.56,78.0701754385965,66.55635426556354,63.1578947368421,54.35222672064778,50.0,64.48873374110192,0.9122807017543859,0.793859649122807,0.631578947368421,0.5701754385964912,A-,B,B-,C+,zionsbancorporationna
SBH,Sally Beauty Holdings Inc,Consumer Discretionary,Specialty Stores,17.18,8.2756,0.4267,5.3866,2.1171976092180667,3.6,1.08,23.11,0.08410000000000001,11.52,0.8840125391849527,9.6067,3.6,1.08,9.6067,0.7775096564870453,23.11,0.08410000000000001,11.52,89.4308943089431,39.11643452654598,51.03621128235822,82.6078799249531,50.0,64.46163928812514,0.9603658536585366,0.2865853658536585,0.4695121951219512,0.823170731707317,A,D+,C,B+,sallybeautyholdingsinc
CMC,Commercial Metals Co,Materials,Steel,65.73,12.0549,0.8106,12.3067,1.7429881387708128,1594.79,15.23,13.65,0.08960000000000001,8.23,0.39792387543252605,12.5877,451.37449999999995,15.23,12.5877,0.39792387543252605,13.65,0.08960000000000001,8.23,76.4705882352941,85.23482602590107,56.86274509803923,45.111561866125754,50.0,64.40261091173869,0.8529411764705882,0.9411764705882353,0.5588235294117647,0.4411764705882353,B+,A,C+,C,commercialmetalsco
PAHC,Phibro Animal Health Corp,Health Care,Pharmaceuticals,34.45,13.8148,0.9075,8.3323,3.625247295533948,105.25,17.12,28.67,0.1281,9.2,0.19478479421929007,-11.2941,105.25,17.12,-11.2941,0.19478479421929007,28.67,0.1281,9.2,88.25126496359373,82.63602475776013,65.2027027027027,22.504943968358603,50.0,64.39168566179785,0.9662162162162162,0.9121621621621622,0.6756756756756757,0.17567567567567569,A,A-,B-,D,phibroanimalhealthcorp
SNX,TD Synnex Corp,Information Technology,Technology Distributors,263.03,18.5336,0.3018,11.3092,2.4932108039450793,63.4,16.26,13.120000000000001,0.025699999999999997,8.59,0.7717028244668311,72.5888,63.4,16.26,72.5888,0.7717028244668311,13.120000000000001,0.025699999999999997,8.59,88.90104879160965,69.80223123732252,34.98062015503876,71.98985836684736,50.0,64.32883515749607,0.9418604651162791,0.7383720930232558,0.29069767441860467,0.7790697674418605,A,B,D+,B,tdsynnexcorp
FAF,First American Financial Corp,Financials,Property & Casualty Insurance,66.27,8.9891,0.8389,4.6483,1.2291182509315295,298.96,22.52,13.600000000000001,0.1519,9.26,0.4254348349591673,4.2088,182.343,22.52,4.2088,0.4254348349591673,13.600000000000001,0.1519,9.26,77.41228070175438,83.15588224375394,55.26315789473685,47.62516046213094,50.0,64.32506819029979,0.9013157894736842,0.9517543859649122,0.5526315789473685,0.5043859649122807,A-,A,C+,C+,firstamericanfinancialcorp
APH,Amphenol Corp,Information Technology,Electronic Components,84.09,40.6711,7.2105,24.4136,7.689212790665777,59.37,54.17,37.14,0.2703,17.66,0.8962888665997993,31.0845,59.37,54.17,31.0845,0.8962888665997993,37.14,0.2703,17.66,46.53670770633835,78.65778035352072,77.13178294573645,63.35373317013463,50.0,64.31942536774977,0.4476744186046512,0.8662790697674418,0.813953488372093,0.6104651162790697,C,B+,B+,B-,amphenolcorp
ANDE,Andersons Inc,Consumer Staples,Food Distributors,66.97,12.6956,0.2058,11.0243,1.8206681311033297,119.33,-5.2,14.149999999999999,0.013300000000000001,8.0,0.6527522935779817,69.1314,99.10999999999986,-5.2,67.46195,0.6527522935779817,14.149999999999999,0.013300000000000001,8.0,84.03755868544602,55.5839653304442,36.15023474178403,90.7774647887324,50.0,64.31923438064283,0.9647887323943662,0.49295774647887325,0.28169014084507044,0.9295774647887324,A,C,D+,A-,andersonsinc
MATX,Matson Inc,Industrials,Marine Transportation,224.66,14.4649,1.9394,9.9682,2.475412256519085,0.86,-0.16,16.939999999999998,0.1518,15.040000000000001,0.8946718648473034,116.0069,0.86,-0.16,69.52242999999993,0.8723212715732392,16.939999999999998,0.1518,15.040000000000001,75.3623188405797,26.10891523935002,62.46376811594203,97.82608695652173,50.0,64.24352217830479,0.8347826086956521,0.13043478260869565,0.6434782608695652,0.991304347826087,B+,D,B-,A+,matsoninc
UNFI,United Natural Foods Inc,Consumer Staples,Food Retail,45.85,33.117,0.0893,8.4391,1.7055832276256124,50.37,-1.99,5.319999999999999,0.67,2.54,0.599210620739146,58.2647,50.37,-1.99,58.2647,0.599210620739146,5.319999999999999,0.34615,2.54,71.36150234741784,56.19634969580798,48.59154929577465,89.77569118414189,50.0,64.1826710867881,0.823943661971831,0.5070422535211268,0.4788732394366197,0.9014084507042254,B+,C+,C,A-,unitednaturalfoodsinc
GEN,Gen Digital Inc,Information Technology,Systems Software,21.62,12.2901,2.548,8.8716,4.951674224726307,79.7,20.16,41.89,0.4131,9.68,0.2769423830026612,-20.6944,79.7,20.16,-20.6944,0.2769423830026612,41.89,0.4131,9.68,87.57637938896488,73.7392625545516,74.8062015503876,18.904096039958954,50.0,64.12431695374022,0.9186046511627907,0.8023255813953488,0.7848837209302325,0.11046511627906977,A-,B+,B,D,gendigitalinc
COR,Cencora Inc,Health Care,Health Care Distributors,306.92,22.3136,0.176,16.5395,39.47117981429564,38.37,5.09,106.43,0.91,21.19,0.4679023508137433,3.2672,38.37,5.09,3.2672,0.4679023508137433,94.53650000000002,0.39204500000000014,21.19,77.9927187461434,49.22018257195249,95.04504504504503,30.067567567567565,50.0,64.11699097570113,0.8716216216216216,0.4797297297297297,0.9932432432432432,0.23648648648648649,B+,C,A+,D+,cencorainc
NEE,Nextera Energy Inc,Utilities,Multi-Utilities,76.08,16.9375,5.4877,17.1981,2.9020445529447665,55.3,10.82,16.82,0.2982,5.96,0.150936329588015,2.4245,55.3,10.82,2.4245,0.150936329588015,16.82,0.2982,5.96,27.586206896551726,89.31835646899167,87.35632183908046,62.51630941286114,50.0,64.10256536027862,0.25,0.9827586206896551,0.9482758620689655,0.6206896551724138,D+,A+,A,B-,nexteraenergyinc
DVA,DaVita Inc,Health Care,Health Care Services,178.47,13.4356,0.8128,7.6199,118.67145421903052,19.98,6.45,181.22,0.1507,9.56,0.5288415591507952,37.8755,19.98,6.45,37.8755,0.5288415591507952,94.53650000000002,0.1507,9.56,90.29371837591016,38.77695014863156,73.08558558558558,52.32432432432432,50.0,64.06508088496511,0.972972972972973,0.31756756756756754,0.75,0.5135135135135135,A+,C-,B,C+,davitainc
CINF,Cincinnati Financial Corp,Financials,Property & Casualty Insurance,162.54,7.5074,1.9301,10.4138,1.587500024417067,84.01,10.87,20.89,0.16620000000000001,19.88,0.2798482481588929,5.2642,84.01,10.87,5.2642,0.2798482481588929,20.89,0.16620000000000001,19.88,71.2719298245614,64.11738500946653,77.63157894736842,44.56996148908857,50.0,63.963346492693475,0.8048245614035088,0.75,0.7763157894736842,0.4517543859649123,B+,B,B,C,cincinnatifinancialcorp
THG,Hanover Insurance Group Inc,Financials,Property & Casualty Insurance,217.44,9.9995,1.1208,8.2515,2.1552228272828375,37.57,5.35,21.22,0.1462,16.400000000000002,0.7321107515282272,24.439,37.57,5.35,24.439,0.7321107515282272,21.22,0.1462,16.400000000000002,59.42982456140351,39.912016928388454,78.50877192982456,82.4561403508772,50.0,63.95828057866015,0.6074561403508771,0.3157894736842105,0.7850877192982456,0.8333333333333334,B-,C-,B,B+,hanoverinsurancegroupinc
PRDO,Perdoceo Education Corp,Consumer Discretionary,Education Services,30.49,10.7722,2.2222,7.0373,1.9590079671035723,20.02,11.68,17.7,0.24559999999999998,17.51,0.3234797297297296,-11.6811,20.02,11.68,-11.6811,0.3234797297297296,17.7,0.24559999999999998,17.51,62.39837398373984,74.90836574183368,69.9548605915507,54.40900562851783,50.0,63.951782917892935,0.6585365853658537,0.8353658536585366,0.7439024390243902,0.524390243902439,B-,B+,B,C+,perdoceoeducationcorp
KO,Coca-Cola Co,Consumer Staples,Soft Drinks & Non-alcoholic Beverages,87.81,26.3545,7.5264,25.1032,11.742915602391111,17.61,6.52,42.99,0.3035,18.26,0.82756079587325,32.5809,17.61,6.52,32.5809,0.80919426818271,42.99,0.3035,18.26,20.18779342723005,68.2476626138598,88.26291079812206,90.89201877934272,50.0,63.94061233497854,0.09859154929577464,0.7464788732394366,0.9436619718309859,0.9436619718309859,D-,B,A,A,cocacolaco
EZPW,EZCORP Inc,Financials,Consumer Finance,31.16,11.9425,1.1932,8.1901,1.850224449564164,61.24,28.61,14.45,0.139,9.8,0.7107878787878787,67.4406,61.24,28.61,45.683969999999945,0.7107878787878787,14.45,0.139,9.8,52.192982456140356,70.05119690051197,59.210526315789465,85.33227006911217,50.0,63.92757058690728,0.506578947368421,0.8377192982456141,0.5921052631578947,0.8728070175438597,C+,B+,C+,B+,ezcorpinc
FRPT,Freshpet Inc,Consumer Staples,Packaged Foods & Meats,57.91,13.6706,2.3627,23.405,2.3462822507454946,449.74,12.77,16.650000000000002,0.081,12.34,0.28975979772439936,18.0364,99.10999999999986,12.77,18.0364,0.28975979772439936,16.650000000000002,0.081,12.34,39.43661971830986,95.73724397668059,56.80751173708921,78.56265799927773,50.0,63.92101325904143,0.36619718309859156,1.0,0.5492957746478874,0.7887323943661971,C-,A+,C+,B,freshpetinc
MKC,McCormick & Company Inc,Consumer Staples,Packaged Foods & Meats,47.94,7.9474,1.7415,12.9002,2.2430168904692835,108.82,9.54,25.419999999999998,0.1485,14.82,0.11308445088800283,-26.6564,99.10999999999986,9.54,-26.6564,0.11308445088800283,25.419999999999998,0.1485,14.82,62.441314553990615,92.28834545735953,75.11737089201878,30.321415673528353,50.0,63.91162358767993,0.6901408450704225,0.971830985915493,0.7887323943661971,0.2535211267605634,B-,A+,B,D+,mccormickcompanyinc
ROST,Ross Stores Inc,Consumer Discretionary,Apparel Retail,236.12,28.3464,3.075,18.4408,12.300607424540786,31.42,14.02,42.34,0.1375,35.23,0.8118918918918919,57.532,31.42,14.02,45.64219999999995,0.7775096564870453,42.34,0.1375,35.23,15.650406504065039,81.36226669414445,77.57494139358572,96.5937762825904,50.0,63.897545569759664,0.0701219512195122,0.9024390243902439,0.8414634146341463,0.9847560975609756,D-,A-,B+,A+,rossstoresinc
T,AT&T Inc,Communication Services,Integrated Telecommunication Services,25.38,8.0434,1.3628,6.5199,1.6159120862329128,72.22,2.63,19.54,0.20120000000000002,8.63,0.5748691099476437,-10.1342,72.22,2.63,-10.1342,0.5748691099476437,19.54,0.20120000000000002,8.63,79.65860597439546,65.05715201367376,65.78947368421053,46.881068711732325,50.0,63.74966405973271,0.8947368421052632,0.7368421052631579,0.8157894736842105,0.4473684210526316,B+,B,B+,C,attinc
ASO,Academy Sports and Outdoors Inc,Consumer Discretionary,Specialty Stores,49.14,7.6443,0.4887,4.5215,1.4697789050535988,12.46,3.68,18.38,0.09519999999999999,14.99,0.371070668872607,-0.0208,12.46,3.68,-0.0208,0.371070668872607,18.38,0.09519999999999999,14.99,88.41463414634147,55.19940857075407,53.47897650755649,61.06941838649155,50.0,63.72716805492362,0.9451219512195121,0.5487804878048781,0.5,0.5914634146341463,A,C+,C,C+,academysportsandoutdoorsinc
HALO,Halozyme Therapeutics Inc,Health Care,Biotechnology,113.9,31.5114,7.8336,21.7037,274.85521235521236,-23.53,41.15,180.63,0.3557,18.67,0.9470466600737213,52.3268,-23.53,41.15,52.3268,0.9470466600737213,94.53650000000002,0.3557,18.67,39.40207330618289,55.66836644094372,92.45495495495497,73.14548591144336,50.0,63.72702753576189,0.39864864864864863,0.6013513513513513,0.9662162162162162,0.7297297297297297,C-,B-,A,B,halozymetherapeuticsinc
MCRI,Monarch Casino & Resort Inc,Consumer Discretionary,Casinos & Gaming,117.74,18.4486,3.7633,10.4464,3.9020477962742635,48.54,5.1,20.630000000000003,0.2506,20.630000000000003,0.6195208703839311,14.2899,48.54,5.1,14.2899,0.6195208703839311,20.630000000000003,0.2506,20.630000000000003,35.56910569105691,70.33119596629474,74.04359319666817,86.25735912531539,50.0,63.720885740253294,0.34146341463414637,0.7682926829268293,0.7865853658536586,0.8597560975609756,C-,B,B,B+,monarchcasinoresortinc
PLTR,Palantir Technologies Inc,Information Technology,Application Software,189.67,151.0887,74.0404,170.4172,61.3937981485078,290.0,78.92,37.47,0.428,37.47,0.8235294117647056,7.2566,290.0,58.24949999999999,7.2566,0.8235294117647056,37.47,0.428,37.47,8.169174646602825,95.68512749927558,87.79069767441861,77.71026403217344,50.0,63.66904638654517,0.05232558139534884,0.9941860465116279,0.9127906976744186,0.8372093023255814,D-,A+,A-,B+,palantirtechnologiesinc
WLY,John Wiley & Sons Inc,Communication Services,Publishing,47.55,12.2117,1.4526,11.9165,2.850787788675987,110.82,-0.27,25.28,0.1478,11.68,0.6594449929308321,21.1917,110.82,-0.27,21.1917,0.6594449929308321,25.28,0.1478,11.68,64.43812233285918,54.77220077220077,64.91228070175438,76.05576102418208,50.0,63.50319311792996,0.6842105263157895,0.5789473684210527,0.7368421052631579,0.7631578947368421,B-,C+,B,B,johnwileysonsinc
HPE,Hewlett Packard Enterprise Co,Information Technology,"Technology Hardware, Storage & Peripherals",62.94,30.1543,2.01,23.356,3.360868891938507,128.23,26.59,11.020000000000001,0.0703,5.9799999999999995,0.94435120224015,159.6893,128.23,26.59,159.6893,0.9443389483804683,11.020000000000001,0.0703,5.9799999999999995,67.47606019151847,77.38712343174818,34.10852713178294,88.10619170219053,50.0,63.49480985761309,0.7441860465116279,0.8546511627906976,0.26744186046511625,0.9186046511627907,B,B+,D+,A-,hewlettpackardenterpriseco
QNST,QuinStreet Inc,Communication Services,Interactive Media & Services,14.41,10.1334,0.6363,13.0629,2.5620966164678274,1687.12,18.29,27.66,0.0274,24.72,0.34333333333333343,-11.7106,398.80899999999735,18.29,-11.7106,0.34333333333333343,27.66,0.0274,24.72,68.72925557136084,90.27164920022064,59.649122807017534,41.448892501524085,50.0,63.43870293494354,0.7894736842105263,1.0,0.6052631578947368,0.3684210526315789,B,A+,B-,C-,quinstreetinc
CNK,Cinemark Holdings Inc,Communication Services,Movies & Entertainment,37.77,19.5916,1.2617,9.5375,10.76896758190061,0.89,4.54,52.019999999999996,0.11689999999999999,9.02,0.9303797468354433,29.4365,0.89,4.54,29.4365,0.9303797468354433,52.019999999999996,0.11689999999999999,9.02,61.94879089615932,46.43929643929644,64.03508771929825,88.23138928402086,50.0,63.43010679852786,0.631578947368421,0.39473684210526316,0.7105263157894737,0.8947368421052632,B-,C-,B,B+,cinemarkholdingsinc
FTDR,Frontdoor Inc,Consumer Discretionary,Specialized Consumer Services,73.99,18.6719,2.3742,12.6243,21.694766163319162,11.73,9.26,101.86999999999999,0.1681,18.98,0.5676156583629891,9.1191,11.73,9.26,9.1191,0.5676156583629891,101.86999999999999,0.1681,18.98,32.926829268292686,69.29630377429602,79.5949922689411,81.5609756097561,50.0,63.301911261118875,0.2926829268292683,0.7560975609756098,0.8658536585365854,0.8109756097560976,D+,B,B+,B+,frontdoorinc
EME,EMCOR Group Inc,Industrials,Construction & Engineering,762.21,23.3033,1.8033,16.28,9.236356497840596,33.41,18.92,38.49,0.1038,38.43,0.5097405952873089,20.0121,33.41,18.92,20.0121,0.5097405952873089,38.49,0.1038,28.302999999999987,54.05797101449275,64.07867494824018,77.02898550724638,63.1400966183575,50.0,63.21549344375432,0.5826086956521739,0.7347826086956522,0.8260869565217391,0.6260869565217392,C+,B,B+,B-,emcorgroupinc
EXE,Expand Energy Corp,Energy,Oil & Gas Exploration & Production,86.84,7.229,1.4712,3.4865,1.1183371753100413,2866.66,60.73,14.7,0.2708,11.78,0.04455279085406869,-14.0446,625.0779999999986,60.22449999999998,-4.673054999999999,0.24091986324950568,14.7,0.2708,11.78,82.29166666666667,97.90975564240941,66.14583333333333,7.457386363636363,50.0,63.18280340120915,0.953125,1.0,0.703125,0.0234375,A,A+,B,F,expandenergycorp
AIR,AAR Corp,Industrials,Aerospace & Defense,116.11,25.6669,1.4564,14.7783,2.717695330694673,1500.3,18.97,12.19,0.0933,7.57,0.5248902821316614,47.7089,172.17599999999996,18.97,47.7089,0.5248902821316614,12.19,0.0933,7.57,57.10144927536231,88.0607315389924,38.69565217391304,82.9399585921325,50.0,63.14941338854382,0.6304347826086957,0.9608695652173913,0.33043478260869563,0.8521739130434782,B-,A,C-,B+,aarcorp
SM,SM Energy Co,Energy,Oil & Gas Exploration & Production,33.91,8.1923,1.5654,4.4338,0.8081352119120703,-28.4,67.03,16.53,0.31079999999999997,8.959999999999999,0.682704272086271,28.4303,-28.4,60.22449999999998,28.4303,0.682704272086271,16.53,0.31079999999999997,8.959999999999999,78.125,58.85426808630986,64.0625,54.03409090909091,50.0,63.12454679908015,0.90625,0.6875,0.6640625,0.515625,A-,B-,B-,C+,smenergyco
HAFC,Hanmi Financial Corp,Financials,Regional Banks,32.1,10.667,1.8749,,1.20496852442032,37.34,43.94988,11.200000000000001,0.4678737,9.629999999999999,0.8685446009389672,27.9341,37.34,43.94988,27.9341,0.8685446009389672,11.200000000000001,0.4678737,9.629999999999999,72.80701754385964,55.50522175505222,40.78947368421053,92.17273954116061,50.0,62.93471506626011,0.8333333333333334,0.6052631578947368,0.40789473684210525,0.9429824561403509,B+,B-,C,A,hanmifinancialcorp
ASB,Associated Banc-Corp,Financials,Regional Banks,29.37,10.9352,2.01062,,0.9797969014798703,251.97,90.85232,9.86,0.359242,8.25,0.6406976744186047,12.6744,182.343,85.74899399999997,12.6744,0.6406976744186047,9.86,0.359242,8.25,78.7280701754386,96.80915351809153,30.701754385964914,55.83333333333333,50.0,62.88595351063585,0.9166666666666666,1.0,0.30701754385964913,0.5833333333333334,A-,A+,C-,C+,associatedbanccorp
VMI,Valmont Industries Inc,Industrials,Industrial Machinery & Supplies & Components,466.83,18.2168,2.1306,14.3138,5.44850397523821,108.33,3.8,29.84,0.13699999999999998,20.45,0.46978279291735414,26.3439,108.33,3.8,26.3439,0.46978279291735414,29.84,0.13699999999999998,20.45,60.28985507246377,58.06827768911243,74.49275362318842,62.791023842917255,50.0,62.867512480318986,0.658695652173913,0.6173913043478261,0.7869565217391304,0.6217391304347826,B-,B-,B,B-,valmontindustriesinc
SMTC,Semtech Corp,Information Technology,Semiconductors,182.3,49.7382,13.3699,263.2474,30.731107027865345,1063.4,25.36,51.24999999999999,0.102,29.270000000000003,0.9373591707976567,191.6597,704.4859999999999,25.36,191.6597,0.9373591707976567,51.24999999999999,0.102,29.270000000000003,19.594163246694027,85.54293441514537,70.73643410852713,90.75218278253774,50.0,62.84167277834191,0.12790697674418605,0.9302325581395349,0.7267441860465116,0.9534883720930233,D,A,B,A,semtechcorp
AVT,Avnet Inc,Information Technology,Technology Distributors,103.075,25.3271,0.3065,14.38,1.6833490930410684,46.12,24.47,6.77,0.0262,4.2,1.0,90.9727,46.12,24.47,90.9727,0.9443389483804683,6.77,0.0262,4.2,82.28226174190605,72.2399304549406,21.124031007751938,87.6312875211284,50.0,62.825816782628294,0.8604651162790697,0.7848837209302325,0.18604651162790697,0.9127906976744186,B+,B,D,A-,avnetinc
WTS,Watts Water Technologies Inc,Industrials,Building Products,357.79,31.3312,4.4914,21.4429,5.883378251939941,23.17,17.13,18.56,0.1913,17.11,0.72684703433923,28.5129,23.17,17.13,28.5129,0.72684703433923,18.56,0.1913,17.11,26.956521739130434,79.58115507928535,72.02898550724638,85.72640509013786,50.0,62.80788884547884,0.1956521739130435,0.908695652173913,0.7543478260869565,0.8826086956521739,D,A-,B,B+,wattswatertechnologiesinc
EHC,Encompass Health Corp,Health Care,Health Care Facilities,123.47,19.6519,1.9664,10.0885,5.0638154764834225,20.08,9.47,25.009999999999998,0.1794,12.379999999999999,0.8716638273708122,-3.0281,20.08,9.47,-3.0281,0.8716638273708122,25.009999999999998,0.1794,12.379999999999999,77.43119832160929,53.59451761801472,72.52252252252254,47.729729729729726,50.0,62.75327968058185,0.8513513513513513,0.5405405405405406,0.7364864864864865,0.4527027027027027,B+,C+,B,C,encompasshealthcorp
MYRG,MYR Group Inc,Industrials,Construction & Engineering,292.58,26.9831,1.1133,18.8148,6.876905322091982,120.06,16.06,24.169999999999998,0.056299999999999996,22.86,0.341320262866241,55.8501,120.06,16.06,55.8501,0.341320262866241,24.169999999999998,0.056299999999999996,22.86,49.855072463768124,79.06659765355417,60.65217391304348,71.11111111111111,50.0,62.662353347135955,0.5239130434782608,0.9043478260869565,0.6217391304347826,0.7347826086956522,C+,A-,B-,B,myrgroupinc
STT,State Street Corp,Financials,Asset Management & Custody Banks,181.34,14.3249,1.80473,,1.8177516975639683,26.58,181.1518,12.4,0.24962610000000002,5.84,0.8401796472779055,60.3134,26.58,85.74899399999997,45.683969999999945,0.8401796472779055,12.4,0.24962610000000002,5.84,43.20175438596492,81.65849946170695,49.122807017543856,90.90510366826156,50.0,62.5938609768709,0.3684210526315789,0.9385964912280702,0.49122807017543857,0.9298245614035088,C-,A,C,A-,statestreetcorp
SEZL,Sezzle Inc,Financials,Transaction & Payment Processing Services,111.38,22.9006,6.9504,17.2683,22.168262245486932,56.65,43.06,85.55,0.4039,50.529999999999994,0.42322686546747823,27.2517,56.65,43.06,27.2517,0.42322686546747823,43.39949999999999,0.4039,28.808499999999995,11.184210526315791,82.68152923269764,97.58771929824562,69.20536635706915,50.0,62.57036157409372,0.07017543859649122,0.9473684210526315,0.9758771929824561,0.706140350877193,D-,A,A+,B,sezzleinc
KRYS,Krystal Biotech Inc,Health Care,Biotechnology,345.82,42.3907,23.2378,48.1752,8.277720862097029,62.37,22.63,19.34,0.4489,19.34,0.8364260096678621,112.9383,62.37,22.63,109.026165,0.8364260096678621,19.34,0.39204500000000014,19.34,19.449586572874242,74.43048767781943,85.02252252252252,82.82921219091432,50.0,62.56996724759594,0.08108108108108109,0.8513513513513513,0.8986486486486487,0.8986486486486487,D-,B+,B+,B+,krystalbiotechinc
CAT,Caterpillar Inc,Industrials,Construction Machinery & Heavy Transportation Equipment,821.58,34.5911,5.0196,26.73,17.931811187574894,18.21,18.36,54.2,0.1752,17.14,0.5896917964423014,71.4064,18.21,18.36,69.52242999999993,0.5896917964423014,54.2,0.1752,17.14,18.840579710144926,74.70355731225297,81.23188405797102,88.01054018445323,50.0,62.560935441370226,0.10869565217391304,0.8608695652173913,0.8652173913043478,0.9043478260869565,D,B+,B+,A-,caterpillarinc
RL,Ralph Lauren Corp,Consumer Discretionary,"Apparel, Accessories & Luxury Goods",357.1,21.3754,2.5146,14.2775,7.553211965844507,26.61,14.68,35.63,0.1494,23.22,0.46965959546127284,12.772,26.61,14.68,12.772,0.46965959546127284,35.63,0.1494,23.22,26.6260162601626,80.16614774505818,73.06723527357973,82.92682926829269,50.0,62.541908286105766,0.18902439024390244,0.8841463414634146,0.7804878048780488,0.8292682926829268,D,B+,B,B+,ralphlaurencorp
LRCX,Lam Research Corp,Information Technology,Semiconductor Materials & Equipment,315.21,53.6601,16.7807,44.9025,31.626950283449553,38.62,26.02,66.97,0.3529,48.57,0.6067053719535536,139.3703,38.62,26.02,139.3703,0.6067053719535536,66.97,0.3529,48.57,24.334245326037394,71.4262837621437,89.14728682170544,74.39291902668828,50.0,62.5342235947021,0.19186046511627908,0.7790697674418605,0.936046511627907,0.813953488372093,D,B,A,B+,lamresearchcorp
NHC,National Healthcare Corp,Health Care,Health Care Facilities,227.36,24.991,2.2484,18.2047,3.3050642958276764,32.66,6.92,12.94,0.0928,12.61,0.9029055098885002,77.5499,32.66,6.92,77.5499,0.9029055098885002,12.94,0.0928,12.61,60.60718252499075,52.55379425809697,56.306306306306304,88.64864864864865,50.0,62.46886078917339,0.6351351351351351,0.5337837837837838,0.5405405405405406,0.9459459459459459,B-,C+,C+,A,nationalhealthcarecorp
FIS,Fidelity National Information Services Inc,Financials,Transaction & Payment Processing Services,35.41,5.359,1.4806,9.2626,1.3094978347614168,3492.81,18.26,22.56,0.157,10.530000000000001,0.03407789232531494,-45.2896,182.343,18.26,-35.422695,0.08148862112952271,22.56,0.157,10.530000000000001,81.14035087719299,78.57686453576864,79.82456140350878,7.5593395252837965,50.0,62.468468882385935,0.9298245614035088,0.9122807017543859,0.7982456140350878,0.043859649122807015,A-,A-,B,F,fidelitynationalinformationservicesinc
AAPL,Apple Inc,Information Technology,"Technology Hardware, Storage & Peripherals",341.07,38.4941,10.6315,29.8159,68.33700661190143,32.61,14.24,137.17999999999998,0.3317,70.25,0.9581043956043958,33.1378,32.61,14.24,33.1378,0.9443389483804683,118.70899999999997,0.3317,62.34099999999999,41.46830825353397,51.344752460371126,93.41085271317827,67.38023888912338,50.0,62.464788511576955,0.38953488372093026,0.5348837209302325,0.9651162790697675,0.6976744186046512,C-,C+,A,B-,appleinc
IOSP,Innospec Inc,Materials,Specialty Chemicals,98.72,19.6906,1.2987,12.5717,1.8445372027757743,549.32,2.87,9.15,0.07,9.15,1.0,23.2443,451.37449999999995,2.87,23.2443,0.827452802210118,9.15,0.07,9.15,61.76470588235295,71.9607843137255,48.03921568627451,78.0672268907563,50.0,62.45658263305322,0.7352941176470589,0.8088235294117647,0.4411764705882353,0.8088235294117647,B,B+,C,B+,innospecinc
FTNT,Fortinet Inc,Information Technology,Systems Software,173.46,60.3851,17.0123,48.2915,104.14890423296308,13.27,18.77,187.95,0.32439999999999997,113.11,0.9443289224952742,109.6165,13.27,18.77,109.6165,0.9443289224952742,118.70899999999997,0.32439999999999997,62.34099999999999,21.801185590515278,54.485236492716204,93.21705426356588,88.92820493799687,50.0,62.437248249662915,0.1569767441860465,0.5755813953488372,0.9593023255813954,0.9244186046511628,D,C+,A,A-,fortinetinc
VLY,Valley National Bancorp,Financials,Regional Banks,13.08,10.3979,2.27179,,0.9324873458330364,48.82,77.66814,8.88,0.4257981,8.14,0.6187050359712231,20.4461,48.82,77.66814,20.4461,0.6187050359712231,8.88,0.4257981,8.14,84.4298245614035,85.96817215968173,22.807017543859647,66.85560053981106,50.0,62.373965066214346,0.9473684210526315,0.9736842105263158,0.22807017543859648,0.6754385964912281,A,A+,D+,B-,valleynationalbancorp
MAS,Masco Corp,Industrials,Building Products,68.85,15.04,1.7448,12.816,91.09552791743846,15.34,-0.56,279.76,0.1753,15.870000000000001,0.4195859091355115,-5.9654,15.34,-0.56,-5.9654,0.4195859091355115,68.73749999999994,0.1753,15.870000000000001,69.71014492753623,43.56864678486602,81.37681159420289,54.231177094379646,50.0,62.33170390628391,0.7913043478260869,0.34347826086956523,0.8739130434782608,0.5043478260869565,B,C-,B+,C+,mascocorp
UAL,United Airlines Holdings Inc,Industrials,Passenger Airlines,113.99,10.6121,0.5898,6.7859,2.412803373141026,7.02,8.48,22.5,0.0775,8.74,0.5422131904673931,9.6656,7.02,8.48,9.6656,0.5422131904673931,22.5,0.0775,8.74,93.76811594202898,48.185309054874274,49.92753623188406,58.808373590982285,50.0,62.32264957264958,0.9869565217391304,0.4391304347826087,0.4826086956521739,0.5652173913043478,A+,C,C,C+,unitedairlinesholdingsinc
AIZ,Assurant Inc,Financials,Multi-line Insurance,265.0,12.1396,0.9592,7.8548,2.247278672731775,53.42,9.36,18.029999999999998,0.107,13.120000000000001,0.6022878153406189,25.6329,53.42,9.36,25.6329,0.6022878153406189,18.029999999999998,0.107,13.120000000000001,46.27192982456141,62.70928462709284,70.17543859649122,78.31059129304744,50.0,62.31581728929121,0.42105263157894735,0.7368421052631579,0.7017543859649122,0.7850877192982456,C,B,B,B,assurantinc
ED,Consolidated Edison Inc,Utilities,Multi-Utilities,103.1,17.0933,2.1428,11.2702,1.5386153655591917,10.41,9.49,8.9,0.1905,4.26,0.3826986365773388,3.947,10.41,9.49,3.947,0.3826986365773388,8.9,0.1905,4.26,71.26436781609196,68.0948643743562,41.95402298850575,75.88070829450139,50.0,62.09971223492095,0.8103448275862069,0.7758620689655172,0.4051724137931034,0.7241379310344828,B+,B,C,B,consolidatededisoninc
WOR,"Worthington Enterprises, Inc",Industrials,Building Products,62.24,18.3685,2.1129,23.2748,2.950364292249131,54.64,18.44,16.189999999999998,0.056299999999999996,12.42,0.7649278579356273,13.2107,54.64,18.44,13.2107,0.7649278579356273,16.189999999999998,0.056299999999999996,12.42,47.53623188405797,89.62174347143929,45.36231884057971,79.70307529162247,50.0,62.089601433771776,0.47391304347826085,0.9739130434782609,0.43043478260869567,0.8130434782608695,C,A+,C,B+,worthingtonenterprisesinc
CENT,Central Garden & Pet Co,Consumer Staples,Household Products,39.51,13.1305,0.7081,8.571,1.5689342286569747,22.39,-1.16,10.15,0.0818,5.87,0.59010989010989,16.8343,22.39,-1.16,16.8343,0.59010989010989,10.15,0.0818,5.87,78.63849765258215,56.50228916925873,43.19248826291081,76.5970013630168,50.0,62.077604585328345,0.9084507042253521,0.528169014084507,0.4014084507042254,0.7605633802816901,A-,C+,C,B,centralgardenpetco
ENVA,Enova International Inc,Financials,Consumer Finance,173.48,12.1146,2.0908,10.6159,3.2075911264287904,43.8,22.52,25.759999999999998,0.4019,5.93,0.4285108730224855,38.853,43.8,22.52,38.853,0.4285108730224855,25.759999999999998,0.4019,5.93,40.570175438596486,62.5002738572944,85.08771929824562,65.63530037214248,50.0,62.041588530097904,0.34649122807017546,0.7280701754385965,0.8508771929824561,0.6578947368421053,C-,B,B+,B-,enovainternationalinc
TRN,Trinity Industries Inc,Industrials,Construction Machinery & Heavy Transportation Equipment,27.91,6.5562,1.0895,6.9222,2.0676065102565433,260.79,-18.95,31.569999999999997,0.3693,5.16,0.23255813953488363,0.0719,172.17599999999996,-5.851,0.0719,0.23255813953488363,31.569999999999997,0.30740999999999946,5.16,88.69565217391305,53.91231152100717,68.47826086956522,34.65085638998682,50.0,62.00611184306837,0.9543478260869566,0.5434782608695652,0.7043478260869566,0.3173913043478261,A,C+,B,C-,trinityindustriesinc
COKE,Coca-Cola Consolidated Inc,Consumer Staples,Soft Drinks & Non-alcoholic Beverages,190.29,22.9276,1.6393,14.3121,10.488342611475499,-60.18,10.71,39.61,0.1096,18.35,0.7228881547899951,65.7925,-60.18,10.71,65.7925,0.7228881547899951,39.61,0.1096,18.35,44.13145539906103,43.40716664660326,76.52582159624414,90.7772561293688,50.0,62.001203804020705,0.4225352112676056,0.3380281690140845,0.8309859154929577,0.9154929577464789,C,C-,B+,A-,cocacolaconsolidatedinc
PRU,Prudential Financial Inc,Financials,Life & Health Insurance,119.45,10.4407,0.6736,10.5419,1.2811107750586126,144.17,11.31,12.24,0.08130000000000001,7.1,0.7691878314261793,14.9342,144.17,11.31,14.9342,0.7691878314261793,12.24,0.08130000000000001,7.1,71.9298245614035,71.30701625177984,47.368421052631575,64.5048104131296,50.0,61.98692673649066,0.8201754385964912,0.8508771929824561,0.47368421052631576,0.6535087719298246,B+,B+,C,B-,prudentialfinancialinc
VICR,Vicor Corp,Industrials,Electrical Components & Equipment,281.96,89.526,27.4355,114.5995,17.934219146540812,115.29,24.95,19.830000000000002,0.1864,19.830000000000002,0.6995135635202483,422.7419,115.29,24.95,69.52242999999993,0.6995135635202483,19.830000000000002,0.1864,19.830000000000002,4.347826086956522,95.75809243328425,73.47826086956522,91.82864450127877,50.0,61.97386912604304,0.008695652173913044,1.0,0.7739130434782608,0.9391304347826087,F,A+,B,A,vicorcorp
MEDP,Medpace Holdings Inc,Health Care,Life Sciences Tools & Services,618.88,34.9239,6.1694,27.2618,38.15324673723406,26.78,24.67,110.14999999999999,0.2097,110.14999999999999,0.8064283371597245,24.7869,26.78,24.67,24.7869,0.8064283371597245,94.53650000000002,0.2097,29.413,35.974330494878444,79.15385618925443,89.86486486486486,47.780507780507776,50.0,61.84667163388826,0.36486486486486486,0.8918918918918919,0.9459459459459459,0.4594594594594595,C-,B+,A,C,medpaceholdingsinc
LNTH,Lantheus Holdings Inc,Health Care,Health Care Supplies,99.74,23.6812,4.1891,14.4265,5.9110089133320685,9.79,2.35,23.27,0.2325,15.7,0.8051133622768933,87.338,9.79,2.35,87.338,0.8051133622768933,23.27,0.2325,15.7,58.65420214735283,36.38282465002419,78.15315315315316,76.66957279860506,50.0,61.81231831485235,0.6148648648648649,0.2905405405405405,0.8108108108108109,0.7837837837837838,B-,D+,B+,B,lantheusholdingsinc
MNST,Monster Beverage Corp,Consumer Staples,Soft Drinks & Non-alcoholic Beverages,43.11,38.8188,8.9591,28.6267,5.108546238801725,34.59,20.37,24.959999999999997,0.2916,24.959999999999997,0.6092971776425012,31.4136,34.59,20.37,31.4136,0.6092971776425012,24.959999999999997,0.2916,24.959999999999997,9.859154929577466,86.13819670157699,85.91549295774648,77.96557120500782,50.0,61.76441555314795,0.02112676056338028,0.9436619718309859,0.9014084507042254,0.7746478873239436,F,A,A-,B,monsterbeveragecorp
IPAR,Interparfums Inc,Consumer Staples,Household Products,117.93,22.5208,2.5159,13.2288,4.293891045200003,4.55,2.93,19.15,0.1726,15.97,0.7818740399385563,14.8938,4.55,2.93,14.8938,0.7818740399385563,19.15,0.1726,15.97,39.436619718309856,60.02865830217034,75.5868544600939,79.81826442526125,50.0,61.72525309008726,0.34507042253521125,0.6056338028169014,0.8028169014084507,0.8169014084507042,C-,B-,B+,B+,interparfumsinc
JBHT,J B Hunt Transport Services Inc,Industrials,Cargo Ground Transportation,225.46,32.1884,1.7094,13.6517,5.982291398565588,28.19,5.28,18.75,0.07519999999999999,13.55,0.5620136760198067,72.4618,28.19,5.28,69.52242999999993,0.5620136760198067,18.75,0.07519999999999999,13.55,51.30434782608696,66.90821256038647,53.04347826086956,86.2582345191041,50.0,61.720245937637245,0.5565217391304348,0.7695652173913043,0.5217391304347826,0.8913043478260869,C+,B,C+,B+,jbhunttransportservicesinc
EWBC,East West Bancorp Inc,Financials,Regional Banks,127.23,11.982,3.27879,,1.9669348405488807,21.65,74.7411,16.189999999999998,0.5797675999999999,15.47,0.7714285714285716,17.1009,21.65,74.7411,17.1009,0.7714285714285716,16.189999999999998,0.5797675999999999,15.47,50.43859649122807,67.14521452145215,63.59649122807017,73.89676113360325,50.0,61.717167060835635,0.4868421052631579,0.8026315789473685,0.6359649122807017,0.7543859649122807,C,B+,B-,B,eastwestbancorpinc
KEX,Kirby Corp,Industrials,Marine Transportation,128.88,19.22,1.9566,10.267,2.049986718351103,23.27,6.56,10.45,0.1401,8.08,0.6314442880900601,56.1908,23.27,6.56,56.1908,0.6314442880900601,10.45,0.1401,8.08,69.13043478260869,60.3425559947299,44.34782608695652,81.38339920948616,50.0,61.714756258234516,0.7869565217391304,0.6478260869565218,0.40652173913043477,0.8347826086956521,B,B-,C,B+,kirbycorp
FCX,Freeport-McMoRan Inc,Materials,Copper,72.31,35.1203,3.9983,11.9884,5.494305100714997,53.11,-24.23,15.260000000000002,0.2676,10.27,0.8241295187402974,91.3459,53.11,-16.732,78.52798499999999,0.8241295187402974,15.260000000000002,0.2676,10.27,40.19607843137255,39.845938375350144,77.45098039215686,96.49859943977592,50.0,61.680672268907564,0.4411764705882353,0.27941176470588236,0.8529411764705882,1.0,C,D+,B+,A+,freeportmcmoraninc
ADBE,Adobe Inc,Information Technology,Application Software,235.47,12.7666,3.5807,10.2541,8.366941573185422,11.68,12.03,62.39,0.35700000000000004,40.37,0.26126281829703885,-32.3662,11.68,12.03,-32.3662,0.26126281829703885,62.39,0.35700000000000004,40.37,81.74646602827177,41.68264798082242,88.95348837209302,28.027335781313745,50.0,61.61698535251843,0.8546511627906976,0.36627906976744184,0.9302325581395349,0.20930232558139536,B+,C-,A,D+,adobeinc
SSD,Simpson Manufacturing Co Inc,Industrials,Building Products,176.55,18.8031,2.9418,11.6924,3.588385460280811,16.5,6.48,18.45,0.2061,15.7,0.35385691796396734,-1.6597,16.5,6.48,-1.6597,0.35385691796396734,18.45,0.2061,15.7,61.7391304347826,58.10744606301897,72.7536231884058,56.43690349946978,50.0,61.53205831829486,0.6826086956521739,0.6217391304347826,0.7695652173913043,0.5260869565217391,B-,B-,B,C+,simpsonmanufacturingcoinc
APP,Applovin Corp,Information Technology,Application Software,310.75,23.7119,15.3121,19.6547,49.248787600240895,84.72,60.59,193.1,0.7744,76.07000000000001,0.02956863270179197,-51.3226,84.72,58.24949999999999,-40.40435,0.09308777138615698,118.70899999999997,0.4510199999999997,62.34099999999999,51.82626538987688,88.63183596322543,97.67441860465117,7.113277379495248,50.0,61.52419366717615,0.5697674418604651,0.9593023255813954,1.0,0.02616279069767442,C+,A,A+,F,applovincorp
ULTA,Ulta Beauty Inc,Consumer Discretionary,Other Specialty Retail,545.2,19.2959,1.8022,12.1628,8.58916775501652,5.21,11.16,45.4,0.1246,41.160000000000004,0.3743965803146996,2.4589,5.21,11.16,2.4589,0.3743965803146996,45.4,0.1246,41.160000000000004,37.804878048780495,66.66633015667904,77.38291186592848,71.95121951219511,50.0,61.520457412452075,0.38414634146341464,0.7378048780487805,0.8353658536585366,0.7134146341463414,C-,B,B+,B,ultabeautyinc
BBWI,Bath & Body Works Inc,Consumer Discretionary,Other Specialty Retail,16.45,4.2924,0.465,4.2568,267.0454545454545,13.79,-2.17,3138.89,0.16699999999999998,11.92,0.16539634146341464,-35.9187,13.79,-2.17,-35.9187,0.16539634146341464,212.06300000000016,0.16699999999999998,11.92,90.85365853658537,41.89347439832014,76.32425557384408,31.605691056910565,50.0,61.494311618653505,0.975609756097561,0.3353658536585366,0.8109756097560976,0.31097560975609756,A+,C-,B+,C-,bathbodyworksinc
UHS,Universal Health Services Inc,Health Care,Health Care Facilities,178.86,6.9331,0.5841,5.6649,1.5011305058657058,29.35,10.05,20.75,0.11359999999999999,12.6,0.36498823529411767,-11.3721,29.35,10.05,-11.3721,0.36498823529411767,20.75,0.11359999999999999,12.6,95.71146488954707,62.43670738177909,64.86486486486486,19.00900900900901,50.0,61.4332257167606,1.0,0.6824324324324325,0.668918918918919,0.14189189189189189,A+,B-,B-,D,universalhealthservicesinc
YETI,Yeti Holdings Inc,Consumer Discretionary,Leisure Products,42.28,17.6706,1.6321,10.8489,4.87591106190608,9.74,6.24,27.27,0.1233,24.3,0.4755933721450963,20.7303,9.74,6.24,20.7303,0.4755933721450963,27.27,0.1233,24.3,45.1219512195122,58.74720322810292,66.14045588308643,84.0650406504065,50.0,61.37805055135154,0.4268292682926829,0.6158536585365854,0.6890243902439024,0.8475609756097561,C,B-,B-,B+,yetiholdingsinc
MCK,McKesson Corp,Health Care,Health Care Distributors,866.64,21.8876,0.2446,15.5479,27.571813528208423,49.07,8.84,39.43,0.0158,16.23,0.5334343826007262,14.3022,49.07,8.84,14.3022,0.5334343826007262,39.43,0.0158,16.23,79.13118598050104,66.41004942996094,60.0,41.44144144144144,50.0,61.353094669405735,0.8851351351351351,0.7567567567567568,0.5878378378378378,0.3783783783783784,B+,B,C+,C-,mckessoncorp
AA,Alcoa Corp,Materials,Aluminum,42.85,8.8524,0.831,10.6076,1.8427492011886486,24.14,6.46,19.16,0.0361,14.01,0.2247526600709353,39.6131,24.14,6.46,39.6131,0.2247526600709353,19.16,0.0361,14.01,79.90196078431373,51.07416879795396,60.0,55.24296675191816,50.0,61.23891730605286,0.8823529411764706,0.5,0.6176470588235294,0.5147058823529411,B+,C,B-,C+,alcoacorp
UMBF,UMB Financial Corp,Financials,Regional Banks,135.82,10.9411,2.36702,,1.3409870897164,40.79,72.21914,12.17,0.3178459,8.25,0.6495794953944733,13.6854,40.79,72.21914,13.6854,0.6495794953944733,12.17,0.3178459,8.25,66.00877192982456,80.79660020796601,46.92982456140351,59.105937921727396,50.0,61.2151567487457,0.7105263157894737,0.9298245614035088,0.4692982456140351,0.618421052631579,B,A-,C,B-,umbfinancialcorp
AMZN,Amazon.com Inc,Consumer Discretionary,Broadline Retail,249.67,19.7958,3.4525,16.3109,6.517726849108371,89.71,15.77,30.5,0.1208,24.19,0.5884868421052631,13.2464,89.71,15.77,13.2464,0.5884868421052631,30.5,0.1208,24.19,21.7479674796748,93.93505460780537,66.34869569554591,76.92307692307692,50.0,61.19579209998164,0.11585365853658537,0.9634146341463414,0.7012195121951219,0.75,D,A,B,B,amazoncominc
CRM,Salesforce Inc,Information Technology,Application Software,234.02,20.2803,4.4596,24.1668,3.6759762495680315,59.27,11.23,20.150000000000002,0.18780000000000002,13.18,0.7142275429595244,-3.1193,59.27,11.23,-3.1193,0.7142275429595244,20.150000000000002,0.18780000000000002,13.18,62.62425900592795,53.692506783277565,66.08527131782945,66.3953488372093,50.0,61.194953705036724,0.6976744186046512,0.5581395348837209,0.6918604651162791,0.6511627906976745,B-,C+,B-,B-,salesforceinc
MSFT,Microsoft Corp,Information Technology,Systems Software,516.17,28.4838,11.4805,20.1228,8.665703008661168,31.56,17.79,33.22,0.4673,26.5,0.8163993741443376,-2.3954,31.56,17.79,-2.3954,0.8163993741443376,33.22,0.4510199999999997,26.5,51.0373917008664,57.46425333456266,86.24031007751937,51.78418209017964,50.0,61.169112529544904,0.5523255813953488,0.5988372093023255,0.8953488372093024,0.45348837209302323,C+,C+,B+,C,microsoftcorp
C,Citigroup Inc,Financials,Diversified Banks,134.28,12.6567,1.09533,,1.105372598152444,35.24,99.23775,8.41,0.2301502,1.87,0.7480662983425413,28.0874,35.24,85.74899399999997,28.0874,0.7480662983425413,8.41,0.2301502,1.87,66.44736842105263,85.74271379446417,20.175438596491226,86.80961663417804,50.0,61.16616784011441,0.7192982456140351,0.9692982456140351,0.20175438596491227,0.9078947368421053,B,A,D+,A-,citigroupinc
SHOO,Steven Madden Ltd,Consumer Discretionary,Footwear,45.06,22.6073,1.1818,15.4189,3.7796940008052613,56.95,18.15,16.05,0.075,12.709999999999999,0.7474142623843223,34.7654,56.95,18.144,34.7654,0.7474142623843223,16.05,0.075,12.709999999999999,33.333333333333336,91.65758089700103,46.345204249588505,89.53252032520327,50.0,61.157654640171316,0.29878048780487804,0.9512195121951219,0.4268292682926829,0.9024390243902439,D+,A,C,A-,stevenmaddenltd
MOG-A,Moog Inc,Industrials,Aerospace & Defense,387.8,31.4169,2.8688,25.0216,6.508294803265895,86.78,15.72,18.58,0.1056,11.77,0.7620071581191167,89.7714,86.78,15.72,69.52242999999993,0.7620071581191167,18.58,0.1056,11.77,29.855072463768114,78.12456866804693,56.08695652173913,95.1656314699793,50.0,61.143547273982065,0.2217391304347826,0.8869565217391304,0.5652173913043478,0.9869565217391304,D+,B+,C+,A+,mooginc
DLX,Deluxe Corp,Industrials,Commercial Printing,24.33,11.0936,0.5282,9.164,1.6091269841269842,70.11,0.29,14.64,0.1188,4.760000000000001,0.4591194968553457,24.5641,70.11,0.29,24.5641,0.4591194968553457,14.64,0.1188,4.760000000000001,90.86956521739131,53.56829161176987,40.072463768115945,63.399209486166015,50.0,61.129007465963994,0.9739130434782609,0.5347826086956522,0.3652173913043478,0.6304347826086957,A+,C+,C-,B-,deluxecorp
ACAD,ACADIA Pharmaceuticals Inc,Health Care,Pharmaceuticals,20.68,9.8746,3.2996,38.5383,2.8695121274352,96.46,47.0,32.39,0.0759,32.39,0.08784383318544796,7.7542,96.46,45.09250000000003,7.7542,0.08784383318544796,32.39,0.0759,29.413,54.60631864741455,90.05956096394257,73.76126126126125,29.69017798286091,50.0,61.04184276652965,0.581081081081081,0.9864864864864865,0.7635135135135135,0.22297297297297297,C+,A+,B,D+,acadiapharmaceuticalsinc
WSFS,WSFS Financial Corp,Financials,Regional Banks,77.76,12.4189,2.33073,,1.516543311002545,30.7,54.50711,11.72,0.381658,10.58,0.8431253785584496,41.184,30.7,54.50711,41.184,0.8431253785584496,11.72,0.381658,10.58,53.94736842105263,62.541404825414055,44.73684210526316,94.30161943319838,50.0,61.03965748330143,0.5219298245614035,0.7324561403508771,0.4473684210526316,0.9605263157894737,C+,B,C,A,wsfsfinancialcorp
HFWA,Heritage Financial Corp,Health Care,Regional Banks,28.57,14.943,2.30429,,1.0529923854313326,47.38,30.89696,7.6899999999999995,0.3585707,7.53,0.730110775427996,14.651,47.38,30.89696,14.651,0.730110775427996,7.6899999999999995,0.3585707,7.53,66.21621621621621,56.56801987302294,62.049549549549546,62.81185031185031,50.0,60.942415478416095,0.722972972972973,0.6081081081081081,0.6216216216216216,0.6013513513513513,B,B-,B-,B-,heritagefinancialcorp
ONB,Old National Bancorp,Financials,Regional Banks,25.49,10.9081,2.22033,,1.169244601016495,31.82,79.90764,10.459999999999999,0.43808169999999996,8.88,0.7653797412765528,13.7868,31.82,79.90764,13.7868,0.7653797412765528,10.459999999999999,0.43808169999999996,8.88,72.80701754385964,78.66766128667662,34.64912280701755,66.72402159244265,50.0,60.942371663543156,0.8333333333333334,0.9166666666666666,0.34649122807017546,0.6710526315789473,B+,A-,C-,B-,oldnationalbancorp
HON,Honeywell International Inc,Industrials,Industrial Conglomerates,212.55,7.7844,1.7199,7.88,8.739971956429669,169.74,-0.11,53.6,0.2884,16.689999999999998,0.052007482129734856,-46.1396,169.74,-0.11,-36.784655,0.052007482129734856,53.6,0.2884,16.689999999999998,82.17391304347827,56.93438003220612,88.55072463768117,9.347826086956522,50.0,60.93760064412239,0.8782608695652174,0.5869565217391305,0.9652173913043478,0.04782608695652174,B+,C+,A,F,honeywellinternationalinc
USB,US Bancorp,Financials,Diversified Banks,59.33,11.2295,2.0972,,1.4155174881901034,18.72,84.11849,12.479999999999999,0.25222680000000003,5.52,0.6796485395393016,18.7475,18.72,84.11849,18.7475,0.6796485395393016,12.479999999999999,0.25222680000000003,5.52,62.5,64.42922374429223,50.0,74.54191033138402,50.0,60.91922681513525,0.6359649122807017,0.7543859649122807,0.5,0.7631578947368421,B-,B,C,B,usbancorp
MO,Altria Group Inc,Consumer Staples,Tobacco,68.82,14.3864,4.8899,12.3601,45.051060487038484,-8.27,-0.58,149.65,0.4678,14.12,0.6314847942754915,5.7577,-8.27,-0.58,5.7577,0.6314847942754915,136.11,0.34615,14.12,47.417840375586856,38.16477460078195,89.2018779342723,70.17758726270668,50.0,60.82340195016251,0.47183098591549294,0.28169014084507044,0.9859154929577465,0.676056338028169,C,D+,A+,B-,altriagroupinc
AAMI,Acadian Asset Management Inc,Financials,Asset Management & Custody Banks,93.88,32.9334,4.9954,20.3953,55.28857479387515,18.22,24.21,161.82000000000002,0.2347,31.369999999999997,0.9186678352322524,88.9141,18.22,24.21,45.683969999999945,0.8922528398737745,43.39949999999999,0.2347,28.808499999999995,7.2368421052631575,52.77536473994877,97.58771929824562,95.26714513556618,50.0,60.81464232598019,0.03070175438596491,0.5701754385964912,0.9758771929824561,0.9671052631578947,F,C+,A+,A,acadianassetmanagementinc
HCA,HCA Healthcare Inc,Health Care,Health Care Facilities,435.61,13.6703,1.1986,9.0309,258.491573700451,25.46,7.31,695.73,0.1548,9.06,0.4030020243914483,1.6466,25.46,7.31,1.6466,0.4030020243914483,94.53650000000002,0.1548,9.06,86.22115265950883,49.31176064682321,72.86036036036036,30.55855855855856,50.0,60.74444209604365,0.9459459459459459,0.4864864864864865,0.7432432432432432,0.25675675675675674,A,C,B,D+,hcahealthcareinc
JNJ,Johnson & Johnson,Health Care,Pharmaceuticals,271.22,30.9671,6.6523,21.0188,8.008953302268445,-7.75,8.06,25.740000000000002,0.25730000000000003,16.04,0.9064843824171654,53.1949,-7.75,8.06,53.1949,0.9064843824171654,25.740000000000002,0.25730000000000003,16.04,41.88572133777613,42.61511133408392,81.08108108108108,82.3731048121292,50.0,60.73934383395694,0.42567567567567566,0.40540540540540543,0.8716216216216216,0.8851351351351351,C,C,B+,B+,johnsonjohnson
FIBK,First Interstate Bancsystem Inc,Financials,Regional Banks,36.91,10.7971,2.2313,,1.0826269322148239,45.92,104.1652,9.55,0.3286886,7.779999999999999,0.6791304347826083,10.4356,45.92,85.74899399999997,10.4356,0.6791304347826083,9.55,0.3286886,7.779999999999999,77.19298245614036,89.6004189460042,28.07017543859649,57.172739541160595,50.0,60.67042117111717,0.8947368421052632,0.9956140350877193,0.2807017543859649,0.5921052631578947,B+,A+,D+,C+,firstinterstatebancsysteminc
RGLD,Royal Gold Inc,Materials,Gold,252.49,28.8573,13.7652,17.2037,2.980988216070583,34.26,93.51,11.55,0.6142,10.459999999999999,0.6086481764577419,33.2682,34.26,35.85249999999999,33.2682,0.6086481764577419,11.55,0.44227999999999995,10.459999999999999,28.431372549019603,78.54278074866309,76.22549019607843,68.98395721925132,50.0,60.66956327985739,0.14705882352941177,0.8823529411764706,0.8235294117647058,0.7058823529411765,D,B+,B+,B,royalgoldinc
STRL,Sterling Infrastructure Inc,Industrials,Construction & Engineering,512.29,36.1302,4.5338,24.4552,14.179389524262923,50.75,60.83,36.67,0.1752,29.43,0.3186161252268677,49.3155,50.75,28.674999999999983,49.3155,0.3186161252268677,36.67,0.1752,28.302999999999987,21.01449275362319,81.17494824016563,84.49275362318842,65.1207729468599,50.0,60.63595583160801,0.12173913043478261,0.9173913043478261,0.9239130434782609,0.6565217391304348,D,A-,A-,B-,sterlinginfrastructureinc
SR,Spire Inc,Utilities,Gas Utilities,77.21,8.3099,1.7973,13.7023,1.3440097480308106,89.9,4.12,15.879999999999999,0.20629999999999998,5.55,0.06988694758478925,-2.5384,89.9,4.12,-2.5384,0.06988694758478925,15.879999999999999,0.20629999999999998,5.55,68.96551724137932,61.14587896614306,69.54022988505747,43.804994054696785,50.0,60.61661138577716,0.7672413793103449,0.6724137931034483,0.7327586206896551,0.4827586206896552,B,B-,B,C,spireinc
META,Meta Platforms Inc,Communication Services,Interactive Media & Services,751.66,29.0892,8.6788,18.6868,8.7537907549833,-3.69,27.65,29.73,0.38079999999999997,23.74,0.8915114548049152,2.2257,-3.69,21.56999999999997,2.2257,0.8915114548049152,29.73,0.356955,23.74,17.733522996680893,74.2622724765582,87.28070175438597,72.4375127006706,50.0,60.59351322321247,0.13157894736842105,0.868421052631579,0.8947368421052632,0.7105263157894737,D,B+,B+,B,metaplatformsinc
PRGS,Progress Software Corp,Information Technology,Systems Software,39.34,18.6862,1.6577,10.2594,3.481724046375786,60.3,15.5,18.16,0.17329999999999998,4.8,0.659023354564756,-2.212,60.3,15.5,-2.212,0.659023354564756,18.16,0.17329999999999998,4.8,85.23255813953487,60.648703054889666,51.55038759689922,46.30392047772709,50.0,60.586261140631876,0.8895348837209303,0.627906976744186,0.5232558139534884,0.38953488372093026,B+,B-,C+,C-,progresssoftwarecorp
OXY,Occidental Petroleum Corp,Energy,Oil & Gas Exploration & Production,56.86,7.808,2.6136,5.1007,1.5559027711268665,195.82,1.53,18.970000000000002,0.2614,12.770000000000001,0.6303664921465968,23.8004,195.82,1.53,23.8004,0.6303664921465968,18.970000000000002,0.2614,12.770000000000001,67.70833333333333,54.966404018767854,70.3125,50.34090909090909,50.0,60.56667095526873,0.8125,0.625,0.734375,0.4375,B+,B-,B,C,occidentalpetroleumcorp
RS,Reliance Inc,Materials,Steel,387.28,22.0438,1.2465,13.9563,2.7943731564698884,25.54,15.44,12.33,0.0782,10.17,0.7351629899832087,35.6721,25.54,15.44,35.6721,0.7351629899832087,12.33,0.0782,10.17,52.94117647058824,64.38914027149322,55.392156862745104,77.80933062880325,50.0,60.523027513392634,0.5735294117647058,0.7058823529411765,0.5441176470588235,0.7941176470588235,C+,B,C+,B,relianceinc
FULT,Fulton Financial Corp,Financials,Regional Banks,23.23,11.1295,2.12687,,1.197256051992764,21.65,55.27646,11.15,0.3345719,8.57,0.7682502896871378,22.9333,21.65,55.27646,22.9333,0.7682502896871378,11.15,0.3345719,8.57,70.39473684210526,56.68316831683169,40.35087719298245,81.87246963562754,50.0,60.39753109926377,0.7894736842105263,0.631578947368421,0.40350877192982454,0.8201754385964912,B,B-,C,B+,fultonfinancialcorp
SANM,Sanmina Corp,Information Technology,Electronic Manufacturing Services,224.77,39.4274,0.9518,22.088,5.099450283933,19.62,58.56,12.57,0.0415,7.41,0.6414385098743268,96.059,19.62,58.24949999999999,96.059,0.6414385098743268,12.57,0.0415,7.41,69.62608299133608,74.34439292958562,35.077519379844965,71.60867284490297,50.0,60.366513747692984,0.7616279069767442,0.813953488372093,0.29651162790697677,0.7732558139534884,B,B+,D+,B,sanminacorp
PBI,Pitney Bowes Inc,Industrials,Office Services & Supplies,16.38,11.986,1.2033,8.6641,47.001434720229554,58.9,-5.31,5.27,0.1925,0.13,0.734189723320158,36.447,58.9,-5.31,36.447,0.734189723320158,5.27,0.1925,0.13,83.18840579710145,45.86138981791156,33.91304347826087,84.2809364548495,50.0,60.303827573392795,0.8826086956521739,0.4043478260869565,0.2826086956521739,0.8652173913043478,B+,C,D+,B+,pitneybowesinc
LEA,Lear Corp,Consumer Discretionary,Automotive Parts & Equipment,122.71,10.7698,0.2527,8.7395,1.234307119269414,25.31,3.54,10.9,0.0365,7.08,0.4912506907349417,16.2962,25.31,3.54,16.2962,0.4912506907349417,10.9,0.0365,7.08,81.91056910569105,60.450561635169336,26.9689261309791,79.86280487804878,50.0,60.28254711181117,0.9085365853658537,0.6524390243902439,0.21341463414634146,0.7987804878048781,A-,B-,D+,B,learcorp
CART,Maplebear Inc,Consumer Staples,Food Retail,43.19,20.8639,2.5081,15.1269,4.17783108755163,6.57,12.61,16.72,0.14730000000000001,16.72,0.5243107769423558,1.9081,6.57,12.61,1.9081,0.5243107769423558,16.72,0.14730000000000001,16.72,39.436619718309856,72.89118228988218,70.4225352112676,66.11371935315597,50.0,60.26576906100199,0.34507042253521125,0.8591549295774648,0.7394366197183099,0.6056338028169014,C-,B+,B,B-,maplebearinc
FHI,Federated Hermes Inc,Financials,Asset Management & Custody Banks,57.82,10.4813,2.2197,7.9069,3.6903948888477567,19.59,15.25,34.03,0.2751,26.419999999999998,0.5433300876338851,11.4824,19.59,15.25,11.4824,0.5433300876338851,34.03,0.2751,26.419999999999998,47.36842105263158,47.592395724704446,91.66666666666666,54.76874003189792,50.0,60.23099908114503,0.43859649122807015,0.43859649122807015,0.9166666666666666,0.5745614035087719,C,C,A-,C+,federatedhermesinc
ESE,ESCO Technologies Inc,Industrials,Industrial Machinery & Supplies & Components,268.09,22.0626,5.3812,24.8421,4.49393187608958,173.22,16.55,19.97,0.1542,18.17,0.4416810114560455,23.3046,172.17599999999996,16.55,23.3046,0.4416810114560455,19.97,0.1542,18.17,31.304347826086953,92.24507369970928,68.98550724637681,58.541374474053285,50.0,60.229753402868454,0.23043478260869565,0.991304347826087,0.7217391304347827,0.5608695652173913,D+,A+,B,C+,escotechnologiesinc
LGND,Ligand Pharmaceuticals Inc,Health Care,Biotechnology,301.52,30.3714,20.6161,48.0628,5.861369817211262,,54.89,20.06,0.3261,12.33,0.8461208481431547,76.9886,,45.09250000000003,76.9886,0.8461208481431547,20.06,0.3261,12.33,26.65987905713933,73.43300747556067,77.59009009009009,72.3634272570443,50.0,60.22177923332835,0.19594594594594594,0.8412162162162162,0.7905405405405406,0.722972972972973,D,B+,B,B,ligandpharmaceuticalsinc
ENS,EnerSys,Industrials,Electrical Components & Equipment,178.89,18.3641,1.7064,11.474,3.4234896284856378,6.65,3.73,18.48,0.1295,11.58,0.5194328116964219,62.6404,6.65,3.73,62.6404,0.5194328116964219,18.48,0.1295,11.58,70.72463768115942,35.4895932901048,58.55072463768116,78.97698209718669,50.0,60.212155657168445,0.8,0.2565217391304348,0.5956521739130435,0.8043478260869565,B,D+,C+,B+,enersys
JBL,Jabil Inc,Information Technology,Electronic Manufacturing Services,316.74,38.5062,0.9882,23.1495,22.50069262408627,55.75,17.8,62.419999999999995,0.042800000000000005,18.59,0.5312281423059664,37.9128,55.75,17.8,37.9128,0.5312281423059664,62.419999999999995,0.042800000000000005,18.59,68.25581395348837,68.951028687337,60.0,46.75409453867226,50.0,60.204978133573945,0.75,0.7267441860465116,0.6337209302325582,0.4069767441860465,B,B,B-,C,jabilinc
IQV,IQVIA Holdings Inc,Health Care,Life Sciences Tools & Services,270.37,32.4271,2.6254,17.3704,7.051315487491915,16.8,8.17,21.95,0.1292,6.279999999999999,0.9427990235964201,51.7435,16.8,8.17,51.7435,0.9427990235964201,21.95,0.1292,6.279999999999999,55.22645933604837,55.52774818261544,59.234234234234236,77.2153972153972,50.0,60.16380247217318,0.5878378378378378,0.581081081081081,0.581081081081081,0.7972972972972973,C+,C+,C+,B,iqviaholdingsinc
SHC,Sotera Health Co,Health Care,Health Care Services,18.34,32.015,4.3035,17.3875,8.605884285110976,579.33,8.15,26.75,0.32630000000000003,5.74,0.776627218934911,17.5908,295.8379999999996,8.15,17.5908,0.776627218934911,26.75,0.32630000000000003,5.74,49.14229297790941,71.18256056309154,71.62162162162161,53.60810810810811,50.0,60.14911238412269,0.5067567567567568,0.8108108108108109,0.722972972972973,0.5337837837837838,C+,B+,B,C+,soterahealthco
DRI,Darden Restaurants Inc,Consumer Discretionary,Restaurants,199.75,19.3925,1.7713,12.712,10.324544763814732,17.16,9.39,56.010000000000005,0.1198,19.27,0.5060687101419462,11.0551,17.16,9.39,11.0551,0.5060687101419462,56.010000000000005,0.1198,19.27,36.38211382113821,68.68726492373722,70.23542321312783,73.77003484320556,50.0,60.14584421195507,0.3597560975609756,0.75,0.75,0.725609756097561,C-,B,B,B,dardenrestaurantsinc
SAIC,Science Applications International Corp,Industrials,Diversified Support Services,132.61,14.6013,0.7496,10.5574,3.8898943706384994,3.48,-0.78,25.89,0.08,9.610000000000001,0.836786790688007,32.4168,3.48,-0.78,32.4168,0.836786790688007,25.89,0.08,9.610000000000001,84.05797101449275,22.772518310737105,53.76811594202898,80.32608695652172,50.0,60.0762427925822,0.8956521739130435,0.09565217391304348,0.5347826086956522,0.8217391304347826,B+,D-,C+,B+,scienceapplicationsinternationalcorp
CASY,Caseys General Stores Inc,Consumer Staples,Food Retail,598.46,28.2661,1.1699,15.2795,5.5888532979706955,33.36,13.78,19.68,0.0588,12.139999999999999,0.23481311125049373,9.469,33.36,13.78,9.469,0.23481311125049373,19.68,0.0588,12.139999999999999,43.19248826291079,87.91650847447164,58.21596244131456,60.36515388628064,50.0,60.008445148206796,0.4014084507042254,0.9577464788732394,0.6267605633802817,0.5774647887323944,C,A,B-,C+,caseysgeneralstoresinc
AMGN,Amgen Inc,Health Care,Biotechnology,414.61,25.1382,5.7693,17.4156,25.801854502458152,31.72,9.1,89.32,0.3032,13.3,0.8171048177817897,41.5885,31.72,9.1,41.5885,0.8171048177817897,89.32,0.3032,13.3,49.81488337652721,51.59887166199785,85.81081081081082,53.6860264519839,50.0,59.96340316963086,0.5202702702702703,0.5202702702702703,0.9121621621621622,0.5405405405405406,C+,C+,A-,C+,amgeninc
NATL,NCR Atleos Corp,Financials,Transaction & Payment Processing Services,46.08,17.313,0.7679,7.5981,8.427058758983925,39.26,3.49,49.220000000000006,0.10859999999999999,6.12,0.8406846609611586,16.8151,39.26,3.49,16.8151,0.8406846609611586,43.39949999999999,0.10859999999999999,6.12,19.07894736842105,44.54516966603993,97.58771929824562,84.24148606811146,50.0,59.92399781349694,0.13157894736842105,0.38596491228070173,0.9758771929824561,0.8552631578947368,D,C-,A+,B+,ncratleoscorp
NWN,Northwest Natural Holding Co,Utilities,Gas Utilities,47.04,15.7026,1.5303,9.7991,1.3254587259366122,18.85,4.41,8.34,0.2285,3.09,0.2919303797468352,7.7294,18.85,4.41,7.7294,0.2919303797468352,8.34,0.2285,3.09,86.20689655172413,55.68037215512026,31.034482758620687,72.27110582639715,50.0,59.90064042388969,0.896551724137931,0.5862068965517241,0.20689655172413793,0.7068965517241379,B+,C+,D+,B,northwestnaturalholdingco
BR,Broadridge Financial Solutions Inc,Industrials,Data Processing & Outsourced Services,163.77,16.5333,2.4859,14.9054,6.57848225332198,35.62,8.53,40.239999999999995,0.174,18.65,0.2830602539496452,-31.0792,35.62,8.53,-31.0792,0.2830602539496452,40.239999999999995,0.174,18.65,60.0,71.22584541062801,80.43478260869566,27.644927536231883,50.0,59.882850241545896,0.6521739130434783,0.8130434782608695,0.8565217391304348,0.23043478260869565,B-,B+,B+,D+,broadridgefinancialsolutionsinc
CATY,Cathay General Bancorp,Financials,Regional Banks,61.45,11.8668,3.2522,,1.41158904266927,23.41,54.98545,11.709999999999999,0.5396866,11.23,0.8160502779792123,24.6804,23.41,54.98545,24.6804,0.8160502779792123,11.709999999999999,0.5396866,11.23,59.42982456140351,57.67560317675604,44.29824561403509,86.57894736842104,50.0,59.78292765289507,0.6074561403508771,0.6535087719298246,0.44298245614035087,0.9035087719298246,B-,B-,C,A-,cathaygeneralbancorp
SFM,Sprouts Farmers Market Inc,Consumer Staples,Food Retail,62.49,12.1311,0.6775,7.1883,4.272353110087102,7.54,7.2,34.839999999999996,0.07440000000000001,32.84,0.0,-43.4768,7.54,7.2,-36.8722,0.0,34.839999999999996,0.07440000000000001,25.125,82.62910798122066,68.85928765668744,75.82159624413146,6.93792383933229,50.0,59.77211835554198,0.9436619718309859,0.7605633802816901,0.8169014084507042,0.028169014084507043,A,B,B+,F,sproutsfarmersmarketinc
WCC,Wesco International Inc,Industrials,Trading Companies & Distributors,367.44,25.3541,0.7087,14.8668,3.5533446543167373,6.03,12.51,13.84,0.053399999999999996,6.4399999999999995,0.9014677702191407,73.9673,6.03,12.51,69.52242999999993,0.8723212715732392,13.84,0.053399999999999996,6.4399999999999995,64.92753623188405,54.79986197377502,31.59420289855073,98.40579710144928,50.0,59.77156659765356,0.7217391304347827,0.5565217391304348,0.2565217391304348,0.9956521739130435,B,C+,D+,A+,wescointernationalinc
AMKR,Amkor Technology Inc,Information Technology,Semiconductors,53.61,23.823,1.7744,10.7443,2.965236870488675,81.73,17.93,12.370000000000001,0.0861,8.780000000000001,0.37261471230881277,79.4619,81.73,17.93,79.4619,0.37261471230881277,12.370000000000001,0.0861,8.780000000000001,80.57227542179662,63.86071670047329,42.248062015503876,56.408975928192575,50.0,59.7590228850583,0.8372093023255814,0.6744186046511628,0.3953488372093023,0.5116279069767442,B+,B-,C-,C+,amkortechnologyinc
EBAY,eBay Inc,Consumer Discretionary,Broadline Retail,107.9,21.7119,4.0176,21.1776,10.49774283935243,6.66,14.69,48.28,0.2052,19.580000000000002,0.7235949612403102,19.8001,6.66,14.69,19.8001,0.7235949612403102,48.28,0.2052,19.580000000000002,16.056910569105693,65.86049227787234,79.78702179659832,88.12382739212006,50.0,59.75784702542448,0.07926829268292683,0.7195121951219512,0.8719512195121951,0.8719512195121951,D-,B,B+,B+,ebayinc
NBIX,Neurocrine Biosciences Inc,Health Care,Biotechnology,138.4,19.8371,4.148,16.3623,4.258658091911935,101.29,34.42,21.13,0.23559999999999998,21.13,0.25414191934979685,-5.2703,101.29,34.42,-5.2703,0.25414191934979685,21.13,0.23559999999999998,21.13,58.85165987905714,87.67330640156652,80.85585585585586,10.925819436457735,50.0,59.64670410133309,0.6216216216216216,0.9527027027027027,0.8648648648648649,0.07432432432432433,B-,A,B+,D-,neurocrinebiosciencesinc
BLKB,Blackbaud Inc,Information Technology,Application Software,43.19,13.1009,1.7193,13.4634,23.716435121629782,71.88,0.63,204.42999999999998,0.1979,12.540000000000001,0.39020607134943497,-35.0348,71.88,0.63,-35.0348,0.39020607134943497,118.70899999999997,0.1979,12.540000000000001,85.7797537619699,41.287143383999364,76.55038759689921,28.996182316255748,50.0,59.6392004797683,0.9069767441860465,0.3546511627906977,0.7965116279069767,0.22674418604651161,A-,C-,B,D+,blackbaudinc
HOPE,Hope Bancorp Inc,Financials,Regional Banks,13.83,13.5211,1.95924,,0.776530039303762,186.09,57.85491,5.74,0.3576271,5.48,0.840634125990822,25.641,182.343,57.85491,25.641,0.840634125990822,5.74,0.3576271,5.48,71.49122807017544,82.1721898217219,9.649122807017543,89.06545209176788,50.0,59.5326161019962,0.8157894736842105,0.9429824561403509,0.09649122807017543,0.9254385964912281,B+,A,D-,A-,hopebancorpinc
VZ,Verizon Communications Inc,Communication Services,Integrated Telecommunication Services,47.08,12.5878,1.4656,7.7064,1.9006786407806187,-10.78,1.38,15.52,0.2059,6.11,0.6538750940556808,9.5878,-10.78,1.38,9.5878,0.6538750940556808,15.52,0.2059,6.11,70.791844476055,39.027042287911854,57.017543859649116,73.50485496938587,50.0,59.45872653538558,0.8157894736842105,0.2894736842105263,0.47368421052631576,0.7368421052631579,B+,D+,C,B,verizoncommunicationsinc
EXLS,Exlservice Holdings Inc,Industrials,Data Processing & Outsourced Services,34.75,21.3502,2.3857,14.2145,5.955849586946834,10.07,13.63,28.49,0.149,20.14,0.5084745762711864,-19.3003,10.07,13.63,-19.3003,0.5084745762711864,28.49,0.149,20.14,57.246376811594196,62.9174543163201,75.07246376811594,43.84057971014492,50.0,59.431316950220534,0.6347826086956522,0.7130434782608696,0.8,0.41304347826086957,B-,B,B,C,exlserviceholdingsinc
CTSH,Cognizant Technology Solutions Corp,Information Technology,IT Consulting & Other Services,57.33,11.6933,1.1995,6.6286,1.8289064842758067,-5.4,5.64,14.940000000000001,0.1588,14.149999999999999,0.4054054054054054,-12.6053,-5.4,5.64,-12.6053,0.4054054054054054,14.940000000000001,0.1588,14.149999999999999,94.75604195166439,33.709869203329376,60.85271317829457,43.9299933876391,50.0,59.43016130068344,0.9883720930232558,0.2441860465116279,0.6395348837209303,0.3546511627906977,A+,D+,B-,C-,cognizanttechnologysolutionscorp
WSM,Williams-Sonoma Inc,Consumer Discretionary,Homefurnishing Retail,231.9,23.2157,3.4194,14.8972,13.225431152477414,11.05,2.24,57.79,0.19210000000000002,57.79,0.7427836204967556,14.1075,11.05,2.24,14.1075,0.7427836204967556,57.79,0.19210000000000002,41.67300000000001,21.951219512195124,49.38363606995492,87.15397276672154,86.25277161862527,50.0,59.4035796074452,0.125,0.43902439024390244,0.9634146341463414,0.8536585365853658,D,C,A,B+,williamssonomainc
SKYW,SkyWest Inc,Industrials,Passenger Airlines,102.29,9.6506,0.944,5.9147,1.485001183181117,2.47,9.1,15.02,0.14029999999999998,8.04,0.6126035651518957,-2.1572,2.47,9.1,-2.1572,0.6126035651518957,15.02,0.14029999999999998,8.04,90.0,46.45423014988232,49.56521739130435,50.88566827697262,50.0,59.35928403319708,0.9652173913043478,0.4217391304347826,0.4782608695652174,0.4826086956521739,A,C,C,C,skywestinc
SCHL,Scholastic Corp,Consumer Discretionary,Publishing,32.35,10.2818,0.3685,7.5754,0.8057345384897022,-1.97,-2.68,6.61,0.96,5.37,0.30040053404539385,32.4335,-1.97,-2.68,32.4335,0.30040053404539385,6.61,0.2784,5.37,84.34959349593497,29.684703602002905,49.084742381166144,75.29756097560977,50.0,59.35503688479781,0.9329268292682927,0.17682926829268292,0.4451219512195122,0.7317073170731707,A,D,C,B,scholasticcorp
TTC,Toro Co,Industrials,Agricultural & Farm Machinery,97.15,25.3139,1.9349,16.6304,6.543629811740141,13.31,5.15,26.06,0.10310000000000001,15.22,0.785885486018642,26.671,13.31,5.15,26.671,0.785885486018642,26.06,0.10310000000000001,15.22,49.855072463768124,51.32850241545894,64.05797101449275,77.86231884057972,50.0,59.316425120772955,0.5239130434782608,0.47391304347826085,0.6608695652173913,0.782608695652174,C+,C,B-,B,toroco
AR,Antero Resources Corp,Energy,Oil & Gas Exploration & Production,35.0,10.2382,1.8099,5.9977,1.4300248007158294,153.24,25.76,13.86,0.2409,11.04,0.3543543543543543,6.3974,153.24,25.76,6.3974,0.3543543543543543,13.86,0.2409,11.04,66.14583333333333,85.37398348540484,62.5,25.284090909090907,50.0,59.29307321223248,0.796875,0.953125,0.6171875,0.203125,B,A,B-,D+,anteroresourcescorp
ANIP,ANI Pharmaceuticals Inc,Health Care,Pharmaceuticals,74.0,15.7162,1.7398,8.2677,3.0794967935780004,,30.9,19.64,0.1537,9.28,0.16119620714806715,-22.055,,30.9,-22.055,0.16119620714806715,19.64,0.1537,9.28,81.9480439343453,70.41858932102835,64.3018018018018,18.220171390903097,50.0,59.290213576423064,0.918918918918919,0.8040540540540541,0.6486486486486487,0.12837837837837837,A-,B+,B-,D,anipharmaceuticalsinc
LECO,Lincoln Electric Holdings Inc,Industrials,Industrial Machinery & Supplies & Components,271.7,26.2726,3.2455,17.758,10.138589329293321,12.44,9.32,37.21,0.17129999999999998,20.23,0.5915973555129024,14.0118,12.44,9.32,14.0118,0.5915973555129024,37.21,0.17129999999999998,20.23,38.98550724637681,60.696802136566134,80.43478260869564,61.45862552594671,50.0,59.28615799627069,0.34782608695652173,0.6565217391304348,0.8521739130434782,0.6,C-,B-,B+,C+,lincolnelectricholdingsinc
A,Agilent Technologies Inc,Health Care,Life Sciences Tools & Services,172.79,33.6592,6.5748,26.5237,7.255450300648325,18.74,8.6,20.47,0.2223,13.669999999999998,1.0,31.2689,18.74,8.6,31.2689,0.982600421621416,20.47,0.2223,13.669999999999998,35.755275823768976,60.20877273089663,75.45045045045045,72.0884520884521,50.0,59.260876532424604,0.34459459459459457,0.6621621621621622,0.7837837837837838,0.7162162162162162,C-,B-,B,B,agilenttechnologiesinc
BJ,BJ's Wholesale Club Holdings Inc,Consumer Staples,Consumer Staples Merchandise Retail,93.79,19.9279,0.5193,10.7386,5.532582599411289,5.1,9.09,27.35,0.037599999999999995,21.2,0.4687073503606943,-6.2708,5.1,9.09,-6.2708,0.4687073503606943,27.35,0.037599999999999995,21.2,70.89201877934273,63.30604710886401,60.0,44.225352112676056,50.0,59.229284539143706,0.8028169014084507,0.676056338028169,0.6549295774647887,0.4225352112676056,B+,B-,B-,C,bjswholesaleclubholdingsinc
CPAY,Corpay Inc,Financials,Transaction & Payment Processing Services,398.11,23.0408,5.2355,12.8192,7.007375072606622,12.37,20.36,30.4,0.4361,8.43,0.8319207421830261,35.1382,12.37,20.36,35.1382,0.8319207421830261,30.4,0.4361,8.43,13.815789473684209,49.6078431372549,89.03508771929825,92.52837977296181,50.0,59.13996388028896,0.07894736842105263,0.5087719298245614,0.8903508771929824,0.9473684210526315,D-,C+,B+,A,corpayinc
LUV,Southwest Airlines Co,Industrials,Passenger Airlines,42.68,24.2705,0.6755,12.1851,2.7571771880410347,141.54,9.46,11.27,0.0346,6.69,0.5191489361702127,25.6806,141.54,9.46,25.6806,0.5191489361702127,11.27,0.0346,6.69,72.60869565217392,78.84925058838101,26.52173913043478,67.76167471819645,50.0,59.104793756967666,0.8130434782608695,0.9,0.20869565217391303,0.7,B+,B+,D+,B-,southwestairlinesco
LDOS,Leidos Holdings Inc,Industrials,Diversified Support Services,123.61,11.2897,0.881,8.4979,3.177765666454147,85.67,3.41,27.35,0.11380000000000001,13.170000000000002,0.23150313347675613,-34.1782,85.67,3.41,-34.1782,0.23150313347675613,27.35,0.11380000000000001,13.170000000000002,86.73913043478261,62.366078385538415,64.20289855072464,19.34782608695652,50.0,59.078288140875806,0.9260869565217391,0.6956521739130435,0.6652173913043479,0.1391304347826087,A-,B-,B-,D,leidosholdingsinc
GDDY,GoDaddy Inc,Information Technology,Internet Services & Infrastructure,97.14,13.5294,2.4129,10.975,60.84941117514407,20.13,7.41,660.9499999999999,0.2484,23.24,0.33429281695669233,-32.5967,20.13,7.41,-32.5967,0.33429281695669233,118.70899999999997,0.2484,23.24,84.63976288189694,42.81056587091069,85.36821705426355,15.050371904717071,50.0,59.07418253916568,0.877906976744186,0.3953488372093023,0.8895348837209303,0.08139534883720931,B+,C-,B+,D-,godaddyinc
FSLR,First Solar Inc,Information Technology,Semiconductors,177.71,10.8571,3.5248,7.2758,1.999374457150315,38.7,23.82,18.02,0.33649999999999997,17.2,0.046020646020646004,-21.4491,38.7,23.82,-21.4491,0.09308777138615698,18.02,0.33649999999999997,17.2,85.2530779753762,62.77417173766058,73.44961240310077,8.977396980824153,50.0,59.025986338316194,0.8953488372093024,0.6511627906976745,0.75,0.046511627906976744,B+,B-,B,F,firstsolarinc
PFS,Provident Financial Services Inc,Financials,Regional Banks,22.84,9.5404,2.313,,1.0529955510476936,35.2,36.72119,11.0,0.4091399,9.35,0.6602564102564104,15.8998,35.2,36.72119,15.8998,0.6602564102564104,11.0,0.4091399,9.35,84.21052631578948,50.65388730653887,38.377192982456144,66.14372469635629,50.0,59.006452225140436,0.9429824561403509,0.5350877192982456,0.38377192982456143,0.6666666666666666,A,C+,C-,B-,providentfinancialservicesinc
SYF,Synchrony Financial,Financials,Consumer Finance,72.94,6.6175,0.73096,,1.5096135935592028,18.3,20.4839,20.94,0.1839285,10.85,0.3838069287660568,-4.127,18.3,20.4839,-4.127,0.3838069287660568,20.94,0.1839285,10.85,74.78070175438597,44.47409309994926,78.0701754385965,34.40723019670388,50.0,58.98898395757624,0.8596491228070176,0.37280701754385964,0.7807017543859649,0.35526315789473684,B+,C-,B,C-,synchronyfinancial
PR,Permian Resources Corp,Energy,Oil & Gas Exploration & Production,21.36,14.4508,3.1102,5.3469,1.7376024990238188,-1.68,12.81,11.32,0.3132,8.62,0.7418409285585182,59.8391,-1.68,12.81,59.8391,0.7418409285585182,11.32,0.3132,8.62,56.25,45.89624248915099,57.8125,81.13636363636363,50.0,58.92214622510293,0.625,0.40625,0.515625,0.8125,B-,C,C+,B+,permianresourcescorp
PSMT,PriceSmart Inc,Consumer Staples,Consumer Staples Merchandise Retail,174.73,33.2355,0.9373,15.0327,4.306834539467197,9.76,10.18,12.16,0.0452,10.67,0.7151769509981849,47.5002,9.76,10.18,47.5002,0.7151769509981849,12.16,0.0452,10.67,42.72300469483568,73.22739857951126,43.66197183098592,88.36724047991653,50.0,58.915171943340965,0.38028169014084506,0.8732394366197183,0.4225352112676056,0.8873239436619719,C-,B+,C,B+,pricesmartinc
ANET,Arista Networks Inc,Information Technology,Communications Equipment,206.55,64.1433,24.6124,55.4237,20.979766789907774,24.69,32.57,30.78,0.4314,30.78,0.9169074424628876,41.2104,24.69,32.57,41.2104,0.9169074424628876,30.78,0.4314,30.78,18.88052895576835,70.3089191891347,85.07751937984496,69.2843257253942,50.0,58.908161066809114,0.12209302325581395,0.7441860465116279,0.8837209302325582,0.7325581395348837,D,B,B+,B,aristanetworksinc
MTCH,Match Group Inc,Communication Services,Interactive Media & Services,40.55,13.2552,2.6734,11.184,,41.02,1.7,17.73,0.2815,5.48,0.7280620155038757,13.0194,41.02,1.7,13.0194,0.7280620155038757,17.73,0.2815,5.48,52.22854433380749,51.57887479316051,58.7719298245614,79.00426742532005,50.0,58.86674698328834,0.5526315789473685,0.5526315789473685,0.5789473684210527,0.8157894736842105,C+,C+,C+,B+,matchgroupinc
TRU,TransUnion,Industrials,Research & Consulting Services,69.17,17.9555,2.7068,10.3909,2.9979022918761484,90.89,12.37,15.950000000000001,0.23,7.39,0.22524271844660204,-22.448,90.89,12.37,-22.448,0.22524271844660204,15.950000000000001,0.23,7.39,65.79710144927536,85.1207729468599,59.13043478260869,27.86086956521739,50.0,58.82821256038647,0.7347826086956522,0.9347826086956522,0.6043478260869565,0.2391304347826087,B,A,B-,D+,transunion
KFY,Korn Ferry,Industrials,Human Resource & Employment Services,71.73,13.9378,1.3051,7.2403,1.8263340411555327,12.84,6.94,14.14,0.1288,11.76,0.4474789915966387,0.4184,12.84,6.94,0.4184,0.4474789915966387,14.14,0.1288,11.76,84.49275362318842,52.155996177735304,52.753623188405804,45.24844720496894,50.0,58.792482879439405,0.9130434782608695,0.48695652173913045,0.5130434782608696,0.4217391304347826,A-,C,C+,C,kornferry
NTNX,Nutanix Inc,Information Technology,Systems Software,68.03,12.2694,6.479,69.4879,26.224894953933926,705.43,12.44,180.70999999999998,0.096,61.809999999999995,0.7655265526552655,-8.2531,704.4859999999999,12.44,-8.2531,0.7655265526552655,118.70899999999997,0.096,61.809999999999995,49.28864569083447,66.13238751613498,76.74418604651162,45.27675778593772,50.0,58.790036994751055,0.5116279069767442,0.686046511627907,0.8023255813953488,0.37790697674418605,C+,B-,B+,C-,nutanixinc
CPK,Chesapeake Utilities Corp,Utilities,Gas Utilities,128.77,20.5499,3.0078,13.1585,1.9249857984273626,11.82,14.76,9.33,0.2642,4.63,0.45056947608200487,-2.4787,11.82,14.76,-2.4787,0.45056947608200487,9.33,0.2642,4.63,41.95402298850575,74.59373761395163,61.49425287356322,64.89892984542212,50.0,58.760602457392,0.4396551724137931,0.8275862068965517,0.6551724137931034,0.6551724137931034,C,B+,B-,B-,chesapeakeutilitiescorp
PEP,PepsiCo Inc,Consumer Staples,Soft Drinks & Non-alcoholic Beverages,128.63,16.8029,1.8122,12.3653,8.616924354886251,38.92,5.62,50.2,0.14529999999999998,14.45,0.014942528735631993,-9.8614,38.92,5.62,-9.8614,0.014942528735631993,50.2,0.14529999999999998,14.45,53.05164319248826,72.5713253882268,79.34272300469485,30.683359415753777,50.0,58.74952851009189,0.5422535211267606,0.8309859154929577,0.8591549295774648,0.2676056338028169,C+,B+,B+,D+,pepsicoinc
CRS,Carpenter Technology Corp,Industrials,Industrial Machinery & Supplies & Components,396.84,36.8948,6.2566,23.817,8.837264198212683,41.87,8.59,25.869999999999997,0.21960000000000002,19.34,0.4242370943628528,65.2914,41.87,8.59,65.2914,0.4242370943628528,25.869999999999997,0.21960000000000002,19.34,16.811594202898547,70.11144965151833,81.44927536231884,75.72230014025246,50.0,58.731967349658504,0.0782608695652174,0.8043478260869565,0.8782608695652174,0.7739130434782608,D-,B+,B+,B,carpentertechnologycorp
YUM,Yum! Brands Inc,Consumer Discretionary,Restaurants,138.63,17.4227,4.4291,17.0899,63.914246196403866,57.23,10.28,117.63999999999999,0.3099,26.46,0.12179487179487193,-8.103,57.23,10.28,-8.103,0.12179487179487193,117.63999999999999,0.2784,26.46,21.951219512195124,82.4627916099407,90.59803481470396,45.40766550522649,50.0,58.711405004758205,0.125,0.9085365853658537,0.9817073170731707,0.4634146341463415,D,A-,A+,C,yumbrandsinc
FICO,Fair Isaac Corp,Information Technology,Application Software,863.09,22.8474,7.7796,19.1882,75.87871221845165,35.35,24.09,145.71,0.5165,30.869999999999997,0.007077803343802794,-44.499,35.35,24.09,-40.40435,0.09308777138615698,118.70899999999997,0.4510199999999997,30.869999999999997,59.7765617875057,68.76350069808487,94.18604651162791,7.113277379495248,50.0,58.66600769029942,0.6395348837209303,0.7209302325581395,0.9767441860465116,0.02616279069767442,B-,B,A+,F,fairisaaccorp
PAYX,Paychex Inc,Industrials,Human Resource & Employment Services,101.37,19.8026,5.4167,13.1052,9.650884926264078,12.94,13.97,47.11,0.39189999999999997,21.02,0.3548027635391131,-20.7999,12.94,13.97,-20.7999,0.3548027635391131,47.11,0.30740999999999946,21.02,49.275362318840585,70.44447098794924,92.10144927536233,21.08695652173913,50.0,58.650488400488406,0.5,0.808695652173913,0.9826086956521739,0.16521739130434782,C,B+,A+,D,paychexinc
CARG,CarGurus Inc,Communication Services,Interactive Media & Services,31.3,15.9201,2.9724,9.1755,7.936507936507937,50.61,2.53,56.25,0.2939,56.25,0.33108786977659993,-18.0868,50.61,2.53,-18.0868,0.33108786977659993,56.25,0.2939,44.84,50.56899004267425,57.13596249310535,92.98245614035086,31.50782361308677,50.0,58.616618766994705,0.5263157894736842,0.6842105263157895,1.0,0.23684210526315788,C+,B-,A+,D+,cargurusinc
XPEL,Xpel Inc,Consumer Discretionary,Automotive Parts & Equipment,43.48,20.9652,2.2585,15.349,4.282225023636936,12.87,13.19,19.15,0.13470000000000001,18.43,0.49078246620237603,34.6983,12.87,13.19,34.6983,0.49078246620237603,19.15,0.13470000000000001,18.43,26.829268292682926,74.22956038335217,61.223751808070226,83.76524390243902,50.0,58.61221588234653,0.1951219512195122,0.8292682926829268,0.6158536585365854,0.8414634146341463,D,B+,B-,B+,xpelinc
DINO,HF Sinclair Corp,Energy,Oil & Gas Refining & Marketing,106.82,9.8213,0.7844,5.5326,2.114393393559829,-40.03,-10.74,19.86,0.0849,15.32,0.8408090258668133,98.816,-40.03,-10.74,98.816,0.8408090258668133,19.86,0.0849,15.32,80.20833333333333,15.15832605139925,59.375,78.36206896551724,50.0,58.59991233671663,0.9375,0.078125,0.546875,0.75,A,D-,C+,B,hfsinclaircorp
UNP,Union Pacific Corp,Industrials,Rail Transportation,273.79,22.1198,6.3809,15.0466,8.795420303449871,7.27,4.17,38.65,0.4003,14.63,0.5799323113677087,18.9746,7.27,4.17,18.9746,0.5799323113677087,38.65,0.30740999999999946,14.63,41.30434782608696,44.822516278092834,85.72463768115942,64.34782608695652,50.0,58.591314849821465,0.3782608695652174,0.3739130434782609,0.941304347826087,0.6391304347826087,C-,C-,A,B-,unionpacificcorp
MTRN,Materion Corp,Materials,Diversified Metals & Mining,264.96,59.7274,2.5651,42.703,5.824320759694012,460.64,21.6,9.41,0.0599,6.29,0.7967892496281479,115.8059,451.37449999999995,21.6,78.52798499999999,0.7967892496281479,9.41,0.0599,6.29,22.058823529411764,92.09574738986504,42.15686274509804,95.58823529411765,50.0,58.59071810542399,0.0661764705882353,0.9705882352941176,0.36764705882352944,0.9705882352941176,D-,A+,C-,A+,materioncorp
TWLO,Twilio Inc,Information Technology,Systems Software,275.8,37.1765,7.664,131.849,5.374259285601545,5800.25,17.82,14.149999999999999,0.052000000000000005,12.61,0.8596771848189618,190.2557,704.4859999999999,17.82,190.2557,0.8596771848189618,14.149999999999999,0.052000000000000005,12.61,32.7906976744186,79.23399179420986,46.51162790697674,89.50929119839768,50.0,58.57423799387034,0.3081395348837209,0.8837209302325582,0.45930232558139533,0.9418604651162791,C-,B+,C,A,twilioinc
ADSK,Autodesk Inc,Information Technology,Application Software,209.4,26.9778,5.6865,20.8784,14.578923916675949,59.92,17.94,52.5,0.262,28.02,0.169684061057863,-33.1558,59.92,17.94,-33.1558,0.169684061057863,52.5,0.262,28.02,58.97628818969448,68.72825070467059,82.94573643410853,21.571661712420582,50.0,58.54048863936898,0.6337209302325582,0.7151162790697675,0.8546511627906976,0.1569767441860465,B-,B,B+,D,autodeskinc
FOXA,Fox Corp,Communication Services,Broadcasting,63.07,14.9377,1.4697,7.3425,2.275827229098257,-21.76,5.07,14.74,0.1953,9.34,0.5251336898395721,6.117,-21.76,5.07,6.117,0.5251336898395721,14.74,0.1953,9.34,67.75723091512565,48.14993564993564,58.333333333333336,61.901967757230906,50.0,58.533021743548055,0.75,0.4605263157894737,0.5394736842105263,0.631578947368421,B,C,C+,B-,foxcorp
CSCO,Cisco Systems Inc,Information Technology,Communications Equipment,106.7,31.7083,6.6431,27.2039,8.373027394787849,30.78,11.77,27.389999999999997,0.2427,16.97,0.627639421231174,57.5807,30.78,11.77,57.5807,0.627639421231174,27.389999999999997,0.2427,16.97,49.42316461468308,53.13136445737278,73.06201550387595,61.39414884680923,50.0,58.526397690476166,0.5174418604651163,0.5465116279069767,0.7383720930232558,0.5872093023255814,C+,C+,B,C+,ciscosystemsinc
ADI,Analog Devices Inc,Information Technology,Semiconductors,393.6,45.8749,13.6649,34.5872,5.699350569428255,114.38,33.65,12.26,0.3555,9.73,0.764835461247977,53.8997,114.38,33.65,53.8997,0.764835461247977,12.26,0.3555,9.73,33.50433196534428,81.16806722689076,62.015503875968996,67.01068951448389,50.0,58.515710308603246,0.313953488372093,0.8953488372093024,0.6569767441860465,0.6744186046511628,C-,B+,B-,B-,analogdevicesinc
USFD,US Foods Holding Corp,Consumer Staples,Food Distributors,93.33,27.9774,0.5075,14.8308,4.778092346758545,39.02,3.83,16.75,0.031400000000000004,7.539999999999999,0.5645685401372006,21.5757,39.02,3.83,21.5757,0.5645685401372006,16.75,0.031400000000000004,7.539999999999999,56.80751173708921,69.04875406283858,41.78403755868544,74.87323943661971,50.0,58.43228602383532,0.6549295774647887,0.7746478873239436,0.36619718309859156,0.7464788732394366,B-,B,C-,B,usfoodsholdingcorp
ABM,ABM Industries Inc,Industrials,Environmental & Facilities Services,49.78,17.3622,0.3155,12.0538,1.6776363458667396,50.3,6.0,9.43,0.0352,4.79,0.8948577092480267,9.4565,50.3,6.0,9.4565,0.8723212715732392,9.43,0.0352,4.79,83.76811594202898,61.927369648509085,21.884057971014496,73.01349325337331,50.0,58.40121605863735,0.8913043478260869,0.6826086956521739,0.1826086956521739,0.7608695652173914,B+,B-,D,B,abmindustriesinc
PCTY,Paylocity Holding Corp,Industrials,Human Resource & Employment Services,143.35,28.2534,4.3025,14.9268,6.252071666579439,23.04,11.04,23.44,0.21789999999999998,21.89,0.6803382778092999,-13.0298,23.04,11.04,-13.0298,0.6803382778092999,23.44,0.21789999999999998,21.89,39.27536231884058,72.85063969846578,81.30434782608695,43.29192546583852,50.0,58.37344056909274,0.3630434782608696,0.8391304347826087,0.8695652173913043,0.4043478260869565,C-,B+,B+,C,paylocityholdingcorp
GWW,WW Grainger Inc,Industrials,Industrial Machinery & Supplies & Components,1243.07,31.6195,3.1376,20.3023,15.777542827333846,-0.69,7.8,48.699999999999996,0.1457,29.880000000000003,0.6555445178129685,34.2669,-0.69,7.8,34.2669,0.6555445178129685,48.699999999999996,0.1457,28.302999999999987,31.449275362318833,44.6186852810154,82.97101449275362,79.07433380084152,50.0,58.34367628013949,0.23478260869565218,0.3695652173913043,0.8956521739130435,0.808695652173913,D+,C-,B+,B+,wwgraingerinc
NX,Quanex Building Products Corp,Industrials,Building Products,19.74,19.5363,0.4756,7.094,1.2415953304945624,,1.26,6.1899999999999995,0.0596,3.18,0.7078925956061839,39.609,,1.26,39.609,0.7078925956061839,6.1899999999999995,0.0596,3.18,87.53623188405795,43.7168610816543,20.144927536231886,88.37751855779428,50.0,58.33916578296217,0.941304347826087,0.3521739130434783,0.15434782608695652,0.908695652173913,A,C-,D,A-,quanexbuildingproductscorp
BKNG,Booking Holdings Inc,Consumer Discretionary,"Hotels, Resorts & Cruise Lines",163.95,17.0653,4.3562,12.7843,55.78428036747192,57.21,12.85,139.63,0.3287,29.37,0.18447769169115683,-29.2521,57.21,12.85,-29.2521,0.18447769169115683,139.63,0.2784,29.37,29.26829268292683,88.45243863980738,92.6430245897551,25.853658536585364,50.0,58.339048753449035,0.2347560975609756,0.9329268292682927,0.9939024390243902,0.25609756097560976,D+,A,A+,D+,bookingholdingsinc
BKE,Buckle Inc,Consumer Discretionary,Apparel Retail,42.27,9.8086,1.6304,6.261,5.092280262143408,8.7,6.22,46.910000000000004,0.2084,46.910000000000004,0.13405968735196616,-29.4377,8.7,6.22,-29.4377,0.13405968735196616,46.910000000000004,0.2084,41.67300000000001,70.9349593495935,47.279142693231,87.75874108434336,20.891505466778806,50.0,58.307554740486175,0.7804878048780488,0.40853658536585363,0.975609756097561,0.16463414634146342,B,C,A+,D,buckleinc
EFC,Ellington Financial Inc,Financials,Specialized Finance,12.36,7.1768,2.7326,557.5534,0.7623747108712413,23.45,30.99,11.87,-0.0548,1.17,0.3802816901408451,-4.6261,23.45,30.99,-4.6261,0.3802816901408451,11.87,0.05000000000000002,1.17,95.17543859649123,60.04151100041511,45.83333333333333,30.14354066985646,50.0,58.28920331651045,0.9912280701754386,0.6885964912280702,0.4583333333333333,0.3026315789473684,A+,B-,C,C-,ellingtonfinancialinc
TOL,Toll Brothers Inc,Consumer Discretionary,Homebuilding,137.34,10.4524,1.1642,9.094,1.574169589436765,-8.47,-1.08,14.23,0.1384,10.71,0.313868613138686,-0.9329,-8.47,-1.08,-0.9329,0.313868613138686,14.23,0.1384,10.71,66.05691056910568,51.0683711378268,51.80682328295676,67.98606271777004,50.0,58.27682023413498,0.7012195121951219,0.4817073170731707,0.47560975609756095,0.6829268292682927,B,C,C,B-,tollbrothersinc
LVS,Las Vegas Sands Corp,Consumer Discretionary,Casinos & Gaming,38.99,14.5611,1.833,8.2866,16.55204618780778,29.56,18.11,139.84,0.21489999999999998,10.24,0.028712565606668714,-27.0617,29.56,18.11,-27.0617,0.028712565606668714,139.84,0.21489999999999998,10.24,55.487804878048784,83.72207585971725,76.10105242156716,18.048780487804876,50.0,58.25138559440842,0.5792682926829268,0.9207317073170732,0.8048780487804879,0.10670731707317073,C+,A-,B+,D,lasvegassandscorp
ZBRA,Zebra Technologies Corp,Information Technology,Electronic Equipment & Instruments,370.04,31.8774,2.9386,19.8525,5.114652586766922,3.28,12.66,15.14,0.1467,8.86,0.9135057164226947,18.3545,3.28,12.66,18.3545,0.9135057164226947,15.14,0.1467,8.86,66.15823073415413,46.62403777664487,52.519379844961236,71.22946902139068,50.0,58.240104004385955,0.7267441860465116,0.4476744186046512,0.5406976744186046,0.7558139534883721,B,C,C+,B,zebratechnologiescorp
NSIT,Insight Enterprises Inc,Industrials,Technology Distributors,159.03,22.2164,0.545,11.5091,2.989493630196085,63.02,2.68,13.08,0.045599999999999995,6.94,0.9097037289176327,39.9177,63.02,2.68,39.9177,0.8723212715732392,13.08,0.045599999999999995,6.94,77.68115942028986,52.01000690131125,30.579710144927535,78.81987577639752,50.0,58.2311939268461,0.8434782608695652,0.4826086956521739,0.24130434782608695,0.8,B+,C,D+,B,insightenterprisesinc
DAN,Dana Inc,Consumer Discretionary,Automotive Parts & Equipment,27.14,2.5558,0.3864,24.7631,3.627857238337121,,-23.37,90.10000000000001,0.018799999999999997,28.860000000000003,0.4307974335472044,37.9223,,-9.9525,37.9223,0.4307974335472044,90.10000000000001,0.018799999999999997,28.860000000000003,64.22764227642277,27.515243902439025,59.70123198164497,83.6280487804878,50.0,58.210877101102305,0.6737804878048781,0.15853658536585366,0.573170731707317,0.8353658536585366,B-,D,C+,B+,danainc
QLYS,Qualys Inc,Information Technology,Systems Software,172.43,30.6415,9.0029,24.1194,10.979026322156711,15.01,10.35,37.169999999999995,0.3408,37.169999999999995,0.7708415334960247,34.3665,15.01,10.35,34.3665,0.7708415334960247,37.169999999999995,0.3408,37.169999999999995,48.28545371637026,36.23244360440101,84.88372093023254,63.25927574397586,50.0,58.190637531326075,0.4941860465116279,0.3023255813953488,0.877906976744186,0.5988372093023255,C,C-,B+,C+,qualysinc
DECK,Deckers Outdoor Corp,Consumer Discretionary,Footwear,78.67,10.5896,1.9443,6.891,4.405456561425516,8.23,7.85,41.099999999999994,0.2267,41.099999999999994,0.02904841402337243,-29.8491,8.23,7.85,-29.8491,0.02904841402337243,41.099999999999994,0.2267,41.099999999999994,64.22764227642277,59.879933236418466,85.09651354182253,19.26829268292683,50.0,58.16068413843038,0.6737804878048781,0.6280487804878049,0.9329268292682927,0.12804878048780488,B-,B-,A,D,deckersoutdoorcorp
JPM,JPMorgan Chase & Co,Financials,Diversified Banks,343.06,13.9601,2.89596,,2.552115802645107,19.48,108.9793,17.810000000000002,0.4122809,4.43,0.7318077803203661,8.0212,19.48,85.74899399999997,8.0212,0.7318077803203661,17.810000000000002,0.4122809,4.43,36.84210526315789,71.56209481932464,69.2982456140351,61.49447693307343,50.0,58.146402069777864,0.3026315789473684,0.8552631578947368,0.6929824561403509,0.6491228070175439,C-,B+,B-,B-,jpmorganchaseco
KTB,Kontoor Brands Inc,Consumer Discretionary,"Apparel, Accessories & Luxury Goods",65.37,13.2707,1.1586,11.1038,6.392653875491405,7.16,15.78,45.96,0.1191,15.079999999999998,0.2801342691486118,-20.8722,7.16,15.78,-20.8722,0.2801342691486118,45.96,0.1191,15.079999999999998,56.300813008130085,73.71768807891321,65.12419572048482,40.218671152228765,50.0,58.14352402838212,0.5975609756097561,0.8170731707317073,0.6646341463414634,0.4024390243902439,C+,B+,B-,C,kontoorbrandsinc
PHIN,Phinia Inc,Consumer Discretionary,Automotive Retail,62.04,16.2673,0.6109,7.4479,1.482203523458666,34.56,7.06,8.62,0.0701,5.28,0.31115107913669054,3.5233,34.56,7.06,3.5233,0.31115107913669054,8.62,0.0701,5.28,68.29268292682927,71.05760734272712,31.216020749164546,70.17216642754661,50.0,58.123130673053204,0.7560975609756098,0.7804878048780488,0.27439024390243905,0.7073170731707317,B,B,D+,B,phiniainc
TTMI,TTM Technologies Inc,Information Technology,Electronic Manufacturing Services,129.17,58.1788,4.0126,39.1122,7.577508579473791,145.74,28.41,13.089999999999998,0.1007,8.59,0.45200879935162663,134.4968,145.74,28.41,134.4968,0.45200879935162663,13.089999999999998,0.1007,8.59,42.39170086639307,88.52868733700376,44.67054263565891,68.22229993588623,50.0,58.115758330091,0.3953488372093023,0.9534883720930233,0.436046511627907,0.7093023255813954,C-,A,C,B,ttmtechnologiesinc
SXI,Standex International Corp,Industrials,Industrial Machinery & Supplies & Components,280.17,33.1178,3.8865,17.5846,4.49440545418087,86.72,12.85,14.35,0.21710000000000002,8.39,0.4897921872143337,38.0945,86.72,12.85,38.0945,0.4897921872143337,14.35,0.21710000000000002,8.39,30.72463768115942,82.3389380578528,58.550724637681164,71.36044880785414,50.0,58.05871795285154,0.22608695652173913,0.9260869565217391,0.6,0.7391304347826086,D+,A-,C+,B,standexinternationalcorp
VRSN,"VeriSign, Inc",Information Technology,Internet Services & Infrastructure,287.25,31.8432,15.848,24.0811,73.51247600767753,9.82,6.86,113.55,0.6786,62.99,0.7565141864504921,2.3207,9.82,6.86,2.3207,0.7565141864504921,113.55,0.4510199999999997,62.34099999999999,43.24897400820793,33.640843605346646,96.12403100775192,57.40231616608605,50.0,58.05188320827651,0.4069767441860465,0.23837209302325582,0.9941860465116279,0.5232558139534884,C,D+,A+,C+,verisigninc
PPG,PPG Industries Inc,Materials,Specialty Chemicals,107.52,15.1735,1.4526,11.0719,3.025170362784102,58.96,1.47,19.470000000000002,0.12789999999999999,10.32,0.35289710289710274,0.7964,58.96,1.47,0.7964,0.35289710289710274,19.470000000000002,0.12789999999999999,10.32,66.66666666666667,57.94117647058823,73.52941176470587,32.04481792717087,50.0,58.04621848739496,0.7794117647058824,0.6323529411764706,0.7794117647058824,0.3088235294117647,B,B-,B,C-,ppgindustriesinc
CFR,Cullen/Frost Bankers Inc,Financials,Regional Banks,157.42,14.3223,3.18716,,2.1785672273850136,13.89,75.94571,15.040000000000001,0.4079103,7.340000000000001,0.7416988416988413,22.9261,13.89,75.94571,22.9261,0.7416988416988413,15.040000000000001,0.4079103,7.340000000000001,39.473684210526315,60.70150850701509,60.526315789473685,79.43657219973011,50.0,58.02761614134904,0.3333333333333333,0.6973684210526315,0.6052631578947368,0.793859649122807,C-,B-,B-,B,cullenfrostbankersinc
ULS,UL Solutions Inc,Industrials,nan,66.05,26.3107,4.2234,14.6155,10.521201694861256,53.35,6.61,37.62,0.2394,28.599999999999998,0.06490872210953336,-2.5037,53.35,6.61,-2.5037,0.06490872210953336,37.62,0.2394,28.302999999999987,42.46376811594203,65.51383399209486,91.66666666666669,31.778656126482215,50.0,57.9911067193676,0.3826086956521739,0.7652173913043478,0.9782608695652174,0.2782608695652174,C-,B,A+,D+,ulsolutionsinc
BRC,Brady Corp,Industrials,Commercial Printing,84.02,19.0677,2.3569,12.1416,2.9026061962800207,9.26,9.78,15.620000000000001,0.1586,14.95,0.4683963085495386,6.2223,9.26,9.78,6.2223,0.4683963085495386,15.620000000000001,0.1586,14.95,63.913043478260875,56.84014053579271,61.30434782608696,51.50197628458498,50.0,57.972771190162504,0.7130434782608696,0.5826086956521739,0.6347826086956522,0.48695652173913045,B,C+,B-,C,bradycorp
NTRS,Northern Trust Corp,Financials,Asset Management & Custody Banks,175.73,14.2431,3.5266,37.7446,2.527038434050092,36.1,15.08,17.14,0.3335,1.32,0.7314492365389765,34.7386,36.1,15.08,34.7386,0.7314492365389765,17.14,0.3335,1.32,36.62280701754386,59.52425187390106,67.98245614035088,74.49760765550239,50.0,57.95568769535437,0.2982456140350877,0.6798245614035088,0.6798245614035088,0.7587719298245614,D+,B-,B-,B,northerntrustcorp
WWD,Woodward Inc,Industrials,Electrical Components & Equipment,330.31,35.1177,4.6245,25.6117,7.709489643969135,42.27,22.35,21.75,0.16,15.540000000000001,0.44575157391663983,37.1895,42.27,22.35,37.1895,0.44575157391663983,21.75,0.16,15.540000000000001,19.855072463768117,87.79676561006485,68.40579710144927,66.47058823529412,50.0,57.91868816037615,0.11304347826086956,0.9478260869565217,0.6978260869565217,0.6782608695652174,D,A,B-,B-,woodwardinc
AEE,Ameren Corp,Utilities,Multi-Utilities,99.39,17.5237,3.1306,12.8994,2.04995039610924,24.77,3.76,11.700000000000001,0.2492,4.58,0.12965517241379346,-1.1594,24.77,3.76,-1.1594,0.12965517241379346,11.700000000000001,0.2492,4.58,50.57471264367817,59.40795605042429,70.6896551724138,53.53215284249768,50.0,57.90411373260738,0.5344827586206896,0.6206896551724138,0.8103448275862069,0.5344827586206896,C+,B-,B+,C+,amerencorp
KVUE,Kenvue Inc,Consumer Staples,Personal Care Products,17.8,20.401,2.1953,12.8855,3.1683309303857174,17.17,1.76,15.58,0.1707,8.59,0.6186579378068742,4.4484,17.17,1.76,4.4484,0.6186579378068742,15.58,0.1707,8.59,47.417840375586856,57.563651137594796,61.502347417840376,70.50469483568075,50.0,57.84371614301192,0.47183098591549294,0.5633802816901409,0.6901408450704225,0.6901408450704225,C,C+,B-,B-,kenvueinc
GATX,GATX Corp,Industrials,Construction Machinery & Heavy Transportation Equipment,183.73,17.9482,3.2195,15.7993,2.364677461494999,15.6,22.81,13.350000000000001,0.2897,2.5700000000000003,0.6040986579615523,5.7006,15.6,22.81,5.7006,0.6040986579615523,13.350000000000001,0.2897,2.5700000000000003,51.88405797101449,76.20406968233056,50.57971014492753,59.78919631093544,50.0,57.814595227638705,0.5717391304347826,0.8739130434782608,0.49130434782608695,0.5739130434782609,C+,B+,C,C+,gatxcorp
ACT,Enact Holdings Inc,Financials,Commercial & Residential Mortgage Finance,46.97,9.5074,5.1822,7.412,1.2473079445841555,7.78,2.49,12.76,0.7311,11.21,0.7744974874371857,23.9294,7.78,2.49,23.9294,0.7744974874371857,12.76,0.5825935199999999,11.21,76.09649122807018,20.72596122030309,51.75438596491229,83.3714721586575,50.0,57.78220597403774,0.8859649122807017,0.09649122807017543,0.5175438596491229,0.8421052631578947,B+,D-,C+,B+,enactholdingsinc
PLMR,Palomar Holdings Inc,Financials,Property & Casualty Insurance,123.99,16.1604,3.0317,14.3754,3.488264139159204,30.94,60.67,21.61,0.2408,18.66,0.49519225633893665,7.3485,30.94,60.67,7.3485,0.49519225633893665,21.61,0.2408,18.66,28.289473684210527,72.55076660355644,78.94736842105263,57.27856225930681,50.0,57.775076298888436,0.23684210526315788,0.8771929824561403,0.7894736842105263,0.5964912280701754,D+,B+,B,C+,palomarholdingsinc
ADP,Automatic Data Processing Inc,Industrials,Human Resource & Employment Services,263.67,23.7472,4.7753,16.5821,17.390874193676048,9.61,6.74,70.19999999999999,0.2633,37.36,0.7110839062058575,-8.8275,9.61,6.74,-8.8275,0.7110839062058575,68.73749999999994,0.2633,28.302999999999987,39.27536231884058,45.19429845516802,95.94202898550725,49.47204968944099,50.0,57.73761745500876,0.3630434782608696,0.3826086956521739,1.0,0.4652173913043478,C-,C-,A+,C,automaticdataprocessinginc
PLAB,Photronics Inc,Information Technology,Semiconductor Materials & Equipment,30.4,10.8106,2.0589,4.5305,1.492896464683668,60.21,1.25,13.459999999999999,0.22460000000000002,13.44,0.2878998609179415,21.3268,60.21,1.25,21.3268,0.2878998609179415,13.459999999999999,0.22460000000000002,13.44,91.85134518923849,44.49248543942683,62.69379844961241,25.986104985654038,50.0,57.7320039947289,0.9534883720930233,0.4069767441860465,0.6627906976744186,0.20348837209302326,A,C,B-,D+,photronicsinc
ASTH,Astrana Health Inc,Health Care,Health Care Facilities,36.37,44.2619,0.4669,13.7683,2.2815095475873832,58.83,58.91,5.09,0.0276,2.2399999999999998,0.5456443914081145,24.2402,58.83,45.09250000000003,24.2402,0.5456443914081145,5.09,0.0276,2.2399999999999998,67.45032703936813,88.94317341448863,28.378378378378375,54.82882882882883,50.0,57.71157680310012,0.7432432432432432,0.9662162162162162,0.25675675675675674,0.5472972972972973,B,A,D+,C+,astranahealthinc
CHEF,Chefs' Warehouse Inc,Consumer Staples,Food Distributors,110.27,48.9557,1.0252,24.2322,7.422939960822063,32.46,11.16,13.54,0.039599999999999996,6.01,0.8854926299456942,85.6662,32.46,11.16,67.46195,0.80919426818271,13.54,0.039599999999999996,6.01,28.16901408450704,82.9815817984832,38.497652582159624,97.10985915492958,50.0,57.684954857349226,0.23943661971830985,0.9295774647887324,0.31690140845070425,0.9859154929577465,D+,A-,C-,A+,chefswarehouseinc
MAR,Marriott International Inc,Consumer Discretionary,"Hotels, Resorts & Cruise Lines",352.03,35.5179,3.4153,23.9262,192.5028708918904,8.84,4.72,309.12,0.158,25.790000000000003,0.6177538581247566,34.0925,8.84,4.72,34.0925,0.6177538581247566,212.06300000000016,0.158,25.790000000000003,11.38211382113821,53.45041957988171,85.12394633148786,89.26829268292684,50.0,57.67025749071823,0.039634146341463415,0.5182926829268293,0.9390243902439024,0.8963414634146342,F,C+,A,B+,marriottinternationalinc
SXT,Sensient Technologies Corp,Materials,Specialty Chemicals,129.22,34.8194,3.2289,20.6734,4.576411048267997,16.57,8.12,13.020000000000001,0.1405,8.1,0.8292422625400214,29.3323,16.57,8.12,29.3323,0.827452802210118,13.020000000000001,0.1405,8.1,28.43137254901961,64.91596638655463,65.68627450980391,80.7563025210084,50.0,57.66386554621848,0.16911764705882354,0.7205882352941176,0.6617647058823529,0.8382352941176471,D,B,B-,B+,sensienttechnologiescorp
NDSN,Nordson Corp,Industrials,Industrial Machinery & Supplies & Components,325.77,32.4292,6.042,21.2459,5.985426404444836,24.24,7.02,17.59,0.2607,10.94,0.8874841972187103,44.8817,24.24,7.02,44.8817,0.8723212715732392,17.59,0.2607,10.94,21.739130434782606,57.502565921340405,68.69565217391305,92.55259467040673,50.0,57.61972777052334,0.13478260869565217,0.6130434782608696,0.7152173913043478,0.9565217391304348,D,B-,B,A,nordsoncorp
AWI,Armstrong World Industries Inc,Industrials,Building Products,162.81,21.7192,4.0392,13.0853,7.757585575970115,8.16,8.57,35.36,0.2579,22.919999999999998,0.22455197132616486,-15.9818,8.16,8.57,-15.9818,0.22455197132616486,35.36,0.2579,22.919999999999998,51.88405797101449,56.78467997494621,88.40579710144927,30.880169671261932,50.0,57.60543369735757,0.5717391304347826,0.5782608695652174,0.9608695652173913,0.26521739130434785,C+,C+,A,D+,armstrongworldindustriesinc
PNW,Pinnacle West Capital Corp,Utilities,Multi-Utilities,91.74,17.1883,1.9809,10.7808,1.5740844007103454,7.43,5.69,9.04,0.2052,3.5700000000000003,0.23089108910891082,4.5215,7.43,5.69,4.5215,0.23089108910891082,9.04,0.2052,3.5700000000000003,74.13793103448275,56.086394924870426,35.05747126436781,70.3821062441752,50.0,57.592550808521764,0.8448275862068966,0.603448275862069,0.29310344827586204,0.6896551724137931,B+,B-,D+,B-,pinnaclewestcapitalcorp
FSS,Federal Signal Corp,Industrials,Construction Machinery & Heavy Transportation Equipment,114.75,24.2434,2.8265,17.4835,5.05664767394207,29.03,23.97,20.22,0.16149999999999998,15.370000000000001,0.40705176294073525,-7.0392,29.03,23.97,-7.0392,0.40705176294073525,20.22,0.16149999999999998,15.370000000000001,44.05797101449275,86.28312106572976,67.68115942028986,36.96969696969697,50.0,57.585346215781,0.43043478260869567,0.9434782608695652,0.691304347826087,0.34782608695652173,C,A,B-,C-,federalsignalcorp
DXPE,DXP Enterprises Inc,Industrials,Trading Companies & Distributors,192.1,33.044,1.439,18.3953,5.978984848673481,8.39,11.47,18.27,0.08800000000000001,7.24,0.8717328170377541,62.8708,8.39,11.47,62.8708,0.8717328170377541,18.27,0.08800000000000001,7.24,43.188405797101446,59.80848861283644,44.71014492753623,92.84057971014494,50.0,57.5044513457557,0.4,0.6391304347826087,0.41739130434782606,0.9652173913043478,C-,B-,C,A,dxpenterprisesinc
UFPT,UFP Technologies Inc,Health Care,Health Care Equipment,295.65,31.6773,3.6257,21.597,5.379954143465444,7.53,7.32,16.72,0.1525,12.76,0.7387928419775552,54.3569,7.53,7.32,54.3569,0.7387928419775552,16.72,0.1525,12.76,47.288041466123666,40.470146598141426,66.21621621621621,80.02162162162163,50.0,57.47441806453759,0.4864864864864865,0.34459459459459457,0.6959459459459459,0.8581081081081081,C,C-,B-,B+,ufptechnologiesinc
WST,West Pharmaceutical Services Inc,Health Care,Health Care Supplies,370.44,46.4834,7.893,30.2885,8.397886246318954,17.22,12.38,18.509999999999998,0.2045,17.330000000000002,0.9040513041869642,43.7255,17.22,12.38,43.7255,0.9040513041869642,18.509999999999998,0.2045,17.330000000000002,27.62557077625571,63.04875743571147,74.54954954954955,71.56059285091543,50.0,57.465650138776695,0.21621621621621623,0.7094594594594594,0.7736486486486487,0.7027027027027027,D+,B,B,B,westpharmaceuticalservicesinc
GRBK,Green Brick Partners Inc,Consumer Discretionary,Homebuilding,68.79,10.0243,1.4522,7.9698,1.5988155888587263,-15.18,-5.93,15.42,0.1893,13.28,0.36719437115215503,-3.8712,-15.18,-5.93,-3.8712,0.36719437115215503,15.42,0.1893,13.28,66.869918699187,38.56404458084316,60.36710060352138,64.71080139372822,50.0,57.464224020591374,0.7073170731707317,0.27439024390243905,0.6036585365853658,0.6524390243902439,B,D+,B-,B-,greenbrickpartnersinc
BKH,Black Hills Corp,Utilities,Multi-Utilities,70.46,17.9033,2.3131,11.5858,1.390865609535108,0.03,2.45,7.7299999999999995,0.2371,3.55,0.5748966942148758,16.4724,0.03,2.45,15.097184999999998,0.5748966942148758,7.7299999999999995,0.2371,3.55,66.66666666666667,36.7513611615245,36.7816091954023,95.68499534016775,50.0,57.34934026585569,0.7068965517241379,0.22413793103448276,0.3275862068965517,0.9655172413793104,B,D+,C-,A,blackhillscorp
APOG,Apogee Enterprises Inc,Industrials,Building Products,37.15,11.0977,0.5415,6.617,1.5403369253796941,35.74,1.79,13.43,0.0688,9.02,0.31790816427904384,-18.9868,35.74,1.79,-18.9868,0.31790816427904384,13.43,0.0688,9.02,94.05797101449275,61.90210414689959,39.56521739130435,32.6829268292683,50.0,57.32280329668285,0.991304347826087,0.6782608695652174,0.35434782608695653,0.28695652173913044,A+,B-,C-,D+,apogeeenterprisesinc
MTB,M&T Bank Corp,Financials,Regional Banks,221.19,10.4703,2.1162,,1.1510342864487686,21.96,86.15662,10.66,0.4064285,6.77,0.571868456706491,9.637,21.96,85.74899399999997,9.637,0.571868456706491,10.66,0.4064285,6.77,76.09649122807016,74.82579079825791,36.18421052631579,46.40013495276653,50.0,57.31536058880138,0.881578947368421,0.8859649122807017,0.3618421052631579,0.4824561403508772,B+,B+,C-,C,mtbankcorp
WMG,Warner Music Group Corp,Communication Services,Movies & Entertainment,27.14,21.1063,1.9419,12.9613,21.913605167541384,123.91,12.91,90.84,0.136,12.72,0.31456953642384106,-18.3789,123.91,12.91,-18.3789,0.31456953642384106,61.43849999999995,0.136,12.72,40.6827880512091,88.02373802373802,72.36842105263158,32.1753332279648,50.0,57.30261652630073,0.39473684210526316,0.9210526315789473,0.868421052631579,0.2631578947368421,C-,A-,B+,D+,warnermusicgroupcorp
CPF,Central Pacific Financial Corp,Financials,Regional Banks,36.85,11.4566,1.82951,,1.6401395787712083,39.7,22.86278,14.000000000000002,0.3274692,12.61,0.6958170155548536,18.5766,39.7,22.86278,18.5766,0.6958170155548536,14.000000000000002,0.3274692,12.61,56.35964912280702,46.54776436547765,57.89473684210527,71.81848852901484,50.0,57.23684707012657,0.5657894736842105,0.40789473684210525,0.5789473684210527,0.7324561403508771,C+,C,C+,B,centralpacificfinancialcorp
GNTX,Gentex Corp,Consumer Discretionary,Automotive Parts & Equipment,22.58,11.6864,1.8113,7.5193,1.9554185357742868,6.8,10.13,16.24,0.1902,16.220000000000002,0.24618991793669373,-21.9014,6.8,10.13,-21.9014,0.24618991793669373,16.24,0.1902,16.220000000000002,61.89024390243902,64.09100239595112,64.04683525362861,39.603658536585364,50.0,57.223201975524205,0.6524390243902439,0.7012195121951219,0.6524390243902439,0.36585365853658536,B-,B,B-,C-,gentexcorp
SMP,Standard Motor Products Inc,Consumer Discretionary,Automotive Parts & Equipment,37.69,16.4167,0.4561,6.7493,1.2208315518067918,26.88,11.32,7.359999999999999,0.0839,3.9,0.2915601023017899,-5.7561,26.88,11.32,-5.7561,0.2915601023017899,7.359999999999999,0.0839,3.9,73.17073170731707,81.15952928982932,27.9290737692653,53.445121951219505,50.0,57.19588161735536,0.8353658536585366,0.8963414634146342,0.23780487804878048,0.5121951219512195,B+,B+,D+,C+,standardmotorproductsinc
IT,Gartner Inc,Information Technology,IT Consulting & Other Services,187.9,14.7066,1.7641,9.8829,41.61406772528957,-31.45,0.68,119.82,0.1725,22.17,0.4495056497175141,-31.7708,-31.45,0.68,-31.7708,0.4495056497175141,118.70899999999997,0.1725,22.17,87.3734610123119,20.570749108204517,80.81395348837209,30.113535643438993,50.0,57.1837105754997,0.9127906976744186,0.09302325581395349,0.8313953488372093,0.25,A-,D-,B+,D+,gartnerinc
AMAT,Applied Materials Inc,Information Technology,Semiconductor Materials & Equipment,485.0,41.3592,12.4291,39.5928,18.839341205717837,38.36,7.77,40.44,0.2964,31.47,0.5314000772811747,135.4299,38.36,7.77,135.4299,0.5314000772811747,40.44,0.2964,31.47,34.05380756953944,45.232820896053525,83.52713178294574,68.66984805012248,50.0,57.1757686273565,0.32558139534883723,0.4186046511627907,0.8662790697674418,0.7209302325581395,C-,C,B+,B,appliedmaterialsinc
BAC,Bank of America Corp,Financials,Diversified Banks,56.7,11.6496,2.32875,,1.3485775717517001,25.82,99.36713,11.129999999999999,0.3273721,3.3000000000000003,0.5537817325307515,8.3752,25.82,85.74899399999997,8.3752,0.5537817325307515,11.129999999999999,0.3273721,3.3000000000000003,62.719298245614034,79.15553300637013,39.91228070175439,53.22936972059779,50.0,57.13487528223569,0.6447368421052632,0.9254385964912281,0.3991228070175439,0.5657894736842105,B-,A-,C-,C+,bankofamericacorp
DGX,Quest Diagnostics Inc,Health Care,Health Care Services,236.32,24.6932,2.2685,17.5408,3.6255519178666438,13.01,9.87,14.49,0.141,8.18,0.8387844450167395,26.6406,13.01,9.87,26.6406,0.8387844450167395,14.49,0.141,8.18,62.19610020979885,48.14603478320292,56.306306306306304,64.14864864864865,50.0,57.0845383153966,0.6554054054054054,0.4594594594594595,0.5405405405405406,0.6351351351351351,B-,C,C+,B-,questdiagnosticsinc
R,Ryder System Inc,Industrials,Cargo Ground Transportation,235.57,18.2666,0.7068,6.0075,3.042435498223513,4.74,1.12,16.7,0.07780000000000001,4.66,0.6154210775793965,27.9933,4.74,1.12,27.9933,0.6154210775793965,16.7,0.07780000000000001,4.66,86.95652173913044,37.312252964426875,36.52173913043478,68.69565217391305,50.0,57.07114624505929,0.9347826086956522,0.2782608695652174,0.30869565217391304,0.7086956521739131,A,D+,C-,B,rydersysteminc
MSA,MSA Safety Inc,Industrials,Office Services & Supplies,182.46,22.4251,3.618,15.2461,5.193807055447862,14.65,6.48,23.150000000000002,0.21230000000000002,16.0,0.5422937208095486,7.3825,14.65,6.48,7.3825,0.5422937208095486,23.150000000000002,0.21230000000000002,16.0,47.53623188405797,52.92604979561501,76.81159420289856,51.87290969899665,50.0,57.04674842066146,0.47391304347826085,0.508695652173913,0.8195652173913044,0.4956521739130435,C,C+,B+,C,msasafetyinc
STRA,Strategic Education Inc,Consumer Discretionary,Education Services,76.83,12.7361,1.3317,6.9838,1.0718485935387745,24.75,3.53,8.19,0.1401,8.19,0.35596605092361433,-4.4644,24.75,3.53,-4.4644,0.35596605092361433,8.19,0.1401,8.19,67.07317073170732,55.423505585030384,45.05711008030326,64.63414634146342,50.0,57.04410058830141,0.7134146341463414,0.5609756097560976,0.4146341463414634,0.6463414634146342,B,C+,C,B-,strategiceducationinc
AMP,Ameriprise Financial Inc,Financials,Asset Management & Custody Banks,493.0,11.0305,2.1951,12.1674,6.8702279438508675,29.13,9.13,61.73,0.3048,8.58,0.4702709900792331,-1.3702,29.13,9.13,-1.3702,0.4702709900792331,43.39949999999999,0.3048,8.58,39.25438596491228,48.02629536258003,97.58771929824562,41.03668261562998,50.0,57.023121911431474,0.32894736842105265,0.4517543859649123,0.9758771929824561,0.41228070175438597,C-,C,A+,C,ameriprisefinancialinc
NEU,NewMarket Corp,Materials,Specialty Chemicals,898.04,18.9018,2.9869,13.2396,4.745811796252032,-7.85,-1.31,24.63,0.1997,16.509999999999998,0.7918033501192023,9.1547,-7.85,-1.31,9.1547,0.7918033501192023,24.63,0.1997,16.509999999999998,47.54901960784314,31.162464985994397,86.76470588235293,61.008403361344534,50.0,57.0126050420168,0.5,0.14705882352941177,0.9117647058823529,0.5882352941176471,C,D,A-,C+,newmarketcorp
ALLY,Ally Financial Inc,Financials,Consumer Finance,38.79,8.105,0.88959,,0.7721277603716723,325.79,37.40411,9.42,0.158682,4.3999999999999995,0.2524186455584871,-7.696,182.343,37.40411,-7.696,0.2524186455584871,9.42,0.158682,4.3999999999999995,93.2017543859649,86.08103725612287,27.631578947368425,22.828282828282827,50.0,56.99019735021447,0.9824561403508771,0.9780701754385965,0.27631578947368424,0.21052631578947367,A+,A+,D+,D+,allyfinancialinc
TCBI,Texas Capital Bancshares Inc,Financials,Regional Banks,95.82,11.346,1.94001,,1.167706374614146,184.53,62.22861,10.040000000000001,0.3685057,8.36,0.6090719188301997,10.0163,182.343,62.22861,10.0163,0.6090719188301997,10.040000000000001,0.3685057,8.36,70.17543859649123,83.92136473921366,31.57894736842105,48.836032388663966,50.0,56.9900759168036,0.7785087719298246,0.9605263157894737,0.3157894736842105,0.5307017543859649,B,A,C-,C+,texascapitalbancsharesinc
CIEN,Ciena Corp,Information Technology,Communications Equipment,356.91,78.7335,8.5575,69.7364,18.44048215678879,362.8,32.57,22.82,0.1215,13.55,0.4430771673547158,155.1692,362.8,32.57,155.1692,0.4430771673547158,22.82,0.1215,13.55,22.929776561787506,89.98787281576966,61.33720930232558,64.17572659418724,50.0,56.89946634801965,0.1744186046511628,0.9767441860465116,0.6511627906976745,0.622093023255814,D,A+,B-,B-,cienacorp
ABNB,Airbnb Inc,Consumer Discretionary,"Hotels, Resorts & Cruise Lines",157.47,35.0393,7.1655,32.8509,11.734853565839481,6.62,13.64,33.379999999999995,0.20809999999999998,26.13,0.564597805740118,21.1174,6.62,13.64,21.1174,0.564597805740118,33.379999999999995,0.20809999999999998,26.13,6.91056910569106,70.82341109598418,78.76203301910319,81.54471544715446,50.0,56.891775839826295,0.024390243902439025,0.774390243902439,0.8536585365853658,0.8048780487804879,F,B,B+,B+,airbnbinc
QRVO,Qorvo Inc,Information Technology,Semiconductors,117.97,25.6667,2.8114,18.8046,3.0950581913966984,400.67,-0.18,11.39,0.13119999999999998,7.9,0.9324236517218972,24.7346,400.67,-0.18,24.7346,0.9324236517218972,11.39,0.13119999999999998,7.9,71.21523027815776,51.5529798126147,44.96124031007752,62.627498980008156,50.0,56.8802134055834,0.7790697674418605,0.5406976744186046,0.4418604651162791,0.5930232558139535,B,C+,C,C+,qorvoinc
FAST,Fastenal Co,Industrials,Trading Companies & Distributors,50.43,42.8876,6.6273,29.782,14.681222707423581,13.58,12.54,34.02,0.2029,32.85,0.8217999282897096,6.7101,13.58,12.54,6.7101,0.8217999282897096,34.02,0.2029,28.302999999999987,10.869565217391305,71.7512077294686,87.89855072463769,64.08695652173914,50.0,56.8596618357488,0.0391304347826087,0.8217391304347826,0.9565217391304348,0.6347826086956522,F,B+,A,B-,fastenalco
PLXS,Plexus Corp,Information Technology,Electronic Manufacturing Services,263.09,38.6874,1.5605,23.2269,4.852358029473062,15.43,14.2,12.46,0.050199999999999995,10.97,0.7487859224133004,82.0276,15.43,14.2,82.0276,0.7487859224133004,12.46,0.050199999999999995,10.97,65.92795257637938,50.742538394668216,42.63565891472869,72.84140584018185,50.0,56.85769171974703,0.7151162790697675,0.5232558139534884,0.4011627906976744,0.7965116279069767,B,C+,C,B,plexuscorp
NMIH,NMI Holdings Inc,Financials,Commercial & Residential Mortgage Finance,41.23,7.9093,4.2787,6.3638,1.2134465059333206,7.97,7.53,15.14,0.7323999999999999,13.05,0.5369747899159659,5.0013,7.97,7.53,5.0013,0.5369747899159659,15.14,0.5825935199999999,13.05,80.92105263157896,31.45589305803719,60.96491228070175,50.41952707856598,50.0,56.84657525539081,0.9254385964912281,0.22807017543859648,0.6096491228070176,0.543859649122807,A-,D+,B-,C+,nmiholdingsinc
RMD,Resmed Inc,Health Care,Health Care Equipment,222.0,21.0508,5.672,16.1769,9.779994184868322,9.76,9.85,23.880000000000003,0.3337,21.63,0.3989771043449167,-19.0744,9.76,9.85,-19.0744,0.3989771043449167,23.880000000000003,0.3337,21.63,56.38035295569542,50.47524515666109,86.93693693693693,29.448648648648646,50.0,56.81410123422004,0.6013513513513513,0.49324324324324326,0.9256756756756757,0.21621621621621623,B-,C,A-,D+,resmedinc
BCO,Brinks Co,Industrials,Security & Alarm Services,106.82,23.8531,0.7872,7.8124,15.809492799739516,16.02,8.12,64.68,0.10289999999999999,4.08,0.3479699911738745,-9.0167,16.02,8.12,-9.0167,0.3479699911738745,64.68,0.10289999999999999,4.08,78.40579710144928,59.67333793420751,52.89855072463769,35.23809523809524,50.0,56.8083735909823,0.8478260869565217,0.6347826086956522,0.5173913043478261,0.3217391304347826,B+,B-,C+,C-,brinksco
BG,Bunge Global SA,Consumer Staples,Agricultural Products & Services,109.0,20.7019,0.227,12.3223,1.325550285783777,-48.66,80.53,6.329999999999999,0.0209,3.25,0.5408715718469866,39.524,-48.66,29.355,39.524,0.5408715718469866,6.329999999999999,0.0209,3.25,71.36150234741784,56.97228241242326,26.760563380281692,79.37793427230048,50.0,56.80055976886963,0.823943661971831,0.5492957746478874,0.18309859154929578,0.8028169014084507,B+,C+,D,B+,bungeglobalsa
HIG,Hartford Insurance Group Inc,Financials,Property & Casualty Insurance,124.23,7.7597,1.1705,7.3862,1.81264518087056,40.07,5.69,22.99,0.1759,18.69,0.15154458908101828,-4.672,40.07,5.69,-4.672,0.15154458908101828,22.99,0.1759,18.69,68.64035087719299,44.50681219140958,81.14035087719299,27.257167308515193,50.0,56.79797133858145,0.7521929824561403,0.37719298245614036,0.8114035087719298,0.25877192982456143,B,C-,B+,D+,hartfordinsurancegroupinc
MS,Morgan Stanley,Financials,Investment Banking & Brokerage,196.31,15.1925,2.3774,37.2337,2.783484836239325,38.56,13.96,17.83,0.203,1.96,0.5530406665837583,24.3476,38.56,13.96,24.3476,0.5530406665837583,17.83,0.203,1.96,32.23684210526316,58.2634971796938,69.73684210526315,73.21981424148606,50.0,56.79008333686755,0.2543859649122807,0.6666666666666666,0.6973684210526315,0.75,D+,B-,B-,B,morganstanley
HWM,Howmet Aerospace Inc,Industrials,Aerospace & Defense,232.48,49.5528,10.1693,34.7292,17.442322842030237,35.22,18.08,34.410000000000004,0.272,20.13,0.38559086946183707,20.5867,35.22,18.08,20.5867,0.38559086946183707,34.410000000000004,0.272,20.13,7.6811594202898545,74.90942028985506,87.39130434782608,64.98964803312629,50.0,56.747929606625256,0.021739130434782608,0.8652173913043478,0.9521739130434783,0.6478260869565218,F,B+,A,B-,howmetaerospaceinc
ADUS,Addus Homecare Corp,Health Care,Health Care Services,113.19,19.9394,1.4222,12.5002,1.9313063063063063,25.89,15.88,9.569999999999999,0.10039999999999999,8.73,0.6916963551657989,0.2267,25.89,15.88,0.2267,0.6916963551657989,9.569999999999999,0.10039999999999999,8.73,76.48710354189807,62.09314244712474,50.0,38.44594594594595,50.0,56.72959356408866,0.831081081081081,0.668918918918919,0.47297297297297297,0.33783783783783783,B+,B-,C,C-,addushomecarecorp
PLUS,ePlus inc,Information Technology,Technology Distributors,90.51,19.1233,0.9756,10.0229,2.2267435566883496,6.85,13.54,11.78,0.0688,11.78,0.735894773277951,27.1586,6.85,13.54,27.1586,0.735894773277951,11.78,0.0688,11.78,88.53397172822616,42.599971022891914,44.37984496124031,49.79600163198694,50.0,56.707648703342386,0.936046511627907,0.38953488372093026,0.42151162790697677,0.436046511627907,A,C-,C,C,eplusinc
IBM,International Business Machines Corp,Information Technology,IT Consulting & Other Services,225.51,19.8878,3.0864,22.4009,6.472026587226422,82.66,7.9,33.51,0.15109999999999998,11.27,0.19749380955954077,-15.1273,82.66,7.9,-15.1273,0.19749380955954077,33.51,0.15109999999999998,11.27,70.01139990880073,62.40120304959082,64.34108527131782,28.14108245754723,50.0,56.696578396457255,0.7732558139534884,0.6395348837209303,0.686046511627907,0.21511627906976744,B,B-,B-,D+,internationalbusinessmachinescorp
CHD,Church & Dwight Co Inc,Consumer Staples,Household Products,96.38,30.4355,3.6391,20.9741,5.696621509799749,46.61,2.69,17.78,0.1747,11.62,0.6090651558073651,10.1273,46.61,2.69,10.1273,0.6090651558073651,17.78,0.1747,11.62,22.065727699530516,73.30584000279595,69.01408450704226,71.32212630622445,50.0,56.695546313447274,0.14788732394366197,0.8873239436619719,0.7183098591549296,0.7183098591549296,D,B+,B,B,churchdwightcoinc
AEP,American Electric Power Company Inc,Utilities,Electric Utilities,118.35,20.5124,2.8903,13.354,2.0532117540517754,-15.36,10.6,10.0,0.2352,3.8600000000000003,0.342307692307692,9.4877,-15.36,10.6,9.4877,0.342307692307692,10.0,0.2352,3.8600000000000003,43.10344827586207,47.53589187434524,58.62068965517241,83.73423044575273,50.0,56.68505894677821,0.47413793103448276,0.43103448275862066,0.5862068965517241,0.8620689655172413,C,C,C+,B+,americanelectricpowercompanyinc
PNC,PNC Financial Services Group Inc,Financials,Diversified Banks,225.64,11.7429,2.34179,,1.454040239358583,22.76,72.26733,12.34,0.345423,7.13,0.5940545808966862,9.4375,22.76,72.26733,9.4375,0.5940545808966862,12.34,0.345423,7.13,58.114035087719294,65.49354529567618,48.68421052631579,59.40220922677063,50.0,56.67871230799813,0.5964912280701754,0.7763157894736842,0.4868421052631579,0.6271929824561403,C+,B,C,B-,pncfinancialservicesgroupinc
BGC,Bgc Group Inc,Financials,Investment Banking & Brokerage,11.84,27.4922,1.6598,13.2701,5.7542768273716955,31.58,27.6,19.2,0.1155,7.02,0.7735644637053088,26.0417,31.58,27.6,26.0417,0.7735644637053088,19.2,0.1155,7.02,13.596491228070175,64.69155698809203,72.36842105263158,86.20227038183695,50.0,56.66999354416124,0.07456140350877193,0.7631578947368421,0.7236842105263158,0.8947368421052632,D-,B,B,B+,bgcgroupinc
LCII,LCI Industries,Consumer Discretionary,Automotive Parts & Equipment,84.51,9.7659,0.5122,6.3792,1.5027980745121818,43.49,4.05,15.25,0.0747,9.15,0.01481384373361313,-13.5183,43.49,4.05,-13.5183,0.021136284678391015,15.25,0.0747,9.15,83.9430894308943,70.2075761858612,41.23397675694548,31.265243902439025,50.0,56.58883056462,0.9237804878048781,0.7621951219512195,0.38414634146341464,0.3048780487804878,A-,B,C-,C-,lciindustries
NXT,Nextpower Inc,Industrials,Electrical Components & Equipment,80.85,20.4254,3.3424,15.4311,5.174068859592986,6.1,16.97,26.32,0.1934,26.32,0.12384197636034497,9.9093,6.1,16.97,9.9093,0.12384197636034497,26.32,0.1934,26.32,49.56521739130435,61.04738777373048,81.73913043478261,32.73657289002557,50.0,56.58287908927295,0.5152173913043478,0.6652173913043479,0.8826086956521739,0.29130434782608694,C+,B-,B+,D+,nextpowerinc
BURL,Burlington Stores Inc,Consumer Discretionary,Apparel Retail,254.69,22.4133,1.3103,12.2079,8.8385538489301,31.44,10.89,39.82,0.0786,18.89,0.18378663850013208,-4.6188,31.44,10.89,-4.6188,0.18378663850013208,39.82,0.0786,18.89,38.61788617886179,77.34336272341943,61.98251783131329,54.71825063078217,50.0,56.56242367338409,0.3932926829268293,0.8536585365853658,0.6402439024390244,0.5304878048780488,C-,B+,B-,C+,burlingtonstoresinc
SIGI,Selective Insurance Group Inc,Financials,Property & Casualty Insurance,86.12,10.2551,0.9328,8.7347,1.4335891332212476,31.24,7.09,13.87,0.1193,11.09,0.48298334540188276,8.7974,31.24,7.09,8.7974,0.48298334540188276,13.87,0.1193,11.09,67.76315789473685,41.20169283884619,56.79824561403509,60.89858793324775,50.0,56.560407031611774,0.7390350877192983,0.33771929824561403,0.5679824561403509,0.6447368421052632,B,C-,C+,B-,selectiveinsurancegroupinc
RRC,Range Resources Corp,Energy,Oil & Gas Exploration & Production,38.61,10.4774,2.7559,7.156,2.1050508134513892,82.05,16.85,19.3,0.3115,15.690000000000001,0.3793985924504158,6.2721,82.05,16.85,6.2721,0.3793985924504158,19.3,0.3115,15.690000000000001,54.166666666666664,70.72672679982196,75.0,25.539772727272727,50.0,56.544966572085606,0.578125,0.8125,0.859375,0.21875,C+,B+,B+,D+,rangeresourcescorp
TRMK,Trustmark Corp,Financials,Regional Banks,46.04,11.525,1.83041,,1.2805571703135474,11.12,75.48011,11.01,0.133748,7.95,0.7663772691397001,14.1689,11.12,75.48011,14.1689,0.7663772691397001,11.01,0.133748,7.95,65.5701754385965,57.549316575493165,39.25438596491228,69.02496626180837,50.0,56.5209969183375,0.706140350877193,0.6447368421052632,0.3925438596491228,0.7017543859649122,B,B-,C-,B,trustmarkcorp
TMDX,Transmedics Group Inc,Health Care,Health Care Equipment,85.29,19.4315,4.4097,35.5545,6.177748804867449,105.49,25.82,32.97,0.12210000000000001,13.239999999999998,0.2626310026591585,-28.5532,105.49,25.82,-28.5532,0.2626310026591585,32.97,0.12210000000000001,13.239999999999998,45.84413180303591,91.18962670851296,70.72072072072072,20.648648648648646,50.0,56.50886820237148,0.46621621621621623,0.9932432432432432,0.7162162162162162,0.16216216216216217,C,A+,B,D,transmedicsgroupinc
VRTX,Vertex Pharmaceuticals Inc,Health Care,Biotechnology,526.19,30.4562,10.6589,25.2667,7.160021771669616,22.46,10.23,23.31,0.3795,23.28,0.8169604471195188,38.7021,22.46,10.23,38.7021,0.8169604471195188,23.31,0.3795,23.28,35.76453165494261,51.445803591301015,88.06306306306305,51.09833237492813,50.0,56.46572587274724,0.35135135135135137,0.5135135135135135,0.9324324324324325,0.49324324324324326,C-,C+,A,C,vertexpharmaceuticalsinc
ENSG,Ensign Group Inc,Health Care,Health Care Facilities,175.18,26.8001,1.8498,17.2296,4.559402629243371,15.73,18.89,16.54,0.0852,15.58,0.4396754776236587,5.2171,15.73,18.89,5.2171,0.4396754776236587,16.54,0.0852,15.58,63.78810317166482,62.391937253090745,61.26126126126126,38.5945945945946,50.0,56.4596474777686,0.6824324324324325,0.6756756756756757,0.5945945945945946,0.34459459459459457,B-,B-,C+,C-,ensigngroupinc
AYI,Acuity Inc,Industrials,Electrical Components & Equipment,319.42,19.872,2.0375,11.6307,3.5987336495453985,18.78,10.5,16.85,0.1449,13.209999999999999,0.5066190205473889,-9.5701,18.78,10.5,-9.5701,0.5066190205473889,16.85,0.1449,13.209999999999999,65.65217391304348,64.5734842026402,59.71014492753623,36.010230179028135,50.0,56.4573225864786,0.7304347826086957,0.7478260869565218,0.6086956521739131,0.33043478260869563,B,B,B-,C-,acuityinc
FCF,First Commonwealth Financial Corp,Financials,Regional Banks,20.91,12.6154,2.8444,,1.3834488964166622,24.94,56.90718,10.83,0.3913255,9.35,0.8049029622063328,20.3448,24.94,56.90718,20.3448,0.8049029622063328,10.83,0.3913255,9.35,56.140350877192986,61.00275781002759,37.719298245614034,78.88663967611336,50.0,56.44279177792995,0.5614035087719298,0.706140350877193,0.37719298245614036,0.7894736842105263,C+,B,C-,B,firstcommonwealthfinancialcorp
KEY,KeyCorp,Financials,Regional Banks,20.61,10.7554,1.67174,,1.1147892123454386,2512.15,57.09544,10.12,0.233279,6.0,0.5450954575378537,7.8849,182.343,57.09544,7.8849,0.5450954575378537,10.12,0.233279,6.0,75.87719298245614,81.63313591633136,32.45614035087719,40.16194331983806,50.0,56.44234918056722,0.8771929824561403,0.9342105263157895,0.32456140350877194,0.40350877192982454,B+,A,C-,C,keycorp
NTCT,Netscout Systems Inc,Information Technology,Communications Equipment,39.44,23.6541,3.242,13.2053,1.708986913944016,63.1,5.79,7.42,0.1482,7.42,0.7091633466135456,51.6029,63.1,5.79,51.6029,0.7091633466135456,7.42,0.1482,7.42,74.15640674874602,49.987656809943665,40.89147286821706,63.27597379220966,50.0,56.41469602467144,0.8023255813953488,0.5,0.36627906976744184,0.6046511627906976,B+,C,C-,B-,netscoutsystemsinc
NBTB,NBT Bancorp Inc,Financials,Regional Banks,51.57,12.4543,3.28773,,1.4197264060301895,47.49,32.08138,11.26,0.31040870000000004,9.49,0.8084967320261438,19.5185,47.49,32.08138,19.5185,0.8084967320261438,11.26,0.31040870000000004,9.49,55.26315789473685,56.02197206021972,41.885964912280706,79.46356275303644,50.0,56.38438766440562,0.5526315789473685,0.618421052631579,0.41885964912280704,0.7982456140350878,C+,B-,C,B,nbtbancorpinc
TXN,Texas Instruments Inc,Information Technology,Semiconductors,278.07,41.5986,12.9417,27.9594,15.49861773754849,20.26,16.66,35.77,0.3729,19.54,0.6913403199117486,46.7415,20.26,16.66,46.7415,0.6913403199117486,35.77,0.3729,19.54,37.986776105791144,47.07060755336617,82.17054263565892,59.648470012239905,50.0,56.38314519848373,0.3488372093023256,0.45930232558139533,0.8488372093023255,0.5523255813953488,C-,C,B+,C+,texasinstrumentsinc
WTFC,Wintrust Financial Corp,Financials,Regional Banks,146.11,10.9138,2.29791,,1.3481319362684492,20.25,79.30369,12.33,0.38857909999999996,10.85,0.5566642159437036,9.5574,20.25,79.30369,9.5574,0.5566642159437036,12.33,0.38857909999999996,10.85,66.2280701754386,68.35420528354206,48.24561403508772,45.219298245614034,50.0,56.3331217584628,0.7149122807017544,0.8114035087719298,0.4824561403508772,0.4692982456140351,B,B+,C,C,wintrustfinancialcorp
GL,Globe Life Inc,Financials,Life & Health Insurance,167.04,10.6091,2.0769,9.4969,2.2113197755849328,20.3,5.24,20.28,0.2644,13.87,0.6152276295133436,15.1484,20.3,5.24,15.1484,0.6152276295133436,20.28,0.2644,13.87,55.04385964912281,32.95723474247557,75.87719298245614,60.05659309564233,50.0,56.33302872551832,0.543859649122807,0.2543859649122807,0.7587719298245614,0.631578947368421,C+,D+,B,B-,globelifeinc
AFL,Aflac Inc,Financials,Life & Health Insurance,113.72,11.6911,3.1439,9.8498,2.0001829221103584,110.97,13.64,16.42,0.33340000000000003,12.809999999999999,0.334409035901573,6.4677,110.97,13.64,6.4677,0.334409035901573,16.42,0.33340000000000003,12.809999999999999,51.75438596491228,73.31860362350862,65.78947368421053,36.35540464063384,50.0,56.3207665651092,0.5,0.881578947368421,0.6578947368421053,0.36403508771929827,C,B+,B-,C-,aflacinc
FFIV,F5 Inc,Information Technology,Communications Equipment,443.06,35.0756,7.7003,26.1,7.115109450251564,10.69,9.41,19.86,0.247,19.86,0.9205003357958361,37.6244,10.69,9.41,37.6244,0.9205003357958361,19.86,0.247,19.86,47.29594163246694,37.169356796366166,73.44961240310077,68.42009263925888,50.0,56.30427839601694,0.46511627906976744,0.3081395348837209,0.75,0.7151162790697675,C,C-,B,B,f5inc
UBSI,United Bankshares Inc,Financials,Regional Banks,46.86,12.4247,4.20702,,1.192651677500471,29.39,50.64327,9.39,0.4541967,8.67,0.8221649484536083,23.9808,29.39,50.64327,23.9808,0.8221649484536083,9.39,0.4541967,8.67,63.815789473684205,56.47618186476182,27.192982456140353,86.26855600539812,50.0,56.30114055648813,0.6578947368421053,0.6271929824561403,0.2719298245614035,0.8991228070175439,B-,B-,D+,B+,unitedbanksharesinc
PGNY,Progyny Inc,Health Care,Health Care Services,25.44,24.8233,1.4892,15.2648,4.10978821020662,58.09,5.54,15.98,0.0855,15.98,0.5505452402004127,19.6774,58.09,5.54,19.6774,0.5505452402004127,15.98,0.0855,15.98,68.99913612242379,47.72059828475757,61.26126126126127,45.932432432432435,50.0,56.295705489359264,0.7635135135135135,0.44594594594594594,0.6013513513513513,0.4189189189189189,B,C,B-,C,progynyinc
AGCO,AGCO Corp,Industrials,Agricultural & Farm Machinery,118.02,15.4355,0.7956,12.3889,2.0057817909275846,441.48,1.74,12.45,0.0739,7.7,0.43459174714661974,8.3442,172.17599999999996,1.74,8.3442,0.43459174714661974,12.45,0.0739,7.7,78.84057971014492,62.5805152979066,36.231884057971016,50.0,50.0,56.28421900161031,0.8521739130434782,0.7,0.30434782608695654,0.47391304347826085,B+,B-,C-,C,agcocorp
REYN,Reynolds Consumer Products Inc,Consumer Staples,Household Products,21.67,13.2786,1.2065,9.0027,2.0227194235202974,10.33,2.71,15.28,0.1413,9.01,0.17877906976744196,-6.4153,10.33,2.71,-6.4153,0.17877906976744196,15.28,0.1413,9.01,69.48356807511738,62.59392583790585,57.27699530516432,35.22035438437074,50.0,56.25299688952575,0.7676056338028169,0.6619718309859155,0.5774647887323944,0.29577464788732394,B,B-,C+,D+,reynoldsconsumerproductsinc
FFBC,First Financial Bancorp,Financials,Regional Banks,32.4,11.9629,2.27169,,1.1527090441409293,13.23,66.57654,10.07,0.3827952,8.790000000000001,0.70838073568449,20.914,13.23,66.57654,20.914,0.70838073568449,10.07,0.3827952,8.790000000000001,67.76315789473685,56.141627861416275,32.01754385964912,75.36774628879891,50.0,56.247050268639526,0.7390350877192983,0.6228070175438597,0.3201754385964912,0.7719298245614035,B,B-,C-,B,firstfinancialbancorp
FORM,FormFactor Inc,Information Technology,Semiconductor Materials & Equipment,129.69,87.7991,11.2364,86.265,9.72582604652558,156.16,18.01,10.96,0.1285,10.83,0.756276400733243,253.8959,156.16,18.01,253.8959,0.756276400733243,10.96,0.1285,10.83,18.848609211126313,78.82771075762429,49.224806201550386,92.30336456903487,50.0,56.24456891850101,0.11627906976744186,0.872093023255814,0.4941860465116279,0.9825581395348837,D,B+,C,A+,formfactorinc
IIIN,Insteel Industries Inc,Industrials,Building Products,29.48,15.5514,0.7994,8.4251,1.5409222534681206,16.75,17.06,9.92,0.06559999999999999,9.92,0.3449899125756557,-24.5728,16.75,17.06,-24.5728,0.3449899125756557,9.92,0.06559999999999999,9.92,84.92753623188406,75.1599970233112,35.72463768115943,30.22269353128314,50.0,56.23958158917975,0.9173913043478261,0.8695652173913043,0.3,0.2608695652173913,A-,B+,D+,D+,insteelindustriesinc
MSM,MSC Industrial Direct Co Inc,Industrials,Trading Companies & Distributors,121.22,29.1652,1.7251,16.6489,4.871618661811927,16.56,4.41,16.6,0.085,12.16,0.8211382113821137,35.7737,16.56,4.41,35.7737,0.8211382113821137,16.6,0.085,12.16,46.52173913043478,53.595583160800544,50.43478260869565,81.15942028985506,50.0,56.190131124913734,0.45217391304347826,0.5391304347826087,0.48695652173913045,0.8304347826086956,C,C+,C,B+,mscindustrialdirectcoinc
PAG,Penske Automotive Group Inc,Consumer Discretionary,Automotive Retail,209.62,14.6507,0.4307,13.5344,2.478193739374694,-0.98,4.13,16.46,0.04190000000000001,7.7700000000000005,0.7999539594843462,19.5848,-0.98,4.13,19.5848,0.7775096564870453,16.46,0.04190000000000001,7.7700000000000005,58.73983739837399,47.08851558714262,34.32091376128485,92.28120516499283,50.0,56.1391319403418,0.6158536585365854,0.4024390243902439,0.29878048780487804,0.9390243902439024,B-,C,D+,A,penskeautomotivegroupinc
BCPC,Balchem Corp,Materials,Specialty Chemicals,167.89,32.2757,4.8869,20.0113,4.280407619018481,16.69,10.14,12.790000000000001,0.20420000000000002,11.360000000000001,0.642074670243684,10.2542,16.69,10.14,10.2542,0.642074670243684,12.790000000000001,0.20420000000000002,11.360000000000001,27.45098039215686,70.26610644257704,75.0,57.19887955182073,50.0,56.10574229691878,0.11764705882352941,0.7647058823529411,0.8088235294117647,0.5588235294117647,D,B,B+,C+,balchemcorp
CAKE,Cheesecake Factory Inc,Consumer Discretionary,Restaurants,104.49,28.6739,1.3209,17.2984,11.883856879648794,13.39,5.66,38.83,0.0527,16.64,0.8146969094044304,91.2434,13.39,5.66,45.64219999999995,0.7775096564870453,38.83,0.0527,16.64,26.219512195121954,55.735283937512975,55.7696144446107,96.89198606271776,50.0,56.02273565997931,0.18292682926829268,0.573170731707317,0.5365853658536586,0.9939024390243902,D,C+,C+,A+,cheesecakefactoryinc
MAN,ManpowerGroup Inc,Industrials,Human Resource & Employment Services,57.41,25.4933,0.1419,9.4656,1.2905067616170334,,6.72,5.06,0.0154,3.1300000000000003,0.8329460366640845,45.7566,,6.72,45.7566,0.8329460366640845,5.06,0.0154,3.1300000000000003,79.42028985507245,47.12732919254658,13.6231884057971,91.67701863354037,50.0,56.02173913043478,0.8652173913043478,0.43478260869565216,0.11739130434782609,0.9347826086956522,B+,C,D,A,manpowergroupinc
HSIC,Henry Schein Inc,Health Care,Health Care Distributors,86.37,23.8006,0.7052,13.5185,3.081407379394493,10.34,6.49,12.370000000000001,0.05,6.18,0.8078068144227588,26.2435,10.34,6.49,26.2435,0.8078068144227588,12.370000000000001,0.05,6.18,77.81685795384426,39.99641234154508,43.468468468468465,63.49099099099098,50.0,56.0188122720854,0.8581081081081081,0.3310810810810811,0.38513513513513514,0.6148648648648649,B+,C-,C-,B-,henryscheininc
AMD,Advanced Micro Devices Inc,Information Technology,Semiconductors,630.63,159.9212,24.9106,134.0651,16.316556144032166,124.33,39.54,10.07,0.15710000000000002,9.59,1.0,281.9826,124.33,39.54,267.93925,0.9443389483804683,10.07,0.15710000000000002,9.59,9.532603739170083,83.92224475997295,49.806201550387605,96.86650346797225,50.0,55.99245096797846,0.05813953488372093,0.9127906976744186,0.5087209302325582,1.0,D-,A-,C+,A+,advancedmicrodevicesinc
MTUS,Metallus Inc,Materials,Steel,18.84,96.9197,0.6422,11.2612,1.1452330585746588,,16.12,1.17,0.36,1.17,0.5542312276519668,12.8052,,16.12,12.8052,0.5542312276519668,1.17,0.36,1.17,57.84313725490196,65.97363083164299,48.529411764705884,55.98377281947262,50.0,55.984617985125084,0.6764705882352942,0.7352941176470589,0.45588235294117646,0.5294117647058824,B-,B,C,C+,metallusinc
SYY,Sysco Corp,Consumer Staples,Food Distributors,78.46,21.7608,0.4519,12.2707,14.08339466173646,-2.12,3.91,75.42,0.0366,11.01,0.43406593406593397,-4.4366,-2.12,3.91,-4.4366,0.43406593406593397,75.42,0.0366,11.01,66.66666666666667,48.381365113759486,58.21596244131455,50.36619718309859,50.0,55.97016973636693,0.7323943661971831,0.39436619718309857,0.6056338028169014,0.5211267605633803,B,C-,B-,C+,syscocorp
BHF,Brighthouse Financial Inc,Financials,Life & Health Insurance,53.24,3.6832,0.46,1000000.0,0.4497335725605079,32.48,2.62,13.170000000000002,0.16940000000000002,8.780000000000001,0.39165545087483195,-2.8587,32.48,2.62,-2.8587,0.39165545087483195,13.170000000000002,0.16940000000000002,8.780000000000001,99.12280701754386,35.51971326164874,54.385964912280706,27.436332767402376,50.0,55.96840218826637,1.0,0.2719298245614035,0.543859649122807,0.27631578947368424,A+,D+,C+,D+,brighthousefinancialinc
AVGO,Broadcom Inc,Information Technology,Semiconductors,352.81,44.0374,18.9115,38.434,20.576090886823046,100.1,48.69,43.91,0.4797,25.34,0.3065255559890754,3.2566,100.1,48.69,3.2566,0.3065255559890754,43.91,0.4510199999999997,25.34,29.99544003647971,82.23741910557325,88.3720930232558,24.63141574867401,50.0,55.96565023578333,0.27325581395348836,0.9069767441860465,0.9244186046511628,0.18604651162790697,D+,A-,A-,D,broadcominc
SAH,Sonic Automotive Inc,Consumer Discretionary,Automotive Retail,64.95,9.5307,0.1306,9.5112,2.041720892510232,40.17,5.25,20.45,0.033,4.14,0.18200134318334457,-20.4482,40.17,5.25,-20.4482,0.18200134318334457,20.45,0.033,4.14,83.9430894308943,71.71368305034822,27.892912364706472,42.96987087517934,50.0,55.8957112340057,0.9237804878048781,0.7926829268292683,0.23170731707317074,0.4268292682926829,A-,B,D+,C,sonicautomotiveinc
AVY,Avery Dennison Corp,Materials,Paper & Plastic Packaging Products & Materials,170.34,18.2186,1.3886,14.0289,5.840642422663092,2.32,5.84,31.069999999999997,0.1026,11.72,0.3803056027164689,5.7188,2.32,5.84,5.7188,0.3803056027164689,31.069999999999997,0.1026,11.72,56.372549019607845,46.5,76.47058823529412,41.64705882352941,50.0,55.840196078431376,0.6323529411764706,0.39705882352941174,0.8382352941176471,0.38235294117647056,B-,C-,B+,C-,averydennisoncorp
MWA,Mueller Water Products Inc,Industrials,Industrial Machinery & Supplies & Components,21.63,15.2121,2.2849,10.1143,3.444486909994267,49.14,5.88,21.21,0.1942,14.81,0.03132430476584279,-13.8789,49.14,5.88,-13.8789,0.03132430476584279,21.21,0.1942,14.81,71.44927536231884,61.95356622763887,71.15942028985508,13.744740532959327,50.0,55.79183526516313,0.808695652173913,0.6869565217391305,0.7391304347826086,0.08695652173913043,B+,B-,B,D-,muellerwaterproductsinc
MLKN,MillerKnoll Inc,Industrials,Office Services & Supplies,20.06,14.059,0.3613,8.09,1.0186877919967499,33.57,1.2,7.340000000000001,0.0516,3.71,0.5749542961608773,17.3939,33.57,1.2,17.3939,0.5749542961608773,7.340000000000001,0.0516,3.71,92.7536231884058,50.49461166852471,20.144927536231886,62.34113712374581,50.0,55.79178743961353,0.9782608695652174,0.45652173913043476,0.15434782608695652,0.6173913043478261,A+,C,D,B-,millerknollinc
TTEK,Tetra Tech Inc,Industrials,Construction & Engineering,33.91,19.7709,1.9776,13.6321,4.98075849710643,106.14,-5.22,23.75,0.1414,16.42,0.4673975764570108,0.0,106.14,-5.22,0.0,0.4673975764570108,23.75,0.1414,16.42,61.88405797101449,46.27501725327812,68.69565217391305,44.37198067632851,50.0,55.77432712215322,0.6869565217391305,0.41304347826086957,0.7152173913043478,0.41739130434782606,B-,C,B,C,tetratechinc
DVN,Devon Energy Corp,Energy,Oil & Gas Exploration & Production,47.05,16.0368,2.6733,7.3656,1.8846686908662664,-5.34,14.64,14.899999999999999,0.2274,10.52,0.7335216572504707,38.881,-5.34,14.64,38.881,0.7335216572504707,14.899999999999999,0.2274,10.52,48.4375,47.158076712659025,61.197916666666664,69.54545454545455,50.0,55.74956041828938,0.453125,0.453125,0.59375,0.65625,C,C,C+,B-,devonenergycorp
HUM,Humana Inc,Health Care,Managed Health Care,397.93,38.5637,0.3386,17.1853,2.7177261060973827,-18.96,18.33,6.92,0.0181,4.02,0.8835399391508053,45.1769,-18.96,18.33,45.1769,0.8835399391508053,6.92,0.0181,4.02,65.81821547574972,53.91969164535536,31.981981981981985,77.52598752598755,50.0,55.739185198701506,0.7094594594594594,0.5540540540540541,0.2972972972972973,0.8108108108108109,B,C+,D+,B+,humanainc
CTS,CTS Corp,Information Technology,Electronic Manufacturing Services,59.6,24.6773,3.052,13.0954,3.1062374916611075,13.11,8.31,12.520000000000001,0.1638,11.19,0.7031622911694512,42.1988,13.11,8.31,42.1988,0.7031622911694512,12.520000000000001,0.1638,11.19,73.96488828089375,30.9873949579832,56.395348837209305,59.7484991548639,50.0,55.73723810209518,0.7965116279069767,0.20348837209302326,0.5755813953488372,0.5581395348837209,B,D+,C+,C+,ctscorp
AVNT,Avient Corp,Materials,Specialty Chemicals,41.28,22.2717,1.1365,10.3568,1.5926417482021051,43.14,2.36,7.090000000000001,0.09449999999999999,3.93,0.7202505219206681,20.9013,43.14,2.36,20.9013,0.7202505219206681,7.090000000000001,0.09449999999999999,3.93,63.72549019607843,56.008403361344534,40.19607843137255,67.47899159663865,50.0,55.67787114845938,0.75,0.6029411764705882,0.34558823529411764,0.6911764705882353,B,B-,C-,B-,avientcorp
LRN,Stride Inc,Consumer Discretionary,Education Services,78.56,9.6541,1.2966,6.4181,1.9961986847855917,19.88,4.69,21.310000000000002,0.179,15.909999999999998,0.19004764425622026,-44.6511,19.88,4.69,-44.6511,0.19004764425622026,21.310000000000002,0.179,15.909999999999998,73.57723577235772,54.5317023470795,66.50456381864431,23.63977485928705,50.0,55.65474533902382,0.8475609756097561,0.5304878048780488,0.7134146341463414,0.2073170731707317,B+,C+,B,D+,strideinc
CHH,Choice Hotels International Inc,Consumer Discretionary,"Hotels, Resorts & Cruise Lines",101.81,13.8678,2.8126,13.7333,25.83944569934773,8.84,2.65,215.07999999999998,0.2521,15.559999999999999,0.4467068878833585,-8.9302,8.84,2.65,-8.9302,0.4467068878833585,212.06300000000016,0.2521,15.559999999999999,37.19512195121951,45.55746565034241,84.88079205945434,54.891598915989164,50.0,55.608791415934775,0.36585365853658536,0.3902439024390244,0.926829268292683,0.5365853658536586,C-,C-,A-,C+,choicehotelsinternationalinc
PRI,Primerica Inc,Financials,Life & Health Insurance,275.59,10.6463,2.4704,8.9447,3.5841645966367968,22.98,8.57,32.550000000000004,0.306,18.970000000000002,0.4681551599958842,0.3473,22.98,8.57,0.3473,0.4681551599958842,32.550000000000004,0.306,18.970000000000002,46.71052631578947,44.179309667599554,90.78947368421053,36.943972835314085,50.0,55.599656500582725,0.4298245614035088,0.3684210526315789,0.9078947368421053,0.3684210526315789,C,C-,A-,C-,primericainc
CNXN,PC Connection Inc,Information Technology,Technology Distributors,89.32,23.66,0.759,16.7103,2.475184419528795,14.88,3.23,10.4,0.0392,10.4,0.9910559723023658,41.8709,14.88,3.23,41.8709,0.9443389483804683,10.4,0.0392,10.4,81.30186958504332,30.29194436395248,37.7906976744186,73.68391910007577,50.0,55.56831450767113,0.8488372093023255,0.19186046511627908,0.33430232558139533,0.8081395348837209,B+,D,C-,B+,pcconnectioninc
PATH,UiPath Inc,Information Technology,Systems Software,12.46,18.1439,3.8159,37.1942,3.2130792439206792,1741.64,14.98,18.42,0.0889,18.42,0.30639097744360916,2.2727,704.4859999999999,14.98,2.2727,0.30639097744360916,18.42,0.0889,18.42,60.23255813953488,70.49958894215993,58.139534883720934,34.32983445223347,50.0,55.558907934692634,0.6453488372093024,0.7558139534883721,0.6104651162790697,0.29651162790697677,B-,B,B-,D+,uipathinc
WDFC,WD-40 Co,Consumer Staples,Household Products,199.17,28.7094,3.7968,21.7813,10.04762241078365,3.51,10.15,33.050000000000004,0.1748,24.45,0.19260194787846396,-2.4488,3.51,10.15,-2.4488,0.19260194787846396,33.050000000000004,0.1748,24.45,22.065727699530516,70.64446230734282,87.32394366197182,45.37028623353021,50.0,55.55036754855019,0.14788732394366197,0.8028169014084507,0.9295774647887324,0.4507042253521127,D,B+,A-,C,wd40co
EXP,Eagle Materials Inc,Materials,Construction Materials,178.49,13.5149,2.3402,10.2249,3.7792297985144785,-6.86,1.68,26.87,0.22190000000000001,12.82,0.08838727223279849,-21.9826,-6.86,1.68,-21.9826,0.08838727223279849,26.87,0.22190000000000001,12.82,65.19607843137256,36.98529411764706,89.21568627450979,22.450980392156858,50.0,55.490196078431374,0.7647058823529411,0.23529411764705882,0.9411764705882353,0.23529411764705882,B,D+,A,D+,eaglematerialsinc
CFG,Citizens Financial Group Inc,Financials,Regional Banks,65.53,12.8701,1.48499,,1.0688235601137817,37.2,62.72879,8.14,0.31448550000000003,5.87,0.6420091324200914,21.6532,37.2,62.72879,21.6532,0.6420091324200914,8.14,0.31448550000000003,5.87,67.10526315789474,72.52271802522719,18.859649122807017,72.44601889338732,50.0,55.48497545389834,0.7280701754385965,0.8728070175438597,0.18859649122807018,0.7368421052631579,B,B+,D,B,citizensfinancialgroupinc
COP,ConocoPhillips,Energy,Oil & Gas Exploration & Production,127.3,16.5148,2.4199,6.5222,2.4185336048879837,1.31,9.6,14.32,0.22510000000000002,10.52,0.7445138269402318,35.2504,1.31,9.6,35.2504,0.7445138269402318,14.32,0.22510000000000002,10.52,51.041666666666664,43.11650393160491,59.635416666666664,70.9090909090909,50.0,55.47438980147249,0.5078125,0.328125,0.5625,0.6875,C+,C-,C+,B-,conocophillips
URI,United Rentals Inc,Industrials,Trading Companies & Distributors,1047.06,24.6629,3.8653,16.962,7.366777666223184,7.67,6.88,29.18,0.25079999999999997,11.39,0.723361041897862,9.1784,7.67,6.88,9.1784,0.723361041897862,29.18,0.25079999999999997,11.39,40.28985507246376,44.097653554175295,76.81159420289856,61.85507246376812,50.0,55.46590752242926,0.3739130434782609,0.36086956521739133,0.8195652173913044,0.6043478260869565,C-,C-,B+,B-,unitedrentalsinc
FNB,FNB Corp,Financials,Regional Banks,17.64,10.289,2.56275,,0.9325093700275419,30.25,64.79501,8.94,0.42536409999999997,7.049999999999999,0.6198830409356726,8.2557,30.25,64.79501,8.2557,0.6198830409356726,8.94,0.42536409999999997,7.049999999999999,84.64912280701753,69.67991319679913,23.684210526315788,47.169365721997295,50.0,55.45318911709262,0.9517543859649122,0.8289473684210527,0.23684210526315788,0.4868421052631579,A,B+,D+,C,fnbcorp
VCYT,Veracyte Inc,Health Care,Health Care Services,45.43,34.0851,6.9446,31.4013,2.7530163193329256,323.93,17.28,8.64,0.1957,8.64,0.5078683834048642,48.5312,295.8379999999996,17.28,48.5312,0.5078683834048642,8.64,0.1957,8.64,32.79649512526225,85.77715515768614,56.306306306306304,54.986486486486484,50.0,55.42842868672666,0.2972972972972973,0.9256756756756757,0.5405405405405406,0.5540540540540541,D+,A-,C+,C+,veracyteinc
V,Visa Inc,Financials,Transaction & Payment Processing Services,367.38,30.2065,15.3395,24.4874,18.564671639075858,14.72,14.39,61.260000000000005,0.6068,37.39,0.8015933699753162,8.6512,14.72,14.39,8.6512,0.8015933699753162,43.39949999999999,0.5825935199999999,28.808499999999995,8.771929824561404,47.51231086041722,97.58771929824562,71.49638802889577,50.0,55.391652058564354,0.06140350877192982,0.4342105263157895,0.9758771929824561,0.7236842105263158,D-,C,A+,B,visainc
WEX,WEX Inc,Financials,Transaction & Payment Processing Services,178.28,18.3666,2.307,11.9933,4.9534192985527055,26.87,7.46,28.21,0.2548,5.510000000000001,0.6733163913595933,14.8742,26.87,7.46,14.8742,0.6733163913595933,28.21,0.2548,5.510000000000001,21.49122807017544,48.19992837317575,86.40350877192982,68.71001031991744,50.0,55.355671949144956,0.18201754385964913,0.4605263157894737,0.8640350877192983,0.6973684210526315,D,C,B+,B-,wexinc
ADM,Archer-Daniels-Midland Co,Consumer Staples,Agricultural Products & Services,81.12,22.1661,0.4779,17.9848,1.712823371424228,60.27,-0.82,7.7299999999999995,0.0168,5.65,0.769972867048538,35.3377,60.27,-0.82,35.3377,0.769972867048538,7.7299999999999995,0.0168,5.65,55.39906103286385,62.430028891296494,29.10798122065728,83.70892018779342,50.0,55.35455037919827,0.6197183098591549,0.647887323943662,0.2112676056338028,0.8450704225352113,B-,B-,D+,B+,archerdanielsmidlandco
CRUS,Cirrus Logic Inc,Information Technology,Semiconductors,119.92,13.865,2.9123,9.8324,2.851259908793921,28.21,6.25,20.349999999999998,0.2305,20.349999999999998,0.18419633225458468,-5.9903,28.21,6.25,-5.9903,0.18419633225458468,20.349999999999998,0.2305,20.349999999999998,84.66484268125855,38.04530087897228,73.44961240310077,15.986617707058342,50.0,55.33499748829596,0.8837209302325582,0.32558139534883723,0.75,0.09302325581395349,B+,C-,B,D-,cirruslogicinc
MTD,Mettler-toledo International Inc,Health Care,Life Sciences Tools & Services,1511.64,33.2915,7.2932,27.3869,1347.0326145072179,12.52,6.91,1816.2600000000002,0.2655,10.96,0.9432876738775786,22.2872,12.52,6.91,22.2872,0.9432876738775786,94.53650000000002,0.2655,10.96,34.16944341601876,47.28407007168069,83.2207207207207,57.51023751023751,50.0,55.30640255056851,0.32432432432432434,0.4391891891891892,0.8851351351351351,0.581081081081081,C-,C,B+,C+,mettlertoledointernationalinc
PFG,Principal Financial Group Inc,Financials,Life & Health Insurance,114.77,15.8134,1.5589,11.7428,2.099376973253385,41.98,3.33,13.120000000000001,0.1278,9.790000000000001,0.8518946395563768,39.4795,41.98,3.33,39.4795,0.8518946395563768,13.120000000000001,0.1278,9.790000000000001,37.5,42.85805469632248,53.94736842105263,94.06904357668364,50.0,55.24726175986439,0.3092105263157895,0.3508771929824561,0.5394736842105263,0.956140350877193,C-,C-,C+,A,principalfinancialgroupinc
TRGP,Targa Resources Corp,Energy,Oil & Gas Storage & Transportation,277.84,26.7755,3.6267,14.6046,19.440518339187506,40.38,-1.97,72.17,0.2291,10.530000000000001,0.8162393162393161,64.4404,40.38,-1.97,64.4404,0.8162393162393161,36.84949999999999,0.2291,10.530000000000001,24.479166666666668,43.536184210526315,76.30208333333333,81.45833333333334,50.0,55.19421600877193,0.140625,0.34375,0.875,0.828125,D,C-,B+,B+,targaresourcescorp
TDW,Tidewater Inc,Energy,Oil & Gas Equipment & Services,84.74,17.2972,3.1716,8.8564,3.0762305466716517,28.06,-1.02,18.740000000000002,0.1642,12.479999999999999,0.6934911242603549,54.1001,28.06,-1.02,54.1001,0.6934911242603549,18.740000000000002,0.1642,12.479999999999999,40.625,48.19367240516621,64.0625,71.875,50.0,55.18560948103324,0.3515625,0.46875,0.6640625,0.734375,C-,C,B-,B,tidewaterinc
ROK,Rockwell Automation Inc,Industrials,Electrical Components & Equipment,434.15,40.1144,5.3691,33.9709,13.354804376647627,24.94,11.31,33.32,0.1466,17.169999999999998,0.6160947464318249,26.4103,24.94,11.31,26.4103,0.6160947464318249,33.32,0.1466,17.169999999999998,13.333333333333334,72.33029355791504,74.34782608695652,68.95140664961636,50.0,55.176629896578746,0.05652173913043478,0.8347826086956521,0.782608695652174,0.717391304347826,D-,B+,B,B,rockwellautomationinc
DCOM,Dime Community Bancshares Inc,Financials,Regional Banks,40.37,16.1056,2.11729,,1.1998632803792484,225.06,42.91451,7.670000000000001,0.4435096,6.45,0.9020807833537331,30.8978,182.343,42.91451,30.8978,0.8922528398737745,7.670000000000001,0.4435096,6.45,54.16666666666667,66.31960456319605,17.105263157894736,95.42172739541161,50.0,55.16624884786189,0.5263157894736842,0.7850877192982456,0.17105263157894737,0.9736842105263158,C+,B,D,A+,dimecommunitybancsharesinc
CSX,CSX Corp,Industrials,Rail Transportation,46.78,26.9307,5.9811,15.8328,6.614257840115375,6.36,2.52,24.07,0.34149999999999997,9.969999999999999,0.6640394088669951,38.509,6.36,2.52,38.509,0.6640394088669951,24.07,0.30740999999999946,9.969999999999999,33.6231884057971,33.67989918084436,74.1304347826087,82.45746691871454,50.0,55.165879017013225,0.26304347826086955,0.21739130434782608,0.7782608695652173,0.8478260869565217,D+,D+,B,B+,csxcorp
CBOE,Cboe Global Markets Inc,Financials,Financial Exchanges & Data,258.03,19.8493,5.3066,13.8767,5.255097157078587,50.4,11.68,25.75,0.3469,20.200000000000003,0.2143997778240642,10.0251,50.4,11.68,10.0251,0.2143997778240642,25.75,0.3469,20.200000000000003,18.42105263157895,71.77159725104931,84.64912280701753,50.13290802764486,50.0,55.148444915387955,0.12280701754385964,0.8640350877192983,0.8464912280701754,0.5394736842105263,D,B+,B+,C+,cboeglobalmarketsinc
MKSI,MKS Incorporated,Information Technology,Semiconductor Materials & Equipment,260.82,39.9282,4.0415,22.7425,6.446159663678626,58.58,16.23,15.83,0.1537,6.370000000000001,0.4304878048780487,108.1491,58.58,16.23,108.1491,0.4304878048780487,15.83,0.1537,6.370000000000001,56.44322845417236,63.4305718657699,49.22480620155039,55.19158502602425,50.0,55.141440042289524,0.6104651162790697,0.6686046511627907,0.5,0.4941860465116279,B-,B-,C,C,mksincorporated
EVR,Evercore Inc,Financials,Investment Banking & Brokerage,262.91,13.5466,2.1284,8.9228,4.985313888377967,60.84,45.68,39.83,0.2121,30.599999999999998,0.06398809523809541,-24.5367,60.84,45.68,-24.5367,0.08148862112952271,39.83,0.2121,28.808499999999995,30.92105263157895,85.0743128301549,93.85964912280701,9.5562435500516,50.0,55.12128671463779,0.24561403508771928,0.9649122807017544,0.9385964912280702,0.06578947368421052,D+,A,A,D-,evercoreinc
TBBK,Bancorp Inc,Financials,Regional Banks,50.58,8.9486,4.64103,,3.1057540571905755,16.07,89.12521,30.56,0.5646253999999999,19.72,0.06528279181708788,-35.0948,16.07,85.74899399999997,-35.0948,0.08148862112952271,30.56,0.5646253999999999,19.72,55.04385964912281,67.75494672754947,89.47368421052632,1.8893387314439947,50.0,55.05824305671098,0.543859649122807,0.8070175438596491,0.8947368421052632,0.0043859649122807015,C+,B+,B+,F,bancorpinc
CI,Cigna Group,Health Care,Health Care Services,272.01,10.9825,0.2495,8.2625,1.7180461480547633,31.74,7.77,15.24,0.0352,8.649999999999999,0.42785676671932577,-7.5186,31.74,7.77,-7.5186,0.42785676671932577,15.24,0.0352,8.649999999999999,95.01419227446623,50.86701745993781,47.747747747747745,20.689189189189193,50.0,55.0017263353789,0.9864864864864865,0.5067567567567568,0.44594594594594594,0.16891891891891891,A+,C+,C,D,cignagroup
OTTR,Otter Tail Corp,Utilities,Electric Utilities,89.34,18.8287,6.3822,13.4977,2.01091213569943,-31.88,4.89,10.43,0.3914,6.45,0.7254059216809933,6.9818,-18.695999999999998,4.89,6.9818,0.668455284803873,10.43,0.3914,6.45,32.18390804597701,17.193056231832735,82.75862068965517,88.7300252312868,50.0,54.92024847653195,0.28448275862068967,0.06896551724137931,0.8793103448275862,0.896551724137931,D+,D-,B+,B+,ottertailcorp
AIT,Applied Industrial Technologies Inc,Industrials,Trading Companies & Distributors,333.39,29.5639,2.4674,21.5352,6.590259012459403,8.18,8.84,22.17,0.1106,17.919999999999998,0.6965411109482631,28.0102,8.18,8.84,28.0102,0.6965411109482631,22.17,0.1106,17.919999999999998,35.94202898550725,52.27053140096618,65.65217391304348,70.28985507246378,50.0,54.910628019323674,0.31521739130434784,0.4956521739130435,0.6760869565217391,0.7304347826086957,C-,C,B-,B,appliedindustrialtechnologiesinc
HPQ,HP Inc,Information Technology,"Technology Hardware, Storage & Peripherals",31.3,11.5419,0.4782,9.5964,2.033457852850414,-4.42,8.14,16.85,0.0545,9.98,0.7361371551031342,13.2364,-4.42,8.14,13.2364,0.7361371551031342,16.85,0.0545,9.98,95.90743274053807,24.787769513935842,46.12403100775194,47.19875068585658,50.0,54.90516997703099,0.9941860465116279,0.12209302325581395,0.4476744186046512,0.4127906976744186,A+,D,C,C,hpinc
LQDT,Liquidity Services Inc,Industrials,Diversified Support Services,43.61,44.6905,2.8163,22.7993,6.582343441051726,18.2,9.26,14.24,0.0837,14.24,0.9785905441570025,57.4565,18.2,9.26,57.4565,0.8723212715732392,14.24,0.0837,14.24,25.65217391304348,62.97091709521584,49.42028985507247,92.55434782608697,50.0,54.87316892628955,0.17391304347826086,0.717391304347826,0.47391304347826085,0.9608695652173913,D,B,C,A,liquidityservicesinc
PCG,PG&E Corp,Utilities,Multi-Utilities,12.34,8.525,1.0446,9.1536,0.8335134550956447,24.89,5.66,9.62,0.1999,3.35,0.04481792717086838,-15.9618,24.89,5.66,-15.9618,0.04481792717086838,9.62,0.1999,3.35,92.52873563218391,67.66403427020487,36.206896551724135,20.745573159366266,50.0,54.86582953189124,0.9827586206896551,0.7586206896551724,0.3103448275862069,0.1206896551724138,A+,B,C-,D,pgecorp
COHR,Coherent Corp,Information Technology,Electronic Components,295.83,71.6359,8.1014,46.6777,5.311102453667215,1617.2,22.51,8.37,0.1458,6.25,0.5732847925176108,175.048,704.4859999999999,22.51,175.048,0.5732847925176108,8.37,0.1458,6.25,27.815777473780212,88.00507099391481,39.922480620155035,76.56991315498047,50.0,54.84956135326287,0.25,0.9476744186046512,0.3546511627906977,0.8255813953488372,D+,A,C-,B+,coherentcorp
EQT,EQT Corp,Energy,Oil & Gas Exploration & Production,50.81,11.7359,3.3572,5.5646,1.33497632722553,134.0,30.17,11.15,0.4235,8.68,0.14152309465409754,0.2159,134.0,30.17,0.2159,0.24091986324950568,11.15,0.4235,8.68,57.291666666666664,85.29467332443159,62.5,14.14772727272727,50.0,54.83639678609844,0.65625,0.921875,0.6171875,0.078125,B-,A-,B-,D-,eqtcorp
ORCL,Oracle Corp,Information Technology,Application Software,137.1,22.2865,5.8746,21.2082,9.288806683062663,49.08,21.62,42.58,0.3212,10.76,0.10863295520092286,-54.7624,49.08,21.62,-40.40435,0.10863295520092286,42.58,0.3212,10.76,60.90743274053807,70.47446721635362,73.83720930232558,10.194672728332456,50.0,54.81998849965313,0.6569767441860465,0.75,0.7616279069767442,0.05813953488372093,B-,B,B,D-,oraclecorp
WDAY,Workday Inc,Information Technology,Application Software,189.45,37.5736,4.6287,34.0459,6.2898615201245685,127.88,13.35,16.78,0.1067,11.98,0.5669940497526703,-20.9184,127.88,13.35,-20.9184,0.5669940497526703,16.78,0.1067,11.98,50.75923392612859,68.21260635915809,54.651162790697676,49.04616191641895,50.0,54.804352834321975,0.5465116279069767,0.7034883720930233,0.5668604651162791,0.43023255813953487,C+,B,C+,C,workdayinc
CBRE,CBRE Group Inc,Real Estate,Real Estate Services,134.55,29.948,0.8928,16.8303,4.481937342815743,22.19,14.53,15.160000000000002,0.0453,7.89,0.24457968809433264,-13.1046,22.19,14.53,-13.1046,0.24457968809433264,15.160000000000002,0.0453,7.89,60.0,57.336956521739125,60.0,41.66666666666667,50.0,54.800724637681164,0.8,0.6,0.7,0.4,B,C+,B-,C-,cbregroupinc
ZTS,Zoetis Inc,Health Care,Pharmaceuticals,71.05,11.1151,3.0553,10.7895,9.06365607858145,4.59,1.41,69.25,0.34380000000000005,21.22,0.014202383971595112,-50.3988,4.59,1.41,-39.496244999999995,0.07309531191844187,69.25,0.34380000000000005,21.22,76.9714920399852,34.03929506886554,91.44144144144144,4.410019775873434,50.0,54.793096339304455,0.8378378378378378,0.25675675675675674,0.9594594594594594,0.006756756756756757,B+,D+,A,F,zoetisinc
BLFS,BioLife Solutions Inc,Health Care,Health Care Supplies,38.49,32.5531,18.3573,445.4854,4.988529880632996,,34.39,15.28,0.028999999999999998,15.129999999999999,1.0,52.4848,,34.39,52.4848,0.982600421621416,15.28,0.028999999999999998,15.129999999999999,19.606935702826117,72.384481255449,54.05405405405406,84.42894507410637,50.0,54.77793270513112,0.08783783783783784,0.8243243243243243,0.5135135135135135,0.9121621621621622,D-,B+,C+,A-,biolifesolutionsinc
INTU,Intuit Inc,Information Technology,Application Software,275.79,16.0985,3.4272,12.0066,3.8973041491260423,20.37,13.9,23.419999999999998,0.2743,17.54,0.05087338180528466,-60.1131,20.37,13.9,-40.40435,0.09308777138615698,23.419999999999998,0.2743,17.54,78.04149566803466,50.79728207897578,74.61240310077518,7.113277379495248,50.0,54.74558658389667,0.8197674418604651,0.5290697674418605,0.7761627906976745,0.02616279069767442,B+,C+,B,F,intuitinc
ILMN,Illumina Inc,Health Care,Life Sciences Tools & Services,270.0,49.9934,9.1797,39.1061,15.170755278860957,-31.92,4.88,31.080000000000002,0.19519999999999998,17.76,0.9581468807580943,190.1176,-31.92,4.88,109.026165,0.9581468807580943,31.080000000000002,0.19519999999999998,17.76,22.621251388374674,28.167902415690023,79.72972972972973,92.32596232596231,50.0,54.68651822785657,0.12837837837837837,0.13513513513513514,0.8445945945945946,0.9662162162162162,D,D,B+,A,illuminainc
WT,WisdomTree Inc,Financials,Asset Management & Custody Banks,24.33,44.604,5.9172,27.1831,8.276073202258656,8.1,37.14,19.25,0.2523,5.45,0.8961892247043363,67.1777,8.1,37.14,45.683969999999945,0.8922528398737745,19.25,0.2523,5.45,7.89473684210526,52.056448210808384,72.80701754385966,95.26714513556618,50.0,54.64015726576614,0.046052631578947366,0.5482456140350878,0.7280701754385965,0.9671052631578947,F,C+,B,A,wisdomtreeinc
ATR,Aptargroup Inc,Materials,"Metal, Glass & Plastic Containers",123.87,21.5639,1.9875,11.0892,2.980574651520365,-4.4,8.93,13.56,0.1281,9.0,0.4725274725274726,-5.5143,-4.4,8.93,-5.5143,0.4725274725274726,13.56,0.1281,9.0,56.862745098039206,52.37745098039216,67.15686274509804,40.44117647058823,50.0,54.56862745098039,0.6544117647058824,0.5294117647058824,0.6764705882352942,0.36764705882352944,B-,C+,B-,C-,aptargroupinc
WMS,Advanced Drainage Systems Inc,Industrials,Building Products,133.13,21.5304,3.0145,15.4142,5.005432923138237,4.59,10.37,23.400000000000002,0.20739999999999997,12.770000000000001,0.15357830110876927,-6.8065,4.59,10.37,-6.8065,0.15357830110876927,23.400000000000002,0.20739999999999997,12.770000000000001,50.28985507246377,57.13552616075361,72.31884057971014,37.285259809119836,50.0,54.53633110701817,0.5347826086956522,0.6,0.7630434782608696,0.3521739130434783,C+,C+,B,C-,advanceddrainagesystemsinc
SCL,Stepan Co,Materials,Specialty Chemicals,64.53,1000000.0,0.5985,13.3326,1.1735885292769692,-31.52,7.63,-0.22,0.82,-0.13999999999999999,0.8674560733384263,34.1884,-31.52,7.63,34.1884,0.827452802210118,-0.22,0.44227999999999995,-0.13999999999999999,48.77450980392157,43.01120448179272,47.05882352941177,84.87394957983193,50.0,54.535364145658264,0.5294117647058824,0.35294117647058826,0.4264705882352941,0.8676470588235294,C+,C-,C,B+,stepanco
NYT,New York Times Co,Communication Services,Publishing,63.83,26.3096,3.4707,18.2068,5.060130169728007,23.32,10.76,19.470000000000002,0.1582,19.470000000000002,0.2948484848484848,9.8623,23.32,10.76,9.8623,0.2948484848484848,19.470000000000002,0.1582,19.470000000000002,27.406353722143194,73.53667953667954,66.66666666666667,56.458605974395454,50.0,54.51731219941746,0.2894736842105263,0.8421052631578947,0.8421052631578947,0.6052631578947368,D+,B+,B+,B-,newyorktimesco
IBKR,Interactive Brokers Group Inc,Financials,Investment Banking & Brokerage,89.24,134.4322,13.3661,34.8861,7.411652340019102,31.49,15.8,20.51,0.4729,2.96,0.7610552763819094,39.3422,31.49,15.8,39.3422,0.7610552763819094,20.51,0.4729,2.96,6.359649122807021,54.622616169755574,76.75438596491229,88.85448916408669,50.0,54.47392983869828,0.02412280701754386,0.5921052631578947,0.7675438596491229,0.9210526315789473,F,C+,B,A-,interactivebrokersgroupinc
MGEE,MGE Energy Inc,Utilities,Electric Utilities,70.06,17.4258,3.3902,12.3835,1.963388933727917,13.02,7.07,11.1,0.2202,6.619999999999999,0.09007633587786243,-18.4934,13.02,7.07,-18.4934,0.09007633587786243,11.1,0.2202,6.619999999999999,52.298850574712645,64.71898838770602,70.11494252873563,29.503784693019345,50.0,54.448002892007146,0.5689655172413793,0.7068965517241379,0.7758620689655172,0.27586206896551724,C+,B,B,D+,mgeenergyinc
INSP,Inspire Medical Systems Inc,Health Care,Health Care Equipment,70.5,15.1272,2.273,26.8481,2.5792714381359,165.52,4.35,17.62,0.0602,17.62,0.2921753607103219,-11.5894,165.52,4.35,-11.5894,0.2921753607103219,17.62,0.0602,17.62,61.65309144761199,62.54352733912414,61.93693693693694,30.194594594594594,50.0,54.44513148288098,0.6486486486486487,0.6891891891891891,0.6081081081081081,0.24324324324324326,B-,B-,B-,D+,inspiremedicalsystemsinc
PH,Parker-Hannifin Corp,Industrials,Industrial Machinery & Supplies & Components,978.33,33.5276,5.689,26.0291,8.002437548055687,5.03,8.31,25.11,0.2165,15.14,0.6837766856489066,30.2126,5.03,8.31,30.2126,0.6837766856489066,25.11,0.2165,15.14,17.536231884057973,50.404636391481674,77.2463768115942,78.31697054698458,50.0,54.439973561606294,0.09565217391304348,0.45217391304347826,0.8304347826086956,0.7913043478260869,D-,C,B+,B,parkerhannifincorp
ELV,Elevance Health Inc,Health Care,Managed Health Care,396.09,17.468,0.4311,13.6985,1.9923102227560667,-4.24,6.27,11.24,0.0363,6.54,0.7512391573729862,22.0203,-4.24,6.27,22.0203,0.7512391573729862,11.24,0.0363,6.54,82.5435024065161,36.2390116460913,41.44144144144144,55.92515592515592,50.0,54.42906947623883,0.9256756756756757,0.28378378378378377,0.375,0.5608108108108109,A-,D+,C-,C+,elevancehealthinc
PG,Procter & Gamble Co,Consumer Staples,Personal Care Products,146.23,21.1131,3.8921,15.721,6.269642206358394,1.72,3.26,29.830000000000002,0.2289,17.88,0.2905838677016533,-4.422,1.72,3.26,-4.422,0.2905838677016533,29.830000000000002,0.2289,17.88,33.333333333333336,52.64310220296136,83.5680751173709,48.21596244131455,50.0,54.39716504153124,0.29577464788732394,0.43661971830985913,0.8873239436619719,0.5070422535211268,D+,C,B+,C+,proctergambleco
AME,AMETEK Inc,Industrials,Electrical Components & Equipment,250.74,36.541,7.3244,24.2857,5.4031340504757965,10.33,12.66,14.549999999999999,0.2562,12.06,0.8728027343749998,32.0174,10.33,12.66,32.0174,0.8723212715732392,14.549999999999999,0.2562,12.06,15.942028985507244,63.25165551508262,65.65217391304348,81.71355498721228,50.0,54.391592825096666,0.07391304347826087,0.7260869565217392,0.6760869565217391,0.8391304347826087,D-,B,B-,B+,ametekinc
SNA,Snap-On Inc,Industrials,Industrial Machinery & Supplies & Components,369.2,18.5584,3.5876,13.1938,3.22824628056538,4.12,4.97,17.25,0.2507,14.35,0.4734885540990021,8.3188,4.12,4.97,8.3188,0.4734885540990021,17.25,0.2507,14.35,55.94202898550725,36.87591688026954,72.02898550724638,50.11220196353437,50.0,54.390377391949194,0.6173913043478261,0.26956521739130435,0.7543478260869565,0.4782608695652174,B-,D+,B,C,snaponinc
FHN,First Horizon Corp,Financials,Regional Banks,23.46,10.5354,1.91295,,1.2860995987106112,33.62,64.16455,11.68,0.36179209999999995,7.5200000000000005,0.5414201183431955,1.7113,33.62,64.16455,1.7113,0.5414201183431955,11.68,0.36179209999999995,7.5200000000000005,70.39473684210526,71.61836731618368,43.859649122807014,32.216599190283404,50.0,54.33058979252149,0.7894736842105263,0.8596491228070176,0.43859649122807015,0.3201754385964912,B,B+,C,C-,firsthorizoncorp
UCB,United Community Banks Inc,Financials,Regional Banks,34.23,10.9128,1000000.0,,1.1344955587962349,37.38,,10.33,,9.75,0.6541617819460724,7.8294,37.38,,7.8294,0.6541617819460724,10.33,,9.75,73.68421052631578,63.46692888466929,34.21052631578947,48.124156545209175,50.0,54.29190129650201,0.8552631578947368,0.7412280701754386,0.34210526315789475,0.5175438596491229,B+,B,C-,C+,unitedcommunitybanksinc
COLM,Columbia Sportswear Co,Consumer Discretionary,"Apparel, Accessories & Luxury Goods",57.6,14.1802,0.8575,7.6236,1.8017848931597864,-1.8,-0.15,12.58,0.0754,12.58,0.4691987031032886,6.0696,-1.8,-0.15,6.0696,0.4691987031032886,12.58,0.0754,12.58,67.6829268292683,31.369507460774535,42.867474687016816,76.78721614802355,50.0,54.2689451008309,0.7317073170731707,0.20121951219512196,0.4024390243902439,0.7439024390243902,B,D+,C,B,columbiasportswearco
PTGX,Protagonist Therapeutics Inc,Health Care,Biotechnology,141.86,111.3424,32.736,147.1403,14.44146959717401,45.97,34.81,12.030000000000001,0.2069,12.030000000000001,0.8077508369686518,108.2487,45.97,34.81,108.2487,0.8077508369686518,12.030000000000001,0.2069,12.030000000000001,11.514253980007405,76.71275537793886,65.31531531531532,73.45600920069006,50.0,54.24114523955647,0.033783783783783786,0.8716216216216216,0.6891891891891891,0.7432432432432432,F,B+,B-,B,protagonisttherapeuticsinc
CSL,Carlisle Companies Inc,Industrials,Industrial Conglomerates,326.37,17.5175,2.49,13.6473,7.4530374376001935,-2.73,1.9,41.06,0.19949999999999998,15.590000000000002,0.23616289073702318,-3.5115,-2.73,1.9,-3.5115,0.23616289073702318,41.06,0.19949999999999998,15.590000000000002,61.15942028985507,31.47141706924316,82.17391304347825,35.507246376811594,50.0,54.22906602254428,0.6739130434782609,0.2,0.8869565217391304,0.32608695652173914,B-,D,B+,C-,carlislecompaniesinc
AX,Axos Financial Inc,Financials,Regional Banks,88.52,10.3168,2.35138,,1.5860502117839301,14.77,78.88815,16.41,0.496028,11.600000000000001,0.44181523500810366,-0.9609,14.77,78.88815,-0.9609,0.44181523500810366,16.41,0.496028,11.600000000000001,64.69298245614036,62.36508582365086,65.13157894736842,21.440620782726047,50.0,54.21728167215258,0.6710526315789473,0.7236842105263158,0.6513157894736842,0.19298245614035087,B-,B,B-,D,axosfinancialinc
ABBV,AbbVie Inc,Health Care,Biotechnology,264.34,74.2469,7.2764,30.1893,140.33765130600975,67.6,10.39,95.59,0.262,5.66,0.9357833163784333,20.5146,67.6,10.39,20.5146,0.9357833163784333,94.53650000000002,0.262,5.66,26.95298037763791,67.53462378332311,74.54954954954955,51.627372052903965,50.0,54.20803164904228,0.20270270270270271,0.7702702702702703,0.7736486486486487,0.5067567567567568,D+,B,B,C+,abbvieinc
KBR,KBR Inc,Industrials,Diversified Support Services,34.54,10.1107,0.5551,7.2521,2.906013108188832,20.79,-4.37,27.41,0.095,10.27,0.20637056976222515,-29.691,20.79,-4.37,-29.691,0.20637056976222515,27.41,0.095,10.27,93.4782608695652,37.61760752688172,57.53623188405797,19.592391304347828,50.0,54.1956229546517,0.9826086956521739,0.2826086956521739,0.5869565217391305,0.14782608695652175,A+,D+,C+,D,kbrinc
GTES,Gates Industrial Corporation PLC,Industrials,Industrial Machinery & Supplies & Components,26.86,18.6991,1.9395,11.9585,2.0426476851006874,81.96,3.34,10.7,0.13269999999999998,6.460000000000001,0.6321353065539111,7.8882,81.96,3.34,7.8882,0.6321353065539111,10.7,0.13269999999999998,6.460000000000001,67.2463768115942,53.338653254018155,40.14492753623188,58.27489481065919,50.0,54.170535699891985,0.7608695652173914,0.5173913043478261,0.3695652173913043,0.5521739130434783,B,C+,C-,C+,gatesindustrialcorporationplc
TROW,T Rowe Price Group Inc,Financials,Asset Management & Custody Banks,105.51,10.0196,2.932,7.8662,2.1234417829585293,11.35,6.97,20.45,0.30760000000000004,20.4,0.5516585100598153,0.7927,11.35,6.97,0.7927,0.5516585100598153,20.45,0.30760000000000004,20.4,59.429824561403514,28.5637278228324,76.31578947368422,47.567783094098885,50.0,54.16270569215819,0.6140350877192983,0.18421052631578946,0.7631578947368421,0.5,B-,D,B,C,trowepricegroupinc
CL,Colgate-Palmolive Co,Consumer Staples,Household Products,86.06,33.4171,3.2344,19.7034,1276.8545994065282,-28.94,5.24,631.14,0.1493,24.3,0.4644874899112189,7.2115,-28.94,5.24,7.2115,0.4644874899112189,136.11,0.1493,24.3,21.126760563380284,49.35344074371788,88.49765258215962,59.33666515220355,50.0,54.14412446556926,0.11267605633802817,0.4084507042253521,0.9577464788732394,0.5633802816901409,D,C,A,C+,colgatepalmoliveco
SFBS,ServisFirst Bancshares Inc,Financials,Regional Banks,41.31,14.0579,5.9678,,1.2198615068877439,28.35,51.49861,17.06,0.6097527,9.31,0.6197749196141481,-0.4104,28.35,51.49861,-0.4104,0.6197749196141481,17.06,0.5825935199999999,9.31,57.23684210526315,57.46145847461459,66.66666666666666,33.23886639676113,50.0,54.1159421672576,0.5833333333333334,0.6403508771929824,0.6666666666666666,0.3333333333333333,C+,B-,B-,C-,servisfirstbancsharesinc
VSNT,Versant Media Group Inc,Communication Services,Cable & Satellite,32.8,6.2136,0.7122,,0.4645148864275264,-19.22,,8.27,0.1775,6.959999999999999,0.17687715991203254,,-19.22,,,0.17687715991203254,8.27,0.1775,6.959999999999999,76.31578947368422,45.49689440993789,48.24561403508772,44.370709382151034,50.0,54.11387163561077,0.868421052631579,0.3684210526315789,0.39473684210526316,0.42105263157894735,B+,C-,C-,C,versantmediagroupinc
GS,Goldman Sachs Group Inc,Financials,Investment Banking & Brokerage,935.45,12.8191,1.9912,50.6331,2.2192125039796133,41.66,6.67,16.939999999999998,0.1948,1.54,0.47210010145417663,16.5138,41.66,6.67,16.5138,0.47210010145417663,16.939999999999998,0.1948,1.54,43.421052631578945,47.4388933655654,66.22807017543859,60.76367389060887,50.0,54.05279415298924,0.37280701754385964,0.42543859649122806,0.6622807017543859,0.6403508771929824,C-,C,B-,B-,goldmansachsgroupinc
