Ticker,Name,Sector,SubIndustry,Price,PE_Rank,PS_Rank,EV_EBITDA_Used,PB_Ratio,EPS_Growth,Rev_Growth,ROE,Op_Margin,ROIC,Mom_Range,Mom_12M,EPS_Growth_Win,Rev_Growth_Win,Mom_12M_Win,Mom_Range_Win,ROE_Win,Op_Margin_Win,ROIC_Win,Value_S,Growth_S,Prof_S,Mom_S,Rev_S,Fundamental_Score,Value_Pct,Growth_Pct,Prof_Pct,Mom_Pct,Value_Grade,Growth_Grade,Prof_Grade,Mom_Grade,Name_Key,Rev_Change,Rec_BuyRatio,Shrunk_Ratio,Analyst_Count,Streak_Days,Streak_Score,Rev_Change_Win,Rev_Pct,Rev_Grade,FundamentalPlusRev_Score,Consensus_Score,Sentiment_Score,Alpha_Score,Val_Fail,Mom_Fail,Min_Fund_Factor
MU,Micron Technology Inc,Information Technology,Semiconductors,1042.08,24.2192,13.5401,17.626,21.586149467430616,700.71,166.98,70.55,0.6563,61.480000000000004,0.8064979324760304,590.0976,700.71,54.72500000000002,262.11377,0.8064979324760304,70.55,0.4317149999999999,61.480000000000004,53.90821195379207,96.11014226971236,94.07407407407408,90.90525064620127,20.353238015138768,79.39865009014926,0.5966850828729282,1.0,0.9779005524861878,0.9613259668508287,C+,A+,A+,A,microntechnologyinc,-0.013479623824451337,0.9137931034482759,0.8849206349206349,58.0,90.0,84.89281911636292,-0.013479623824451337,0.17073170731707318,D,76.43397389166314,88.4920634920635,87.05236574178326,78.55765226168717,False,False,20.353238015138768
NEM,Newmont Corporation,Materials,Gold,116.68,14.8831,4.9656,7.9435,3.751864999742759,42.23,25.18,25.05,0.5097,21.54,0.6858541525995951,45.1297,42.23,25.18,45.1297,0.6858541525995951,25.05,0.44605999999999996,21.267,60.78431372549019,71.95225916453538,94.11764705882354,86.18925831202046,83.69565217391305,75.3537936913896,0.7205882352941176,0.8088235294117647,0.9705882352941176,0.8676470588235294,B,B+,A+,B+,newmontcorporation,0.01041666666666663,0.84375,0.8040540540540542,32.0,36.75,53.779649598295165,0.01041666666666663,0.8125,B+,78.72335890878091,80.40540540540542,69.75510308256132,76.929707743537,False,False,60.78431372549019
LPG,Dorian LPG Ltd,Energy,Oil & Gas Storage & Transportation,55.52,7.1019,3.9063,6.0999,2.0854305332271585,557.35,81.06,28.439999999999998,0.5763,19.400000000000002,0.8771057718862195,69.7807,557.35,65.13999999999997,69.7807,0.8722983947695455,28.439999999999998,0.51006,19.400000000000002,57.21393034825871,96.75373134328359,93.28358208955224,89.57213930348259,87.5776397515528,79.88955223880598,0.6417910447761194,1.0,0.9701492537313433,0.9552238805970149,B-,A+,A+,A,dorianlpgltd,0.09090909090909094,0.7272727272727273,0.671875,11.0,0.0,0.0,0.09090909090909094,0.8571428571428571,B+,83.64731621396126,67.1875,40.3125,74.98035297116901,False,False,57.21393034825871
INDV,"Indivior Pharmaceuticals, Inc",Health Care,Pharmaceuticals,36.05,11.9096,3.1741,10.9051,96.46775488359647,237.5,13.55,159.06,0.30260000000000004,29.4,0.6661563534001677,57.0364,237.5,13.55,57.0364,0.6661563534001677,108.28999999999999,0.30260000000000004,29.4,75.90875643855776,77.35598205838264,92.82560706401766,65.65840135530571,26.984126984126988,75.78646755838153,0.8278145695364238,0.8807947019867549,0.9701986754966887,0.6622516556291391,B+,B+,A+,B-,indiviorpharmaceuticalsinc,-0.016666666666666607,0.9,0.7833333333333333,10.0,90.0,84.89281911636292,-0.016666666666666607,0.25,D+,73.48488025679423,78.33333333333333,80.95712764654516,74.97932973474441,False,False,26.984126984126988
CENX,Century Aluminum Co,Materials,Aluminum,38.25,6.2972,1.4248,4.7646,4.6990749272104075,383.76,9.67,58.86,0.2783,37.84,0.2853653120142127,47.8814,383.76,9.67,47.8814,0.2853653120142127,37.95649999999999,0.2783,21.267,81.86274509803921,78.85763000852515,94.6078431372549,65.72890025575447,71.5909090909091,78.03495311167946,0.9191176470588235,0.8823529411764706,0.9852941176470589,0.6764705882352942,A-,B+,A+,B-,centuryaluminumco,0.007575757575757569,0.9166666666666666,0.8088235294117647,12.0,6.75,13.216181108454062,0.007575757575757569,0.6875,B-,80.19404402077036,80.88235294117648,53.81588420808751,74.9184120582338,False,False,65.72890025575447
NVDA,NVIDIA Corp,Information Technology,Semiconductors,229.67,28.1222,17.9034,27.0209,35.487260309955346,125.15,83.38,110.11,0.6517000000000001,101.59,0.904939809049398,26.6644,125.15,54.72500000000002,26.6644,0.904939809049398,110.11,0.4317149999999999,61.4965,43.022769127741505,90.53328065258228,96.29629629629629,62.685134920044135,47.43481917577797,70.47344947053473,0.40331491712707185,0.9779005524861878,0.994475138121547,0.5966850828729282,C,A+,A+,C+,nvidiacorp,0.015558397271952185,0.9420289855072463,0.9155405405405406,69.0,90.0,84.89281911636292,0.015558397271952185,0.4878048780487805,C,70.21693138811253,91.55405405405406,88.88956007897761,73.95145712628555,False,False,43.022769127741505
INSW,International Seaways Inc,Energy,Oil & Gas Storage & Transportation,107.92,6.7159,4.1626,5.9003,2.6390889371993675,225.76,57.36,37.04,0.6415000000000001,28.28,0.926354401805869,122.8692,225.76,57.36,103.39053999999997,0.8722983947695455,36.65899999999999,0.51006,21.97099999999999,58.208955223880594,88.62354892205639,97.76119402985076,97.8407960199005,22.981366459627328,81.28540630182421,0.664179104477612,0.9701492537313433,1.0,1.0,B-,A+,A+,A+,internationalseawaysinc,0.0,0.8571428571428571,0.7763157894736842,14.0,0.0,0.0,0.0,0.21428571428571427,D+,78.58354294778694,77.63157894736842,46.578947368421055,72.18262383191376,False,False,22.981366459627328
SWX,Southwest Gas Holdings Inc,Utilities,Gas Utilities,81.74,11.5002,3.4306,10.9029,1.4903955729380338,166.8,-15.28,12.889999999999999,0.2868,6.890000000000001,0.2820874471086035,5.7194,90.91999999999999,-15.28,5.7194,0.2820874471086035,12.889999999999999,0.2868,6.890000000000001,67.24137931034483,52.63522957214677,85.05747126436782,69.20332936979787,65.21739130434783,67.4424244320671,0.7413793103448276,0.5517241379310345,0.9310344827586207,0.6724137931034483,B,C+,A,B-,southwestgasholdingsinc,0.0,0.9230769230769231,0.8194444444444445,13.0,90.0,84.89281911636292,0.0,0.625,B-,68.96416356250188,81.94444444444446,83.12379431321185,71.79608971264388,False,False,52.63522957214677
CAH,Cardinal Health Inc,Health Care,Health Care Distributors,220.9,29.7515,0.2006,19.2931,35.891853247977124,12.43,14.23,37.169999999999995,0.98,7.340000000000001,0.6673361077485879,47.8383,12.43,14.23,47.8383,0.6673361077485879,37.169999999999995,0.38915,7.340000000000001,70.09124356144224,58.83099027923008,78.47682119205298,65.22075055187638,68.59903381642512,66.95236435459509,0.7814569536423841,0.6225165562913907,0.8278145695364238,0.6556291390728477,B,B-,B+,B-,cardinalhealthinc,0.005434782608695676,0.875,0.8189655172413793,24.0,90.0,84.89281911636292,0.005434782608695676,0.7222222222222222,B,68.81226773623762,81.89655172413794,83.09505868102792,71.66882592519568,False,False,58.83099027923008
CHRD,Chord Energy Corp,Energy,Oil & Gas Exploration & Production,137.38,8.7864,1.1794,3.0429,0.965104360953808,248.85,19.23,10.42,0.18969999999999998,8.82,0.7297074577667902,31.6873,248.85,19.23,31.6873,0.7297074577667902,10.42,0.18969999999999998,8.82,85.57213930348259,81.92220714608773,50.74626865671642,68.66998341625208,56.65024630541872,69.19804010251771,0.9701492537313433,0.8805970149253731,0.44776119402985076,0.6417910447761194,A+,B+,C,B-,chordenergycorp,0.03754940711462451,0.8636363636363636,0.8055555555555556,22.0,66.75,75.38342033638617,0.03754940711462451,0.5714285714285714,C+,69.86306473305959,80.55555555555556,78.4867014678878,71.58779208002522,False,False,50.74626865671642
BTSG,Brightspring Health Services Inc,Health Care,Health Care Services,57.09,30.5955,0.7791,21.127,5.849565048105987,440.76,19.91,18.96,0.031200000000000002,8.36,0.6490428671642452,110.7635,364.82049999999936,19.91,110.7635,0.6490428671642452,18.96,0.031200000000000002,8.36,64.56806475349521,89.25840485562154,49.448123620309055,72.12082054595379,67.90123456790124,65.77989217376613,0.695364238410596,0.9867549668874173,0.47019867549668876,0.7086092715231788,B-,A+,C,B,brightspringhealthservicesinc,0.005454545454545379,0.96,0.8916666666666667,25.0,90.0,84.89281911636292,0.005454545454545379,0.6944444444444444,B-,67.57001563055626,89.16666666666667,87.45712764654516,71.54743803375405,False,False,49.448123620309055
GOOGL,Alphabet Inc,Communication Services,Interactive Media & Services,341.52,17.2238,9.4336,27.1295,9.941345132228157,115.31,20.05,50.839999999999996,0.3311,44.84,0.6116802685651442,39.9243,115.31,20.05,39.9243,0.6116802685651442,50.839999999999996,0.3311,44.84,29.351656095842145,82.47115470952681,91.2878787878788,79.9711369370747,66.66666666666666,67.64834205025053,0.2840909090909091,0.8977272727272727,0.9431818181818182,0.8181818181818182,D+,B+,A,B+,alphabetinc,0.02857142857142858,0.9,0.8766666666666667,70.0,90.0,84.89281911636292,0.02857142857142858,0.6666666666666666,B-,69.3150087169172,87.66666666666667,86.55712764654517,70.36554665899912,True,False,29.351656095842145
THC,Tenet Healthcare Corp,Health Care,Health Care Facilities,260.32,9.3314,0.9409,5.8934,5.363828362437542,66.15,7.43,50.629999999999995,0.204,12.709999999999999,0.8188411572487446,32.0201,66.15,7.43,32.0201,0.8188411572487446,50.629999999999995,0.204,12.709999999999999,92.7093451066961,65.56161183960128,77.70419426048564,68.84326710816777,48.842592592592595,74.48436063134925,0.9801324503311258,0.7284768211920529,0.8079470198675497,0.6821192052980133,A+,B,B+,B-,tenethealthcarecorp,0.0,0.8518518518518519,0.8046875,27.0,6.75,13.216181108454062,0.0,0.4166666666666667,C,74.3686198906085,80.46875,53.567722443381626,70.20844040116313,False,False,48.842592592592595
DXCM,Dexcom Inc,Health Care,Health Care Equipment,87.03,32.6968,6.5779,23.4301,12.195566267761555,79.4,15.54,36.19,0.22920000000000001,22.93,0.8555093555093555,26.8228,79.4,15.54,26.8228,0.8555093555093555,36.19,0.22920000000000001,22.93,39.83517292126564,79.3217205507712,84.7682119205298,71.78807947019867,44.44444444444445,66.37280621464282,0.40397350993377484,0.9006622516556292,0.9006622516556292,0.695364238410596,C,A-,A-,B-,dexcominc,-0.0037537537537537524,0.8611111111111112,0.8231707317073171,36.0,90.0,84.89281911636292,-0.0037537537537537524,0.3888888888888889,C-,65.81725065908728,82.31707317073172,83.3473715489842,69.32327483706666,False,False,39.83517292126564
PARR,Par Pacific Holdings Inc,Energy,Oil & Gas Refining & Marketing,76.59,4.5287,0.4503,3.4491,2.5175528557904703,5.6,13.19,53.510000000000005,0.1328,34.58,0.7958172812328014,104.704,5.6,13.19,103.39053999999997,0.7958172812328014,36.65899999999999,0.1328,21.97099999999999,96.51741293532338,53.384101205339846,81.59203980099504,83.78795676788474,25.17006802721089,76.96177477872453,1.0,0.5970149253731343,0.8955223880597015,0.8805970149253731,A+,C+,B+,B+,parpacificholdingsinc,0.0,0.8461538461538461,0.7638888888888888,13.0,0.0,0.0,0.0,0.2857142857142857,D+,74.47878158144562,76.38888888888889,45.83333333333333,68.74969193182316,False,False,25.17006802721089
TILE,Interface Inc,Industrials,Office Services & Supplies,35.27,9.3751,1.4459,7.3415,3.1869809973886096,127.84,4.06,33.54,0.1889,25.540000000000003,0.6751552795031058,24.1623,127.84,4.06,24.1623,0.6751552795031058,33.54,0.1889,25.540000000000003,85.24383247274814,65.8858387429816,83.11996284457557,72.10625862949443,42.83876500857633,74.68936830382613,0.9156626506024096,0.7630522088353414,0.9076305220883534,0.7429718875502008,A-,B,A-,B,interfaceinc,0.0,0.8888888888888888,0.7678571428571428,9.0,0.0,0.0,0.0,0.3867924528301887,C-,73.97324480468376,76.78571428571428,46.07142857142856,68.39288155803273,False,False,42.83876500857633
LTH,"Life Time Group Holdings, Inc",Consumer Discretionary,Leisure Facilities,39.68,21.5284,2.8066,11.7966,2.8060647205250056,79.11,12.69,13.139999999999999,0.1727,8.86,0.6728729162156311,44.4525,79.11,12.69,44.4525,0.6728729162156311,13.139999999999999,0.1727,8.86,33.98338870431893,86.66407867494826,53.10782703886152,91.33333333333334,91.71842650103518,62.37228633745144,0.2914285714285714,0.9257142857142857,0.49714285714285716,0.9371428571428572,D+,A-,C,A,lifetimegroupholdingsinc,0.05263157894736836,0.9473684210526315,0.8645833333333333,19.0,90.0,84.89281911636292,0.05263157894736836,0.9130434782608695,A-,66.54412898755496,86.45833333333333,85.83212764654516,68.33996380685767,True,False,33.98338870431893
APH,Amphenol Corp,Information Technology,Electronic Components,84.21,40.3164,7.1476,24.2141,7.7001856237598405,59.37,54.17,37.14,0.2703,17.66,0.8986960882647942,37.4918,59.37,54.17,37.4918,0.8986960882647942,37.14,0.2703,17.66,46.747865394274235,78.77140271688194,78.33333333333333,65.30532247467957,73.39246119733924,65.08564472021419,0.4530386740331492,0.8839779005524862,0.8259668508287292,0.6353591160220995,C,B+,B+,B-,amphenolcorp,0.03623188405797095,0.8695652173913043,0.8124999999999999,23.0,36.75,53.779649598295165,0.03623188405797095,0.7073170731707317,B,67.42489083994812,81.24999999999999,70.26185983931806,67.99228463982212,False,False,46.747865394274235
INVA,Innoviva Inc,Health Care,Pharmaceuticals,20.68,4.1943,3.4054,6.7197,1.3160155529110797,1744.6,18.84,30.03,0.36950000000000005,24.68,0.48203939745075325,11.6855,364.82049999999936,18.84,11.6855,0.48203939745075325,30.03,0.36950000000000005,24.68,79.68359087564386,87.86865470151179,89.84547461368653,40.85322655167103,54.36507936507936,73.12664262296916,0.8940397350993378,0.9735099337748344,0.9437086092715232,0.3708609271523179,B+,A+,A,C-,innovivainc,0.0,0.8181818181818182,0.734375,11.0,0.0,0.0,0.0,0.5416666666666666,C+,73.5631505594771,73.4375,44.0625,67.66302044758169,False,False,40.85322655167103
RELY,Remitly Global Inc,Financials,Transaction & Payment Processing Services,21.8,14.8245,2.4986,19.5625,5.28510473235066,2130.02,23.79,32.97,0.09449999999999999,31.55,0.631209818819404,31.4462,185.31,23.79,31.4462,0.631209818819404,32.97,0.09449999999999999,29.45649999999999,25.840336134453782,81.91790426232485,90.75630252100841,76.33053221288516,82.8125,65.79884695890755,0.2184873949579832,0.9369747899159664,0.907563025210084,0.7899159663865546,D+,A,A-,B,remitlyglobalinc,0.003676470588235281,0.9411764705882353,0.8522727272727273,17.0,90.0,84.89281911636292,0.003676470588235281,0.84375,B+,69.08009695890755,85.22727272727273,85.09349128290881,67.52972774958583,True,False,25.840336134453782
ECPG,Encore Capital Group Inc,Financials,Consumer Finance,98.02,6.9214,1.0978,8.528,2.1764617065307172,13.54,29.55,29.830000000000002,0.3605,5.970000000000001,0.8929724742426571,125.9701,13.54,29.55,49.25565499999992,0.8728421284860932,29.830000000000002,0.3605,5.970000000000001,66.59663865546219,46.759777700082026,87.39495798319328,96.78125795772854,62.74999999999999,72.20610629122598,0.7142857142857143,0.42857142857142855,0.8739495798319328,0.9873949579831933,B,C,B+,A+,encorecapitalgroupinc,0.0,0.8,0.7166666666666667,10.0,0.0,0.0,0.0,0.609375,B-,73.48110629122598,71.66666666666667,43.0,67.38488503298079,False,False,46.759777700082026
TPR,Tapestry Inc,Consumer Discretionary,"Apparel, Accessories & Luxury Goods",113.11,14.8633,2.8369,11.6187,32.75133194347927,1030.94,14.17,262.81,0.23920000000000002,50.449999999999996,0.28008356545961,5.6401,109.7939999999999,14.17,5.6401,0.28008356545961,195.4694999999998,0.23920000000000002,41.3595,43.52380952380952,91.53140394088669,95.03886152162015,62.152380952380966,76.74858223062382,70.37742474001095,0.4342857142857143,0.9542857142857143,1.0,0.6057142857142858,C,A,A+,B-,tapestryinc,0.0357142857142857,0.75,0.7196969696969697,28.0,0.0,0.0,0.0357142857142857,0.782608695652174,B,73.05228296307334,71.96969696969697,43.18181818181818,67.07819000682231,False,False,43.52380952380952
ENVA,Enova International Inc,Financials,Consumer Finance,172.02,12.1518,2.0972,10.6311,3.1805961815095722,43.8,22.52,25.759999999999998,0.4019,5.93,0.41963170931807414,41.2359,43.8,22.52,41.2359,0.41963170931807414,25.759999999999998,0.4019,5.93,41.1764705882353,59.327233654194245,83.61344537815127,67.32365673542144,62.74999999999999,61.52765706951978,0.36134453781512604,0.6680672268907563,0.8361344537815126,0.680672268907563,C-,B-,B+,B-,enovainternationalinc,0.0,0.9230769230769231,0.8194444444444445,13.0,90.0,84.89281911636292,0.0,0.609375,B-,62.80265706951978,81.94444444444446,83.12379431321185,66.8668845182582,False,False,41.1764705882353
KEYS,Keysight Technologies Inc,Information Technology,Electronic Equipment & Instruments,357.56,48.9319,9.3671,41.5146,10.408831029704585,131.85,25.54,20.169999999999998,0.2025,14.360000000000001,0.9194954594216019,110.1491,131.85,25.54,110.1491,0.9194954594216019,20.169999999999998,0.2025,14.360000000000001,32.16871756236397,89.66151110031662,69.44444444444444,91.9820681819509,97.78270509977827,66.7320063581556,0.30386740331491713,0.9668508287292817,0.7237569060773481,0.9779005524861878,C-,A,B,A+,keysighttechnologiesinc,0.09473684210526312,0.8947368421052632,0.8229166666666666,19.0,6.75,13.216181108454062,0.09473684210526312,0.9512195121951219,A,71.51027686813343,82.29166666666666,54.66147244338162,66.56876651230026,True,False,32.16871756236397
MSFT,Microsoft Corp,Information Technology,Systems Software,507.08,28.657,11.5503,20.2425,8.513095843679226,31.56,17.79,33.22,0.4673,26.5,0.7719538431449245,1.8027,31.56,17.79,1.8027,0.7719538431449245,33.22,0.4317149999999999,26.5,51.27239243261343,57.42864914319273,87.22222222222221,54.71594241124165,40.402969247083774,62.05257197459579,0.5580110497237569,0.5966850828729282,0.9060773480662984,0.4972375690607735,C+,C+,A-,C,microsoftcorp,0.0032938076416337836,0.927536231884058,0.9020270270270271,69.0,90.0,84.89281911636292,0.0032938076416337836,0.4146341463414634,C,61.09286889930417,90.20270270270271,88.07874926816679,66.49004497307669,False,False,40.402969247083774
AMG,Affiliated Managers Group Inc,Financials,Asset Management & Custody Banks,372.06,11.2853,4.2567,19.598,3.1020329212685933,121.28,11.81,26.950000000000003,0.2152,14.46,0.8718835965382611,57.2372,121.28,11.81,49.25565499999992,0.8718835965382611,26.950000000000003,0.2152,14.46,46.21848739495799,66.20771081224791,85.29411764705883,94.04295051353874,62.797619047619044,69.92828352566154,0.42857142857142855,0.7773109243697479,0.8529411764705882,0.9537815126050421,C,B,B+,A,affiliatedmanagersgroupinc,0.0,0.9,0.7833333333333333,10.0,0.0,0.0,0.0,0.75,B,71.20804543042345,78.33333333333333,46.99999999999999,66.36643634433877,False,False,46.21848739495799
HCSG,Healthcare Services Group Inc,Industrials,Environmental & Facilities Services,20.97,11.7501,0.7748,9.2393,2.8604555995089345,1113.07,5.22,24.12,0.06849999999999999,24.12,0.549926550905872,28.6675,191.6919999999998,5.22,28.6675,0.549926550905872,24.12,0.06849999999999999,24.12,88.01792202824906,66.68616188320622,61.494959429554946,67.31630250770853,84.56260720411665,69.17871324263395,0.9477911646586346,0.7751004016064257,0.6385542168674698,0.6907630522088354,A,B,B-,B-,healthcareservicesgroupinc,0.02564102564102566,0.6923076923076923,0.6527777777777778,13.0,0.0,0.0,0.02564102564102566,0.8490566037735849,B+,72.63497396304561,65.27777777777779,39.16666666666667,65.94131250376982,False,False,61.494959429554946
ZD,Ziff Davis Inc,Communication Services,Advertising,56.54,3.043,1.4781,5.9749,1.2373724110159847,1040.24,-8.46,34.27,-0.22,23.45,0.8963952237832664,54.9493,431.6479999999967,-8.46,54.9493,0.8963952237832664,34.27,-0.113465,23.45,81.71247357293869,55.396239262518336,56.06060606060606,88.44789356984478,84.12698412698413,68.21209647485881,0.9318181818181818,0.6590909090909091,0.4772727272727273,0.9318181818181818,A,B-,C,A,ziffdavisinc,0.05494505494505497,0.7692307692307693,0.7083333333333334,13.0,0.0,0.0,0.05494505494505497,0.8333333333333334,B+,71.62479488755723,70.83333333333334,42.50000000000001,65.79983591004579,False,False,55.396239262518336
ADI,Analog Devices Inc,Information Technology,Semiconductors,392.55,46.1245,13.7393,34.7687,5.684146509220176,114.38,33.65,12.26,0.3555,9.73,0.7601150872145297,59.011,114.38,33.65,59.011,0.7601150872145297,12.26,0.3555,9.73,33.7414197220827,81.22879119221778,62.59259259259259,66.85682019960674,81.32884777123633,58.70062535703373,0.32044198895027626,0.9060773480662984,0.6685082872928176,0.6961325966850829,C-,A-,B-,B-,analogdevicesinc,0.05128205128205132,0.8974358974358975,0.8579545454545455,39.0,90.0,84.89281911636292,0.05128205128205132,0.8048780487804879,B+,61.833510134157365,85.79545454545455,85.4344003738179,65.57009085674643,True,False,33.7414197220827
TGTX,TG Therapeutics Inc,Health Care,Biotechnology,56.54,19.9116,10.9948,71.1211,39.62436050178709,633.73,76.08,72.3,0.1591,39.92,0.9151813153042411,65.791,364.82049999999936,50.44,65.791,0.9151813153042411,72.3,0.1591,29.675,32.91537895511406,97.20800870303879,84.43708609271523,74.29336339298295,86.90476190476191,68.63839068116167,0.2913907284768212,1.0,0.8874172185430463,0.7417218543046358,D+,A+,B+,B,tgtherapeuticsinc,0.05714285714285705,0.8571428571428571,0.7763157894736842,14.0,0.0,0.0,0.05714285714285705,0.8888888888888888,B+,72.32886687163786,77.63157894736842,46.578947368421055,65.21023027465907,True,False,32.91537895511406
UAL,United Airlines Holdings Inc,Industrials,Passenger Airlines,110.24,10.5833,0.5882,6.7731,2.3334278783671083,7.02,8.48,22.5,0.0775,8.74,0.4729355255865507,14.9672,7.02,8.48,14.9672,0.4729355255865507,22.5,0.0775,8.74,94.22834193918531,46.81070395356109,49.150342868070915,54.16101291029575,45.32403609515997,61.03901457458543,0.9919678714859438,0.41365461847389556,0.4779116465863454,0.5060240963855421,A+,C,C,C+,unitedairlinesholdingsinc,0.0,0.8666666666666667,0.8214285714285714,30.0,90.0,84.89281911636292,0.0,0.5566037735849056,C+,60.571418184101425,82.14285714285714,83.24284193225945,65.10570293373303,False,False,45.32403609515997
ADEA,Adeia Inc,Information Technology,IT Consulting & Other Services,24.91,22.905,5.9675,12.1829,5.650191666477647,45.93,24.35,26.700000000000003,0.41619999999999996,14.13,0.5851297844258688,52.9412,45.93,24.35,52.9412,0.5851297844258688,26.700000000000003,0.41619999999999996,14.13,66.15184999162899,76.03655000793096,78.33333333333333,72.39250679299383,33.79790940766551,70.80710719142553,0.7292817679558011,0.8453038674033149,0.8259668508287292,0.7790055248618785,B,B+,B+,B,adeiainc,0.0,0.9,0.7833333333333333,10.0,0.0,0.0,0.0,0.2926829268292683,D+,69.18689813219208,78.33333333333333,46.99999999999999,64.74951850575367,False,False,33.79790940766551
UFCS,United Fire Group Inc,Financials,Property & Casualty Insurance,53.5,9.7252,0.9307,6.8586,1.4507805741836988,52.92,11.36,14.96,0.12869999999999998,12.950000000000001,0.8799999999999999,74.6806,52.92,11.36,49.25565499999992,0.8728421284860932,14.96,0.12869999999999998,12.950000000000001,69.11764705882352,63.276217484319645,59.2436974789916,98.38491494158639,59.510869565217384,69.42256261963499,0.7478991596638656,0.7394957983193278,0.592436974789916,1.0,B,B,C+,A+,unitedfiregroupinc,0.0,0.7777777777777778,0.6964285714285714,9.0,0.0,0.0,0.0,0.421875,C,70.37364957615672,69.64285714285714,41.785714285714285,64.65606251806824,False,False,59.2436974789916
EAT,Brinker International Inc,Consumer Discretionary,Restaurants,209.04,17.7694,1.4901,10.7185,19.881683818074602,44.75,36.41,123.85,0.1067,55.76,0.7029542956881505,55.7543,44.75,26.012999999999973,54.84940999999998,0.7029542956881505,123.85,0.1067,41.3595,49.27796234772979,86.51785714285714,79.9792008757526,91.31746031746032,21.325051759834373,72.8813542979341,0.49714285714285716,0.92,0.88,0.9314285714285714,C,A-,B+,A,brinkerinternationalinc,-0.03703703703703709,0.7407407407407407,0.7109375,27.0,0.0,0.0,-0.03703703703703709,0.17391304347826086,D,70.01385947391753,71.09375,42.65625,64.54233757913403,False,False,21.325051759834373
RL,Ralph Lauren Corp,Consumer Discretionary,"Apparel, Accessories & Luxury Goods",352.91,21.6298,2.5445,14.4495,7.4645870480710865,26.61,14.68,35.63,0.1494,23.22,0.4352080249958889,17.8976,26.61,14.68,17.8976,0.4352080249958889,35.63,0.1494,23.22,28.169435215946837,79.0316091954023,73.23918992884511,79.73333333333333,84.87712665406427,62.105144791945115,0.2057142857142857,0.8628571428571429,0.7828571428571428,0.7771428571428571,D+,B+,B,B,ralphlaurencorp,0.03571428571428581,0.8928571428571429,0.840909090909091,28.0,90.0,84.89281911636292,0.03571428571428581,0.8260869565217391,B+,65.59285745735154,84.09090909090911,84.41167310109063,64.35303581524505,True,False,28.169435215946837
HCC,Warrior Met Coal Inc,Materials,Steel,90.1,21.5489,2.8119,10.67,2.2119222856693947,440.05,37.48,10.02,0.1364,8.95,0.5697275479313824,39.3803,440.05,37.48,39.3803,0.5697275479313824,10.02,0.1364,8.95,53.43137254901961,93.78608207208612,59.31372549019608,72.6977687626775,90.21739130434783,66.48304467675665,0.6176470588235294,1.0,0.5955882352941176,0.75,B-,A+,C+,B,warriormetcoalinc,0.02564102564102566,0.6923076923076923,0.6527777777777778,13.0,0.0,0.0,0.02564102564102566,0.9375,A,70.50478380719143,65.27777777777779,39.16666666666667,64.23716037908648,False,False,53.43137254901961
AMRX,Amneal Pharmaceuticals Inc,Health Care,Pharmaceuticals,19.84,40.1214,2.0252,13.7524,460.3248259860789,7506.35,9.28,174.60999999999999,0.1456,2.09,0.8857509627727855,105.9375,364.82049999999936,9.28,105.9375,0.8857509627727855,108.28999999999999,0.1456,2.09,60.650478292862395,75.34747804973294,60.8167770419426,87.05375019251503,54.36507936507936,67.84705948215084,0.6357615894039735,0.8609271523178808,0.5894039735099338,0.9403973509933775,B-,B+,C+,A,amnealpharmaceuticalsinc,0.0,0.9090909090909091,0.796875,11.0,0.0,0.0,0.0,0.5416666666666666,C+,68.28356741865878,79.6875,47.8125,64.18935393492703,False,False,54.36507936507936
JBSS,John B Sanfilippo & Son Inc,Consumer Staples,Packaged Foods & Meats,67.65,12.6953,0.6688,9.6255,2.0820317429052424,4.7,6.18,16.509999999999998,0.0759,13.850000000000001,0.2599212359890944,6.781,4.7,6.18,6.781,0.2599212359890944,16.509999999999998,0.0759,13.850000000000001,78.09523809523809,69.48717948717949,55.23809523809524,65.56776556776558,86.01398601398601,65.34432234432234,0.8857142857142857,0.7857142857142857,0.55,0.6,B+,B,C+,C+,johnbsanfilipposoninc,0.017857142857142905,0.875,0.7500000000000001,8.0,0.0,0.0,0.017857142857142905,0.8461538461538461,B+,68.94572094572095,75.00000000000001,45.00000000000001,64.15657675657677,False,False,55.23809523809524
FIVE,Five Below Inc,Consumer Discretionary,Specialty Stores,228.03,19.7923,2.3062,11.8844,5.741991856509379,125.33,25.56,27.73,0.1475,27.73,0.7157527457277665,46.7176,109.7939999999999,25.56,46.7176,0.7157527457277665,27.73,0.1475,27.73,36.64673311184939,95.22390109890111,72.28352490421456,88.46153846153845,58.59213250517599,68.9696524161039,0.3485714285714286,0.9942857142857143,0.7657142857142857,0.88,C-,A+,B,B+,fivebelowinc,0.009469696969697017,0.696969696969697,0.6776315789473686,33.0,0.0,0.0,0.009469696969697017,0.5652173913043478,C+,69.8288656666215,67.76315789473686,40.65789473684212,63.94896100103658,True,False,36.64673311184939
NUE,Nucor Corp,Materials,Steel,247.12,24.0648,1.6421,13.0999,2.700661723322059,79.23,12.27,11.16,0.0999,8.36,0.7782781100880435,83.4743,79.23,12.27,79.35161499999998,0.7782781100880435,11.16,0.0999,8.36,51.470588235294116,71.12394029229729,51.470588235294116,95.84178498985801,100.0,64.12843917407812,0.5735294117647058,0.7941176470588235,0.47794117647058826,0.9852941176470589,C+,B,C,A+,nucorcorp,0.04166666666666663,0.75,0.7155172413793104,24.0,0.0,0.0,0.029647435897435903,1.0,A+,69.12843917407812,71.55172413793103,42.93103448275862,63.88895823581422,False,False,51.470588235294116
JLL,Jones Lang LaSalle Inc,Real Estate,Real Estate Services,315.02,14.8237,0.5399,11.0927,1.9711109790168222,79.2,11.17,13.569999999999999,0.04650000000000001,10.24,0.4118349376912171,7.0429,79.2,11.314,7.0429,0.4118349376912171,13.569999999999999,0.04650000000000001,10.044,80.0,60.41666666666667,60.0,75.0,75.0,67.08333333333334,1.0,0.8,0.7,0.8,A+,B,B-,B,joneslanglasalleinc,0.0,0.6875,0.6547619047619047,16.0,0.0,0.0,0.0,0.75,B,69.58333333333334,65.47619047619047,39.28571428571428,63.52380952380953,False,False,60.0
GFF,Griffon Corp,Industrials,Building Products,97.84,24.9007,2.0124,12.566,61.299417329741246,192.58,-12.03,176.12,0.1959,12.25,0.7536730945821857,31.4847,191.6919999999998,-5.83,31.4847,0.7536730945821857,69.54999999999994,0.1959,12.25,59.82023331420921,52.54469720685937,80.10928066005519,87.84415211867879,43.69811320754717,68.06014835867373,0.6385542168674698,0.5220883534136547,0.8514056224899599,0.9116465863453815,B-,C+,B+,A-,griffoncorp,0.0,0.9090909090909091,0.796875,11.0,0.0,0.0,0.0,0.4528301886792453,C,67.42995967942845,79.6875,47.8125,63.506467743542764,False,False,43.69811320754717
FAF,First American Financial Corp,Financials,Property & Casualty Insurance,65.02,9.0809,0.8475,4.6961,1.2059343394532678,298.96,22.52,13.600000000000001,0.1519,9.26,0.372625148395219,3.144,185.31,22.52,3.144,0.372625148395219,13.600000000000001,0.1519,9.26,77.94117647058823,82.93754642022202,54.621848739495796,44.05410944865751,94.56521739130434,63.53908747629691,0.8970588235294118,0.9453781512605042,0.5462184873949579,0.4579831932773109,B+,A,C+,C,firstamericanfinancialcorp,0.018181818181818188,0.8181818181818182,0.734375,11.0,0.0,0.0,0.018181818181818188,0.9375,A,67.99560921542735,73.4375,44.0625,63.20898737234188,False,False,44.05410944865751
FDX,FedEx Corp,Industrials,Air Freight & Logistics,286.0,15.2611,0.7142,8.1473,2.1689259645464025,9.81,7.73,15.110000000000001,0.0576,8.42,0.6388246745346149,50.0446,9.81,7.73,50.0446,0.6388246745346149,15.110000000000001,0.0576,8.42,88.30970139059639,54.53738668024381,39.063464743327046,82.77612806012118,92.81221922731356,64.30599448155385,0.9518072289156626,0.5542168674698795,0.3493975903614458,0.8514056224899599,A,C+,C-,B+,fedexcorp,0.04935064935064937,0.6857142857142857,0.66875,35.0,0.0,0.0,0.04935064935064937,0.9245283018867925,A-,68.58721640428521,66.875,40.125,62.89477312342817,False,False,39.063464743327046
AMAT,Applied Materials Inc,Information Technology,Semiconductor Materials & Equipment,481.18,41.5339,12.4816,39.7602,18.690957116221256,38.36,7.77,40.44,0.2964,31.47,0.5243711704417907,142.986,38.36,7.77,142.986,0.5243711704417907,40.44,0.2964,31.47,34.03649757240918,45.28325485936645,84.62962962962962,70.16533682022057,54.926829268292686,57.756250136427106,0.3314917127071823,0.425414364640884,0.8729281767955801,0.7458563535911602,C-,C,B+,B,appliedmaterialsinc,0.018840579710144967,0.8666666666666667,0.8350000000000001,45.0,90.0,84.89281911636292,0.018840579710144967,0.5365853658536586,C+,58.24893306325637,83.50000000000001,84.05712764654518,62.82376143811106,True,False,34.03649757240918
ANDE,Andersons Inc,Consumer Staples,Food Distributors,67.02,12.8316,0.208,11.1105,1.8220274473129037,119.33,-5.2,14.149999999999999,0.013300000000000001,8.0,0.6486612339930151,68.7327,100.61199999999988,-5.2,67.96360499999999,0.6486612339930151,14.149999999999999,0.013300000000000001,8.0,83.80952380952381,55.07692307692307,33.80952380952381,90.68571428571428,79.93311036789298,63.55728937728938,0.9428571428571428,0.4714285714285714,0.2571428571428571,0.9285714285714286,A,C,D+,A-,andersonsinc,0.011111111111111183,0.9,0.7833333333333333,10.0,0.0,0.0,0.011111111111111183,0.7692307692307693,B,66.55060041407867,78.33333333333333,46.99999999999999,62.64048033126294,False,False,33.80952380952381
WST,West Pharmaceutical Services Inc,Health Care,Health Care Supplies,373.73,46.1748,7.8406,30.0857,8.472470647977493,17.22,12.38,18.509999999999998,0.2045,17.330000000000002,0.9243386569649135,45.5674,17.22,12.38,45.5674,0.9243386569649135,18.509999999999998,0.2045,17.330000000000002,28.5533480500368,62.91059442025272,74.17218543046357,75.07370220038453,98.67724867724868,58.27824269425254,0.2251655629139073,0.695364238410596,0.7748344370860927,0.7615894039735099,D+,B-,B,B,westpharmaceuticalservicesinc,0.09486166007905128,0.9130434782608695,0.8482142857142856,23.0,66.75,75.38342033638617,0.06783306207858636,0.9722222222222222,A+,63.14596756197741,84.82142857142856,81.0462252774116,62.561166588075956,True,False,28.5533480500368
MATX,Matson Inc,Industrials,Marine Transportation,226.49,14.4849,1.9421,9.9816,2.495576079315444,0.86,-0.16,16.939999999999998,0.1518,15.040000000000001,0.9065627030539312,117.8416,0.86,-0.16,75.1288999999999,0.8706365842083148,16.939999999999998,0.1518,15.040000000000001,75.82274676939049,25.128282271139415,61.98071196350026,97.78796074837383,68.26758147512865,64.03411328712534,0.8473895582329317,0.11646586345381527,0.642570281124498,0.9959839357429718,B+,D,B-,A+,matsoninc,0.011111111111111183,0.9,0.7833333333333333,10.0,0.0,0.0,0.011111111111111183,0.660377358490566,B-,65.8608714346382,78.33333333333333,46.99999999999999,62.08869714771056,False,False,25.128282271139415
HPE,Hewlett Packard Enterprise Co,Information Technology,"Technology Hardware, Storage & Peripherals",61.4,29.9357,1.9954,23.2109,3.278636001986405,128.23,26.59,11.020000000000001,0.0703,5.9799999999999995,0.9072254966164593,159.9752,128.23,26.59,159.9752,0.9072254966164593,11.020000000000001,0.0703,5.9799999999999995,67.39494391428093,76.05797163899872,35.55555555555555,83.4681111556941,97.96747967479675,62.64284142639768,0.7458563535911602,0.850828729281768,0.3011049723756906,0.8895027624309392,B,B+,C-,B+,hewlettpackardenterpriseco,0.14010989010989017,0.6785714285714286,0.6590909090909092,28.0,0.0,0.0,0.09473684210526312,1.0,A+,67.43958939387736,65.90909090909092,39.545454545454554,61.8607624241928,False,False,35.55555555555555
LRCX,Lam Research Corp,Information Technology,Semiconductor Materials & Equipment,310.12,54.2887,16.9773,45.431,31.11623940199669,38.62,26.02,66.97,0.3529,48.57,0.5904682914380504,146.008,38.62,26.02,146.008,0.5904682914380504,66.97,0.3529,48.57,24.570986104135272,71.28198988283367,90.0,74.30630991551487,82.43902439024392,62.76040648570353,0.19337016574585636,0.7845303867403315,0.9392265193370166,0.8011049723756906,D,B,A,B+,lamresearchcorp,0.0441347270615563,0.8536585365853658,0.8206521739130435,41.0,36.75,53.779649598295165,0.0441347270615563,0.8292682926829268,B+,66.00430892472792,82.06521739130434,70.75099027410067,61.710176019831806,True,False,24.570986104135272
UMBF,UMB Financial Corp,Financials,Regional Banks,133.6,10.9428,2.36702,,1.3190684375357904,40.79,72.21914,12.17,0.3178459,8.25,0.605126151381658,14.3266,40.79,72.21914,14.3266,0.605126151381658,12.17,0.3178459,8.25,67.6470588235294,81.25132641987511,46.21848739495798,52.63488572999293,97.29166666666667,60.24362898459545,0.7184873949579832,0.9327731092436975,0.46218487394957986,0.5504201680672269,B,A,C,C+,umbfinancialcorp,0.023809523809523725,0.8571428571428571,0.7980769230769231,21.0,0.0,0.0,0.020714285714285675,0.984375,A+,64.97279565126212,79.8076923076923,47.88461538461538,61.55515959793277,False,False,46.21848739495798
TWLO,Twilio Inc,Information Technology,Systems Software,278.38,36.8717,7.6011,130.7722,5.424533357236251,5800.25,17.82,14.149999999999999,0.052000000000000005,12.61,0.8721826377781009,172.18,703.5419999999999,17.82,172.18,0.8721826377781009,14.149999999999999,0.052000000000000005,12.61,32.690858864892014,79.23221045192898,47.22222222222222,89.62642879924277,72.32237539766703,58.74999812201291,0.30939226519337015,0.8895027624309392,0.4585635359116022,0.9502762430939227,C-,B+,C,A,twilioinc,0.03654970760233911,0.8421052631578947,0.8081395348837209,38.0,36.75,53.779649598295165,0.03654970760233911,0.6829268292682927,B-,60.98223566177961,80.81395348837209,70.00023193234132,61.511039648953265,True,False,32.690858864892014
CUBI,Customers Bancorp Inc,Financials,Regional Banks,76.55,8.9325,1.99781,,1.237209708257708,85.16,55.59768,13.569999999999999,0.3985504,11.82,0.6874375873776711,15.3075,85.16,55.59768,15.3075,0.6874375873776711,13.569999999999999,0.3985504,11.82,77.31092436974791,76.57154183441739,54.20168067226891,62.12989868844734,60.62499999999999,65.61843936507715,0.8907563025210085,0.907563025210084,0.542016806722689,0.6260504201680672,B+,A-,C+,B-,customersbancorpinc,0.0,0.7058823529411765,0.6704545454545455,17.0,0.0,0.0,0.0,0.5,C,66.68093936507715,67.04545454545455,40.22727272727273,61.39020603751627,False,False,54.20168067226891
JBL,Jabil Inc,Information Technology,Electronic Manufacturing Services,315.86,38.5038,0.9881,23.1481,22.438178860402505,55.75,17.8,62.419999999999995,0.042800000000000005,18.59,0.5275512446716322,50.6851,55.75,17.8,50.6851,0.5275512446716322,62.419999999999995,0.042800000000000005,18.59,68.32098610413529,68.79706335441196,60.0,52.59957317906637,85.04772004241782,61.35957383272949,0.7569060773480663,0.7292817679558011,0.6353591160220995,0.4585635359116022,B,B,B-,C,jabilinc,0.05882352941176472,0.8235294117647058,0.7613636363636364,17.0,0.0,0.0,0.05882352941176472,0.8536585365853658,B+,64.86434583697127,76.13636363636364,45.68181818181818,61.02784030594066,False,False,52.59957317906637
ASTH,Astrana Health Inc,Health Care,Health Care Facilities,36.2,44.4943,0.4693,13.824,2.2708453566858204,58.83,58.91,5.09,0.0276,2.2399999999999998,0.5405727923627686,30.4519,58.83,50.44,30.4519,0.5405727923627686,5.09,0.0276,2.2399999999999998,67.71302428256071,88.73130531283678,28.256070640176603,54.278145695364245,29.629629629629626,57.594163932324534,0.7350993377483444,0.9801324503311258,0.25165562913907286,0.5298013245033113,B,A+,D+,C+,astranahealthinc,-0.007352941176470562,0.875,0.7976190476190476,16.0,90.0,84.89281911636292,-0.007352941176470562,0.2777777777777778,D+,55.557126895287496,79.76190476190476,81.81427050368802,60.80855561696761,False,False,28.256070640176603
IQV,IQVIA Holdings Inc,Health Care,Life Sciences Tools & Services,269.51,32.3657,2.6204,17.3454,7.028886477915249,16.8,8.17,21.95,0.1292,6.279999999999999,0.9358014646053703,53.0194,16.8,8.17,53.0194,0.9358014646053703,21.95,0.1292,6.279999999999999,55.983811626195745,55.09771820681546,58.94039735099338,77.2105157535621,84.84848484848484,60.192699036372794,0.5894039735099338,0.5761589403973509,0.5761589403973509,0.8079470198675497,C+,C+,C+,B+,iqviaholdingsinc,0.021428571428571352,0.8214285714285714,0.7803030303030304,28.0,0.0,0.0,0.021428571428571352,0.8611111111111112,B+,63.67754752122128,78.03030303030305,46.81818181818183,60.30567438061339,False,False,55.09771820681546
EZPW,EZCORP Inc,Financials,Consumer Finance,30.99,12.0938,1.2083,8.2836,1.8401301569959383,61.24,28.61,14.45,0.139,9.8,0.7025454545454545,69.4399,61.24,28.61,49.25565499999992,0.7025454545454545,14.45,0.139,9.8,52.10084033613445,66.98916031729141,58.40336134453782,86.98242933537051,62.74999999999999,63.42036835070046,0.5084033613445378,0.7899159663865546,0.5840336134453782,0.8991596638655462,C+,B,C+,B+,ezcorpinc,0.0,0.7692307692307693,0.7083333333333334,13.0,0.0,0.0,0.0,0.609375,B-,64.69536835070046,70.83333333333334,42.50000000000001,60.25629468056037,False,False,52.10084033613445
TER,Teradyne Inc,Information Technology,Semiconductor Materials & Equipment,387.73,54.1488,13.9522,45.4232,21.64710742878837,152.84,57.87,38.04,0.3023,36.82,0.7211955916731603,199.8269,152.84,54.72500000000002,199.8269,0.7211955916731603,38.04,0.3023,36.82,26.417838607065132,93.0887234298702,84.81481481481482,85.30215003470352,66.73170731707316,68.48633804838474,0.20994475138121546,0.988950276243094,0.8839779005524862,0.9005524861878453,D+,A+,B+,A-,teradyneinc,0.031620553359683834,0.7272727272727273,0.6944444444444444,22.0,0.0,0.0,0.031620553359683834,0.6341463414634146,B-,70.15950878009205,69.44444444444444,41.666666666666664,59.94689384342835,True,False,26.417838607065132
GMED,Globus Medical Inc,Health Care,Health Care Equipment,74.63,18.6862,3.1814,12.3985,2.2039389169602592,50.93,19.74,11.59,0.20600000000000002,11.59,0.4334391534391533,35.245,50.93,19.74,35.245,0.4334391534391533,11.59,0.20600000000000002,11.59,69.27593818984548,78.21499516842502,63.796909492273734,63.449006622516556,30.434782608695656,66.60101227871812,0.7682119205298014,0.8874172185430463,0.6423841059602649,0.6291390728476821,B,B+,B-,B-,globusmedicalinc,-0.018633540372670843,0.6956521739130435,0.6696428571428571,23.0,0.0,0.0,-0.018633540372670843,0.3055555555555556,C-,64.64449053958768,66.96428571428571,40.17857142857142,59.75130671738443,False,False,30.434782608695656
NXT,Nextpower Inc,Industrials,Electrical Components & Equipment,81.01,20.6502,3.3791,15.6197,5.184308204274927,6.1,16.97,26.32,0.1934,26.32,0.12554573527845816,9.985,6.1,16.97,9.985,0.12554573527845816,26.32,0.1934,26.32,49.39212632844303,55.402469868256176,81.48075294374779,28.951303757303265,98.49056603773585,54.588974543159594,0.5100401606425703,0.5742971887550201,0.8835341365461847,0.23694779116465864,C+,C+,B+,D+,nextpowerinc,0.1029411764705882,0.8529411764705882,0.8141025641025641,34.0,36.75,53.779649598295165,0.07867647058823522,0.9811320754716981,A+,59.43803114693318,81.41025641025641,70.35801368547192,59.67932517637213,False,True,28.951303757303265
EME,EMCOR Group Inc,Industrials,Construction & Engineering,772.69,23.3616,1.8078,16.3218,9.36335170401392,33.41,18.92,38.49,0.1038,38.43,0.5368178999586607,21.9536,33.41,18.92,21.9536,0.5368178999586607,38.49,0.1038,29.789999999999996,54.58678250416633,57.423734566591705,76.0882987733246,61.51991640029506,77.9874213836478,61.45750051275009,0.5823293172690763,0.6305220883534136,0.8112449799196787,0.606425702811245,C+,B-,B+,B-,emcorgroupinc,0.01904761904761898,0.7333333333333333,0.6875,15.0,0.0,0.0,0.01904761904761898,0.7735849056603774,B,64.25624265111486,68.75,41.25,59.65499412089189,False,False,54.58678250416633
AIZ,Assurant Inc,Financials,Multi-line Insurance,264.52,12.2904,0.9711,7.9486,2.243208130230223,53.42,9.36,18.029999999999998,0.107,13.120000000000001,0.5973853538964353,22.6852,53.42,9.36,22.6852,0.5973853538964353,18.029999999999998,0.107,13.120000000000001,45.79831932773109,62.69851591740004,68.90756302521008,76.0473078120137,62.797619047619044,61.42563533411804,0.41596638655462187,0.7226890756302521,0.6890756302521008,0.773109243697479,C,B,B-,B,assurantinc,0.0,0.8461538461538461,0.7638888888888888,13.0,0.0,0.0,0.0,0.75,B,62.70539723887995,76.38888888888889,45.83333333333333,59.330984457770626,False,False,45.79831932773109
CASY,Caseys General Stores Inc,Consumer Staples,Food Retail,613.8,28.6216,1.1846,15.4563,5.732109337791018,33.36,13.78,19.68,0.0588,12.139999999999999,0.2704485794596603,10.1872,33.36,13.78,10.1872,0.2704485794596603,19.68,0.0588,12.139999999999999,42.38095238095238,86.74352712814252,56.19047619047618,59.682539682539684,100.0,58.928070504993585,0.39285714285714285,0.9428571428571428,0.5928571428571429,0.5428571428571428,C-,A,C+,C+,caseysgeneralstoresinc,0.049857549857549865,0.7037037037037037,0.6796875,27.0,0.0,0.0,0.030852110852110814,1.0,A+,63.928070504993585,67.96875,40.78125,59.29870640399487,False,False,42.38095238095238
BKH,Black Hills Corp,Utilities,Multi-Utilities,69.56,17.9632,2.3209,11.6071,1.3730997984567432,0.03,2.45,7.7299999999999995,0.2371,3.55,0.5284090909090912,17.3942,0.03,2.45,16.02893,0.5284090909090912,7.7299999999999995,0.2371,3.55,66.66666666666667,36.7513611615245,36.7816091954023,95.68499534016775,100.0,57.34934026585569,0.7155172413793104,0.22413793103448276,0.3275862068965517,0.9655172413793104,B,D+,C-,A,blackhillscorp,0.11111111111111105,0.8888888888888888,0.7678571428571428,9.0,0.0,0.0,0.11111111111111105,1.0,A+,62.34934026585569,76.78571428571428,46.07142857142856,59.09375792697027,False,False,36.7513611615245
PM,Philip Morris International Inc,Consumer Staples,Tobacco,191.29,27.3023,6.9781,19.0497,1441.5222305953275,31.96,8.93,575.44,0.3775,44.05,0.749124143183549,16.1463,31.96,8.93,16.1463,0.749124143183549,137.46399999999994,0.34928499999999985,28.479999999999983,24.28571428571429,79.45532728141424,97.85714285714285,80.86956521739131,70.6959706959707,67.6006927854754,0.18571428571428572,0.9,1.0,0.8285714285714286,D,B+,A+,B+,philipmorrisinternationalinc,0.009971509971509973,0.7407407407407407,0.7109375,27.0,0.0,0.0,0.009971509971509973,0.6923076923076923,B-,69.67028985507247,71.09375,42.65625,58.988367300724654,True,False,24.28571428571429
SNX,TD Synnex Corp,Information Technology,Technology Distributors,256.57,18.5103,0.3015,11.2971,2.4319777058441585,63.4,16.26,13.120000000000001,0.025699999999999997,8.59,0.7304380264695154,64.7129,63.4,16.26,64.7129,0.7304380264695154,13.120000000000001,0.025699999999999997,8.59,88.82471120040181,69.65012873409677,35.46296296296296,68.6126555934266,34.534368070953434,63.72447540634586,0.9337016574585635,0.7458563535911602,0.292817679558011,0.7237569060773481,A,B,D+,B,tdsynnexcorp,0.0,0.8235294117647058,0.7613636363636364,17.0,0.0,0.0,0.0,0.32926829268292684,C-,62.1779122134412,76.13636363636364,45.68181818181818,58.8786934071166,False,False,34.534368070953434
EWBC,East West Bancorp Inc,Financials,Regional Banks,127.0,12.054,3.27879,,1.9633791145933177,21.65,74.7411,16.189999999999998,0.5797675999999999,15.47,0.7662946428571429,17.9038,21.65,74.7411,17.9038,0.7662946428571429,16.189999999999998,0.5797675999999999,15.47,50.63025210084034,68.56777085263167,62.60504201680672,71.92334877876384,60.62499999999999,61.407047455690865,0.4894957983193277,0.819327731092437,0.6260504201680672,0.7184873949579832,C,B+,B-,B,eastwestbancorpinc,0.0,0.782608695652174,0.7410714285714286,23.0,0.0,0.0,0.0,0.5,C,62.469547455690865,74.10714285714286,44.464285714285715,58.86849510740984,False,False,50.63025210084034
BRC,Brady Corp,Industrials,Commercial Printing,83.67,19.1864,2.3715,12.2206,2.8905148826797116,9.26,9.78,15.620000000000001,0.1586,14.95,0.4562075570259449,9.3299,9.26,9.78,9.3299,0.4562075570259449,15.620000000000001,0.1586,14.95,63.85159686364506,54.63612963612964,61.01303171871158,52.12709837494692,98.20305480682839,57.56880274780447,0.7108433734939759,0.5622489959839357,0.6305220883534136,0.4859437751004016,B,C+,B-,C,bradycorp,0.19047619047619047,0.8571428571428571,0.7291666666666667,7.0,0.0,0.0,0.07867647058823522,0.9622641509433962,A,62.38910822848731,72.91666666666667,43.75,58.66128658278985,False,False,52.12709837494692
IOSP,Innospec Inc,Materials,Specialty Chemicals,100.15,20.013,1.32,12.8015,1.8712560864869714,549.32,2.87,9.15,0.07,9.15,1.0,27.2329,450.345,2.87,27.2329,0.8115563414285022,9.15,0.07,9.15,61.274509803921575,72.16361436970772,45.588235294117645,79.85652797704446,44.79166666666667,62.11971474386024,0.7352941176470589,0.8235294117647058,0.39705882352941174,0.8088235294117647,B,B+,C-,B+,innospecinc,0.0,0.8888888888888888,0.7678571428571428,9.0,0.0,0.0,0.0,0.375,C-,61.59888141052691,76.78571428571428,46.07142857142856,58.49339084270724,False,False,44.79166666666667
PLXS,Plexus Corp,Information Technology,Electronic Manufacturing Services,260.43,37.8177,1.5254,22.7022,4.80329773695568,15.43,14.2,12.46,0.050199999999999995,10.97,0.733588527680969,86.6681,15.43,14.2,86.6681,0.733588527680969,12.46,0.050199999999999995,10.97,67.97882136279925,50.95217447509884,43.333333333333336,73.31161014669765,97.87910922587486,57.68079559839244,0.7513812154696132,0.5303867403314917,0.40331491712707185,0.7845303867403315,B,C+,C,B,plexuscorp,0.10256410256410264,0.7692307692307693,0.7083333333333334,13.0,0.0,0.0,0.09473684210526312,0.975609756097561,A+,62.46870652097993,70.83333333333334,42.50000000000001,58.47496521678394,False,False,43.333333333333336
WLY,John Wiley & Sons Inc,Communication Services,Publishing,47.88,12.2117,1.4526,11.9165,2.870572435789827,110.82,-0.27,25.28,0.1478,11.68,0.6707969411659483,19.8035,110.82,-0.27,19.8035,0.6707969411659483,25.28,0.1478,11.68,64.76391825229034,54.955373978629794,65.15151515151514,75.13614190687362,44.44444444444445,63.49716152805206,0.7045454545454546,0.6136363636363636,0.7386363636363636,0.75,B,B-,B,B,johnwileysonsinc,0.0,0.8,0.675,5.0,0.0,0.0,0.0,0.4166666666666667,C,62.941605972496504,67.5,40.5,58.453284777997204,False,False,44.44444444444445
CENT,Central Garden & Pet Co,Consumer Staples,Household Products,39.45,13.2276,0.7133,8.6292,1.5665516406104192,22.39,-1.16,10.15,0.0818,5.87,0.5868131868131871,18.72,22.39,-1.16,18.72,0.5868131868131871,10.15,0.0818,5.87,79.28571428571429,55.210918114143915,40.952380952380956,77.2811059907834,53.4965034965035,61.55792863050928,0.9071428571428571,0.5071428571428571,0.37142857142857144,0.7857142857142857,A-,C+,C-,B,centralgardenpetco,0.0,0.8181818181818182,0.734375,11.0,0.0,0.0,0.0,0.46153846153846156,C,61.90757898015963,73.4375,44.0625,58.33856318412771,False,False,40.952380952380956
STRL,Sterling Infrastructure Inc,Industrials,Construction & Engineering,498.55,36.3173,4.5573,24.5834,13.799087718521308,50.75,60.83,36.67,0.1752,29.43,0.2996408508104265,51.368,50.75,36.967999999999954,51.368,0.2996408508104265,36.67,0.1752,29.43,21.78947080840368,77.89823673752245,83.35573586864466,64.33853782476847,58.64779874213837,59.73365658172027,0.13253012048192772,0.8995983935742972,0.9116465863453815,0.6506024096385542,D,B+,A-,B-,sterlinginfrastructureinc,0.004166666666666652,0.9375,0.8452380952380951,16.0,90.0,84.89281911636292,0.004166666666666652,0.5849056603773585,C+,60.598436455934106,84.52380952380952,84.67141336083088,58.30034976067076,True,False,21.78947080840368
AMZN,Amazon.com Inc,Consumer Discretionary,Broadline Retail,245.89,19.9069,3.4718,16.3998,6.419048563813263,89.71,15.77,30.5,0.1208,24.19,0.5470394736842105,14.4488,89.71,15.77,14.4488,0.5470394736842105,30.5,0.1208,24.19,23.73532668881506,92.93956043956044,66.75314723590587,72.21978021978023,33.74741200828158,60.653986613048374,0.14285714285714285,0.9657142857142857,0.7142857142857143,0.72,D,A,B,B,amazoncominc,-0.0017780938833570348,0.9324324324324325,0.9082278481012658,74.0,90.0,84.89281911636292,-0.0017780938833570348,0.30434782608695654,C-,59.02872781387653,90.82278481012658,88.45079853262112,58.18999511201425,True,False,23.73532668881506
CXW,CoreCivic Inc,Industrials,Diversified Support Services,31.89,24.843,1.2791,11.5614,2.2705104198557526,33.31,24.35,8.959999999999999,0.09880000000000001,4.77,0.7760691975012014,50.2806,33.31,24.35,50.2806,0.7760691975012014,8.959999999999999,0.09880000000000001,4.77,68.83097013905964,84.94877066305638,30.5209955468131,85.33190275014715,21.698113207547173,63.89412610410889,0.7831325301204819,0.9357429718875502,0.24096385542168675,0.8835341365461847,B,A,D+,B+,corecivicinc,-0.01388888888888884,0.875,0.7500000000000001,8.0,0.0,0.0,-0.01388888888888884,0.18867924528301888,D,61.06393742486361,75.00000000000001,45.00000000000001,57.85114993989089,False,False,21.698113207547173
KEX,Kirby Corp,Industrials,Marine Transportation,129.86,19.1561,1.9501,10.2372,2.0655747613677398,23.27,6.56,10.45,0.1401,8.08,0.6439810669054626,53.2097,23.27,6.56,53.2097,0.6439810669054626,10.45,0.1401,8.08,69.92596235281262,57.978572264286555,44.72365653088544,81.19580362265388,40.56603773584906,61.497279898312605,0.8032128514056225,0.6546184738955824,0.41767068273092367,0.8313253012048193,B+,B-,C,B+,kirbycorp,0.0,0.9,0.7833333333333333,10.0,0.0,0.0,0.0,0.3113207547169811,C-,60.55388367189751,78.33333333333333,46.99999999999999,57.84310693751801,False,False,40.56603773584906
GEV,GE Vernova Inc,Industrials,Heavy Electrical Equipment,961.32,26.7684,6.1654,34.6731,23.179809173834105,744.44,12.98,83.39,0.15439999999999998,74.29,0.6476013097419568,57.6294,191.6919999999998,12.98,57.6294,0.6476013097419568,69.54999999999994,0.15439999999999998,29.789999999999996,21.59440483020518,87.38778707722807,86.11835095483976,87.41913528114233,60.467205750224615,66.88957341793531,0.1285140562248996,0.9477911646586346,0.9518072289156626,0.9076305220883534,D,A,A,A-,gevernovainc,0.004065040650406582,0.8333333333333334,0.8031914893617021,42.0,6.75,13.216181108454062,0.004065040650406582,0.6226415094339622,B-,67.93629399295777,80.31914893617021,53.47796180508375,57.841392194581026,True,False,21.59440483020518
ESE,ESCO Technologies Inc,Industrials,Industrial Machinery & Supplies & Components,268.1,22.0626,5.3812,24.8421,4.4940995038219125,173.22,16.55,19.97,0.1542,18.17,0.44174036920519993,28.1011,173.22,16.55,28.1011,0.44174036920519993,19.97,0.1542,18.17,32.49460426740978,90.90195991508185,68.3665273338251,62.03518190970304,86.51292802236198,60.8027112652657,0.25301204819277107,0.9839357429718876,0.7068273092369478,0.6184738955823293,D+,A+,B,B-,escotechnologiesinc,0.031746031746031744,0.8888888888888888,0.7678571428571428,9.0,0.0,0.0,0.031746031746031744,0.8679245283018868,B+,64.4540040675019,76.78571428571428,46.07142857142856,57.83014688277692,True,False,32.49460426740978
VMI,Valmont Industries Inc,Industrials,Industrial Machinery & Supplies & Components,461.89,18.2168,2.1306,14.3138,5.390847848516112,108.33,3.8,29.84,0.13699999999999998,20.45,0.4477498773471298,28.0179,108.33,3.8,28.0179,0.4477498773471298,29.84,0.13699999999999998,20.45,60.28576892604431,56.598331854131274,73.84148840258995,61.827351832904,40.461215932914044,62.21695106956562,0.6506024096385542,0.6024096385542169,0.7831325301204819,0.6104417670682731,B-,B-,B,B-,valmontindustriesinc,0.0,0.8181818181818182,0.734375,11.0,0.0,0.0,0.0,0.2830188679245283,D+,61.26307266285702,73.4375,44.0625,57.82295813028562,False,False,40.461215932914044
VLY,Valley National Bancorp,Financials,Regional Banks,12.78,10.3979,2.27179,,0.9111000213873245,48.82,77.66814,8.88,0.4257981,8.14,0.5647482014388489,22.8169,48.82,77.66814,22.8169,0.5647482014388489,8.88,0.4257981,8.14,85.08403361344537,86.30480602151297,22.689075630252102,64.8582423623655,38.333333333333336,62.17588698770006,0.9453781512605042,0.9789915966386554,0.226890756302521,0.6596638655462185,A,A+,D+,B-,valleynationalbancorp,-0.011695906432748537,0.7777777777777778,0.7282608695652174,18.0,0.0,0.0,-0.011695906432748537,0.34375,C-,61.009220321033396,72.82608695652173,43.69565217391304,57.54650669160933,False,False,22.689075630252102
FCX,Freeport-McMoRan Inc,Materials,Copper,71.44,35.2592,4.0142,12.0336,5.428200199074531,53.11,-24.23,15.260000000000002,0.2676,10.27,0.8048347748946552,104.6123,53.11,-16.235,79.35161499999998,0.8048347748946552,15.260000000000002,0.2676,10.27,40.19607843137255,39.192343604108316,75.0,95.93837535014006,46.42857142857143,60.825163398692816,0.4264705882352941,0.27941176470588236,0.8088235294117647,1.0,C,D+,B+,A+,freeportmcmoraninc,0.0,0.8,0.7642857142857142,30.0,0.0,0.0,0.0,0.5625,C+,60.46802054154996,76.42857142857142,45.85714285714285,57.54584500466854,False,False,39.192343604108316
WCC,Wesco International Inc,Industrials,Trading Companies & Distributors,365.42,25.9674,0.7259,15.1458,3.5338101556183927,6.03,12.51,13.84,0.053399999999999996,6.4399999999999995,0.8903670332291221,76.2218,6.03,12.51,75.1288999999999,0.8706365842083148,13.84,0.053399999999999996,6.4399999999999995,63.46365052044914,53.27677112994132,31.591399612053653,97.78500440207175,60.220125786163514,58.97611763952831,0.7028112449799196,0.5341365461847389,0.2570281124497992,0.9919678714859438,B,C+,D+,A+,wescointernationalinc,0.009523809523809601,0.8666666666666667,0.7875000000000001,15.0,0.0,0.0,0.009523809523809601,0.6037735849056604,B-,59.99813021814467,78.75000000000001,47.25000000000001,57.44850417451574,False,False,31.591399612053653
ENS,EnerSys,Industrials,Electrical Components & Equipment,177.96,18.3002,1.7005,11.4369,3.4056918457448946,6.65,3.73,18.48,0.1295,11.58,0.5126001028579825,62.8049,6.65,3.73,62.8049,0.5126001028579825,18.48,0.1295,11.58,71.78045515394912,30.665725749759368,58.33784116056061,75.14245904902408,79.9245283018868,58.691211038384125,0.8152610441767069,0.18072289156626506,0.5903614457831325,0.7670682730923695,B+,D,C+,B,enersys,0.027272727272727337,0.7272727272727273,0.671875,11.0,0.0,0.0,0.027272727272727337,0.7924528301886793,B,61.68366386857281,67.1875,40.3125,57.40943109485825,False,False,30.665725749759368
SHOO,Steven Madden Ltd,Consumer Discretionary,Footwear,44.51,23.016,1.2032,15.695,3.7335592537914373,56.95,18.15,16.05,0.075,12.709999999999999,0.717474142623843,37.7982,56.95,18.15,37.7982,0.717474142623843,16.05,0.075,12.709999999999999,34.79955703211517,89.80654761904762,45.52599890530925,88.11904761904762,62.73291925465839,60.666508031975155,0.30857142857142855,0.9485714285714286,0.4228571428571429,0.8685714285714285,C-,A,C,B+,stevenmaddenltd,0.012499999999999956,0.8125,0.75,16.0,0.0,0.0,0.012499999999999956,0.6086956521739131,B-,61.939799957441,75.0,45.0,57.338980423800926,True,False,34.79955703211517
ULTA,Ulta Beauty Inc,Consumer Discretionary,Other Specialty Retail,544.15,19.2652,1.7993,12.1436,8.572625887549961,5.21,11.16,45.4,0.1246,41.160000000000004,0.3705273243173525,1.0603,5.21,11.16,1.0603,0.3705273243173525,45.4,0.1246,41.160000000000004,39.483942414174976,66.97857142857143,77.28188286808977,69.64571428571429,44.09937888198758,61.51631346342332,0.38285714285714284,0.7371428571428571,0.8342857142857143,0.6971428571428572,C-,B,B+,B-,ultabeautyinc,0.0,0.7352941176470589,0.7115384615384616,34.0,0.0,0.0,0.0,0.391304347826087,C-,60.926251351622085,71.15384615384616,42.69230769230769,57.27946261975921,False,False,39.483942414174976
FRPT,Freshpet Inc,Consumer Staples,Packaged Foods & Meats,57.04,13.6776,2.3639,23.4168,2.3110333203682094,449.74,12.77,16.650000000000002,0.081,12.34,0.26776232616940576,17.5838,100.61199999999988,12.77,17.5838,0.26776232616940576,16.650000000000002,0.081,12.34,39.047619047619044,95.32967032967032,54.76190476190476,73.47985347985349,39.51048951048951,62.214285714285715,0.34285714285714286,1.0,0.5285714285714286,0.7428571428571429,C-,A+,C+,B,freshpetinc,-0.0434782608695653,0.7391304347826086,0.7053571428571428,23.0,0.0,0.0,-0.0434782608695653,0.38461538461538464,C-,61.16533466533467,70.53571428571428,42.32142857142856,57.191565755672904,True,False,39.047619047619044
LLY,Eli Lilly and Co,Health Care,Pharmaceuticals,1190.04,41.7075,13.9841,32.4646,42.372344251263115,94.62,49.58,92.58,0.42219999999999996,35.77,0.8232690320358248,65.6138,94.62,49.58,65.6138,0.8232690320358248,92.58,0.38915,29.675,25.67328918322296,86.01693222006682,96.24724061810154,75.14862159248422,34.523809523809526,67.71324321284133,0.19205298013245034,0.9403973509933775,0.9933774834437086,0.7682119205298014,D,A,A+,B,elilillyandco,-0.005398110661268496,0.7894736842105263,0.7616279069767442,38.0,0.0,0.0,-0.005398110661268496,0.3333333333333333,C-,66.16562416522228,76.16279069767442,45.697674418604656,57.16998780513987,True,False,25.67328918322296
ATMU,Atmus Filtration Technologies Inc,Industrials,Industrial Machinery & Supplies & Components,44.59,16.9602,1.9204,12.6434,9.602256821069407,15.91,13.05,54.67999999999999,0.1716,18.22,0.08326359832635992,0.789,15.91,13.05,0.789,0.08326359832635992,54.67999999999999,0.1716,18.22,68.64246100046445,68.17150470786338,81.39059639920225,25.314195117093345,70.23060796645703,61.205404314908016,0.7791164658634538,0.7911646586345381,0.8795180722891566,0.21686746987951808,B,B,B+,D+,atmusfiltrationtechnologiesinc,0.015151515151515138,0.8333333333333334,0.75,12.0,0.0,0.0,0.015151515151515138,0.6792452830188679,B-,63.22846511155372,75.0,45.0,57.106138791557576,False,True,25.314195117093345
CVX,Chevron Corp,Energy,Integrated Oil & Gas,207.44,19.6176,1.9354,8.4574,2.21894187364953,34.62,11.17,10.979999999999999,0.1322,9.0,0.8549586197222612,27.2088,34.62,11.17,27.2088,0.8549586197222612,10.979999999999999,0.1322,9.0,48.25870646766169,62.53957485300769,49.25373134328358,66.06512890094979,93.19727891156462,55.09905020352782,0.43283582089552236,0.7164179104477612,0.417910447761194,0.6119402985074627,C,B,C,B-,chevroncorp,0.09139784946236562,0.8333333333333334,0.7928571428571429,30.0,0.0,0.0,0.09139784946236562,0.9285714285714286,A-,59.41877809468428,79.28571428571429,47.57142857142858,57.049308190033145,False,False,48.25870646766169
UNP,Union Pacific Corp,Industrials,Rail Transportation,273.53,22.1899,6.4011,15.0871,8.787067882693462,7.27,4.17,38.65,0.4003,14.63,0.577344216603623,18.0129,7.27,4.17,18.0129,0.577344216603623,38.65,0.28918,14.63,42.05775482883917,43.35515639863466,84.91107286288009,63.18156387751539,82.84734133790738,58.04955097815982,0.3855421686746988,0.3413654618473896,0.9437751004016064,0.6345381526104418,C-,C-,A,B-,unionpacificcorp,0.022246941045606206,0.6774193548387096,0.6597222222222223,31.0,0.0,0.0,0.022246941045606206,0.8301886792452831,B+,61.334285111950564,65.97222222222223,39.583333333333336,56.98409475622712,False,False,42.05775482883917
URI,United Rentals Inc,Industrials,Trading Companies & Distributors,1038.25,24.7049,3.8719,16.9858,7.304793337493765,7.67,6.88,29.18,0.25079999999999997,11.39,0.7049142569986807,12.436,7.67,6.88,12.436,0.7049142569986807,29.18,0.25079999999999997,11.39,40.776439089692104,43.21789383763005,76.6467229462066,62.77322588576821,92.13836477987421,55.55401445365433,0.37751004016064255,0.3373493975903614,0.8232931726907631,0.6265060240963856,C-,C-,B+,B-,unitedrentalsinc,0.03703703703703709,0.7777777777777778,0.7421875,27.0,0.0,0.0,0.03703703703703709,0.9056603773584906,A-,59.76785093164175,74.21875,44.53125,56.720530745313404,False,False,40.776439089692104
ZBRA,Zebra Technologies Corp,Information Technology,Electronic Equipment & Instruments,364.91,31.8774,2.9386,19.8525,5.043746285366764,3.28,12.66,15.14,0.1467,8.86,0.886098942194679,22.542,3.28,12.66,22.542,0.886098942194679,15.14,0.1467,8.86,66.57353926000336,49.11592793502152,53.333333333333336,72.05279108547728,57.76053215077606,59.21046195243393,0.7348066298342542,0.47513812154696133,0.5524861878453039,0.7734806629834254,B,C,C+,B,zebratechnologiescorp,0.029230769230769282,0.76,0.7250000000000001,25.0,0.0,0.0,0.029230769230769282,0.5853658536585366,C+,59.98651516751154,72.50000000000001,43.50000000000001,56.68921213400924,False,False,49.11592793502152
WOR,"Worthington Enterprises, Inc",Industrials,Building Products,60.45,18.3685,2.1129,23.2748,2.8655128770318123,54.64,18.44,16.189999999999998,0.056299999999999996,12.42,0.6854605993340736,17.9011,54.64,18.44,17.9011,0.6854605993340736,16.189999999999998,0.056299999999999996,12.42,48.043056580061744,87.98001048483673,45.057508947354044,76.55638882058847,43.69811320754717,61.182421242938986,0.4819277108433735,0.9558232931726908,0.42168674698795183,0.7791164658634538,C,A,C,B,worthingtonenterprisesinc,0.0,0.75,0.6730769230769231,8.0,0.0,0.0,0.0,0.4528301886792453,C,60.55223256369371,67.3076923076923,40.38461538461538,56.51870912787804,False,False,43.69811320754717
ENSG,Ensign Group Inc,Health Care,Health Care Facilities,177.52,26.9601,1.8608,17.3338,4.620305712657171,15.73,18.89,16.54,0.0852,15.58,0.4702957341010207,3.0652,15.73,18.89,3.0652,0.4702957341010207,16.54,0.0852,15.58,64.59455481972039,62.170707082847564,60.9271523178808,35.81898454746137,83.7962962962963,55.978365110462086,0.7019867549668874,0.6622516556291391,0.5993377483443708,0.304635761589404,B,B-,C+,C-,ensigngroupinc,0.015151515151515138,0.8333333333333334,0.75,12.0,0.0,0.0,0.015151515151515138,0.8333333333333334,B+,59.35799474009172,75.0,45.0,56.48639579207338,False,False,35.81898454746137
MOG-A,Moog Inc,Industrials,Aerospace & Defense,390.84,31.2117,2.8501,24.8705,6.559313927046008,86.78,15.72,18.58,0.1056,11.77,0.7738580905419032,88.784,86.78,15.72,75.1288999999999,0.7738580905419032,18.58,0.1056,11.77,31.153730568532637,74.45799332445294,55.40365543807885,96.08057596164645,72.10828547990155,60.74706035887275,0.24096385542168675,0.8634538152610441,0.5582329317269076,0.9879518072289156,D+,B+,C+,A+,mooginc,0.012820512820512775,0.8461538461538461,0.7638888888888888,13.0,0.0,0.0,0.012820512820512775,0.6981132075471698,B-,62.957888906862905,76.38888888888889,45.83333333333333,56.28735460529542,True,False,31.153730568532637
AVNT,Avient Corp,Materials,Specialty Chemicals,40.92,22.2717,1.1365,10.3568,1.5787524306305751,43.14,2.36,7.090000000000001,0.09449999999999999,3.93,0.7014613778705637,26.7813,43.14,2.36,26.7813,0.7014613778705637,7.090000000000001,0.09449999999999999,3.93,63.72549019607843,55.793034573944354,37.745098039215684,69.01004304160689,89.58333333333334,55.32826258193378,0.75,0.6029411764705882,0.3161764705882353,0.7352941176470589,B,B-,C-,B,avientcorp,0.014285714285714346,0.8,0.7375,15.0,0.0,0.0,0.014285714285714346,0.875,B+,59.286595915267114,73.75,44.25,56.279276732213695,False,False,37.745098039215684
SHC,Sotera Health Co,Health Care,Health Care Services,18.4,32.015,4.3035,17.3875,8.634038759326168,579.33,8.15,26.75,0.32630000000000003,5.74,0.7855029585798813,18.018,364.82049999999936,8.15,18.018,0.7855029585798813,26.75,0.32630000000000003,5.74,49.80132450331126,71.10301800373978,71.52317880794702,48.396058795025034,48.971193415637856,59.23094118756753,0.5231788079470199,0.8013245033112583,0.7185430463576159,0.4503311258278146,C+,B+,B,C,soterahealthco,0.0,0.8,0.7375,15.0,0.0,0.0,0.0,0.4583333333333333,C,59.12806052913132,73.75,44.25,56.15244842330506,False,False,48.396058795025034
XPEL,Xpel Inc,Consumer Discretionary,Automotive Parts & Equipment,43.4,20.9652,2.2585,15.349,4.274346044752599,12.87,13.19,19.15,0.13470000000000001,18.43,0.4875051208521098,35.157,12.87,13.19,35.157,0.4875051208521098,19.15,0.13470000000000001,18.43,29.47619047619047,73.48214285714286,60.61193212917351,83.21428571428572,98.02371541501977,58.86131636562671,0.21714285714285714,0.8114285714285714,0.6057142857142858,0.8171428571428572,D+,B+,B-,B+,xpelinc,0.11111111111111105,0.8888888888888888,0.7678571428571428,9.0,0.0,0.0,0.07048054919908463,1.0,A+,63.66368790712869,76.78571428571428,46.07142857142856,56.149873931618,True,False,29.47619047619047
PHIN,Phinia Inc,Consumer Discretionary,Automotive Retail,61.37,16.8372,0.6323,7.6493,1.466196489920347,34.56,7.06,8.62,0.0701,5.28,0.2926120641947979,7.6149,34.56,7.06,7.6149,0.2926120641947979,8.62,0.0701,5.28,68.2779623477298,69.59033613445378,30.012041598248498,67.88235294117646,71.01449275362319,57.067038801620626,0.7371428571428571,0.7542857142857143,0.26285714285714284,0.6857142857142857,B,B,D+,B-,phiniainc,0.018181818181818188,0.8181818181818182,0.734375,11.0,0.0,0.0,0.018181818181818188,0.717391304347826,B,59.168488076982946,73.4375,44.0625,56.14729046158636,False,False,30.012041598248498
COP,ConocoPhillips,Energy,Oil & Gas Exploration & Production,128.13,16.476,2.4142,6.5083,2.434302519986625,1.31,9.6,14.32,0.22510000000000002,10.52,0.759322033898305,31.4947,1.31,9.6,31.4947,0.759322033898305,14.32,0.22510000000000002,10.52,51.74129353233831,43.38798432082014,59.95024875621891,69.82421227197347,81.77339901477832,55.56532489069803,0.5149253731343284,0.3582089552238806,0.582089552238806,0.6716417910447762,C+,C-,C+,B-,conocophillips,0.08568548387096775,0.7419354838709677,0.7152777777777779,31.0,0.0,0.0,0.08568548387096775,0.7857142857142857,B,58.74266479217586,71.52777777777779,42.91666666666667,55.577465167074024,False,False,43.38798432082014
VCYT,Veracyte Inc,Health Care,Health Care Services,46.66,31.9013,6.4996,29.2222,2.8275531908446907,323.93,17.28,8.64,0.1957,8.64,0.546971864568431,38.4217,323.93,17.28,38.4217,0.546971864568431,8.64,0.1957,8.64,38.04709345106696,82.50713198761724,55.849889624724064,50.75755128412211,75.7201646090535,55.12718242329563,0.39072847682119205,0.9205298013245033,0.543046357615894,0.48344370860927155,C-,A-,C+,C,veracyteinc,0.00877192982456132,0.8421052631578947,0.78125,19.0,0.0,0.0,0.00877192982456132,0.75,B,57.69919888420098,78.125,46.875,55.534359107360785,False,False,38.04709345106696
GL,Globe Life Inc,Financials,Life & Health Insurance,167.36,10.5898,2.0732,9.4826,2.2155560203657467,20.3,5.24,20.28,0.2644,13.87,0.6202511773940347,16.7867,20.3,5.24,16.7867,0.6202511773940347,20.28,0.2644,13.87,55.25210084033613,33.50469943146982,73.94957983193278,61.95903361344538,62.797619047619044,56.39316677705026,0.5462184873949579,0.2647058823529412,0.7394957983193278,0.6218487394957983,C+,D+,B,B-,globelifeinc,0.0,0.782608695652174,0.7410714285714286,23.0,0.0,0.0,0.0,0.75,B,57.67292868181217,74.10714285714286,44.464285714285715,55.03120008830688,False,False,33.50469943146982
KFY,Korn Ferry,Industrials,Human Resource & Employment Services,72.16,13.9885,1.3099,7.2696,1.8372823701349954,12.84,6.94,14.14,0.1288,11.76,0.462535014005602,1.7014,12.84,6.94,1.7014,0.462535014005602,14.14,0.1288,11.76,85.52031254268775,49.806474313863475,52.76179548124471,44.716911276351,45.111492281303605,58.475204124026014,0.9196787148594378,0.4457831325301205,0.5180722891566265,0.41767068273092367,A-,C,C+,C,kornferry,0.0,0.7777777777777778,0.6964285714285714,9.0,0.0,0.0,0.0,0.5094339622641509,C+,57.98635335215637,69.64285714285714,41.785714285714285,54.74622553886796,False,False,44.716911276351
A,Agilent Technologies Inc,Health Care,Life Sciences Tools & Services,173.94,33.8295,6.608,26.6521,7.3037387886727805,18.74,8.6,20.47,0.2223,13.669999999999998,0.9875037639265279,41.759,18.74,8.6,41.759,0.9775632991742835,20.47,0.2223,13.669999999999998,36.7299484915379,59.758776330752625,74.8344370860927,74.7943006221152,24.747474747474747,59.80171178498122,0.3576158940397351,0.6357615894039735,0.7814569536423841,0.7483443708609272,C-,B-,B,B,agilenttechnologiesinc,-0.01904761904761898,0.7666666666666667,0.7357142857142858,30.0,0.0,0.0,-0.01904761904761898,0.2222222222222222,D+,57.276459259728696,73.57142857142858,44.142857142857146,54.64973883635439,False,False,24.747474747474747
GATX,GATX Corp,Industrials,Construction Machinery & Heavy Transportation Equipment,185.19,17.6193,3.1605,15.6942,2.3834682365115056,15.6,22.81,13.350000000000001,0.2897,2.5700000000000003,0.6305767138193689,5.2954,15.6,22.81,5.2954,0.6305767138193689,13.350000000000001,0.28918,2.5700000000000003,53.40600497227003,73.80898305268053,51.16957626424064,59.36644537333005,45.111492281303605,57.778980994329785,0.5742971887550201,0.8554216867469879,0.4939759036144578,0.5662650602409639,C+,B+,C,C+,gatxcorp,0.0,0.8181818181818182,0.734375,11.0,0.0,0.0,0.0,0.5094339622641509,C+,57.29013022246015,73.4375,44.0625,54.64460417796812,False,False,45.111492281303605
TTMI,TTM Technologies Inc,Information Technology,Electronic Manufacturing Services,120.96,58.053,4.0039,39.0305,7.095884785733141,145.74,28.41,13.089999999999998,0.1007,8.59,0.40448072247308087,136.9657,145.74,28.41,136.9657,0.40448072247308087,13.089999999999998,0.1007,8.59,42.70781014565545,88.20372844107857,45.833333333333336,66.50055336804928,30.85896076352068,58.07614223157277,0.39779005524861877,0.9558011049723757,0.4419889502762431,0.6850828729281768,C-,A,C,B-,ttmtechnologiesinc,0.0,0.9090909090909091,0.796875,11.0,0.0,0.0,0.0,0.2682926829268293,D+,56.16203830792484,79.6875,47.8125,54.492130646339874,False,False,30.85896076352068
AA,Alcoa Corp,Materials,Aluminum,42.17,8.8555,0.8313,10.6111,1.8135060400029244,24.14,6.46,19.16,0.0361,14.01,0.21205898823968647,36.248,24.14,6.46,36.248,0.21205898823968647,19.16,0.0361,14.01,80.3921568627451,49.31798806479114,60.0,51.91815856777493,21.59090909090909,60.34526854219949,0.8970588235294118,0.45588235294117646,0.6176470588235294,0.5,B+,C,B-,C,alcoacorp,-0.011857707509881354,0.7272727272727273,0.6944444444444444,22.0,0.0,0.0,-0.011857707509881354,0.1875,D,57.5043594512904,69.44444444444444,41.666666666666664,54.33682089436566,False,False,21.59090909090909
SXI,Standex International Corp,Industrials,Industrial Machinery & Supplies & Components,276.49,32.8854,3.8593,17.4722,4.435371967114498,86.72,12.85,14.35,0.21710000000000002,8.39,0.46736547016880986,38.8768,86.72,12.85,38.8768,0.46736547016880986,14.35,0.21710000000000002,8.39,32.06622407999344,80.75741578826793,58.98150424828566,71.57460505470054,63.03284416491963,58.228336250663475,0.24497991967871485,0.9156626506024096,0.5943775100401606,0.7269076305220884,D+,A-,C+,B,standexinternationalcorp,0.011111111111111183,0.9,0.7833333333333333,10.0,0.0,0.0,0.011111111111111183,0.6415094339622641,B-,59.53162066715544,78.33333333333333,46.99999999999999,54.03089592256593,True,False,32.06622407999344
AR,Antero Resources Corp,Energy,Oil & Gas Exploration & Production,34.79,9.929,1.7552,5.8512,1.4214446519115345,153.24,25.76,13.86,0.2409,11.04,0.34174174174174166,2.79,153.24,25.76,2.79,0.34174174174174166,13.86,0.2409,11.04,67.16417910447761,84.23714759535655,62.6865671641791,27.16417910447761,39.90147783251231,59.742951907131015,0.7910447761194029,0.9402985074626866,0.6119402985074627,0.22388059701492538,B,A,B-,D+,anteroresourcescorp,0.007936507936507908,0.7857142857142857,0.75,28.0,0.0,0.0,0.007936507936507908,0.42857142857142855,C,58.73309969038225,75.0,45.0,53.85565104531505,False,True,27.16417910447761
AX,Axos Financial Inc,Financials,Regional Banks,87.9,10.2415,2.35138,,1.5749414100294563,14.77,78.88815,16.41,0.496028,11.600000000000001,0.421717990275527,1.4091,14.77,78.88815,1.4091,0.421717990275527,16.41,0.496028,11.600000000000001,66.17647058823529,64.52505151070716,64.07563025210085,22.379643446163513,87.08333333333333,54.94396420145817,0.6995798319327731,0.7521008403361344,0.6407563025210085,0.20168067226890757,B-,B,B-,D+,axosfinancialinc,0.009523809523809601,0.8666666666666667,0.7875000000000001,15.0,0.0,0.0,0.009523809523809601,0.875,B+,58.65229753479151,78.75000000000001,47.25000000000001,53.60061741890191,False,True,22.379643446163513
AIT,Applied Industrial Technologies Inc,Industrials,Trading Companies & Distributors,335.28,29.544,2.4658,21.5208,6.627619429789101,8.18,8.84,22.17,0.1106,17.919999999999998,0.7103913234647513,28.6723,8.18,8.84,28.6723,0.7103913234647513,22.17,0.1106,17.919999999999998,36.40958391388684,50.839219733228944,64.77174002130972,72.26462135573234,75.3930817610063,54.91609920159141,0.3172690763052209,0.4819277108433735,0.6706827309236948,0.7550200803212851,C-,C,B-,B,appliedindustrialtechnologiesinc,0.019230769230769273,0.7692307692307693,0.7083333333333334,13.0,0.0,0.0,0.019230769230769273,0.7358490566037735,B,57.45540737769204,70.83333333333334,42.50000000000001,53.57299205455815,True,False,36.40958391388684
CSCO,Cisco Systems Inc,Information Technology,Communications Equipment,106.17,31.7083,6.6431,27.2039,8.331436911945886,30.78,11.77,27.389999999999997,0.2427,16.97,0.61930026622359,57.2587,30.78,11.77,57.2587,0.61930026622359,27.389999999999997,0.2427,16.97,49.46320944249121,53.3689548253637,73.98148148148148,61.48227160242782,25.5609756097561,58.83141801655148,0.5138121546961326,0.5469613259668509,0.7513812154696132,0.585635359116022,C+,C+,B,C+,ciscosystemsinc,-0.011255411255411296,0.6857142857142857,0.66875,35.0,0.0,0.0,-0.011255411255411296,0.1951219512195122,D,56.38751557752709,66.875,40.125,53.13501246202167,False,False,25.5609756097561
PNC,PNC Financial Services Group Inc,Financials,Diversified Banks,224.77,11.801,2.34179,,1.4484338973614106,22.76,72.26733,12.34,0.345423,7.13,0.5834551656920081,11.2953,22.76,72.26733,11.2953,0.5834551656920081,12.34,0.345423,7.13,58.82352941176471,65.74295994896853,47.89915966386555,60.04979769685652,42.934782608695656,56.83922379807258,0.5987394957983193,0.7647058823529411,0.4789915966386555,0.6176470588235294,C+,B,C,B-,pncfinancialservicesgroupinc,-0.027065527065527006,0.7037037037037037,0.6796875,27.0,0.0,0.0,-0.027065527065527006,0.375,C-,56.132702058942144,67.96875,40.78125,53.062411647153716,False,False,42.934782608695656
PLUS,ePlus inc,Information Technology,Technology Distributors,88.82,18.8587,0.9621,9.8523,2.1851658679158015,6.85,13.54,11.78,0.0688,11.78,0.6773970231914155,27.7848,6.85,13.54,27.7848,0.6773970231914155,11.78,0.0688,11.78,88.69809978235394,42.943728656533125,45.555555555555564,48.504363009440326,34.534368070953434,56.85303216767207,0.9281767955801105,0.39779005524861877,0.43646408839779005,0.4143646408839779,A-,C-,C,C,eplusinc,0.0,0.8571428571428571,0.7291666666666667,7.0,0.0,0.0,0.0,0.32926829268292684,C-,55.30646897476741,72.91666666666667,43.75,52.995175179813934,False,False,34.534368070953434
PLAB,Photronics Inc,Information Technology,Semiconductor Materials & Equipment,29.93,10.8642,2.0691,4.5628,1.469815499604677,60.21,1.25,13.459999999999999,0.22460000000000002,13.44,0.27482614742698186,27.1435,60.21,1.25,27.1435,0.27482614742698186,13.459999999999999,0.22460000000000002,13.44,91.8759417378202,44.34583933629413,63.24074074074074,27.022608493397875,45.07317073170732,58.05286018557863,0.9558011049723757,0.4088397790055249,0.6740331491712708,0.20994475138121546,A,C,B-,D+,photronicsinc,0.011111111111111183,0.9,0.7833333333333333,10.0,0.0,0.0,0.011111111111111183,0.43902439024390244,C,57.56017725874936,78.33333333333333,46.99999999999999,52.951443709060015,False,True,27.022608493397875
PLMR,Palomar Holdings Inc,Financials,Property & Casualty Insurance,123.65,16.0619,3.0132,14.2936,3.4786987725383955,30.94,60.67,21.61,0.2408,18.66,0.48792883556683525,8.3829,30.94,60.67,8.3829,0.48792883556683525,21.61,0.2408,18.66,29.20168067226891,72.62082625842702,77.31092436974791,57.55687640910023,59.510869565217384,57.66369179400965,0.24789915966386555,0.8739495798319328,0.773109243697479,0.5966386554621849,D+,B+,B,C+,palomarholdingsinc,0.0,0.8,0.7375,15.0,0.0,0.0,0.0,0.421875,C,58.614778750531386,73.75,44.25,52.896179515319375,True,False,29.20168067226891
CSX,CSX Corp,Industrials,Rail Transportation,47.06,26.8876,5.9715,15.8118,6.65384724146707,6.36,2.52,24.07,0.34149999999999997,9.969999999999999,0.6733266733266734,38.4843,6.36,2.52,38.4843,0.6733266733266734,24.07,0.28918,9.969999999999999,34.7894981285687,32.3233171059258,73.75461027784608,82.08158276406424,76.58662092624357,55.01700707560171,0.2931726907630522,0.20481927710843373,0.7791164658634538,0.8473895582329317,D+,D+,B,B+,csxcorp,0.021428571428571352,0.7,0.6785714285714286,30.0,0.0,0.0,0.021428571428571352,0.7547169811320755,B,57.675669168226065,67.85714285714286,40.714285714285715,52.741002912065014,True,False,32.3233171059258
USFD,US Foods Holding Corp,Consumer Staples,Food Distributors,92.04,27.7337,0.5031,14.7285,4.7120499260222495,39.02,3.83,16.75,0.031400000000000004,7.539999999999999,0.5335178721867856,21.9841,39.02,3.83,21.9841,0.5335178721867856,16.75,0.031400000000000004,7.539999999999999,57.142857142857146,67.6043956043956,39.52380952380952,71.42857142857144,28.76254180602007,56.97326007326008,0.6714285714285714,0.7428571428571429,0.34285714285714286,0.7,B-,B,C-,B-,usfoodsholdingcorp,-0.05335968379446643,0.7727272727272727,0.7314814814814814,22.0,0.0,0.0,-0.05335968379446643,0.23076923076923078,D+,54.84951425386208,73.14814814814814,43.88888888888888,52.65738918086745,False,False,28.76254180602007
BAC,Bank of America Corp,Financials,Diversified Banks,56.45,11.781,2.32875,,1.342631462528809,25.82,99.36713,11.129999999999999,0.3273721,3.3000000000000003,0.5406961528395712,9.3539,25.82,83.28401599999997,9.3539,0.5406961528395712,11.129999999999999,0.3273721,3.3000000000000003,62.18487394957983,77.98175569992452,39.075630252100844,50.82477435418612,33.152173913043484,56.0764320612423,0.634453781512605,0.9117647058823529,0.3907563025210084,0.5336134453781513,B-,A-,C-,C+,bankofamericacorp,-0.03448275862068961,0.7931034482758621,0.7573529411764707,29.0,0.0,0.0,-0.03448275862068961,0.28125,D+,54.39164945254665,75.73529411764707,45.44117647058824,52.601554856154976,False,False,33.152173913043484
CIEN,Ciena Corp,Information Technology,Communications Equipment,344.79,77.3412,8.4062,68.5217,17.814277668989963,362.8,32.57,22.82,0.1215,13.55,0.41902191171800574,160.1954,362.8,32.57,160.1954,0.41902191171800574,22.82,0.1215,13.55,23.734932194876944,89.76242196573614,62.31481481481482,66.65993685353396,80.48780487804879,57.79690851627696,0.1878453038674033,0.9723756906077348,0.6574585635359116,0.6906077348066298,D,A+,B-,B-,cienacorp,0.038461538461538436,0.7307692307692307,0.7016129032258065,26.0,0.0,0.0,0.038461538461538436,0.7804878048780488,B,60.845689004081834,70.16129032258065,42.09677419354839,52.46672139464926,True,False,23.734932194876944
NTCT,Netscout Systems Inc,Information Technology,Communications Equipment,38.81,23.6902,3.247,13.2302,1.6816881878845655,63.1,5.79,7.42,0.1482,7.42,0.677788844621514,52.9868,63.1,5.79,52.9868,0.677788844621514,7.42,0.1482,7.42,73.31847480328143,50.022875111679646,41.48148148148149,63.0389463727094,36.390243902439025,56.31235336806854,0.7900552486187845,0.5027624309392266,0.3756906077348066,0.6022099447513812,B,C+,C-,B-,netscoutsystemsinc,0.0,0.7777777777777778,0.6964285714285714,9.0,0.0,0.0,0.0,0.36585365853658536,C-,54.95137775831245,69.64285714285714,41.785714285714285,52.318245063792816,False,False,36.390243902439025
AVY,Avery Dennison Corp,Materials,Paper & Plastic Packaging Products & Materials,170.81,18.3143,1.3959,14.087,5.856757850270533,2.32,5.84,31.069999999999997,0.1026,11.72,0.3902801358234298,7.3278,2.32,5.84,7.3278,0.3902801358234298,31.069999999999997,0.1026,11.72,55.392156862745104,44.147058823529406,75.49019607843138,42.58823529411765,46.42857142857143,55.06764705882354,0.6323529411764706,0.36764705882352944,0.8382352941176471,0.38235294117647056,B-,C-,B+,C-,averydennisoncorp,0.0,0.7058823529411765,0.6704545454545455,17.0,0.0,0.0,0.0,0.5625,C+,54.710504201680685,67.04545454545455,40.22727272727273,51.8138579067991,False,False,42.58823529411765
MKSI,MKS Incorporated,Information Technology,Semiconductor Materials & Equipment,255.3,40.0818,4.0571,22.8161,6.309733004129872,58.58,16.23,15.83,0.1537,6.370000000000001,0.4136585365853659,113.3497,58.58,16.23,113.3497,0.4136585365853659,15.83,0.1537,6.370000000000001,55.997823539260004,63.35834070887195,50.0,54.331040773279895,28.39024390243902,55.03733218124537,0.6022099447513812,0.6685082872928176,0.5,0.4861878453038674,B-,B-,C,C,mksincorporated,0.0,0.85,0.79,20.0,0.0,0.0,0.0,0.24390243902439024,D+,52.87635657148927,79.0,47.4,51.78108525719142,False,False,28.39024390243902
TTEK,Tetra Tech Inc,Industrials,Construction & Engineering,33.48,19.9148,1.992,13.7252,4.917599365471049,106.14,-5.22,23.75,0.1414,16.42,0.4425851125216386,2.4471,106.14,-5.22,2.4471,0.4425851125216386,23.75,0.1414,16.42,62.052290795836406,44.63594481451624,67.98240581373112,43.28112449799197,37.185534591194966,55.09208801489353,0.6827309236947792,0.37349397590361444,0.6987951807228916,0.39357429718875503,B-,C-,B-,C-,tetratechinc,0.0,0.7333333333333333,0.6875,15.0,0.0,0.0,0.0,0.22641509433962265,D+,53.810641474013025,68.75,41.25,51.298513179210424,False,False,37.185534591194966
RGLD,Royal Gold Inc,Materials,Gold,245.3,28.9894,13.8282,17.2816,2.896100476858941,34.26,93.51,11.55,0.6142,10.459999999999999,0.5563077819028901,30.7493,34.26,46.40449999999998,30.7493,0.5563077819028901,11.55,0.44605999999999996,10.459999999999999,26.470588235294116,75.70332480818414,74.26470588235294,67.26342710997443,73.91304347826087,58.777173913043484,0.09558823529411764,0.8529411764705882,0.7941176470588235,0.6911764705882353,D-,B+,B,B-,royalgoldinc,0.00952380952380949,0.8095238095238095,0.7596153846153846,21.0,0.0,0.0,0.00952380952380949,0.75,B,61.16847826086957,75.96153846153845,45.57692307692307,50.665844481605355,True,False,26.470588235294116
WTFC,Wintrust Financial Corp,Financials,Regional Banks,144.13,11.0439,2.29791,,1.3298628155114063,20.25,79.30369,12.33,0.38857909999999996,10.85,0.515071946224136,9.3638,20.25,79.30369,9.3638,0.515071946224136,12.33,0.38857909999999996,10.85,66.17647058823529,69.77243652704088,47.47899159663865,39.19264902222571,24.583333333333332,55.206882656071805,0.6995798319327731,0.8277310924369747,0.47478991596638653,0.40336134453781514,B-,B+,C,C,wintrustfinancialcorp,-0.03947368421052633,0.75,0.7100000000000001,20.0,0.0,0.0,-0.03947368421052633,0.21875,D+,52.66521598940514,71.00000000000001,42.60000000000001,50.652172791524116,False,False,24.583333333333332
SNDK,Sandisk Corp,Information Technology,"Technology Hardware, Storage & Peripherals",1674.68,22.7678,12.8558,20.3814,15.537832341196207,,175.3,93.13,0.6119,89.56,0.6993571016274817,1785.4598,,54.72500000000002,262.11377,0.6993571016274817,93.13,0.4317149999999999,61.4965,53.2929432446007,73.41760299625469,96.1111111111111,79.81701081309095,26.727642276422763,72.99793635079708,0.5911602209944752,0.8011049723756906,0.988950276243094,0.8453038674033149,C+,B+,A+,B+,sandiskcorp,-0.013584117032392817,0.8484848484848485,0.8092105263157896,33.0,6.75,13.216181108454062,-0.013584117032392817,0.21951219512195122,D+,70.67070057843935,80.92105263157896,53.839104022329,50.47828595041296,False,False,26.727642276422763
COHR,Coherent Corp,Information Technology,Electronic Components,280.99,71.9667,8.1388,46.8858,5.044676599587435,1617.2,22.51,8.37,0.1458,6.25,0.5293612739004322,177.5922,703.5419999999999,22.51,177.5922,0.5293612739004322,8.37,0.1458,6.25,27.870207600870586,88.0451538884161,40.92592592592593,76.64010793983941,51.108647450110865,55.13608574735023,0.23756906077348067,0.9502762430939227,0.36464088397790057,0.8232044198895028,D+,A,C-,B+,coherentcorp,0.015572858731924377,0.7741935483870968,0.7430555555555556,31.0,0.0,0.0,0.015572858731924377,0.5121951219512195,C+,55.246950492361314,74.30555555555556,44.583333333333336,50.12838584320128,True,False,27.870207600870586
BCO,Brinks Co,Industrials,Security & Alarm Services,105.02,24.3221,0.8027,7.9085,15.54309056196072,16.02,8.12,64.68,0.10289999999999999,4.08,0.30825242718446594,-7.699,16.02,8.12,-7.699,0.30825242718446594,64.68,0.10289999999999999,4.08,78.14441439226293,57.57886166049432,52.55744064694151,34.37633917594577,42.49775381850854,56.06650392708913,0.8594377510040161,0.6385542168674698,0.5140562248995983,0.3092369477911647,B+,B-,C+,C-,brinksco,0.0,0.8571428571428571,0.7291666666666667,7.0,0.0,0.0,0.0,0.3490566037735849,C-,55.31627930893998,72.91666666666667,43.75,50.0,False,False,34.37633917594577
STRA,Strategic Education Inc,Consumer Discretionary,Education Services,76.1,12.6849,1.3264,6.9535,1.0616644275452392,24.75,3.53,8.19,0.1401,8.19,0.31952071892161715,-8.4594,24.75,3.53,-8.4594,0.31952071892161715,8.19,0.1401,8.19,68.87596899224805,51.47167487684729,44.700602079912414,58.14778325123153,44.83695652173913,55.318034393655886,0.7485714285714286,0.5028571428571429,0.4114285714285714,0.5657142857142857,B,C+,C,C+,strategiceducationinc,0.0,0.7777777777777778,0.6964285714285714,9.0,0.0,0.0,0.0,0.45652173913043476,C,54.8017300458298,69.64285714285714,41.785714285714285,50.0,False,False,44.700602079912414
CVSA,Covista Inc,Consumer Discretionary,Education Services,119.24,16.3384,2.1034,,2.806069619895702,13.69,9.27,17.82,0.1962,12.790000000000001,0.46572376966373213,-18.346,13.69,9.27,-18.346,0.46572376966373213,17.82,0.1962,12.790000000000001,44.47619047619048,63.76231527093596,63.05856595511768,53.970443349753694,44.83695652173913,55.43024083196497,0.44,0.7028571428571428,0.64,0.5257142857142857,C,B,B-,C+,covistainc,0.0,0.9,0.7833333333333333,10.0,0.0,0.0,0.0,0.45652173913043476,C,54.91393648413889,78.33333333333333,46.99999999999999,50.0,False,False,44.47619047619048
BURL,Burlington Stores Inc,Consumer Discretionary,Apparel Retail,265.68,22.401,1.3096,12.2016,9.21994183746417,31.44,10.89,39.82,0.0786,18.89,0.2563374702931081,-2.9974,31.44,10.89,-2.9974,0.2563374702931081,39.82,0.0786,18.89,40.62347729789591,75.05357142857143,61.03776683087028,52.019047619047626,28.85375494071146,55.82983484171536,0.4,0.8228571428571428,0.6171428571428571,0.5028571428571429,C-,B+,B-,C+,burlingtonstoresinc,-0.029230769230769282,0.7307692307692307,0.7016129032258065,26.0,0.0,0.0,-0.029230769230769282,0.21739130434782608,D+,53.71521033578651,70.16129032258065,42.09677419354839,50.0,False,False,28.85375494071146
SMP,Standard Motor Products Inc,Consumer Discretionary,Automotive Parts & Equipment,37.47,16.4999,0.4584,6.7706,1.2137054456407665,26.88,11.32,7.359999999999999,0.0839,3.9,0.2728047740835462,-5.1108,26.88,11.32,-5.1108,0.2728047740835462,7.359999999999999,0.0839,3.9,74.79069767441861,79.83630952380952,27.507389162561577,52.375,42.094861660079054,57.016783614006954,0.8514285714285714,0.88,0.22285714285714286,0.5085714285714286,B+,B+,D+,C+,standardmotorproductsinc,0.0,0.8571428571428571,0.7291666666666667,7.0,0.0,0.0,0.0,0.34782608695652173,C-,56.22626978001486,72.91666666666667,43.75,50.0,False,False,27.507389162561577
WMG,Warner Music Group Corp,Communication Services,Movies & Entertainment,27.02,21.1063,1.9419,12.9613,21.816713766653212,123.91,12.91,90.84,0.136,12.72,0.3046357615894039,-18.474,123.91,12.91,-18.474,0.3046357615894039,85.65150000000006,0.136,12.72,46.54686398872445,82.80192152285176,72.72727272727273,31.392461197339244,44.44444444444445,57.6574107230375,0.4318181818181818,0.9318181818181818,0.8409090909090909,0.25,C,A,B+,D+,warnermusicgroupcorp,0.0,0.782608695652174,0.7410714285714286,23.0,0.0,0.0,0.0,0.4166666666666667,C,57.10185516748194,74.10714285714286,44.464285714285715,50.0,False,True,31.392461197339244
KTB,Kontoor Brands Inc,Consumer Discretionary,"Apparel, Accessories & Luxury Goods",64.77,13.3339,1.1642,11.1444,6.33397875960805,7.16,15.78,45.96,0.1191,15.079999999999998,0.2618248397924931,-17.7218,7.16,15.78,-17.7218,0.2618248397924931,45.96,0.1191,15.079999999999998,58.20708748615726,72.86453201970443,65.03010399562123,38.55238095238096,68.62003780718335,58.0926804648617,0.6342857142857142,0.8057142857142857,0.6742857142857143,0.37714285714285717,B-,B+,B-,C-,kontoorbrandsinc,0.02197802197802201,0.7142857142857143,0.6710526315789473,14.0,0.0,0.0,0.02197802197802201,0.6521739130434783,B-,59.95468424558004,67.10526315789474,40.26315789473684,50.0,False,False,38.55238095238096
BKNG,Booking Holdings Inc,Consumer Discretionary,"Hotels, Resorts & Cruise Lines",163.28,17.0882,4.3621,12.8011,55.55631167063627,57.21,12.85,139.63,0.3287,29.37,0.1755276516163507,-26.4897,57.21,12.85,-26.4897,0.1755276516163507,139.63,0.2860499999999996,29.37,31.25692137320044,87.71825396825398,92.91625615763547,28.42857142857143,54.45134575569358,59.27265946207406,0.25142857142857145,0.9314285714285714,0.9942857142857143,0.2914285714285714,D+,A,A+,D+,bookingholdingsinc,0.0037002775208140326,0.8297872340425532,0.8028846153846154,47.0,6.75,13.216181108454062,0.0037002775208140326,0.5217391304347826,C+,59.717794037643415,80.28846153846155,53.45954936645855,50.0,True,True,28.42857142857143
CBRE,CBRE Group Inc,Real Estate,Real Estate Services,130.63,29.948,0.8928,16.8303,4.351359904065555,22.19,14.53,15.160000000000002,0.0453,7.89,0.1700266260935716,-13.9155,22.19,14.53,-13.9155,0.1700266260935716,15.160000000000002,0.0453,7.89,60.0,57.336956521739125,60.0,41.66666666666667,75.0,54.800724637681164,0.8,0.6,0.7,0.4,B,C+,B-,C-,cbregroupinc,0.0,0.9,0.8300000000000001,20.0,90.0,84.89281911636292,0.0,0.75,B,57.300724637681164,83.0,83.75712764654517,50.0,False,False,41.66666666666667
WDFC,WD-40 Co,Consumer Staples,Household Products,201.89,28.7094,3.7968,21.7813,10.18483952660095,3.51,10.15,33.050000000000004,0.1748,24.45,0.21462285154510632,-0.1103,3.51,10.15,-0.1103,0.21462285154510632,33.050000000000004,0.1748,24.45,22.38095238095238,70.09925558312655,86.1904761904762,42.11981566820277,93.00699300699301,54.58667139312301,0.15714285714285714,0.8142857142857143,0.9142857142857143,0.4,D,B+,A-,C-,wd40co,0.018181818181818188,0.8181818181818182,0.734375,11.0,0.0,0.0,0.018181818181818188,0.9230769230769231,A-,58.88737069382231,73.4375,44.0625,50.0,True,False,22.38095238095238
AWI,Armstrong World Industries Inc,Industrials,Building Products,162.92,21.8231,4.0585,13.144,7.762826865899213,8.16,8.57,35.36,0.2579,22.919999999999998,0.22652329749103914,-15.2781,8.16,8.57,-15.2781,0.22652329749103914,35.36,0.2579,22.919999999999998,51.625823019971044,57.26264391804932,87.66275988306968,29.01024506188017,81.88679245283019,57.076723521746075,0.5502008032128514,0.6265060240963856,0.9598393574297188,0.24096385542168675,C+,B-,A,D+,armstrongworldindustriesinc,0.02083333333333337,0.6875,0.6547619047619047,16.0,0.0,0.0,0.02083333333333337,0.8113207547169812,B+,60.265402767029094,65.47619047619047,39.28571428571428,50.0,False,True,29.01024506188017
SR,Spire Inc,Utilities,Gas Utilities,76.49,8.3201,1.7995,13.7088,1.331476565559859,89.9,4.12,15.879999999999999,0.20629999999999998,5.55,0.032887975334018514,-2.0053,89.9,4.12,-2.0053,0.032887975334018514,15.879999999999999,0.20629999999999998,5.55,69.54022988505747,61.14587896614306,69.54022988505747,40.689655172413794,65.21739130434783,60.13722177024011,0.7758620689655172,0.6724137931034483,0.7327586206896551,0.4482758620689655,B,B-,B,C,spireinc,0.0,0.7222222222222222,0.6847826086956522,18.0,0.0,0.0,0.0,0.625,B-,61.65896090067489,68.47826086956522,41.08695652173913,50.0,False,False,40.689655172413794
BR,Broadridge Financial Solutions Inc,Industrials,Data Processing & Outsourced Services,162.42,16.6103,2.4975,14.9656,6.524254061089063,35.62,8.53,40.239999999999995,0.174,18.65,0.27253834640940333,-30.275,35.62,8.53,-30.275,0.27253834640940333,40.239999999999995,0.174,18.65,60.138786438270095,69.1178145758891,80.02568095511297,29.366437177280545,40.56603773584906,59.73796719897969,0.6465863453815262,0.8072289156626506,0.8473895582329317,0.24497991967871485,B-,B+,B+,D+,broadridgefinancialsolutionsinc,0.0,0.7222222222222222,0.6847826086956522,18.0,0.0,0.0,0.0,0.3113207547169811,C-,58.79457097256459,68.47826086956522,41.08695652173913,50.0,False,True,29.366437177280545
TRU,TransUnion,Industrials,Research & Consulting Services,66.86,17.9555,2.7068,10.3909,2.8977844041468743,90.89,12.37,15.950000000000001,0.23,7.39,0.1355339805825243,-17.9575,90.89,12.37,-17.9575,0.1355339805825243,15.950000000000001,0.23,7.39,65.90552686938229,84.26181283324141,59.65084829112368,29.377434150813386,42.49775381850854,59.116943186937455,0.7429718875502008,0.927710843373494,0.606425702811245,0.24899598393574296,B,A-,B-,D+,transunion,0.0,0.7692307692307693,0.7338709677419356,26.0,0.0,0.0,0.0,0.3490566037735849,C-,58.36671856878831,73.38709677419357,44.032258064516135,50.0,False,True,29.377434150813386
EXLS,Exlservice Holdings Inc,Industrials,Data Processing & Outsourced Services,34.37,21.0742,2.3548,14.0392,5.890720872039214,10.07,13.63,28.49,0.149,20.14,0.48895737031330233,-19.5974,10.07,13.63,-19.5974,0.48895737031330233,28.49,0.149,20.14,58.02311285960167,61.528853609598954,74.36384995765376,44.29145152036718,94.8542024013722,59.26080173030708,0.6305220883534136,0.7068273092369478,0.7951807228915663,0.40963855421686746,B-,B,B,C,exlserviceholdingsinc,0.0625,0.9375,0.8452380952380951,16.0,6.75,13.216181108454062,0.0625,0.9433962264150944,A,63.7462219704443,84.52380952380952,56.000758157667335,50.0,False,False,44.29145152036718
PRGS,Progress Software Corp,Information Technology,Systems Software,38.48,18.1197,1.6075,10.078,3.4056111160279667,60.3,15.5,18.16,0.17329999999999998,4.8,0.6225053078556263,-4.5146,60.3,15.5,-4.5146,0.6225053078556263,18.16,0.17329999999999998,4.8,85.91997321279091,60.55791589829369,52.40740740740741,42.805529912539384,93.6373276776246,60.2545343172162,0.9005524861878453,0.6243093922651933,0.5359116022099447,0.35359116022099446,A-,B-,C+,C-,progresssoftwarecorp,0.07051282051282048,0.9166666666666666,0.8088235294117647,12.0,6.75,13.216181108454062,0.07051282051282048,0.926829268292683,A-,64.61826708497865,80.88235294117648,53.81588420808751,50.0,False,False,42.805529912539384
CRM,Salesforce Inc,Information Technology,Application Software,228.05,19.9336,4.3834,23.8101,3.582199742389495,59.27,11.23,20.150000000000002,0.18780000000000002,13.18,0.6656079485300106,-2.8761,59.27,11.23,-2.8761,0.6656079485300106,20.150000000000002,0.18780000000000002,13.18,63.33814665996987,54.52038493035243,66.85185185185185,63.986892599565834,47.12195121951219,61.248955133939084,0.7016574585635359,0.574585635359116,0.7016574585635359,0.6077348066298343,B,C+,B,B-,salesforceinc,0.0043834015195791665,0.7457627118644068,0.73046875,59.0,0.0,0.0,0.0043834015195791665,0.4634146341463415,C,60.9611502558903,73.046875,43.828125,50.0,False,False,47.12195121951219
EHC,Encompass Health Corp,Health Care,Health Care Facilities,124.79,19.6147,1.9627,10.0726,5.11795199895008,20.08,9.47,25.009999999999998,0.1794,12.379999999999999,0.9091425326519027,-1.688,20.08,9.47,-1.688,0.9091425326519027,25.009999999999998,0.1794,12.379999999999999,78.34437086092716,53.285938069654605,71.96467991169978,51.12141280353201,63.42592592592593,63.458732867794055,0.8675496688741722,0.5298013245033113,0.7284768211920529,0.4900662251655629,B+,C+,B,C,encompasshealthcorp,0.0032679738562091387,0.9444444444444444,0.8586956521739131,18.0,90.0,84.89281911636292,0.0032679738562091387,0.6388888888888888,B-,64.80132546038665,85.86956521739131,85.47886677697996,50.0,False,False,51.12141280353201
QNST,QuinStreet Inc,Communication Services,Interactive Media & Services,14.34,10.1264,0.6359,13.0531,2.5496506231886635,1687.12,18.29,27.66,0.0274,24.72,0.3375000000000001,-11.2138,431.6479999999967,18.29,-11.2138,0.3375000000000001,27.66,0.0274,24.72,70.01409443269908,86.20542584055013,59.84848484848485,43.268270837656885,100.0,63.36038415593739,0.7727272727272727,0.9545454545454546,0.5795454545454546,0.4090909090909091,B,A,C+,C,quinstreetinc,0.08333333333333326,0.9166666666666666,0.8088235294117647,12.0,6.75,13.216181108454062,0.07623626373626369,1.0,A+,68.3603841559374,80.88235294117648,53.81588420808751,50.0,False,False,43.268270837656885
PRDO,Perdoceo Education Corp,Consumer Discretionary,Education Services,30.33,10.7722,2.2222,7.0373,1.948727833461835,20.02,11.68,17.7,0.24559999999999998,17.51,0.30996621621621606,-16.6484,20.02,11.68,-16.6484,0.30996621621621606,17.7,0.24559999999999998,17.51,64.11074197120708,72.78940886699507,69.55555555555556,50.52216748768473,71.01449275362319,63.078889652626614,0.6857142857142857,0.8,0.7485714285714286,0.4857142857142857,B-,B,B,C,perdoceoeducationcorp,0.017857142857142905,0.875,0.7500000000000001,8.0,0.0,0.0,0.017857142857142905,0.717391304347826,B,65.18033892798893,75.00000000000001,45.00000000000001,50.0,False,False,50.52216748768473
NLY,Annaly Capital Management Inc,Financials,Mortgage REITs,20.55,5.2635,1.8439,45.7833,0.9028958572238259,231.09,50.87,18.39,0.35240000000000005,2.22,0.12168141592920372,-1.0086,185.31,50.87,-1.0086,0.12168141592920372,18.39,0.35240000000000005,2.22,94.9579831932773,88.51509254569527,69.74789915966386,33.796127146510784,62.797619047619044,70.63871452667651,0.9852941176470589,0.9873949579831933,0.6974789915966386,0.3445378151260504,A+,A+,B-,C-,annalycapitalmanagementinc,0.0,0.7058823529411765,0.6704545454545455,17.0,0.0,0.0,0.0,0.75,B,71.91847643143842,67.04545454545455,40.22727272727273,50.0,False,False,33.796127146510784
ADUS,Addus Homecare Corp,Health Care,Health Care Services,114.23,20.0724,1.4317,12.5851,1.9490513240513243,25.89,15.88,9.569999999999999,0.10039999999999999,8.73,0.7201973143326941,-2.0763,25.89,15.88,-2.0763,0.7201973143326941,9.569999999999999,0.10039999999999999,8.73,76.55481972038262,61.14830364556198,49.44812362030905,36.246163786141175,48.971193415637856,55.97962932151355,0.8344370860927153,0.6490066225165563,0.46357615894039733,0.31125827814569534,B+,B-,C,C-,addushomecarecorp,0.0,0.85,0.79,20.0,0.0,0.0,0.0,0.4583333333333333,C,55.876748663077336,79.0,47.4,50.0,False,False,36.246163786141175
ALLY,Ally Financial Inc,Financials,Consumer Finance,38.2,8.1155,0.88959,,0.7603836155245652,325.79,37.40411,9.42,0.158682,4.3999999999999995,0.20052770448548826,-4.9963,185.31,37.40411,-4.9963,0.20052770448548826,9.42,0.158682,4.3999999999999995,93.69747899159664,83.80834711306815,27.73109243697479,23.09141838553603,62.74999999999999,56.7370959568637,0.9789915966386554,0.9621848739495799,0.2773109243697479,0.21008403361344538,A+,A,D+,D+,allyfinancialinc,0.0,0.7916666666666666,0.75,24.0,0.0,0.0,0.0,0.609375,B-,58.012095956863696,75.0,45.0,50.0,False,True,23.09141838553603
LQDT,Liquidity Services Inc,Industrials,Diversified Support Services,43.71,41.0828,2.7907,20.9769,6.597437097188052,23.68,5.18,15.18,0.09,15.18,0.983050847457627,59.2768,23.68,5.18,59.2768,0.8706365842083148,15.18,0.09,15.18,28.388383465836128,54.614662203947915,52.315930388219535,94.4807802639128,45.111492281303605,54.995166957086056,0.20883534136546184,0.5582329317269076,0.5100401606425703,0.9759036144578314,D+,C+,C+,A+,liquidityservicesinc,0.0,0.875,0.7500000000000001,8.0,0.0,0.0,0.0,0.5094339622641509,C+,54.50631618521642,75.00000000000001,45.00000000000001,48.89206577723281,True,False,28.388383465836128
TRGP,Targa Resources Corp,Energy,Oil & Gas Storage & Transportation,275.61,26.2734,3.5587,14.3972,19.284484809471166,40.38,-1.97,72.17,0.2291,10.530000000000001,0.8026251526251528,61.7794,40.38,-1.97,61.7794,0.8026251526251528,36.65899999999999,0.2291,10.530000000000001,26.368159203980102,43.80597014925373,76.36815920398011,80.9950248756219,39.75155279503105,55.64427860696519,0.1791044776119403,0.373134328358209,0.8656716417910447,0.8507462686567164,D,C-,B+,B+,targaresourcescorp,0.005376344086021501,0.8387096774193549,0.7986111111111112,31.0,0.0,0.0,0.005376344086021501,0.35714285714285715,C-,54.61943388646829,79.86111111111111,47.916666666666664,48.726319389771284,True,False,26.368159203980102
LGND,Ligand Pharmaceuticals Inc,Health Care,Biotechnology,305.08,30.4786,20.6889,48.2291,5.93057410398916,,54.89,20.06,0.3261,12.33,0.867937247211668,80.8107,,50.44,80.8107,0.867937247211668,20.06,0.3261,12.33,26.74908020603384,73.44300408623363,77.15231788079471,74.24263773425392,67.85714285714286,60.51247788580465,0.2052980132450331,0.8245033112582781,0.7947019867549668,0.7350993377483444,D+,B+,B,B,ligandpharmaceuticalsinc,0.008928571428571397,0.9375,0.8452380952380951,16.0,90.0,84.89281911636292,0.008928571428571397,0.6666666666666666,B-,62.298192171518934,84.52380952380952,84.67141336083088,46.456316523397795,True,False,26.74908020603384
WWD,Woodward Inc,Industrials,Electrical Components & Equipment,325.63,35.1177,4.6245,25.6117,7.600257675413004,42.27,22.35,21.75,0.16,15.540000000000001,0.4242452093194246,35.3951,42.27,22.35,35.3951,0.4242452093194246,21.75,0.16,15.540000000000001,20.96877305138923,80.69736775018887,67.81356719394584,59.13060990316953,37.69811320754717,55.16118059200545,0.12449799196787148,0.9116465863453815,0.6947791164658634,0.5622489959839357,D,A-,B-,C+,woodwardinc,0.0,0.8235294117647058,0.7613636363636364,17.0,0.0,0.0,0.0,0.25471698113207547,D+,53.93099191276017,76.13636363636364,45.68181818181818,46.38640420491916,True,False,20.96877305138923
BCPC,Balchem Corp,Materials,Specialty Chemicals,168.18,32.552,4.9287,20.1797,4.287801258958415,16.69,10.14,12.790000000000001,0.20420000000000002,11.360000000000001,0.648558014755198,11.8446,16.69,10.14,11.8446,0.648558014755198,12.790000000000001,0.20420000000000002,11.360000000000001,26.47058823529412,69.37012968745606,72.54901960784314,58.33572453371592,44.79166666666667,55.2960728050187,0.11764705882352941,0.75,0.7720588235294118,0.5882352941176471,D,B,B,C+,balchemcorp,0.0,0.7777777777777778,0.6964285714285714,9.0,0.0,0.0,0.0,0.375,C-,54.77523947168537,69.64285714285714,41.785714285714285,46.115555875189976,True,False,26.47058823529412
MTRN,Materion Corp,Materials,Diversified Metals & Mining,263.15,61.2555,2.6308,43.7142,5.784533544359448,460.64,21.6,9.41,0.0599,6.29,0.7875057701184797,124.5614,450.345,21.6,79.35161499999998,0.7875057701184797,9.41,0.0599,6.29,21.078431372549016,91.44597232832527,39.21568627450981,95.05347593582889,46.42857142857143,57.37341906459554,0.04411764705882353,0.9705882352941176,0.3382352941176471,0.9705882352941176,F,A+,C-,A+,materioncorp,0.0,0.8,0.7166666666666667,10.0,0.0,0.0,0.0,0.5625,C+,57.016276207452684,71.66666666666667,43.0,45.92161775940323,True,False,21.078431372549016
HAS,Hasbro Inc,Consumer Discretionary,Leisure Products,90.07,15.6461,2.4983,12.3181,23.480799812299587,,16.99,138.2,0.2339,19.84,0.5488260405549624,18.1465,,16.99,18.1465,0.5488260405549624,138.2,0.2339,19.84,41.00110741971207,71.73469387755102,84.88669950738915,79.87755102040816,29.606625258799173,66.79440071136715,0.4114285714285714,0.7885714285714286,0.9314285714285714,0.7828571428571428,C,B,A,B,hasbroinc,-0.00952380952380949,0.8,0.7500000000000001,20.0,0.0,0.0,-0.00952380952380949,0.2608695652173913,D+,64.75506323724706,75.00000000000001,45.00000000000001,45.60303794234824,False,False,29.606625258799173
MTUS,Metallus Inc,Materials,Steel,19.09,96.408,0.6388,11.1924,1.1604298879081867,,16.12,1.17,0.36,1.17,0.5840286054827176,12.8144,,16.12,12.8144,0.5840286054827176,1.17,0.36,1.17,57.35294117647059,65.46653144016227,47.05882352941177,54.036511156186606,42.391304347826086,55.00354969574037,0.6764705882352942,0.7352941176470589,0.4338235294117647,0.5441176470588235,B-,B,C,C+,metallusinc,0.0,0.75,0.6730769230769231,8.0,0.0,0.0,0.0,0.25,D+,54.24268013052298,67.3076923076923,40.38461538461538,38.6033003860061,False,False,42.391304347826086
CON,Concentra Group Holdings Parent Inc,Health Care,Health Care Services,35.37,22.4645,1.9517,12.9357,11.568653103944527,-24.01,14.02,47.3,0.16390000000000002,9.92,0.9262317643820532,70.1166,-24.01,14.02,70.1166,0.9262317643820532,47.3,0.16390000000000002,9.92,73.02133922001471,38.77029028717813,72.62693156732892,85.35293167501212,83.53909465020575,66.23671208927396,0.8013245033112583,0.31788079470198677,0.7384105960264901,0.9139072847682119,B+,C-,B,A-,concentragroupholdingsparentinc,0.013986013986014068,0.9230769230769231,0.8194444444444445,13.0,66.75,75.38342033638617,0.013986013986014068,0.8055555555555556,B+,69.59062155429453,81.94444444444446,79.32003480122114,35.76825210183993,False,False,38.77029028717813
DAL,Delta Air Lines Inc,Industrials,Passenger Airlines,83.24,14.1378,0.818,8.1128,2.6190266433416816,-12.71,10.28,19.33,0.0806,11.379999999999999,0.693972939729397,49.7004,-12.71,10.28,49.7004,0.693972939729397,19.33,0.0806,11.379999999999999,87.64254296095947,44.520226663083804,51.043083900226755,89.19724248467793,45.32403609515997,66.4149005448489,0.9317269076305221,0.3654618473895582,0.4899598393574297,0.9196787148594378,A,C-,C,A-,deltaairlinesinc,0.0,0.90625,0.8581081081081081,32.0,90.0,84.89281911636292,0.0,0.5566037735849056,C+,65.9473041543649,85.8108108108108,85.44361413303164,34.92328307504913,False,False,44.520226663083804
DAR,Darling Ingredients Inc,Consumer Staples,Agricultural Products & Services,60.84,16.1754,1.4769,13.8982,2.0317994649995494,470.42,14.85,4.72,0.1452,2.55,0.7762248382150503,95.0048,100.61199999999988,14.85,67.96360499999999,0.7762248382150503,4.72,0.1452,2.55,54.76190476190476,92.78846153846153,36.19047619047619,94.4047619047619,18.531468531468533,65.17673992673993,0.5785714285714286,0.9857142857142858,0.29285714285714287,0.9571428571428572,C+,A+,D+,A,darlingingredientsinc,-0.05555555555555558,0.8888888888888888,0.8152173913043478,18.0,90.0,84.89281911636292,-0.05555555555555558,0.15384615384615385,D,62.02988677988678,81.52173913043478,82.87017112480603,33.09897182443532,False,False,18.531468531468533
GEO,Geo Group Inc,Industrials,Environmental & Facilities Services,30.65,14.0945,1.4534,12.6366,2.773153342260504,227.6,15.32,19.3,0.10880000000000001,9.42,0.8788759689922481,49.2352,191.6919999999998,15.32,49.2352,0.8706365842083148,19.3,0.10880000000000001,9.42,74.93648061634292,90.96483887124282,53.21585662377401,93.072077189829,19.98284734133791,73.8454675222436,0.8433734939759037,0.9879518072289156,0.5301204819277109,0.9598393574297188,B+,A+,C+,A,geogroupinc,-0.017857142857142905,0.8571428571428571,0.7291666666666667,7.0,0.0,0.0,-0.017857142857142905,0.16981132075471697,D,70.84375225637739,72.91666666666667,43.75,32.71250090255096,False,False,19.98284734133791
HRMY,Harmony Biosciences Holdings Inc,Health Care,Biotechnology,40.24,13.2555,2.5032,7.8863,2.6693377733848984,-0.38,24.25,20.06,0.2403,17.02,0.8191430161380078,52.5888,-0.38,24.25,52.5888,0.8191430161380078,20.06,0.2403,17.02,81.22442972774098,53.88080628140511,78.03532008830022,59.0080315626321,92.46031746031747,67.39270502281774,0.9072847682119205,0.5496688741721855,0.8211920529801324,0.5894039735099338,A-,C+,B+,C+,harmonybiosciencesholdingsinc,0.05882352941176472,0.7058823529411765,0.6704545454545455,17.0,0.0,0.0,0.05882352941176472,0.9444444444444444,A,71.63873676884948,67.04545454545455,40.22727272727273,32.67822198026707,False,False,53.88080628140511
MLI,Mueller Industries Inc,Industrials,Industrial Machinery & Supplies & Components,61.16,15.7387,2.8718,10.5934,4.2366599934884555,-24.03,14.81,25.85,0.2286,25.840000000000003,0.5641137855579865,21.1127,-24.03,14.81,21.1127,0.5641137855579865,25.85,0.2286,25.840000000000003,67.50539573259023,47.9708242849694,84.14282982269214,65.23216705605248,98.60237596086652,65.55265465702496,0.7670682730923695,0.42168674698795183,0.927710843373494,0.6666666666666666,B,C,A-,B-,muellerindustriesinc,0.16666666666666674,0.8333333333333334,0.7045454545454546,6.0,0.0,0.0,0.07867647058823522,1.0,A+,70.41289225311162,70.45454545454545,42.27272727272727,32.39242962851738,False,False,47.9708242849694
DELL,Dell Technologies Inc,Information Technology,"Technology Hardware, Storage & Peripherals",542.11,31.4548,2.3671,23.0237,141.45075016307894,145.25,49.03,130.7,0.0943,13.700000000000001,0.8899627027138413,329.8183,145.25,49.03,262.11377,0.8899627027138413,114.73149999999994,0.0943,13.700000000000001,66.12150510631173,87.78747024033956,68.24074074074075,88.8262189162217,16.46341463414634,73.91329929307538,0.7237569060773481,0.9447513812154696,0.7071823204419889,0.9447513812154696,B,A,B,A,delltechnologiesinc,-0.021008403361344574,0.7142857142857143,0.69375,35.0,0.0,0.0,-0.021008403361344574,0.12195121951219512,D,70.55964075649001,69.375,41.625,32.386356302596006,False,False,16.46341463414634
HALO,Halozyme Therapeutics Inc,Health Care,Biotechnology,113.28,31.2562,7.7701,21.5512,273.35907335907336,-23.53,41.15,180.63,0.3557,18.67,0.9358985885102941,53.9813,-23.53,41.15,53.9813,0.9358985885102941,108.28999999999999,0.3557,18.67,40.72553348050037,55.369363279010244,92.38410596026489,74.06791602085389,99.0079365079365,64.16486572016413,0.41721854304635764,0.5894039735099338,0.9602649006622517,0.7284768211920529,C,C+,A,B,halozymetherapeuticsinc,0.125,0.8125,0.75,16.0,0.0,0.0,0.06783306207858636,1.0,A+,69.06565937095779,75.0,45.0,32.12626374838312,False,False,40.72553348050037
PR,Permian Resources Corp,Energy,Oil & Gas Exploration & Production,21.44,14.4881,3.1182,5.3588,1.744110373551998,-1.68,12.81,11.32,0.3132,8.62,0.7481277160886752,56.0263,-1.68,12.81,56.0263,0.7481277160886752,11.32,0.3132,8.62,56.716417910447774,44.522840343735865,58.208955223880594,80.55058043117745,48.275862068965516,58.74602743856475,0.6268656716417911,0.40298507462686567,0.5223880597014925,0.835820895522388,B-,C,C+,B+,permianresourcescorp,0.032258064516129004,0.9032258064516129,0.8541666666666667,31.0,90.0,84.89281911636292,0.032258064516129004,0.5,C,58.57361364546131,85.41666666666667,85.20712764654516,31.950158222839043,False,False,44.522840343735865
SM,SM Energy Co,Energy,Oil & Gas Exploration & Production,34.38,8.0651,1.5411,4.3951,0.8193361423042459,-28.4,67.03,16.53,0.31079999999999997,8.959999999999999,0.702198257984239,24.167,-28.4,65.13999999999997,24.167,0.702198257984239,16.53,0.31079999999999997,8.959999999999999,78.1094527363184,59.350972410673904,64.17910447761194,56.37810945273631,100.0,63.71795567616463,0.8955223880597015,0.6865671641791045,0.6791044776119403,0.5373134328358209,B+,B-,B-,C+,smenergyco,0.1462450592885376,0.782608695652174,0.7410714285714286,23.0,0.0,0.0,0.1105943729015258,1.0,A+,68.71795567616462,74.10714285714286,44.464285714285715,31.933610841894424,False,False,56.37810945273631
WDC,Western Digital Corp,Information Technology,"Technology Hardware, Storage & Peripherals",441.14,16.6404,12.1386,36.4912,17.153967297260515,363.83,35.7,117.8,0.3025,85.72999999999999,0.48343293253653963,326.089,363.83,35.7,262.11377,0.48343293253653963,114.73149999999994,0.3025,61.4965,48.26929516156036,89.12742700579213,92.96296296296298,70.8151691924648,8.23170731707317,72.29658377078222,0.4861878453038674,0.9613259668508287,0.9558011049723757,0.7569060773480663,C,A,A,B,westerndigitalcorp,-0.08787541713014457,0.7741935483870968,0.7430555555555556,31.0,0.0,0.0,-0.03953488372093028,0.07317073170731707,D-,68.11975450248954,74.30555555555556,44.583333333333336,31.706235134329155,False,False,8.23170731707317
LAUR,Laureate Education Inc,Consumer Discretionary,Education Services,37.52,16.0218,2.8151,9.7752,4.514661821507214,31.4,17.89,28.599999999999998,0.24420000000000003,24.91,0.7864936042136949,22.1424,31.4,17.89,22.1424,0.7864936042136949,28.599999999999998,0.24420000000000003,24.91,47.03543743078627,85.78201970443348,78.75314723590587,91.17241379310346,9.601449275362317,71.83803286618041,0.4685714285714286,0.9085714285714286,0.8514285714285714,0.92,C,A-,B+,A-,laureateeducationinc,-0.0641025641025641,0.7692307692307693,0.7083333333333334,13.0,0.0,0.0,-0.061692307692307685,0.043478260869565216,F,67.79817779371665,70.83333333333334,42.50000000000001,31.36927111748666,False,False,9.601449275362317
DVN,Devon Energy Corp,Energy,Oil & Gas Exploration & Production,47.31,15.779,2.6304,7.2668,1.8950834381484183,-5.34,14.64,14.899999999999999,0.2274,10.52,0.7457627118644069,31.5716,-5.34,14.64,31.5716,0.7457627118644069,14.899999999999999,0.2274,10.52,49.25373134328358,45.70480928689884,61.44278606965174,68.09286898839137,73.39901477832512,55.433665008291875,0.4701492537313433,0.43283582089552236,0.5970149253731343,0.6268656716417911,C,C,C+,B-,devonenergycorp,0.06628787878787878,0.8787878787878788,0.8355263157894737,33.0,66.75,75.38342033638617,0.06628787878787878,0.7142857142857143,B,57.77356648612439,83.55263157894737,80.2849470819229,31.13792130264205,False,False,45.70480928689884
BG,Bunge Global SA,Consumer Staples,Agricultural Products & Services,109.65,20.7954,0.2281,12.355,1.3334549434512952,-48.66,80.53,6.329999999999999,0.0209,3.25,0.550093674725667,37.2969,-48.66,29.54249999999999,37.2969,0.550093674725667,6.329999999999999,0.0209,3.25,71.42857142857143,56.959706959706956,24.28571428571429,78.21428571428572,58.04195804195804,55.96336996336996,0.8285714285714286,0.5428571428571428,0.15714285714285714,0.8,B+,C+,D,B,bungeglobalsa,0.0,0.9,0.8300000000000001,20.0,90.0,84.89281911636292,0.0,0.5769230769230769,C+,56.76756576756577,83.0,83.75712764654517,31.082739071680827,False,False,24.28571428571429
MCK,McKesson Corp,Health Care,Health Care Distributors,863.12,22.0039,0.2459,15.6269,27.45982610134226,49.07,8.84,39.43,0.0158,16.23,0.5210264725580741,17.6669,49.07,8.84,17.6669,0.5210264725580741,39.43,0.0158,16.23,79.3980868285504,65.71177529917509,60.0,40.12141280353201,18.357487922705314,61.01615932767903,0.8874172185430463,0.7350993377483444,0.5827814569536424,0.36423841059602646,B+,B,C+,C-,mckessoncorp,-0.0778985507246377,0.7916666666666666,0.75,24.0,90.0,84.89281911636292,-0.0778985507246377,0.16666666666666666,D,57.851908119949556,75.0,78.95712764654516,31.03647601263434,False,False,18.357487922705314
SMTC,Semtech Corp,Information Technology,Semiconductors,168.49,50.6665,13.6194,268.0771,28.403095025370444,1063.4,25.36,51.24999999999999,0.102,29.270000000000003,0.8336337689649994,195.7975,703.5419999999999,25.36,195.7975,0.8336337689649994,51.24999999999999,0.102,29.270000000000003,19.56826552821028,84.80092738399938,72.22222222222223,85.79773401381911,76.19848612279226,62.067354217171825,0.13259668508287292,0.9281767955801105,0.7403314917127072,0.9060773480662984,D,A-,B,A-,semtechcorp,0.049407114624505866,0.9130434782608695,0.8482142857142856,23.0,90.0,84.89281911636292,0.049407114624505866,0.7560975609756098,B,64.68720282945105,84.82142857142856,84.8499847894023,30.624903746958616,True,False,19.56826552821028
NJR,New Jersey Resources Corp,Utilities,Gas Utilities,50.5,14.0246,3.6769,11.6728,2.121608052867952,-11.74,10.73,14.42,0.3956,5.89,0.4045977011494253,7.0431,-11.74,10.73,7.0431,0.4045977011494253,14.42,0.39203,5.89,59.195402298850574,46.58614431441267,89.6551724137931,78.12128418549347,26.08695652173913,67.15412937814214,0.6551724137931034,0.41379310344827586,0.9655172413793104,0.7586206896551724,B-,C,A,B,newjerseyresourcescorp,-0.09090909090909094,0.7272727272727273,0.671875,11.0,0.0,0.0,-0.09090909090909094,0.25,D+,64.76282503031605,67.1875,40.3125,29.93638001212642,False,False,26.08695652173913
JNJ,Johnson & Johnson,Health Care,Pharmaceuticals,272.21,31.0697,6.6744,21.0843,8.038187369701694,-7.75,8.06,25.740000000000002,0.25730000000000003,16.04,0.9157474324838341,52.6023,-7.75,8.06,52.6023,0.9157474324838341,25.740000000000002,0.25730000000000003,16.04,42.71523178807947,40.94605611924711,80.5739514348786,79.2946249807485,90.07936507936508,59.87043202573864,0.4370860927152318,0.3708609271523179,0.8675496688741722,0.8543046357615894,C,C-,B+,B+,johnsonjohnson,0.032258064516129115,0.7096774193548387,0.6875,31.0,0.0,0.0,0.032258064516129115,0.9166666666666666,A-,63.87836853367514,68.75,41.25,29.676347413470058,False,False,40.94605611924711
BALL,Ball Corp,Materials,"Metal, Glass & Plastic Containers",56.73,15.885,1.0501,10.3234,2.777097876423305,82.34,15.56,17.05,0.1025,7.359999999999999,0.507246376811594,17.2478,82.34,15.56,17.2478,0.507246376811594,17.05,0.1025,7.359999999999999,73.03921568627452,81.781045751634,57.84313725490196,61.029411764705884,16.66666666666667,66.2826797385621,0.8235294117647058,0.8970588235294118,0.5735294117647058,0.6029411764705882,B+,B+,C+,B-,ballcorp,-0.045454545454545525,0.7727272727272727,0.7314814814814814,22.0,0.0,0.0,-0.045454545454545525,0.125,D,62.94934640522876,73.14814814814814,43.88888888888888,29.568627450980394,False,False,16.66666666666667
ANET,Arista Networks Inc,Information Technology,Communications Equipment,205.1,64.4083,24.7141,55.6547,20.832486897168163,24.69,32.57,30.78,0.4314,30.78,0.9024608946896484,44.38,24.69,32.57,44.38,0.9024608946896484,30.78,0.4314,30.78,19.162271890172438,70.47290565006845,86.2962962962963,70.58189886034972,64.78048780487804,59.575602948700826,0.1270718232044199,0.7513812154696132,0.9005524861878453,0.7513812154696132,D,B,A-,B,aristanetworksinc,0.031092436974789917,0.9428571428571428,0.8937499999999999,35.0,90.0,84.89281911636292,0.031092436974789917,0.6097560975609756,B-,61.05365172918863,89.375,87.58212764654516,29.481331401183795,True,False,19.162271890172438
TOL,Toll Brothers Inc,Consumer Discretionary,Homebuilding,136.96,10.5605,1.1763,9.1767,1.5698140888980585,-8.47,-1.08,14.23,0.1384,10.71,0.30546339305463394,1.7258,-8.47,-1.08,1.7258,0.30546339305463394,14.23,0.1384,10.71,67.64341085271317,50.341836734693885,51.40667761357417,66.41632653061225,97.9296066252588,58.11415476963307,0.7257142857142858,0.4742857142857143,0.4685714285714286,0.6742857142857143,B,C,C,B-,tollbrothersinc,0.07246376811594202,0.7391304347826086,0.7053571428571428,23.0,0.0,0.0,0.07048054919908463,0.9565217391304348,A,62.907115432158946,70.53571428571428,42.32142857142856,29.39498903000644,False,False,50.341836734693885
SN,Sharkninja Inc,Consumer Discretionary,Household Appliances,178.01,36.0153,3.6235,25.6003,9.38920829157656,33.4,17.49,26.009999999999998,0.1376,20.419999999999998,0.8516424340333871,67.5686,33.4,17.49,54.84940999999998,0.8028694842823204,26.009999999999998,0.1376,20.419999999999998,10.522702104097455,86.42045454545455,66.73344280240832,97.92207792207792,87.5776397515528,61.18254272013294,0.045714285714285714,0.9142857142857143,0.7085714285714285,1.0,F,A-,B,A+,sharkninjainc,0.045454545454545525,0.9545454545454546,0.8796296296296297,22.0,90.0,84.89281911636292,0.045454545454545525,0.8695652173913043,B+,64.94030669528823,87.96296296296296,86.73490542432295,29.37792206627856,True,False,10.522702104097455
VRT,Vertiv Holdings Co,Industrials,Electrical Components & Equipment,247.13,56.7224,8.5581,41.4636,23.98714887504125,111.16,26.23,42.11,0.1841,24.610000000000003,0.4603287481967613,81.212,111.16,26.23,75.1288999999999,0.4603287481967613,42.11,0.1841,24.610000000000003,7.520695024997952,90.1341076971329,84.83375679589103,78.39959253925323,86.94339622641509,61.79535300249947,0.028112449799196786,0.9759036144578314,0.9397590361445783,0.7911646586345381,F,A+,A,B,vertivholdingsco,0.03594771241830064,0.8888888888888888,0.847560975609756,36.0,90.0,84.89281911636292,0.03594771241830064,0.8867924528301887,B+,65.48969262514098,84.75609756097559,84.81078618313052,29.095915514112797,True,False,7.520695024997952
KRYS,Krystal Biotech Inc,Health Care,Biotechnology,337.77,42.3907,23.2378,48.1752,8.085032027038672,62.37,22.63,19.34,0.4489,19.34,0.8005613597380319,114.5951,62.37,22.63,114.5951,0.8005613597380319,19.34,0.38915,19.34,19.907284768211923,74.18121802730687,84.65783664459161,73.56065943356347,60.317460317460316,60.68965584537496,0.08609271523178808,0.8344370860927153,0.8940397350993378,0.7152317880794702,D-,B+,B+,B,krystalbiotechinc,0.005847953216374324,0.8947368421052632,0.8229166666666666,19.0,90.0,84.89281911636292,0.005847953216374324,0.6111111111111112,B-,61.72140187712099,82.29166666666666,83.33212764654516,28.664430222149303,True,False,19.907284768211923
FIX,Comfort Systems USA Inc,Industrials,Construction & Engineering,1683.07,40.7029,5.1999,29.5522,24.177697970910398,108.88,46.11,53.55,0.16469999999999999,51.739999999999995,0.7031716262082477,112.1694,108.88,36.967999999999954,75.1288999999999,0.7031716262082477,53.55,0.16469999999999999,29.789999999999996,15.451738928503127,89.64459848388421,85.6235827664399,95.21309728710762,72.24842767295597,67.24036957793412,0.07228915662650602,0.9718875502008032,0.9477911646586346,0.9839357429718876,D-,A+,A,A+,comfortsystemsusainc,0.017857142857142905,0.875,0.7976190476190476,16.0,0.0,0.0,0.017857142857142905,0.7169811320754716,B,69.46521234522972,79.76190476190476,47.857142857142854,28.04902830748851,True,False,15.451738928503127
AIR,AAR Corp,Industrials,Aerospace & Defense,114.33,24.9039,1.4131,14.4022,2.676032272485763,1500.3,18.97,12.19,0.0933,7.57,0.4907573812580231,40.467,191.6919999999998,18.97,40.467,0.4907573812580231,12.19,0.0933,7.57,60.55132092997841,87.3695012670168,38.70393137174549,79.28698918462652,10.910582444626742,63.145111165759644,0.6626506024096386,0.9437751004016064,0.3413654618473896,0.8152610441767069,B-,A,C-,B+,aarcorp,-0.06818181818181823,0.75,0.6911764705882353,12.0,0.0,0.0,-0.06818181818181823,0.09433962264150944,D-,59.23616941022232,69.11764705882352,41.47058823529411,27.84152658761834,False,False,10.910582444626742
C,Citigroup Inc,Financials,Diversified Banks,133.77,12.6266,1.09533,,1.1011743554874325,35.24,99.23775,8.41,0.2301502,1.87,0.7386740331491713,31.5052,35.24,83.28401599999997,31.5052,0.7386740331491713,8.41,0.2301502,1.87,66.38655462184875,84.64361236178118,18.907563025210084,87.0525988173047,26.08695652173913,60.66277164758189,0.707983193277311,0.9663865546218487,0.18907563025210083,0.9033613445378151,B,A,D,A-,citigroupinc,-0.0357142857142857,0.7857142857142857,0.75,28.0,0.0,0.0,-0.0357142857142857,0.25,D+,58.271467299755805,75.0,45.0,27.808586919902325,False,False,18.907563025210084
AVGO,Broadcom Inc,Information Technology,Semiconductors,351.64,44.0137,18.9013,38.4137,20.507855784820315,100.1,48.69,43.91,0.4797,25.34,0.30081935232149826,4.9717,100.1,48.69,4.9717,0.30081935232149826,43.91,0.4317149999999999,25.34,30.747739829231545,82.34044692456577,89.25925925925925,25.8713867348847,13.540790580319594,56.64411650401279,0.287292817679558,0.9116022099447514,0.9337016574585635,0.19889502762430938,D+,A-,A,D,broadcominc,-0.01629072681704269,0.9122807017543859,0.8830645161290321,57.0,90.0,84.89281911636292,-0.01629072681704269,0.0975609756097561,D-,52.99819556204475,88.30645161290322,86.9409986142871,27.492309812096657,True,True,13.540790580319594
CDE,"Coeur Mining, Inc",Materials,Gold,18.58,23.2323,6.2301,12.3564,3.6009147641381447,211.84,117.26,12.49,0.3369,11.57,0.35372714486638523,5.6044,211.84,46.40449999999998,5.6044,0.35372714486638523,12.49,0.3369,11.57,42.15686274509804,91.13384484228473,75.49019607843137,38.61892583120205,9.782608695652174,60.36231884057971,0.4485294117647059,0.9558823529411765,0.8235294117647058,0.3382352941176471,C,A,B+,C-,coeurmininginc,-0.05714285714285705,0.8,0.7375,15.0,0.0,0.0,-0.04837662337662341,0.0625,D-,56.34057971014493,73.75,44.25,26.961231884057973,False,False,9.782608695652174
PTGX,Protagonist Therapeutics Inc,Health Care,Biotechnology,142.61,110.718,32.5524,146.2759,14.517820240046422,45.97,34.81,12.030000000000001,0.2069,12.030000000000001,0.8153596428933754,119.2581,45.97,34.81,119.2581,0.8153596428933754,12.030000000000001,0.2069,12.030000000000001,11.271523178807946,76.53304993682713,64.67991169977925,77.3848104833028,81.34920634920636,54.771430803672786,0.033112582781456956,0.8675496688741722,0.6754966887417219,0.8145695364238411,F,B+,B-,B+,protagonisttherapeuticsinc,0.04999999999999993,0.95,0.87,20.0,90.0,84.89281911636292,0.04999999999999993,0.7777777777777778,B,57.90635143859342,87.0,86.15712764654516,26.74318902776276,True,False,11.271523178807946
DCOM,Dime Community Bancshares Inc,Financials,Regional Banks,40.1,16.1056,2.11729,,1.1918384330742597,225.06,42.91451,7.670000000000001,0.4435096,6.45,0.8855569155446757,33.7641,185.31,42.91451,33.7641,0.8728421284860932,7.670000000000001,0.4435096,6.45,53.781512605042025,67.2840015121204,15.126050420168067,95.1904500117804,60.62499999999999,54.72178106108268,0.5210084033613446,0.7941176470588235,0.15126050420168066,0.9705882352941176,C+,B,D,A+,dimecommunitybancsharesinc,0.0,0.8181818181818182,0.734375,11.0,0.0,0.0,0.0,0.5,C,55.78428106108268,73.4375,44.0625,26.719962424433074,False,False,15.126050420168067
COR,Cencora Inc,Health Care,Health Care Distributors,307.0,22.3136,0.176,16.5395,39.48146814475681,38.37,5.09,106.43,0.91,21.19,0.46850512356841467,2.7107,38.37,5.09,2.7107,0.46850512356841467,106.43,0.38915,21.19,78.95069904341428,49.08020603384841,93.92935982339957,28.890728476821195,7.971014492753622,63.81420161883738,0.8807947019867549,0.4768211920529801,0.9801324503311258,0.2119205298013245,B+,C,A+,D+,cencorainc,-0.08571428571428574,0.7142857142857143,0.6826923076923077,21.0,0.0,0.0,-0.08426279602750197,0.05555555555555555,D-,59.61130306811274,68.26923076923077,40.96153846153846,26.710175144669783,False,True,7.971014492753622
COCO,Vita Coco Company Inc,Consumer Staples,Soft Drinks & Non-alcoholic Beverages,57.98,30.724,4.7632,22.6007,9.982438621259597,67.78,26.1,31.09,0.191,31.09,0.42219917012448127,50.1923,67.78,26.1,50.1923,0.42219917012448127,31.09,0.191,28.479999999999983,17.61904761904762,91.67974882260597,87.85714285714285,75.81632653061224,58.04195804195804,64.86826268969125,0.08571428571428572,0.9714285714285714,0.9571428571428572,0.7571428571428571,D-,A+,A,B,vitacococompanyinc,0.0,0.7647058823529411,0.7159090909090908,17.0,0.0,0.0,0.0,0.5769230769230769,C+,65.67245849388706,71.59090909090908,42.954545454545446,26.525565786254564,True,False,17.61904761904762
AMD,Advanced Micro Devices Inc,Information Technology,Semiconductors,614.47,160.0074,24.924,134.1375,15.89844164379025,124.33,39.54,10.07,0.15710000000000002,9.59,0.9493412085415721,291.0399,124.33,39.54,262.11377,0.9332220367278796,10.07,0.15710000000000002,9.59,9.849531223840616,84.04971972953271,50.55555555555555,97.51558538783273,55.929352396972256,56.41433271832213,0.055248618784530384,0.9226519337016574,0.5138121546961326,1.0,D-,A-,C+,A+,advancedmicrodevicesinc,0.023490930716622116,0.8305084745762712,0.80859375,59.0,66.75,75.38342033638617,0.023490930716622116,0.5609756097560976,C+,57.007267958019355,80.859375,78.66899313455447,26.14982258341186,True,False,9.849531223840616
VRTX,Vertex Pharmaceuticals Inc,Health Care,Biotechnology,529.03,30.4146,10.6443,25.23,7.198666485236087,22.46,10.23,23.31,0.3795,23.28,0.8296130546307918,37.793,22.46,10.23,37.793,0.8296130546307918,23.31,0.3795,23.28,37.39661515820456,51.208709127743234,87.63796909492272,52.498238692405245,17.46031746031746,57.000035627311526,0.37748344370860926,0.5033112582781457,0.9271523178807947,0.5099337748344371,C-,C+,A-,C+,vertexpharmaceuticalsinc,-0.019444444444444375,0.8055555555555556,0.774390243902439,36.0,0.0,0.0,-0.019444444444444375,0.1388888888888889,D,53.74606737334327,77.4390243902439,46.46341463414634,26.144768412751944,False,False,17.46031746031746
DAVE,Dave Inc,Financials,Consumer Finance,313.79,18.6134,6.4383,18.2839,12.054797678090534,308.0,48.63,84.35000000000001,0.3452,51.129999999999995,0.5279701999738597,45.5099,185.31,48.63,45.5099,0.5279701999738597,44.400499999999866,0.3452,29.45649999999999,15.756302521008402,89.56982454836532,97.68907563025209,73.71530430353961,19.0,66.01837030819611,0.09663865546218488,0.9957983193277311,0.976890756302521,0.7478991596638656,D-,A+,A+,B,daveinc,-0.04678362573099415,0.8421052631578947,0.78125,19.0,0.0,0.0,-0.04678362573099415,0.15625,D,62.91837030819611,78.125,46.875,26.0728158925354,True,False,15.756302521008402
MLKN,MillerKnoll Inc,Industrials,Office Services & Supplies,20.09,14.0836,0.3619,8.0978,1.0202112533008327,33.57,1.2,7.340000000000001,0.0516,3.71,0.5776965265082267,14.1069,33.57,1.2,14.1069,0.5776965265082267,7.340000000000001,0.0516,3.71,93.66882495970276,48.673921959636246,19.89509056634702,60.28497033660545,42.83876500857633,55.18275734076079,0.9799196787148594,0.42971887550200805,0.14056224899598393,0.5903614457831325,A+,C,D,C+,millerknollinc,0.0,0.75,0.6730769230769231,8.0,0.0,0.0,0.0,0.3867924528301887,C-,54.46663384161842,67.3076923076923,40.38461538461538,25.825115075108904,False,False,19.89509056634702
SKYW,SkyWest Inc,Industrials,Passenger Airlines,100.09,9.6894,0.9478,5.9313,1.4530625518095415,2.47,9.1,15.02,0.14029999999999998,8.04,0.5573688174742657,0.6593,2.47,9.1,0.6593,0.5573688174742657,15.02,0.14029999999999998,8.04,90.75868098243313,45.19892734178448,49.89153894489524,48.880389281995704,7.629204265791634,58.97841830658813,0.9678714859437751,0.3855421686746988,0.4859437751004016,0.44176706827309237,A,C-,C,C,skywestinc,-0.14102564102564108,0.6923076923076923,0.6527777777777778,13.0,0.0,0.0,-0.07702020202020206,0.03773584905660377,F,54.7413387331673,65.27777777777779,39.16666666666667,25.81320215993359,False,False,7.629204265791634
SCL,Stepan Co,Materials,Specialty Chemicals,64.39,1000000.0,0.603,13.4057,1.1710423895884712,-31.52,7.63,-0.22,0.82,-0.13999999999999999,0.8621084797555386,38.9535,-31.52,7.63,38.9535,0.8115563414285022,-0.22,0.44605999999999996,-0.13999999999999999,47.54901960784313,41.59071088980786,47.05882352941177,89.15351506456241,44.79166666666667,54.800805975187785,0.5147058823529411,0.3235294117647059,0.4338235294117647,0.9117647058823529,C+,C-,C,A-,stepanco,0.0,0.8,0.675,5.0,0.0,0.0,0.0,0.375,C-,54.27997264185445,67.5,40.5,25.761989056741783,False,False,41.59071088980786
CPAY,Corpay Inc,Financials,Transaction & Payment Processing Services,398.93,22.9136,5.2066,12.7641,7.02180838892507,12.37,20.36,30.4,0.4361,8.43,0.8366166533043181,36.255,12.37,20.36,36.255,0.8366166533043181,30.4,0.4361,8.43,13.445378151260506,46.898424258939286,88.23529411764706,94.6311858076564,89.58333333333334,58.72609008054603,0.07983193277310924,0.4369747899159664,0.8823529411764706,0.9621848739495799,D-,C,B+,A,corpayinc,0.007905138339920903,0.8260869565217391,0.7767857142857143,23.0,0.0,0.0,0.007905138339920903,0.90625,A-,62.684423413879365,77.67857142857143,46.607142857142854,25.71782966223997,True,False,13.445378151260506
PLTR,Palantir Technologies Inc,Information Technology,Application Software,186.9,151.0887,74.0404,170.4172,60.497183919207615,290.0,78.92,37.47,0.428,37.47,0.7961443400889767,5.8899,290.0,54.72500000000002,5.8899,0.7961443400889767,37.47,0.428,37.47,8.355307215804453,94.35053586760809,88.88888888888887,74.68988754796959,68.68292682926828,63.119133709288874,0.049723756906077346,0.994475138121547,0.925414364640884,0.8066298342541437,F,A+,A-,B+,palantirtechnologiesinc,0.03373819163292846,0.717948717948718,0.6988636363636364,39.0,0.0,0.0,0.03373819163292846,0.6585365853658537,B-,64.9874263922157,69.88636363636364,41.93181818181818,25.655759884501936,True,False,8.355307215804453
PGNY,Progyny Inc,Health Care,Health Care Services,25.59,24.8233,1.4892,15.2648,4.134020452012083,58.09,5.54,15.98,0.0855,15.98,0.5593869731800767,19.1011,58.09,5.54,19.1011,0.5593869731800767,15.98,0.0855,15.98,69.90875643855776,47.07312215282189,60.9271523178808,41.68631884994346,19.753086419753085,55.460865389662715,0.7748344370860927,0.44370860927152317,0.5993377483443708,0.3973509933774834,B,C,C+,C-,progynyinc,-0.04901960784313719,0.8333333333333334,0.7717391304347826,18.0,0.0,0.0,-0.04901960784313719,0.19444444444444445,D,52.436174031638025,77.17391304347827,46.30434782608696,25.604904395263908,False,False,19.753086419753085
CFG,Citizens Financial Group Inc,Financials,Regional Banks,65.33,12.982,1.48499,,1.065561470810825,37.2,62.72879,8.14,0.31448550000000003,5.87,0.634703196347032,23.8987,37.2,62.72879,23.8987,0.634703196347032,8.14,0.31448550000000003,5.87,67.64705882352942,73.20651295452328,17.647058823529413,73.85533652713421,15.000000000000002,55.73589930809621,0.7226890756302521,0.8781512605042017,0.17647058823529413,0.7521008403361344,B,B+,D,B,citizensfinancialgroupinc,-0.08300395256916993,0.8260869565217391,0.7767857142857143,23.0,0.0,0.0,-0.08300395256916993,0.125,D,52.23589930809621,77.67857142857143,46.607142857142854,25.55507400895277,False,False,15.000000000000002
NMIH,NMI Holdings Inc,Financials,Commercial & Residential Mortgage Finance,41.02,7.8446,4.2437,6.317,1.2072659634582783,7.97,7.53,15.14,0.7323999999999999,13.05,0.519327731092437,5.3129,7.97,7.53,5.3129,0.519327731092437,15.14,0.5811805599999998,13.05,80.88235294117646,32.24397360430202,60.08403361344538,50.20094994519547,19.64285714285715,56.730581348554956,0.9159663865546218,0.23949579831932774,0.6008403361344538,0.5294117647058824,A-,D+,B-,C+,nmiholdingsinc,-0.0714285714285714,0.7142857142857143,0.6710526315789473,14.0,0.0,0.0,-0.0714285714285714,0.1875,D,53.69486706284067,67.10526315789474,40.26315789473684,25.504262614609956,False,False,19.64285714285715
V,Visa Inc,Financials,Transaction & Payment Processing Services,367.39,30.361,15.418,24.6106,18.565176965213347,14.72,14.39,61.260000000000005,0.6068,37.39,0.8017024451379198,9.6886,14.72,14.39,9.6886,0.8017024451379198,44.400499999999866,0.5811805599999998,29.45649999999999,7.9831932773109235,45.16117128778073,97.68907563025209,71.98412698412699,34.375,54.847126881272295,0.0546218487394958,0.40336134453781514,0.976890756302521,0.7226890756302521,D-,C,A+,B,visainc,-0.03431372549019607,0.8823529411764706,0.8526785714285714,51.0,90.0,84.89281911636292,-0.03431372549019607,0.3125,C-,53.284626881272295,85.26785714285714,85.11784193225945,25.42071449051394,True,False,7.9831932773109235
R,Ryder System Inc,Industrials,Cargo Ground Transportation,235.53,18.2124,0.7047,5.9976,3.0419188899120604,4.74,1.12,16.7,0.07780000000000001,4.66,0.615105071891294,27.618,4.74,1.12,27.618,0.615105071891294,16.7,0.07780000000000001,4.66,87.67751277217714,37.287964246489594,35.881758325820286,67.19557045161986,8.355795148247983,56.78652471412124,0.9397590361445783,0.28112449799196787,0.30120481927710846,0.6867469879518072,A,D+,C-,B-,rydersysteminc,-0.09027777777777779,0.7222222222222222,0.6847826086956522,18.0,0.0,0.0,-0.07702020202020206,0.05660377358490566,D-,52.62210422894604,68.47826086956522,41.08695652173913,25.15753734375233,False,False,8.355795148247983
KO,Coca-Cola Co,Consumer Staples,Soft Drinks & Non-alcoholic Beverages,87.5,26.3905,7.5367,25.1349,11.701459004774195,17.61,6.52,42.99,0.3035,18.26,0.8161385408990421,33.0858,17.61,6.52,33.0858,0.8025340315958557,42.99,0.3035,18.26,19.523809523809522,65.14913657770799,87.61904761904763,86.22448979591834,32.51748251748252,62.06043956043956,0.1,0.7,0.9428571428571428,0.8857142857142857,D-,B-,A,B+,cocacolaco,-0.05210084033613438,0.7714285714285715,0.74375,35.0,0.0,0.0,-0.05210084033613438,0.3076923076923077,C-,60.312187812187815,74.375,44.625,25.01395323426574,True,False,19.523809523809522
FSLR,First Solar Inc,Information Technology,Semiconductors,175.14,10.9383,3.5512,7.3353,1.9704599765083906,38.7,23.82,18.02,0.33649999999999997,17.2,0.028904428904428743,-20.3273,38.7,23.82,-20.3273,0.06528472718608534,18.02,0.33649999999999997,17.2,84.48853172610079,62.05636692502203,74.07407407407408,9.0011371689637,93.27165685449958,58.85215226884087,0.8839779005524862,0.6353591160220995,0.7569060773480663,0.04419889502762431,B+,B-,B,F,firstsolarinc,0.0700354609929078,0.7083333333333334,0.6933962264150945,48.0,0.0,0.0,0.0700354609929078,0.9024390243902439,A-,63.17931795429082,69.33962264150945,41.60377358490567,25.0,False,True,9.0011371689637
EFC,Ellington Financial Inc,Financials,Specialized Finance,12.35,7.171,2.7304,557.5172,0.7617579028527371,23.45,30.99,11.87,-0.0548,1.17,0.3767605633802818,-5.4323,23.45,30.99,-5.4323,0.3767605633802818,11.87,0.06414,1.17,94.9579831932773,59.5847984819808,45.168067226890756,28.09645597369383,9.226190476190482,57.56776349617694,0.9852941176470589,0.680672268907563,0.45168067226890757,0.2815126050420168,A+,B-,C,D+,ellingtonfinancialinc,-0.08333333333333337,0.75,0.6911764705882353,12.0,0.0,0.0,-0.08333333333333331,0.0625,D-,53.49038254379599,69.11764705882352,41.47058823529411,25.0,False,True,9.226190476190482
ACAD,ACADIA Pharmaceuticals Inc,Health Care,Pharmaceuticals,19.97,9.3651,3.1294,36.3229,2.7709940611644557,96.46,47.0,32.39,0.0759,32.39,0.024844720496894197,-2.4988,96.46,47.0,-2.4988,0.06676714005319462,32.39,0.0759,29.675,56.790286975717436,86.24675924168068,73.39955849889624,18.46604035114739,54.36507936507936,58.49002128721904,0.6026490066225165,0.9470198675496688,0.7649006622516556,0.11920529801324503,B-,A,B,D,acadiapharmaceuticalsinc,0.0,0.7777777777777778,0.7421875,27.0,0.0,0.0,0.0,0.5416666666666666,C+,58.92652922372697,74.21875,44.53125,25.0,False,True,18.46604035114739
NBIX,Neurocrine Biosciences Inc,Health Care,Biotechnology,138.39,19.9408,4.1697,16.4503,4.2583503854024025,101.29,34.42,21.13,0.23559999999999998,21.13,0.253985620506408,-1.7673,101.29,34.42,-1.7673,0.253985620506408,21.13,0.23559999999999998,21.13,59.305371596762335,87.21658885687853,80.3532008830022,11.089192616598561,41.86507936507936,59.57579941463655,0.6225165562913907,0.9668874172185431,0.8509933774834437,0.07947019867549669,B-,A,B+,D-,neurocrinebiosciencesinc,0.0,0.8611111111111112,0.8231707317073171,36.0,90.0,84.89281911636292,0.0,0.3611111111111111,C-,58.762307351144486,82.31707317073172,83.3473715489842,25.0,False,True,11.089192616598561
ADSK,Autodesk Inc,Information Technology,Application Software,204.04,26.6532,5.618,20.6236,14.20574802272474,59.92,17.94,52.5,0.262,28.02,0.1317697228144989,-34.5972,59.92,17.94,-34.5972,0.1317697228144989,52.5,0.262,28.02,59.54398961995647,68.52407038446731,84.07407407407408,20.890212660884597,7.902439024390244,58.78737253257802,0.6408839779005525,0.7182320441988951,0.8674033149171271,0.13812154696132597,B-,B,B+,D,autodeskinc,-0.03953488372093028,0.8604651162790697,0.828125,43.0,90.0,84.89281911636292,-0.03953488372093028,0.036585365853658534,F,54.57761643501704,82.8125,83.64462764654516,25.0,False,True,7.902439024390244
APOG,Apogee Enterprises Inc,Industrials,Building Products,36.9,11.342,0.5534,6.731,1.5299712663932898,35.74,1.79,13.43,0.0688,9.02,0.3054898766118937,-15.1439,35.74,1.79,-15.1439,0.3054898766118937,13.43,0.0688,9.02,94.09665874381881,61.02927803700004,39.315903068054524,34.560404884845504,7.018867924528302,57.471077037337444,0.9879518072289156,0.7028112449799196,0.3534136546184739,0.3172690763052209,A+,B,C-,C-,apogeeenterprisesinc,-0.13888888888888884,0.75,0.6730769230769231,8.0,0.0,0.0,-0.07702020202020206,0.018867924528301886,F,53.17296382979028,67.3076923076923,40.38461538461538,25.0,False,False,7.018867924528302
PCTY,Paylocity Holding Corp,Industrials,Human Resource & Employment Services,143.06,28.1964,4.2938,14.8959,6.23942359693655,23.04,11.04,23.44,0.21789999999999998,21.89,0.6941633162345765,-12.4901,23.04,11.04,-12.4901,0.6941633162345765,23.44,0.21789999999999998,21.89,40.19451957489823,69.23819423819424,80.74802611807776,43.53651057431698,16.552315608919383,57.790577385746246,0.36947791164658633,0.8152610441767069,0.8594377510040161,0.39759036144578314,C-,B+,B+,C-,paylocityholdingcorp,-0.03703703703703709,0.8148148148148148,0.7734375,27.0,90.0,84.89281911636292,-0.03703703703703709,0.1320754716981132,D,54.44580894663819,77.34375,80.36337764654516,25.0,False,False,16.552315608919383
FERG,Ferguson Enterprises Inc,Industrials,Trading Companies & Distributors,224.25,17.6887,1.3513,12.4429,7.468029838817104,33.62,3.66,40.62,0.1058,23.61,0.20366324987397086,-1.167,33.62,3.66,-1.167,0.20366324987397086,40.62,0.1058,23.61,73.21367101057291,56.39586261706077,74.17698002895936,32.91681538530686,16.745283018867923,59.71019836035659,0.8273092369477911,0.5983935742971888,0.7911646586345381,0.2931726907630522,B+,C+,B,D+,fergusonenterprisesinc,-0.032258064516129004,0.7096774193548387,0.6875,31.0,0.0,0.0,-0.032258064516129004,0.1509433962264151,D,56.38472666224339,68.75,41.25,25.0,False,True,16.745283018867923
FSS,Federal Signal Corp,Industrials,Construction Machinery & Heavy Transportation Equipment,115.58,24.5428,2.8614,17.6879,5.093222990450757,29.03,23.97,20.22,0.16149999999999998,15.370000000000001,0.43195798949737435,-6.563,29.03,23.97,-6.563,0.43195798949737435,20.22,0.16149999999999998,15.370000000000001,44.11004562467557,83.35036717389659,67.126738245499,37.82790224523544,14.837049742710123,57.044849851370046,0.40160642570281124,0.9236947791164659,0.6907630522088354,0.3493975903614458,C,A-,B-,C-,federalsignalcorp,-0.050000000000000044,0.75,0.6911764705882353,12.0,0.0,0.0,-0.050000000000000044,0.11320754716981132,D,53.52855482564106,69.11764705882352,41.47058823529411,25.0,False,False,14.837049742710123
FNB,FNB Corp,Financials,Regional Banks,17.49,10.3095,2.56275,,0.9245798685817294,30.25,64.79501,8.94,0.42536409999999997,7.049999999999999,0.5906432748538009,9.6333,30.25,64.79501,9.6333,0.5906432748538009,8.94,0.42536409999999997,7.049999999999999,84.45378151260505,70.46506826992473,23.52941176470588,45.960889028508596,9.583333333333334,55.2809897790144,0.9390756302521008,0.8403361344537815,0.23529411764705882,0.49159663865546216,A,B+,D+,C,fnbcorp,-0.08333333333333326,0.8333333333333334,0.75,12.0,0.0,0.0,-0.08333333333333326,0.09375,D-,51.23932311234773,75.0,45.0,24.995729244939096,False,False,9.583333333333334
FICO,Fair Isaac Corp,Information Technology,Application Software,846.44,22.8716,7.7878,19.204,74.41492448086088,35.35,24.09,145.71,0.5165,30.869999999999997,0.0,-44.2578,35.35,24.09,-42.32334,0.06528472718608534,114.73149999999994,0.4317149999999999,30.869999999999997,59.412146325129754,69.21736274552606,94.62962962962962,6.963815755630319,74.63414634146342,58.74667968892112,0.6353591160220995,0.7348066298342542,0.9834254143646409,0.027624309392265192,B-,B,A+,F,fairisaaccorp,0.03448275862068961,0.7241379310344828,0.698529411764706,29.0,0.0,0.0,0.03448275862068961,0.7317073170731707,B,61.210094323067466,69.8529411764706,41.911764705882355,24.769998564315525,False,True,6.963815755630319
MSI,Motorola Solutions Inc,Information Technology,Communications Equipment,455.64,35.4315,6.1794,24.7809,31.327521245290285,2.13,10.29,85.76,0.2488,18.38,0.7106059487785074,0.2523,2.13,10.29,0.2523,0.7106059487785074,85.76,0.2488,18.38,50.23648083040349,35.11710512287782,82.22222222222223,46.77470074421324,7.902439024390244,54.49303693657465,0.5303867403314917,0.27624309392265195,0.850828729281768,0.40331491712707185,C+,D+,B+,C,motorolasolutionsinc,-0.04999999999999993,0.8,0.7500000000000001,20.0,0.0,0.0,-0.03953488372093028,0.036585365853658534,F,50.28328083901367,75.00000000000001,45.00000000000001,24.61331233560547,False,False,7.902439024390244
CRUS,Cirrus Logic Inc,Information Technology,Semiconductors,117.66,13.9587,2.932,9.9092,2.7975253574774244,28.21,6.25,20.349999999999998,0.2305,20.349999999999998,0.15372168284789636,-4.5223,28.21,6.25,-4.5223,0.15372168284789636,20.349999999999998,0.2305,20.349999999999998,84.08881634019757,37.918834678128846,74.44444444444444,14.713901239992278,86.45920941968039,55.15986237978473,0.8729281767955801,0.3149171270718232,0.7651933701657458,0.07734806629834254,B+,C-,B,D-,cirruslogicinc,0.05769230769230771,0.75,0.6911764705882353,12.0,0.0,0.0,0.05769230769230771,0.8780487804878049,B+,58.80578332175277,69.11764705882352,41.47058823529411,24.589052545228064,False,True,14.713901239992278
ROST,Ross Stores Inc,Consumer Discretionary,Apparel Retail,235.36,28.3669,3.0773,18.4547,12.261015430458748,31.42,14.02,42.34,0.1375,35.23,0.8023924755730072,57.9821,31.42,14.02,54.84940999999998,0.8023924755730072,42.34,0.1375,35.23,17.600221483942413,79.17857142857143,77.46250684181719,95.38095238095238,10.474308300395258,63.67758684334466,0.09714285714285714,0.8685714285714285,0.84,0.9714285714285714,D-,B+,B+,A+,rossstoresinc,-0.06552706552706555,0.7037037037037037,0.6796875,27.0,0.0,0.0,-0.061692307692307685,0.08695652173913043,D-,59.72501767338419,67.96875,40.78125,24.432161086299676,True,False,10.474308300395258
TBBK,Bancorp Inc,Financials,Regional Banks,49.47,8.8944,4.64103,,3.0375969396840206,14.47,89.12521,32.32,0.5646253999999999,17.29,0.03188929001203376,-34.2006,14.47,83.28401599999997,-34.2006,0.060451623116281404,32.32,0.5646253999999999,17.29,56.09243697478992,68.28204557224517,89.49579831932773,1.751354747506479,97.29166666666667,55.40373888747974,0.5525210084033614,0.8025210084033614,0.8949579831932774,0.004201680672268907,C+,B+,B+,F,bancorpinc,0.11111111111111105,0.8888888888888888,0.7678571428571428,9.0,0.0,0.0,0.020714285714285675,0.984375,A+,60.132905554146404,76.78571428571428,46.07142857142856,24.421470041936672,False,True,1.751354747506479
EQT,EQT Corp,Energy,Oil & Gas Exploration & Production,50.09,11.7209,3.3529,5.5586,1.3160591267610076,134.0,30.17,11.15,0.4235,8.68,0.10606105381364724,-5.7853,134.0,30.17,-5.7853,0.10606105381364724,11.15,0.4235,8.68,58.208955223880594,84.16478214985678,62.68656716417911,16.82255389718076,65.02463054187193,55.42134780642244,0.664179104477612,0.9253731343283582,0.6268656716417911,0.07462686567164178,B-,A-,B-,D-,eqtcorp,0.04137931034482767,0.8,0.7642857142857142,30.0,0.0,0.0,0.04137931034482767,0.6428571428571429,B-,56.923810860609635,76.42857142857142,45.85714285714285,24.272670694791216,False,True,16.82255389718076
EXE,Expand Energy Corp,Energy,Oil & Gas Exploration & Production,85.87,7.229,1.4712,3.4865,1.1058453851206038,2866.66,60.73,14.7,0.2708,11.78,0.02125564415409754,-16.804,574.281999999999,60.73,-13.20894,0.07203784289075846,14.7,0.2708,11.78,82.58706467661692,96.61521935775667,66.16915422885572,6.102819237147596,8.374384236453201,62.732662445349014,0.9552238805970149,0.9850746268656716,0.7014925373134329,0.022388059701492536,A,A+,B,F,expandenergycorp,-0.06666666666666665,0.8,0.7642857142857142,30.0,0.0,0.0,-0.023333333333333327,0.07142857142857142,D-,58.57010086899433,76.42857142857142,45.85714285714285,24.125278243911993,False,True,6.102819237147596
CHEF,Chefs' Warehouse Inc,Consumer Staples,Food Distributors,110.66,48.9157,1.0244,24.2148,7.4491932172355995,32.46,11.16,13.54,0.039599999999999996,6.01,0.8915438324282388,84.8927,32.46,11.16,67.96360499999999,0.8025340315958557,13.54,0.039599999999999996,6.01,27.61904761904762,81.71428571428572,36.19047619047619,97.08571428571429,11.036789297658864,56.712380952380954,0.22142857142857142,0.9142857142857143,0.29285714285714287,0.9857142857142858,D+,A-,D+,A+,chefswarehouseinc,-0.05714285714285705,0.8,0.7375,15.0,0.0,0.0,-0.056190476190476166,0.07692307692307693,D-,52.81605988214684,73.75,44.25,23.908832413032105,True,False,11.036789297658864
VICR,Vicor Corp,Industrials,Electrical Components & Equipment,275.72,89.4958,27.4262,114.5595,17.537320552859388,115.29,24.95,19.830000000000002,0.1864,19.830000000000002,0.6808917007371156,440.7748,115.29,24.95,75.1288999999999,0.6808917007371156,19.830000000000002,0.1864,19.830000000000002,4.696336365871653,90.20785920545825,73.19673250826435,88.93774514969499,37.69811320754717,60.302388089564644,0.012048192771084338,0.9799196787148594,0.7710843373493976,0.9156626506024096,F,A+,B,A-,vicorcorp,0.0,0.9,0.7833333333333333,10.0,0.0,0.0,0.0,0.25471698113207547,D+,59.072199410319364,78.33333333333333,46.99999999999999,23.541981707598932,True,False,4.696336365871653
LVS,Las Vegas Sands Corp,Consumer Discretionary,Casinos & Gaming,38.86,14.623,1.8408,8.3106,16.496858549838684,29.56,18.11,139.84,0.21489999999999998,10.24,0.024698981167026773,-26.5172,29.56,18.11,-26.5172,0.024698981167026773,139.84,0.21489999999999998,10.24,58.33997785160576,79.7202380952381,76.07991242474002,16.83809523809524,17.18426501035197,57.91663923575311,0.64,0.8742857142857143,0.8114285714285714,0.09142857142857143,B-,B+,B+,D-,lasvegassandscorp,-0.040000000000000036,0.72,0.6916666666666667,25.0,0.0,0.0,-0.040000000000000036,0.13043478260869565,D,54.635065736788306,69.16666666666667,41.5,23.29217783826644,False,True,16.83809523809524
TMDX,Transmedics Group Inc,Health Care,Health Care Equipment,84.26,19.4955,4.4242,35.658,6.10314356077068,105.49,25.82,32.97,0.12210000000000001,13.239999999999998,0.2518900881172116,-25.1185,105.49,25.82,-25.1185,0.2518900881172116,32.97,0.12210000000000001,13.239999999999998,46.417954378219285,90.91048692640987,69.97792494481236,19.703311258278145,16.425120772946862,56.22172946769552,0.4768211920529801,0.9933774834437086,0.7086092715231788,0.152317880794702,C,A+,B,D,transmedicsgroupinc,-0.05263157894736836,0.6842105263157895,0.65625,19.0,0.0,0.0,-0.05263157894736836,0.1111111111111111,D,52.86424154499021,65.625,39.375,23.23102680150167,False,True,16.425120772946862
BGC,Bgc Group Inc,Financials,Investment Banking & Brokerage,11.8,28.305,1.7089,13.6013,5.734836702954899,31.58,27.6,19.2,0.1155,7.02,0.7648970747562299,23.4619,31.58,27.6,23.4619,0.7648970747562299,19.2,0.1155,7.02,13.025210084033612,64.41320187848841,70.58823529411765,83.04003954522986,62.797619047619044,55.39400962928148,0.07563025210084033,0.7478991596638656,0.7058823529411765,0.8613445378151261,D-,B,B,B+,bgcgroupinc,0.0,0.8333333333333334,0.7045454545454546,6.0,0.0,0.0,0.0,0.75,B,56.67377153404338,70.45454545454545,42.27272727272727,23.206949782990666,True,False,13.025210084033612
SEZL,Sezzle Inc,Financials,Transaction & Payment Processing Services,108.83,23.2344,7.0517,17.5172,21.660728857751327,56.65,43.06,85.55,0.4039,50.529999999999994,0.4057861979344778,32.1704,56.65,43.06,32.1704,0.4057861979344778,44.400499999999866,0.4039,29.45649999999999,9.873949579831937,80.8123127865617,97.68907563025209,69.47245564892623,8.072916666666666,61.947709989618595,0.06722689075630252,0.9285714285714286,0.976890756302521,0.6974789915966386,D-,A-,A+,B-,sezzleinc,-0.14102564102564108,0.6923076923076923,0.6527777777777778,13.0,0.0,0.0,-0.08333333333333331,0.03125,F,57.75500165628526,65.27777777777779,39.16666666666667,23.198591045033996,True,False,8.072916666666666
CI,Cigna Group,Health Care,Health Care Services,271.75,11.2026,0.2545,8.384,1.7164039584349176,31.74,7.77,15.24,0.0352,8.649999999999999,0.4244339125855713,-4.2421,31.74,7.77,-4.2421,0.4244339125855713,15.24,0.0352,8.649999999999999,94.68579838116261,50.213467767302284,47.24061810154526,21.486028105314166,9.876543209876543,54.82150329520026,0.9867549668874173,0.4900662251655629,0.44370860927152317,0.17218543046357615,A+,C,C,D,cignagroup,-0.08377896613190738,0.7647058823529411,0.7371794871794871,34.0,0.0,0.0,-0.08377896613190738,0.08333333333333333,D-,50.80915761618791,73.71794871794872,44.230769230769226,23.16524301123303,False,True,9.876543209876543
CRS,Carpenter Technology Corp,Industrials,Industrial Machinery & Supplies & Components,390.24,37.1212,6.295,23.9609,8.690288228783686,41.87,8.59,25.869999999999997,0.21960000000000002,19.34,0.40765355478221543,70.7573,41.87,8.59,70.7573,0.40765355478221543,25.869999999999997,0.21960000000000002,19.34,17.911646586345384,68.6529741712121,81.01794934841406,75.88248980120615,10.69182389937107,58.639491778173515,0.0963855421686747,0.7991967871485943,0.8674698795180723,0.7710843373493976,D-,B,B+,B,carpentertechnologycorp,-0.05714285714285705,0.8,0.7375,15.0,0.0,0.0,-0.05714285714285705,0.07547169811320754,D-,54.70867416811062,73.75,44.25,22.972365531729242,True,False,10.69182389937107
HWM,Howmet Aerospace Inc,Industrials,Aerospace & Defense,230.13,49.5528,10.1693,34.7292,17.266008928236484,35.22,18.08,34.410000000000004,0.272,20.13,0.366965205674883,22.4546,35.22,18.08,22.4546,0.366965205674883,34.410000000000004,0.272,20.13,8.874682403081717,71.47566215889196,86.69945086468323,65.72585419933051,43.1501230516817,56.33383658858573,0.03614457831325301,0.8232931726907631,0.9558232931726908,0.6746987951807228,F,B+,A,B-,howmetaerospaceinc,0.0,0.8214285714285714,0.7803030303030304,28.0,0.0,0.0,0.0,0.41509433962264153,C,55.6488488937539,78.03030303030305,46.81818181818183,22.713512142275892,True,False,8.874682403081717
ORCL,Oracle Corp,Information Technology,Application Software,132.13,21.9109,5.7756,20.9183,8.952078971794819,49.08,21.62,42.58,0.3212,10.76,0.08474331859257832,-52.94,49.08,21.62,-42.32334,0.08474331859257832,42.58,0.3212,10.76,61.93286455717396,70.93977260850642,74.62962962962963,9.589966768521663,17.756097560975608,55.24657142210651,0.6961325966850829,0.7679558011049724,0.7734806629834254,0.049723756906077346,B-,B,B,F,oraclecorp,-0.020408163265306145,0.7959183673469388,0.7731481481481481,49.0,0.0,0.0,-0.020408163265306145,0.14634146341463414,D,52.02218117820407,77.31481481481481,46.388888888888886,22.263276305983435,False,True,9.589966768521663
PH,Parker-Hannifin Corp,Industrials,Industrial Machinery & Supplies & Components,977.36,33.8211,5.7389,26.243,7.99450324733751,5.03,8.31,25.11,0.2165,15.14,0.681254388017786,31.3054,5.03,8.31,31.3054,0.681254388017786,25.11,0.2165,15.14,18.280468814031636,48.694811514072626,76.80681911318744,80.67197030386191,22.78127183787561,54.645178345391685,0.10441767068273092,0.43373493975903615,0.8273092369477911,0.8273092369477911,D,C,B+,B+,parkerhannifincorp,-0.005882352941176561,0.7941176470588235,0.7628205128205128,34.0,0.0,0.0,-0.005882352941176561,0.20754716981132076,D+,51.923305529179245,76.28205128205127,45.76923076923076,22.233950309884797,True,False,18.280468814031636
NX,Quanex Building Products Corp,Industrials,Building Products,19.67,19.9455,0.4855,7.1825,1.23719251017366,,1.26,6.1899999999999995,0.0596,3.18,0.7021969080553297,46.3306,,1.26,46.3306,0.7021969080553297,6.1899999999999995,0.0596,3.18,87.66439909297053,43.75,19.741551238969482,89.9695106958446,43.69811320754717,58.595389722153925,0.9357429718875502,0.3534136546184739,0.13654618473895583,0.9236947791164659,A,C-,D,A-,quanexbuildingproductscorp,0.0,0.9,0.7833333333333333,10.0,0.0,0.0,0.0,0.4528301886792453,C,57.965201042908646,78.33333333333333,46.99999999999999,20.914560312872595,False,False,19.741551238969482
LQDA,Liquidia Corp,Health Care,Pharmaceuticals,69.53,44.1907,13.5839,35.5929,76.75240092725466,,2233.65,149.64,0.3739,50.019999999999996,0.6676787192934032,204.8107,,50.44,121.93785,0.6676787192934032,108.28999999999999,0.3739,29.675,25.00662251655629,74.46095795472047,96.46799116997794,79.38703218851072,6.547619047619047,66.1382514502798,0.16556291390728478,0.847682119205298,1.0,0.8609271523178808,D,B+,A+,B+,liquidiacorp,-0.19523809523809532,0.7333333333333333,0.6875,15.0,0.0,0.0,-0.08426279602750197,0.027777777777777776,F,61.793013355041694,68.75,41.25,19.636814390349024,True,False,6.547619047619047
MRVL,Marvell Technology Inc,Information Technology,Semiconductors,251.53,87.0074,24.3051,61.8538,14.894801357249024,,30.62,16.220000000000002,0.3557,12.57,0.6977179343737341,212.5343,,30.62,212.5343,0.6977179343737341,16.220000000000002,0.3557,12.57,15.826427255985266,64.51310861423221,70.37037037037037,81.75990665410274,37.258200168208575,55.803802460255895,0.07734806629834254,0.6795580110497238,0.7348066298342542,0.861878453038674,D-,B-,B,B+,marvelltechnologyinc,0.0028571428571428914,0.86,0.8318181818181818,50.0,90.0,84.89281911636292,0.0028571428571428914,0.3902439024390244,C-,54.52962247707675,83.18181818181817,83.86621855563607,19.56122633313228,True,False,15.826427255985266
ANIP,ANI Pharmaceuticals Inc,Health Care,Pharmaceuticals,73.57,15.6939,1.7374,8.2575,3.06160242031802,,30.9,19.64,0.1537,9.28,0.14551422319474816,-20.7454,,30.9,-20.7454,0.14551422319474816,19.64,0.1537,9.28,82.98749080206034,69.2014477129216,63.90728476821192,13.984290774680426,54.36507936507936,58.36084159008847,0.9205298013245033,0.7814569536423841,0.6490066225165563,0.10596026490066225,A-,B,B-,D,anipharmaceuticalsinc,0.0,0.8571428571428571,0.7763157894736842,14.0,0.0,0.0,0.0,0.5416666666666666,C+,58.797349526596406,77.63157894736842,46.578947368421055,18.75,False,True,13.984290774680426
META,Meta Platforms Inc,Communication Services,Interactive Media & Services,720.32,28.1192,8.3894,18.0844,8.388806849678806,-3.69,27.65,29.73,0.38079999999999997,23.74,0.7707682871576119,0.3672,-3.69,27.65,0.3672,0.7707682871576119,29.73,0.367945,23.74,26.004228329809724,68.74653608815598,86.36363636363637,69.74042357978439,18.840579710144926,60.78935810694961,0.22727272727272727,0.8181818181818182,0.8863636363636364,0.7045454545454546,D+,B+,B+,B,metaplatformsinc,-0.0017605633802817433,0.8732394366197183,0.8519736842105263,71.0,90.0,84.89281911636292,-0.0013204225352113075,0.16666666666666666,D,57.6734160779641,85.19736842105263,85.07554869917675,14.819623292449625,True,False,18.840579710144926
GPOR,Gulfport Energy Corp,Energy,Oil & Gas Exploration & Production,154.28,5.5045,1.777,3.6349,1.5808770035064565,-1.63,35.16,27.200000000000003,0.4499,18.87,0.06657963446475189,-12.4164,-1.63,35.16,-12.4164,0.07203784289075846,27.200000000000003,0.4499,18.87,80.09950248756219,66.9998492386552,90.04975124378109,9.764510779436154,21.67487684729064,62.89018543645409,0.9402985074626866,0.7910447761194029,0.9552238805970149,0.05970149253731343,A,B,A,D-,gulfportenergycorp,0.0,0.6842105263157895,0.65625,19.0,0.0,0.0,0.0,0.14285714285714285,D,60.05767312118316,65.625,39.375,12.300563859682827,False,True,9.764510779436154
