Ticker,Name,Sector,SubIndustry,Price,PE_Rank,PS_Rank,EV_EBITDA_Used,PB_Ratio,EPS_Growth,Rev_Growth,ROE,Op_Margin,ROIC,Mom_Range,Mom_12M,EPS_Growth_Win,Rev_Growth_Win,Mom_12M_Win,Mom_Range_Win,ROE_Win,Op_Margin_Win,ROIC_Win,Value_S,Growth_S,Prof_S,Mom_S,Rev_S,Fundamental_Score,Value_Pct,Growth_Pct,Prof_Pct,Mom_Pct,Value_Grade,Growth_Grade,Prof_Grade,Mom_Grade,Name_Key
UNIT,Uniti Group Inc (Delaware),Communication Services,Alternative Carriers,11.46,2.0999,1.2262,5.0156,7.051439822791042,807.23,91.48,245.66,0.7885,13.11,0.8959739353037004,39.2467,570.9259999999986,22.091999999999985,39.2467,0.8959739353037004,42.00799999999998,0.41657500000000003,13.11,86.38352638352637,98.62130623000188,92.3941798941799,83.61628709454797,50.0,86.14194523433655,0.9459459459459459,1.0,0.918918918918919,0.8108108108108109,A,A+,A-,B+,unitigroupincdelaware
EIX,Edison International,Utilities,Electric Utilities,69.0,5.5922,1.3609,6.2801,1.5103425632045528,206.15,9.78,27.639999999999997,0.36719999999999997,8.42,0.746708794102159,25.7289,116.81250000000004,9.78,25.7289,0.746708794102159,23.937999999999988,0.36719999999999997,8.42,96.42237982663515,82.03833203833204,94.07407407407408,78.74643874643874,50.0,84.78106763213147,1.0,0.9148936170212766,0.9893617021276596,0.851063829787234,A+,A-,A+,B+,edisoninternational
MU,Micron Technology Inc,Information Technology,Semiconductors,576.45,27.0533,11.2232,17.7753,11.940864291129644,412.05,85.55,40.839999999999996,0.48340000000000005,33.46,0.9682086263925377,614.1353,241.37,48.17399999999999,463.2751999999991,0.9682086263925377,40.839999999999996,0.44785,33.46,52.66628649968563,97.22345190182722,91.39739543979732,91.75207787012755,50.0,78.8110264392617,0.5751633986928104,1.0,0.954248366013072,0.9738562091503268,C+,A+,A,A+,microntechnologyinc
SON,Sonoco Products Co,Materials,Paper & Plastic Packaging Products & Materials,49.62,4.8316,0.6559,6.2666,1.3542835152418304,562.04,17.49,29.580000000000002,0.136,12.19,0.5543203638201112,10.9819,562.04,17.49,10.9819,0.5543203638201112,29.5,0.136,12.19,91.53439153439153,92.94685990338165,88.62433862433862,46.79365079365079,50.0,77.98778467908902,0.9682539682539683,0.9841269841269841,0.9365079365079365,0.42857142857142855,A,A+,A,C,sonocoproductsco
MLI,Mueller Industries Inc,Industrials,Industrial Machinery & Supplies & Components,130.85,17.0561,3.3039,11.6032,4.5320882934618085,39.47,11.54,27.029999999999998,0.24239999999999998,27.029999999999998,0.869223933649289,73.1966,39.47,11.54,73.1966,0.869223933649289,27.029999999999998,0.24239999999999998,26.983999999999988,63.95093022143575,87.924900246904,88.66995073891626,83.12280084447572,50.0,77.36476045836395,0.7378640776699029,0.970873786407767,0.9611650485436893,0.8689320388349514,B,A+,A,B+,muellerindustriesinc
INVA,Innoviva Inc,Health Care,Pharmaceuticals,22.99,6.2801,4.1401,7.928,1.4630172902043386,3397.08,14.67,30.599999999999998,0.3981,21.88,0.7501449275362317,22.8098,1389.2,14.67,22.8098,0.7501449275362317,30.599999999999998,0.3981,21.88,77.49158249158249,86.8115834139805,86.96741854636592,67.99248120300751,50.0,77.07556318288471,0.8666666666666667,0.9555555555555556,0.9185185185185185,0.6888888888888889,B+,A,A-,B-,innovivainc
INCY,Incyte Corp,Health Care,Biotechnology,97.14,15.0832,3.7747,10.4395,3.7307156107059325,2749.07,21.22,29.15,0.29460000000000003,28.910000000000004,0.7221203228173146,55.3494,1389.2,21.22,55.3494,0.7221203228173146,29.15,0.29460000000000003,28.910000000000004,72.25028058361391,85.80225315764659,85.96491228070174,73.91478696741854,50.0,76.49720624109194,0.8296296296296296,0.9481481481481482,0.9037037037037037,0.762962962962963,B+,A,A-,B,incytecorp
WDC,Western Digital Corp,Information Technology,"Technology Hardware, Storage & Peripherals",442.36,22.4699,12.4227,38.4986,27.707417289889385,269.21,32.04,90.82000000000001,0.29460000000000003,58.78,0.972040312029913,889.8411,241.37,32.04,463.2751999999991,0.972040312029913,90.82000000000001,0.29460000000000003,53.78399999999993,43.682648301677126,92.3942862777518,91.46110197490259,94.03349672683865,50.0,76.07149417006302,0.46405228758169936,0.9803921568627451,0.9607843137254902,0.9869281045751634,C,A+,A,A+,westerndigitalcorp
NEM,Newmont Corporation,Materials,Gold,108.33,16.3229,5.1016,8.4573,3.4833693471214695,118.49,21.34,21.72,0.47909999999999997,18.02,0.6934534118462072,110.2271,118.49,21.34,110.2271,0.6934534118462072,21.72,0.24867999999999998,15.903999999999998,55.555555555555564,86.21463077984816,93.12169312169313,79.22077922077922,50.0,75.25639416943766,0.6428571428571429,0.9365079365079365,0.9682539682539683,0.7777777777777778,B-,A,A,B,newmontcorporation
ECPG,Encore Capital Group Inc,Financials,Consumer Finance,83.19,6.9149,1.0041,8.531,1.847172509347994,13.54,33.12,28.189999999999998,0.35340000000000005,5.3100000000000005,0.9580432737535277,133.352,13.54,33.12,65.34807,0.9506182088450298,28.189999999999998,0.35340000000000005,5.3100000000000005,70.13745196571091,57.18769172506023,89.44723618090453,94.21168341708542,50.0,75.176047065083,0.7843137254901961,0.6372549019607843,0.8970588235294118,0.9632352941176471,B,B-,B+,A,encorecapitalgroupinc
KALU,Kaiser Aluminum Corp,Materials,Aluminum,169.42,17.8809,0.7409,9.9069,4.0823112696079615,242.59,20.84,18.68,0.0674,8.16,0.8959233028156848,144.9682,242.59,20.84,144.9682,0.8959233028156848,18.68,0.0674,8.16,75.66137566137566,91.7184265010352,58.73015873015873,90.76479076479077,50.0,75.0945270510488,0.8412698412698413,0.9682539682539683,0.5952380952380952,0.9523809523809523,B+,A,C+,A,kaiseraluminumcorp
APA,APA Corp (US),Energy,Oil & Gas Exploration & Production,42.02,10.3556,1.6648,3.4813,2.434192232829734,77.13,-8.39,24.51,0.3422,13.56,0.8804986227794578,155.2855,77.13,-8.39,143.4819,0.8804986227794578,24.51,0.3422,13.56,84.55625436757511,52.71894063030526,89.30817610062893,78.57764876632801,50.0,74.72542549637767,0.9629629629629629,0.5370370370370371,0.9814814814814815,0.8703703703703703,A,C+,A+,B+,apacorpus
BYD,Boyd Gaming Corp,Consumer Discretionary,Casinos & Gaming,82.89,3.3898,1.52,2.8438,2.4267566831690415,272.31,3.45,91.96,0.1734,38.72,0.6630123927550049,16.9441,202.9259999999997,3.45,16.9441,0.6630123927550049,91.96,0.1734,38.72,79.49984467225846,73.41484782310437,88.27586206896551,63.18668252080856,50.0,74.26423275408858,0.8648648648648649,0.8040540540540541,0.9662162162162162,0.5945945945945946,B+,B+,A,C+,boydgamingcorp
INDV,"Indivior Pharmaceuticals, Inc",Health Care,Pharmaceuticals,38.98,22.6311,3.8327,17.9284,104.3082686647043,7022.71,4.38,159.06,0.2113,29.4,0.9646138142225245,225.3756,1389.2,4.38,103.89361999999993,0.9564701739726336,97.80199999999995,0.2113,29.4,52.704826038159375,68.78526762450682,89.22305764411027,97.62218045112782,50.0,73.76346053569434,0.5481481481481482,0.762962962962963,0.9481481481481482,0.9925925925925926,C+,B,A,A+,indiviorpharmaceuticalsinc
ALL,Allstate Corp,Financials,Property & Casualty Insurance,219.87,5.4819,0.8328,4.5827,1.8675656667584013,121.66,5.58,39.47,0.19440000000000002,30.25,0.9601328903654487,10.3211,95.6,5.58,10.3211,0.9506182088450298,39.47,0.19440000000000002,27.17999999999999,70.60917331756824,60.03168484469906,94.47236180904522,76.37417858523386,50.0,73.55155646763995,0.7941176470588235,0.6911764705882353,0.946078431372549,0.803921568627451,B,B-,A,B+,allstatecorp
JOE,St Joe Co,Real Estate,Real Estate Development,65.18,32.8022,7.0974,21.0345,4.894936841947161,45.49,26.63,14.790000000000001,0.2847,8.39,0.7293622531563614,47.9011,45.49,25.305,47.9011,0.7293622531563614,14.5,0.23972500000000002,8.39,38.88888888888889,90.47619047619048,94.44444444444446,84.12698412698413,50.0,73.25396825396827,0.6666666666666666,1.0,1.0,0.8333333333333334,B-,A+,A+,B+,stjoeco
TMP,Tompkins Financial Corp,Financials,Regional Banks,83.05,7.4904,3.46671,5.5839,1.269619481053547,126.16,16.23686,19.939999999999998,0.08044029999999999,17.62,0.8621420996818662,40.8228,95.6,16.23686,40.8228,0.8621420996818662,19.939999999999998,0.08044029999999999,17.62,78.45354222090846,55.319207669800484,77.88944723618091,88.77082039410536,50.0,72.90375297705351,0.9019607843137255,0.5686274509803921,0.7843137254901961,0.9264705882352942,A-,C+,B,A-,tompkinsfinancialcorp
AL,Air Lease Corp,Industrials,Passenger Airlines,65.0,6.6909,2.4148,7.6199,0.8594961765643162,153.5,10.32,13.23,0.7495,3.85,1.0,54.5779,107.05100000000004,10.32,54.5779,0.9739160684181986,13.23,0.29964999999999986,3.85,78.4430946801218,86.84048208472683,54.1871921182266,86.65194496347885,50.0,72.85605710922823,0.8640776699029126,0.9563106796116505,0.5509708737864077,0.912621359223301,B+,A,C+,A-,airleasecorp
ADEA,Adeia Inc,Information Technology,IT Consulting & Other Services,33.63,33.5176,8.3967,17.1006,7.628098986095676,72.59,17.91,26.340000000000003,0.3947,12.870000000000001,0.968763748350198,166.6931,72.59,17.91,166.6931,0.968763748350198,26.340000000000003,0.3947,12.870000000000001,53.12541123832083,81.70913132017463,79.45390165488836,90.26623405484688,50.0,72.5399012983066,0.5816993464052288,0.9084967320261438,0.8235294117647058,0.9673202614379085,C+,A-,B+,A,adeiainc
DAL,Delta Air Lines Inc,Industrials,Passenger Airlines,68.5,10.0816,0.6925,6.7212,2.155253785066136,21.36,5.24,23.14,0.08779999999999999,13.209999999999999,0.7641255605381166,54.9774,21.36,5.24,54.9774,0.7641255605381166,23.14,0.08779999999999999,13.209999999999999,93.02054936470738,66.99087365789771,58.94909688013136,79.39188041447255,50.0,72.26896237568374,0.9757281553398058,0.7330097087378641,0.6067961165048543,0.8252427184466019,A+,B,B-,B+,deltaairlinesinc
NLY,Annaly Capital Management Inc,Financials,Mortgage REITs,22.35,7.4931,2.1951,60.2963,0.9819816257397814,175.07,36.03,14.41,0.2942,1.7500000000000002,0.643771751264036,15.6832,95.6,36.03,15.6832,0.643771751264036,14.41,0.2942,1.7500000000000002,90.52000197063751,84.51986075559293,60.30150753768844,61.22278056951423,50.0,71.85390564210292,0.9852941176470589,0.9656862745098039,0.6127450980392157,0.6519607843137255,A+,A,B-,B-,annalycapitalmanagementinc
SNDK,Sandisk Corp,Information Technology,"Technology Hardware, Storage & Peripherals",1255.86,38.8734,13.289,31.9961,19.895347676689905,,82.76,42.33,0.4073,38.86,0.9845015538701835,3550.7559,,48.17399999999999,463.2751999999991,0.9822097484633927,42.33,0.4073,38.86,38.736091006126536,74.16107382550335,90.41290724032179,97.25960836354632,50.0,71.57138599942202,0.38562091503267976,0.8562091503267973,0.934640522875817,1.0,C-,B+,A,A+,sandiskcorp
SEE,Sealed Air Corp,Materials,Paper & Plastic Packaging Products & Materials,42.15,12.2884,1.159,12.7091,5.0155285046228535,88.84,-0.61,48.39,0.134,9.58,0.877385772122614,74.6065,88.84,-0.61,74.6065,0.877385772122614,29.5,0.134,9.58,71.95767195767196,57.41200828157349,80.15873015873017,84.76190476190476,50.0,71.46388313779619,0.8253968253968254,0.6031746031746031,0.8571428571428571,0.873015873015873,B+,B-,B+,B+,sealedaircorp
DELL,Dell Technologies Inc,Information Technology,"Technology Hardware, Storage & Peripherals",211.64,23.2834,1.2173,14.8433,55.22243966079582,33.09,18.8,130.7,0.0739,13.700000000000001,0.9235481119640225,123.7446,33.09,18.8,123.7446,0.9235481119640225,109.87799999999994,0.0739,13.700000000000001,80.63487885832932,72.18399383591573,69.73569195667956,71.69626586578451,50.0,71.36869464409227,0.8496732026143791,0.8366013071895425,0.7189542483660131,0.7320261437908496,B+,B+,B,B,delltechnologiesinc
CUBI,Customers Bancorp Inc,Financials,Regional Banks,76.51,9.2109,1.99781,7.449,1.2365632237595983,85.8,55.59768,13.62,0.3985504,11.78,0.816777710478498,48.5054,85.8,55.59768,48.5054,0.816777710478498,13.62,0.3985504,11.78,77.51625775938516,79.21244701712288,56.03015075376885,85.30743605668793,50.0,71.29057874305067,0.8921568627450981,0.9411764705882353,0.571078431372549,0.8774509803921569,B+,A,C+,B+,customersbancorpinc
JBSS,John B Sanfilippo & Son Inc,Consumer Staples,Packaged Foods & Meats,79.04,13.7925,0.7944,10.5986,2.5508788009836896,20.62,5.11,18.11,0.0832,15.24,0.7709895052473764,28.8976,20.62,5.11,28.8976,0.7709895052473764,18.11,0.0832,15.24,73.39989759344598,77.58271004450971,58.064516129032256,87.23626852659112,50.0,70.82989914483973,0.8095238095238095,0.8253968253968254,0.5714285714285714,0.9047619047619048,B+,B+,C+,A-,johnbsanfilipposoninc
OII,Oceaneering International Inc,Energy,Oil & Gas Equipment & Services,37.35,10.9311,1.3244,9.0997,3.4663894792527077,88.33,2.39,34.53,0.10310000000000001,23.09,0.8732265446224258,96.3722,88.33,2.39,96.3722,0.8732265446224258,25.689999999999998,0.10310000000000001,15.421999999999999,70.05590496156533,76.86679924698156,80.50314465408805,61.88679245283019,50.0,70.3904807438757,0.8518518518518519,0.8703703703703703,0.8333333333333334,0.6111111111111112,B+,B+,B+,B-,oceaneeringinternationalinc
DINO,HF Sinclair Corp,Energy,Oil & Gas Refining & Marketing,71.79,10.1296,0.6121,5.4034,1.4210101266023232,665.67,-27.05,13.11,0.056100000000000004,10.07,0.9970638610227553,124.2737,369.15199999999976,-12.7,124.2737,0.9948119879273926,13.11,0.056100000000000004,10.07,89.41299790356395,51.31924333284579,55.9748427672956,93.02585604472397,50.0,70.21598004322884,1.0,0.5,0.5555555555555556,1.0,A+,C,C+,A+,hfsinclaircorp
JLL,Jones Lang LaSalle Inc,Real Estate,Real Estate Services,314.85,16.306,0.5459,12.0271,1.9700472723746,68.02,11.23,12.35,0.044199999999999996,9.08,0.6811507936507938,34.2873,63.513999999999996,11.23,34.2873,0.6811507936507938,12.35,0.044199999999999996,8.9075,83.33333333333334,76.0,60.0,69.33333333333334,50.0,69.9,1.0,0.8333333333333334,0.75,0.6666666666666666,A+,B+,B,B-,joneslanglasalleinc
APP,Applovin Corp,Information Technology,Application Software,475.0,47.9112,27.5113,39.7645,75.27972360455165,114.67,45.98,249.2,0.6847,68.05,0.41013372859743,54.4314,114.67,45.98,54.4314,0.41013372859743,109.87799999999994,0.44785,53.78399999999993,28.85613604129198,90.60288089315222,97.66137754270558,74.90895612132027,50.0,69.73174579889388,0.2549019607843137,0.9738562091503268,0.9967320261437909,0.7908496732026143,D+,A+,A+,B,applovincorp
GEF,Greif Inc,Materials,"Metal, Glass & Plastic Containers",66.06,3.3077,0.7892,6.0468,1.0765111651774875,211.66,-17.63,39.51,0.1075,22.41,0.5396759451599502,21.6127,211.66,-17.278,21.6127,0.5396759451599502,29.5,0.1075,15.903999999999998,90.47619047619048,49.207786979526105,84.65608465608466,54.68253968253968,50.0,69.56113411548193,0.9365079365079365,0.47619047619047616,0.9047619047619048,0.5238095238095238,A,C,A-,C+,greifinc
FTDR,Frontdoor Inc,Consumer Discretionary,Specialized Consumer Services,63.83,17.417,2.1124,9.9412,18.715730831256415,12.69,12.12,98.66,0.16140000000000002,17.88,0.7093802345058627,23.9417,12.69,12.12,23.9417,0.7093802345058627,98.66,0.16140000000000002,17.88,54.98446722584654,75.06905531609195,82.41379310344827,75.36551724137932,50.0,69.43647959381795,0.6013513513513513,0.831081081081081,0.9121621621621622,0.777027027027027,B-,B+,A-,B,frontdoorinc
BFH,Bread Financial Holdings Inc,Financials,Consumer Finance,83.56,6.515,0.7519,11.6513,1.107602906596043,96.57,-3.91,16.12,0.1365,2.4699999999999998,0.6962543893874367,70.8095,95.6,-3.91,65.34807,0.6962543893874367,16.12,0.1365,2.4699999999999998,86.20553749137846,51.749868162093414,67.8391959798995,77.72613065326634,50.0,69.40638313089144,0.9558823529411765,0.5049019607843137,0.6862745098039216,0.8235294117647058,A,C+,B-,B+,breadfinancialholdingsinc
THC,Tenet Healthcare Corp,Health Care,Health Care Facilities,185.35,9.5428,0.7432,5.7395,3.8190903003142225,27.35,6.57,40.550000000000004,0.1764,9.8,0.39317245438493215,25.2111,27.35,6.57,25.2111,0.39317245438493215,40.550000000000004,0.1764,9.8,93.31649831649833,51.59546613204229,70.92731829573935,64.79647394347937,50.0,69.33934216816375,0.9925925925925926,0.5333333333333333,0.725925925925926,0.6814814814814815,A+,C+,B,B-,tenethealthcarecorp
EAT,Brinker International Inc,Consumer Discretionary,Restaurants,140.18,18.29,1.4319,11.0268,16.818639919374192,58.84,15.07,121.26999999999998,0.1003,51.9,0.45932529398892014,5.3351,58.84,15.07,5.3351,0.45932529398892014,121.26999999999998,0.1003,41.201999999999984,53.9950295122709,87.41995073891627,81.95402298850574,64.09852216748769,50.0,69.29095770647496,0.5743243243243243,0.9391891891891891,0.8918918918918919,0.6216216216216216,C+,A,B+,B-,brinkerinternationalinc
MCY,Mercury General Corp,Financials,Property & Casualty Insurance,95.49,9.6806,0.8741,5.8612,2.188039906694957,15.61,9.44,25.650000000000002,0.1155,20.16,0.9008793833459992,66.562,15.61,9.44,65.34807,0.9008793833459992,25.650000000000002,0.1155,20.16,59.456596709035374,43.886729077454575,86.4321608040201,94.77902332173689,50.0,69.20533985810216,0.6029411764705882,0.3872549019607843,0.8676470588235294,0.9705882352941176,B-,C-,B+,A+,mercurygeneralcorp
SWX,Southwest Gas Holdings Inc,Utilities,Gas Utilities,93.07,15.3128,3.471,10.5149,1.696979642443636,120.15,-21.61,11.62,0.25329999999999997,5.52,0.9507272727272725,25.6684,116.81250000000004,-20.392,25.6684,0.9455746031746031,11.62,0.25329999999999997,5.52,68.51063829787235,51.73026561915451,73.70370370370371,91.440329218107,50.0,69.18770446784632,0.7446808510638298,0.5319148936170213,0.8723404255319149,0.9574468085106383,B,C+,B+,A,southwestgasholdingsinc
CPRX,Catalyst Pharmaceuticals Inc,Health Care,Biotechnology,28.94,16.4901,6.0006,8.8006,3.715448511381289,28.29,19.78,24.32,0.43770000000000003,24.32,0.7320503330866025,16.5056,28.29,19.78,16.5056,0.7320503330866025,24.32,0.4229799999999998,24.32,64.88215488215488,67.46015203024062,88.2205513784461,61.98830409356725,50.0,69.16536778991181,0.7185185185185186,0.7481481481481481,0.9333333333333333,0.6370370370370371,B,B,A,B-,catalystpharmaceuticalsinc
MEDP,Medpace Holdings Inc,Health Care,Life Sciences Tools & Services,417.02,25.8688,4.4469,19.1299,25.70880777268832,21.3,24.19,120.89000000000001,0.2102,120.89000000000001,0.38548151112696494,36.6786,21.3,24.19,36.6786,0.38548151112696494,97.80199999999995,0.2102,29.947999999999997,45.011223344556676,82.93317794315081,90.22556390977444,68.00622245268343,50.0,68.99707689274963,0.43703703703703706,0.9185185185185185,0.9629629629629629,0.6962962962962963,C,A-,A,B-,medpaceholdingsinc
DVN,Devon Energy Corp,Energy,Oil & Gas Exploration & Production,51.26,12.0063,1.8455,5.1584,2.0533074833964893,-8.62,7.83,17.47,0.22949999999999998,11.110000000000001,0.9369839200347674,63.0407,-8.62,7.83,63.0407,0.9369839200347674,17.47,0.22949999999999998,11.110000000000001,76.48497554157933,60.93457179459813,77.35849056603774,66.27963231736815,50.0,68.90370734929752,0.9259259259259259,0.6666666666666666,0.8148148148148148,0.6296296296296297,A-,B-,B+,B-,devonenergycorp
SYF,Synchrony Financial,Financials,Consumer Finance,74.24,7.0002,0.73096,8.2059,1.5365192375354428,32.06,20.4839,21.41,0.1839285,11.14,0.5938765641901429,37.0247,32.06,20.4839,37.0247,0.5938765641901429,21.41,0.1839285,11.14,73.91245442900778,65.13330061800096,80.40201005025126,60.775753768844226,50.0,68.7604269971838,0.8627450980392157,0.803921568627451,0.8088235294117647,0.6372549019607843,B+,B+,B+,B-,synchronyfinancial
HCA,HCA Healthcare Inc,Health Care,Health Care Facilities,427.18,13.9484,1.2406,9.0923,253.4892000949442,29.19,6.71,695.73,0.1567,9.06,0.4290128906939785,22.7635,29.19,6.71,22.7635,0.4290128906939785,97.80199999999995,0.1567,9.06,86.35241301907968,56.94394530197121,71.9298245614035,62.966035779102924,50.0,68.55255561133563,0.9481481481481482,0.674074074074074,0.7518518518518519,0.6518518518518519,A,B-,B,B-,hcahealthcareinc
HCI,Hci Group Inc,Financials,Property & Casualty Insurance,149.25,6.5441,2.1721,1.8116,1.8625703845693062,74.84,20.1,38.04,0.4866,33.550000000000004,0.17374881964117087,1.0563,74.84,20.1,1.0563,0.17374881964117087,38.04,0.4866,27.17999999999999,70.13129372351955,78.00019725973354,93.96984924623115,34.4182450715114,50.0,68.50897420868665,0.7794117647058824,0.9264705882352942,0.9411764705882353,0.3137254901960784,B,A-,A,C-,hcigroupinc
CARG,CarGurus Inc,Communication Services,Interactive Media & Services,36.98,21.3922,3.6772,12.1096,9.376743242557938,887.26,1.41,39.290000000000006,0.2695,39.290000000000006,0.8258386866523908,31.1813,570.9259999999986,1.41,31.1813,0.8258386866523908,39.290000000000006,0.2695,35.11,43.217503217503214,71.08843537414965,92.5132275132275,76.71201814058958,50.0,68.49277338563053,0.4594594594594595,0.8378378378378378,1.0,0.7567567567567568,C,B+,A+,B,cargurusinc
GOOG,Alphabet Inc,Communication Services,Interactive Media & Services,379.64,28.8998,10.9586,31.617,11.050984615832448,48.51,17.45,38.98,0.32689999999999997,35.11,0.9676880687985305,133.6463,48.51,17.45,133.6463,0.9671193815310805,38.98,0.32689999999999997,35.11,21.454311454311455,78.31632653061223,92.47354497354497,96.59297052154196,50.0,68.46382351739494,0.17567567567567569,0.9324324324324325,0.9594594594594594,0.9864864864864865,D,A,A,A+,alphabetinc
AEP,American Electric Power Company Inc,Utilities,Electric Utilities,134.66,20.4459,3.4284,13.7118,2.3361681013993416,19.33,10.98,12.04,0.2491,4.66,0.9066536680477697,25.0441,19.33,10.98,25.0441,0.9066536680477697,12.04,0.2491,4.66,51.725768321512994,78.95622895622895,70.37037037037037,84.95726495726497,50.0,68.30673345566962,0.5957446808510638,0.8723404255319149,0.8297872340425532,0.9148936170212766,C+,B+,B+,A-,americanelectricpowercompanyinc
LRCX,Lam Research Corp,Information Technology,Semiconductor Materials & Equipment,258.57,47.9334,14.8302,40.6686,33.2660045286126,47.61,26.53,65.79,0.34259999999999996,46.29,0.9150307503075031,246.9807,47.61,26.53,246.9807,0.9150307503075031,65.79,0.34259999999999996,46.29,30.799374186661982,84.87630121242574,90.88403929063514,78.88000101591817,50.0,68.17211381499305,0.28104575163398693,0.9411764705882353,0.9477124183006536,0.8562091503267973,D+,A,A,B+,lamresearchcorp
EWBC,East West Bancorp Inc,Financials,Regional Banks,123.42,12.1688,3.27879,8.9377,1.908033467111081,19.47,74.7411,16.06,0.5797675999999999,15.740000000000002,0.9036357218496294,44.8371,19.47,74.7411,44.8371,0.9036357218496294,16.06,0.5797675999999999,15.740000000000002,52.4534436890334,73.24797593077965,67.33668341708542,92.81802269775845,50.0,68.16073150223733,0.5147058823529411,0.8921568627450981,0.6813725490196079,0.9509803921568627,C+,B+,B-,A,eastwestbancorpinc
GMED,Globus Medical Inc,Health Care,Health Care Equipment,90.6,22.7139,4.157,16.2582,2.6755576293260015,428.44,16.65,12.4,0.20329999999999998,12.389999999999999,0.7823413798316786,25.9908,428.44,16.65,25.9908,0.7823413798316786,12.4,0.20329999999999998,12.389999999999999,54.25925925925926,86.83381721630809,64.03508771929825,80.97744360902256,50.0,68.13583890970551,0.6074074074074074,0.9629629629629629,0.6888888888888889,0.837037037037037,B-,A,B-,B+,globusmedicalinc
TRV,Travelers Companies Inc,Financials,Property & Casualty Insurance,301.53,8.4493,1.3127,6.8944,1.993760777800112,82.92,4.11,24.14,0.20199999999999999,18.790000000000003,0.8187079618332547,12.7594,82.92,4.11,12.7594,0.8187079618332547,24.14,0.20199999999999999,18.790000000000003,64.66523795447827,54.64231604844919,83.91959798994975,74.72232959670146,50.0,68.01913811513714,0.6764705882352942,0.5441176470588235,0.8431372549019608,0.7990196078431373,B-,C+,B+,B,travelerscompaniesinc
MD,Pediatrix Medical Group Inc,Health Care,Health Care Services,22.41,11.2562,0.9727,8.2837,2.1475802587446093,34.98,-4.92,19.580000000000002,0.12,11.41,0.8038022813688214,78.5714,34.98,-4.92,78.5714,0.8038022813688214,19.580000000000002,0.12,11.41,89.58473625140293,39.3486974340489,59.3984962406015,89.4064107637515,50.0,67.99682976256119,0.9555555555555556,0.34814814814814815,0.6296296296296297,0.9111111111111111,A,C-,B-,A-,pediatrixmedicalgroupinc
CNX,CNX Resources Corp,Energy,Oil & Gas Exploration & Production,38.31,4.6136,2.5524,4.8153,1.259538596589284,,45.18,27.46,0.4461,17.299999999999997,0.6660377358490569,26.3939,,45.18,26.3939,0.6660377358490569,25.689999999999998,0.42395999999999995,15.421999999999999,77.75448404379222,70.01693275278181,98.11320754716981,24.43154329946783,50.0,67.85661810819045,0.9444444444444444,0.7592592592592593,1.0,0.18518518518518517,A,B,A+,D,cnxresourcescorp
BTSG,Brightspring Health Services Inc,Health Care,Health Care Services,53.54,32.7753,0.7443,22.3562,5.485824359355307,417.71,17.97,16.72,0.0268,7.07,0.968040370058873,156.5405,417.71,17.97,103.89361999999993,0.9564701739726336,16.72,0.0268,7.07,55.83052749719417,89.12585659040776,44.9874686716792,98.81282152750298,50.0,67.79223466580049,0.6296296296296297,0.9703703703703703,0.4148148148148148,1.0,B-,A+,C,A+,brightspringhealthservicesinc
GEV,GE Vernova Inc,Industrials,Heavy Electrical Equipment,1073.95,30.4711,7.2542,38.1505,25.89559778454535,395.59,10.27,87.97,0.1547,82.54,0.8643897538925164,170.9805,107.05100000000004,10.27,135.51259999999994,0.8643897538925164,73.67999999999981,0.1547,26.983999999999988,20.26479825274603,86.39648058205759,87.192118226601,92.02439596528268,50.0,67.54840442930481,0.12135922330097088,0.9514563106796117,0.9514563106796117,0.9660194174757282,D,A,A,A,gevernovainc
CCL,Carnival Corp,Consumer Discretionary,"Hotels, Resorts & Cruise Lines",25.67,11.4312,1.3124,8.2754,2.7417012004955783,50.48,6.1,26.22,0.16269999999999998,8.1,0.44301571015496954,31.1702,50.48,6.1,31.1702,0.44301571015496954,26.22,0.16269999999999998,8.1,70.36968002485244,80.42284988370916,64.13793103448276,64.03343782654127,50.0,67.51816030688389,0.7702702702702703,0.8581081081081081,0.6452702702702703,0.6148648648648649,B,B+,B-,B-,carnivalcorp
FHI,Federated Hermes Inc,Financials,Asset Management & Custody Banks,54.0,10.1727,2.2654,7.1917,3.4465811829432527,23.76,10.77,35.27,0.2895,27.029999999999998,0.7196002220988341,29.4654,23.76,10.77,29.4654,0.7196002220988341,35.27,0.2895,27.029999999999998,51.21440536013401,63.70931301702274,92.46231155778895,69.12562814070353,50.0,67.48616746102599,0.5,0.7696078431372549,0.9264705882352942,0.7598039215686274,C,B,A-,B,federatedhermesinc
MCRI,Monarch Casino & Resort Inc,Consumer Discretionary,Casinos & Gaming,117.09,20.4412,3.802,10.8866,3.880506000218732,42.37,4.39,18.68,0.2339,18.68,0.9184895233709419,47.729,42.37,4.39,47.729,0.8741158750827804,18.68,0.2339,18.68,40.94128611369991,74.12535443153754,75.63218390804597,92.48513674197383,50.0,67.46546574013874,0.3783783783783784,0.8243243243243243,0.7972972972972973,0.9527027027027027,C-,B+,B,A,monarchcasinoresortinc
SNX,TD Synnex Corp,Information Technology,Technology Distributors,227.84,18.4949,0.2803,10.6542,2.1596515590269054,50.42,10.39,11.600000000000001,0.0246,7.64,0.9683284457478005,99.0912,50.42,10.39,99.0912,0.9683284457478005,11.600000000000001,0.0246,7.64,90.31451506777206,69.57897197372488,38.401706742521895,81.73569618967193,50.0,67.44198908525286,0.9477124183006536,0.7712418300653595,0.3464052287581699,0.9084967320261438,A,B,C-,A-,tdsynnexcorp
VLY,Valley National Bancorp,Financials,Regional Banks,13.46,11.3764,2.27179,12.0425,0.9595779567976047,59.34,77.66814,8.49,0.4257981,7.430000000000001,0.885416666666667,51.236,59.34,77.66814,51.236,0.885416666666667,8.49,0.4257981,7.430000000000001,80.23820080796138,87.31432983056476,25.125628140703515,92.90836203489357,50.0,67.38549561025789,0.9166666666666666,0.9852941176470589,0.24509803921568626,0.9558823529411765,A-,A+,D+,A,valleynationalbancorp
ENVA,Enova International Inc,Financials,Consumer Finance,163.91,13.3023,2.2414,10.9311,3.0306448093898033,56.49,19.67,24.45,0.4035,5.7700000000000005,0.8543567518248174,72.7915,56.49,19.67,65.34807,0.8543567518248174,24.45,0.4035,5.7700000000000005,40.228101290767555,69.43331134598748,84.42211055276381,86.50753768844221,50.0,67.35072276776879,0.3431372549019608,0.8627450980392157,0.8480392156862745,0.8872549019607843,C-,B+,B+,B+,enovainternationalinc
ESE,ESCO Technologies Inc,Industrials,Industrial Machinery & Supplies & Components,327.66,27.8708,7.0462,33.8484,5.492490277591525,175.22,14.09,21.34,0.1562,18.13,0.9861036878674507,96.4624,107.05100000000004,14.09,96.4624,0.9739160684181986,21.34,0.1562,18.13,23.346405853938492,94.93540128595568,73.72742200328408,95.35362420830401,50.0,67.32626206315759,0.15048543689320387,0.9902912621359223,0.7912621359223301,0.9951456310679612,D,A+,B,A+,escotechnologiesinc
PRDO,Perdoceo Education Corp,Consumer Discretionary,Education Services,33.82,13.2606,2.5063,8.4702,2.172963248522231,10.81,24.2,16.3,0.23170000000000002,16.08,0.6188925081433225,9.6983,10.81,22.80199999999999,9.6983,0.6188925081433225,16.3,0.23170000000000002,16.08,61.12612612612613,82.2446949602122,69.19540229885058,65.7029177718833,50.0,67.16990465266328,0.6824324324324325,0.8918918918918919,0.7162162162162162,0.6486486486486487,B-,B+,B,B-,perdoceoeducationcorp
UTHR,United Therapeutics Corp,Health Care,Biotechnology,581.22,18.9207,7.9346,14.4517,3.574628880556029,13.31,10.61,19.3,0.4689,19.16,0.9205706287041726,97.2912,13.31,10.61,97.2912,0.9205706287041726,19.3,0.4229799999999998,19.16,53.849607182940524,51.15160012241826,81.70426065162907,89.94820384294069,50.0,67.1084277517142,0.5851851851851851,0.5111111111111111,0.8518518518518519,0.9333333333333333,C+,C+,B+,A,unitedtherapeuticscorp
HL,Hecla Mining Co,Materials,Silver,17.58,36.6432,8.2842,17.3931,4.546865301055245,746.25,53.03,13.65,0.3618,11.58,0.4406589368136776,287.2247,619.445,33.85199999999998,162.72150999999997,0.4406589368136776,13.65,0.24867999999999998,11.58,29.1005291005291,97.83101646455682,82.8042328042328,72.63794406651549,50.0,67.06998258240495,0.23809523809523808,1.0,0.8888888888888888,0.7142857142857143,D+,A+,B+,B,heclaminingco
DVA,DaVita Inc,Health Care,Health Care Services,154.08,13.5782,0.7433,7.5647,102.45362058647517,-7.8,6.46,181.22,0.14880000000000002,9.56,0.9085929476206782,9.1759,-7.8,6.46,9.1759,0.9085929476206782,97.80199999999995,0.14880000000000002,9.56,90.34231200897868,33.06301841106152,71.17794486215539,75.30273051048674,50.0,67.05321400209317,0.9703703703703703,0.21481481481481482,0.737037037037037,0.7851851851851852,A+,D+,B,B,davitainc
FIX,Comfort Systems USA Inc,Industrials,Construction & Engineering,1891.95,54.54,6.5844,39.7366,27.17830849344586,107.81,38.43,51.690000000000005,0.157,49.63,0.9908196942143196,337.85,107.05100000000004,22.505999999999982,135.51259999999994,0.9739160684181986,51.690000000000005,0.157,26.983999999999988,12.8190412422083,94.9385763349998,86.86371100164205,90.59254046446165,50.0,67.02691142085487,0.05825242718446602,0.9975728155339806,0.941747572815534,0.9466019417475728,D-,A+,A,A,comfortsystemsusainc
RL,Ralph Lauren Corp,Consumer Discretionary,"Apparel, Accessories & Luxury Goods",354.29,23.3577,2.7389,15.7008,8.417558815283659,33.85,12.71,34.74,0.1463,21.84,0.7634252539912917,52.2976,33.85,12.71,52.2976,0.7634252539912917,34.74,0.1463,21.84,30.13668841255048,85.94413129973475,76.32183908045978,90.76923076923077,50.0,66.95730428704567,0.24324324324324326,0.9256756756756757,0.8175675675675675,0.9459459459459459,D+,A-,B+,A,ralphlaurencorp
SOLV,Solventum Corp,Health Care,Health Care Technology,67.44,7.4254,1.3879,6.1636,2.3173346528121392,221.66,0.86,36.74,0.252,14.530000000000001,0.1959721146398139,-0.2662,221.66,0.86,-0.2662,0.1959721146398139,36.74,0.252,14.530000000000001,89.60718294051628,55.88925903868582,79.9498746867168,41.32205513784461,50.0,66.83152724211436,0.9629629629629629,0.6444444444444445,0.825925925925926,0.3925925925925926,A,B-,B+,C-,solventumcorp
MCK,McKesson Corp,Health Care,Health Care Distributors,807.85,22.7964,0.2486,16.8892,25.70143261188403,59.37,15.49,39.43,0.014199999999999999,16.23,0.47196132596685086,14.0371,59.37,15.49,14.0371,0.47196132596685086,39.43,0.014199999999999999,16.23,72.74971941638607,79.94879579491129,60.0,63.255966001961426,50.0,66.82838221347106,0.837037037037037,0.9111111111111111,0.6370370370370371,0.6666666666666666,B+,A-,B-,B-,mckessoncorp
TOL,Toll Brothers Inc,Consumer Discretionary,Homebuilding,135.05,9.2837,1.1382,7.8204,1.5479219677692961,-3.66,4.6,16.86,0.15289999999999998,12.55,0.5060794780545671,29.445,-3.66,4.6,29.445,0.5060794780545671,16.86,0.15289999999999998,12.55,73.75271823547685,65.41247605363985,62.068965517241374,73.27586206896552,50.0,66.69308856270064,0.8108108108108109,0.7027027027027027,0.6351351351351351,0.75,B+,B,B-,B,tollbrothersinc
TILE,Interface Inc,Industrials,Office Services & Supplies,26.68,13.4273,1.124,8.7339,2.4107925435307087,14.79,5.41,19.759999999999998,0.11599999999999999,13.34,0.48491088286152473,38.7415,14.79,5.41,38.7415,0.48491088286152473,19.759999999999998,0.11599999999999999,13.34,84.40623654885457,63.66256261168641,62.068965517241374,61.59530125047367,50.0,66.670373288956,0.912621359223301,0.6941747572815534,0.6359223300970874,0.6456310679611651,A-,B-,B-,B-,interfaceinc
PM,Philip Morris International Inc,Consumer Staples,Tobacco,169.19,23.2369,6.4872,19.1126,1274.981160512434,60.61,7.31,575.44,0.3664,44.05,0.5505183980483835,-0.9774,48.841999999999935,7.31,-0.9774,0.5505183980483835,149.34949999999998,0.3664,29.759937999999984,27.64123570575184,89.41955168425974,96.23655913978494,63.11360448807855,50.0,66.47607994585185,0.2698412698412698,0.9523809523809523,1.0,0.5873015873015873,D+,A,A+,C+,philipmorrisinternationalinc
ASB,Associated Banc-Corp,Financials,Regional Banks,27.89,9.741,2.01062,8.7971,0.93042341104098,232.68,90.85232,9.83,0.359242,8.34,0.7716092761770907,20.0086,95.6,85.8019475,20.0086,0.7716092761770907,9.83,0.359242,8.34,88.36338555522713,96.85931208365905,36.4321608040201,54.432838349048616,50.0,66.45731667635334,0.9705882352941176,1.0,0.3553921568627451,0.5686274509803921,A+,A+,C-,C+,associatedbanccorp
FAF,First American Financial Corp,Financials,Property & Casualty Insurance,68.31,10.3475,0.9031,6.5717,1.266954394464053,329.61,22.59,11.87,0.1388,8.09,0.8280739934711645,10.5161,95.6,22.59,10.5161,0.8280739934711645,11.87,0.1388,8.09,72.08715144349196,85.82969635699628,47.73869346733669,71.3825537946141,50.0,66.39891125802924,0.8333333333333334,0.9705882352941176,0.46568627450980393,0.7745098039215687,B+,A+,C,B,firstamericanfinancialcorp
JBL,Jabil Inc,Information Technology,Electronic Manufacturing Services,340.8,44.4441,1.1007,27.3587,24.20987575389468,78.78,19.0,58.989999999999995,0.042800000000000005,17.96,0.9564960047351287,126.656,78.78,19.0,126.656,0.9564960047351287,58.989999999999995,0.042800000000000005,17.96,64.302320480765,79.24054455476053,60.0,72.20604043307274,50.0,66.3648971177579,0.6928104575163399,0.8888888888888888,0.6274509803921569,0.738562091503268,B-,B+,B-,B,jabilinc
EXPE,Expedia Group Inc,Consumer Discretionary,"Hotels, Resorts & Cruise Lines",246.5,23.3421,2.0501,10.9917,23.516953195061916,9.19,7.61,114.29,0.1274,17.65,0.6309178743961352,52.358,9.19,7.61,52.358,0.6309178743961352,114.29,0.1274,17.65,44.54022988505747,69.55476623858159,77.35632183908046,84.28422152560084,50.0,66.24193548387098,0.43243243243243246,0.7635135135135135,0.831081081081081,0.8581081081081081,C,B,B+,B+,expediagroupinc
SBH,Sally Beauty Holdings Inc,Consumer Discretionary,Specialty Stores,13.4,7.2049,0.3507,4.9656,1.6513648407172348,5.62,-0.45,23.43,0.0816,10.96,0.5491271820448878,62.4242,5.62,-0.45,62.4242,0.5491271820448878,23.43,0.0816,10.96,92.07517862690277,46.80305039787798,55.17241379310345,75.22546419098143,50.0,66.21760102277344,0.9797297297297297,0.42567567567567566,0.5337837837837838,0.7702702702702703,A+,C,C+,B,sallybeautyholdingsinc
URBN,Urban Outfitters Inc,Consumer Discretionary,Apparel Retail,68.16,12.7522,0.9616,7.6574,2.1716550585926298,18.83,11.07,17.66,0.09820000000000001,17.66,0.5127896479085164,25.0413,18.83,11.07,25.0413,0.5127896479085164,17.66,0.09820000000000001,17.66,72.6359117738428,81.0697829964328,60.22988505747126,58.692033293697975,50.0,66.16881246585467,0.7972972972972973,0.8716216216216216,0.6114864864864865,0.5540540540540541,B,B+,B-,C+,urbanoutfittersinc
STLD,Steel Dynamics Inc,Materials,Steel,229.82,24.0642,1.7364,19.8633,3.718818366580797,23.4,10.44,15.25,0.0915,10.56,0.989914452949122,70.3127,23.4,10.44,70.3127,0.9600719537248127,15.25,0.0915,10.56,43.91534391534392,81.18655873528436,66.66666666666667,85.97701149425288,50.0,66.0782166914101,0.4444444444444444,0.873015873015873,0.6666666666666666,0.8888888888888888,C,B+,B-,B+,steeldynamicsinc
TRN,Trinity Industries Inc,Industrials,Construction Machinery & Heavy Transportation Equipment,34.64,10.8417,1.2722,8.3764,2.566173038885226,86.85,-29.95,24.45,0.3003,3.75,0.8612574639971899,38.6154,86.85,-9.751999999999999,38.6154,0.8612574639971899,24.45,0.29964999999999986,3.75,84.90363001578267,50.42372362892431,64.20361247947454,68.57441409165548,50.0,66.07643816793026,0.9223300970873787,0.5194174757281553,0.6650485436893204,0.7087378640776699,A-,C+,B-,B,trinityindustriesinc
ZION,Zions Bancorporation NA,Financials,Regional Banks,62.11,9.4754,1.56245,8.6953,1.277260809212894,20.22,53.61248,13.77,0.336199,8.16,0.8055422838031531,33.2547,20.22,53.61248,33.2547,0.8055422838031531,13.77,0.336199,8.16,75.0160114296975,62.05410562013005,57.78894472361809,77.03235277511152,50.0,66.01853071737722,0.8774509803921569,0.7352941176470589,0.5882352941176471,0.8137254901960784,B+,B,C+,B+,zionsbancorporationna
ECG,Everus Construction Group Inc,Industrials,Construction & Engineering,150.93,37.7278,2.0319,28.1066,12.223329041035983,40.52,31.47,37.07,0.0707,24.27,1.0,248.1326,40.52,22.505999999999982,135.51259999999994,0.9739160684181986,37.07,0.0707,24.27,34.21174294960703,84.86544872329938,69.29392446633825,90.59254046446165,50.0,65.96801469153853,0.27184466019417475,0.9466019417475728,0.7378640776699029,0.9466019417475728,D+,A,B,A,everusconstructiongroupinc
LLY,Eli Lilly and Co,Health Care,Pharmaceuticals,967.93,36.0239,12.6031,28.4617,34.4639366501337,128.83,47.44,101.30999999999999,0.4363,37.71,0.6745790618813335,17.5214,128.83,47.44,17.5214,0.6745790618813335,97.80199999999995,0.4229799999999998,29.947999999999997,25.6341189674523,90.89955706096924,97.74436090225565,59.409774436090224,50.0,65.90648626683888,0.18518518518518517,0.9777777777777777,1.0,0.6074074074074074,D,A+,A+,B-,elilillyandco
ULTA,Ulta Beauty Inc,Consumer Discretionary,Other Specialty Retail,518.0,19.6411,1.8281,12.1573,8.16065461683521,1.06,41.38,44.07,0.12369999999999999,40.57,0.4012525158076772,30.8709,1.06,22.80199999999999,30.8709,0.4012525158076772,44.07,0.12369999999999999,40.57,45.36191363777571,77.70519037356321,80.0,69.54022988505747,50.0,65.78956246116806,0.44594594594594594,0.8378378378378378,0.8581081081081081,0.6959459459459459,C,B+,B+,B-,ultabeautyinc
MAS,Masco Corp,Industrials,Building Products,68.49,16.6069,1.808,13.016,90.61921143159564,10.01,-0.31,279.76,0.1664,15.870000000000001,0.49108930669241313,9.9888,10.01,-0.31,9.9888,0.49108930669241313,73.67999999999981,0.1664,15.870000000000001,71.2061791573007,52.298055801445734,82.5944170771757,58.233809924306144,50.0,65.55652220376948,0.8058252427184466,0.5436893203883495,0.883495145631068,0.5970873786407767,B+,C+,B+,C+,mascocorp
GL,Globe Life Inc,Financials,Life & Health Insurance,152.65,10.1721,1.9716,9.1652,2.020821143097701,17.67,3.96,20.64,0.2625,13.889999999999999,0.9366362451108212,25.2975,17.67,3.96,25.2975,0.9366362451108212,20.64,0.2625,13.889999999999999,59.49970440437482,48.45867214912684,79.39698492462311,80.32830820770519,50.0,65.4815684036159,0.6078431372549019,0.43137254901960786,0.7990196078431373,0.8382352941176471,B-,C,B,B+,globelifeinc
EXEL,Exelixis Inc,Health Care,Biotechnology,44.17,14.3335,4.8347,11.9134,5.364277820283942,39.67,6.85,36.89,0.3759,36.89,0.6564765206429248,11.5404,39.67,6.85,11.5404,0.6564765206429248,36.89,0.3759,29.947999999999997,65.28058361391695,51.52137770167994,92.23057644110274,53.78111946532999,50.0,65.4382894471569,0.7333333333333333,0.5259259259259259,0.9851851851851852,0.5333333333333333,B,C+,A+,C+,exelixisinc
FSLR,First Solar Inc,Information Technology,Semiconductors,211.39,13.3698,4.1086,9.0317,2.3783004135783297,31.57,27.3,18.01,0.3176,16.75,0.5437727425618444,61.935,31.57,27.3,61.935,0.5437727425618444,18.01,0.3176,16.75,81.43469169920019,74.46016460659536,76.12782790346238,30.085255489813157,50.0,65.29971391994735,0.8562091503267973,0.8627450980392157,0.7843137254901961,0.24836601307189543,B+,B+,B,D+,firstsolarinc
DG,Dollar General Corp,Consumer Staples,Consumer Staples Merchandise Retail,114.48,16.7247,0.592,8.8647,2.96044975665765,33.92,5.2,18.66,0.0516,11.28,0.39219227563212017,26.7774,33.92,5.2,26.7774,0.39219227563212017,18.66,0.0516,11.28,76.10513739545998,81.55935745069871,48.9247311827957,63.59801488833748,50.0,65.28894161237116,0.873015873015873,0.8888888888888888,0.4444444444444444,0.6031746031746031,B+,B+,C,B-,dollargeneralcorp
ARWR,Arrowhead Pharmaceuticals Inc,Health Care,Biotechnology,76.39,52.8864,9.805,33.4762,22.242604239459585,,43539.24,36.120000000000005,0.2755,17.330000000000002,0.9942475124378108,429.7503,,51.019999999999925,103.89361999999993,0.9564701739726336,36.120000000000005,0.2755,17.330000000000002,22.64870931537598,72.83208020050125,82.45614035087719,96.99749373433585,50.0,65.24212720353071,0.15555555555555556,0.837037037037037,0.8703703703703703,0.9777777777777777,D,B+,B+,A+,arrowheadpharmaceuticalsinc
HRMY,Harmony Biosciences Holdings Inc,Health Care,Biotechnology,32.59,11.6072,2.1209,5.4097,2.1618717205420936,8.31,21.51,19.84,0.24,16.36,0.46058631921824134,6.5975,8.31,21.51,6.5975,0.46058631921824134,19.84,0.24,16.36,83.69248035914704,64.66140599022309,74.3107769423559,38.72013366750208,50.0,65.17712225692077,0.9037037037037037,0.725925925925926,0.7777777777777778,0.35555555555555557,A-,B,B,C-,harmonybiosciencesholdingsinc
VTOL,Bristow Group Inc,Energy,Oil & Gas Equipment & Services,49.42,11.093,0.9606,8.0438,1.3606865657669764,34.98,5.3,12.870000000000001,0.1065,7.630000000000001,0.9639924194567279,63.8594,34.98,5.3,63.8594,0.9639924194567279,12.870000000000001,0.1065,7.630000000000001,76.28697880270208,71.83120957126073,53.45911949685535,66.81603773584905,50.0,65.16597403631131,0.9074074074074074,0.7962962962962963,0.48148148148148145,0.6481481481481481,A-,B,C,B-,bristowgroupinc
ALLY,Ally Financial Inc,Financials,Consumer Finance,43.03,9.5199,0.88959,12.5459,0.8565263606288492,387.77,37.40411,9.19,0.158682,4.17,0.7171258923210354,29.5694,95.6,37.40411,29.5694,0.7171258923210354,9.19,0.158682,4.17,90.60005911912504,86.3480824478077,31.155778894472363,62.28329145728643,50.0,65.16523428441818,0.9901960784313726,0.9803921568627451,0.30392156862745096,0.6764705882352942,A+,A+,C-,B-,allyfinancialinc
SEZL,Sezzle Inc,Financials,Transaction & Payment Processing Services,85.96,21.6983,6.4153,16.6302,17.108850984216705,69.54,66.08,91.62,0.3926,51.25999999999999,0.26566598659283003,54.2437,69.54,66.08,54.2437,0.26566598659283003,45.141999999999946,0.3926,27.17999999999999,15.233027884520645,92.31017014135497,97.73869346733667,67.23913686077447,50.0,65.15279173839022,0.0784313725490196,0.9901960784313726,0.9779411764705882,0.7254901960784313,D-,A+,A+,B,sezzleinc
DXPE,DXP Enterprises Inc,Industrials,Trading Companies & Distributors,172.15,29.9243,1.316,17.0301,5.35805435553951,26.99,11.89,18.67,0.0877,7.7,0.9740770627395603,87.0789,26.99,11.89,87.0789,0.9739160684181986,18.67,0.0877,7.7,53.44907296698391,83.29972991646252,46.79802955665025,91.84630541871923,50.0,65.0909826979449,0.5436893203883495,0.9223300970873787,0.4368932038834951,0.9611650485436893,C+,A-,C,A,dxpenterprisesinc
EME,EMCOR Group Inc,Industrials,Construction & Engineering,910.26,31.8462,2.3863,22.1386,11.03040614230249,31.03,16.62,39.129999999999995,0.1009,37.61,0.9783155935244505,111.5949,31.03,16.62,111.5949,0.9739160684181986,39.129999999999995,0.1009,26.983999999999988,39.780317885440084,71.14292183803991,77.66830870279146,82.04644616467276,50.0,65.00003024760042,0.3640776699029126,0.7669902912621359,0.8349514563106796,0.8495145631067961,C-,B,B+,B+,emcorgroupinc
USB,US Bancorp,Financials,Diversified Banks,55.24,11.0319,2.0972,16.4316,1.3175972216921727,17.02,84.11849,12.21,0.25222680000000003,5.489999999999999,0.7089041095890413,33.2047,17.02,84.11849,33.2047,0.7089041095890413,12.21,0.25222680000000003,5.489999999999999,68.12247512070155,71.30590053177937,51.256281407035175,79.28102048705064,50.0,64.96207333570018,0.7450980392156863,0.8774509803921569,0.5245098039215687,0.8284313725490197,B,B+,C+,B+,usbancorp
VLO,Valero Energy Corp,Energy,Oil & Gas Refining & Marketing,251.63,17.7862,0.5994,12.8536,3.1705931049081633,383.82,-2.78,17.630000000000003,0.0466,12.120000000000001,0.9526699747128662,111.5782,369.15199999999976,-2.78,111.5782,0.9526699747128662,17.630000000000003,0.0466,12.120000000000001,56.28930817610063,77.10540685485837,60.0,76.659678546471,50.0,64.82534412429104,0.7037037037037037,0.8888888888888888,0.6296296296296297,0.7962962962962963,B,B+,B-,B,valeroenergycorp
NFG,National Fuel Gas Co,Utilities,Gas Utilities,83.02,12.0472,1.8834,6.8904,2.424628288887656,-2.57,112.85,21.09,0.2394,11.05,0.29233870967741915,0.7035,-2.57,18.961999999999996,0.7035,0.29687480093975155,21.09,0.2394,9.411999999999997,88.58944050433412,65.50692106247662,83.7037037037037,18.106995884773664,50.0,64.79606944145951,0.9574468085106383,0.723404255319149,0.9148936170212766,0.1702127659574468,A,B,A-,D,nationalfuelgasco
PLUS,ePlus inc,Information Technology,Technology Distributors,85.59,17.0299,0.9587,10.06,2.3223254185965114,28.46,11.01,12.93,0.0692,12.809999999999999,0.7367430185127078,33.9856,28.46,11.01,33.9856,0.7367430185127078,12.93,0.0692,12.809999999999999,90.33790995891273,66.35004714626436,52.866053306072864,53.13617113141537,50.0,64.69823447178234,0.954248366013072,0.7189542483660131,0.5620915032679739,0.5098039215686274,A,B,C+,C+,eplusinc
ANF,Abercrombie & Fitch Co,Consumer Discretionary,Apparel Retail,78.97,7.0207,0.6758,3.2773,2.5315603541684033,-1.56,6.42,38.98,0.1328,38.98,0.19982264262488905,11.5553,-1.56,6.42,11.5553,0.19982264262488905,38.98,0.1328,38.98,86.25194159676919,54.934601664684905,80.22988505747126,35.38644470868014,50.0,64.68466593823312,0.9391891891891891,0.5337837837837838,0.875,0.3310810810810811,A,C+,B+,C-,abercrombiefitchco
SFM,Sprouts Farmers Market Inc,Consumer Staples,Food Retail,80.69,14.6498,0.8712,8.9676,5.516661425074863,41.08,14.08,38.21,0.0779,37.16,0.13594882729211086,-53.6078,41.08,14.026499999999995,-53.069069999999996,0.13594882729211086,38.21,0.0779,29.759937999999984,74.50930192865677,95.56070697836402,75.53763440860216,15.186104218362281,50.0,64.66109632365999,0.8412698412698413,0.9841269841269841,0.8174603174603174,0.09523809523809523,B+,A+,B+,D-,sproutsfarmersmarketinc
CMC,Commercial Metals Co,Materials,Steel,67.06,14.6274,0.8812,14.664,1.7782562693742692,638.58,8.38,11.88,0.0816,7.6499999999999995,0.5569651741293532,44.3082,619.445,8.38,44.3082,0.5569651741293532,11.88,0.0816,7.6499999999999995,69.31216931216932,87.50542311261951,53.96825396825397,56.51888341543514,50.0,64.62496712571675,0.7936507936507936,0.9523809523809523,0.5317460317460317,0.5396825396825397,B,A,C+,C+,commercialmetalsco
DECK,Deckers Outdoor Corp,Consumer Discretionary,Footwear,97.65,13.4345,2.5993,8.7722,5.836471221086605,14.74,9.16,41.36,0.2382,41.36,0.3437270726338959,-16.4956,14.74,9.16,-16.4956,0.3437270726338959,41.36,0.2382,41.201999999999984,59.77011494252874,79.39958592132504,89.54022988505749,31.634182908545725,50.0,64.53433997287071,0.6554054054054054,0.8513513513513513,0.9864864864864865,0.2972972972972973,B-,B+,A+,D+,deckersoutdoorcorp
NEE,Nextera Energy Inc,Utilities,Multi-Utilities,95.51,24.3192,7.1412,19.0814,3.643194995422643,47.29,10.29,15.24,0.2954,5.4399999999999995,0.9070834528247779,42.361,47.29,10.29,41.94379999999999,0.9070834528247779,15.24,0.2954,5.4399999999999995,12.82899921197793,83.61742424242424,82.22222222222223,95.13888888888889,50.0,64.51406798481267,0.06382978723404255,0.9361702127659575,0.8936170212765957,1.0,D-,A,B+,A+,nexteraenergyinc
YOU,Clear Secure Inc,Information Technology,Application Software,56.23,67.4016,8.1686,33.6199,42.14510568130714,5.72,16.91,77.38000000000001,0.2018,77.38000000000001,0.9078153500771711,125.3279,5.72,16.91,125.3279,0.9078153500771711,77.38000000000001,0.2018,53.78399999999993,36.32203067655101,54.80058229037704,86.81941419618651,88.72771703899627,50.0,64.49102108405904,0.32679738562091504,0.6078431372549019,0.8888888888888888,0.954248366013072,C-,B-,B+,A,clearsecureinc
ES,Eversource Energy,Utilities,Electric Utilities,69.44,15.4214,1.9265,12.5044,1.5941559857756473,97.9,13.83,10.6,0.1996,3.6999999999999997,0.6207834602829162,18.035,97.9,13.83,18.035,0.6207834602829162,10.6,0.1996,3.6999999999999997,74.6414499605989,89.84718984718984,47.40740740740741,54.98575498575499,50.0,64.47880330859056,0.8085106382978723,0.9787234042553191,0.43617021276595747,0.5319148936170213,B+,A+,C,C+,eversourceenergy
OTTR,Otter Tail Corp,Utilities,Electric Utilities,90.59,13.7527,6.6947,9.253,2.039047799115865,-8.68,8.05,15.36,0.6099,9.66,0.9108108108108113,11.8119,-8.68,8.05,11.8119,0.9108108108108113,15.36,0.38946000000000003,9.411999999999997,63.7037037037037,32.62108262108262,94.07407407407408,67.23646723646723,50.0,64.41595441595442,0.6595744680851063,0.23404255319148937,0.9893617021276596,0.6808510638297872,B-,D+,A+,B-,ottertailcorp
FIVE,Five Below Inc,Consumer Discretionary,Specialty Stores,231.1,36.0118,2.7109,18.7701,5.81928244797647,40.49,22.9,18.14,0.096,18.14,0.8807435376125473,174.1075,40.49,22.80199999999999,70.81763999999993,0.8741158750827804,18.14,0.096,18.14,23.117427772600184,92.79757957559681,61.609195402298845,98.14323607427056,50.0,64.36981892369823,0.18243243243243243,0.9662162162162162,0.6283783783783784,1.0,D,A,B-,A+,fivebelowinc
APH,Amphenol Corp,Information Technology,Electronic Components,141.03,40.9095,7.5643,25.9861,12.895822093799435,74.13,51.71,35.77,0.2541,19.74,0.7053692795650205,74.845,74.13,48.17399999999999,74.845,0.7053692795650205,35.77,0.2541,19.74,46.44909417905865,88.54950357756947,81.75622620264603,47.796092524747124,50.0,64.32044931588949,0.5098039215686274,0.9607843137254902,0.8627450980392157,0.43137254901960786,C+,A,B+,C,amphenolcorp
KRYS,Krystal Biotech Inc,Health Care,Biotechnology,286.95,41.2369,21.7063,47.6487,6.868579033539826,129.21,33.95,18.69,0.41409999999999997,18.69,0.9353116470943517,72.695,129.21,33.95,72.695,0.9353116470943517,18.69,0.41409999999999997,18.69,18.866442199775534,85.53251941735527,79.9498746867168,87.43525480367586,50.0,64.29763406582931,0.0962962962962963,0.9407407407407408,0.825925925925926,0.9037037037037037,D-,A,B+,A-,krystalbiotechinc
PTC,PTC Inc,Information Technology,Application Software,138.19,20.0464,5.7357,15.1718,4.317223280952232,109.43,23.62,22.470000000000002,0.3804,16.71,0.08220720720720733,-13.6798,109.43,23.62,-13.6798,0.08229678542178549,22.470000000000002,0.3804,16.71,65.5905016741969,83.25802977802012,80.57839607686267,30.453630224236377,50.0,64.2845564382162,0.7189542483660131,0.9215686274509803,0.8431372549019608,0.2549019607843137,B,A-,B+,D+,ptcinc
VRRM,Verra Mobility Corp,Industrials,Data Processing & Outsourced Services,14.74,16.3877,2.2869,8.5175,7.726176748086802,388.68,11.36,40.550000000000004,0.2421,9.99,0.0754481033764068,-35.1232,107.05100000000004,11.36,-35.1232,0.0754481033764068,40.550000000000004,0.2421,9.99,74.86409361200121,88.75682542443425,79.14614121510674,14.990526714664641,50.0,64.25202913459677,0.8446601941747572,0.9757281553398058,0.8495145631067961,0.0970873786407767,B+,A+,B+,D-,verramobilitycorp
GILD,Gilead Sciences Inc,Health Care,Biotechnology,132.69,19.3512,5.5938,16.7818,7.253475316099338,1903.07,2.4,41.02,0.3404,21.57,0.6031938059520929,27.9803,1389.2,2.4,27.9803,0.6031938059520929,41.02,0.3404,21.57,51.27384960718294,59.60342274828987,87.71929824561403,62.70008354218881,50.0,64.20898822129499,0.5333333333333333,0.7037037037037037,0.9259259259259259,0.6444444444444445,C+,B,A-,B-,gileadsciencesinc
BOOT,Boot Barn Holdings Inc,Consumer Discretionary,Apparel Retail,167.66,22.8647,2.3085,13.1006,4.53504066821928,27.79,17.5,18.279999999999998,0.13449999999999998,18.07,0.5821642303541646,47.7311,27.79,17.5,47.7311,0.5821642303541646,18.279999999999998,0.13449999999999998,18.07,37.65299782541162,90.91854934601665,68.04597701149424,72.96076099881094,50.0,64.20060577819198,0.3108108108108108,0.9594594594594594,0.6993243243243243,0.7364864864864865,C-,A,B-,B,bootbarnholdingsinc
SCHL,Scholastic Corp,Consumer Discretionary,Publishing,38.92,13.5881,0.5278,3.9796,1.0279978869519282,403.61,1.38,6.909999999999999,0.010700000000000001,5.48,0.8320180383314544,103.8764,202.9259999999997,1.38,70.81763999999993,0.8320180383314544,6.909999999999999,0.010700000000000001,5.48,82.62969866418142,69.62975933908046,22.18390804597701,95.2551724137931,50.0,64.18038802811432,0.9256756756756757,0.7702702702702703,0.16891891891891891,0.9864864864864865,A-,B,D,A+,scholasticcorp
AWI,Armstrong World Industries Inc,Industrials,Building Products,163.63,22.5723,4.2992,16.5403,7.796657009987039,17.56,12.11,36.09,0.2659,22.900000000000002,0.2683557394002067,9.1376,17.56,12.11,9.1376,0.2683557394002067,36.09,0.2659,22.900000000000002,46.18186745739474,79.13099214553225,90.14778325123153,46.336657455244506,50.0,64.17594259731192,0.46601941747572817,0.883495145631068,0.9757281553398058,0.4223300970873786,C,B+,A+,C,armstrongworldindustriesinc
MATX,Matson Inc,Industrials,Marine Transportation,170.83,11.7181,1.5584,8.4286,1.8822873487988752,-1.03,-2.26,16.63,0.1494,14.63,0.8929826429560219,50.9899,-1.03,-2.26,50.9899,0.8929826429560219,16.63,0.1494,14.63,82.63347521800819,33.477668436886724,63.95730706075534,79.07576823832981,50.0,64.1583829047342,0.8883495145631068,0.23786407766990292,0.6601941747572816,0.8203883495145631,B+,D+,B-,B+,matsoninc
ENR,Energizer Holdings Inc,Consumer Staples,Household Products,19.34,6.2081,0.4414,9.4882,7.764573630961939,285.73,3.37,135.8,0.08310000000000001,6.13,0.23372988103568929,-26.8533,48.841999999999935,3.37,-26.8533,0.23372988103568929,135.8,0.08310000000000001,6.13,86.12391193036355,80.771971745373,58.60215053763441,34.05017921146953,50.0,64.145945808368,0.9841269841269841,0.873015873015873,0.5873015873015873,0.2857142857142857,A+,B+,C+,D+,energizerholdingsinc
MSFT,Microsoft Corp,Information Technology,Systems Software,413.62,24.6024,9.6791,17.1398,8.952077534748224,29.75,17.87,33.129999999999995,0.4675,26.33,0.2878947632675604,-4.9761,29.75,17.87,-4.9761,0.2878947632675604,33.129999999999995,0.44785,26.33,55.51022795397055,69.70052364195134,88.93654532794051,45.31771782449591,50.0,64.11534161376721,0.5947712418300654,0.7843137254901961,0.9215686274509803,0.39869281045751637,C+,B,A-,C-,microsoftcorp
CTRA,Coterra Energy Inc,Energy,Oil & Gas Exploration & Production,35.86,15.8063,3.55,6.4311,1.8357547276059425,49.63,40.07,11.77,0.3207,9.21,0.9298969072164947,39.6961,49.63,40.07,39.6961,0.9298969072164947,11.77,0.3207,9.21,58.490566037735846,82.91167935748894,71.06918238993711,50.0145137880987,50.0,63.975175736035766,0.7222222222222222,0.9259259259259259,0.7407407407407407,0.46296296296296297,B,A-,B,C,coterraenergyinc
TMDX,Transmedics Group Inc,Health Care,Health Care Equipment,97.08,17.6233,5.5385,30.9273,7.031725336810083,362.68,37.13,53.879999999999995,0.1793,22.009999999999998,0.11928251121076239,7.8906,362.68,37.13,7.8906,0.11928251121076239,53.879999999999995,0.1793,22.009999999999998,43.14814814814815,93.90116570939917,80.95238095238095,45.236090225563906,50.0,63.8525834621249,0.4074074074074074,0.9925925925925926,0.8444444444444444,0.4222222222222222,C,A+,B+,C,transmedicsgroupinc
THG,Hanover Insurance Group Inc,Financials,Property & Casualty Insurance,183.28,9.7185,0.9787,7.526,1.8166355766390656,55.07,5.61,19.99,0.132,15.299999999999999,0.7293281653746773,7.5966,55.07,5.61,7.5966,0.7293281653746773,19.99,0.132,15.299999999999999,66.24667454921666,51.50698217265158,78.39195979899498,61.873469913670924,50.0,63.835749004317414,0.7205882352941176,0.5,0.7892156862745098,0.6666666666666666,B,C,B,B-,hanoverinsurancegroupinc
NVDA,NVIDIA Corp,Information Technology,Semiconductors,198.48,39.763,22.1092,34.1828,30.667964585361332,66.76,65.47,104.37,0.6038,97.21,0.8269421253714447,73.345,66.76,48.17399999999999,73.345,0.8269421253714447,104.37,0.44785,53.78399999999993,33.919667792545795,88.49808635827985,96.65466613330962,42.106470038124144,50.0,63.764494760744654,0.3006535947712418,0.954248366013072,0.9869281045751634,0.3660130718954248,C-,A,A+,C-,nvidiacorp
M,Macy's Inc,Consumer Discretionary,Broadline Retail,19.12,7.8425,0.2229,3.3833,1.034682425009876,13.23,-1.67,14.219999999999999,0.0412,9.07,0.6186012977649604,60.0,13.23,-1.67,60.0,0.6186012977649604,14.219999999999999,0.0412,9.07,95.03106554830693,44.161637931034484,40.11494252873563,80.71724137931034,50.0,63.76227788132961,0.9932432432432432,0.3783783783783784,0.3918918918918919,0.8445945945945946,A+,C-,C-,B+,macysinc
JNJ,Johnson & Johnson,Health Care,Pharmaceuticals,224.2,25.6762,5.6062,14.6553,6.620482745994341,-3.89,7.87,33.78,0.2588,20.849999999999998,0.7394763009612195,43.6075,-3.89,7.87,43.6075,0.7394763009612195,33.78,0.2588,20.849999999999998,49.14702581369249,51.321093575522966,82.45614035087719,77.72556390977444,50.0,63.7101230382019,0.4962962962962963,0.5185185185185185,0.8703703703703703,0.8148148148148148,C,C+,B+,B+,johnsonjohnson
PEGA,Pegasystems Inc,Information Technology,Application Software,36.79,15.6672,3.5308,22.5347,7.959413266409934,403.79,16.61,60.07,0.1506,60.07,0.07270842588479191,-20.1606,241.37,16.61,-20.1606,0.08229678542178549,60.07,0.1506,53.78399999999993,69.57786843298095,80.9784895822977,81.73029912440553,23.425644913358834,50.0,63.707868788477924,0.7581699346405228,0.9019607843137255,0.8562091503267973,0.1437908496732026,B,A-,B+,D,pegasystemsinc
PFBC,Preferred Bank,Financials,Regional Banks,94.81,9.4588,2.84979,7.3835,1.4624334608971423,15.88,79.98955,17.48,0.7110449,14.66,0.6486140724946697,15.0886,15.88,79.98955,15.0886,0.6486140724946697,17.48,0.6162802,14.66,71.49226524780767,71.53173385973543,73.86934673366834,40.03839421828243,50.0,63.654428610972566,0.8186274509803921,0.8823529411764706,0.7450980392156863,0.39215686274509803,B+,B+,B,C-,preferredbank
UHS,Universal Health Services Inc,Health Care,Health Care Facilities,166.07,6.855,0.5877,5.3868,1.393787001616447,37.51,9.71,21.07,0.1148,12.690000000000001,0.14619797185448075,-7.0885,37.51,9.71,-7.0885,0.14619797185448075,21.07,0.1148,12.690000000000001,95.54994388327721,69.2962775665692,61.27819548872181,27.809178117708065,50.0,63.628125979855206,1.0,0.7777777777777778,0.6444444444444445,0.22962962962962963,A+,B,B-,D+,universalhealthservicesinc
COLL,Collegium Pharmaceutical Inc,Health Care,Pharmaceuticals,34.58,17.8246,1.4357,10.1219,3.6345290772836676,-5.88,23.62,24.11,0.2096,5.82,0.3265937024756301,25.0633,-5.88,23.62,25.0633,0.3265937024756301,24.11,0.2096,5.82,79.91021324354658,64.4771272240006,63.90977443609023,48.74812030075188,50.0,63.6000464248597,0.8814814814814815,0.7185185185185186,0.6814814814814815,0.4740740740740741,B+,B,B-,C,collegiumpharmaceuticalinc
UGI,UGI Corp,Utilities,Gas Utilities,34.9,11.0769,3.2997,8.9065,1.5669266238343458,150.04,0.22,14.09,0.48200000000000004,5.6899999999999995,0.3374485596707816,4.3348,116.81250000000004,0.22,4.3348,0.3374485596707816,14.09,0.38946000000000003,5.6899999999999995,79.33806146572103,57.69734380845492,88.14814814814815,25.761316872427983,50.0,63.563284539643874,0.8936170212765957,0.6170212765957447,0.9361702127659575,0.23404255319148937,B+,B-,A,D+,ugicorp
EQT,EQT Corp,Energy,Oil & Gas Exploration & Production,59.08,11.2514,3.8689,5.7724,1.5522613936721963,836.61,50.77,14.06,0.4972,10.61,0.5366717248356095,13.9441,369.15199999999976,50.77,13.9441,0.5366717248356095,14.06,0.42395999999999995,10.61,64.69834614488703,96.6380343958229,81.13207547169812,13.497822931785198,50.0,63.48477686966791,0.7962962962962963,1.0,0.8518518518518519,0.1111111111111111,B,A+,B+,D,eqtcorp
RRC,Range Resources Corp,Energy,Oil & Gas Exploration & Production,43.0,11.1546,3.1342,7.9837,2.3443974353382475,152.9,23.03,20.93,0.3124,16.64,0.661998726925525,22.8221,152.9,23.03,22.8221,0.661998726925525,20.93,0.3124,15.421999999999999,60.86652690426276,85.37011375975834,88.67924528301887,19.932268988872764,50.0,63.44691959654663,0.7407407407407407,0.9629629629629629,0.9629629629629629,0.14814814814814814,B,A,A,D,rangeresourcescorp
CATY,Cathay General Bancorp,Financials,Regional Banks,56.39,11.3801,3.2522,9.3647,1.2953540458278299,22.47,54.98545,11.37,0.5396866,10.86,0.9695003244646334,31.3228,22.47,54.98545,31.3228,0.9506182088450298,11.37,0.5396866,10.86,66.17400729135875,66.18681858935355,45.7286432160804,85.35486420868386,50.0,63.28399918646727,0.7156862745098039,0.8186274509803921,0.44607843137254904,0.8823529411764706,B,B+,C,B+,cathaygeneralbancorp
KFY,Korn Ferry,Industrials,Human Resource & Employment Services,66.46,12.8412,1.1931,6.0047,1.8322976229205379,8.41,5.44,13.94,0.1307,11.55,0.38416287278121614,3.7789,8.41,5.44,3.7789,0.38416287278121614,13.94,0.1307,11.55,87.20487190524018,60.00359334062798,54.84400656814449,53.83532723434201,50.0,63.280003733340166,0.9320388349514563,0.6359223300970874,0.5631067961165048,0.5242718446601942,A,B-,C+,C+,kornferry
PFS,Provident Financial Services Inc,Financials,Regional Banks,22.25,9.9517,2.313,7.3978,1.0257947027500518,134.42,36.72119,10.620000000000001,0.4091399,8.959999999999999,0.7854669992182557,30.1931,95.6,36.72119,30.1931,0.7854669992182557,10.620000000000001,0.4091399,8.959999999999999,84.11050349788157,64.95375916481709,41.20603015075377,69.79165490373215,50.0,63.27821622586869,0.9362745098039216,0.7990196078431373,0.4019607843137255,0.7647058823529411,A,B,C,B,providentfinancialservicesinc
ASO,Academy Sports and Outdoors Inc,Consumer Discretionary,Specialty Stores,51.77,8.8466,0.5506,5.4042,1.5484422856049007,-3.5,2.02,18.07,0.08460000000000001,14.66,0.5803852201257862,32.438,-3.5,2.02,32.438,0.5803852201257862,18.07,0.08460000000000001,14.66,86.43988816402607,46.98391909814323,54.94252873563219,67.34748010610079,50.0,63.21188406576337,0.9459459459459459,0.43243243243243246,0.5236486486486487,0.668918918918919,A,C,C+,B-,academysportsandoutdoorsinc
NATL,NCR Atleos Corp,Financials,Transaction & Payment Processing Services,44.04,18.3432,0.7536,6.6979,8.053985845174742,94.63,0.93,52.72,0.1244,5.59,0.8211708099438653,52.5459,94.63,0.93,52.5459,0.8211708099438653,45.141999999999946,0.1244,5.59,19.675583801359743,56.473322313218475,97.73869346733667,87.72095772982559,50.0,63.19242532578292,0.14705882352941177,0.6029411764705882,0.9779411764705882,0.9117647058823529,D,B-,A+,A-,ncratleoscorp
OVV,Ovintiv Inc,Energy,Oil & Gas Exploration & Production,62.93,14.3561,2.0016,6.8628,1.4238651841996897,15.07,-2.67,11.86,0.127,7.86,0.9976462676529926,77.3176,15.07,-2.67,77.3176,0.9948119879273926,11.86,0.127,7.86,65.25739576054042,54.49488033954905,57.861635220125784,82.49637155297532,50.0,63.17800812367143,0.8148148148148148,0.5925925925925926,0.5925925925925926,0.8888888888888888,B+,C+,C+,B+,ovintivinc
BCO,Brinks Co,Industrials,Security & Alarm Services,104.38,21.5002,0.8161,7.7784,15.448369766306035,29.64,4.97,79.36,0.1093,4.64,0.43149102541318635,14.1638,29.64,4.97,14.1638,0.43149102541318635,73.67999999999981,0.1093,4.64,82.8096354042119,69.36275923597252,58.128078817734,44.733755571193996,50.0,63.05373151691978,0.8932038834951457,0.7475728155339806,0.6019417475728155,0.4077669902912621,B+,B,B-,C,brinksco
T,AT&T Inc,Communication Services,Integrated Telecommunication Services,26.1,8.3989,1.4226,5.7268,1.6617535638565417,82.59,2.92,19.650000000000002,0.1981,8.73,0.460526315789474,-5.469,82.59,2.92,-5.469,0.460526315789474,19.650000000000002,0.1981,8.73,77.22007722007721,68.83116883116884,64.12698412698411,44.54545454545455,50.0,63.01209001209,0.8918918918918919,0.7837837837837838,0.7567567567567568,0.40540540540540543,B+,B,B,C,attinc
FIBK,First Interstate Bancsystem Inc,Financials,Regional Banks,34.99,11.301,2.2313,9.4683,1.0263103862963072,81.45,104.1652,8.83,0.3286886,7.109999999999999,0.6825278810408925,29.353,81.45,85.8019475,29.353,0.6825278810408925,8.83,0.3286886,7.109999999999999,78.71218839294512,94.04893716640564,28.643216080402013,61.49172830444357,50.0,62.94698421250662,0.9068627450980392,0.9950980392156863,0.27941176470588236,0.6568627450980392,A-,A+,D+,B-,firstinterstatebancsysteminc
HRB,H & R Block Inc,Consumer Discretionary,Specialized Consumer Services,31.08,6.5343,1.0581,6.162,46.828386319120085,19.35,4.7,336.84,0.22260000000000002,18.93,0.08008842639955892,-50.2561,19.35,4.7,-37.93104,0.08008842639955892,170.61999999999995,0.22260000000000002,18.93,80.11960236098167,67.69863505747126,88.85057471264368,10.565517241379311,50.0,62.89537472817645,0.8783783783783784,0.722972972972973,0.9763513513513513,0.02027027027027027,B+,B,A+,F,hrblockinc
WFRD,Weatherford International PLC,Energy,Oil & Gas Equipment & Services,109.12,17.0089,1.6147,11.8064,4.598573060082346,1.92,-8.81,28.37,0.1431,14.610000000000001,0.9542586750788644,143.9526,1.92,-8.81,143.4819,0.9542586750788644,25.689999999999998,0.1431,14.610000000000001,50.139762403913345,36.163927479511386,84.27672955974843,85.02358490566037,50.0,62.8416254679498,0.48148148148148145,0.25925925925925924,0.9074074074074074,0.9259259259259259,C,D+,A-,A-,weatherfordinternationalplc
COR,Cencora Inc,Health Care,Health Care Distributors,303.66,36.3467,0.1813,17.5586,39.05193034800278,18.29,7.45,101.42999999999999,0.82,17.07,0.30655152994180607,3.9504,18.29,7.45,3.9504,0.30655152994180607,97.80199999999995,0.4229799999999998,17.07,64.07968574635241,54.56905285167287,91.72932330827068,39.52271984308597,50.0,62.770606802607546,0.6962962962962963,0.6222222222222222,0.9777777777777777,0.37777777777777777,B-,B-,A+,C-,cencorainc
CCK,Crown Holdings Inc,Materials,Paper & Plastic Packaging Products & Materials,99.05,14.9945,0.8949,8.213,3.746047834440192,78.9,4.78,25.45,0.1244,8.0,0.35899306822327615,2.1766,78.9,4.78,2.1766,0.35899306822327615,25.45,0.1244,8.0,78.83597883597884,67.43133195307108,73.54497354497353,30.857142857142854,50.0,62.75293305728088,0.8571428571428571,0.8095238095238095,0.7619047619047619,0.2698412698412698,B+,B+,B,D+,crownholdingsinc
FNB,FNB Corp,Financials,Regional Banks,17.59,10.694,2.56275,13.8135,0.9298662028789377,27.72,64.79501,8.76,0.42536409999999997,6.36,0.7487844408427876,33.283,27.72,64.79501,33.283,0.7487844408427876,8.76,0.42536409999999997,6.36,84.93817124839886,76.30839998116076,27.63819095477387,71.65829145728642,50.0,62.73742883848262,0.946078431372549,0.9166666666666666,0.2696078431372549,0.7843137254901961,A,A-,D+,B,fnbcorp
MPC,Marathon Petroleum Corp,Energy,Oil & Gas Refining & Marketing,252.54,18.0104,0.5397,8.8807,4.302837719260881,34.15,-3.8,24.01,0.061399999999999996,8.4,0.9727357136827888,78.4105,34.15,-3.8,78.4105,0.9727357136827888,24.01,0.061399999999999996,8.4,66.9811320754717,54.99432824663189,63.52201257861635,70.32844164919636,50.0,62.69034014268767,0.8333333333333334,0.6111111111111112,0.6759259259259259,0.6851851851851852,B+,B-,B-,B-,marathonpetroleumcorp
SMP,Standard Motor Products Inc,Consumer Discretionary,Automotive Parts & Equipment,37.34,20.0752,0.4633,7.4121,1.209494564724479,48.96,22.36,6.15,0.0762,3.19,0.5306233062330625,33.9792,48.96,22.36,33.9792,0.5306233062330625,6.15,0.0762,3.19,73.31624728176452,93.51941306645529,29.655172413793107,66.13555291319858,50.0,62.67384811982018,0.8040540540540541,0.972972972972973,0.23648648648648649,0.6621621621621622,B+,A+,D+,B-,standardmotorproductsinc
AAPL,Apple Inc,Information Technology,"Technology Hardware, Storage & Peripherals",276.83,33.1567,9.0027,25.6008,55.46583850931677,29.01,12.76,146.69,0.3264,69.07,0.8763762189367723,34.8089,29.01,12.76,34.8089,0.8763762189367723,109.87799999999994,0.3264,53.78399999999993,47.326402596832914,59.064632348646995,93.79824288486896,52.69059577251052,50.0,62.632206994656975,0.5294117647058824,0.6601307189542484,0.9673202614379085,0.49673202614379086,C+,B-,A,C,appleinc
XPEL,Xpel Inc,Consumer Discretionary,Automotive Parts & Equipment,47.92,25.8949,2.7856,18.5115,4.719508351717617,13.49,13.27,19.689999999999998,0.1316,19.68,0.7015315651849087,60.4285,13.49,13.27,60.4285,0.7015315651849087,19.689999999999998,0.1316,19.68,26.73035104069587,81.54045283392786,69.6551724137931,86.01664684898928,50.0,62.607800800205666,0.22297297297297297,0.8783783783783784,0.7297297297297297,0.8783783783783784,D+,B+,B,B+,xpelinc
CON,Concentra Group Holdings Parent Inc,Health Care,Health Care Services,22.67,17.3979,1.3383,10.7347,7.414796886243214,-42.65,13.85,46.6,0.154,8.41,0.671824104234528,4.6447,-42.65,13.85,4.6447,0.671824104234528,46.6,0.154,8.41,81.12794612794613,44.3462290431655,68.17042606516291,56.86189157103284,50.0,62.56621717111693,0.8962962962962963,0.4148148148148148,0.7037037037037037,0.5777777777777777,B+,C,B,C+,concentragroupholdingsparentinc
KLAC,KLA Corp,Information Technology,Semiconductor Materials & Equipment,1713.32,49.2709,17.6213,38.5844,48.20455395904081,44.58,17.49,95.22,0.4199,42.71,0.8211836182550293,145.4051,44.58,17.49,145.4051,0.8211836182550293,95.22,0.4199,42.71,29.95130938281353,75.11863036023661,93.9863993955287,57.48980739013237,50.0,62.50611474465935,0.2679738562091503,0.869281045751634,0.9738562091503268,0.5490196078431373,D+,B+,A+,C+,klacorp
AX,Axos Financial Inc,Financials,Regional Banks,87.28,10.3904,2.35138,8.6272,1.839045584225675,14.36,78.88815,16.6,0.496028,12.08,0.5946860317996452,29.5532,14.36,78.88815,29.5532,0.5946860317996452,16.6,0.496028,12.08,62.545570992215985,66.14004250940226,71.35678391959799,54.00372649765683,50.0,62.50434252936531,0.6519607843137255,0.8137254901960784,0.7205882352941176,0.553921568627451,B-,B+,B,C+,axosfinancialinc
SM,SM Energy Co,Energy,Oil & Gas Exploration & Production,31.38,11.6171,2.3867,4.8669,0.7478408419286572,-15.68,17.24,14.000000000000002,0.317,8.82,0.8816455696202531,37.511,-15.68,17.24,37.511,0.8816455696202531,14.000000000000002,0.317,8.82,74.03913347309573,61.957865314600724,71.69811320754717,43.32849540396711,50.0,62.49158381387429,0.8888888888888888,0.7037037037037037,0.7592592592592593,0.37037037037037035,B+,B,B,C-,smenergyco
HCSG,Healthcare Services Group Inc,Industrials,Environmental & Facilities Services,21.11,21.5568,0.7901,15.8398,2.879552584913381,69.63,6.46,13.600000000000001,0.0321,13.600000000000001,0.7203751065643648,42.8281,69.63,6.46,42.8281,0.7203751065643648,13.600000000000001,0.0321,13.600000000000001,69.34254786615014,75.12502739931473,41.70771756978654,73.51864883884588,50.0,62.49130160661629,0.7815533980582524,0.8446601941747572,0.3786407766990291,0.7572815533980582,B,B+,C-,B,healthcareservicesgroupinc
STT,State Street Corp,Financials,Asset Management & Custody Banks,148.08,13.3476,1.80473,17.0283,1.484353542380459,11.47,181.1518,11.09,0.24962610000000002,5.04,0.8790864308105688,63.5701,11.47,85.8019475,63.5701,0.8790864308105688,11.09,0.24962610000000002,5.04,54.81944033894965,75.61091982949145,44.221105527638194,87.82663316582914,50.0,62.44764706571108,0.5441176470588235,0.9068627450980392,0.43137254901960786,0.9166666666666666,C+,A-,C,A-,statestreetcorp
KOP,Koppers Holdings Inc,Materials,Commodity Chemicals,39.84,13.6799,0.4076,7.4571,1.3503803028865058,14.14,-10.17,10.45,0.07490000000000001,3.7699999999999996,0.8671607753705817,66.6402,14.14,-10.17,66.6402,0.8671607753705817,10.45,0.07490000000000001,3.7699999999999996,92.06349206349206,39.61038961038961,42.32804232804232,79.48930296756383,50.0,62.41782211347429,0.9841269841269841,0.2698412698412698,0.36507936507936506,0.7936507936507936,A+,D+,C-,B,koppersholdingsinc
CBOE,Cboe Global Markets Inc,Financials,Financial Exchanges & Data,338.91,28.7412,7.4078,19.8649,6.902317472795814,53.49,10.61,24.63,0.3378,19.12,0.987321959618094,49.7018,53.49,10.61,49.7018,0.9506182088450298,24.63,0.3378,19.12,12.09601931224751,70.35924644727001,84.92462311557789,95.2889447236181,50.0,62.38479884113397,0.06372549019607843,0.8725490196078431,0.8529411764705882,0.9754901960784313,D-,B+,B+,A+,cboeglobalmarketsinc
SSD,Simpson Manufacturing Co Inc,Industrials,Building Products,186.71,22.1893,3.2824,13.9476,3.7948878464402727,8.57,4.51,17.630000000000003,0.19640000000000002,14.81,0.5830377031598055,18.8479,8.57,4.51,18.8479,0.5830377031598055,17.630000000000003,0.19640000000000002,14.81,56.78097151147034,61.06502606804482,70.935960591133,65.98822539949538,50.0,62.33988331915887,0.5970873786407767,0.6553398058252428,0.7524271844660194,0.6747572815533981,C+,B-,B,B-,simpsonmanufacturingcoinc
FHN,First Horizon Corp,Financials,Regional Banks,24.63,11.4267,1.91295,12.4792,1.3502401157818564,36.94,64.16455,11.43,0.36179209999999995,7.28,0.7624615384615385,30.3864,36.94,64.16455,30.3864,0.7624615384615385,11.43,0.36179209999999995,7.28,64.68494432949059,79.5642904797921,46.231155778894475,68.4196262209926,50.0,62.32580836725321,0.6862745098039216,0.9509803921568627,0.45098039215686275,0.75,B-,A,C,B,firsthorizoncorp
ARW,Arrow Electronics Inc,Information Technology,Technology Distributors,185.52,16.5709,0.3068,12.7859,1.4388645441501533,49.65,10.49,9.049999999999999,0.026600000000000002,6.16,0.9112973443622118,61.1116,49.65,10.49,61.1116,0.9112973443622118,9.049999999999999,0.026600000000000002,6.16,89.18424938953956,69.22834639430124,32.80293938989881,64.78916523274052,50.0,62.30029952026794,0.9215686274509803,0.7581699346405228,0.28104575163398693,0.6209150326797386,A-,B,D+,B-,arrowelectronicsinc
RUN,Sunrun Inc,Industrials,Building Products,12.7,6.6187,1.0071,18.9865,0.9471321286608149,29.08,45.11,15.440000000000001,-0.042699999999999995,2.6100000000000003,0.4290738569753809,74.2112,29.08,22.505999999999982,74.2112,0.4290738569753809,15.440000000000001,-0.023359999999999985,2.6100000000000003,70.73190173290608,92.58443714381848,23.316912972085387,76.1912771837078,50.0,62.26734654175312,0.8009708737864077,0.9805825242718447,0.17475728155339806,0.7961165048543689,B+,A+,D,B,sunruninc
IBM,International Business Machines Corp,Information Technology,IT Consulting & Other Services,229.48,20.0364,3.1262,19.4595,6.585963643460242,94.45,9.67,35.53,0.1532,11.44,0.08408523708965246,-6.5445,94.45,9.67,-6.5445,0.08408523708965246,35.53,0.1532,11.44,70.07793423111228,71.33209987084301,69.52901610441945,40.41084365654346,50.0,62.250326289360224,0.7712418300653595,0.8235294117647058,0.7124183006535948,0.3333333333333333,B,B+,B,C-,internationalbusinessmachinescorp
VCTR,Victory Capital Holdings Inc,Financials,Asset Management & Custody Banks,78.16,15.1672,3.8328,10.3163,2.0678452185047806,13.77,46.19,15.65,0.36579999999999996,10.73,0.9574082464884459,31.1629,13.77,46.19,31.1629,0.9506182088450298,15.65,0.36579999999999996,10.73,39.88570302492856,68.79160082329983,65.82914572864321,85.26381909547737,50.0,62.23979617214839,0.3235294117647059,0.8578431372549019,0.6666666666666666,0.8725490196078431,C-,B+,B-,B+,victorycapitalholdingsinc
D,Dominion Energy Inc,Utilities,Multi-Utilities,62.95,18.5736,3.4695,14.6262,1.9025886690946459,41.05,16.9,10.7,0.2768,3.9800000000000004,0.6929258419796742,14.4545,41.05,16.9,14.4545,0.6929258419796742,10.7,0.2768,3.9800000000000004,49.34594168636721,91.41414141414141,64.44444444444444,52.5,50.0,62.230424815531194,0.574468085106383,1.0,0.7021276595744681,0.48936170212765956,C+,A+,B,C,dominionenergyinc
WTS,Watts Water Technologies Inc,Industrials,Building Products,289.93,28.1522,3.9345,19.4337,4.7675112680202,16.99,8.27,17.82,0.1838,16.150000000000002,0.591782441619864,34.9014,16.99,8.27,34.9014,0.591782441619864,17.82,0.1838,16.150000000000002,38.20523857350104,72.9931042015827,71.5927750410509,75.87168088429652,50.0,62.22246042081383,0.3300970873786408,0.8009708737864077,0.7572815533980582,0.7912621359223301,C-,B+,B,B,wattswatertechnologiesinc
AROC,Archrock Inc,Energy,Oil & Gas Equipment & Services,38.87,21.1359,4.5723,10.9032,4.557338992390756,75.16,28.7,22.73,0.36369999999999997,8.290000000000001,0.955207771181867,58.2655,75.16,28.7,58.2655,0.955207771181867,22.73,0.36369999999999997,8.290000000000001,32.92569298858607,86.91842772013759,81.44654088050315,55.93160377358491,50.0,62.16306476601681,0.2037037037037037,0.9814814814814815,0.8796296296296297,0.5740740740740741,D+,A+,B+,C+,archrockinc
EXLS,Exlservice Holdings Inc,Industrials,Data Processing & Outsourced Services,31.72,19.3916,2.3316,13.5401,5.436533781236074,27.93,13.56,25.5,0.1503,19.46,0.2212962962962962,-32.3234,27.93,13.56,-32.3234,0.2212962962962962,25.5,0.1503,19.46,64.7193393594465,79.71842704120827,76.68308702791461,29.124668435013263,50.0,62.119225692084584,0.7475728155339806,0.8932038834951457,0.8155339805825242,0.2669902912621359,B,B+,B+,D+,exlserviceholdingsinc
MAR,Marriott International Inc,Consumer Discretionary,"Hotels, Resorts & Cruise Lines",347.24,35.4007,3.5163,24.7701,189.88352381473177,14.13,4.33,309.12,0.15810000000000002,25.790000000000003,0.7546067415730338,39.1911,14.13,4.33,39.1911,0.7546067415730338,170.61999999999995,0.15810000000000002,25.790000000000003,18.33178005591799,66.62779772137392,87.24137931034483,86.85475444096133,50.0,62.089800274032754,0.07432432432432433,0.7094594594594594,0.9594594594594594,0.8986486486486487,D-,B,A,B+,marriottinternationalinc
UAL,United Airlines Holdings Inc,Industrials,Passenger Airlines,90.07,7.9787,0.4835,5.5538,1.9064935504764644,2.02,4.73,24.91,0.08439999999999999,9.32,0.39253700229309985,21.6012,2.02,4.73,21.6012,0.39253700229309985,24.91,0.08439999999999999,9.32,96.59476780333829,48.6590811837883,54.8440065681445,47.12756922031595,50.0,62.01702367369155,1.0,0.45145631067961167,0.5679611650485437,0.4320388349514563,A+,C,C+,C,unitedairlinesholdingsinc
KSS,Kohls Corp,Consumer Discretionary,Broadline Retail,14.19,5.8798,0.1026,3.6295,0.39260823010881807,144.37,-4.28,6.909999999999999,0.04019999999999999,3.36,0.41173333333333334,89.2,144.37,-4.28,70.81763999999993,0.41173333333333334,6.909999999999999,0.04019999999999999,3.36,98.17955886921403,55.01724137931034,23.333333333333332,77.93103448275862,50.0,61.96787822305063,1.0,0.5472972972972973,0.17567567567567569,0.8243243243243243,A+,C+,D,B+,kohlscorp
RCL,Royal Caribbean Cruises Ltd,Consumer Discretionary,"Hotels, Resorts & Cruise Lines",259.48,15.5371,3.7846,13.0961,6.991073906331248,37.86,9.75,45.81,0.27690000000000003,14.82,0.2542160278745646,12.8419,37.86,9.75,12.8419,0.2542160278745646,45.81,0.26942,14.82,41.486486486486484,86.69302170762126,82.183908045977,43.38557993730407,50.0,61.93331896210094,0.3918918918918919,0.9324324324324325,0.902027027027027,0.3918918918918919,C-,A,A-,C-,royalcaribbeancruisesltd
TGTX,TG Therapeutics Inc,Health Care,Biotechnology,35.705,12.5557,9.1104,43.0862,25.022776648678953,1889.26,87.32,101.12,0.20010000000000003,65.05,0.5038666022232962,-17.8062,1389.2,51.019999999999925,-17.8062,0.5038666022232962,97.80199999999995,0.20010000000000003,29.947999999999997,39.382716049382715,95.8649097992506,88.7218045112782,28.217209690893903,50.0,61.84255403819412,0.34074074074074073,1.0,0.9407407407407408,0.23703703703703705,C-,A+,A,D+,tgtherapeuticsinc
FOXA,Fox Corp,Communication Services,Broadcasting,62.36,13.2774,1.5145,8.7906,2.326830942821749,-11.16,9.2,16.220000000000002,0.1807,10.27,0.5116602854159416,26.0562,-11.16,9.2,26.0562,0.5116602854159416,16.220000000000002,0.1807,10.27,65.72715572715573,57.971014492753625,61.785714285714285,66.81159420289856,50.0,61.83473924234794,0.7432432432432432,0.6081081081081081,0.6891891891891891,0.7297297297297297,B,B-,B-,B,foxcorp
SLM,SLM Corp,Financials,Consumer Finance,22.51,5.7084,1.90601,10.3748,1.8291890134893551,28.55,31.52147,31.16,0.2673951,8.58,0.27558139534883735,-27.8294,28.55,31.52147,-27.8294,0.27558139534883735,31.16,0.2673951,8.58,71.62035668538773,67.35222737127278,91.4572864321608,12.854899497487436,50.0,61.81083615313918,0.8284313725490197,0.8382352941176471,0.9166666666666666,0.10294117647058823,B+,B+,A-,D,slmcorp
VITL,Vital Farms Inc,Consumer Staples,Agricultural Products & Services,13.0,8.7861,0.7668,5.3908,1.6579306474856843,20.88,25.26,20.69,0.1164,20.0,0.029038112522686007,-63.6567,20.88,14.026499999999995,-53.069069999999996,0.029038112522686007,20.69,0.1164,20.0,84.10138248847926,86.20769666100736,67.20430107526882,8.516129032258064,50.0,61.7711860295901,0.9682539682539683,0.9206349206349206,0.7380952380952381,0.015873015873015872,A,A-,B,F,vitalfarmsinc
ILMN,Illumina Inc,Health Care,Life Sciences Tools & Services,139.37,24.7459,4.805,17.5367,7.830919123017969,4.22,1.29,33.989999999999995,0.19260000000000002,18.96,0.8021403470104936,78.9548,4.22,1.29,78.9548,0.8021403470104936,33.989999999999995,0.19260000000000002,18.96,47.295173961840625,35.38375000320877,77.44360902255639,92.42934923515685,50.0,61.74731559377237,0.4740740740740741,0.2518518518518518,0.8074074074074075,0.9555555555555556,C,D+,B+,A,illuminainc
ORCL,Oracle Corp,Information Technology,Application Software,180.29,32.2078,8.1478,28.5912,24.74573479555842,31.02,14.87,57.35,0.3056,11.77,0.21652853421738097,19.6112,31.02,14.87,19.6112,0.21652853421738097,57.35,0.3056,11.77,47.715342662046176,61.91363913694604,79.48945879076108,61.6217240682395,50.0,61.508273004238916,0.5359477124183006,0.6797385620915033,0.8366013071895425,0.5882352941176471,C+,B-,B+,C+,oraclecorp
PNC,PNC Financial Services Group Inc,Financials,Diversified Banks,218.04,12.1923,2.34179,14.6102,1.405065297774089,20.05,72.26733,11.98,0.345423,6.890000000000001,0.6795744154398118,31.7144,20.05,72.26733,31.7144,0.6795744154398118,11.98,0.345423,6.890000000000001,60.00344861562715,74.08582442239884,48.743718592964825,71.73173560108233,50.0,61.350303806844224,0.6176470588235294,0.8970588235294118,0.47549019607843135,0.7892156862745098,B-,B+,C,B,pncfinancialservicesgroupinc
BAC,Bank of America Corp,Financials,Diversified Banks,52.19,11.8223,2.32875,26.6305,1.2413097613707447,18.65,99.36713,10.5,0.3273721,3.08,0.6846131215063254,27.0757,18.65,85.8019475,27.0757,0.6846131215063254,10.5,0.3273721,3.08,65.99049167405656,81.1296407407103,40.20100502512563,67.71550057982218,50.0,61.31690243890204,0.7107843137254902,0.9558823529411765,0.39215686274509803,0.7352941176470589,B,A,C-,B,bankofamericacorp
ENS,EnerSys,Industrials,Electrical Components & Equipment,211.17,24.7572,2.0716,16.2068,4.319341206887382,-0.06,5.2,16.61,0.1161,10.14,0.972467119525943,132.6686,-0.06,5.2,132.6686,0.972467119525943,16.61,0.1161,10.14,54.92690547929919,50.2061595383363,54.679802955665025,94.19398675046713,50.0,61.28170636650174,0.5679611650485437,0.5145631067961165,0.558252427184466,0.9805825242718447,C+,C+,C+,A+,enersys
MNST,Monster Beverage Corp,Consumer Staples,Soft Drinks & Non-alcoholic Beverages,75.2,38.5582,8.8579,28.4447,8.91121960468313,30.46,10.7,25.650000000000002,0.2917,25.480000000000004,0.5841584158415843,25.229,30.46,10.7,25.229,0.5841584158415843,25.650000000000002,0.2917,25.480000000000004,11.674347158218131,89.86983588002263,83.87096774193549,71.89677419354838,50.0,61.239650739752605,0.015873015873015872,0.9682539682539683,0.8809523809523809,0.746031746031746,F,A,B+,B,monsterbeveragecorp
PHIN,Phinia Inc,Consumer Discretionary,Automotive Retail,74.23,21.4124,0.8027,9.0043,1.7734359694767374,85.63,1.91,8.21,0.0732,5.06,0.8311656441717793,77.1599,85.63,1.91,70.81763999999993,0.8311656441717793,8.21,0.0732,5.06,61.787822305063685,64.12816540948276,35.63218390804598,95.18318965517241,50.0,61.21727256620846,0.6891891891891891,0.6756756756756757,0.3108108108108108,0.9797297297297297,B-,B-,C-,A+,phiniainc
ENSG,Ensign Group Inc,Health Care,Health Care Facilities,182.03,31.2609,2.126,19.1208,4.737687296501717,14.27,18.72,16.59,0.08410000000000001,15.509999999999998,0.5999777580071174,37.568,14.27,18.72,37.568,0.5999777580071174,16.59,0.08410000000000001,15.509999999999998,50.44893378226712,68.99824672640973,58.1453634085213,76.26134301270417,50.0,61.20049224551989,0.5185185185185185,0.7703703703703704,0.5925925925925926,0.8,C+,B,C+,B,ensigngroupinc
MMS,Maximus Inc,Industrials,Data Processing & Outsourced Services,64.54,9.4467,0.6536,7.28,2.112927357072938,41.59,-0.15,21.759999999999998,0.1094,11.540000000000001,0.09656050955414029,-3.4988,41.59,-0.15,-3.4988,0.09656050955414029,21.759999999999998,0.1094,11.540000000000001,93.17518771820748,54.339926325794046,60.426929392446645,34.59264873057976,50.0,61.187044288938296,0.9805825242718447,0.5825242718446602,0.6310679611650486,0.3300970873786408,A+,C+,B-,C-,maximusinc
EBAY,eBay Inc,Consumer Discretionary,Broadline Retail,109.33,23.8396,4.362,23.1626,10.636869551681196,9.32,7.95,42.68,0.2051,17.65,0.9533029612756265,59.3732,9.32,7.95,59.3732,0.8741158750827804,42.68,0.2051,17.65,21.498912705809257,64.51185344827587,80.57471264367815,88.66206896551725,50.0,61.153190820130476,0.14189189189189189,0.6824324324324325,0.8851351351351351,0.918918918918919,D,B-,B+,A-,ebayinc
CI,Cigna Group,Health Care,Health Care Services,279.35,12.3297,0.2672,8.875,1.764406424245793,80.88,11.24,14.530000000000001,0.0335,8.200000000000001,0.3605756177029598,-16.5497,80.88,11.24,-16.5497,0.3605756177029598,14.530000000000001,0.0335,8.200000000000001,93.2716049382716,73.62585071328661,45.363408521303256,33.80292837356549,50.0,61.14450918226413,0.9851851851851852,0.8518518518518519,0.42962962962962964,0.3111111111111111,A+,B+,C,C-,cignagroup
SEIC,SEI Investments Co,Financials,Asset Management & Custody Banks,91.27,14.8501,4.6294,12.5388,4.557643428194769,27.6,9.37,30.64,0.31829999999999997,30.54,0.8575211864406781,14.1018,27.6,9.37,14.1018,0.8575211864406781,30.64,0.31829999999999997,27.17999999999999,29.571879002857425,62.86202838809814,90.95477386934674,67.11557788944722,50.0,61.12718447356012,0.25,0.75,0.9117647058823529,0.7205882352941176,D+,B,A-,B,seiinvestmentsco
R,Ryder System Inc,Industrials,Cargo Ground Transportation,232.97,18.2588,0.7124,5.946,3.00885595797908,4.84,-0.07,16.36,0.0795,4.6,0.7816824624674997,60.9909,4.84,-0.07,60.9909,0.7816824624674997,16.36,0.0795,4.6,88.98719849506593,48.88083645719634,36.1247947454844,75.20419513745432,50.0,61.09500462906772,0.9563106796116505,0.46116504854368934,0.3106796116504854,0.7815533980582524,A,C,C-,B,rydersysteminc
VZ,Verizon Communications Inc,Communication Services,Integrated Telecommunication Services,47.57,11.5767,1.4427,7.6757,1.9204605552662284,-2.49,2.85,16.68,0.2109,6.67,0.690744920993228,8.7563,-2.49,2.85,8.7563,0.690744920993228,16.68,0.2109,6.67,70.75933075933075,49.35064935064935,61.164021164021165,66.06060606060606,50.0,61.06308906308906,0.8648648648648649,0.43243243243243246,0.5945945945945946,0.7027027027027027,B+,C,C+,B,verizoncommunicationsinc
AMZN,Amazon.com Inc,Consumer Discretionary,Broadline Retail,272.05,32.1664,3.9321,16.3169,7.101964950934964,36.46,14.22,23.34,0.115,18.98,0.9560975609756096,43.1993,36.46,14.22,43.1993,0.8741158750827804,23.34,0.115,18.98,22.24448586517552,85.09698275862068,67.81609195402298,82.62068965517241,50.0,61.058678937558255,0.16216216216216217,0.9054054054054054,0.6891891891891891,0.8513513513513513,D,A-,B-,B+,amazoncominc
CMCSA,Comcast Corp,Communication Services,Cable & Satellite,27.07,5.1406,0.7713,3.9971,1.0068512002618484,24.85,1.39,19.830000000000002,0.15289999999999998,9.719999999999999,0.2882944583594239,-16.1483,24.85,1.39,-16.1483,0.2882944583594239,19.830000000000002,0.15289999999999998,9.719999999999999,91.84041184041185,60.98249576510446,61.402116402116405,27.5713658322354,50.0,61.02140438010004,0.972972972972973,0.6486486486486487,0.6216216216216216,0.16216216216216217,A+,B-,B-,D,comcastcorp
META,Meta Platforms Inc,Communication Services,Interactive Media & Services,610.41,21.7836,7.1531,14.2913,7.108801073290259,7.49,26.18,33.22,0.4121,27.51,0.3266422696474509,2.2428,7.49,22.091999999999985,2.2428,0.3266422696474509,33.22,0.4121,27.51,34.95495495495495,78.06122448979592,90.52910052910052,44.97732426303855,50.0,60.97872362158076,0.35135135135135137,0.8918918918918919,0.8918918918918919,0.43243243243243246,C-,B+,B+,C,metaplatformsinc
IIIN,Insteel Industries Inc,Industrials,Building Products,25.73,11.8742,0.7318,6.7632,1.3449094159340143,88.38,20.94,11.72,0.0784,11.72,0.07981492192018502,-26.5277,88.38,20.94,-26.5277,0.07981492192018502,11.72,0.0784,11.72,91.23822277488163,94.29706641239451,43.5960591133005,17.0491409347591,50.0,60.977811941476254,0.970873786407767,0.9854368932038835,0.39805825242718446,0.11650485436893204,A+,A+,C-,D,insteelindustriesinc
ANET,Arista Networks Inc,Information Technology,Communications Equipment,172.62,62.2054,24.2544,53.5975,17.53341729980092,23.67,28.6,31.009999999999998,0.4282,31.009999999999998,0.9259793814432989,89.6506,23.67,28.6,89.6506,0.9259793814432989,31.009999999999998,0.4282,31.009999999999998,24.876080185989384,77.9853825247358,87.94316784449678,60.75280382831829,50.0,60.952449278232365,0.1895424836601307,0.8758169934640523,0.9084967320261438,0.5686274509803921,D,B+,A-,C+,aristanetworksinc
NTAP,NetApp Inc,Information Technology,"Technology Hardware, Storage & Peripherals",110.94,18.1293,3.2751,14.0664,21.441410100307298,10.76,3.09,116.57,0.22210000000000002,32.64,0.5608938547486033,20.156,10.76,3.09,20.156,0.5608938547486033,109.87799999999994,0.22210000000000002,32.64,75.85354798145954,34.68299236298016,87.03423855875076,41.32326516099128,50.0,60.92319813984686,0.8104575163398693,0.2222222222222222,0.8954248366013072,0.35294117647058826,B+,D+,B+,C-,netappinc
PPC,Pilgrims Pride Corp,Consumer Staples,Packaged Foods & Meats,30.59,6.7022,0.3922,4.6778,1.9745802645253328,-0.63,3.46,30.72,0.0872,16.28,0.014876033057851297,-33.7018,-0.63,3.46,-33.7018,0.01837744240091733,30.72,0.0872,16.28,93.63372589179039,61.440742221726936,67.20430107526882,16.931124673060157,50.0,60.883880120722225,1.0,0.6507936507936508,0.7380952380952381,0.12698412698412698,A+,B-,B,D,pilgrimspridecorp
KO,Coca-Cola Co,Consumer Staples,Soft Drinks & Non-alcoholic Beverages,78.19,24.5931,6.8369,23.4198,10.456423766666221,27.18,5.11,43.62,0.30010000000000003,17.57,0.7711189340510144,9.1277,27.18,5.11,9.1277,0.7711189340510144,43.62,0.30010000000000003,17.57,22.836661546338963,76.34521788341823,84.40860215053763,69.00645161290322,50.0,60.88164982348344,0.14285714285714285,0.8095238095238095,0.9047619047619048,0.6825396825396826,D,B+,A-,B-,cocacolaco
EXPD,Expeditors International of Washington Inc,Industrials,Air Freight & Logistics,139.71,22.7974,1.6689,15.3878,7.940504472963296,3.93,4.42,35.55,0.0951,35.55,0.5509070109495017,24.0874,3.93,4.42,24.0874,0.5509070109495017,35.55,0.0951,26.983999999999988,61.74932644634686,54.2491924412501,75.53366174055829,53.481773399014784,50.0,60.86694021477927,0.6990291262135923,0.5728155339805825,0.8058252427184466,0.5194174757281553,B-,C+,B+,C+,expeditorsinternationalofwashingtoninc
MWA,Mueller Water Products Inc,Industrials,Industrial Machinery & Supplies & Components,27.23,21.2954,2.9444,13.6527,4.3362634562711,45.37,5.94,21.0,0.187,14.24,0.543583535108959,0.0735,45.37,5.94,0.0735,0.543583535108959,21.0,0.187,14.24,59.2153299217243,80.94785294580089,72.08538587848932,33.86875439831105,50.0,60.78850041887579,0.6650485436893204,0.9077669902912622,0.7621359223300971,0.32524271844660196,B-,A-,B,C-,muellerwaterproductsinc
PLTR,Palantir Technologies Inc,Information Technology,Application Software,146.03,214.9227,78.0383,234.4467,47.11557075563012,234.64,56.18,25.66,0.3159,25.66,0.3983360061996147,17.5008,234.64,48.17399999999999,17.5008,0.3983360061996147,25.66,0.3159,25.66,9.63869514994663,95.39976892574542,82.61848674755916,68.07479074541678,50.0,60.75920740860889,0.032679738562091505,0.9934640522875817,0.869281045751634,0.6862745098039216,F,A+,B+,B-,palantirtechnologiesinc
GRBK,Green Brick Partners Inc,Consumer Discretionary,Homebuilding,64.7,9.0565,1.3518,6.9066,1.503755903462125,-16.14,-0.02,17.7,0.19510000000000002,14.729999999999999,0.3255371452022769,7.4572,-16.14,-0.02,7.4572,0.3255371452022769,17.7,0.19510000000000002,14.729999999999999,74.24510717614167,45.80340038314176,68.04597701149424,55.03831417624521,50.0,60.74111395878638,0.8175675675675675,0.41216216216216217,0.6993243243243243,0.5337837837837838,B+,C,B-,C+,greenbrickpartnersinc
QLYS,Qualys Inc,Information Technology,Systems Software,92.49,16.1668,4.7916,12.4992,5.889057266927299,16.99,10.13,37.830000000000005,0.3317,37.830000000000005,0.22208498023715403,-27.7422,16.99,10.13,-27.7422,0.22208498023715403,37.830000000000005,0.3317,37.830000000000005,73.28595867877353,46.28151558291887,87.75501133383705,30.979006474361825,50.0,60.71234691460879,0.7908496732026143,0.41830065359477125,0.9019607843137255,0.26143790849673204,B,C,A-,D+,qualysinc
CVNA,Carvana Co,Consumer Discretionary,Automotive Retail,376.55,58.7083,4.0647,47.0471,23.892918102272223,420.71,48.63,62.849999999999994,0.09179999999999999,18.38,0.5324598063314112,46.4605,202.9259999999997,22.80199999999999,46.4605,0.5324598063314112,62.849999999999994,0.09179999999999999,18.38,11.06865486175831,98.51326778017241,72.18390804597702,75.47413793103449,50.0,60.61062186917521,0.033783783783783786,1.0,0.7702702702702703,0.7837837837837838,F,A+,B,B,carvanaco
PTCT,PTC Therapeutics Inc,Health Care,Pharmaceuticals,65.49,7.7854,3.0709,7.8317,3089.150943396226,,114.51,-351.90999999999997,0.5009,-39.77,0.5730358874878757,31.1111,,51.019999999999925,31.1111,0.5730358874878757,-41.448,0.4229799999999998,-23.244,80.46015712682379,74.4360902255639,34.58646616541353,59.66165413533835,50.0,60.581204695239784,0.8888888888888888,0.8666666666666667,0.28888888888888886,0.6148148148148148,B+,B+,D+,B-,ptctherapeuticsinc
AVGO,Broadcom Inc,Information Technology,Semiconductors,416.5,78.968,28.8801,66.0059,24.290529900971624,147.22,25.22,32.85,0.4077,17.630000000000003,0.9451086257873763,104.5276,147.22,25.22,104.5276,0.9451086257873763,32.85,0.4077,17.630000000000003,20.248278282230117,82.42209140404904,84.59338933582234,64.35398942900864,50.0,60.56563307112465,0.1503267973856209,0.9150326797385621,0.8758169934640523,0.6013071895424836,D,A-,B+,B-,broadcominc
PBI,Pitney Bowes Inc,Industrials,Office Services & Supplies,15.26,15.1378,1.1573,9.6128,43.787661406025826,58.9,-28.29,5.27,0.1553,0.13,0.9033613445378151,68.8053,58.9,-9.751999999999999,68.8053,0.9033613445378151,5.27,0.1553,0.13,81.63390565466227,49.12544493381124,31.198686371100163,87.64683592269799,50.0,60.56260417774246,0.883495145631068,0.470873786407767,0.24271844660194175,0.9223300970873787,B+,C,D+,A-,pitneybowesinc
GEO,Geo Group Inc,Industrials,Environmental & Facilities Services,18.58,9.6933,0.9372,6.5387,1.6810828417357313,354.95,8.55,17.68,0.0947,8.25,0.31001021450459637,-41.3325,107.05100000000004,8.55,-37.221889999999995,0.31001021450459637,17.68,0.0947,8.25,89.78669472475967,84.81847232957625,49.09688013136289,19.27867698803659,50.0,60.54032357755321,0.9660194174757282,0.941747572815534,0.4878640776699029,0.13592233009708737,A,A,C,D,geogroupinc
SKYW,SkyWest Inc,Industrials,Passenger Airlines,81.37,7.6172,0.7935,5.1063,1.1812938339568626,19.39,12.26,16.0,0.1461,8.42,0.031178880291306433,-13.2608,19.39,12.26,-13.2608,0.031178880291306433,16.0,0.1461,8.42,93.52511677587005,77.09613708449014,54.1871921182266,15.709189740105314,50.0,60.48914258844325,0.9902912621359223,0.8640776699029126,0.5509708737864077,0.10194174757281553,A+,B+,C+,D,skywestinc
ROST,Ross Stores Inc,Consumer Discretionary,Apparel Retail,226.02,33.8526,3.1918,21.6177,11.774450661082113,4.7,7.67,36.7,0.11900000000000001,29.14,0.9582822085889572,60.8798,4.7,7.67,60.8798,0.8741158750827804,36.7,0.11900000000000001,29.14,19.931655793724758,63.839551129607614,75.86206896551725,93.84066587395958,50.0,60.484474590523945,0.11486486486486487,0.6621621621621622,0.8040540540540541,0.972972972972973,D,B-,B+,A+,rossstoresinc
CSCO,Cisco Systems Inc,Information Technology,Communications Equipment,92.63,33.0335,6.1957,27.1683,7.830754924338489,21.66,9.0,23.64,0.2275,14.63,0.9863847045191194,56.1267,21.66,9.0,56.1267,0.9822097484633927,23.64,0.2275,14.63,51.236273778713574,54.00133118864052,74.50182971095012,65.92328547935463,50.0,60.41944920601495,0.5620915032679739,0.5882352941176471,0.7647058823529411,0.6601307189542484,C+,C+,B,B-,ciscosystemsinc
ADBE,Adobe Inc,Information Technology,Application Software,253.96,14.059,4.1442,10.8305,9.146306327071569,13.16,10.96,62.31,0.3665,40.56,0.150035207725581,-33.3211,13.16,10.96,-33.3211,0.150035207725581,62.31,0.3665,40.56,78.32609553888669,43.52078569432686,90.65439945479058,22.340850369031077,50.0,60.4174509610909,0.8300653594771242,0.37254901960784315,0.9411764705882353,0.12418300653594772,B+,C-,A,D,adobeinc
YELP,Yelp Inc,Communication Services,Interactive Media & Services,28.67,10.8543,1.0788,5.683,2.418062513705447,18.34,3.75,19.96,0.126,19.96,0.4195189639222942,-18.5048,18.34,3.75,-18.5048,0.4195189639222942,19.96,0.126,19.96,83.57786357786358,61.3095238095238,66.26984126984127,28.458049886621318,50.0,60.41544095115523,0.918918918918919,0.6756756756756757,0.7837837837837838,0.1891891891891892,A-,B-,B,D,yelpinc
PLAB,Photronics Inc,Information Technology,Semiconductor Materials & Equipment,49.48,21.4754,3.3996,8.3142,2.4298854300180226,-0.73,-0.06,11.84,0.2445,11.84,0.9085635359116021,157.4402,-0.73,-0.06,157.4402,0.9085635359116021,11.84,0.2445,11.84,77.73683671828165,33.557352859608535,64.53323851430434,65.61701976670486,50.0,60.40239333340918,0.8169934640522876,0.20261437908496732,0.6797385620915033,0.6470588235294118,B+,D+,B-,B-,photronicsinc
PRGS,Progress Software Corp,Information Technology,Systems Software,29.33,14.5988,1.2565,9.0976,2.595804938490132,53.68,22.42,17.82,0.16940000000000002,4.52,0.1321976967370441,-52.0281,53.68,22.42,-45.042,0.1321976967370441,17.82,0.16940000000000002,4.52,90.79703469754793,85.86002387100618,52.729750951894154,11.740062521297244,50.0,60.40171369082121,0.9607843137254902,0.9477124183006536,0.5555555555555556,0.05228758169934641,A,A,C+,D-,progresssoftwarecorp
CFG,Citizens Financial Group Inc,Financials,Regional Banks,63.56,13.7289,1.48499,12.885,1.0366919804796577,31.85,62.72879,7.630000000000001,0.31448550000000003,5.47,0.8307990941442898,64.4502,31.85,62.72879,64.4502,0.8307990941442898,7.630000000000001,0.31448550000000003,5.47,67.6643019016652,76.01709572932654,20.85427135678392,90.18914798712663,50.0,60.37089205790292,0.7352941176470589,0.9117647058823529,0.2034313725490196,0.9362745098039216,B,A-,D+,A,citizensfinancialgroupinc
TGT,Target Corp,Consumer Staples,Consumer Staples Merchandise Retail,127.76,15.5713,0.5506,8.7688,3.5790222680400823,-8.21,-1.68,23.89,0.048799999999999996,11.68,0.8924687877567461,31.2108,-8.21,-1.68,31.2108,0.8924687877567461,23.89,0.048799999999999996,11.68,79.28827444956477,29.911627704496972,53.76344086021506,80.19851116625311,50.0,60.28495660159498,0.9047619047619048,0.19047619047619047,0.5079365079365079,0.7936507936507936,A-,D,C+,B,targetcorp
ANDE,Andersons Inc,Consumer Staples,Food Distributors,79.42,28.189,0.2451,11.0327,2.1591378672872397,-16.73,-2.21,7.4399999999999995,1.0,4.55,0.9926153846153847,110.0503,-16.73,-2.21,85.765165,0.9843820799619225,7.4399999999999995,0.42225999999999975,4.55,70.21676053934118,26.308998302207133,51.344086021505376,98.06451612903227,50.0,60.26491452645952,0.7777777777777778,0.12698412698412698,0.47619047619047616,0.9920634920634921,B,D,C,A+,andersonsinc
NWN,Northwest Natural Holding Co,Utilities,Gas Utilities,52.85,19.6254,1.7248,10.8247,1.489168657860331,37.23,11.83,7.779999999999999,0.21789999999999998,2.91,0.8140911782119598,22.338,37.23,11.83,22.338,0.8140911782119598,7.779999999999999,0.21789999999999998,2.91,76.95823483057525,74.78488589599701,27.407407407407405,70.94650205761316,50.0,60.2376881502177,0.8297872340425532,0.851063829787234,0.19148936170212766,0.7659574468085106,B+,B+,D,B,northwestnaturalholdingco
BR,Broadridge Financial Solutions Inc,Industrials,Data Processing & Outsourced Services,153.85,16.6821,2.4799,12.8557,6.785364605844631,41.38,7.44,40.46,0.1725,18.02,0.03906885886374721,-33.9444,41.38,7.44,-33.9444,0.03906885886374721,40.46,0.1725,18.02,65.70695234906817,73.80569722344737,83.57963875205253,15.759757483895413,50.0,60.23473871674873,0.7572815533980582,0.8106796116504854,0.8932038834951457,0.10679611650485436,B,B+,B+,D,broadridgefinancialsolutionsinc
GDDY,GoDaddy Inc,Information Technology,Internet Services & Infrastructure,88.28,13.5301,2.3434,10.6352,55.2994237033325,21.35,7.83,366.9,0.2373,21.65,0.12960294833934513,-49.9177,21.35,7.83,-45.042,0.12960294833934513,109.87799999999994,0.2373,21.65,86.83452501060081,49.89108537384925,86.3512452405292,9.111687015149391,50.0,60.09699704058223,0.8954248366013072,0.46405228758169936,0.8823529411764706,0.026143790849673203,B+,C,B+,F,godaddyinc
AMGN,Amgen Inc,Health Care,Biotechnology,323.85,22.4724,4.7094,14.7046,20.153712116497605,31.27,9.07,89.41,0.28800000000000003,12.11,0.48067149237640544,15.159,31.27,9.07,15.159,0.48067149237640544,89.41,0.28800000000000003,12.11,55.555555555555564,55.43061449002043,82.20551378446113,47.77610693400167,50.0,60.08161161980859,0.6222222222222222,0.6296296296296297,0.8592592592592593,0.45185185185185184,B-,B-,B+,C,amgeninc
CRUS,Cirrus Logic Inc,Information Technology,Semiconductors,164.17,20.7291,4.2425,15.0113,4.403607218729212,38.36,7.04,20.13,0.2311,20.13,0.8625895447279615,67.1792,38.36,7.04,67.1792,0.8625895447279615,20.13,0.2311,20.13,69.30005410068577,54.19605090571709,76.39895106449175,38.91625115311247,50.0,60.04721170306029,0.7450980392156863,0.6013071895424836,0.7973856209150327,0.3137254901960784,B,B-,B,C-,cirruslogicinc
NBIX,Neurocrine Biosciences Inc,Health Care,Biotechnology,134.07,28.1378,4.7078,19.7702,4.125421173284921,41.66,21.45,16.669999999999998,0.2164,16.669999999999998,0.4999999999999999,22.2374,41.66,21.45,22.2374,0.4999999999999999,16.669999999999998,0.2164,16.669999999999998,42.0314253647587,75.95486240353358,72.68170426065163,55.492063492063494,50.0,59.967667585472,0.3925925925925926,0.8814814814814815,0.7703703703703704,0.562962962962963,C-,B+,B,C+,neurocrinebiosciencesinc
UNP,Union Pacific Corp,Industrials,Rail Transportation,263.41,21.6981,6.3364,14.3183,8.460742872560484,9.44,1.87,40.38,0.4021,14.530000000000001,0.822048475371384,20.6698,9.44,1.87,20.6698,0.822048475371384,40.38,0.29964999999999986,14.530000000000001,47.54571396687231,51.0696057123663,86.61740558292281,55.750696080531156,50.0,59.90484024602828,0.47572815533980584,0.529126213592233,0.9368932038834952,0.5728155339805825,C,C+,A,C+,unionpacificcorp
IBP,Installed Building Products Inc,Consumer Discretionary,Homebuilding,277.02,28.6679,2.5611,19.0318,10.526395786705779,6.83,1.0,39.12,0.1301,16.96,0.6367746721232886,62.0758,6.83,1.0,62.0758,0.6367746721232886,39.12,0.1301,16.96,26.036036036036034,61.32662835249042,71.95402298850576,90.6896551724138,50.0,59.90077146111629,0.21621621621621623,0.6418918918918919,0.7635135135135135,0.9391891891891891,D+,B-,B,A,installedbuildingproductsinc
BRC,Brady Corp,Industrials,Commercial Printing,80.12,18.5371,2.4112,12.312,3.1631476714621862,6.41,10.47,16.6,0.1635,15.36,0.428337061894109,11.4946,6.41,10.47,11.4946,0.428337061894109,16.6,0.1635,15.36,66.20673713074115,65.13781695078634,66.66666666666667,42.95097349284542,50.0,59.83610903807831,0.7621359223300971,0.7087378640776699,0.6966019417475728,0.38349514563106796,B,B,B-,C-,bradycorp
TRMK,Trustmark Corp,Financials,Regional Banks,44.34,11.6885,1.83041,10.9268,1.2332733477780777,2.02,75.48011,10.77,0.133748,7.3999999999999995,0.870180959874115,31.7782,2.02,75.48011,31.7782,0.870180959874115,10.77,0.133748,7.3999999999999995,67.47955463592473,54.185983247638475,42.71356783919598,82.24944949466433,50.0,59.83536716724074,0.7303921568627451,0.5392156862745098,0.4166666666666667,0.8529411764705882,B,C+,C,B+,trustmarkcorp
MLM,Martin Marietta Materials Inc,Materials,Construction Materials,603.29,14.3367,5.5439,19.3497,3.6268202785477808,141.46,-1.28,25.069999999999997,0.2237,16.35,0.4123714153182894,12.5961,141.46,-1.28,12.5961,0.4123714153182894,25.069999999999997,0.2237,15.903999999999998,42.85714285714286,60.95439383482862,93.38624338624338,42.88359788359787,50.0,59.82844490453186,0.42857142857142855,0.6825396825396826,0.9841269841269841,0.3968253968253968,C,B-,A+,C-,martinmariettamaterialsinc
VMI,Valmont Industries Inc,Industrials,Industrial Machinery & Supplies & Components,507.08,26.5503,2.3658,19.9589,5.918273023935462,9.37,2.4,23.06,0.10640000000000001,15.65,0.967710394598999,64.9416,9.37,2.4,64.9416,0.967710394598999,23.06,0.10640000000000001,15.65,46.11969327402873,48.146556984516124,65.8456486042693,86.0045742434905,50.0,59.82156171517583,0.4563106796116505,0.4320388349514563,0.6796116504854369,0.8932038834951457,C,C,B-,B+,valmontindustriesinc
JBHT,J B Hunt Transport Services Inc,Industrials,Cargo Ground Transportation,238.34,36.2072,1.8563,14.8136,6.3240456486033985,17.3,0.58,17.299999999999997,0.0736,12.15,0.858480088846581,78.4383,17.3,0.58,78.4383,0.858480088846581,17.299999999999997,0.0736,12.15,51.09123662856504,62.103482141229,49.343185550082104,86.34991260130303,50.0,59.7992844931682,0.5242718446601942,0.6699029126213593,0.49514563106796117,0.8980582524271845,C+,B-,C,B+,jbhunttransportservicesinc
PAYC,Paycom Software Inc,Industrials,Human Resource & Employment Services,132.23,14.0943,3.1147,8.4013,4.184930704788791,-9.26,8.95,26.06,0.2938,26.06,0.1678128453886773,-41.8437,-9.26,8.95,-37.221889999999995,0.1678128453886773,26.06,0.2938,26.06,71.9562548822676,53.55319933774266,88.66995073891626,19.46164672765658,50.0,59.75952061837581,0.8106796116504854,0.5631067961165048,0.9611650485436893,0.1407766990291262,B+,C+,A,D,paycomsoftwareinc
YUM,Yum! Brands Inc,Consumer Discretionary,Restaurants,154.4,28.2523,5.3629,19.8728,71.18487782388198,6.52,8.8,117.63999999999999,0.3134,26.46,0.5324391765439802,3.5269,6.52,8.8,3.5269,0.5324391765439802,117.63999999999999,0.26942,26.46,19.945635290462874,68.64224137931035,92.52873563218391,64.55172413793105,50.0,59.757385834109975,0.12162162162162163,0.75,1.0,0.6351351351351351,D,B,A+,B-,yumbrandsinc
INSW,International Seaways Inc,Energy,Oil & Gas Storage & Transportation,84.89,13.5887,4.9833,9.182,2.0759104881287462,-25.79,-11.38,16.02,0.4092,12.1,0.9802523841633753,143.1681,-25.79,-11.38,143.1681,0.9802523841633753,16.02,0.4092,12.1,44.11833216864664,21.167793820272976,84.9056603773585,91.29380053908355,50.0,59.748317008372595,0.37037037037037035,0.09259259259259259,0.9259259259259259,0.9814814814814815,C-,D-,A-,A+,internationalseawaysinc
KTB,Kontoor Brands Inc,Consumer Discretionary,"Apparel, Accessories & Luxury Goods",69.31,16.8372,1.2148,12.287,6.7779538031254285,-6.73,20.9,45.050000000000004,0.10679999999999999,13.77,0.4711509715994022,9.3218,-6.73,20.9,9.3218,0.4711509715994022,45.050000000000004,0.10679999999999999,13.77,53.01025163094129,71.90998010610079,67.1264367816092,51.16710875331565,50.0,59.649589875020915,0.5540540540540541,0.7905405405405406,0.6790540540540541,0.5,C+,B,B-,C,kontoorbrandsinc
CPF,Central Pacific Financial Corp,Financials,Regional Banks,33.74,11.3629,1.82951,8.8433,1.5017180295180617,45.7,22.86278,13.43,0.3274692,11.57,0.8341608738828208,28.8719,45.7,22.86278,28.8719,0.8341608738828208,13.43,0.3274692,11.57,63.140457187900296,51.87450700857896,55.27638190954774,73.32166450228671,50.0,59.64344407653515,0.6666666666666666,0.5098039215686274,0.5637254901960784,0.7941176470588235,B-,C+,C+,B,centralpacificfinancialcorp
COLB,Columbia Banking System Inc,Financials,Regional Banks,29.07,11.375,2.74981,8.2943,1.0953979719876556,19.29,230.0598,10.36,0.2585466,9.54,0.6635773864689526,22.71,19.29,85.8019475,22.71,0.6635773864689526,10.36,0.2585466,9.54,74.95566065622228,79.5186368715269,38.69346733668342,51.57472757043645,50.0,59.630954886619094,0.8676470588235294,0.946078431372549,0.37745098039215685,0.5392156862745098,B+,A,C-,C+,columbiabankingsysteminc
PRI,Primerica Inc,Financials,Life & Health Insurance,270.61,11.2844,2.5753,9.3257,3.5193975887945275,28.59,5.9,32.29,0.30329999999999996,18.05,0.6993441491197796,1.7254,28.59,5.9,1.7254,0.6993441491197796,32.29,0.30329999999999996,18.05,46.54522613065327,60.198653211058755,91.95979899497488,39.61139028475712,50.0,59.588264980570216,0.43137254901960786,0.7009803921568627,0.9215686274509803,0.38235294117647056,C,B,A-,C-,primericainc
ACAD,ACADIA Pharmaceuticals Inc,Health Care,Pharmaceuticals,22.19,9.557,4.5174,26.9968,3.0790364655603044,117.79,-13.64,41.9,0.10339999999999999,41.9,0.5568345323741007,48.8263,117.79,-7.193999999999999,48.8263,0.5568345323741007,41.9,0.10339999999999999,29.947999999999997,53.06397306397306,43.47288394252959,75.68922305764411,68.49248120300751,50.0,59.58137205951171,0.5555555555555556,0.4,0.7925925925925926,0.7111111111111111,C+,C-,B,B,acadiapharmaceuticalsinc
WS,Worthington Steel Inc,Materials,Steel,38.06,16.3654,0.595,9.1705,1.7557294165405763,12.12,5.55,11.01,0.0417,9.25,0.5546201643615956,43.2982,12.12,5.55,43.2982,0.5546201643615956,11.01,0.0417,9.25,81.48148148148148,57.67445947355992,49.470899470899475,51.31910235358511,50.0,59.536807603524245,0.8888888888888888,0.6190476190476191,0.4603174603174603,0.47619047619047616,B+,B-,C,C,worthingtonsteelinc
AAMI,Acadian Asset Management Inc,Financials,Asset Management & Custody Banks,67.55,30.1632,4.2808,17.1056,39.782096584216724,-1.05,11.49,285.59999999999997,0.23190000000000002,24.33,0.9454310243443489,142.6365,-1.05,11.49,65.34807,0.9454310243443489,45.141999999999946,0.23190000000000002,24.33,7.855453739284663,44.206667097811845,97.73869346733667,96.36557788944724,50.0,59.51298579910715,0.03431372549019608,0.39215686274509803,0.9779411764705882,0.9852941176470589,F,C-,A+,A+,acadianassetmanagementinc
ORI,Old Republic International Corp,Financials,Property & Casualty Insurance,38.49,9.1871,1.0032,8.3886,1.6033491627093228,32.73,12.35,16.7,0.1373,13.25,0.25896057347670265,0.9177,32.73,12.35,0.9177,0.25896057347670265,16.7,0.1373,13.25,69.72115479357572,59.59613809277235,72.8643216080402,34.678520809174074,50.0,59.501300880793266,0.7696078431372549,0.6862745098039216,0.7352941176470589,0.31862745098039214,B,B-,B,C-,oldrepublicinternationalcorp
BURL,Burlington Stores Inc,Consumer Discretionary,Apparel Retail,309.27,31.7249,1.6735,15.6284,10.732653613642515,22.08,8.76,39.79,0.0722,17.5,0.680642016050401,31.0466,22.08,8.76,31.0466,0.680642016050401,39.79,0.0722,17.5,31.492699596147872,80.45109988109394,64.13793103448276,72.41379310344828,50.0,59.4806362545661,0.25675675675675674,0.8648648648648649,0.6452702702702703,0.7162162162162162,D+,B+,B-,B,burlingtonstoresinc
RAMP,Liveramp Holdings Inc,Information Technology,Application Software,30.31,27.8207,2.405,20.3534,2.089609861359108,352633.33,9.18,7.23,0.0712,7.23,0.6375092661230538,14.2911,241.37,9.18,14.2911,0.6375092661230538,7.23,0.0712,7.23,69.40679329151497,64.84578095876978,38.9869179370935,71.4090269840085,50.0,59.349389395707774,0.7516339869281046,0.7058823529411765,0.3660130718954248,0.7124183006535948,B,B,C-,B,liverampholdingsinc
CINF,Cincinnati Financial Corp,Financials,Property & Casualty Insurance,159.57,10.3148,1.9542,11.1578,1.5584925488878514,4.45,11.41,16.13,0.1575,15.290000000000001,0.5650887573964494,11.1366,4.45,11.41,11.1366,0.5650887573964494,16.13,0.1575,15.290000000000001,66.29594048674747,40.241533584839495,68.34170854271356,63.09238500193274,50.0,59.32619597471971,0.7254901960784313,0.3382352941176471,0.6911764705882353,0.6813725490196079,B,C-,B-,B-,cincinnatifinancialcorp
VNT,Vontier Corp,Information Technology,Electronic Equipment & Instruments,34.79,12.1307,1.6017,10.1705,3.9761817683094085,0.48,3.24,34.02,0.1837,12.35,0.14748887476160202,4.5059,0.48,3.24,4.5059,0.14748887476160202,34.02,0.1837,12.35,89.24273661739117,33.97402750765344,72.63137620931302,35.13534472499853,50.0,59.29040265320644,0.9281045751633987,0.20915032679738563,0.7320261437908496,0.3006535947712418,A-,D+,B,C-,vontiercorp
COKE,Coca-Cola Consolidated Inc,Consumer Staples,Soft Drinks & Non-alcoholic Beverages,209.77,24.4718,1.9318,16.295,11.562034944606735,-86.84,4.76,39.61,0.1133,18.35,0.9136665501572877,83.2052,-62.395999999999994,4.76,83.2052,0.9136665501572877,39.61,0.1133,18.35,40.41645331967913,36.500282965478206,73.65591397849464,92.25806451612904,50.0,59.26976132086489,0.3968253968253968,0.30158730158730157,0.7936507936507936,0.9365079365079365,C-,C-,B,A,cocacolaconsolidatedinc
CXW,CoreCivic Inc,Industrials,Diversified Support Services,20.15,17.1032,0.9011,8.9443,1.4346436174378618,75.96,12.72,8.0,0.0989,4.62,0.5653846153846153,-11.9703,75.96,12.72,-11.9703,0.5653846153846153,8.0,0.0989,4.62,83.42818881821226,87.26156899122526,31.034482758620687,40.92892329345531,50.0,59.25376635114436,0.9029126213592233,0.9611650485436893,0.23786407766990292,0.36893203883495146,A-,A,D+,C-,corecivicinc
PBF,PBF Energy Inc,Energy,Oil & Gas Refining & Marketing,45.53,11.756,0.1721,5.2444,1.0008727135235425,,-4.33,8.35,0.025099999999999997,5.6899999999999995,0.8137776533183982,159.7262,,-4.33,143.4819,0.8137776533183982,8.35,0.025099999999999997,5.6899999999999995,88.80736081993945,46.13906359189378,32.70440251572327,73.10971348707197,50.0,59.227696249708835,0.9814814814814815,0.42592592592592593,0.28703703703703703,0.7222222222222222,A+,C,D+,B,pbfenergyinc
OSIS,OSI Systems Inc,Information Technology,Electronic Equipment & Instruments,282.87,30.2808,2.579,20.2104,4.994967420670657,13.33,8.96,16.91,0.12300000000000001,9.28,0.7321590197034045,25.7983,13.33,8.96,25.7983,0.7321590197034045,16.91,0.12300000000000001,9.28,67.01612785308008,58.60110681894224,55.26467843015246,59.64870481698828,50.0,59.22016389799424,0.7320261437908496,0.6470588235294118,0.5816993464052288,0.5620915032679739,B,B-,C+,C+,osisystemsinc
OSK,Oshkosh Corp,Industrials,Construction Machinery & Heavy Transportation Equipment,149.87,14.6165,0.9074,10.0179,2.070473748487243,-3.18,-3.1,14.57,0.0901,11.23,0.6705755782678859,67.6586,-3.18,-3.1,67.6586,0.6705755782678859,14.57,0.0901,11.23,83.73029158097789,35.087897467773104,49.09688013136289,69.94775339602926,50.0,59.21392310084566,0.9077669902912622,0.25728155339805825,0.4878640776699029,0.7281553398058253,A-,D+,C,B,oshkoshcorp
WSFS,WSFS Financial Corp,Financials,Regional Banks,71.21,13.0447,2.33073,10.316,1.3887995007264817,15.55,54.50711,10.6,0.381658,9.64,0.9200691294015982,38.7916,15.55,54.50711,38.7916,0.9200691294015982,10.6,0.381658,9.64,58.293920583308704,57.08488276554404,40.7035175879397,90.21060357969623,50.0,59.20845681186016,0.5833333333333334,0.6274509803921569,0.39705882352941174,0.9411764705882353,C+,B-,C-,A,wsfsfinancialcorp
USFD,US Foods Holding Corp,Consumer Staples,Food Distributors,91.06,29.6676,0.5087,15.2446,4.66187816453266,45.9,4.08,15.010000000000002,0.0304,7.02,0.6893067639629528,34.109,45.9,4.08,34.109,0.6893067639629528,15.010000000000002,0.0304,7.02,55.256869772998805,77.76570458404075,36.02150537634409,79.17419354838711,50.0,59.207573413821294,0.6349206349206349,0.8412698412698413,0.30158730158730157,0.7777777777777778,B-,B+,C-,B,usfoodsholdingcorp
AMP,Ameriprise Financial Inc,Financials,Asset Management & Custody Banks,468.59,10.9105,2.2001,11.8469,6.530061079531598,36.78,6.82,61.59,0.3195,8.459999999999999,0.3616305453407401,-3.2798,36.78,6.82,-3.2798,0.3616305453407401,45.141999999999946,0.3195,8.459999999999999,43.241945019213716,61.86192153907581,97.73869346733667,32.663316582914575,50.0,59.15020724603568,0.38235294117647056,0.7303921568627451,0.9779411764705882,0.29411764705882354,C-,B,A+,D+,ameriprisefinancialinc
PR,Permian Resources Corp,Energy,Oil & Gas Exploration & Production,22.52,20.869,3.853,7.0472,1.8319666796824157,-12.26,1.29,9.56,0.23550000000000001,6.890000000000001,0.9958810068649884,84.5902,-12.26,1.29,84.5902,0.9948119879273926,9.56,0.23550000000000001,6.890000000000001,51.04821802935012,53.48782474714901,54.08805031446541,85.77648766328011,50.0,59.13692956803971,0.5,0.5740740740740741,0.5,0.9629629629629629,C,C+,C,A,permianresourcescorp
ACIW,ACI Worldwide Inc,Information Technology,Application Software,44.28,19.8087,2.5513,12.0667,2.993975537029149,13.29,10.38,15.43,0.1869,9.74,0.3578799114713576,-18.6422,13.29,10.38,-18.6422,0.3578799114713576,15.43,0.1869,9.74,79.39202526648243,43.23615726026307,61.66644443456747,51.120326521849606,50.0,59.13591418168501,0.8366013071895425,0.35947712418300654,0.6601307189542484,0.47058823529411764,B+,C-,B-,C,aciworldwideinc
EZPW,EZCORP Inc,Financials,Consumer Finance,32.61,16.3353,1.5026,10.225,1.9363228273519701,43.71,13.06,12.479999999999999,0.12560000000000002,8.04,0.9738787580088714,108.3706,43.71,13.06,65.34807,0.9506182088450298,12.479999999999999,0.12560000000000002,8.04,39.20583308700365,61.77825208786436,52.26130653266332,94.21168341708542,50.0,59.064772005906704,0.3137254901960784,0.7205882352941176,0.5343137254901961,0.9632352941176471,C-,B,C+,A,ezcorpinc
ANIP,ANI Pharmaceuticals Inc,Health Care,Pharmaceuticals,82.32,24.3048,2.1553,10.9341,3.425732108747851,,43.78,16.06,0.1258,7.07,0.5985043234400559,12.8444,,43.78,12.8444,0.5985043234400559,16.06,0.1258,7.07,67.77216610549944,70.99624060150376,52.005012531328326,49.17669172932331,50.0,58.978881125372354,0.7851851851851852,0.8,0.4888888888888889,0.48148148148148145,B,B,C,C,anipharmaceuticalsinc
TJX,TJX Companies Inc,Consumer Discretionary,Apparel Retail,154.64,31.0638,2.8269,19.858,16.80084308421064,14.36,7.12,59.53000000000001,0.1189,45.410000000000004,0.7568481605933076,19.6811,14.36,7.12,19.6811,0.7568481605933076,59.53000000000001,0.1189,41.201999999999984,23.328673501087298,68.81502675386444,82.183908045977,68.60879904875148,50.0,58.86291054728926,0.1891891891891892,0.7567567567567568,0.902027027027027,0.6891891891891891,D,B,A-,B-,tjxcompaniesinc
CBRE,CBRE Group Inc,Real Estate,Real Estate Services,140.05,35.4442,1.0113,18.8018,4.665145483919322,22.45,13.38,13.63,0.0432,7.31,0.3830343459839539,10.6502,22.45,13.38,10.6502,0.3830343459839539,13.63,0.0432,7.31,61.111111111111114,65.91666666666667,60.0,52.0,50.0,58.861111111111114,0.8333333333333334,0.6666666666666666,0.75,0.5,B+,B-,B,C,cbregroupinc
FSS,Federal Signal Corp,Industrials,Construction Machinery & Heavy Transportation Equipment,117.49,29.1542,3.2971,21.5429,5.177390285067135,14.4,17.14,19.09,0.1563,15.190000000000001,0.6817524281876421,35.7011,14.4,17.14,35.7011,0.6817524281876421,19.09,0.1563,15.190000000000001,38.49538476254244,81.88755845624132,68.96551724137932,53.02582474996268,50.0,58.84790214222124,0.33495145631067963,0.912621359223301,0.7330097087378641,0.5145631067961165,C-,A-,B,C+,federalsignalcorp
BALL,Ball Corp,Materials,"Metal, Glass & Plastic Containers",60.93,17.8457,1.2366,10.8531,2.9827000460157236,-73.82,11.58,16.91,0.10869999999999999,7.359999999999999,0.6862745098039214,17.9443,-62.265,11.58,17.9443,0.6862745098039214,16.91,0.10869999999999999,7.359999999999999,66.13756613756614,47.94254658385093,64.02116402116403,58.34656084656085,50.0,58.7975040257649,0.7619047619047619,0.4126984126984127,0.6507936507936508,0.6031746031746031,B,C,B-,B-,ballcorp
NOC,Northrop Grumman Corp,Industrials,Aerospace & Defense,567.0,17.6794,1.9095,12.2083,4.828614008941878,25.98,4.95,28.050000000000004,0.11630000000000001,14.35,0.3551200971992897,15.3799,25.98,4.95,15.3799,0.3551200971992897,28.050000000000004,0.11630000000000001,14.35,70.57806048432094,62.56769171410211,68.4729064039409,32.40147783251231,50.0,58.756575631388344,0.7961165048543689,0.6796116504854369,0.7233009708737864,0.3058252427184466,B,B-,B,C-,northropgrummancorp
IDXX,IDEXX Laboratories Inc,Health Care,Health Care Equipment,563.12,42.2096,10.391,30.1534,27.960555715548317,22.64,10.42,69.78,0.316,42.61,0.32172601482064395,19.3304,22.64,10.42,19.3304,0.32172601482064395,69.78,0.316,29.947999999999997,24.393939393939394,59.39911851219824,92.4812030075188,63.21503759398496,50.0,58.74161682160119,0.17037037037037037,0.6962962962962963,0.9925925925925926,0.6592592592592592,D,B-,A+,B-,idexxlaboratoriesinc
WMS,Advanced Drainage Systems Inc,Industrials,Building Products,140.75,24.2923,3.8252,16.0868,6.747104617272587,0.61,1.6,25.82,0.2284,14.46,0.4832160804020101,21.3153,0.61,1.6,21.3153,0.4832160804020101,25.82,0.2284,14.46,47.00527683453695,48.85330976934264,78.89983579638752,62.443830349633544,50.0,58.73570618152635,0.470873786407767,0.4563106796116505,0.8446601941747572,0.6504854368932039,C,C,B+,B-,advanceddrainagesystemsinc
VOYA,Voya Financial Inc,Financials,Multi-Sector Holdings,82.02,11.5983,0.9263,7.8056,1.5540006707098726,2.9,1.73,13.83,0.1324,9.569999999999999,0.935306553911205,34.2829,2.9,1.73,34.2829,0.935306553911205,13.83,0.1324,9.569999999999999,60.17464774854665,32.09883999126625,58.291457286432156,88.46405942757264,50.0,58.72910614251248,0.6225490196078431,0.24509803921568626,0.5931372549019608,0.9215686274509803,B-,D+,C+,A-,voyafinancialinc
NDSN,Nordson Corp,Industrials,Industrial Machinery & Supplies & Components,280.42,29.9248,5.5019,19.6375,5.152203310109652,17.82,6.5,17.299999999999997,0.259,10.22,0.78822727659937,45.4159,17.82,6.5,45.4159,0.78822727659937,17.299999999999997,0.259,10.22,32.85825880402379,74.77976791791838,68.39080459770115,67.19563687543982,50.0,58.70734680910287,0.25728155339805825,0.8349514563106796,0.7184466019417476,0.6893203883495146,D+,B+,B,B-,nordsoncorp
MYRG,MYR Group Inc,Industrials,Construction & Engineering,456.29,59.8273,1.9368,40.712,10.724803914886017,306.93,8.79,19.650000000000002,0.045599999999999995,17.39,0.9825782864409477,195.1996,107.05100000000004,8.79,135.51259999999994,0.9739160684181986,19.650000000000002,0.045599999999999995,17.39,27.37975672357996,74.48115198594984,55.09031198686372,90.59254046446165,50.0,58.632255667693215,0.1941747572815534,0.8252427184466019,0.5728155339805825,0.9466019417475728,D,B+,C+,A,myrgroupinc
AIZ,Assurant Inc,Financials,Multi-line Insurance,229.12,13.0198,0.8864,8.1095,1.9430056207407709,18.42,7.92,15.61,0.0934,11.28,0.7267850756943617,16.2928,18.42,7.92,16.2928,0.7267850756943617,15.61,0.0934,11.28,49.493792491871126,56.615735299355336,65.32663316582915,67.99925553694399,50.0,58.62810458168494,0.46078431372549017,0.6176470588235294,0.6617647058823529,0.7401960784313726,C,B-,B-,B,assurantinc
TTMI,TTM Technologies Inc,Information Technology,Electronic Manufacturing Services,157.47,81.8748,5.2915,58.1676,9.23767342269674,241.37,24.12,10.61,0.0974,6.81,0.8559370803759833,529.125,241.37,24.12,463.2751999999991,0.8559370803759833,10.61,0.0974,6.81,33.56143352195465,92.86745839521922,44.659021882454034,77.31263776332446,50.0,58.591133082810906,0.29411764705882354,0.9869281045751634,0.43790849673202614,0.8366013071895425,D+,A+,C,B+,ttmtechnologiesinc
CRS,Carpenter Technology Corp,Industrials,Industrial Machinery & Supplies & Components,427.63,48.7927,7.2071,30.3488,11.26462639151577,62.57,2.3,22.99,0.1977,16.82,0.8761336421813042,100.7558,62.57,2.3,100.7558,0.8761336421813042,22.99,0.1977,16.82,14.456294737513351,62.66908850851155,77.58620689655173,89.98768472906403,50.0,58.54198005603139,0.06796116504854369,0.6893203883495146,0.8300970873786407,0.9320388349514563,D-,B-,B+,A,carpentertechnologycorp
PYPL,PayPal Holdings Inc,Financials,Transaction & Payment Processing Services,50.39,8.6632,1.3667,6.9382,2.288644435764441,35.53,4.32,25.869999999999997,0.18280000000000002,16.37,0.29069200779727095,-25.0595,35.53,4.32,-25.0595,0.29069200779727095,25.869999999999997,0.18280000000000002,16.37,60.651295694157064,56.18718691665148,86.93467336683418,26.98492462311558,50.0,58.53091457320122,0.6323529411764706,0.5980392156862745,0.8725490196078431,0.24019607843137256,B-,C+,B+,D+,paypalholdingsinc
CBT,Cabot Corp,Materials,Diversified Chemicals,75.85,12.6625,1.0918,6.4886,2.585868916730589,-24.11,-9.62,20.419999999999998,0.165,11.459999999999999,0.6903073286052009,-2.7439,-24.11,-9.62,-2.7439,0.6903073286052009,20.419999999999998,0.165,11.459999999999999,83.5978835978836,22.478145847711065,81.48148148148148,37.84391534391535,50.0,58.33425350816655,0.9047619047619048,0.07936507936507936,0.873015873015873,0.31746031746031744,A-,D-,B+,C-,cabotcorp
OGS,ONE Gas Inc,Utilities,Gas Utilities,88.82,21.1737,2.3047,11.4618,1.6186437434735779,11.81,16.5,8.14,0.1885,4.03,0.9015570065293818,13.233,11.81,16.5,13.233,0.9015570065293818,8.14,0.1885,4.03,66.22537431048069,73.84960718294052,34.81481481481482,66.50205761316872,50.0,58.33038024054572,0.7021276595744681,0.8085106382978723,0.2978723404255319,0.6595744680851063,B,B+,D+,B-,onegasinc
CTSH,Cognizant Technology Solutions Corp,Information Technology,IT Consulting & Other Services,51.86,11.0201,1.1642,5.9021,1.654405900480435,1.1,6.95,14.84,0.1606,14.280000000000001,0.01221738519870811,-33.2561,1.1,6.95,-33.2561,0.08229678542178549,14.84,0.1606,14.280000000000001,95.19527423198959,45.55547411709706,65.26956753633495,20.31455366270247,50.0,58.29021599804104,0.9738562091503268,0.39869281045751637,0.6928104575163399,0.11764705882352941,A+,C-,B-,D,cognizanttechnologysolutionscorp
GE,General Electric Co,Industrials,Aerospace & Defense,280.52,33.9012,6.0558,30.2529,15.752028525704018,26.27,21.75,46.22,0.1666,22.25,0.5244892247411137,35.0602,26.27,21.75,35.0602,0.5244892247411137,46.22,0.1666,22.25,20.607553366174056,84.47480037078681,85.05747126436782,49.63546798029556,50.0,58.23830982785195,0.1262135922330097,0.9271844660194175,0.9174757281553398,0.46601941747572817,D,A-,A-,C,generalelectricco
AN,AutoNation Inc,Consumer Discretionary,Automotive Retail,202.66,10.2592,0.2534,11.1444,3.0471109881534653,9.32,1.94,26.700000000000003,0.0443,5.6000000000000005,0.528206970894718,14.6526,9.32,1.94,14.6526,0.528206970894718,26.700000000000003,0.0443,5.6000000000000005,78.98570984777882,54.602471713362064,43.218390804597696,58.771551724137936,50.0,58.22582985059413,0.8581081081081081,0.527027027027027,0.4189189189189189,0.5608108108108109,B+,C+,C,C+,autonationinc
NSC,Norfolk Southern Corp,Industrials,Rail Transportation,311.66,24.3575,5.7454,14.6717,4.498809834849249,10.17,0.47,19.16,0.3576,8.93,0.8888150398784658,38.9107,10.17,0.47,38.9107,0.8888150398784658,19.16,0.29964999999999986,8.93,45.59679244982224,49.54519227505685,70.27914614121511,71.49282501606339,50.0,58.176588105983384,0.4320388349514563,0.48058252427184467,0.7427184466019418,0.7427184466019418,C,C,B,B,norfolksoutherncorp
LMAT,LeMaitre Vascular Inc,Health Care,Health Care Equipment,111.53,43.5375,10.0704,36.0813,6.4542077059293295,27.88,13.53,15.58,0.2721,10.71,0.8379995949989875,41.7154,27.88,13.53,41.7154,0.8379995949989875,15.58,0.2721,10.71,23.131313131313135,65.33209069894843,69.17293233082705,84.90225563909775,50.0,58.122930633144286,0.16296296296296298,0.7333333333333333,0.7111111111111111,0.8740740740740741,D,B,B,B+,lemaitrevascularinc
WAFD,WaFd Inc,Financials,Regional Banks,35.23,10.5935,2.34917,8.8258,0.9062169621796536,15.2,56.51548,8.36,0.43785110000000005,8.219999999999999,0.9191138588356513,21.1486,15.2,56.51548,21.1486,0.9191138588356513,8.36,0.43785110000000005,8.219999999999999,86.42107596807568,57.61605107663171,23.869346733668344,70.08412850770708,50.0,58.11264159230377,0.9607843137254902,0.6421568627450981,0.23284313725490197,0.7696078431372549,A,B-,D+,B,wafdinc
BHF,Brighthouse Financial Inc,Financials,Life & Health Insurance,62.69,8.2791,0.5298,2.1611,0.5295604369612742,13.91,43.23,7.199999999999999,0.0925,4.72,0.8499587798845837,6.4527,13.91,43.23,6.4527,0.8499587798845837,7.199999999999999,0.0925,4.72,96.06611488816631,66.44663751039322,17.587939698492463,56.98827470686767,50.0,58.10049609011686,0.9950980392156863,0.8333333333333334,0.1715686274509804,0.5980392156862745,A+,B+,D,C+,brighthousefinancialinc
GVA,Granite Construction Inc,Industrials,Construction & Engineering,137.54,32.3726,1.2912,14.9201,5.074041008462883,47.93,14.93,16.7,0.06280000000000001,8.14,0.9303966138893244,69.4886,47.93,14.93,69.4886,0.9303966138893244,16.7,0.06280000000000001,8.14,56.10024391410397,75.47179753755657,41.13300492610838,68.47290640394088,50.0,58.09725299835258,0.5825242718446602,0.8495145631067961,0.3592233009708738,0.7038834951456311,C+,B+,C-,B,graniteconstructioninc
MRK,Merck & Co Inc,Health Care,Pharmaceuticals,113.11,31.4049,4.2666,12.5748,5.320770338034265,-48.26,2.89,36.19,0.1818,20.13,0.7678950414817672,35.9822,-48.26,2.89,35.9822,0.7678950414817672,36.19,0.1818,20.13,53.14814814814815,25.885226680562795,77.94486215538848,75.44736842105263,50.0,58.03977159620724,0.562962962962963,0.08888888888888889,0.8148148148148148,0.7925925925925926,C+,D-,B+,B,merckcoinc
TNL,Travel + Leisure Co,Consumer Discretionary,"Hotels, Resorts & Cruise Lines",62.16,16.3718,0.9585,13.5747,8.083224967490246,-40.1,4.25,121.75,0.1374,12.04,0.46959459459459457,31.5556,-40.1,4.25,31.5556,0.46959459459459457,121.75,0.1374,12.04,53.17489903696801,36.26725401961775,75.28735632183908,68.15047021943573,50.0,57.99910868751247,0.5608108108108109,0.28378378378378377,0.7905405405405406,0.6824324324324325,C+,D+,B,B-,travelleisureco
MTZ,MasTec Inc,Industrials,Construction & Engineering,425.39,74.3206,2.1886,29.8167,10.29735709478923,111.21,22.59,14.249999999999998,0.0496,8.14,0.9875068455640743,201.9735,107.05100000000004,22.505999999999982,135.51259999999994,0.9739160684181986,14.249999999999998,0.0496,8.14,26.435187399365503,94.9385763349998,37.02791461412151,90.59254046446165,50.0,57.97199886326405,0.1796116504854369,0.9975728155339806,0.32038834951456313,0.9466019417475728,D,A+,C-,A,mastecinc
HWM,Howmet Aerospace Inc,Industrials,Aerospace & Defense,239.7,63.6943,11.6397,43.2728,17.98401920696252,31.87,11.06,29.67,0.24609999999999999,18.2,0.7642186165670366,55.5786,31.87,11.06,55.5786,0.7642186165670366,29.67,0.24609999999999999,18.2,8.27394901716964,76.23888743942446,86.37110016420361,70.30541871921181,50.0,57.97012352707057,0.024271844660194174,0.8592233009708737,0.9296116504854369,0.7330097087378641,F,B+,A-,B,howmetaerospaceinc
RS,Reliance Inc,Materials,Steel,362.83,22.9994,1.2474,14.3046,2.6179570655907085,9.89,8.49,11.16,0.0746,9.26,0.9500509683995919,22.0746,9.89,8.49,22.0746,0.9500509683995919,11.16,0.0746,9.26,56.08465608465608,67.28526762259895,53.96825396825397,59.98905309250137,50.0,57.96809165624758,0.6666666666666666,0.7936507936507936,0.5317460317460317,0.6349206349206349,B-,B,C+,B-,relianceinc
SNA,Snap-On Inc,Industrials,Industrial Machinery & Supplies & Components,372.12,18.7342,3.6681,13.0286,3.253778455915464,2.51,4.15,17.49,0.2548,14.530000000000001,0.7096709065213003,17.4065,2.51,4.15,17.4065,0.7096709065213003,17.49,0.2548,14.530000000000001,59.06786551245875,52.16506283177114,73.48111658456486,46.97923997185081,50.0,57.9661060849803,0.6553398058252428,0.5339805825242718,0.7864077669902912,0.42718446601941745,B-,C+,B,C,snaponinc
WWD,Woodward Inc,Industrials,Electrical Components & Equipment,357.02,43.3494,5.5889,31.4524,8.332905430322608,32.85,14.52,19.63,0.14859999999999998,14.59,0.7691351882928485,84.1068,32.85,14.52,84.1068,0.7691351882928485,19.63,0.14859999999999998,14.59,17.849570360450844,87.26351059712007,66.83087027914614,71.71394598267369,50.0,57.965601475857994,0.09223300970873786,0.9660194174757282,0.7038834951456311,0.7475728155339806,D-,A,B,B,woodwardinc
AOS,A O Smith Corp,Industrials,Building Products,58.86,15.4095,2.1328,10.7722,4.388934456789203,4.86,0.23,28.42,0.1807,24.3,0.016670228681342193,-14.0102,4.86,0.23,-14.0102,0.02916639399188024,28.42,0.1807,24.3,72.38669153634002,48.921948807548105,83.08702791461413,21.465817613841168,50.0,57.94598314701639,0.8155339805825242,0.46601941747572817,0.8883495145631068,0.1553398058252427,B+,C,B+,D,aosmithcorp
STRL,Sterling Infrastructure Inc,Industrials,Construction & Engineering,529.49,56.6274,6.5985,38.1471,14.655458742512982,13.14,17.69,30.17,0.163,23.02,0.9521460579488257,219.6631,13.14,17.69,135.51259999999994,0.9521460579488257,30.17,0.163,23.02,12.662011573963364,61.78764326533327,81.2807881773399,85.46657283603096,50.0,57.936543158098665,0.05339805825242718,0.6650485436893204,0.8737864077669902,0.8883495145631068,D-,B-,B+,B+,sterlinginfrastructureinc
VRSN,"VeriSign, Inc",Information Technology,Internet Services & Infrastructure,274.15,29.6678,14.8216,22.4442,70.15994881637874,10.41,6.84,113.55,0.6793,62.99,0.6417334791954775,-3.4989,10.41,6.84,-3.4989,0.6417334791954775,109.87799999999994,0.44785,53.78399999999993,46.92576508604933,40.37556657294302,97.66137754270558,43.43998194791564,50.0,57.90989536136046,0.5163398692810458,0.30718954248366015,0.9967320261437909,0.3790849673202614,C+,C-,A+,C-,verisigninc
MS,Morgan Stanley,Financials,Investment Banking & Brokerage,188.01,16.4062,2.4027,40.109,2.6657989101999666,28.42,12.28,15.45,0.1894,1.78,0.9149651072628585,56.3883,28.42,12.28,56.3883,0.9149651072628585,15.45,0.1894,1.78,31.92555916839097,58.94395251767317,64.82412060301507,84.23083157724105,50.0,57.82237676183436,0.2647058823529412,0.6617647058823529,0.6568627450980392,0.8676470588235294,D+,B-,B-,B+,morganstanley
BJRI,BJ's Restaurants Inc,Consumer Discretionary,Restaurants,36.96,15.9063,0.5549,6.5156,2.131045457690445,215.12,3.08,13.19,0.0331,10.84,0.4579741379310344,-2.5059,202.9259999999997,3.08,-2.5059,0.4579741379310344,13.19,0.0331,10.84,78.08325566946256,65.11853448275863,38.39080459770115,53.399014778325125,50.0,57.822024919007674,0.8445945945945946,0.6959459459459459,0.3716216216216216,0.5135135135135135,B+,B-,C-,C+,bjsrestaurantsinc
DXCM,Dexcom Inc,Health Care,Health Care Equipment,60.04,24.9217,4.8127,18.0726,8.41344132731706,77.45,16.15,33.83,0.2145,20.01,0.16531920825202115,-26.4396,77.45,16.15,-26.4396,0.16531920825202115,33.83,0.2145,20.01,45.29180695847362,78.49007705860234,80.45112781954887,28.297744360902254,50.0,57.79329797840654,0.4444444444444444,0.8888888888888888,0.837037037037037,0.24444444444444444,C,B+,B+,D+,dexcominc
URI,United Rentals Inc,Industrials,Trading Companies & Distributors,925.21,23.1198,3.5418,15.942,6.50948022516986,1.45,5.05,27.88,0.24670000000000003,10.95,0.744186664540647,39.0457,1.45,5.05,39.0457,0.744186664540647,27.88,0.24670000000000003,10.95,49.11122801983197,45.1115799438298,76.84729064039408,61.31625615763548,50.0,57.77519688534957,0.5,0.3883495145631068,0.8203883495145631,0.6407766990291263,C,C-,B+,B-,unitedrentalsinc
MO,Altria Group Inc,Consumer Staples,Tobacco,73.41,17.661,5.2705,14.2642,48.05577376276512,-37.1,-3.08,149.65,0.4252,14.12,0.942094662638469,23.1505,-37.1,-3.08,23.1505,0.942094662638469,149.34949999999998,0.42225999999999975,14.12,39.93002218808671,21.740360719470484,87.63440860215053,82.6086956521739,50.0,57.76091897188819,0.38095238095238093,0.07936507936507936,0.9841269841269841,0.8253968253968254,C-,D-,A+,B+,altriagroupinc
NEU,NewMarket Corp,Materials,Specialty Chemicals,680.04,15.1336,2.3081,9.9615,3.5937618078518017,-12.87,-3.47,24.12,0.1957,16.02,0.3379401229979049,8.2883,-12.87,-3.47,8.2883,0.3379401229979049,24.12,0.1957,15.903999999999998,61.37566137566139,36.76272260829727,90.74074074074072,36.87552213868004,50.0,57.75674947849599,0.746031746031746,0.25396825396825395,0.9523809523809523,0.2857142857142857,B,D+,A,D+,newmarketcorp
MOG-A,Moog Inc,Industrials,Aerospace & Defense,307.0,33.9213,2.3319,19.4873,5.1522601975312785,38.77,13.79,14.16,0.09119999999999999,8.94,0.742200612710493,73.5346,38.77,13.79,73.5346,0.742200612710493,14.16,0.09119999999999999,8.94,41.113077303234654,80.46742466753773,45.648604269293934,74.78325123152709,50.0,57.74055557294511,0.38349514563106796,0.9029126213592233,0.4174757281553398,0.7718446601941747,C-,A-,C,B,mooginc
CALM,Cal-Maine Foods Inc,Consumer Staples,Packaged Foods & Meats,74.75,5.1727,1.0383,3.3523,1.4156419439083838,-29.23,-8.85,26.11,0.244,26.11,0.051945668135095414,-19.5458,-29.23,-6.463500000000001,-19.5458,0.051945668135095414,26.11,0.244,26.11,82.0020481310804,18.705798935000974,83.87096774193549,37.17523975588492,50.0,57.64446170643115,0.9523809523809523,0.031746031746031744,0.8809523809523809,0.3492063492063492,A,F,B+,C-,calmainefoodsinc
LRN,Stride Inc,Consumer Discretionary,Education Services,92.26,12.3011,1.5574,8.8118,2.7134974882648444,9.54,14.86,21.36,0.1602,15.809999999999999,0.2862395561316374,-42.1749,9.54,14.86,-37.93104,0.2862395561316374,21.36,0.1602,15.809999999999999,66.52221186703945,74.08612400530504,68.04597701149426,20.755968169761275,50.0,57.61046565464669,0.75,0.8175675675675675,0.7094594594594594,0.1891891891891892,B,B+,B,D,strideinc
FCN,FTI Consulting Inc,Industrials,Research & Consulting Services,168.05,18.9795,1.3065,14.1367,2.9916401415621685,14.95,5.6,15.14,0.1018,11.67,0.46861715428857226,0.9673,14.95,5.6,0.9673,0.46861715428857226,15.14,0.1018,11.67,70.04001466673044,62.61973180076628,53.03776683087028,46.30541871921182,50.0,57.5544754783958,0.7912621359223301,0.6844660194174758,0.5436893203883495,0.4174757281553398,B,B-,C+,C,fticonsultinginc
PSMT,PriceSmart Inc,Consumer Staples,Consumer Staples Merchandise Retail,153.11,31.1958,0.8803,15.5057,3.7739337053615447,8.73,8.85,12.23,0.0449,10.8,0.8138430219407374,51.6842,8.73,8.85,51.6842,0.8138430219407374,12.23,0.0449,10.8,45.71599249018604,70.01871925471247,39.784946236559136,85.75682382133995,50.0,57.530343296896774,0.4603174603174603,0.746031746031746,0.3253968253968254,0.8571428571428571,C,B,C-,B+,pricesmartinc
EXP,Eagle Materials Inc,Materials,Construction Materials,204.78,14.9382,2.794,10.5744,4.635296887166579,-5.47,1.44,28.78,0.2368,14.860000000000001,0.4576413119330077,-12.476,-5.47,1.44,-12.476,0.4576413119330077,28.78,0.2368,14.860000000000001,60.84656084656084,42.581090407177356,93.65079365079366,26.81216931216931,50.0,57.50299056820796,0.7301587301587301,0.3333333333333333,1.0,0.2222222222222222,B,C-,A+,D+,eaglematerialsinc
HMN,Horace Mann Educators Corp,Financials,Multi-line Insurance,45.56,11.382,1.079,9.4969,1.2493727085007256,57.19,7.59,11.52,0.1402,7.95,0.6662643331321666,7.8343,57.19,7.59,7.8343,0.6662643331321666,11.52,0.1402,7.95,67.93895950339935,67.88959330096203,46.733668341708544,51.21161362367393,50.0,57.488398346204164,0.7401960784313726,0.8480392156862745,0.45588235294117646,0.5294117647058824,B,B+,C,C+,horacemanneducatorscorp
DGX,Quest Diagnostics Inc,Health Care,Health Care Services,191.5,20.7448,1.8835,15.0015,2.9379366633017194,14.88,11.03,14.11,0.1427,7.920000000000001,0.5496417604912999,7.6145,14.88,11.03,7.6145,0.5496417604912999,14.11,0.1427,7.920000000000001,66.89113355780022,55.90286294161668,54.13533834586466,55.22754254056193,50.0,57.48269907235194,0.762962962962963,0.6518518518518519,0.5185185185185185,0.5555555555555556,B,B-,C+,C+,questdiagnosticsinc
AIT,Applied Industrial Technologies Inc,Industrials,Trading Companies & Distributors,303.99,27.8072,2.3619,20.9604,6.240915473873518,6.39,6.14,21.740000000000002,0.10869999999999999,16.619999999999997,0.9407654604234017,33.6514,6.39,6.14,33.6514,0.9407654604234017,21.740000000000002,0.10869999999999999,16.619999999999997,44.815629633172314,54.59384729961327,66.42036124794747,68.5793103448276,50.0,57.443629249168126,0.42718446601941745,0.587378640776699,0.6893203883495146,0.7135922330097088,C,C+,B-,B,appliedindustrialtechnologiesinc
PAYX,Paychex Inc,Industrials,Human Resource & Employment Services,92.48,20.3455,5.2574,13.4001,8.07629161281308,-5.65,16.44,40.94,0.3636,18.26,0.09275630030347012,-38.2685,-5.65,16.44,-37.221889999999995,0.09275630030347012,40.94,0.29964999999999986,18.26,53.88508935546097,66.11450946426316,91.78981937602627,13.930330752990852,50.0,57.42769522632261,0.5533980582524272,0.7233009708737864,0.9830097087378641,0.0825242718446602,C+,B,A+,D-,paychexinc
GLW,Corning Inc,Information Technology,Electronic Components,159.96,86.9941,8.8836,63.0955,10.946717216648645,215.91,19.14,14.13,0.1458,8.34,0.8581128715075508,249.5629,215.91,19.14,249.5629,0.8581128715075508,14.13,0.1458,8.34,26.5722097936863,84.13073777960903,55.67358549268857,74.86532734788213,50.0,57.36066184709195,0.2222222222222222,0.934640522875817,0.5882352941176471,0.7843137254901961,D+,A,C+,B,corninginc
CDW,CDW Corp,Information Technology,Technology Distributors,135.3,16.421,0.7811,11.5493,6.718007537276749,1.33,6.79,42.94,0.0738,13.05,0.281391830559758,-18.8995,1.33,6.79,-18.8995,0.281391830559758,42.94,0.0738,13.05,89.42550920442748,41.799818546310306,65.15252529742062,26.769126246880813,50.0,57.35829758410025,0.934640522875817,0.3333333333333333,0.6862745098039216,0.20261437908496732,A,C-,B-,D+,cdwcorp
HAE,Haemonetics Corp,Health Care,Health Care Supplies,55.32,14.6882,1.9547,11.6196,3.249491899766215,43.23,-4.02,20.26,0.1905,8.39,0.20009998750156238,-13.3594,43.23,-4.02,-13.3594,0.20009998750156238,20.26,0.1905,8.39,76.3973063973064,47.092886586742594,63.78446115288221,39.20446276982779,50.0,57.30491175886123,0.8592592592592593,0.4666666666666667,0.674074074074074,0.37037037037037035,B+,C,B-,C-,haemoneticscorp
IBKR,Interactive Brokers Group Inc,Financials,Investment Banking & Brokerage,81.72,133.5508,12.8822,32.7859,6.787093559237573,28.16,12.86,19.89,0.465,3.27,0.9703324808184144,80.0397,28.16,12.86,65.34807,0.9506182088450298,19.89,0.465,3.27,6.955118730909449,58.93533566103354,77.38693467336684,96.9281893337656,50.0,57.258218350028905,0.029411764705882353,0.6568627450980392,0.7794117647058824,0.9926470588235294,F,B-,B,A+,interactivebrokersgroupinc
ACT,Enact Holdings Inc,Financials,Commercial & Residential Mortgage Finance,42.4,8.9204,4.8668,6.7965,1.1259496881066253,3.47,2.83,12.83,0.7354,11.24,0.779003489903222,13.612,3.47,2.83,13.612,0.779003489903222,12.83,0.6162802,11.24,82.02039609813775,27.67341110647019,53.768844221105525,63.81909547738694,50.0,57.24581139658224,0.9313725490196079,0.1715686274509804,0.5490196078431373,0.6862745098039216,A,D,C+,B-,enactholdingsinc
WSM,Williams-Sonoma Inc,Consumer Discretionary,Homefurnishing Retail,175.69,19.0609,2.6575,11.9762,10.0197326398394,0.53,1.24,51.449999999999996,0.1813,51.449999999999996,0.37930489117395955,9.4233,0.53,1.24,9.4233,0.37930489117395955,51.449999999999996,0.1813,41.201999999999984,42.893755824790304,42.131171630094045,88.85057471264368,54.357366771159874,50.0,57.23379031460927,0.41216216216216217,0.3716216216216216,0.9763513513513513,0.527027027027027,C,C-,A+,C+,williamssonomainc
LQDT,Liquidity Services Inc,Industrials,Diversified Support Services,35.82,37.7413,2.3628,19.9438,5.406547628031938,21.77,14.78,14.46,0.0785,14.46,0.9658703071672355,11.6932,21.77,14.78,11.6932,0.9658703071672355,14.46,0.0785,14.46,38.6787188929807,82.32885736418805,49.67159277504104,68.33919774806473,50.0,57.221188939456,0.3446601941747573,0.9174757281553398,0.5048543689320388,0.6990291262135923,C-,A-,C+,B-,liquidityservicesinc
WLY,John Wiley & Sons Inc,Communication Services,Publishing,40.18,13.3761,1.2355,10.0409,2.8521131759394653,282.11,-1.9,20.75,0.1352,9.83,0.6836616454229432,-9.3616,282.11,-1.9,-9.3616,0.6836616454229432,20.75,0.1352,9.83,65.14800514800515,64.36507936507937,61.48148148148149,38.387301587301586,50.0,57.20784784784785,0.7027027027027027,0.7567567567567568,0.6486486486486487,0.35135135135135137,B,B,B-,C-,johnwileysonsinc
DRI,Darden Restaurants Inc,Consumer Discretionary,Restaurants,192.09,19.7867,1.7139,12.9036,9.72376194019651,6.61,8.51,50.71,0.11349999999999999,17.82,0.38957313986839887,-5.7874,6.61,8.51,-5.7874,0.38957313986839887,50.71,0.11349999999999999,17.82,44.20782851817335,68.07727832512315,73.10344827586208,46.22660098522168,50.0,57.188595060577825,0.42567567567567566,0.7364864864864865,0.777027027027027,0.4189189189189189,C,B,B,C,dardenrestaurantsinc
CASY,Caseys General Stores Inc,Consumer Staples,Food Retail,852.63,48.3909,1.8524,23.9388,9.020182026496778,21.4,9.22,17.549999999999997,0.0562,10.54,0.9877763754499135,85.8999,21.4,9.22,85.765165,0.9843820799619225,17.549999999999997,0.0562,10.54,22.299027137736815,78.20721779635193,46.23655913978494,96.98511166253101,50.0,57.17236246115703,0.12698412698412698,0.8571428571428571,0.3968253968253968,0.9682539682539683,D,B+,C-,A,caseysgeneralstoresinc
CAKE,Cheesecake Factory Inc,Consumer Discretionary,Restaurants,59.29,19.8645,0.7859,11.9089,6.743170393285262,-4.36,4.75,37.059999999999995,0.045700000000000005,14.42,0.6090874953060457,17.8493,-4.36,4.75,17.8493,0.6090874953060457,37.059999999999995,0.045700000000000005,14.42,55.29512270891581,45.97136699507389,55.63218390804598,76.21674876847291,50.0,57.16944980694981,0.6081081081081081,0.4189189189189189,0.5472972972972973,0.7972972972972973,B-,C,C+,B,cheesecakefactoryinc
CHRW,CH Robinson Worldwide Inc,Industrials,Air Freight & Logistics,161.24,32.0421,1.1588,21.9874,10.346243679577013,25.4,-8.42,32.519999999999996,0.049,19.15,0.6394313120931827,77.5184,25.4,-8.42,77.5184,0.6394313120931827,32.519999999999996,0.049,19.15,48.84658918806894,45.029377192746324,60.0,79.74384236453201,50.0,57.166291208472906,0.49514563106796117,0.38349514563106796,0.6237864077669902,0.8300970873786407,C,C-,B-,B+,chrobinsonworldwideinc
DY,Dycom Industries Inc,Industrials,Construction & Engineering,429.47,45.5709,2.3105,21.1937,6.923138923815973,21.16,17.95,18.81,0.0753,9.54,0.9401491146318733,137.894,21.16,17.95,135.51259999999994,0.9401491146318733,18.81,0.0753,9.54,36.2324039090025,70.82240584192976,48.6863711001642,83.7607318789585,50.0,57.146321296469324,0.30097087378640774,0.7572815533980582,0.470873786407767,0.8737864077669902,C-,B,C,B+,dycomindustriesinc
BBWI,Bath & Body Works Inc,Consumer Discretionary,Other Specialty Retail,18.56,5.8072,0.5169,4.754,301.29870129870125,-13.86,-0.22,3138.89,0.15439999999999998,11.92,0.21020358106450815,-40.4937,-13.86,-0.22,-37.93104,0.21020358106450815,170.61999999999995,0.15439999999999998,11.92,90.05281143212177,31.894306752873565,77.81609195402298,18.9367816091954,50.0,57.13344351894998,0.972972972972973,0.22972972972972974,0.8378378378378378,0.13513513513513514,A+,D+,B+,D,bathbodyworksinc
NUE,Nucor Corp,Materials,Steel,225.81,29.3887,1.5773,14.6974,2.4677744567147704,-10.95,5.73,8.49,0.0817,6.29,0.9823408624229979,83.6302,-10.95,5.73,83.6302,0.9600719537248127,8.49,0.0817,6.29,49.73544973544974,47.44980989358801,47.08994708994709,92.08538587848932,50.0,57.113388360764674,0.5476190476190477,0.3968253968253968,0.4126984126984127,0.9841269841269841,C+,C-,C,A+,nucorcorp
SANM,Sanmina Corp,Information Technology,Electronic Manufacturing Services,216.54,50.7532,1.2546,29.4096,4.912732857956363,2.17,20.93,9.86,0.0365,7.41,0.9084916128190065,169.899,2.17,20.93,169.899,0.9084916128190065,9.86,0.0365,7.41,60.127794592855786,60.86295125343325,39.37434256337319,75.18806597165636,50.0,57.08573773407517,0.6405228758169934,0.6666666666666666,0.37254901960784315,0.803921568627451,B-,B-,C-,B+,sanminacorp
AA,Alcoa Corp,Materials,Aluminum,62.46,15.9389,1.3023,25.8001,2.686070364206371,16.67,-0.08,16.27,-0.96,11.63,0.7431634202976146,144.6533,16.67,-0.08,144.6533,0.7431634202976146,16.27,-0.33933,11.63,49.206349206349216,50.25095677269591,54.76190476190476,80.15873015873015,50.0,57.074000878348706,0.5238095238095238,0.5079365079365079,0.5714285714285714,0.8253968253968254,C+,C+,C+,B+,alcoacorp
RMD,Resmed Inc,Health Care,Health Care Equipment,209.43,19.8601,5.4496,15.1363,5.13710474611277,16.47,10.28,24.41,0.3418,22.05,0.11337606388567846,-12.7193,16.47,10.28,-12.7193,0.11337606388567846,24.41,0.3418,22.05,54.04601571268238,53.86065888254528,84.71177944862156,32.962406015037594,50.0,57.05406176984256,0.5925925925925926,0.5925925925925926,0.8888888888888888,0.2851851851851852,C+,C+,B+,D+,resmedinc
NMIH,NMI Holdings Inc,Financials,Commercial & Residential Mortgage Finance,36.96,7.2333,3.9822,5.9056,1.087775475607459,11.04,8.52,15.8,0.7478,13.51,0.2535885167464112,-1.7544,11.04,8.52,-1.7544,0.2535885167464112,15.8,0.6162802,13.51,86.73268302295793,44.61335224237244,66.33165829145729,24.280493375970767,50.0,57.04485445227245,0.9656862745098039,0.4068627450980392,0.6715686274509803,0.22058823529411764,A,C,B-,D+,nmiholdingsinc
MC,Moelis & Co,Financials,Investment Banking & Brokerage,62.32,21.5741,3.3146,13.4515,8.508895290888983,66.96,26.98,44.3,0.18059999999999998,44.3,0.4146382778150109,13.7019,66.96,26.98,13.7019,0.4146382778150109,44.3,0.18059999999999998,27.17999999999999,16.231894767957435,79.11928831657642,94.9748743718593,41.692332630896416,50.0,56.96401647444875,0.09313725490196079,0.9362745098039216,0.9509803921568627,0.4068627450980392,D-,A,A,C,moelisco
ABCB,Ameris Bancorp,Financials,Regional Banks,85.08,14.0959,2.70304,10.5675,1.4198481690333584,15.53,52.9989,10.41,0.3410664,9.76,0.9002407980736152,40.6746,15.53,52.9989,40.6746,0.9002407980736152,10.41,0.3410664,9.76,53.379643314612274,53.82777911208148,39.698492462311556,89.55790186889504,50.0,56.946670140426264,0.5343137254901961,0.5343137254901961,0.3872549019607843,0.9313725490196079,C+,C+,C-,A,amerisbancorp
HAL,Halliburton Co,Energy,Oil & Gas Equipment & Services,41.98,22.7754,1.5821,11.3487,3.3508672504210533,-23.69,-1.72,14.680000000000001,0.1131,8.63,0.9793459552495696,103.7864,-23.69,-1.72,103.7864,0.9793459552495696,14.680000000000001,0.1131,8.63,46.4593524341952,37.08208891845603,63.52201257861635,85.08254716981132,50.0,56.928268470856366,0.3888888888888889,0.2962962962962963,0.6759259259259259,0.9444444444444444,C-,D+,B-,A,halliburtonco
INTU,Intuit Inc,Information Technology,Application Software,406.99,26.1582,5.6422,19.3478,5.763710391219686,43.99,17.21,22.2,0.2708,16.869999999999997,0.13758627636001228,-35.5702,43.99,17.21,-35.5702,0.13758627636001228,22.2,0.2708,16.869999999999997,60.06199646152271,70.159865081101,77.04935034149666,17.963465042890796,50.0,56.9025027255532,0.6339869281045751,0.7973856209150327,0.803921568627451,0.09803921568627451,B-,B,B+,D-,intuitinc
WAL,Western Alliance Bancorp,Financials,Regional Banks,79.85,9.1616,2.03505,12.0938,1.1426012099982257,17.72,69.87056,12.790000000000001,0.41207459999999996,8.23,0.44676110138468866,9.6389,17.72,69.87056,9.6389,0.44676110138468866,12.790000000000001,0.41207459999999996,8.23,80.77027293329392,69.76266707155621,53.266331658291456,22.17943650838462,50.0,56.89757186388451,0.9215686274509803,0.8676470588235294,0.5441176470588235,0.20098039215686275,A-,B+,C+,D+,westernalliancebancorp
BLD,TopBuild Corp,Consumer Discretionary,Homebuilding,430.56,23.1257,2.2306,15.0962,5.217903458606159,-9.79,1.49,23.72,0.1464,11.73,0.5486375273811058,42.9435,-9.79,1.49,42.9435,0.5486375273811058,23.72,0.1464,11.73,33.98415657036347,54.98533285440613,65.28735632183908,80.26819923371647,50.0,56.86858464067516,0.28378378378378377,0.5405405405405406,0.6587837837837838,0.8378378378378378,D+,C+,B-,B+,topbuildcorp
LGND,Ligand Pharmaceuticals Inc,Health Care,Biotechnology,228.36,37.2886,17.3103,66.7196,4.439182845112642,,60.4,13.86,0.15289999999999998,11.1,0.8719105663681057,108.7577,,51.019999999999925,103.89361999999993,0.8719105663681057,13.86,0.15289999999999998,11.1,18.092031425364762,72.83208020050125,59.147869674185465,89.9264828738513,50.0,56.861687889758066,0.08888888888888889,0.837037037037037,0.6185185185185185,0.9259259259259259,D-,B+,B-,A-,ligandpharmaceuticalsinc
BRBR,Bellring Brands Inc,Consumer Staples,Packaged Foods & Meats,17.36,11.1246,0.8771,9.3465,,-31.29,10.59,23.66314,0.1381,29.95204,0.048558537890953574,-78.003,-31.29,10.59,-53.069069999999996,0.048558537890953574,23.66314,0.1381,29.759937999999984,75.02133469875405,58.82043819225483,75.53763440860216,12.284219703574541,50.0,56.86067385600493,0.8571428571428571,0.5873015873015873,0.8174603174603174,0.06349206349206349,B+,C+,B+,D-,bellringbrandsinc
CAT,Caterpillar Inc,Industrials,Construction Machinery & Heavy Transportation Equipment,874.78,45.8154,6.022,28.6217,19.0929547830604,-14.7,4.29,45.15,0.165,14.63,0.948508238341086,170.2608,-14.7,4.29,135.51259999999994,0.948508238341086,45.15,0.165,14.63,17.540293653450664,41.9431739669162,79.55665024630542,95.98148977459323,50.0,56.85916872324091,0.0825242718446602,0.33980582524271846,0.8592233009708737,1.0,D-,C-,B+,A+,caterpillarinc
BWXT,BWX Technologies Inc,Industrials,Aerospace & Defense,216.68,60.3459,6.2063,45.2005,16.07430322183399,17.0,18.3,27.650000000000002,0.1265,11.95,0.8196556671449069,92.4163,17.0,18.3,92.4163,0.8196556671449069,27.650000000000002,0.1265,11.95,10.698742168444207,75.00777706684998,66.66666666666667,87.36453201970443,50.0,56.8158140260886,0.038834951456310676,0.8398058252427184,0.6966019417475728,0.9174757281553398,F,B+,B-,A-,bwxtechnologiesinc
OGE,OGE Energy Corp,Utilities,Multi-Utilities,47.84,20.9487,3.0246,11.1618,1.9809605836877173,6.14,9.21,9.89,0.2452,4.45,0.7285121517486665,6.0519,6.14,9.21,6.0519,0.7285121517486665,9.89,0.2452,4.45,64.16075650118204,59.39078282828282,60.0,44.166666666666664,50.0,56.75167902428541,0.6808510638297872,0.6595744680851063,0.574468085106383,0.3617021276595745,B-,B-,C+,C-,ogeenergycorp
PCTY,Paylocity Holding Corp,Industrials,Human Resource & Employment Services,109.03,24.8438,3.5245,12.7614,4.892857944218816,9.16,12.08,20.52,0.2011,18.279999999999998,0.14718161881428876,-41.7979,9.16,12.08,-37.221889999999995,0.14718161881428876,20.52,0.2011,18.279999999999998,54.058858226919824,74.39744063038094,79.3103448275862,17.610837438423644,50.0,56.74395637738742,0.5631067961165048,0.8203883495145631,0.8543689320388349,0.12135922330097088,C+,B+,B+,D,paylocityholdingcorp
CVCO,Cavco Industries Inc,Consumer Discretionary,Homebuilding,479.45,20.1571,1.6876,14.7313,3.6065250685273607,13.34,14.3,17.14,0.09789999999999999,17.02,0.2689412317082714,2.4043,13.34,14.3,2.4043,0.2689412317082714,17.14,0.09789999999999999,17.02,40.08853681267474,87.54190613026819,58.50574712643678,47.77777777777777,50.0,56.71250776638708,0.35135135135135137,0.9459459459459459,0.5675675675675675,0.44594594594594594,C-,A,C+,C,cavcoindustriesinc
DCOM,Dime Community Bancshares Inc,Financials,Regional Banks,35.52,14.0841,2.11729,11.6797,1.0557132454563019,225.06,42.91451,7.670000000000001,0.4435096,6.45,0.8308042488619122,33.2833,95.6,42.91451,33.2833,0.8308042488619122,7.670000000000001,0.4435096,6.45,65.6788846191743,67.63529689618872,21.608040201005025,81.70967195528202,50.0,56.69072497533898,0.7058823529411765,0.8431372549019608,0.2107843137254902,0.8480392156862745,B,B+,D+,B+,dimecommunitybancsharesinc
GATX,GATX Corp,Industrials,Construction Machinery & Heavy Transportation Equipment,193.28,20.6001,3.9451,16.9239,2.4875897227331056,17.41,9.77,12.47,0.3048,2.68,0.8022544283413848,29.5877,17.41,9.77,29.5877,0.8022544283413848,12.47,0.29964999999999986,2.68,48.27586206896552,78.61735337710465,52.052545155993435,54.211076280041794,50.0,56.64778773766903,0.4854368932038835,0.8689320388349514,0.5388349514563107,0.5339805825242718,C,B+,C+,C+,gatxcorp
OGN,Organon & Co,Health Care,Pharmaceuticals,13.26,18.6208,0.5602,10.5115,4.590141235114927,-78.5,-2.92,25.5,0.0684,1.96,0.9831168831168831,38.269,-62.6,-2.92,38.269,0.9564701739726336,25.5,0.0684,1.96,85.08417508417507,9.514535100126555,46.8671679197995,83.73308270676691,50.0,56.63735931237233,0.9259259259259259,0.014814814814814815,0.4444444444444444,0.8592592592592593,A-,F,C,B+,organonco
GEN,Gen Digital Inc,Information Technology,Systems Software,19.63,19.7167,2.5152,10.4793,5.337865397688646,-5.53,15.97,25.6,0.3668,5.53,0.12816072047107707,-24.2962,-5.53,15.97,-24.2962,0.12816072047107707,25.6,0.3668,5.53,81.82948048719861,48.056474856352835,66.0429352415663,25.185652695675365,50.0,56.61652944259687,0.8627450980392157,0.45098039215686275,0.7058823529411765,0.17647058823529413,B+,C,B,D,gendigitalinc
PEP,PepsiCo Inc,Consumer Staples,Soft Drinks & Non-alcoholic Beverages,154.59,24.1943,2.2136,16.4712,10.355984887054852,-6.44,4.29,43.89,0.1241,12.31,0.6150865998176849,15.5813,-6.44,4.29,15.5813,0.6150865998176849,43.89,0.1241,12.31,38.29151732377539,50.003395585738545,72.04301075268818,70.06451612903226,50.0,56.597214362070055,0.3333333333333333,0.5396825396825397,0.7777777777777778,0.6984126984126984,C-,C+,B,B-,pepsicoinc
YETI,Yeti Holdings Inc,Consumer Discretionary,Leisure Products,38.08,17.685,1.5654,10.2198,4.391549035888919,-17.37,1.56,22.66,0.1143,20.53,0.44831906452286485,42.328,-17.37,1.56,42.328,0.44831906452286485,22.66,0.1143,20.53,55.6228642435539,36.13137181409296,67.1264367816092,67.72413793103448,50.0,56.458427205316255,0.6148648648648649,0.27702702702702703,0.6790540540540541,0.6756756756756757,B-,D+,B-,B-,yetiholdingsinc
LII,Lennox International Inc,Industrials,Building Products,514.86,22.2352,3.4487,16.9941,15.402887555271015,1.12,-2.73,80.86,0.2004,36.980000000000004,0.31639126008301355,-8.308,1.12,-2.73,-8.308,0.31639126008301355,73.67999999999981,0.2004,26.983999999999988,48.75890764742456,41.73388720736751,92.93924466338258,38.39000360446954,50.0,56.449316240069194,0.49029126213592233,0.3300970873786408,0.9902912621359223,0.3446601941747573,C,C-,A+,C-,lennoxinternationalinc
CSX,CSX Corp,Industrials,Rail Transportation,44.72,27.2446,5.8721,15.5576,6.322992958742188,-2.56,-0.92,23.53,0.3345,9.54,0.9011078087003513,55.8188,-2.56,-0.92,55.8188,0.9011078087003513,23.53,0.29964999999999986,9.54,40.22350821815167,30.57007795867874,74.95894909688013,82.6086956521739,50.0,56.43136905092848,0.36893203883495146,0.19902912621359223,0.7961165048543689,0.8543689320388349,C-,D,B,B+,csxcorp
HALO,Halozyme Therapeutics Inc,Health Care,Biotechnology,64.57,23.9742,5.4397,17.7826,155.81563706563705,-27.39,37.55,92.67,0.3319,15.770000000000001,0.4916474654377878,5.5238,-27.39,37.55,5.5238,0.4916474654377878,92.67,0.3319,15.770000000000001,46.043771043771045,51.63387015393268,85.96491228070175,40.38763575605681,50.0,56.4064720131161,0.45185185185185184,0.5407407407407407,0.9111111111111111,0.3851851851851852,C,C+,A-,C-,halozymetherapeuticsinc
BBY,Best Buy Co Inc,Consumer Discretionary,Computer & Electronics Retail,57.64,11.287,0.2894,7.1719,4.0663139329805995,18.26,0.39,38.54,0.0332,27.11,0.004368401892974062,-15.3225,18.26,0.39,-15.3225,0.018246050336485634,38.54,0.0332,27.11,87.2941907424666,53.67784857571215,60.0,19.1904047976012,50.0,56.39719836027932,0.9527027027027027,0.5202702702702703,0.5912162162162162,0.14864864864864866,A,C+,C+,D,bestbuycoinc
CART,Maplebear Inc,Consumer Staples,Food Retail,43.29,22.3418,2.6688,17.9804,4.1875042320006965,2.87,10.78,13.530000000000001,0.1328,13.530000000000001,0.5084256138661531,6.005,2.87,10.78,6.005,0.5084256138661531,13.530000000000001,0.1328,13.530000000000001,37.199180747567844,72.1092246745897,57.526881720430104,66.2531017369727,50.0,56.35398089931196,0.31746031746031744,0.7619047619047619,0.5476190476190477,0.6349206349206349,C-,B,C+,B-,maplebearinc
INGR,Ingredion Inc,Consumer Staples,Agricultural Products & Services,106.88,9.3098,0.9401,6.1207,1.5754415083437374,15.14,-2.84,17.48,0.1407,12.23,0.11578413985305278,-19.2993,15.14,-2.84,-19.2993,0.11578413985305278,17.48,0.1407,12.23,79.33094384707289,47.80418788907753,60.21505376344086,34.32258064516129,50.0,56.3118531094762,0.9206349206349206,0.47619047619047616,0.6349206349206349,0.30158730158730157,A-,C,B-,C-,ingredioninc
PLXS,Plexus Corp,Information Technology,Electronic Manufacturing Services,262.55,39.4646,1.6908,24.5558,4.842398421217655,56.35,1.82,12.389999999999999,0.0509,11.129999999999999,0.9391864042559438,105.406,56.35,1.82,105.406,0.9391864042559438,12.389999999999999,0.0509,11.129999999999999,64.34326154026114,50.4713599283459,48.639198779205,64.84456099283425,50.0,56.30879926410257,0.6993464052287581,0.5032679738562091,0.46405228758169936,0.6274509803921569,B-,C+,C,B-,plexuscorp
SNCY,Sun Country Airlines Holdings Inc,Industrials,Passenger Airlines,15.27,16.2034,0.7594,6.4729,1.3000280949097132,0.72,4.74,8.62,0.0889,4.49,0.42222222222222217,39.3248,0.72,4.74,39.3248,0.42222222222222217,8.62,0.0889,4.49,89.14183684856602,48.18189054144494,29.556650246305423,59.77917445218277,50.0,56.2668347724434,0.9611650485436893,0.4368932038834951,0.21359223300970873,0.6262135922330098,A,C,D+,B-,suncountryairlinesholdingsinc
AIR,AAR Corp,Industrials,Aerospace & Defense,109.56,25.5747,1.3952,14.0768,3.2399630935200743,-45.74,16.85,12.07,0.0955,7.199999999999999,0.7537667410714287,93.0233,-45.74,16.85,93.0233,0.7537667410714287,12.07,0.0955,7.199999999999999,62.92744751064135,43.363543450456966,40.968801313628894,83.04187192118226,50.0,56.25514528039541,0.7184466019417476,0.3592233009708738,0.35436893203883496,0.8640776699029126,B,C-,C-,B+,aarcorp
HAFC,Hanmi Financial Corp,Financials,Regional Banks,29.48,11.5862,1.8749,9.0961,1.106619068533054,22.37,43.94988,9.85,0.4678737,8.42,0.8050579557428874,25.5002,22.37,43.94988,25.5002,0.8050579557428874,9.85,0.4678737,8.42,72.73130357670706,53.20024175126834,37.185929648241206,65.54118909152504,50.0,56.227594474795744,0.8480392156862745,0.5245098039215687,0.3627450980392157,0.7107843137254902,B+,C+,C-,B,hanmifinancialcorp
BCPC,Balchem Corp,Materials,Specialty Chemicals,162.1,32.575,4.8701,20.1211,4.132789773321197,16.84,9.62,12.379999999999999,0.2023,10.92,0.512631343617259,0.1421,16.84,9.62,0.1421,0.512631343617259,12.379999999999999,0.2023,10.92,31.746031746031747,80.83857961875235,76.19047619047619,40.317460317460316,50.0,56.215334971369515,0.2777777777777778,0.8571428571428571,0.7936507936507936,0.3333333333333333,D+,B+,B,C-,balchemcorp
CHTR,Charter Communications Inc,Communication Services,Cable & Satellite,165.34,4.5913,0.418,5.5356,1.3041818376863907,3.8,-0.56,31.240000000000002,0.2351,4.43,0.02630258725722068,-57.0545,3.8,-0.56,-55.92757,0.052175981495660655,31.240000000000002,0.2351,4.43,94.44015444015444,46.19329945416902,66.85185185185186,8.253340862036517,50.0,56.21232963624268,1.0,0.40540540540540543,0.8108108108108109,0.05405405405405406,A+,C,B+,D-,chartercommunicationsinc
TRST,TrustCo Bank Corp NY,Financials,Regional Banks,47.53,13.6219,2.5976,11.1277,1.248089658685685,26.92,24.59725,8.86,0.4587097,7.779999999999999,0.9498637602179836,55.4837,26.92,24.59725,55.4837,0.9498637602179836,8.86,0.4587097,7.779999999999999,59.36668637304168,47.752959490853705,29.396984924623116,97.27288126023376,50.0,56.19608597463369,0.5980392156862745,0.4215686274509804,0.2867647058823529,1.0,C+,C,D+,A+,trustcobankcorpny
DOCN,DigitalOcean Holdings Inc,Information Technology,Internet Services & Infrastructure,108.81,42.9704,12.3588,34.3968,221.24847498983326,182.74,15.48,-20.080000000000002,0.2275,-1.73,0.9961708747158072,234.183,182.74,15.48,234.183,0.9822097484633927,-9.676,0.2275,-1.73,36.74606307847524,78.29782074748518,29.87095722772864,94.33068820152691,50.0,56.179956866353386,0.3464052287581699,0.8823529411764706,0.2549019607843137,0.9934640522875817,C-,B+,D+,A+,digitaloceanholdingsinc
ASTE,Astec Industries Inc,Industrials,Construction Machinery & Heavy Transportation Equipment,61.55,36.3289,0.9994,16.1134,2.066191996401368,838.27,8.07,5.79,0.0467,4.33,0.858509427578358,61.4215,107.05100000000004,8.07,61.4215,0.858509427578358,5.79,0.0467,4.33,53.799002024646484,84.70789621157061,19.868637110016422,78.90729959695477,50.0,56.139948945370804,0.5485436893203883,0.9368932038834952,0.1553398058252427,0.8155339805825242,C+,A,D,B+,astecindustriesinc
LUV,Southwest Airlines Co,Industrials,Passenger Airlines,38.35,22.8533,0.6464,8.2165,2.4774541977828886,80.72,4.72,10.67,0.034,6.65,0.3632218844984803,28.4757,80.72,4.72,28.4757,0.3632218844984803,10.67,0.034,6.65,82.96427375771198,68.51566292683425,27.750410509031198,48.544250042466444,50.0,56.09065366054594,0.8980582524271845,0.7378640776699029,0.19902912621359223,0.44660194174757284,B+,B,D,C,southwestairlinesco
PEN,Penumbra Inc,Health Care,Health Care Equipment,324.65,71.8486,9.0952,66.1247,8.921186340541178,1389.2,17.5,13.43,0.1348,13.19,0.7324831739284446,9.6791,1389.2,17.5,9.6791,0.7324831739284446,13.43,0.1348,13.19,17.356902356902356,91.30517077155952,59.147869674185465,68.50526315789475,50.0,56.08827979366281,0.07407407407407407,0.9851851851851852,0.6185185185185185,0.7185185185185186,D-,A+,B-,B,penumbrainc
DAR,Darling Ingredients Inc,Consumer Staples,Agricultural Products & Services,64.38,45.7682,1.6205,16.6241,2.1500205384068205,30.98,11.11,1.3599999999999999,0.07429999999999999,0.73,0.9854545454545451,97.7273,30.98,11.11,85.765165,0.9843820799619225,1.3599999999999999,0.07429999999999999,0.73,30.875576036866363,87.8619128466327,24.731182795698924,98.06451612903227,50.0,56.08697550327432,0.30158730158730157,0.9365079365079365,0.20634920634920634,0.9920634920634921,C-,A,D+,A+,darlingingredientsinc
JPM,JPMorgan Chase & Co,Financials,Diversified Banks,307.65,14.0875,2.89596,25.3284,2.2886912688269314,2.39,108.9793,16.32,0.4122809,4.130000000000001,0.6652341099298799,21.8368,2.39,85.8019475,21.8368,0.6652341099298799,16.32,0.4122809,4.130000000000001,40.056902157848064,62.56339023728702,69.59798994974874,55.77116350985698,50.0,56.080633776328,0.3284313725490196,0.7401960784313726,0.7034313725490197,0.5735294117647058,C-,B,B,C+,jpmorganchaseco
MOS,Mosaic Co,Materials,Fertilizers & Agricultural Chemicals,22.97,13.5116,0.6062,6.1062,0.6033051773407295,206.43,8.36,4.41,0.0682,3.19,0.0148482892188509,-24.7132,206.43,8.36,-24.7132,0.09877615680336936,4.41,0.0682,3.19,91.005291005291,83.74691191326352,35.978835978835974,12.79100529100529,50.0,56.05361518688551,0.9523809523809523,0.9047619047619048,0.3333333333333333,0.07936507936507936,A,A-,C-,D-,mosaicco
PKG,Packaging Corp of America,Materials,Paper & Plastic Packaging Products & Materials,218.06,26.4117,2.1239,13.0024,4.230305875597269,-14.0,7.86,16.75,0.11699999999999999,9.86,0.5583485465524506,16.3483,-14.0,7.86,16.3483,0.5583485465524506,16.75,0.11699999999999999,9.86,48.14814814814815,50.51069703243617,71.95767195767195,54.603174603174594,50.0,56.049229353577175,0.5079365079365079,0.5238095238095238,0.6984126984126984,0.5079365079365079,C+,C+,B-,C+,packagingcorpofamerica
TFC,Truist Financial Corp,Financials,Diversified Banks,49.48,11.1831,1.76233,18.9505,0.9582443290643561,17.14,58.19041,8.51,0.2905613,4.35,0.6253710026555978,25.361,17.14,58.19041,25.361,0.6253710026555978,8.51,0.2905613,4.35,81.96004532466253,63.9378385264698,25.628140703517587,56.69501352918438,50.0,56.02361691817586,0.9264705882352942,0.7745098039215687,0.25,0.5882352941176471,A-,B,D+,C+,truistfinancialcorp
POST,Post Holdings Inc,Consumer Staples,Packaged Foods & Meats,103.84,15.6761,0.5987,12.0237,1.460860365721553,-11.33,5.38,8.49,0.0964,2.8899999999999997,0.4194384449244063,-8.0248,-11.33,5.38,-8.0248,0.4194384449244063,8.49,0.0964,2.8899999999999997,66.95681856972179,60.92611651185506,34.40860215053763,67.48038360941587,50.0,56.02265520431904,0.7301587301587301,0.6349206349206349,0.2857142857142857,0.6507936507936508,B,B-,D+,B-,postholdingsinc
ULS,UL Solutions Inc,Industrials,nan,90.1,56.7079,6.0367,26.42,14.352161585268723,-1.25,6.38,28.77,0.171,19.08,0.888368794326241,50.543,-1.25,6.38,50.543,0.888368794326241,28.77,0.171,19.08,16.752753997481147,54.30371130928347,80.95238095238095,78.41895378841191,50.0,55.9708167570046,0.07766990291262135,0.5776699029126213,0.8689320388349514,0.8106796116504854,D-,C+,B+,B+,ulsolutionsinc
HOOD,Robinhood Markets Inc,Financials,Investment Banking & Brokerage,76.55,36.641,15.4248,32.1836,7.548862986411061,32.75,51.58,22.33,0.4681,9.1,0.28614984870715476,57.5427,32.75,51.58,57.5427,0.28614984870715476,22.33,0.4681,9.1,8.652330278845211,82.94586201310452,81.4070351758794,59.1732857837575,50.0,55.938670923053564,0.049019607843137254,0.9607843137254902,0.8186274509803921,0.6323529411764706,F,A,B+,B-,robinhoodmarketsinc
GAP,Gap Inc,Consumer Discretionary,Apparel Retail,23.67,10.6132,0.5636,4.6781,2.3165683079362283,-2.88,1.86,22.98,0.0726,16.189999999999998,0.4669789227166279,2.9578,-2.88,1.86,2.9578,0.4669789227166279,22.98,0.0726,16.189999999999998,85.3277415346381,35.933784185493465,57.12643678160921,40.54696789536267,50.0,55.90969499523305,0.9324324324324325,0.2702702702702703,0.5540540540540541,0.3716216216216216,A,D+,C+,C-,gapinc
TROW,T Rowe Price Group Inc,Financials,Asset Management & Custody Banks,103.08,10.6892,3.0227,7.8796,2.0745368115568685,5.66,4.23,19.48,0.3073,19.42,0.5412121212121211,12.4714,5.66,4.23,12.4714,0.5412121212121211,19.48,0.3073,19.42,56.791309488619575,37.21580971876213,76.88442211055276,50.21608040201005,50.0,55.90531092394752,0.5637254901960784,0.29411764705882354,0.7745098039215687,0.5147058823529411,C+,D+,B,C+,trowepricegroupinc
CTS,CTS Corp,Information Technology,Electronic Manufacturing Services,56.53,24.5231,2.959,13.0554,2.9462349899933287,15.91,4.95,11.940000000000001,0.1527,10.41,0.8675692828432411,41.9995,15.91,4.95,41.9995,0.8675692828432411,11.940000000000001,0.1527,10.41,74.58145077568686,44.71109303324068,57.004014993258956,45.216593988539415,50.0,55.88190384659247,0.803921568627451,0.3790849673202614,0.6013071895424836,0.39215686274509803,B+,C-,B-,C-,ctscorp
PGR,Progressive Corp,Financials,Property & Casualty Insurance,199.24,10.0829,1.3035,8.288,3.850368243158369,32.6,13.89,35.449999999999996,0.1659,28.99,0.07371860322646519,-29.5499,32.6,13.89,-29.5499,0.07371860322646519,35.449999999999996,0.1659,27.17999999999999,50.197063750123164,61.267229404850944,92.96482412060301,14.121891508826184,50.0,55.86829615041697,0.4852941176470588,0.7058823529411765,0.9313725490196079,0.11764705882352941,C,B,A,D,progressivecorp
RH,RH,Consumer Discretionary,Homefurnishing Retail,122.35,18.4668,0.67,10.111,37.99453450096267,75.14,8.14,203.42,0.11259999999999999,2.03,0.10648104830709172,-37.7544,75.14,8.14,-37.7544,0.10648104830709172,170.61999999999995,0.11259999999999999,2.03,64.88039763901833,85.16359717868337,58.275862068965516,15.203761755485893,50.0,55.86253671382982,0.7297297297297297,0.9121621621621622,0.5608108108108109,0.10135135135135136,B,A-,C+,D,rh
PRG,PROG Holdings Inc,Financials,Consumer Finance,35.89,9.7961,0.5969,0.9467,1.9029288880405508,-21.11,-2.2,21.17,0.0858,11.4,0.6578690127077224,32.5332,-21.11,-2.2,32.5332,0.6578690127077224,21.17,0.0858,11.4,62.99881761749926,14.746441453629247,79.89949748743719,60.904522613065325,50.0,55.85477158957302,0.6617647058823529,0.05392156862745098,0.803921568627451,0.6421568627450981,B-,D-,B+,B-,progholdingsinc
MGY,Magnolia Oil & Gas Corp,Energy,Oil & Gas Exploration & Production,31.12,17.6865,4.3851,6.7052,2.9958220219873315,-27.41,-0.31,16.76,0.3358,13.94,0.8673675697533363,42.6743,-27.41,-0.31,42.6743,0.8673675697533363,16.76,0.3358,13.94,51.07151176333566,38.82461122478674,85.22012578616352,44.93468795355588,50.0,55.82476922304332,0.5185185185185185,0.3148148148148148,0.9444444444444444,0.4074074074074074,C+,C-,A,C,magnoliaoilgascorp
RF,Regions Financial Corp,Financials,Regional Banks,27.66,10.6454,1.92217,10.3599,1.2607742411880267,14.13,45.41902,11.78,0.3873294,9.54,0.6475409836065573,31.4014,14.13,45.41902,31.4014,0.6475409836065573,11.78,0.3873294,9.54,71.60311360725194,43.24601431868297,47.23618090452261,62.23364011066569,50.0,55.80575451381337,0.8235294117647058,0.37745098039215685,0.46078431372549017,0.6715686274509803,B+,C-,C,B-,regionsfinancialcorp
RMBS,Rambus Inc,Information Technology,Semiconductors,111.5,52.676,17.1551,45.9485,8.807893136162917,27.75,27.13,18.29,0.3677,18.29,0.5529286285663496,117.3913,27.75,27.13,117.3913,0.5529286285663496,18.29,0.3677,18.29,27.50800543931219,70.74928180567507,79.46279093885654,49.512567905512356,50.0,55.795069036779665,0.23529411764705882,0.8104575163398693,0.8300653594771242,0.43790849673202614,D+,B+,B+,C,rambusinc
EPAM,Epam Systems Inc,Information Technology,IT Consulting & Other Services,110.6,15.5521,1.0763,7.0998,1.6324000413265833,-14.17,15.42,10.27,0.0953,10.2,0.021676426885761647,-31.0302,-14.17,15.42,-31.0302,0.08229678542178549,10.27,0.0953,10.2,93.00492754894651,51.96974319152477,49.47479147221358,23.89556996183957,50.0,55.79299238596289,0.9673202614379085,0.5359477124183006,0.48366013071895425,0.1503267973856209,A,C+,C,D,epamsystemsinc
HLT,Hilton Worldwide Holdings Inc,Consumer Discretionary,"Hotels, Resorts & Cruise Lines",311.38,48.6514,5.888,28.5869,166.60246120920277,-0.49,7.74,171.01,0.2237,9.64,0.6953902327704244,29.257,-0.49,7.74,29.257,0.6953902327704244,170.61999999999995,0.2237,9.64,12.011494252873563,65.08668090807969,80.11494252873564,73.43782654127482,50.0,55.7365106852732,0.04054054054054054,0.6891891891891891,0.8648648648648649,0.7567567567567568,F,B-,B+,B,hiltonworldwideholdingsinc
TXN,Texas Instruments Inc,Information Technology,Semiconductors,280.89,47.6938,13.8829,32.6515,15.655794355018502,10.83,14.89,30.44,0.3529,16.57,0.9486306439674316,70.7434,10.83,14.89,70.7434,0.9486306439674316,30.44,0.3529,16.57,35.24440350338495,54.188680084261016,81.03767574855179,54.04967658426543,50.0,55.71819114668948,0.30718954248366015,0.5947712418300654,0.8496732026143791,0.5359477124183006,C-,C+,B+,C+,texasinstrumentsinc
PEG,Public Service Enterprise Group Inc,Utilities,Electric Utilities,80.45,18.9942,3.2953,14.7827,2.3592098626409075,19.02,18.25,12.6,0.24489999999999998,5.24,0.2917076368403805,1.2204,19.02,18.25,1.2204,0.29687480093975155,12.6,0.24489999999999998,5.24,48.542159180457055,86.63558663558663,71.85185185185185,16.296296296296294,50.0,55.68487934445381,0.5531914893617021,0.9574468085106383,0.851063829787234,0.1276595744680851,C+,A,B+,D,publicserviceenterprisegroupinc
RGA,Reinsurance Group of America Inc,Financials,Reinsurance,211.16,11.6815,0.5824,8.0533,1.026915436071888,65.43,7.16,9.48,0.08039999999999999,6.49,0.7165960119327993,6.7759,65.43,7.16,6.7759,0.7165960119327993,9.48,0.08039999999999999,6.49,76.00995171938122,63.01081117835045,34.17085427135678,52.67245317496574,50.0,55.681854368347736,0.8872549019607843,0.7549019607843137,0.3333333333333333,0.5490196078431373,B+,B,C-,C+,reinsurancegroupofamericainc
FIZZ,National Beverage Corp,Consumer Staples,Soft Drinks & Non-alcoholic Beverages,34.73,16.9799,2.668,11.1118,7.322987390882637,1.24,1.01,35.99,0.1984,35.99,0.21101472906787816,-19.4013,1.24,1.01,-19.4013,0.21101472906787816,35.99,0.1984,29.759937999999984,53.80611025772316,44.536502546689306,87.36559139784947,32.387096774193544,50.0,55.677645278069726,0.5555555555555556,0.3968253968253968,0.9682539682539683,0.25396825396825395,C+,C-,A,D+,nationalbeveragecorp
VLTO,Veralto Corp,Industrials,Environmental & Facilities Services,88.24,22.8956,3.9109,16.8932,7.0592,12.53,5.97,34.47,0.23149999999999998,17.44,0.12937898089171973,-7.6311,12.53,5.97,-7.6311,0.12937898089171973,34.47,0.23149999999999998,17.44,46.17469351316021,60.68231984710222,86.37110016420361,26.980999296270234,50.0,55.669112248015445,0.46116504854368934,0.6504854368932039,0.9296116504854369,0.22330097087378642,C,B-,A-,D+,veraltocorp
FLS,Flowserve Corp,Industrials,Industrial Machinery & Supplies & Components,70.41,25.9769,1.9019,14.9956,4.081502521592951,22.82,3.76,15.809999999999999,0.0823,9.36,0.5348837209302325,48.294,22.82,3.76,48.294,0.5348837209302325,15.809999999999999,0.0823,9.36,57.23053868350152,63.96739338247324,46.14121510673235,60.059817030260376,50.0,55.64838053010519,0.6067961165048543,0.7038834951456311,0.42718446601941745,0.6310679611650486,B-,B,C,B-,flowservecorp
CHEF,Chefs' Warehouse Inc,Consumer Staples,Food Distributors,77.99,43.1343,0.7522,18.8611,5.249978122286322,29.77,9.36,12.690000000000001,0.035,5.6000000000000005,0.9460026712459452,30.1134,29.77,9.36,30.1134,0.9460026712459452,12.690000000000001,0.035,5.6000000000000005,38.769414575866186,82.53084323712508,32.79569892473118,81.21290322580646,50.0,55.64002766773565,0.3492063492063492,0.9047619047619048,0.2698412698412698,0.8095238095238095,C-,A-,D+,B+,chefswarehouseinc
ARMK,Aramark,Consumer Discretionary,Distributors,44.78,37.1569,0.6269,13.7243,3.739644575093533,24.1,6.35,10.17,0.042199999999999994,3.4299999999999997,0.8476052249637155,33.1549,24.1,6.35,33.1549,0.8476052249637155,10.17,0.042199999999999994,3.4299999999999997,42.35476856166511,78.35623204022988,28.275862068965512,86.4367816091954,50.0,55.61626038754271,0.40540540540540543,0.8445945945945946,0.21621621621621623,0.8851351351351351,C,B+,D+,B+,aramark
UBER,Uber Technologies Inc,Industrials,Passenger Ground Transportation,73.93,14.9789,2.8949,33.4852,5.680761635456928,3.3,18.28,40.31,0.107,28.27,0.16313748881598608,-12.2805,3.3,18.28,-12.2805,0.16313748881598608,40.31,0.107,26.983999999999988,46.00251885153125,71.50949044674314,78.81773399014779,25.44111061352441,50.0,55.595183422473276,0.45145631067961167,0.7864077669902912,0.8398058252427184,0.2087378640776699,C,B,B+,D+,ubertechnologiesinc
SYY,Sysco Corp,Consumer Staples,Food Distributors,72.49,19.2643,0.4189,11.8832,18.914546640574038,-4.44,2.58,88.72,0.037000000000000005,11.63,0.18177975058127233,2.4594,-4.44,2.58,2.4594,0.18177975058127233,88.72,0.037000000000000005,11.63,69.61938897422768,48.8907753254103,57.526881720430104,45.032258064516135,50.0,55.57117435164973,0.7619047619047619,0.49206349206349204,0.5476190476190477,0.4444444444444444,B,C,C+,C,syscocorp
ABG,Asbury Automotive Group Inc,Consumer Discretionary,Automotive Retail,193.35,6.8375,0.2085,9.0935,0.955285145328342,34.23,4.83,12.97,0.056900000000000006,5.56,0.0972299477138723,-13.0347,34.23,4.83,-13.0347,0.0972299477138723,12.97,0.056900000000000006,5.56,89.02609506057782,73.2421875,38.16091954022989,20.495689655172413,50.0,55.544329081236405,0.9662162162162162,0.7972972972972973,0.36486486486486486,0.17567567567567569,A,B,C-,D,asburyautomotivegroupinc
BDC,Belden Inc,Information Technology,Electronic Components,111.98,17.7471,1.5525,13.9698,3.4492317928119953,22.98,10.33,19.139999999999997,0.1162,9.48,0.16511607686288154,6.8919,22.98,10.33,6.8919,0.16511607686288154,19.139999999999997,0.1162,9.48,82.83107426415756,51.45082525771971,57.1721706149903,25.9305175468116,50.0,55.47707978069323,0.869281045751634,0.5163398692810458,0.6078431372549019,0.1830065359477124,B+,C+,B-,D,beldeninc
PPG,PPG Industries Inc,Materials,Specialty Chemicals,104.08,14.7869,1.468,10.6912,2.928382918141456,47.06,-8.81,20.84,0.1318,10.6,0.2670745411412159,-5.8014,47.06,-8.81,-5.8014,0.2670745411412159,20.84,0.1318,10.6,67.72486772486774,49.51251433867512,77.24867724867725,21.41186299081036,50.0,55.42826170928334,0.7777777777777778,0.49206349206349204,0.8095238095238095,0.1746031746031746,B,C,B+,D,ppgindustriesinc
MTRN,Materion Corp,Materials,Diversified Metals & Mining,189.4,51.7612,2.1678,35.0595,4.163369383627891,1267.71,6.04,8.14,0.061500000000000006,5.42,0.9604345711042647,131.173,619.445,6.04,131.173,0.9600719537248127,8.14,0.061500000000000006,5.42,24.338624338624342,81.54056088838698,39.15343915343915,91.21212121212122,50.0,55.423552293117524,0.11904761904761904,0.8888888888888888,0.3492063492063492,0.9682539682539683,D,B+,C-,A,materioncorp
ELV,Elevance Health Inc,Health Care,Managed Health Care,371.9,15.423,0.4035,12.5408,1.8706349545670602,-8.29,9.44,11.95,0.0381,6.950000000000001,0.6522952235434796,-9.2883,-8.29,9.44,-9.2883,0.6522952235434796,11.95,0.0381,6.950000000000001,84.51178451178451,46.701686146058215,41.10275689223057,48.34586466165413,50.0,55.41314551254624,0.9111111111111111,0.45185185185185184,0.362962962962963,0.4666666666666667,A-,C,C-,C,elevancehealthinc
SNEX,StoneX Group Inc,Financials,Investment Banking & Brokerage,105.88,23.1579,0.0581,48.0512,3.4862548443071777,-40.92,32.54,16.43,0.33,1.8800000000000001,0.9624931053502481,71.133,-40.92,32.54,65.34807,0.9506182088450298,16.43,0.33,1.8800000000000001,20.57099221598187,40.84372813472628,70.85427135678391,96.9281893337656,50.0,55.410699386889824,0.15196078431372548,0.3431372549019608,0.7156862745098039,0.9926470588235294,D,C-,B,A+,stonexgroupinc
SKY,Champion Homes Inc,Consumer Discretionary,Homebuilding,72.41,19.9126,1.6132,12.1748,2.6775182389983616,32.24,8.67,13.59,0.09789999999999999,12.58,0.32649382883869393,-11.822,32.24,8.67,-11.822,0.32649382883869393,13.59,0.09789999999999999,12.58,45.80770425598013,87.61075191570882,53.56321839080459,39.923371647509576,50.0,55.34955537433986,0.46621621621621623,0.9527027027027027,0.5067567567567568,0.3581081081081081,C,A,C+,C-,championhomesinc
RGLD,Royal Gold Inc,Materials,Gold,228.42,41.4678,18.7639,24.5292,2.6968090946763934,35.14,43.24,10.92,0.6193,9.950000000000001,0.49948585175939003,29.4091,35.14,33.85199999999998,29.4091,0.49948585175939003,10.92,0.24867999999999998,9.950000000000001,19.04761904761905,84.7873141351402,74.33862433862434,50.14430014430013,50.0,55.33288370244891,0.06349206349206349,0.9206349206349206,0.7777777777777778,0.4603174603174603,D-,A-,B,C,royalgoldinc
MUSA,Murphy USA Inc,Consumer Discretionary,Automotive Retail,592.81,23.286,0.5653,13.1529,17.65171794650381,0.37,-4.25,74.25,0.037200000000000004,17.07,0.9530738549770391,17.801,0.37,-4.25,17.801,0.8741158750827804,74.25,0.037200000000000004,17.07,51.612301957129546,34.701643318965516,60.0,77.41379310344828,50.0,55.32616277376515,0.5405405405405406,0.25,0.5912162162162162,0.8175675675675675,C+,D+,C+,B+,murphyusainc
ABNB,Airbnb Inc,Consumer Discretionary,"Hotels, Resorts & Cruise Lines",138.86,33.4037,6.8521,32.2816,10.348014009985842,-1.88,10.26,30.880000000000003,0.2078,24.79,0.7697585071350168,10.8574,-1.88,10.26,10.8574,0.7697585071350168,30.880000000000003,0.2078,24.79,13.339546442994722,68.50788544510735,80.22988505747126,66.06060606060606,50.0,55.306056176259176,0.0472972972972973,0.7432432432432432,0.875,0.6554054054054054,F,B,B+,B-,airbnbinc
WMT,Walmart Inc,Consumer Staples,Consumer Staples Merchandise Retail,130.33,48.3182,1.4833,25.9092,10.427484458383674,13.49,4.73,23.69,0.0418,15.17,0.8981308411214957,31.9797,13.49,4.73,31.9797,0.8981308411214957,23.69,0.0418,15.17,24.935995903737844,67.13464803447826,54.30107526881721,85.28535980148884,50.0,55.29326936033218,0.19047619047619047,0.7142857142857143,0.5238095238095238,0.8412698412698413,D,B,C+,B+,walmartinc
UBSI,United Bankshares Inc,Financials,Regional Banks,43.1,11.9323,4.20702,10.6224,1.0969544878418758,32.06,50.64327,9.26,0.4541967,8.450000000000001,0.7607776838546071,22.2002,32.06,50.64327,22.2002,0.7607776838546071,9.26,0.4541967,8.450000000000001,71.02793378657995,66.19323067315827,32.1608040201005,56.18655073118401,50.0,55.27314073253857,0.7990196078431373,0.8235294117647058,0.3137254901960784,0.5784313725490197,B,B+,C-,C+,unitedbanksharesinc
RRR,Red Rock Resorts Inc,Consumer Discretionary,Casinos & Gaming,51.68,28.8611,2.6984,10.8579,26.041824137062232,5.98,3.74,85.64,0.3012,5.18,0.35265519820493646,17.9639,5.98,3.74,17.9639,0.35265519820493646,85.64,0.26942,5.18,38.468468468468465,58.058815627000826,73.2183908045977,53.69797859690844,50.0,55.2730736630484,0.32432432432432434,0.6148648648648649,0.7837837837837838,0.5202702702702703,C-,B-,B,C+,redrockresortsinc
FCFS,Firstcash Holdings Inc,Financials,Consumer Finance,221.51,27.1971,2.4872,16.2841,4.2785923583733965,27.91,14.39,15.909999999999998,0.1568,8.21,0.9467863587987599,65.4171,27.91,14.39,65.34807,0.9467863587987599,15.909999999999998,0.1568,8.21,16.348901369593065,55.75253809512321,66.83417085427136,91.52010050251256,50.0,55.250295775493264,0.09803921568627451,0.5882352941176471,0.6764705882352942,0.946078431372549,D-,C+,B-,A,firstcashholdingsinc
POWL,Powell Industries Inc,Industrials,Electrical Components & Equipment,269.95,52.4355,8.8191,40.7878,15.25529089316493,-41.75,5.12,30.64,0.20199999999999999,30.64,0.9132187566305963,319.1119,-41.75,5.12,135.51259999999994,0.9132187566305963,30.64,0.20199999999999999,26.983999999999988,11.196135635372329,33.2262853875493,88.66995073891626,92.82486835400033,50.0,55.17675234188208,0.043689320388349516,0.22330097087378642,0.9611650485436893,0.970873786407767,F,D+,A,A+,powellindustriesinc
IQV,IQVIA Holdings Inc,Health Care,Life Sciences Tools & Services,160.94,20.082,1.6745,12.008,4.197354420079701,4.84,5.87,22.28,0.1334,6.41,0.23389679715302483,4.8606,4.84,5.87,4.8606,0.23389679715302483,22.28,0.1334,6.41,73.17620650953985,52.814158133469554,55.51378446115288,37.20508166969147,50.0,55.17634570330539,0.8444444444444444,0.5703703703703704,0.5407407407407407,0.3333333333333333,B+,C+,C+,C-,iqviaholdingsinc
BJ,BJ's Wholesale Club Holdings Inc,Consumer Staples,Consumer Staples Merchandise Retail,94.63,21.2168,0.5719,11.5311,5.582133397828023,9.44,4.66,27.41,0.0381,21.8,0.23625557206537862,-19.3884,9.44,4.66,-19.3884,0.23625557206537862,27.41,0.0381,21.8,67.00802184673152,58.720778372730834,60.0,33.37468982630273,50.0,55.171099101489595,0.746031746031746,0.5714285714285714,0.6111111111111112,0.2698412698412698,B,C+,B-,D+,bjswholesaleclubholdingsinc
SCSC,Scansource Inc,Information Technology,Technology Distributors,41.27,11.9943,0.2931,7.5892,1.0115890306197486,27.98,0.07,8.14,0.030699999999999998,7.13,0.6308376575240922,23.2405,27.98,0.07,23.2405,0.6308376575240922,8.14,0.030699999999999998,7.13,96.26120395958532,40.3717621609629,34.910440464020624,46.41603118868775,50.0,55.15046977583162,0.9803921568627451,0.3006535947712418,0.3006535947712418,0.42483660130718953,A+,C-,C-,C,scansourceinc
PSX,Phillips 66,Energy,Oil & Gas Refining & Marketing,178.47,15.9982,0.5321,11.1328,2.4607726884151893,117.21,-7.53,15.9,0.0172,9.17,0.8608276968932705,66.5609,117.21,-7.53,66.5609,0.8608276968932705,15.9,0.0172,9.17,63.766596785464706,53.29013699965873,54.71698113207547,49.22431865828092,50.0,55.12378561097297,0.7777777777777778,0.5555555555555556,0.5277777777777778,0.42592592592592593,B,C+,C+,C,phillips66
NTCT,Netscout Systems Inc,Information Technology,Communications Equipment,35.11,26.4158,2.941,13.2978,1.6214094393645515,,4.91,6.069999999999999,0.1278,6.069999999999999,0.9824675324675323,66.0833,,4.91,66.0833,0.9822097484633927,6.069999999999999,0.1278,6.069999999999999,73.26841251041803,40.16778523489933,37.812050905966196,71.5340237343882,50.0,55.11047764795356,0.7843137254901961,0.29411764705882354,0.3333333333333333,0.7189542483660131,B,D+,C-,B,netscoutsystemsinc
BLKB,Blackbaud Inc,Information Technology,Application Software,37.59,14.9023,1.5191,14.1356,20.641370600186704,71.88,-2.34,146.36,0.1691,9.48,0.0889323234791107,-38.7785,71.88,-2.34,-38.7785,0.0889323234791107,109.87799999999994,0.1691,9.48,84.78016113231274,41.69996661563079,72.64322858793724,11.854229160709028,50.0,55.06668658533046,0.8823529411764706,0.32679738562091504,0.738562091503268,0.058823529411764705,B+,C-,B,D-,blackbaudinc
ACA,Arcosa Inc,Industrials,Construction & Engineering,123.19,29.0233,2.0977,13.0368,2.2852701271284697,121.29,12.2,8.18,0.1186,5.0,0.8419348310058692,46.4978,107.05100000000004,12.2,46.4978,0.8419348310058692,8.18,0.1186,5.0,57.204632773765674,78.72464248559797,35.79638752052545,55.31878958479944,50.0,55.05894148765226,0.6019417475728155,0.8737864077669902,0.3058252427184466,0.5631067961165048,B-,B+,C-,C+,arcosainc
GEHC,GE Healthcare Technologies Inc,Health Care,Health Care Equipment,61.0,13.3151,1.346,9.9359,2.6784812572176286,4.78,4.85,21.240000000000002,0.134,10.59,0.07253384912959382,-13.512,4.78,4.85,-13.512,0.07253384912959382,21.240000000000002,0.134,10.59,84.85409652076318,36.62635835590499,62.40601503759399,29.3203007518797,50.0,55.00435971114623,0.9185185185185185,0.2740740740740741,0.6666666666666666,0.2518518518518518,A-,D+,B-,D+,gehealthcaretechnologiesinc
CXT,Crane NXT Co,Information Technology,Electronic Equipment & Instruments,44.49,17.6855,1.549,9.6871,2.0395626561532993,-21.44,11.43,12.22,0.1489,6.52,0.17668794088008077,-7.5821,-21.44,11.43,-7.5821,0.17668794088008077,12.22,0.1489,6.52,87.51736339576844,43.00669709553962,50.077781234721535,34.92276000797168,50.0,54.98467757832476,0.9019607843137255,0.35294117647058826,0.5098039215686274,0.29411764705882354,A-,C-,C+,D+,cranenxtco
MZTI,Marzetti Co,Consumer Staples,Packaged Foods & Meats,116.22,17.3671,1.6067,9.8588,3.20477821346437,14.08,2.34,17.79,0.1148,17.79,0.06481481481481471,-28.6118,14.08,2.34,-28.6118,0.06481481481481471,17.79,0.1148,17.79,60.71855265403653,63.86130976962896,62.903225806451616,31.52571926765475,50.0,54.98285042257878,0.6825396825396826,0.6984126984126984,0.6666666666666666,0.23809523809523808,B-,B-,B-,D+,marzettico
FCX,Freeport-McMoRan Inc,Materials,Copper,55.57,36.3017,4.3642,9.523,4.222355613977768,16.78,-27.98,12.0,0.2229,7.960000000000001,0.5701521708781236,47.7926,16.78,-17.278,47.7926,0.5701521708781236,12.0,0.2229,7.960000000000001,46.560846560846564,36.67225344243978,69.84126984126983,67.34693877551021,50.0,54.9043675441191,0.47619047619047616,0.23809523809523808,0.6825396825396826,0.6825396825396826,C,D+,B-,B-,freeportmcmoraninc
DKS,DICK'S Sporting Goods Inc,Consumer Discretionary,Specialty Stores,217.27,23.0,1.1346,11.8503,3.4842473595925454,-27.24,28.06,19.45,0.0637,14.01,0.7148548662492886,12.122,-27.24,22.80199999999999,12.122,0.7148548662492886,19.45,0.0637,14.01,49.22336129232681,60.735079575596814,52.18390804597701,61.9893899204244,50.0,54.896711233780195,0.5,0.6351351351351351,0.49324324324324326,0.5878378378378378,C,B-,C,C+,dickssportinggoodsinc
CMI,Cummins Inc,Industrials,Construction Machinery & Heavy Transportation Equipment,656.73,32.1605,2.7155,25.1476,7.344272634859714,-27.19,-1.27,24.13,0.1195,14.6,0.9530753606582991,119.0195,-27.19,-1.27,119.0195,0.9530753606582991,24.13,0.1195,14.6,34.885296602738855,26.86927418414134,67.98029556650245,94.00208986415882,50.0,54.890670851970356,0.2815533980582524,0.13592233009708737,0.7135922330097088,0.9757281553398058,D+,D,B,A+,cumminsinc
SLGN,Silgan Holdings Inc,Materials,"Metal, Glass & Plastic Containers",39.3,14.4612,0.6433,8.1097,1.8220425421434268,4.46,10.73,13.03,0.0922,4.15,0.15078985160363803,-28.35,4.46,10.73,-27.986320000000003,0.15078985160363803,13.03,0.0922,4.15,86.24338624338624,65.39711295146077,52.91005291005291,9.854497354497354,50.0,54.838681849551406,0.9206349206349206,0.7619047619047619,0.49206349206349204,0.031746031746031744,A-,B,C,F,silganholdingsinc
GS,Goldman Sachs Group Inc,Financials,Investment Banking & Brokerage,903.27,14.808,2.0926,56.2525,2.1428703602219947,27.69,1.28,14.56,0.1775,1.38,0.813933826889681,59.5601,27.69,1.28,59.5601,0.813933826889681,14.56,0.1775,1.38,40.1123263375702,38.87632742676533,61.30653266331658,83.3100988815043,50.0,54.79200001187563,0.3333333333333333,0.31862745098039214,0.6225490196078431,0.8627450980392157,C-,C-,B-,B+,goldmansachsgroupinc
LNT,Alliant Energy Corp,Utilities,Electric Utilities,73.68,23.1788,4.4359,16.3589,2.5832962270832387,9.76,9.02,11.24,0.2373,4.3,0.8760951188986237,20.4512,9.76,9.02,20.4512,0.8760951188986237,11.24,0.2373,4.3,27.13947990543735,61.34421134421134,61.481481481481474,76.75213675213675,50.0,54.77450996599933,0.2127659574468085,0.6808510638297872,0.5957446808510638,0.8085106382978723,D+,B-,C+,B+,alliantenergycorp
APPF,Appfolio Inc,Information Technology,Application Software,173.63,40.4001,6.1681,31.2327,11.517133419122038,-21.42,20.72,30.9,0.1707,30.9,0.16856690851562928,-18.1222,-21.42,20.72,-18.1222,0.16856690851562928,30.9,0.1707,30.9,45.71946601160971,52.53565900640164,77.78271626887121,41.955290256086855,50.0,54.77373542261793,0.49019607843137253,0.5490196078431373,0.8104575163398693,0.35947712418300654,C,C+,B+,C-,appfolioinc
MSCI,MSCI Inc,Financials,Financial Exchanges & Data,582.27,32.1881,13.113,24.72,130.8324907313785,20.42,10.86,108.67,0.5536,15.49,0.648482428115016,4.7587,20.42,10.86,4.7587,0.648482428115016,45.141999999999946,0.5536,15.49,6.8627450980392135,59.11889624959932,97.73869346733667,58.88190954773869,50.0,54.75052080081157,0.024509803921568627,0.6666666666666666,0.9779411764705882,0.6225490196078431,F,B-,A+,B-,msciinc
STRA,Strategic Education Inc,Consumer Discretionary,Education Services,76.97,13.7466,1.3724,7.0535,1.073801721263562,16.1,3.96,7.66,0.1374,7.66,0.30609881897223196,-9.0834,16.1,3.96,-9.0834,0.30609881897223196,7.66,0.1374,7.66,68.60981671326498,61.97156830238726,48.390804597701155,40.3183023872679,50.0,54.70812946567257,0.7635135135135135,0.6486486486486487,0.4527027027027027,0.36486486486486486,B,B-,C,C-,strategiceducationinc
HWKN,Hawkins Inc,Materials,Commodity Chemicals,165.05,41.9909,3.2551,21.4223,7.417010816567728,0.89,11.65,16.73,0.1151,11.14,0.7019984464373986,32.5703,0.89,11.65,32.5703,0.7019984464373986,16.73,0.1151,11.14,27.51322751322751,65.52638183072966,72.4867724867725,57.90200138026225,50.0,54.68567664219838,0.18253968253968253,0.7777777777777778,0.746031746031746,0.5873015873015873,D,B,B,C+,hawkinsinc
ATI,ATI Inc,Industrials,Aerospace & Defense,153.89,49.3542,4.5707,27.7211,11.592729025891357,10.68,2.93,24.23,0.1432,11.82,0.8652022793370059,131.1702,10.68,2.93,131.1702,0.8652022793370059,24.23,0.1432,11.82,19.974652063704625,45.98875043052544,66.00985221674877,94.8768472906404,50.0,54.66924561434652,0.11650485436893204,0.41262135922330095,0.6844660194174758,0.9854368932038835,D,C,B-,A+,atiinc
DHI,D.R. Horton Inc,Consumer Discretionary,Homebuilding,143.53,12.8293,1.2205,10.4566,1.7472229830487844,-19.22,-5.57,13.239999999999998,0.1268,10.47,0.4171936056838367,12.7406,-19.22,-5.57,12.7406,0.4171936056838367,13.239999999999998,0.1268,10.47,63.2618825722274,37.154274425287355,54.94252873563219,63.37164750957855,50.0,54.65628721393807,0.7162162162162162,0.30405405405405406,0.5236486486486487,0.6013513513513513,B,C-,C+,B-,drhortoninc
TER,Teradyne Inc,Information Technology,Semiconductor Materials & Equipment,337.44,95.352,16.5608,80.8359,18.839398371986555,4.98,13.13,19.88,0.20379999999999998,19.189999999999998,0.7573925501432665,344.7022,4.98,13.13,344.7022,0.7573925501432665,19.88,0.20379999999999998,19.189999999999998,19.353423696100368,57.76433413650555,74.62405736551254,73.01821145365564,50.0,54.650879383435466,0.11764705882352941,0.6405228758169934,0.7712418300653595,0.7516339869281046,D,B-,B,B,teradyneinc
SAFT,Safety Insurance Group Inc,Financials,Property & Casualty Insurance,75.29,11.1696,0.8863,8.7971,1.2345679012345678,40.54,13.6,11.29,0.0932,10.86,0.48092047771628355,-0.7807,40.54,13.6,-0.7807,0.48092047771628355,11.29,0.0932,10.86,71.14986698196867,63.49242878786634,44.9748743718593,38.799123824249456,50.0,54.489495860880155,0.8088235294117647,0.7647058823529411,0.4387254901960784,0.36764705882352944,B+,B,C,C-,safetyinsurancegroupinc
ZWS,Zurn Elkay Water Solutions Corp,Industrials,Industrial Machinery & Supplies & Components,50.3,42.948,5.0143,25.3193,5.2386556547278085,26.08,8.26,12.559999999999999,0.1704,9.55,0.8253407370015143,43.8376,26.08,8.26,43.8376,0.8253407370015143,12.559999999999999,0.1704,9.55,22.25915474994819,80.23757763501958,56.97865353037767,68.11576354679802,50.0,54.48012030644499,0.1407766990291262,0.8980582524271845,0.587378640776699,0.6941747572815534,D,B+,C+,B-,zurnelkaywatersolutionscorp
CHD,Church & Dwight Co Inc,Consumer Staples,Household Products,92.89,29.834,3.5241,20.9238,5.490342104640991,30.09,2.22,17.45,0.17300000000000001,11.44,0.46782679077296635,-0.0538,30.09,2.22,-0.0538,0.46782679077296635,17.45,0.17300000000000001,11.44,24.4410308926438,68.88322957932465,61.29032258064516,71.08721624850656,50.0,54.42692753388848,0.1746031746031746,0.7301587301587301,0.6507936507936508,0.7301587301587301,D,B,B-,B,churchdwightcoinc
WWW,Wolverine World Wide Inc,Consumer Discretionary,Footwear,16.42,15.2182,0.7697,10.3862,3.267336583424535,,3.61,26.35,0.0794,9.120000000000001,0.15892169448010285,16.6193,,3.61,16.6193,0.15892169448010285,26.35,0.0794,9.120000000000001,65.51879465672569,49.737631184407796,53.793103448275865,48.06596701649175,50.0,54.3886941664303,0.7432432432432432,0.47297297297297297,0.5135135135135135,0.4527027027027027,B,C,C+,C,wolverineworldwideinc
IBOC,International Bancshares Corp,Financials,Regional Banks,71.12,10.6822,3.41763,9.3774,1.3597586390177312,0.83,69.21539,13.41,0.6315208,10.86,0.6976906927921628,13.3025,0.83,69.21539,13.3025,0.6976906927921628,13.41,0.6162802,10.86,68.59419647255888,50.809374203755574,54.773869346733676,41.63514200214556,50.0,54.33091969600337,0.7598039215686274,0.4950980392156863,0.5588235294117647,0.4019607843137255,B,C,C+,C,internationalbancsharescorp
RPM,RPM International Inc,Materials,Specialty Chemicals,98.22,18.8316,1.6258,13.3639,4.366381264836894,3.92,5.68,21.8,0.1152,11.78,0.14640883977900543,-10.96,3.92,5.68,-10.96,0.14640883977900543,21.8,0.1152,11.78,55.02645502645502,64.07501338666911,79.36507936507935,14.360902255639097,50.0,54.285066726345235,0.6190476190476191,0.7301587301587301,0.8253968253968254,0.09523809523809523,B-,B,B+,D-,rpminternationalinc
PLMR,Palomar Holdings Inc,Financials,Property & Casualty Insurance,115.55,15.5457,3.5447,12.2162,3.2508179795132355,60.46,56.04,22.79,0.28,22.79,0.11453744493392068,-23.8851,60.46,56.04,-23.8851,0.11453744493392068,22.79,0.28,22.79,31.870134988668838,86.19181865255163,81.90954773869346,17.819868573637418,50.0,54.24725812707838,0.25980392156862747,0.9754901960784313,0.8235294117647058,0.1323529411764706,D+,A+,B+,D,palomarholdingsinc
RDN,Radian Group Inc,Financials,Property & Casualty Insurance,35.46,8.2057,3.8491,6.5674,1.004862787771619,5.61,-3.73,12.590000000000002,0.6816,8.86,0.539509536784741,4.8182,5.61,-3.73,4.8182,0.539509536784741,12.590000000000002,0.6162802,8.86,89.02478076657798,20.478437045377955,52.76381909547738,48.455095992784436,50.0,54.23385657314632,0.9754901960784313,0.11274509803921569,0.5392156862745098,0.46568627450980393,A+,D,C+,C,radiangroupinc
AEO,American Eagle Outfitters Inc,Consumer Discretionary,Apparel Retail,16.4,14.377,0.5021,5.5358,1.6365468860703913,-33.7,3.16,12.120000000000001,0.0412,11.19,0.3715476810838978,47.7477,-33.7,3.16,47.7477,0.3715476810838978,12.120000000000001,0.0412,11.19,81.70549860205033,28.474286563614747,40.3448275862069,65.08917954815695,50.0,54.22527476941865,0.9121621621621622,0.19594594594594594,0.39864864864864863,0.6418918918918919,A-,D,C-,B-,americaneagleoutfittersinc
DUOL,Duolingo Inc,Consumer Discretionary,Education Services,110.23,12.6145,5.034,29.2966,3.815718419850182,353.51,38.71,36.6,0.1307,36.6,0.04887974794328725,-77.3385,202.9259999999997,22.80199999999999,-37.93104,0.04887974794328725,36.6,0.1307,36.6,32.95278036657347,97.2086372679045,77.93103448275862,10.251989389920423,50.0,54.213079043898006,0.2702702702702703,0.9864864864864865,0.8445945945945946,0.013513513513513514,D+,A+,B+,F,duolingoinc
VSCO,Victoria's Secret & Co,Consumer Discretionary,Apparel Retail,50.28,25.1297,0.6174,15.2124,4.699065420560748,-3.99,5.2,22.720000000000002,0.0414,8.83,0.6635061488279748,156.6616,-3.99,5.2,70.81763999999993,0.6635061488279748,22.720000000000002,0.0414,8.83,45.69120844982913,44.87217598097503,44.36781609195402,88.58501783590964,50.0,54.20619489882273,0.4594594594594595,0.3918918918918919,0.44594594594594594,0.9121621621621622,C,C-,C,A-,victoriassecretco
PG,Procter & Gamble Co,Consumer Staples,Personal Care Products,143.42,20.2971,3.9171,14.9778,6.457655126456034,7.54,1.08,31.25,0.23579999999999998,18.709999999999997,0.17380881030865994,-10.6529,7.54,1.08,-10.6529,0.17380881030865994,31.25,0.23579999999999998,18.709999999999997,39.39238777948455,53.333302576216134,81.18279569892472,41.93548387096774,50.0,54.1975531590391,0.36507936507936506,0.5555555555555556,0.8571428571428571,0.3968253968253968,C-,C+,B+,C-,proctergambleco
LPG,Dorian LPG Ltd,Energy,Oil & Gas Storage & Transportation,39.41,13.9513,4.1683,9.2696,1.61043822226581,-27.64,-3.51,11.41,0.34869999999999995,7.59,0.9793319520945977,79.055,-27.64,-3.51,79.055,0.9793319520945977,11.41,0.34869999999999995,7.59,46.57582110412299,30.647056979878393,64.77987421383648,76.1320754716981,50.0,54.194750319805166,0.4074074074074074,0.14814814814814814,0.7037037037037037,0.7777777777777778,C,D,B,B,dorianlpgltd
IT,Gartner Inc,Information Technology,IT Consulting & Other Services,147.71,13.6144,1.528,9.1028,32.713219498150735,-39.79,3.67,74.66000000000001,0.15789999999999998,20.43,0.027291633338665817,-65.4471,-39.79,3.67,-45.042,0.08229678542178549,74.66000000000001,0.15789999999999998,20.43,90.13759120352093,22.686168316125606,79.36649036253463,11.074381083603715,50.0,54.12813027145975,0.9411764705882353,0.10457516339869281,0.8169934640522876,0.042483660130718956,A,D,B+,F,gartnerinc
FICO,Fair Isaac Corp,Information Technology,Application Software,1060.0,37.3711,11.9166,27.7677,93.19009020097411,23.94,16.19,145.71,0.47479999999999994,30.869999999999997,0.14098501769826136,-48.2465,23.94,16.19,-45.042,0.14098501769826136,109.87799999999994,0.44785,30.869999999999997,42.50997938325219,61.966314229590274,94.64124331451768,12.128262304320444,50.0,54.10672098122461,0.45098039215686275,0.6862745098039216,0.9803921568627451,0.06535947712418301,C,B-,A+,D-,fairisaaccorp
TDY,Teledyne Technologies Inc,Information Technology,Electronic Equipment & Instruments,637.58,31.6582,4.7445,22.3174,2.8007692692908157,2.46,6.62,8.85,0.19269999999999998,7.140000000000001,0.7546928186982104,33.1537,2.46,6.62,33.1537,0.7546928186982104,8.85,0.19269999999999998,7.140000000000001,56.73553537746195,44.78957736549896,52.26158199623686,64.46429697950732,50.0,54.10005421242596,0.6013071895424836,0.38562091503267976,0.5424836601307189,0.6078431372549019,B-,C-,C+,B-,teledynetechnologiesinc
MSA,MSA Safety Inc,Industrials,Office Services & Supplies,165.26,23.103,3.4371,14.1268,4.704201216613579,-1.62,3.69,21.82,0.19829999999999998,14.87,0.2447673412904339,5.2477,-1.62,3.69,5.2477,0.2447673412904339,21.82,0.19829999999999998,14.87,54.02537982049197,44.51103974224381,75.69786535303777,38.779840848806366,50.0,54.08898741159247,0.558252427184466,0.3737864077669903,0.8106796116504854,0.35436893203883496,C+,C-,B+,C-,msasafetyinc
ITRI,Itron Inc,Information Technology,Electronic Equipment & Instruments,84.22,12.4628,1.585,11.9025,2.2043138804770868,25.51,-3.02,18.490000000000002,0.1323,10.48,0.08972036234738076,-22.1842,25.51,-3.02,-22.1842,0.08972036234738076,18.490000000000002,0.1323,10.48,87.6767410916641,41.83117164281918,60.392313732462185,18.51246076886571,50.0,54.08599018836855,0.9084967320261438,0.33986928104575165,0.6339869281045751,0.10457516339869281,A-,C-,B-,D,itroninc
FHB,First Hawaiian Inc,Financials,Regional Banks,27.2,11.7352,2.87853,8.5715,1.2050221068393865,24.47,46.17888,10.39,0.4130372,10.39,0.7984224364592459,16.939,24.47,46.17888,16.939,0.7984224364592459,10.39,0.4130372,10.39,68.23948172233719,58.42888337859065,39.19597989949749,52.5887866297781,50.0,54.062399407132425,0.75,0.6519607843137255,0.38235294117647056,0.5441176470588235,B,B-,C-,C+,firsthawaiianinc
DIS,Walt Disney Co,Communication Services,Movies & Entertainment,101.31,14.6868,1.88,11.9317,1.6791415842371846,120.36,3.47,11.35,0.1353,8.09,0.33352337514253144,9.5362,120.36,3.47,9.5362,0.33352337514253144,11.35,0.1353,8.09,51.377091377091375,70.4679089026915,48.12169312169312,50.349206349206355,50.0,54.03811917507569,0.5405405405405406,0.8108108108108109,0.3783783783783784,0.4864864864864865,C+,B+,C-,C,waltdisneyco
ITT,ITT Inc,Industrials,Industrial Machinery & Supplies & Components,209.04,38.2966,4.7451,21.003,4.39637168941897,-3.01,8.48,16.150000000000002,0.17370000000000002,12.46,0.8209664015196485,47.3981,-3.01,8.48,47.3981,0.8209664015196485,16.150000000000002,0.17370000000000002,12.46,28.146571651760798,60.14472007858787,63.875205254515606,69.9313863476425,50.0,54.02066551181518,0.21844660194174756,0.6407766990291263,0.6553398058252428,0.7233009708737864,D+,B-,B-,B,ittinc
DOCS,Doximity Inc,Health Care,Health Care Technology,24.89,19.2776,7.236,18.1112,4.342288904396371,18.89,15.92,22.89,0.37439999999999996,22.89,0.07755539671193709,-58.0482,18.89,15.92,-45.84492,0.07755539671193709,22.89,0.37439999999999996,22.89,46.52076318742985,71.17592868309387,85.46365914786968,8.928571428571427,50.0,54.017005606157944,0.45925925925925926,0.8074074074074075,0.8962962962962963,0.05185185185185185,C,B+,B+,D-,doximityinc
L,Loews Corp,Financials,Multi-line Insurance,105.15,12.824,1.1568,11.5087,1.1592269615354935,24.7,5.29,9.3,0.14279999999999998,6.15,0.6728187919463089,19.3395,24.7,5.29,19.3395,0.6728187919463089,9.3,0.14279999999999998,6.15,65.56187801753867,54.6639598247676,32.663316582914575,67.47440908244928,50.0,53.983972431556694,0.7009803921568627,0.5490196078431373,0.31862745098039214,0.7303921568627451,B,C+,C-,B,loewscorp
PH,Parker-Hannifin Corp,Industrials,Industrial Machinery & Supplies & Components,867.75,30.7627,5.3178,24.9768,8.029317302149387,13.38,2.78,25.650000000000002,0.21050000000000002,15.049999999999999,0.6080862533692722,40.1813,13.38,2.78,40.1813,0.6080862533692722,25.650000000000002,0.21050000000000002,15.049999999999999,27.608525834170294,52.523893635443024,80.13136288998358,57.705840957072496,50.0,53.98091909954157,0.2087378640776699,0.5485436893203883,0.8640776699029126,0.5922330097087378,D+,C+,B+,C+,parkerhannifincorp
INSP,Inspire Medical Systems Inc,Health Care,Health Care Equipment,54.84,10.8597,1.7317,23.3093,2.0063439101755,185.05,13.6,21.07,0.051500000000000004,21.07,0.056844850065189106,-65.6843,185.05,13.6,-45.84492,0.056844850065189106,21.07,0.051500000000000004,21.07,64.6969696969697,78.60009314985865,62.03007518796992,7.724812030075187,50.0,53.94674225722167,0.7111111111111111,0.8962962962962963,0.6592592592592592,0.02962962962962963,B,B+,B-,F,inspiremedicalsystemsinc
FAST,Fastenal Co,Industrials,Trading Companies & Distributors,44.88,39.668,6.1062,27.3559,13.065502183406114,12.69,10.94,33.25,0.2025,31.869999999999997,0.5068483751726031,9.3035,12.69,10.94,9.3035,0.5068483751726031,33.25,0.2025,26.983999999999988,19.49638911473528,71.20352948038081,89.49096880131363,37.103448275862064,50.0,53.9082350302608,0.11165048543689321,0.7718446601941747,0.970873786407767,0.33980582524271846,D,B,A+,C-,fastenalco
LOW,Lowe's Companies Inc,Consumer Discretionary,Home Improvement Retail,223.72,18.8994,1.4574,13.6529,113.80608403703327,-2.89,3.12,264.53000000000003,0.1177,27.57,0.1618518070832828,-1.5274,-2.89,3.12,-1.5274,0.1618518070832828,170.61999999999995,0.1177,27.57,45.28735632183908,45.601489028213166,82.8735632183908,38.68338557993731,50.0,53.89720480668757,0.4391891891891892,0.40540540540540543,0.918918918918919,0.34797297297297297,C,C,A-,C-,lowescompaniesinc
IDCC,InterDigital Inc,Information Technology,Communications Equipment,272.96,19.3998,8.5744,13.9324,6.367126815363586,-15.71,1.65,33.37,0.4962,23.630000000000003,0.3343502717132233,29.3833,-15.71,1.65,29.3833,0.3343502717132233,33.37,0.44785,23.630000000000003,63.88267462092964,22.496547585016167,88.71283168140805,31.124790731439916,50.0,53.87314423887563,0.6601307189542484,0.0915032679738562,0.9150326797385621,0.2679738562091503,B-,D-,A-,D+,interdigitalinc
USPH,US Physical Therapy Inc,Health Care,Health Care Facilities,70.92,27.2533,1.3813,11.2026,2.251092694105959,25.0,16.33,8.0,0.1108,6.03,0.15840477077897877,-1.9494,25.0,16.33,-1.9494,0.15840477077897877,8.0,0.1108,6.03,70.47699214365882,70.7810089409252,41.60401002506266,33.3316048742546,50.0,53.842773305216326,0.8148148148148148,0.7925925925925926,0.37407407407407406,0.2962962962962963,B+,B,C-,D+,usphysicaltherapyinc
VSNT,Versant Media Group Inc,Communication Services,Cable & Satellite,41.4,10.4466,1.1787,,0.5863084237225487,-19.22,,,0.1552,,0.44706251963556387,,-19.22,,,0.44706251963556387,,0.1552,,69.81981981981981,40.21739130434783,52.77777777777778,50.67632850241546,50.0,53.82814336075205,0.8378378378378378,0.2972972972972973,0.5135135135135135,0.5135135135135135,B+,D+,C+,C+,versantmediagroupinc
WM,Waste Management Inc,Industrials,Environmental & Facilities Services,227.85,34.539,3.711,16.1643,9.190205181363869,-1.6,14.24,28.99,0.1709,8.24,0.6245834875971861,-2.6032,-1.6,14.24,-2.6032,0.6245834875971861,28.99,0.1709,8.24,37.939005531908116,62.55936518191221,67.4055829228243,49.85925404644617,50.0,53.81987095935478,0.32524271844660196,0.6747572815533981,0.7087378640776699,0.470873786407767,C-,B-,B,C,wastemanagementinc
CPK,Chesapeake Utilities Corp,Utilities,Gas Utilities,126.48,21.6125,3.1596,13.0183,1.8907525338595388,13.67,18.22,9.26,0.2666,4.569999999999999,0.44339250493096666,-4.802,13.67,18.22,-4.802,0.44339250493096666,9.26,0.2666,4.569999999999999,55.429472025216704,80.04115226337447,61.48148148148149,17.86008230452675,50.0,53.8079852902548,0.6170212765957447,0.8936170212765957,0.6170212765957447,0.14893617021276595,B-,B+,B-,D,chesapeakeutilitiescorp
HII,Huntington Ingalls Industries Inc,Industrials,Aerospace & Defense,363.37,23.6224,1.1448,15.2852,2.810801361115688,10.17,8.23,12.280000000000001,0.0526,7.8,0.6055113288426209,57.9732,10.17,8.23,57.9732,0.6055113288426209,12.280000000000001,0.0526,7.8,64.50252682258038,55.14307853129221,34.81116584564861,64.58866995073892,50.0,53.77477286346347,0.7427184466019418,0.5922330097087378,0.28398058252427183,0.6601941747572816,B,C+,D+,B-,huntingtoningallsindustriesinc
ZTS,Zoetis Inc,Health Care,Pharmaceuticals,112.68,17.8073,5.0279,14.8364,14.374282433983927,10.17,2.28,58.230000000000004,0.3549,22.45,0.009645767503742101,-28.4299,10.17,2.28,-28.4299,0.043841015716697344,58.230000000000004,0.3549,22.45,57.51964085297419,47.56904637832204,90.72681704260651,10.838345864661653,50.0,53.74309292249191,0.6592592592592592,0.4740740740740741,0.9703703703703703,0.08888888888888889,B-,C,A+,D-,zoetisinc
SHC,Sotera Health Co,Health Care,Health Care Services,15.39,56.3004,3.7715,18.7569,7.221622636197269,52.47,5.74,14.979999999999999,0.2541,2.79,0.507454445057979,24.3134,52.47,5.74,24.3134,0.507454445057979,14.979999999999999,0.2541,2.79,40.58361391694726,52.62495739087166,55.889724310776934,70.29679461812425,50.0,53.70268495873023,0.37037037037037035,0.562962962962963,0.5481481481481482,0.7333333333333333,C-,C+,C+,B,soterahealthco
ATR,Aptargroup Inc,Materials,"Metal, Glass & Plastic Containers",120.6,19.7446,1.9714,10.7456,2.9018915231561797,7.17,8.95,14.360000000000001,0.13470000000000001,9.73,0.2845560414721634,-20.6579,7.17,8.95,-20.6579,0.2845560414721634,14.360000000000001,0.13470000000000001,9.73,55.555555555555564,64.31878306878306,71.95767195767196,19.70899470899471,50.0,53.68386243386244,0.6428571428571429,0.746031746031746,0.7222222222222222,0.14285714285714285,B-,B,B,D,aptargroupinc
UPS,United Parcel Service Inc,Industrials,Air Freight & Logistics,96.31,15.5928,0.9267,8.6244,5.035316752845469,-9.84,-2.85,33.03,0.08460000000000001,12.989999999999998,0.35412026726057916,-0.0934,-9.84,-2.85,-0.0934,0.35412026726057916,33.03,0.08460000000000001,12.989999999999998,84.4086278635994,27.16125602304234,62.5615763546798,32.50049261083744,50.0,53.67490078134576,0.9174757281553398,0.14563106796116504,0.6407766990291263,0.3106796116504854,A-,D,B-,C-,unitedparcelserviceinc
DBX,Dropbox Inc,Information Technology,Application Software,25.08,11.7777,2.3752,9.6958,30.48869438366156,46.77,-1.07,-36.76,0.2733,-27.12,0.3162073797290984,-12.3383,46.77,-1.07,-12.3383,0.3162073797290984,-9.676,0.2733,-7.303999999999999,88.60083929171968,40.78891136606955,28.944990147710268,55.50576252026295,50.0,53.645392137123984,0.9150326797385621,0.3137254901960784,0.24183006535947713,0.5424836601307189,A-,C-,D+,C+,dropboxinc
EOG,EOG Resources Inc,Energy,Oil & Gas Exploration & Production,141.61,15.2523,3.351,7.4204,2.552189122602761,-18.99,-4.29,16.76,0.2817,13.88,0.7959281094111752,27.7377,-18.99,-4.29,27.7377,0.7959281094111752,16.76,0.2817,13.88,55.322618215699976,39.876381934302074,81.44654088050315,32.3367198838897,50.0,53.63491013768913,0.6666666666666666,0.3333333333333333,0.8796296296296297,0.2222222222222222,B-,C-,B+,D+,eogresourcesinc
ADMA,ADMA Biologics Inc,Health Care,Biotechnology,10.31,16.4839,4.7474,12.7976,5.138044453304096,-25.56,19.63,34.98,0.36869999999999997,29.82,0.1825629126202157,-54.7916,-25.56,19.63,-45.84492,0.1825629126202157,34.98,0.36869999999999997,29.82,62.51964085297419,44.46491641645367,89.72431077694235,7.789473684210527,50.0,53.51186592761197,0.6888888888888889,0.4222222222222222,0.9555555555555556,0.037037037037037035,B-,C,A,F,admabiologicsinc
HSIC,Henry Schein Inc,Health Care,Health Care Distributors,72.02,20.7642,0.6268,12.2838,2.5694449399559036,7.13,4.03,11.92,0.0495,6.25,0.3683247988295535,10.291,7.13,4.03,10.291,0.3683247988295535,11.92,0.0495,6.25,78.34455667789001,39.48193773283834,40.6015037593985,54.3314808761033,50.0,53.499198831110455,0.8740740740740741,0.35555555555555557,0.35555555555555557,0.5481481481481482,B+,C-,C-,C+,henryscheininc
SEM,Select Medical Holdings Corp,Health Care,Health Care Facilities,16.44,15.2732,0.3694,8.3739,1.195392938165319,-52.12,13.28,7.829999999999999,0.0583,3.7600000000000002,0.6962209302325582,-9.8684,-52.12,13.28,-9.8684,0.6962209302325582,7.829999999999999,0.0583,3.7600000000000002,90.81369248035917,38.29359374879671,34.837092731829564,47.08322530464091,50.0,53.488060113734704,0.9777777777777777,0.3111111111111111,0.2962962962962963,0.4444444444444444,A+,C-,D+,C,selectmedicalholdingscorp
WEX,WEX Inc,Financials,Transaction & Payment Processing Services,154.18,16.8861,1.942,10.3778,4.283813032593988,14.77,3.29,26.950000000000003,0.2464,4.93,0.5110362888140668,23.8792,14.77,3.29,23.8792,0.5110362888140668,26.950000000000003,0.2464,4.93,25.656468617597795,35.60335128815924,87.43718592964824,65.45965119716227,50.0,53.48601413387581,0.20588235294117646,0.27450980392156865,0.8774509803921569,0.7009803921568627,D+,D+,B+,B,wexinc
VMC,Vulcan Materials Co,Materials,Construction Materials,287.72,35.0255,4.749,17.7181,4.407718562910945,18.37,7.06,12.740000000000002,0.2039,8.219999999999999,0.44919989839979735,7.7401,18.37,7.06,7.7401,0.44919989839979735,12.740000000000002,0.2039,8.219999999999999,32.804232804232804,70.34161490683229,71.95767195767196,40.992063492063494,50.0,53.45721187025535,0.30952380952380953,0.8253968253968254,0.7222222222222222,0.3492063492063492,C-,B+,B,C-,vulcanmaterialsco
NRG,NRG Energy Inc,Utilities,Independent Power Producers & Energy Traders,154.82,38.1335,1.0727,14.3304,17.533607402122332,-17.71,9.18,39.65,0.058499999999999996,5.87,0.5373880989994733,32.7332,-17.71,9.18,32.7332,0.5373880989994733,23.937999999999988,0.1094,5.87,47.249802994483844,42.34539066554877,62.96296296296296,61.93236714975845,50.0,53.40874305242315,0.48936170212765956,0.3191489361702128,0.6595744680851063,0.574468085106383,C,C-,B-,C+,nrgenergyinc
BOH,Bank of Hawaii Corp,Financials,Regional Banks,79.14,14.2951,3.18756,12.7176,1.6982869061950778,38.55,38.5708,12.120000000000001,0.3821164,10.94,0.8462032085561498,15.8033,38.55,38.5708,15.8033,0.8462032085561498,12.120000000000001,0.3821164,10.94,48.61809045226131,59.34014116695184,50.753768844221106,58.45745581841794,50.0,53.40248422119456,0.45588235294117646,0.6764705882352942,0.5196078431372549,0.6127450980392157,C,B-,C+,B-,bankofhawaiicorp
UMBF,UMB Financial Corp,Financials,Regional Banks,129.41,14.0242,2.36702,13.4252,1.2776994498615766,4.25,72.21914,9.629999999999999,0.3178459,6.52,0.8252933507170791,28.9715,4.25,72.21914,28.9715,0.8252933507170791,9.629999999999999,0.3178459,6.52,56.87259828554538,55.62635291041056,34.67336683417086,71.54536728586754,50.0,53.32083531918468,0.5686274509803921,0.5784313725490197,0.3382352941176471,0.7794117647058824,C+,C+,C-,B,umbfinancialcorp
BANC,Banc of California Inc,Financials,Regional Banks,18.59,11.9701,1.98464,17.3816,0.8160774724864682,74.78,26.60258,7.07,0.3988023,4.66,0.6391875746714456,35.2984,74.78,26.60258,35.2984,0.6391875746714456,7.07,0.3988023,4.66,80.07931815942457,56.60730676514256,15.577889447236181,65.3819660098244,50.0,53.312156456658585,0.9117647058823529,0.6127450980392157,0.15196078431372548,0.696078431372549,A-,B-,D,B-,bancofcaliforniainc
AWR,American States Water Co,Utilities,Water Utilities,76.07,22.7801,5.6998,15.0153,2.8433981729288456,6.32,11.14,13.100000000000001,0.3899,6.76,0.49073387694588533,-4.96,6.32,11.14,-4.96,0.49073387694588533,13.100000000000001,0.38946000000000003,6.76,27.234042553191486,68.6429512516469,89.62962962962963,26.570048309178745,50.0,53.25851795787041,0.23404255319148937,0.7446808510638298,0.9574468085106383,0.2553191489361702,D+,B,A,D+,americanstateswaterco
AGCO,AGCO Corp,Industrials,Agricultural & Farm Machinery,121.28,12.0271,0.8667,12.5599,2.061186371832719,-6.33,-13.55,17.36,0.0751,10.4,0.5542789223454834,27.4217,-6.33,-9.751999999999999,27.4217,0.5542789223454834,17.36,0.0751,10.4,81.08629457809236,25.081709242958535,48.11165845648605,54.67569786535303,50.0,53.250969680306916,0.8786407766990292,0.12135922330097088,0.4563106796116505,0.5436893203883495,B+,D,C,C+,agcocorp
DORM,Dorman Products Inc,Consumer Discretionary,Automotive Parts & Equipment,110.85,16.3697,1.5691,10.3768,2.2808266530592087,8.39,6.03,14.34,0.1406,10.870000000000001,0.1812404120096428,-3.8345,8.39,6.03,-3.8345,0.1812404120096428,14.34,0.1406,10.870000000000001,56.96489593041317,67.93658067996653,59.08045977011494,28.10939357907253,50.0,53.220533776939845,0.6351351351351351,0.7297297297297297,0.5743243243243243,0.2635135135135135,B-,B,C+,D+,dormanproductsinc
LAD,Lithia Motors Inc,Consumer Discretionary,Automotive Retail,282.02,7.8287,0.1705,11.1859,1.0036756122698829,8.3,3.87,12.09,0.0424,3.95,0.349726775956284,-4.8836,8.3,3.87,-4.8836,0.349726775956284,12.09,0.0424,3.95,82.35942839391114,57.41177262931035,31.494252873563216,41.01293103448276,50.0,53.14836104962722,0.918918918918919,0.5945945945945946,0.2635135135135135,0.3783783783783784,A-,C+,D+,C-,lithiamotorsinc
BG,Bunge Global ltd,Consumer Staples,Agricultural Products & Services,127.62,30.3439,0.3521,16.6306,1.5519883254286757,-32.99,32.43,6.140000000000001,0.018500000000000003,3.2199999999999998,0.9285595889275651,61.116,-32.99,14.026499999999995,61.116,0.9285595889275651,6.140000000000001,0.018500000000000003,3.2199999999999998,55.20566649598908,59.75155631013016,20.43010752688172,86.4,50.0,53.139254767743736,0.6190476190476191,0.6190476190476191,0.1746031746031746,0.873015873015873,B-,B-,D,B+,bungegloballtd
GWW,WW Grainger Inc,Industrials,Industrial Machinery & Supplies & Components,1142.14,31.7796,3.0217,20.2962,14.496498801202733,-8.76,4.51,47.22,0.1391,28.51,0.754926147832495,6.9419,-8.76,4.51,6.9419,0.754926147832495,47.22,0.1391,26.983999999999988,38.67154494874615,43.69121572709419,83.9080459770115,43.74032371569318,50.0,53.131205619996884,0.33980582524271846,0.3640776699029126,0.8980582524271845,0.39805825242718446,C-,C-,B+,C-,wwgraingerinc
FRPT,Freshpet Inc,Consumer Staples,Packaged Foods & Meats,63.56,22.3784,2.8254,29.5764,2.575197718138208,166.6,13.01,12.35,0.0687,8.95,0.3903345724907064,-16.7627,48.841999999999935,13.01,-16.7627,0.3903345724907064,12.35,0.0687,8.95,27.00972862263185,97.75506770413392,41.39784946236559,57.17523975588492,50.0,53.087956013253134,0.25396825396825395,1.0,0.3492063492063492,0.5555555555555556,D+,A+,C-,C+,freshpetinc
CL,Colgate-Palmolive Co,Consumer Staples,Household Products,85.37,32.1768,3.3642,19.3892,1266.6172106824927,-25.35,1.4,431.59000000000003,0.1606,24.07,0.43675610248133967,-5.6477,-25.35,1.4,-5.6477,0.43675610248133967,149.34949999999998,0.1606,24.07,23.39136371394436,37.039133077616384,86.82795698924731,65.47192353643966,50.0,53.057041498609124,0.15873015873015872,0.3333333333333333,0.9523809523809523,0.6190476190476191,D,C-,A,B-,colgatepalmoliveco
NDAQ,Nasdaq Inc,Financials,Financial Exchanges & Data,91.3,28.878,6.2496,19.8656,4.255438151657663,60.29,11.68,15.02,0.2924,8.49,0.57942238267148,16.7818,60.29,11.68,16.7818,0.57942238267148,15.02,0.2924,8.49,15.61976549413735,76.66200315204617,62.8140703517588,65.53706030150755,50.0,53.04827165218478,0.08333333333333333,0.9215686274509803,0.6372549019607843,0.7058823529411765,D-,A-,B-,B,nasdaqinc
TSCO,Tractor Supply Co,Consumer Discretionary,Other Specialty Retail,32.31,16.0612,1.1097,9.8912,6.596704710181915,1.24,4.64,42.57,0.0928,24.560000000000002,0.0015758007431477647,-36.4477,1.24,4.64,-36.4477,0.018246050336485634,42.57,0.0928,24.560000000000002,64.44858651755203,58.84967672413793,71.72413793103448,11.149425287356319,50.0,53.04300151444548,0.722972972972973,0.6283783783783784,0.7567567567567568,0.033783783783783786,B,B-,B,F,tractorsupplyco
CDNS,Cadence Design Systems Inc,Information Technology,Application Software,349.51,86.8944,18.1915,62.7697,17.353591023062982,5.27,14.12,21.68,0.2817,14.6,0.7630963270475654,13.422,5.27,14.12,13.422,0.7630963270475654,21.68,0.2817,14.6,20.919419221827436,46.55386970886528,76.3663570232751,71.6794121667462,50.0,52.96810043639793,0.16339869281045752,0.43137254901960786,0.7908496732026143,0.7254901960784313,D,C,B,B,cadencedesignsystemsinc
IRDM,Iridium Communications Inc,Communication Services,Alternative Carriers,39.89,40.0759,4.8299,13.4497,9.046992651728205,-6.26,-12.55,22.759999999999998,0.2584,4.6899999999999995,0.8443439922548112,58.4823,-6.26,-12.55,58.4823,0.8443439922548112,22.759999999999998,0.2584,4.6899999999999995,33.25611325611326,27.870318087709393,67.77777777777779,85.53485162180814,50.0,52.93950670037627,0.32432432432432434,0.10810810810810811,0.8378378378378378,0.8918918918918919,C-,D,B+,B+,iridiumcommunicationsinc
SAIC,Science Applications International Corp,Industrials,Diversified Support Services,96.86,11.7996,0.5817,9.8332,2.8412274243273132,7.0,-2.9,23.73,0.0717,9.19,0.36676350958744913,-17.9013,7.0,-2.9,-17.9013,0.36676350958744913,23.73,0.0717,9.19,88.42523953002694,34.36202004198451,51.06732348111658,30.88318085855031,50.0,52.92218093289285,0.9514563106796117,0.24757281553398058,0.5315533980582524,0.2815533980582524,A,D+,C+,D+,scienceapplicationsinternationalcorp
ADI,Analog Devices Inc,Information Technology,Semiconductors,397.02,71.5717,16.4785,47.653,5.748872365534567,74.57,25.91,7.920000000000001,0.2924,6.370000000000001,0.9469898650226518,99.9194,74.57,25.91,99.9194,0.9469898650226518,7.920000000000001,0.2924,6.370000000000001,25.54137240280154,80.81405070422764,52.64974739618057,60.78316405899219,50.0,52.86722290238949,0.20261437908496732,0.8954248366013072,0.5490196078431373,0.5751633986928104,D+,B+,C+,C+,analogdevicesinc
CIEN,Ciena Corp,Information Technology,Communications Equipment,538.51,333.5874,14.9109,232.3582,27.823216066381807,192.93,26.54,8.260000000000002,0.059800000000000006,5.3100000000000005,0.9760291905627194,639.2038,192.93,26.54,463.2751999999991,0.9760291905627194,8.260000000000002,0.059800000000000006,5.3100000000000005,12.476787881446391,88.79004054720956,33.85928263478377,92.45113116138495,50.0,52.83225197077644,0.058823529411764705,0.9673202614379085,0.29411764705882354,0.9803921568627451,D-,A,D+,A+,cienacorp
AMKR,Amkor Technology Inc,Information Technology,Semiconductors,70.96,46.9698,2.618,15.9141,3.924887303299317,5.19,6.18,8.73,0.0694,6.41,0.8667203867848507,291.1797,5.19,6.18,291.1797,0.8667203867848507,8.73,0.0694,6.41,64.05374976239564,40.095657850386345,37.986132717009646,71.32405884705986,50.0,52.79391395934056,0.673202614379085,0.2875816993464052,0.33986928104575165,0.7058823529411765,B-,D+,C-,B,amkortechnologyinc
EEFT,Euronet Worldwide Inc,Financials,Transaction & Payment Processing Services,72.48,8.8911,0.6484,4.596,2.1802168184716826,7.51,6.38,23.7,0.12480000000000001,8.72,0.17319873317498033,-28.7736,7.51,6.38,-28.7736,0.17319873317498033,23.7,0.12480000000000001,8.72,61.91373534338358,38.47381884691049,82.91457286432161,18.97132722435708,50.0,52.69610626617981,0.6421568627450981,0.3137254901960784,0.8333333333333334,0.15196078431372548,B-,C-,B+,D,euronetworldwideinc
TTC,Toro Co,Industrials,Agricultural & Farm Machinery,93.4,27.3356,1.989,17.4965,6.291045027447547,-14.62,-0.55,23.0,0.09210000000000002,13.41,0.6910473194389829,32.1636,-14.62,-0.55,32.1636,0.6910473194389829,23.0,0.09210000000000002,13.41,50.20087043856713,35.34207964323849,59.77011494252874,65.51724137931035,50.0,52.66461054978374,0.5194174757281553,0.2669902912621359,0.6116504854368932,0.6699029126213593,C+,D+,B-,B-,toroco
CHH,Choice Hotels International Inc,Consumer Discretionary,"Hotels, Resorts & Cruise Lines",98.24,13.111,2.825,10.843,24.93337732544859,12.97,1.18,169.06,0.2671,12.58,0.27101020700181244,-23.957,12.97,1.18,-23.957,0.27101020700181244,169.06,0.2671,12.58,52.887542715128916,47.39240991674251,83.5632183908046,20.29258098223616,50.0,52.64968845627911,0.5472972972972973,0.4391891891891892,0.9256756756756757,0.16216216216216217,C+,C,A-,D,choicehotelsinternationalinc
SMCI,Super Micro Computer Inc,Information Technology,"Technology Hardware, Storage & Peripherals",27.92,19.1615,0.5961,15.4113,2.6323480884363364,-42.62,34.76,13.33,0.035699999999999996,8.1,0.19683753906432205,-17.1759,-42.62,34.76,-17.1759,0.19683753906432205,13.33,0.035699999999999996,8.1,84.32103639367752,53.939130548343485,43.74120331273983,24.22050503831916,50.0,52.64748704393686,0.8758169934640523,0.5816993464052288,0.42483660130718953,0.1568627450980392,B+,C+,C,D,supermicrocomputerinc
ZD,Ziff Davis Inc,Communication Services,Advertising,45.62,35.5444,1.1598,5.881,0.998389271145193,-20.04,3.54,2.62,0.0741,1.77,0.8245551601423488,51.8445,-20.04,3.54,51.8445,0.8245551601423488,2.62,0.0741,1.77,64.55598455598455,41.17063492063492,25.47619047619047,84.52380952380952,50.0,52.64693264693264,0.6756756756756757,0.35135135135135137,0.21621621621621623,0.8378378378378378,B-,C-,D+,B+,ziffdavisinc
