Ticker,Name,Sector,SubIndustry,Price,PE_Rank,PS_Rank,EV_EBITDA_Used,PB_Ratio,EPS_Growth,Rev_Growth,ROE,Op_Margin,ROIC,Mom_Range,Mom_12M,EPS_Growth_Win,Rev_Growth_Win,Mom_12M_Win,Mom_Range_Win,ROE_Win,Op_Margin_Win,ROIC_Win,Value_S,Growth_S,Prof_S,Mom_S,Rev_S,Fundamental_Score,Value_Pct,Growth_Pct,Prof_Pct,Mom_Pct,Value_Grade,Growth_Grade,Prof_Grade,Mom_Grade,Name_Key,Rev_Change,Rec_BuyRatio,Shrunk_Ratio,Analyst_Count,Streak_Days,Streak_Score,Rev_Change_Win,Rev_Pct,Rev_Grade,FundamentalPlusRev_Score,Consensus_Score,Sentiment_Score,Alpha_Score,Val_Fail,Mom_Fail,Min_Fund_Factor
MU,Micron Technology Inc,Information Technology,Semiconductors,666.59,30.7198,12.7443,20.1984,13.808067877221111,412.05,85.55,40.839999999999996,0.48340000000000005,33.46,0.9981667883149731,727.9593,252.97,46.931999999999995,486.1248599999999,0.9977894488000338,40.839999999999996,0.4259,33.46,48.797539149888145,97.25833364033795,91.09906139015727,97.11781773211567,52.0,78.84938040950209,0.5369127516778524,0.9932885906040269,0.959731543624161,1.0,C+,A+,A,A+,microntechnologyinc,0.01712089447938503,0.9245283018867925,0.8922413793103449,53.0,90.0,84.89281911636292,0.01712089447938503,0.5,C,79.04938040950209,89.22413793103449,87.49161040516586,80.73782640863485,False,False,48.797539149888145
DAL,Delta Air Lines Inc,Industrials,Passenger Airlines,73.34,10.3658,0.712,6.8788,2.3075374101715393,21.36,5.24,23.14,0.08779999999999999,13.209999999999999,0.9055435119231962,63.6688,21.36,5.24,63.6688,0.9055435119231962,23.14,0.08779999999999999,13.209999999999999,92.93924466338258,67.81513303415034,59.60591133004925,82.24562595549514,47.72727272727273,73.14844079628705,0.9753694581280788,0.7241379310344828,0.6108374384236454,0.8620689655172413,A+,B,B-,B+,deltaairlinesinc,0.0,0.90625,0.8581081081081081,32.0,90.0,84.89281911636292,0.0,0.5375,C+,72.92116806901431,85.8108108108108,85.44361413303164,75.42565728181779,False,False,47.72727272727273
NEM,Newmont Corporation,Materials,Gold,115.1,17.343,5.4204,8.9954,3.7010598343365744,118.49,21.34,21.72,0.47909999999999997,18.02,0.771619905322711,110.7673,118.49,21.34,110.7673,0.771619905322711,21.72,0.23417999999999997,15.787999999999997,52.82051282051282,87.19312602291325,93.33333333333333,82.93706293706293,52.67379679144385,75.56449933045677,0.6307692307692307,0.9692307692307692,0.9692307692307692,0.8461538461538461,B-,A,A,B+,newmontcorporation,0.005747126436781658,0.8333333333333334,0.7928571428571429,30.0,31.5,48.392336134290694,0.005747126436781658,0.5294117647058824,C+,75.83187900960115,79.28571428571429,66.92836302514485,74.0511758127099,False,False,52.67379679144385
INDV,"Indivior Pharmaceuticals, Inc",Health Care,Pharmaceuticals,40.61,23.5774,3.9929,18.659,108.67005619480868,7022.71,4.38,159.06,0.2113,29.4,0.9933730947647448,247.094,1414.2029999999986,4.38,122.21815999999995,0.9913209608822849,97.80199999999995,0.2113,29.4,49.455667789001126,69.43917486022748,88.97243107769424,98.33044148833623,24.17582417582417,73.16094798638659,0.4962962962962963,0.7851851851851852,0.9481481481481482,1.0,C,B,A,A+,indiviorpharmaceuticalsinc,-0.0064102564102564985,0.9166666666666666,0.8088235294117647,12.0,90.0,84.89281911636292,-0.0064102564102564985,0.21428571428571427,D+,70.57853040396901,80.88235294117648,82.48653941125104,72.96013220542542,False,False,24.17582417582417
CPRX,Catalyst Pharmaceuticals Inc,Health Care,Biotechnology,30.52,17.4078,6.3345,9.4132,3.918296080420074,28.29,19.78,24.32,0.43770000000000003,24.32,0.8490007401924499,32.3504,28.29,19.78,32.3504,0.8490007401924499,24.32,0.40449999999999986,24.32,63.63636363636365,68.10068649885584,87.96992481203006,64.21379535796012,50.98522167487685,69.36446848346162,0.6888888888888889,0.762962962962963,0.9259259259259259,0.674074074074074,B-,B,A-,B-,catalystpharmaceuticalsinc,0.0,0.9285714285714286,0.8289473684210527,14.0,90.0,84.89281911636292,0.0,0.5178571428571429,C+,69.46299065094931,82.89473684210526,83.69396975180832,72.30918647112111,False,False,50.98522167487685
ENVA,Enova International Inc,Financials,Consumer Finance,172.57,13.4991,2.2746,11.0089,3.190765510075031,56.49,19.67,24.45,0.4035,5.7700000000000005,0.9531249999999999,86.5017,56.49,19.67,69.07595999999998,0.9531249999999999,24.45,0.4035,5.7700000000000005,38.54424406295437,69.82462971130346,84.26395939086294,90.71373634825412,98.70967741935483,67.80972407536584,0.3065326633165829,0.8693467336683417,0.8442211055276382,0.9396984924623115,C-,B+,B+,A,enovainternationalinc,0.06593406593406603,0.9230769230769231,0.8194444444444445,13.0,61.5,72.51418135600332,0.05257487610428796,1.0,A+,72.68069181730132,81.94444444444446,78.172339209068,72.17553251623904,True,False,38.54424406295437
APP,Applovin Corp,Information Technology,Application Software,468.83,47.2889,27.154,39.2513,74.30187961583569,114.67,45.98,249.2,0.6847,68.05,0.39122401847575056,53.9065,114.67,45.98,53.9065,0.39122401847575056,112.17299999999994,0.4259,58.00299999999992,31.083768332090482,91.61596152278472,97.58054287163877,72.44155251141552,53.36538461538461,69.97758060777235,0.28859060402684567,0.9798657718120806,0.9966442953020134,0.7516778523489933,D+,A+,A+,B,applovincorp,0.03594771241830064,0.8888888888888888,0.847560975609756,36.0,90.0,84.89281911636292,0.03594771241830064,0.53125,C+,70.31411906931082,84.75609756097559,84.81078618313052,70.965455544751,True,False,31.083768332090482
BTSG,Brightspring Health Services Inc,Health Care,Health Care Services,52.74,33.0028,0.7495,22.4899,5.403854626679099,417.71,17.97,16.72,0.0268,7.07,0.9456125595738717,141.5941,417.71,17.97,122.21815999999995,0.9456125595738717,16.72,0.0268,7.07,53.32772166105499,91.26851218956483,45.739348370927324,96.46616541353383,46.8944099378882,67.31370302861531,0.5925925925925926,0.9777777777777777,0.4222222222222222,0.9925925925925926,C+,A+,C,A+,brightspringhealthservicesinc,0.0,0.9545454545454546,0.8796296296296297,22.0,90.0,84.89281911636292,0.0,0.3392857142857143,C-,67.00314402240413,87.96296296296296,86.73490542432295,70.94949630278789,False,False,45.739348370927324
INVA,Innoviva Inc,Health Care,Pharmaceuticals,22.52,6.1572,4.0591,7.7405,1.433107845819996,3397.08,14.67,30.599999999999998,0.3981,21.88,0.6956521739130435,20.3634,1414.2029999999986,14.67,20.3634,0.6956521739130435,30.599999999999998,0.3981,21.88,77.74971941638609,86.45286292654713,87.468671679198,58.465394254867945,70.32967032967032,75.28824921017903,0.8740740740740741,0.9555555555555556,0.9185185185185185,0.6074074074074074,B+,A,A-,B-,innovivainc,0.018181818181818188,0.8181818181818182,0.734375,11.0,0.0,0.0,0.018181818181818188,0.6785714285714286,B-,77.32121624314607,73.4375,44.0625,70.66947299451687,False,False,58.465394254867945
THC,Tenet Healthcare Corp,Health Care,Health Care Facilities,194.51,9.6939,0.7549,5.7952,4.007829804769999,27.35,6.57,40.550000000000004,0.1764,9.8,0.4777006937561941,28.4064,27.35,6.57,28.4064,0.4777006937561941,40.550000000000004,0.1764,9.8,92.32884399551067,53.09955924293493,70.67669172932331,61.06818771065595,26.08695652173913,68.58493332192666,0.9925925925925926,0.5481481481481482,0.7037037037037037,0.6370370370370371,A+,C+,B,B-,tenethealthcarecorp,-0.005291005291005235,0.8518518518518519,0.8046875,27.0,90.0,84.89281911636292,-0.005291005291005235,0.25,D+,66.19362897410058,80.46875,82.23837764654516,69.4025787085895,False,False,26.08695652173913
NVDA,NVIDIA Corp,Information Technology,Semiconductors,207.83,40.7698,22.6691,35.0487,32.11267170382732,66.76,65.47,104.37,0.6038,97.21,0.915145512004151,83.0456,66.76,46.931999999999995,83.0456,0.915145512004151,104.37,0.4259,58.00299999999992,35.84389758886403,88.68185265006386,96.5388762049721,42.9523401826484,61.0,64.42253201500148,0.3288590604026846,0.959731543624161,0.9865771812080537,0.35570469798657717,C-,A,A+,C-,nvidiacorp,0.026799687010954587,0.9295774647887324,0.9046052631578948,71.0,90.0,84.89281911636292,0.026799687010954587,0.59375,C+,65.52253201500149,90.46052631578948,88.23344343601886,69.32409735275364,True,False,35.84389758886403
CUBI,Customers Bancorp Inc,Financials,Regional Banks,78.24,9.4718,1.99781,7.6354,1.2645236783028488,85.8,55.59768,13.62,0.3985504,11.78,0.8691701998788611,55.7325,85.8,55.59768,55.7325,0.8691701998788611,13.62,0.3985504,11.78,76.70331352192434,78.54096115453015,57.61421319796954,86.36173030236151,95.83766909469303,71.5599199713518,0.8944723618090452,0.9296482412060302,0.5804020100502513,0.8894472361809045,B+,A-,C+,B+,customersbancorpinc,0.03921568627450989,0.7058823529411765,0.6704545454545455,17.0,0.0,0.0,0.03921568627450989,0.9354838709677419,A,76.14368688082111,67.04545454545455,40.22727272727273,68.96040405011144,False,False,57.61421319796954
BOOT,Boot Barn Holdings Inc,Consumer Discretionary,Apparel Retail,171.9,23.9244,2.4155,13.7312,4.6497285629660885,27.79,17.5,18.279999999999998,0.13449999999999998,18.07,0.623761404885706,54.4613,27.79,17.5,54.4613,0.623761404885706,18.279999999999998,0.13449999999999998,18.07,34.831831831831835,89.88957609647265,67.79279279279278,75.06057781919851,98.32775919732441,63.64618693929039,0.29333333333333333,0.9533333333333334,0.7,0.7933333333333333,D+,A,B-,B,bootbarnholdingsinc,0.09486166007905128,0.9130434782608695,0.8482142857142856,23.0,61.5,72.51418135600332,0.07487394957983194,1.0,A+,68.47896285902283,84.82142857142856,79.89852968525847,68.75792806458232,True,False,34.831831831831835
MCK,McKesson Corp,Health Care,Health Care Distributors,743.67,21.207,0.2313,15.753,23.65957094817082,59.37,15.49,39.43,0.014199999999999999,16.23,0.2946685082872927,4.5846,59.37,15.49,4.5846,0.2946685082872927,39.43,0.014199999999999999,16.23,74.983164983165,79.53579601176855,60.0,39.816933638443935,70.7792207792208,62.61633717583375,0.8444444444444444,0.9111111111111111,0.6296296296296297,0.35555555555555557,B+,A-,B-,C-,mckessoncorp,0.005928853754940677,0.8695652173913043,0.8124999999999999,23.0,90.0,84.89281911636292,0.005928853754940677,0.7142857142857143,B,64.69425925375583,81.24999999999999,82.70712764654516,68.2968329323137,False,False,39.816933638443935
EAT,Brinker International Inc,Consumer Discretionary,Restaurants,147.11,18.2228,1.4267,10.9892,17.6500935835293,58.84,15.07,121.26999999999998,0.1003,51.9,0.5391428538520902,9.8082,58.84,15.07,9.8082,0.5391428538520902,121.26999999999998,0.1003,41.0835,54.927927927927925,86.54670713494244,80.96846846846846,63.561208267090606,87.5776397515528,68.9956821795057,0.6066666666666667,0.94,0.8866666666666667,0.62,B-,A,B+,B-,brinkerinternationalinc,0.044973544973545,0.7857142857142857,0.75,28.0,0.0,0.0,0.044973544973545,0.8695652173913043,B+,72.75344615466099,75.0,45.0,67.2027569237288,False,False,54.927927927927925
FAF,First American Financial Corp,Financials,Property & Casualty Insurance,69.96,10.3581,0.904,6.5776,1.2975571576153584,329.61,22.59,11.87,0.1388,8.09,0.9178454842219801,14.2204,95.98799999999997,22.59,14.2204,0.9178454842219801,11.87,0.1388,8.09,72.67045889345204,84.91339538824458,48.73096446700508,79.50574405557039,98.65591397849462,68.23418372887727,0.8492462311557789,0.964824120603015,0.4824120603015075,0.8291457286432161,B+,A,C,B+,firstamericanfinancialcorp,0.13333333333333341,0.8,0.7166666666666667,10.0,0.0,0.0,0.05257487610428796,0.967741935483871,A,73.09977512672674,71.66666666666667,43.0,67.07982010138139,False,False,48.73096446700508
FNB,FNB Corp,Financials,Regional Banks,18.19,10.8938,2.56275,13.9686,0.9615842086621875,27.72,64.79501,8.76,0.42536409999999997,6.36,0.8350694444444445,31.1355,27.72,64.79501,31.1355,0.8350694444444445,8.76,0.42536409999999997,6.36,84.11728694232585,76.33517945998783,28.426395939086298,68.77620834252924,72.73673257023934,62.15819828085645,0.9547738693467337,0.914572864321608,0.2814070351758794,0.7336683417085427,A,A-,D+,B,fnbcorp,0.007575757575757569,0.9166666666666666,0.8088235294117647,12.0,61.5,72.51418135600332,0.007575757575757569,0.7096774193548387,B,64.43187153788038,80.88235294117648,77.53508430710721,67.05251409172575,False,False,28.426395939086298
JBSS,John B Sanfilippo & Son Inc,Consumer Staples,Packaged Foods & Meats,79.64,13.8395,0.7971,10.6321,2.5702427594931807,20.62,5.11,18.11,0.0832,15.24,0.7934782608695651,32.8219,20.62,5.11,32.8219,0.7934782608695651,18.11,0.0832,15.24,72.85372930534221,76.25192012288787,57.526881720430104,88.90322580645162,68.37944664031622,70.62618194231098,0.7936507936507936,0.8412698412698413,0.5714285714285714,0.8888888888888888,B,B+,C+,B+,johnbsanfilipposoninc,0.0,0.8571428571428571,0.7291666666666667,7.0,0.0,0.0,0.0,0.8181818181818182,B+,72.4641266063426,72.91666666666667,43.75,66.72130128507408,False,False,57.526881720430104
SWX,Southwest Gas Holdings Inc,Utilities,Gas Utilities,90.82,14.9426,3.387,10.3378,1.65595456244473,120.15,-21.61,11.62,0.25329999999999997,5.52,0.8689090909090907,23.246,85.45799999999986,-14.79,23.246,0.8689090909090907,11.62,0.25329999999999997,5.52,71.50786308973173,52.74061687105165,78.62318840579711,86.95652173913044,52.38095238095239,70.47219059591863,0.7872340425531915,0.5319148936170213,0.9148936170212766,0.8723404255319149,B,C+,A-,B+,southwestgasholdingsinc,0.0,0.8333333333333334,0.75,12.0,0.0,0.0,0.0,0.5,C,70.71028583401387,75.0,45.0,65.5682286672111,False,False,52.38095238095239
LRCX,Lam Research Corp,Information Technology,Semiconductor Materials & Equipment,297.17,51.2026,15.8417,43.4511,38.232039934129276,47.61,26.53,65.79,0.34259999999999996,46.29,0.9968927556818182,306.1919,47.61,26.53,306.1919,0.9968927556818182,65.79,0.34259999999999996,46.29,31.044929157345265,85.49757115489874,90.56950786402842,88.04935855620786,76.5625,70.11299519756474,0.28187919463087246,0.9463087248322147,0.9530201342281879,0.9530201342281879,D+,A,A,A,lamresearchcorp,0.04878048780487809,0.7804878048780488,0.7554347826086957,41.0,0.0,0.0,0.04878048780487809,0.75,B,72.76924519756474,75.54347826086956,45.326086956521735,64.98900875900055,True,False,31.044929157345265
CCL,Carnival Corp,Consumer Discretionary,"Hotels, Resorts & Cruise Lines",27.52,12.0542,1.3839,8.5448,2.9392916648865723,50.48,6.1,26.22,0.16269999999999998,8.1,0.5604321404456448,40.9114,50.48,6.1,40.9114,0.5604321404456448,26.22,0.16269999999999998,8.1,69.69069069069069,77.97416184512957,62.6126126126126,67.25634725634725,73.53497164461248,67.12192764612118,0.76,0.8466666666666667,0.62,0.68,B,B+,B-,B-,carnivalcorp,0.03125,0.8125,0.7770270270270271,32.0,0.0,0.0,0.03125,0.6956521739130435,B-,69.47542481058244,77.70270270270271,46.62162162162162,64.90466417279028,False,False,62.6126126126126
META,Meta Platforms Inc,Communication Services,Interactive Media & Services,612.88,21.5691,7.0826,14.1538,7.13756655657367,7.49,26.18,33.22,0.4121,27.51,0.33559186927062573,4.3537,7.49,22.67599999999999,4.3537,0.33559186927062573,33.22,0.4121,27.51,33.333333333333336,79.67965367965368,91.97860962566845,49.848128342245985,23.809523809523814,62.23354214413038,0.3611111111111111,0.9444444444444444,0.9166666666666666,0.4166666666666667,C-,A,A-,C,metaplatformsinc,-0.02606544901065455,0.8767123287671232,0.8557692307692307,73.0,90.0,84.89281911636292,-0.02085235920852364,0.2,D,59.61449452508276,85.57692307692307,85.303281492699,64.752251918606,False,False,23.809523809523814
JLL,Jones Lang LaSalle Inc,Real Estate,Real Estate Services,325.52,16.945,0.5673,12.4263,2.036810506918786,68.02,11.23,12.35,0.044199999999999996,9.08,0.7517195767195766,41.6043,63.513999999999996,11.23,41.6043,0.7517195767195766,12.35,0.044199999999999996,8.9075,83.33333333333334,76.0,60.0,74.66666666666667,50.0,70.96666666666667,1.0,0.8333333333333334,0.75,0.6666666666666666,A+,B+,B,B-,joneslanglasalleinc,0.0,0.6875,0.6547619047619047,16.0,0.0,0.0,0.0,0.5,C,70.96666666666667,65.47619047619047,39.28571428571428,64.6304761904762,False,False,50.0
UTHR,United Therapeutics Corp,Health Care,Biotechnology,596.76,19.7729,8.292,15.1453,3.6702032462073153,13.31,10.61,19.3,0.4689,19.16,0.962666429439848,102.2778,13.31,10.61,102.2778,0.962666429439848,19.3,0.40449999999999986,19.16,50.56677890011223,50.88591042824452,82.70676691729322,86.1882968290291,86.69950738916256,65.73322790580609,0.5185185185185185,0.5185185185185185,0.8629629629629629,0.9037037037037037,C+,C+,B+,A-,unitedtherapeuticscorp,0.058441558441558406,0.7727272727272727,0.7314814814814814,22.0,0.0,0.0,0.058441558441558406,0.8571428571428571,B+,69.40317864472235,73.14814814814814,43.88888888888888,64.30032069355565,False,False,50.56677890011223
ADEA,Adeia Inc,Information Technology,IT Consulting & Other Services,29.16,29.0625,7.2806,15.0206,6.614194660557534,72.59,17.91,26.340000000000003,0.3947,12.870000000000001,0.7721073471183457,120.4082,72.59,17.91,120.4082,0.7721073471183457,26.340000000000003,0.3947,12.870000000000001,58.780760626398205,79.91413519430762,79.2015474378488,72.81474233529028,34.523809523809526,70.04135252198134,0.6241610738255033,0.9060402684563759,0.825503355704698,0.7651006711409396,B-,A-,B+,B,adeiainc,0.0,0.9,0.7833333333333333,10.0,0.0,0.0,0.0,0.3125,C-,68.49373347436229,78.33333333333333,46.99999999999999,64.19498677948982,False,False,34.523809523809526
FTDR,Frontdoor Inc,Consumer Discretionary,Specialized Consumer Services,66.12,18.0698,2.1916,10.2721,19.387186629526465,12.69,12.12,98.66,0.16140000000000002,17.88,0.7914798206278031,23.7275,12.69,12.12,23.7275,0.7914798206278031,98.66,0.16140000000000002,17.88,53.63363363363363,74.62981162981163,82.31981981981983,73.70810810810812,66.87370600414079,68.65594731094731,0.5866666666666667,0.82,0.9133333333333333,0.7733333333333333,C+,B+,A-,B,frontdoorinc,0.02564102564102566,0.6923076923076923,0.6527777777777778,13.0,0.0,0.0,0.02564102564102566,0.6521739130434783,B-,70.3433179113614,65.27777777777779,39.16666666666667,64.10798766242245,False,False,53.63363363363363
TGTX,TG Therapeutics Inc,Health Care,Biotechnology,41.97,13.8973,10.0839,47.5575,29.413413694022005,1889.26,87.32,101.12,0.20010000000000003,65.05,0.9928613920285542,20.3959,1414.2029999999986,45.24399999999997,20.3959,0.9913209608822849,97.80199999999995,0.20010000000000003,29.947999999999997,38.13131313131313,96.0371036286368,88.22055137844613,67.1918927754168,50.98522167487685,69.23376540825053,0.34074074074074073,1.0,0.9407407407407408,0.6962962962962963,C-,A+,A,B-,tgtherapeuticsinc,0.0,0.8,0.7375,15.0,0.0,0.0,0.0,0.5178571428571429,C+,69.33228757573822,73.75,44.25,64.01807158808784,True,False,38.13131313131313
RL,Ralph Lauren Corp,Consumer Discretionary,"Apparel, Accessories & Luxury Goods",372.15,24.4937,2.8721,16.4847,8.841893683445237,33.85,12.71,34.74,0.1463,21.84,0.8683998761993188,56.8995,33.85,12.71,56.8995,0.8683998761993188,34.74,0.1463,21.84,27.44144144144144,84.28027594694262,76.12612612612612,88.37837837837839,75.15527950310559,65.42362275695609,0.23333333333333334,0.9133333333333333,0.81,0.9133333333333333,D+,A-,B+,A-,ralphlaurencorp,0.0357142857142857,0.8571428571428571,0.8106060606060607,28.0,31.5,48.392336134290694,0.0357142857142857,0.7391304347826086,B,67.93915070726665,81.06060606060606,67.99329809007992,63.9862313397726,True,False,27.44144144144144
APH,Amphenol Corp,Information Technology,Electronic Components,138.47,41.3458,7.645,26.2564,12.661734987792723,74.13,51.71,35.77,0.2541,19.74,0.67511939959063,73.7172,74.13,46.931999999999995,73.7172,0.67511939959063,35.77,0.2541,19.74,47.832774049217,88.89289768695899,81.12633181126333,47.74226281075596,82.95454545454545,64.56680856466306,0.5167785234899329,0.9664429530201343,0.8523489932885906,0.4161073825503356,C+,A,B+,C,amphenolcorp,0.07333333333333336,0.8333333333333334,0.7844827586206897,24.0,0.0,0.0,0.07333333333333336,0.84375,B+,67.86226311011761,78.44827586206897,47.06896551724138,63.70360359154237,False,False,47.74226281075596
AROC,Archrock Inc,Energy,Oil & Gas Equipment & Services,39.1,21.2609,4.5993,10.9508,4.584305495304312,75.16,28.7,22.73,0.36369999999999997,8.290000000000001,0.9464238585378728,63.4615,75.16,28.7,63.4615,0.9394185559751927,22.73,0.36369999999999997,8.290000000000001,31.283068783068785,85.75116080156403,80.55555555555556,70.50925925925927,56.31868131868132,64.21174009682075,0.19642857142857142,0.9642857142857143,0.8482142857142857,0.7142857142857143,D,A,B+,B,archrockinc,0.0,0.9333333333333333,0.8374999999999999,15.0,90.0,84.89281911636292,0.0,0.6071428571428571,B-,64.84360822868888,83.74999999999999,84.20712764654516,63.43988100364017,True,False,31.283068783068785
ULTA,Ulta Beauty Inc,Consumer Discretionary,Other Specialty Retail,535.1,20.2895,1.8885,12.5651,8.430050744147724,1.06,41.38,44.07,0.12369999999999999,40.57,0.45323295535548996,38.2187,1.06,22.8195,38.2187,0.45323295535548996,44.07,0.12369999999999999,40.57,44.20120120120121,77.04494266994267,79.2792792792793,67.00450450450451,91.71842650103518,64.68000955500955,0.42,0.8333333333333334,0.8466666666666667,0.6733333333333333,C,B+,B+,B-,ultabeautyinc,0.04873949579831938,0.7058823529411765,0.6858974358974359,34.0,0.0,0.0,0.04873949579831938,0.9130434782608695,A-,68.85185220511308,68.58974358974359,41.15384615384615,63.312250994859696,False,False,44.20120120120121
AAPL,Apple Inc,Information Technology,"Technology Hardware, Storage & Peripherals",287.51,34.4205,9.3458,26.5673,57.60569024243639,29.01,12.76,146.69,0.3264,69.07,0.988361119849009,44.834,29.01,12.76,44.834,0.988361119849009,112.17299999999994,0.3264,58.00299999999992,47.825006214267965,60.431607558044334,93.58510908168442,63.16336884830035,82.06521739130434,65.07152410525704,0.5100671140939598,0.6778523489932886,0.9731543624161074,0.6241610738255033,C+,B-,A+,B-,appleinc,0.07407407407407407,0.7222222222222222,0.7076271186440678,54.0,0.0,0.0,0.07407407407407407,0.8125,B+,68.27804584438748,70.76271186440678,42.45762711864407,63.113962099238805,False,False,47.825006214267965
MCY,Mercury General Corp,Financials,Property & Casualty Insurance,96.02,9.7527,0.8806,5.9121,2.20018422704838,15.61,9.44,25.650000000000002,0.1155,20.16,0.8999785821375026,62.8286,15.61,9.44,62.8286,0.8999785821375026,25.650000000000002,0.1155,20.16,59.95714613677525,45.03265717079512,86.80203045685279,92.90943093775047,42.54032258064516,69.27821177011613,0.6130653266331658,0.40703517587939697,0.8693467336683417,0.9597989949748744,B-,C,B+,A,mercurygeneralcorp,0.0,0.8,0.675,5.0,0.0,0.0,0.0,0.27419354838709675,D+,68.53224402818064,67.5,40.5,62.925795222544515,False,False,42.54032258064516
WFRD,Weatherford International PLC,Energy,Oil & Gas Equipment & Services,108.37,16.8722,1.6018,11.7168,4.566966298763965,1.92,-8.81,28.37,0.1431,14.610000000000001,0.9434963430374301,147.8728,1.92,-8.81,137.79324499999996,0.9394185559751927,27.778499999999994,0.1431,14.610000000000001,49.074074074074076,38.15693901379385,83.33333333333333,97.2800925925926,70.32967032967032,65.18925817312913,0.4642857142857143,0.30357142857142855,0.8928571428571429,1.0,C,C-,B+,A+,weatherfordinternationalplc,0.011029411764705843,0.8235294117647058,0.7613636363636364,17.0,0.0,0.0,0.011029411764705843,0.7142857142857143,B,67.22222520609617,76.13636363636364,45.68181818181818,62.91414380124057,False,False,38.15693901379385
SYF,Synchrony Financial,Financials,Consumer Finance,75.15,7.0502,0.73096,8.2414,1.5553531883188112,32.06,20.4839,21.41,0.1839285,11.14,0.6193116864604095,40.7303,32.06,20.4839,40.7303,0.6193116864604095,21.41,0.1839285,11.14,73.36810958345025,66.10405525846703,80.20304568527918,59.39701584371636,48.83870967741935,68.49300303761905,0.8592964824120602,0.8140703517587939,0.8040201005025126,0.6432160804020101,B+,B+,B+,B-,synchronyfinancial,0.0,0.7037037037037037,0.6796875,27.0,0.0,0.0,0.0,0.5967741935483871,C+,68.37687400536097,67.96875,40.78125,62.85774920428878,False,False,48.83870967741935
VLY,Valley National Bancorp,Financials,Regional Banks,13.66,11.5455,2.27179,12.1742,0.9738361730947459,59.34,77.66814,8.49,0.4257981,7.430000000000001,0.9201388888888891,55.5809,59.34,77.66814,55.5809,0.9201388888888891,8.49,0.4257981,7.430000000000001,80.08953396423743,86.96145433732394,26.14213197969543,91.30876186272347,44.22476586888657,67.2119597259927,0.9246231155778895,0.9798994974874372,0.25879396984924624,0.9447236180904522,A-,A+,D+,A,valleynationalbancorp,0.0,0.8421052631578947,0.78125,19.0,0.0,0.0,0.0,0.41935483870967744,C,66.63443631288136,78.125,46.875,62.68254905030509,False,False,26.14213197969543
NBIX,Neurocrine Biosciences Inc,Health Care,Biotechnology,147.02,30.1704,5.0479,21.2782,4.523901103127837,41.66,21.45,16.669999999999998,0.2164,16.669999999999998,0.7044025157232706,23.6293,41.66,21.45,23.6293,0.7044025157232706,16.669999999999998,0.2164,16.669999999999998,36.79573512906847,76.55442955214122,72.68170426065163,53.811703170970915,50.98522167487685,58.44258639205245,0.3111111111111111,0.8888888888888888,0.7703703703703704,0.5333333333333333,C-,B+,B,C+,neurocrinebiosciencesinc,0.0,0.8571428571428571,0.81875,35.0,90.0,84.89281911636292,0.0,0.5178571428571429,C+,58.541108559540135,81.875,83.08212764654516,62.215575747389515,True,False,36.79573512906847
HCI,Hci Group Inc,Financials,Property & Casualty Insurance,153.91,6.4754,2.1493,1.7659,1.9207250109819893,74.84,20.1,38.04,0.4866,33.550000000000004,0.2366113584243895,4.5868,74.84,20.1,4.5868,0.2366113584243895,38.04,0.4866,25.073999999999998,69.55335050888962,76.98228011176849,94.41624365482234,34.61661768634785,42.54032258064516,68.31217810055125,0.7688442211055276,0.9195979899497487,0.9447236180904522,0.32663316582914576,B,A-,A,C-,hcigroupinc,0.0,0.75,0.6730769230769231,8.0,0.0,0.0,0.0,0.27419354838709675,D+,67.56621035861576,67.3076923076923,40.38461538461538,62.12989136381569,False,False,34.61661768634785
ANET,Arista Networks Inc,Information Technology,Communications Equipment,147.06,51.8354,19.8616,43.6428,14.93722829399098,23.51,30.57,30.580000000000002,0.4279,30.580000000000002,0.6624742268041237,62.0139,23.51,30.57,62.0139,0.6624742268041237,30.580000000000002,0.4259,30.580000000000002,29.247452150136713,76.18748289545704,87.62683916793507,44.99215182648402,63.04347826086957,58.45449977390616,0.26174496644295303,0.8859060402684564,0.912751677852349,0.38926174496644295,D+,B+,A-,C-,aristanetworksinc,0.03676470588235292,0.9117647058823529,0.8653846153846153,34.0,90.0,84.89281911636292,0.03676470588235292,0.65625,B-,59.75884759999312,86.53846153846153,85.8802045696221,62.115575320193976,True,False,29.247452150136713
AX,Axos Financial Inc,Financials,Regional Banks,88.03,10.5178,2.35138,8.7129,1.8548485653000248,14.36,78.88815,16.6,0.496028,12.08,0.61048965364457,31.0946,14.36,78.88815,31.0946,0.61048965364457,16.6,0.496028,12.08,63.28724842486544,66.28092303442023,71.57360406091371,54.50231736923417,81.16545265348594,62.871861202175666,0.6683417085427136,0.8241206030150754,0.7185929648241206,0.5628140703517588,B-,B+,B,C+,axosfinancialinc,0.01098901098901095,0.8571428571428571,0.7763157894736842,14.0,0.0,0.0,0.01098901098901095,0.7741935483870968,B,65.98840646752426,77.63157894736842,46.578947368421055,62.10651464770362,False,False,54.50231736923417
GMED,Globus Medical Inc,Health Care,Health Care Equipment,89.22,22.3877,4.0973,16.0142,2.6348041025216986,428.44,16.65,12.4,0.20329999999999998,12.389999999999999,0.7545230055939123,26.679,428.44,16.65,26.679,0.7545230055939123,12.4,0.20329999999999998,12.389999999999999,52.991021324354655,86.81858492384808,64.28571428571429,79.10977443609022,46.8944099378882,67.50485577450489,0.5777777777777777,0.9629629629629629,0.6777777777777778,0.8148148148148148,C+,A,B-,B+,globusmedicalinc,0.0,0.7272727272727273,0.6944444444444444,22.0,0.0,0.0,0.0,0.3392857142857143,C-,67.19429676829371,69.44444444444444,41.666666666666664,62.088770747968304,False,False,46.8944099378882
TILE,Interface Inc,Industrials,Office Services & Supplies,27.85,14.0162,1.1733,9.0895,2.5165132060468607,14.79,5.41,19.759999999999998,0.11599999999999999,13.34,0.5564001197597473,42.0194,14.79,5.41,42.0194,0.5564001197597473,19.759999999999998,0.11599999999999999,13.34,83.74384236453203,64.29961862386779,62.725779967159276,59.34975369458128,47.61904761904762,66.34728004661264,0.9113300492610837,0.6748768472906403,0.6403940886699507,0.6009852216748769,A-,B-,B-,B-,interfaceinc,0.0,0.875,0.7500000000000001,8.0,0.0,0.0,0.0,0.45,C,66.1091848085174,75.00000000000001,45.00000000000001,61.887347846813924,False,False,47.61904761904762
BAC,Bank of America Corp,Financials,Diversified Banks,53.6,11.9768,2.32875,26.7478,1.2748458173878505,18.65,99.36713,10.5,0.3273721,3.08,0.7675786996175348,31.2439,18.65,92.40466449999998,31.2439,0.7675786996175348,10.5,0.3273721,3.08,65.6429354896309,79.72120640404448,41.62436548223351,67.8623801466441,89.24731182795699,61.33354255310382,0.6984924623115578,0.9447236180904522,0.4120603015075377,0.7236180904522613,B-,A,C,B,bankofamericacorp,0.033333333333333326,0.8333333333333334,0.7928571428571429,30.0,0.0,0.0,0.033333333333333326,0.8709677419354839,B+,65.25827373589952,79.28571428571429,47.57142857142858,61.72090470300533,False,False,41.62436548223351
LVS,Las Vegas Sands Corp,Consumer Discretionary,Casinos & Gaming,53.22,18.9237,2.5369,10.7885,22.592969943963322,50.5,22.67,82.89,0.2266,9.42,0.46986265553146006,37.1296,50.5,22.67,37.1296,0.46986265553146006,82.89,0.2266,9.42,48.72372372372373,92.13759213759214,76.12612612612612,62.27027027027026,37.88819875776398,67.09403494403495,0.49333333333333335,0.9666666666666667,0.81,0.5933333333333334,C,A,B+,C+,lasvegassandscorp,0.0,0.76,0.7250000000000001,25.0,0.0,0.0,0.0,0.34782608695652173,C-,65.88285481981134,72.50000000000001,43.50000000000001,61.40628385584908,False,False,37.88819875776398
DXPE,DXP Enterprises Inc,Industrials,Trading Companies & Distributors,181.51,30.2579,1.3307,17.1886,5.649378135776801,26.99,11.89,18.67,0.0877,7.7,0.9778454721683744,98.48,26.99,11.89,98.48,0.9778454721683744,18.67,0.0877,7.7,53.858784893267654,84.21934017039689,46.30541871921182,90.35240621447517,50.0,64.95540018009427,0.5714285714285714,0.9359605911330049,0.43103448275862066,0.9458128078817734,C+,A,C,A,dxpenterprisesinc,0.0,0.8888888888888888,0.7678571428571428,9.0,0.0,0.0,0.0,0.625,B-,64.95540018009427,76.78571428571428,46.07142857142856,61.17860585836114,False,False,46.30541871921182
DY,Dycom Industries Inc,Industrials,Construction & Engineering,457.78,45.3926,2.3015,21.1225,7.379501563658638,21.16,17.95,18.81,0.0753,9.54,0.9751693352412962,148.9152,21.16,17.95,148.74396999999996,0.9751693352412962,18.81,0.0753,9.54,35.63218390804598,68.95028868054452,48.6863711001642,87.04844006568145,50.0,57.27938450129774,0.2857142857142857,0.7339901477832512,0.4876847290640394,0.9113300492610837,D+,B,C,A-,dycomindustriesinc,0.0,0.95,0.87,20.0,90.0,84.89281911636292,0.0,0.625,B-,57.27938450129774,87.0,86.15712764654516,61.028167422586066,True,False,35.63218390804598
PRDO,Perdoceo Education Corp,Consumer Discretionary,Education Services,34.11,13.3743,2.5278,8.5464,2.1915959907478797,10.81,24.2,16.3,0.23170000000000002,16.08,0.629379485014774,11.8361,10.81,22.8195,11.8361,0.629379485014774,16.3,0.23170000000000002,16.08,60.79879879879879,81.75360675360675,69.14414414414414,61.43451143451144,38.9413988657845,66.12335937335938,0.6666666666666666,0.8733333333333333,0.7266666666666667,0.5733333333333334,B-,B+,B,C+,perdoceoeducationcorp,0.0,0.8571428571428571,0.7291666666666667,7.0,0.0,0.0,0.0,0.45652173913043476,C,65.01749925993782,72.91666666666667,43.75,60.76399940795026,False,False,38.9413988657845
ORCL,Oracle Corp,Information Technology,Application Software,194.03,31.936,8.0791,28.3895,26.631620846315386,31.02,14.87,57.35,0.3056,11.77,0.28160075775515037,31.3676,31.02,14.87,31.3676,0.28160075775515037,57.35,0.3056,11.77,49.34439473030076,61.33622727643271,79.01128868594623,66.17899543378996,62.019230769230774,62.59196539610628,0.5503355704697986,0.6912751677852349,0.8187919463087249,0.6577181208053692,C+,B-,B+,B-,oraclecorp,0.043363499245852144,0.7884615384615384,0.7675438596491228,52.0,0.0,0.0,0.043363499245852144,0.625,B-,63.79388847302936,76.75438596491227,46.05263157894736,60.24563709421297,False,False,49.34439473030076
CBRE,CBRE Group Inc,Real Estate,Real Estate Services,145.16,36.7375,1.0482,19.4008,4.835362502290102,22.45,13.38,13.63,0.0432,7.31,0.4751645181646081,17.1779,22.45,13.38,17.1779,0.4751645181646081,13.63,0.0432,7.31,61.111111111111114,65.91666666666667,60.0,45.06666666666667,100.0,57.47444444444445,0.8333333333333334,0.6666666666666666,0.75,0.5,B+,B-,B,C,cbregroupinc,0.09999999999999998,0.9,0.8300000000000001,20.0,1.5,3.100904354626033,0.09999999999999998,1.0,A+,62.47444444444445,83.0,51.04036174185041,60.187627903925645,False,False,45.06666666666667
WMS,Advanced Drainage Systems Inc,Industrials,Building Products,148.72,23.6059,3.7171,15.649,7.129160914250652,0.61,1.6,25.82,0.2284,14.46,0.5900167504187604,31.8089,0.61,1.6,31.8089,0.5900167504187604,25.82,0.2284,14.46,49.42528735632184,51.018598281639086,80.54187192118228,65.56390977443608,73.80952380952381,60.80829143059106,0.5073891625615764,0.5221674876847291,0.8669950738916257,0.6600985221674877,C+,C+,B+,B-,advanceddrainagesystemsinc,0.009523809523809601,0.8666666666666667,0.7875000000000001,15.0,0.0,0.0,0.009523809523809601,0.725,B,63.18924381154344,78.75000000000001,47.25000000000001,60.00139504923476,False,False,49.42528735632184
VMI,Valmont Industries Inc,Industrials,Industrial Machinery & Supplies & Components,522.81,26.713,2.3803,20.0738,6.101862269550561,9.37,2.4,23.06,0.10640000000000001,15.65,0.975223555070883,72.4364,9.37,2.4,72.4364,0.975223555070883,23.06,0.10640000000000001,15.65,46.63382594417077,48.74419861920097,66.66666666666667,84.65892961509562,88.88888888888889,60.00574879956868,0.4605911330049261,0.43842364532019706,0.6945812807881774,0.8817733990147784,C,C,B-,B+,valmontindustriesinc,0.07272727272727275,0.8,0.7166666666666667,10.0,0.0,0.0,0.07272727272727275,0.875,B+,63.894637688457564,71.66666666666667,43.0,59.71571015076606,False,False,46.63382594417077
FCX,Freeport-McMoRan Inc,Materials,Copper,60.89,39.7089,4.7738,10.3588,4.626583288376935,16.78,-27.98,12.0,0.2229,7.960000000000001,0.7186932849364791,60.5749,16.78,-16.508,60.5749,0.7186932849364791,12.0,0.2229,7.960000000000001,41.53846153846154,34.96220091964773,73.33333333333333,70.98901098901099,60.7843137254902,54.90819109968046,0.38461538461538464,0.23076923076923078,0.7384615384615385,0.7230769230769231,C-,D+,B,B,freeportmcmoraninc,0.007389162561576401,0.7931034482758621,0.7573529411764707,29.0,61.5,72.51418135600332,0.007389162561576401,0.6470588235294118,B-,55.98662247222948,75.73529411764707,74.44684901298956,59.678667780381495,False,False,34.96220091964773
ALLY,Ally Financial Inc,Financials,Consumer Finance,44.3,9.8097,0.88959,12.6919,0.8818061300455036,387.77,37.40411,9.19,0.158682,4.17,0.801854693441857,36.1401,95.98799999999997,37.40411,36.1401,0.801854693441857,9.19,0.158682,4.17,89.91148636583935,86.17371122535238,31.472081218274113,64.7223504076296,23.483870967741936,65.52510422262476,0.9849246231155779,0.9748743718592965,0.31155778894472363,0.6884422110552764,A+,A+,C-,B-,allyfinancialinc,-0.01602564102564108,0.7916666666666666,0.75,24.0,0.0,0.0,-0.01602564102564108,0.1935483870967742,D,62.87349131939896,75.0,45.0,59.29879305551917,False,False,23.483870967741936
FSS,Federal Signal Corp,Industrials,Construction Machinery & Heavy Transportation Equipment,124.62,29.8341,3.374,22.0126,5.491585473870682,14.4,17.14,19.09,0.1563,15.190000000000001,0.8253800675675679,42.7164,14.4,17.14,42.7164,0.8253800675675679,19.09,0.1563,15.190000000000001,37.43842364532019,81.0919459973965,69.78653530377669,57.48917748917749,98.86363636363636,59.52246443458901,0.31527093596059114,0.896551724137931,0.7536945812807881,0.5763546798029556,C-,B+,B,C+,federalsignalcorp,0.10000000000000009,0.8,0.7166666666666667,10.0,0.0,0.0,0.08020833333333333,0.975,A+,64.40882807095265,71.66666666666667,43.0,59.08298415548091,True,False,37.43842364532019
PLUS,ePlus inc,Information Technology,Technology Distributors,83.45,17.3161,0.9748,10.2575,2.264260499846698,28.46,11.01,12.93,0.0692,12.809999999999999,0.6695952306244117,32.2504,28.46,11.01,32.2504,0.6695952306244117,12.93,0.0692,12.809999999999999,89.82413621675367,65.94827586206895,53.07902080162355,50.90101108936725,37.5,64.09564664488155,0.9328859060402684,0.7315436241610739,0.5570469798657718,0.48322147651006714,A,B,C+,C,eplusinc,0.0,0.8571428571428571,0.7291666666666667,7.0,0.0,0.0,0.0,0.359375,C-,62.84564664488155,72.91666666666667,43.75,59.02651731590524,False,False,37.5
BCO,Brinks Co,Industrials,Security & Alarm Services,109.01,22.7618,0.864,8.0674,16.133615522370388,29.64,4.97,79.36,0.1093,4.64,0.5137728807535099,18.8379,29.64,4.97,18.8379,0.5137728807535099,64.59599999999968,0.1093,4.64,81.2807881773399,70.95159903041676,57.4712643678161,43.98311048557355,47.61904761904762,62.67495503948706,0.8817733990147784,0.7684729064039408,0.6009852216748769,0.41379310344827586,B+,B,B-,C,brinksco,0.0,0.8571428571428571,0.7291666666666667,7.0,0.0,0.0,0.0,0.45,C,62.43685980139182,72.91666666666667,43.75,58.69948784111346,False,False,43.98311048557355
EME,EMCOR Group Inc,Industrials,Construction & Engineering,943.75,32.1813,2.4114,22.378,11.436233380350641,31.03,16.62,39.129999999999995,0.1009,37.61,0.9843340043696869,117.9209,31.03,16.62,117.9209,0.9843340043696869,39.129999999999995,0.1009,26.551999999999996,38.423645320197046,69.25459505270406,77.66830870279146,80.78544061302682,50.0,64.0309956388933,0.33004926108374383,0.7487684729064039,0.8374384236453202,0.8423645320197044,C-,B,B+,B+,emcorgroupinc,0.0,0.7142857142857143,0.6710526315789473,14.0,0.0,0.0,0.0,0.625,B-,64.0309956388933,67.10526315789474,40.26315789473684,58.68611384433603,True,False,38.423645320197046
ACAD,ACADIA Pharmaceuticals Inc,Health Care,Pharmaceuticals,21.48,9.9016,4.6803,28.2438,2.9805183992895596,117.79,-13.64,41.9,0.10339999999999999,41.9,0.5057553956834533,47.7304,117.79,-7.193999999999999,47.7304,0.5057553956834533,41.9,0.10339999999999999,29.947999999999997,50.80808080808081,43.481781376518214,75.68922305764411,63.778677462887984,90.65934065934066,58.07641773431247,0.5259259259259259,0.4,0.7925925925925926,0.6592592592592592,C+,C-,B,B-,acadiapharmaceuticalsinc,0.0854700854700855,0.7777777777777778,0.7421875,27.0,0.0,0.0,0.0854700854700855,0.9285714285714286,A-,62.14235180024654,74.21875,44.53125,58.620131440197234,False,False,43.481781376518214
VTOL,Bristow Group Inc,Energy,Oil & Gas Equipment & Services,43.16,11.0591,0.9577,8.0244,1.1883292630210986,34.98,5.3,12.870000000000001,0.1065,7.630000000000001,0.6972746331236895,46.3547,34.98,5.3,46.3547,0.6972746331236895,12.870000000000001,0.1065,7.630000000000001,75.08818342151676,74.16503747148909,51.85185185185185,37.083333333333336,79.67032967032968,58.98468297930664,0.875,0.8571428571428571,0.48214285714285715,0.2857142857142857,B+,B+,C,D+,bristowgroupinc,0.011111111111111183,0.9,0.7833333333333333,10.0,0.0,0.0,0.011111111111111183,0.7857142857142857,B,61.95171594633961,78.33333333333333,46.99999999999999,58.54022009452118,False,True,37.083333333333336
GL,Globe Life Inc,Financials,Life & Health Insurance,154.39,10.288,1.9941,9.2517,2.043855724093377,17.67,3.96,20.64,0.2625,13.889999999999999,0.9424424424424421,28.2948,17.67,3.96,28.2948,0.9424424424424421,20.64,0.2625,13.889999999999999,60.73897405810779,47.00804230168944,79.18781725888326,77.95904078417644,20.12288786482335,64.97511444642093,0.6180904522613065,0.4321608040201005,0.7939698492462312,0.8140703517587939,B-,C,B,B+,globelifeinc,-0.017391304347826098,0.782608695652174,0.7410714285714286,23.0,0.0,0.0,-0.017391304347826098,0.16129032258064516,D,61.98740323290327,74.10714285714286,44.464285714285715,58.48277972917976,False,False,20.12288786482335
KOP,Koppers Holdings Inc,Materials,Commodity Chemicals,41.61,13.7271,0.409,7.4691,1.4103746085117344,14.14,-10.17,10.45,0.07490000000000001,3.7699999999999996,0.9678068410462776,65.2502,14.14,-10.17,65.2502,0.9678068410462776,10.45,0.07490000000000001,3.7699999999999996,91.28205128205127,37.28983782175272,44.61538461538462,86.013986013986,32.77310924369748,63.63512374150672,0.9692307692307692,0.26153846153846155,0.36923076923076925,0.8769230769230769,A,D+,C-,B+,koppersholdingsinc,0.0,0.8571428571428571,0.7291666666666667,7.0,0.0,0.0,0.0,0.29411764705882354,D+,61.91243466587647,72.91666666666667,43.75,58.279947732701174,False,False,32.77310924369748
ARMK,Aramark,Consumer Discretionary,Distributors,45.78,37.6162,0.6346,13.8379,3.82315606627472,24.1,6.35,10.17,0.042199999999999994,3.4299999999999997,0.9164768413059984,21.6259,24.1,6.35,21.6259,0.9100831604054528,10.17,0.042199999999999994,3.4299999999999997,43.27027027027027,76.05312822704127,25.225225225225227,77.3207990599295,54.45134575569358,52.79865933126803,0.4,0.8266666666666667,0.18666666666666668,0.8266666666666667,C-,B+,D,B+,aramark,0.006493506493506551,0.8636363636363636,0.8055555555555556,22.0,61.5,72.51418135600332,0.006493506493506551,0.5217391304347826,C+,53.24379390683738,80.55555555555556,77.33900587573467,58.06283630061684,False,False,25.225225225225227
AMZN,Amazon.com Inc,Consumer Discretionary,Broadline Retail,274.99,32.3614,3.9559,16.4152,7.178714728386715,36.46,14.22,23.34,0.115,18.98,0.9623059866962307,48.6352,36.46,14.22,48.6352,0.9100831604054528,23.34,0.115,18.98,21.888888888888886,84.46846846846847,67.11711711711712,84.23783783783784,21.325051759834373,60.992762762762766,0.14666666666666667,0.92,0.6866666666666666,0.8733333333333333,D,A-,B-,B+,amazoncominc,-0.011133603238866363,0.9230769230769231,0.9006024096385543,78.0,90.0,84.89281911636292,-0.011133603238866363,0.17391304347826086,D,58.125267938746205,90.06024096385543,87.99327222485843,57.58215046837851,True,False,21.325051759834373
GILD,"Gilead Sciences, Inc",Health Care,Biotechnology,136.3,19.9097,5.7552,17.2275,7.4508153258296765,1903.07,2.4,41.02,0.3404,21.57,0.661424308411969,39.2521,1414.2029999999986,2.4,39.2521,0.661424308411969,41.02,0.3404,21.57,49.00673400673401,60.400457665903886,88.2205513784461,58.55508336057535,22.660098522167488,63.09792955159087,0.4740740740740741,0.7111111111111111,0.9333333333333333,0.6148148148148148,C,B,A,B-,gileadsciencesinc,-0.015939015939016032,0.7948717948717948,0.7670454545454545,39.0,0.0,0.0,-0.015939015939016032,0.17857142857142858,D,60.36393940380762,76.70454545454545,46.02272727272727,57.49569697759155,False,False,22.660098522167488
CENT,Central Garden & Pet Co,Consumer Staples,Household Products,36.83,13.5328,0.6818,9.6906,1.4625119625774836,35.0,-4.11,9.9,0.07719999999999999,5.63,0.6457246777385215,6.5991,35.0,-4.11,6.5991,0.6457246777385215,9.9,0.07719999999999999,5.63,77.12066905615292,51.612903225806456,37.634408602150536,76.86318131256951,64.6694214876033,59.383986322251054,0.8888888888888888,0.5238095238095238,0.29365079365079366,0.746031746031746,B+,C+,D+,B,centralgardenpetco,0.0,0.8181818181818182,0.734375,11.0,0.0,0.0,0.0,0.5909090909090909,C+,60.850928471011386,73.4375,44.0625,57.49324277680911,False,False,37.634408602150536
KEX,Kirby Corp,Industrials,Marine Transportation,142.55,21.3769,2.2472,10.9117,2.2674240122668357,29.1,5.52,10.54,0.1456,8.04,0.8063195599334785,39.4678,29.1,5.52,39.4678,0.8063195599334785,10.54,0.1456,8.04,66.99507389162561,73.7069567436642,46.14121510673235,59.35960591133006,45.45454545454545,59.89738478058835,0.7586206896551724,0.812807881773399,0.4236453201970443,0.6108374384236454,B,B+,C,B-,kirbycorp,0.0,0.9,0.7833333333333333,10.0,0.0,0.0,0.0,0.3,D+,59.44283932604289,78.33333333333333,46.99999999999999,56.95427146083431,False,False,45.45454545454545
ESE,ESCO Technologies Inc,Industrials,Industrial Machinery & Supplies & Components,335.59,28.5453,7.2167,34.662,5.62541906933083,175.22,14.09,21.34,0.1562,18.13,0.9425212633403759,104.5532,105.9125,14.09,104.5532,0.9425212633403759,21.34,0.1562,18.13,23.31691297208538,94.1789701032551,74.71264367816093,87.21716623528431,75.92592592592592,65.78661643026946,0.14285714285714285,0.9901477832512315,0.8029556650246306,0.916256157635468,D,A+,B+,A-,escotechnologiesinc,0.023809523809523725,0.8571428571428571,0.7291666666666667,7.0,0.0,0.0,0.023809523809523725,0.75,B,68.37920902286206,72.91666666666667,43.75,56.88141132782394,True,False,23.31691297208538
WS,Worthington Steel Inc,Materials,Steel,41.88,16.825,0.6117,9.4079,1.931948186146068,12.12,5.55,11.01,0.0417,9.25,0.7077570655441973,59.6037,12.12,5.55,59.6037,0.7077570655441973,11.01,0.0417,9.25,79.74358974358974,53.681076810203734,53.07692307692307,64.82758620689654,33.55614973262032,61.90686080854826,0.8923076923076924,0.5692307692307692,0.5076923076923077,0.6923076923076923,B+,C+,C+,B-,worthingtonsteelinc,0.0,0.8,0.7166666666666667,10.0,0.0,0.0,0.0,0.4411764705882353,C,60.262475781810295,71.66666666666667,43.0,56.80998062544824,False,False,33.55614973262032
WST,West Pharmaceutical Services Inc,Health Care,Health Care Supplies,312.55,40.88,6.8878,26.2095,7.085518157561249,17.51,11.23,17.87,0.2034,16.73,0.9181095775826017,52.1961,17.51,11.23,52.1961,0.9181095775826017,17.87,0.2034,16.73,27.856341189674524,72.65037593984962,72.18045112781955,85.22556390977445,82.99319727891157,61.58438604929834,0.2,0.837037037037037,0.7592592592592593,0.8962962962962963,D,B+,B,B+,westpharmaceuticalservicesinc,0.04347826086956519,0.8260869565217391,0.7767857142857143,23.0,0.0,0.0,0.04347826086956519,0.8214285714285714,B+,64.88370577718949,77.67857142857143,46.607142857142854,56.63626370369166,True,False,27.856341189674524
URI,United Rentals Inc,Industrials,Trading Companies & Distributors,964.5,23.969,3.6719,16.4154,6.785912038538633,1.45,5.05,27.88,0.24670000000000003,10.95,0.8486008132025831,48.0089,1.45,5.05,48.0089,0.8486008132025831,27.88,0.24670000000000003,10.95,47.61904761904761,50.920844079909706,77.504105090312,68.06744979158772,50.0,60.07844695163939,0.4729064039408867,0.5123152709359606,0.8300492610837439,0.7044334975369458,C,C+,B+,B,unitedrentalsinc,0.0,0.7407407407407407,0.7109375,27.0,0.0,0.0,0.0,0.625,B-,60.07844695163939,71.09375,42.65625,56.594007561311514,False,False,47.61904761904761
AIZ,Assurant Inc,Financials,Multi-line Insurance,236.61,13.1627,0.8962,8.1956,2.006523044358737,18.42,7.92,15.61,0.0934,11.28,0.8458298565581914,19.6087,18.42,7.92,19.6087,0.8458298565581914,15.61,0.0934,11.28,49.434992219983165,57.03364757336861,66.49746192893402,71.15623237450649,46.23655913978495,59.62108952680431,0.4723618090452261,0.6231155778894473,0.6683417085427136,0.7587939698492462,C,B-,B-,B,assurantinc,0.0,0.8333333333333334,0.75,12.0,0.0,0.0,0.0,0.5161290322580645,C+,59.24474544078281,75.0,45.0,56.39579635262625,False,False,46.23655913978495
CDNS,Cadence Design Systems Inc,Information Technology,Application Software,354.9,86.0174,18.0079,62.1328,17.62121099277575,5.27,14.12,21.68,0.2817,14.6,0.8105034477905994,16.0638,5.27,14.12,16.0638,0.8105034477905994,21.68,0.2817,14.6,22.882488192890875,45.7037478601125,76.00837138508372,71.19543378995434,88.9423076923077,53.10255122450702,0.174496644295302,0.3959731543624161,0.7919463087248322,0.738255033557047,D,C-,B,B,cadencedesignsystemsinc,0.09375,0.90625,0.8581081081081081,32.0,61.5,72.51418135600332,0.09375,0.90625,A-,56.996781993737784,85.8108108108108,80.49215902888781,56.281942397311155,True,False,22.882488192890875
ENSG,Ensign Group Inc,Health Care,Health Care Facilities,175.93,30.7765,2.093,18.8142,4.578922848286255,14.27,18.72,16.59,0.08410000000000001,15.509999999999998,0.5224267577238135,31.7236,14.27,18.72,31.7236,0.5224267577238135,16.59,0.08410000000000001,15.509999999999998,50.19079685746353,68.48198081410422,58.14536340852131,66.59061446720249,51.24223602484472,59.09855912275755,0.5037037037037037,0.7777777777777778,0.5888888888888889,0.6814814814814815,C+,B,C+,B-,ensigngroupinc,0.0,0.8181818181818182,0.734375,11.0,0.0,0.0,0.0,0.625,B-,59.22278272524202,73.4375,44.0625,56.19072618019362,False,False,50.19079685746353
FUL,H.B. Fuller Company,Materials,Specialty Chemicals,60.95,20.5056,0.948,11.7624,1.6483308452867746,45.86,-2.57,8.09,0.1042,3.95,0.6144578313253015,14.6108,45.86,-2.57,14.6108,0.6144578313253015,8.09,0.1042,3.95,63.58974358974359,61.59446493858411,47.94871794871795,49.68105065666041,100.0,55.13971850366429,0.7384615384615385,0.6615384615384615,0.4,0.46153846153846156,B,B-,C-,C,hbfullercompany,0.09090909090909094,0.7272727272727273,0.671875,11.0,0.0,0.0,0.08484848484848488,1.0,A+,60.13971850366429,67.1875,40.3125,56.174274802931436,False,False,47.94871794871795
SEIC,SEI Investments Co,Financials,Asset Management & Custody Banks,91.17,14.954,4.6618,12.6292,4.55264984494924,27.6,9.37,30.64,0.31829999999999997,30.54,0.8522245762711869,14.1766,27.6,9.37,14.1766,0.8522245762711869,30.64,0.31829999999999997,25.073999999999998,30.21452439864296,62.32535113774453,91.37055837563452,58.380586851553794,85.33724340175954,59.53745829142903,0.23618090452261306,0.7537688442211056,0.914572864321608,0.6331658291457286,D+,B,A-,B-,seiinvestmentsco,0.015151515151515138,0.8333333333333334,0.75,12.0,0.0,0.0,0.015151515151515138,0.8387096774193549,B+,63.071182631604984,75.0,45.0,56.073278192508404,True,False,30.21452439864296
KLAC,KLA Corp,Information Technology,Semiconductor Materials & Equipment,1816.29,52.0531,18.6163,40.7303,51.101632684067326,44.58,17.49,95.22,0.4199,42.71,0.9026414258478431,167.3295,44.58,17.49,167.3295,0.9026414258478431,95.22,0.4199,42.71,29.710415113099675,73.95183360700602,93.77536783358703,52.87779952163514,69.79166666666667,61.23737236239991,0.2684563758389262,0.8456375838926175,0.9798657718120806,0.5167785234899329,D+,B+,A+,C+,klacorp,0.04504504504504503,0.6666666666666666,0.6524390243902438,36.0,0.0,0.0,0.04504504504504503,0.6875,B-,63.21653902906658,65.24390243902438,39.14634146341463,56.021323780638795,True,False,29.710415113099675
OSIS,OSI Systems Inc,Information Technology,Electronic Equipment & Instruments,240.27,25.0208,2.131,17.1413,4.242729247232082,13.33,8.96,16.91,0.12300000000000001,9.28,0.3366984613242359,8.9117,13.33,8.96,8.9117,0.3366984613242359,16.91,0.12300000000000001,9.28,73.05182699478001,56.86918445539135,54.632800608828006,44.69815777042986,57.38636363636363,57.234625346066245,0.7718120805369127,0.6375838926174496,0.5771812080536913,0.3825503355704698,B,B-,C+,C-,osisystemsinc,0.023809523809523725,0.8571428571428571,0.7763157894736842,14.0,0.0,0.0,0.023809523809523725,0.5625,C+,57.97326170970261,77.63157894736842,46.578947368421055,55.69439884144631,False,False,44.69815777042986
DIS,Walt Disney Co,Communication Services,Movies & Entertainment,108.06,15.495,1.9834,12.4666,1.7910180593492269,120.36,3.47,11.35,0.1353,8.09,0.506381715642624,17.2399,120.36,3.47,17.2399,0.506381715642624,11.35,0.1353,8.09,47.47474747474748,68.14227439227439,50.0,65.51624845742494,59.09090909090908,56.10039143862674,0.5,0.8333333333333334,0.4166666666666667,0.6944444444444444,C,B+,C,B-,waltdisneyco,0.05405405405405406,0.8378378378378378,0.8035714285714285,37.0,1.5,3.100904354626033,0.05405405405405406,0.6,C+,57.00948234771764,80.35714285714285,49.45464745613612,55.498515369401346,False,False,47.47474747474748
AN,AutoNation Inc,Consumer Discretionary,Automotive Retail,204.77,10.1778,0.2514,11.1074,3.0788360655491225,9.32,1.94,26.700000000000003,0.0443,5.6000000000000005,0.5661157024793392,16.0301,9.32,1.94,16.0301,0.5661157024793392,26.700000000000003,0.0443,5.6000000000000005,80.03303303303305,56.408041564291565,41.21621621621622,55.46273546273545,60.47430830039525,57.686467717717726,0.8733333333333333,0.5933333333333334,0.41333333333333333,0.5,B+,C+,C,C,autonationinc,0.012987012987012991,0.7272727272727273,0.6944444444444444,22.0,0.0,0.0,0.012987012987012991,0.6086956521739131,B-,58.73389854775725,69.44444444444444,41.666666666666664,55.32045217153914,False,False,41.21621621621622
EZPW,EZCORP Inc,Financials,Consumer Finance,33.44,16.8775,1.5524,10.5555,1.9856067263615418,43.71,13.06,12.479999999999999,0.12560000000000002,8.04,0.9721435316336164,126.8657,43.71,13.06,69.07595999999998,0.9634865652761514,12.479999999999999,0.12560000000000002,8.04,38.641175420248445,62.67805212525498,53.299492385786806,94.67620366097525,48.83870967741935,59.45601810875486,0.3165829145728643,0.7587939698492462,0.5376884422110553,0.9773869346733668,C-,B,C+,A+,ezcorpinc,0.0,0.7692307692307693,0.7083333333333334,13.0,0.0,0.0,0.0,0.5967741935483871,C+,59.339889076496796,70.83333333333334,42.50000000000001,55.0367021911297,True,False,38.641175420248445
TTMI,TTM Technologies Inc,Information Technology,Electronic Manufacturing Services,164.64,84.9786,5.4921,60.3151,9.658287625025663,241.37,24.12,10.61,0.0974,6.81,0.901342411201747,555.1532,241.37,24.12,486.1248599999999,0.901342411201747,10.61,0.0974,6.81,34.97856077554064,92.16865332765717,44.820205479452056,76.83959073228479,41.47727272727273,58.75134037573657,0.31543624161073824,0.9865771812080537,0.4429530201342282,0.8523489932885906,C-,A+,C,B+,ttmtechnologiesinc,0.009090909090909038,0.9090909090909091,0.796875,11.0,0.0,0.0,0.009090909090909038,0.4375,C,57.89906764846384,79.6875,47.8125,54.91601239490641,True,False,34.97856077554064
LQDT,Liquidity Services Inc,Industrials,Diversified Support Services,37.22,37.3997,2.3414,19.7312,5.617858813940501,21.77,14.78,14.46,0.0785,14.46,0.9718749999999998,16.8603,21.77,14.78,16.8603,0.9718749999999998,14.46,0.0785,14.46,38.916256157635466,84.53933489317632,49.83579638752053,70.2768812638016,47.61904761904762,58.15125636768458,0.33497536945812806,0.9408866995073891,0.5172413793103449,0.7241379310344828,C-,A,C+,B,liquidityservicesinc,0.0,0.875,0.7500000000000001,8.0,0.0,0.0,0.0,0.45,C,57.91316112958934,75.00000000000001,45.00000000000001,54.91486852643946,True,False,38.916256157635466
PLXS,Plexus Corp,Information Technology,Electronic Manufacturing Services,265.04,41.0633,1.7593,25.5637,4.888323281506484,56.35,1.82,12.389999999999999,0.0509,11.129999999999999,0.9327642073778666,111.2546,56.35,1.82,111.2546,0.9327642073778666,12.389999999999999,0.0509,11.129999999999999,64.62683320904797,51.51482900525046,48.70306950786403,56.11364789446981,88.63636363636364,54.85817105917205,0.6912751677852349,0.5369127516778524,0.4697986577181208,0.5503355704697986,B-,C+,C,C+,plexuscorp,0.07692307692307687,0.6923076923076923,0.6527777777777778,13.0,0.0,0.0,0.07692307692307687,0.875,B+,58.72180742280842,65.27777777777779,39.16666666666667,54.810779271580074,False,False,48.70306950786403
ABCB,Ameris Bancorp,Financials,Regional Banks,87.26,14.1488,2.70304,10.6061,1.4562288578966955,15.53,52.9989,10.41,0.3410664,9.76,0.974896836313618,46.2867,15.53,52.9989,46.2867,0.9634865652761514,10.41,0.3410664,9.76,53.79307706042904,53.78813172436819,41.11675126903553,94.40300154491283,44.22476586888657,58.36568373622235,0.542713567839196,0.5326633165829145,0.40703517587939697,0.9698492462311558,C+,C+,C,A,amerisbancorp,0.0,0.7692307692307693,0.7083333333333334,13.0,0.0,0.0,0.0,0.41935483870967744,C,57.78816032311101,70.83333333333334,42.50000000000001,54.73052825848881,False,False,41.11675126903553
DCOM,Dime Community Bancshares Inc,Financials,Regional Banks,37.19,14.8225,2.11729,12.2009,1.1053484121204915,225.06,42.91451,7.670000000000001,0.4435096,6.45,0.9575113808801212,41.9466,95.98799999999997,42.91451,41.9466,0.9575113808801212,7.670000000000001,0.4435096,6.45,62.696732392929114,67.65212271528664,22.84263959390863,89.3930699624807,44.22476586888657,57.7938815322629,0.6482412060301508,0.8391959798994975,0.22613065326633167,0.9296482412060302,B-,B+,D+,A-,dimecommunitybancsharesinc,0.0,0.8181818181818182,0.734375,11.0,0.0,0.0,0.0,0.41935483870967744,C,57.21635811915156,73.4375,44.0625,54.58558649532125,False,False,22.84263959390863
A,Agilent Technologies Inc,Health Care,Life Sciences Tools & Services,117.69,24.8306,4.5338,18.6508,4.941801874433135,3.9,8.14,19.73,0.204,12.98,0.2384188874977642,11.8301,3.9,8.14,11.8301,0.2384188874977642,19.73,0.204,12.98,45.75757575757576,53.19409635199109,70.92731829573934,40.930103035366194,89.79591836734694,52.99606339080024,0.43703703703703706,0.5555555555555556,0.7111111111111111,0.37037037037037035,C,C+,B,C-,agilenttechnologiesinc,0.061576354679802936,0.7857142857142857,0.75,28.0,0.0,0.0,0.061576354679802936,0.8928571428571429,B+,56.97565522753493,75.0,45.0,54.58052418202794,False,False,40.930103035366194
USFD,US Foods Holding Corp,Consumer Staples,Food Distributors,92.05,30.1725,0.5174,15.4496,4.7125618827721425,45.9,4.08,15.010000000000002,0.0304,7.02,0.7161362996339059,37.3061,45.9,4.08,37.3061,0.7161362996339059,15.010000000000002,0.0304,7.02,52.60283324799454,75.93548387096774,34.40860215053763,79.69032258064517,35.96837944664032,57.87802013995562,0.5555555555555556,0.8253968253968254,0.2698412698412698,0.7936507936507936,C+,B+,D+,B,usfoodsholdingcorp,-0.007246376811594235,0.8260869565217391,0.7767857142857143,23.0,0.0,0.0,-0.007246376811594235,0.36363636363636365,C-,56.474858084619655,77.67857142857143,46.607142857142854,54.50131503912429,False,False,34.40860215053763
BK,Bank of New York Mellon Corp,Financials,Asset Management & Custody Banks,133.64,16.4598,2.12845,16.2318,2.0755968272753673,27.82,284.5591,12.659999999999998,0.2654159,5.84,0.905050672153493,61.1868,27.82,92.40466449999998,61.1868,0.905050672153493,12.659999999999998,0.2654159,5.84,37.36448741167767,89.57878296970881,54.314720812182735,84.54871858363254,25.073313782991203,62.74530236663337,0.27638190954773867,0.9899497487437185,0.5477386934673367,0.8693467336683417,D+,A+,C+,B+,bankofnewyorkmelloncorp,-0.010769230769230753,0.72,0.6916666666666667,25.0,0.0,0.0,-0.010769230769230753,0.22580645161290322,D+,60.25263374493249,69.16666666666667,41.5,54.42231838416054,True,False,25.073313782991203
TBBK,Bancorp Inc,Financials,Regional Banks,60.49,10.8671,4.64103,10.3363,3.714255890064411,16.07,89.12521,30.56,0.5646253999999999,19.72,0.35465318395003753,17.0472,16.07,89.12521,17.0472,0.35465318395003753,30.56,0.5646253999999999,19.72,48.06902532969416,74.71290676058972,90.86294416243655,26.39593908629442,44.22476586888657,59.95476154240951,0.44221105527638194,0.8944723618090452,0.9095477386934674,0.24623115577889448,C,B+,A-,D+,bancorpinc,0.0,0.7777777777777778,0.6964285714285714,9.0,0.0,0.0,0.0,0.41935483870967744,C,59.37723812929816,69.64285714285714,41.785714285714285,54.357198217470284,False,True,26.39593908629442
ADI,Analog Devices Inc,Information Technology,Semiconductors,415.63,73.3874,16.8965,48.8269,6.018346232651081,74.57,25.91,7.920000000000001,0.2924,6.370000000000001,0.998331379092631,112.4898,74.57,25.91,112.4898,0.9977894488000338,7.920000000000001,0.2924,6.370000000000001,26.308103405418844,82.06624852637782,52.857052257737195,70.19073439878234,98.75,55.24268550082104,0.2080536912751678,0.912751677852349,0.5503355704697986,0.7181208053691275,D+,A-,C+,B,analogdevicesinc,0.1315938740782756,0.8292682926829268,0.7989130434782609,41.0,0.0,0.0,0.11450824862622926,0.96875,A,60.11768550082104,79.8913043478261,47.934782608695656,53.587294958944035,True,False,26.308103405418844
MOG-A,Moog Inc,Industrials,Aerospace & Defense,318.56,35.2049,2.4201,20.1602,5.346267128747765,38.77,13.79,14.16,0.09119999999999999,8.94,0.8053396151907197,79.8859,38.77,13.79,79.8859,0.8053396151907197,14.16,0.09119999999999999,8.94,37.76683087027914,80.3276341652315,44.99178981937603,74.04872853148716,45.83333333333333,56.564927711757534,0.32019704433497537,0.8916256157635468,0.4039408866995074,0.7684729064039408,C-,B+,C,B,mooginc,0.0,0.8333333333333334,0.75,12.0,0.0,0.0,0.0,0.35,C-,56.14826104509087,75.0,45.0,53.11514188174206,True,False,37.76683087027914
CHEF,Chefs' Warehouse Inc,Consumer Staples,Food Distributors,80.16,44.4308,0.7748,19.3331,5.396053933612919,29.77,9.36,12.690000000000001,0.035,5.6000000000000005,0.9771656397245375,31.1948,29.77,9.36,31.1948,0.9406478107205344,12.690000000000001,0.035,5.6000000000000005,35.04010923365762,82.21505376344086,30.64516129032258,85.13548387096775,64.03162055335969,54.89142515787677,0.30158730158730157,0.9206349206349206,0.23809523809523808,0.8412698412698413,C-,A-,D+,B+,chefswarehouseinc,0.0,0.8571428571428571,0.7763157894736842,14.0,0.0,0.0,0.0,0.45454545454545453,C,56.294587213212736,77.63157894736842,46.578947368421055,53.03580884191333,True,False,30.64516129032258
FLS,Flowserve Corp,Industrials,Industrial Machinery & Supplies & Components,73.38,27.3259,2.0006,15.7097,4.253666454118601,22.82,3.76,15.809999999999999,0.0823,9.36,0.5976744186046511,57.3328,22.82,3.76,57.3328,0.5976744186046511,15.809999999999999,0.0823,9.36,55.66502463054187,66.21573721741517,46.30541871921182,59.88477916005678,44.44444444444444,55.712714112932815,0.5935960591133005,0.7093596059113301,0.43103448275862066,0.625615763546798,C+,B,C,B-,flowservecorp,0.0,0.7647058823529411,0.7159090909090908,17.0,0.0,0.0,0.0,0.275,D+,55.15715855737726,71.59090909090908,42.954545454545446,52.7166359368109,False,False,44.44444444444444
IBOC,International Bancshares Corp,Financials,Regional Banks,72.56,10.8455,3.41763,9.5013,1.3872903099989675,0.83,69.21539,13.41,0.6315208,10.86,0.7984604618614419,16.6559,0.83,69.21539,16.6559,0.7984604618614419,13.41,0.6017721949999999,10.86,69.13246435221795,51.35504787932885,56.34517766497462,42.87905539615979,44.22476586888657,55.216231159395875,0.7638190954773869,0.5025125628140703,0.5678391959798995,0.40703517587939697,B,C+,C+,C,internationalbancsharescorp,0.0,0.8571428571428571,0.7291666666666667,7.0,0.0,0.0,0.0,0.41935483870967744,C,54.63870774628453,72.91666666666667,43.75,52.46096619702763,False,False,42.87905539615979
BURL,Burlington Stores Inc,Consumer Discretionary,Apparel Retail,316.73,32.3042,1.704,15.9017,10.991539363821238,22.08,8.76,39.79,0.0722,17.5,0.7365934148353709,33.6075,22.08,8.76,33.6075,0.7365934148353709,39.79,0.0722,17.5,31.44744744744745,79.06888079301874,62.612612612612615,67.51164958061509,32.52508361204013,57.83112108974178,0.24666666666666667,0.8533333333333334,0.6266666666666667,0.6866666666666666,D+,B+,B-,B-,burlingtonstoresinc,0.0,0.7916666666666666,0.75,24.0,0.0,0.0,0.0,0.2391304347826087,D+,56.08362945094579,75.0,45.0,51.083780210117546,True,False,31.44744744744745
USPH,US Physical Therapy Inc,Health Care,Health Care Facilities,73.65,26.929,1.3648,11.0833,2.337746431484826,25.0,16.33,8.0,0.1108,6.03,0.26015654118524056,2.9062,25.0,16.33,2.9062,0.26015654118524056,8.0,0.1108,6.03,69.24242424242425,72.18369198859217,41.8546365914787,30.334456831734506,51.24223602484472,53.27789497254108,0.8,0.8148148148148148,0.3851851851851852,0.2518518518518518,B,B+,C-,D+,usphysicaltherapyinc,0.0,0.8461538461538461,0.7638888888888888,13.0,0.0,0.0,0.0,0.625,B-,53.40211857502555,76.38888888888889,45.83333333333333,50.6391972677113,False,True,30.334456831734506
SPXC,SPX Technologies Inc,Industrials,Industrial Machinery & Supplies & Components,212.74,42.148,4.5336,24.08,4.741315907946173,18.94,17.39,12.32,0.1575,9.27,0.6662077104642015,43.3461,18.94,17.39,43.3461,0.6662077104642015,12.32,0.1575,9.27,23.64532019704433,86.3073448612937,53.858784893267654,55.937212991567165,99.07407407407408,52.82493784315017,0.1477832512315271,0.9507389162561576,0.5517241379310345,0.5566502463054187,D,A,C+,C+,spxtechnologiesinc,0.13003095975232204,0.8947368421052632,0.8229166666666666,19.0,1.5,3.100904354626033,0.08020833333333333,1.0,A+,57.73234525055757,82.29166666666666,50.61536174185041,50.61564229775973,True,False,23.64532019704433
PRIM,Primoris Services Corp,Industrials,Construction & Engineering,101.23,40.0315,1.4528,21.6744,3.2545967200043724,51.48,18.97,17.48,0.054299999999999994,13.0,0.2664274658787112,55.4992,51.48,18.97,55.4992,0.2664274658787112,17.48,0.054299999999999994,13.0,42.857142857142854,82.17684552501015,48.11165845648603,43.89162561576355,50.0,52.955894556561965,0.41133004926108374,0.9113300492610837,0.4630541871921182,0.4039408866995074,C,A-,C,C,primorisservicescorp,0.0,0.7142857142857143,0.6826923076923077,21.0,0.0,0.0,0.0,0.625,B-,52.955894556561965,68.26923076923077,40.96153846153846,50.55702333755727,False,False,42.857142857142854
SXT,Sensient Technologies Corp,Materials,Specialty Chemicals,119.12,37.6507,3.141,21.3874,4.218712924235287,7.38,3.52,11.63,0.1285,7.19,0.7811764705882355,25.7601,7.38,3.52,25.7601,0.7811764705882355,11.63,0.1285,7.19,30.25641025641026,61.65046833870669,63.58974358974359,61.801125703564736,73.1764705882353,53.15185726999275,0.25384615384615383,0.676923076923077,0.676923076923077,0.6615384615384615,D+,B-,B-,B-,sensienttechnologiescorp,0.06349206349206349,0.7777777777777778,0.6964285714285714,9.0,0.0,0.0,0.06349206349206349,0.7058823529411765,B,55.469504328816285,69.64285714285714,41.785714285714285,50.19751813172493,True,False,30.25641025641026
PEGA,Pegasystems Inc,Information Technology,Application Software,36.37,15.4852,3.4898,22.2635,7.868547444939638,403.79,16.61,60.07,0.1506,60.07,0.06026950984747511,-20.2937,252.97,16.61,-20.2937,0.06026950984747511,60.07,0.1506,58.00299999999992,70.03479990057171,79.14015244150974,81.5591704718417,27.62922374429224,73.07692307692308,64.25236783026375,0.738255033557047,0.8926174496644296,0.8590604026845637,0.18791946308724833,B,B+,B+,D,pegasystemsinc,0.05263157894736836,0.9473684210526315,0.8645833333333333,19.0,90.0,84.89281911636292,0.05263157894736836,0.71875,B,66.56006013795606,86.45833333333333,85.83212764654516,50.0,False,True,27.62922374429224
PM,Philip Morris International Inc,Consumer Staples,Tobacco,170.53,23.421,6.5386,19.2423,1285.0791258477768,60.61,7.31,575.44,0.3664,44.05,0.5777597072575724,-2.0393,46.63549999999996,7.31,-2.0393,0.5777597072575724,149.34949999999998,0.3664,29.728437999999983,26.591568527052402,88.75642823749416,96.23655913978494,62.552594670406734,65.36796536796537,65.96883649828952,0.2222222222222222,0.9523809523809523,1.0,0.6031746031746031,D+,A,A+,B-,philipmorrisinternationalinc,0.0,0.7037037037037037,0.6796875,27.0,0.0,0.0,0.0,0.7272727272727273,B,67.50563303508605,67.96875,40.78125,50.0,True,False,26.591568527052402
MSFT,Microsoft Corp,Information Technology,Systems Software,413.96,24.182,9.5138,16.8536,8.959436236846319,29.75,17.87,33.129999999999995,0.4675,26.33,0.2896018476678214,-4.4656,29.75,17.87,-4.4656,0.2896018476678214,33.129999999999995,0.4259,26.33,57.18369376087497,69.89865282412558,88.55276509386097,44.12137280895566,24.431818181818183,64.23811984030024,0.6174496644295302,0.7919463087248322,0.9228187919463087,0.3691275167785235,B-,B,A-,C-,microsoftcorp,-0.030303030303030387,0.9090909090909091,0.8838028169014085,66.0,90.0,84.89281911636292,-0.030303030303030387,0.21875,D+,61.681301658482056,88.38028169014085,86.98529666062967,50.0,False,False,24.431818181818183
DXCM,Dexcom Inc,Health Care,Health Care Equipment,60.36,24.7209,4.7739,17.9281,8.458283119867717,77.45,16.15,33.83,0.2145,20.01,0.1742403122386395,-25.9659,77.45,16.15,-25.9659,0.1742403122386395,33.83,0.2145,20.01,45.274971941638604,78.29400424137266,80.45112781954886,25.636090225563912,78.26086956521739,57.21754383368418,0.42962962962962964,0.8962962962962963,0.837037037037037,0.2074074074074074,C,B+,B+,D+,dexcominc,0.027027027027027084,0.8648648648648649,0.8273809523809524,37.0,90.0,84.89281911636292,0.027027027027027084,0.75,B,60.043630790205924,82.73809523809524,83.59998478940231,50.0,False,True,25.636090225563912
WLY,John Wiley & Sons Inc,Communication Services,Publishing,40.67,13.6412,1.26,10.1889,2.8868950439387273,282.11,-1.9,20.75,0.1352,9.83,0.712050984936269,-8.5245,282.11,-1.9,-8.5245,0.712050984936269,20.75,0.1352,9.83,62.794612794612796,60.028860028860024,64.1711229946524,47.009803921568626,40.909090909090914,58.14916673740204,0.6388888888888888,0.5833333333333334,0.6944444444444444,0.3611111111111111,B-,C+,B-,C-,johnwileysonsinc,0.0,0.8,0.675,5.0,0.0,0.0,0.0,0.4,C-,57.240075828311134,67.5,40.5,50.0,False,False,40.909090909090914
MMS,Maximus Inc,Industrials,Data Processing & Outsourced Services,63.95,9.2561,0.6404,7.1756,2.0936117831548553,41.59,-0.15,21.759999999999998,0.1094,11.540000000000001,0.08152866242038224,-3.7912,41.59,-0.15,-3.7912,0.08152866242038224,21.759999999999998,0.1094,11.540000000000001,93.92446633825944,54.61400334926475,61.08374384236453,32.622205380826074,43.75,61.199294291174155,0.9852216748768473,0.5714285714285714,0.6354679802955665,0.32019704433497537,A+,C+,B-,C-,maximusinc,0.0,0.8333333333333334,0.7045454545454546,6.0,0.0,0.0,0.0,0.2375,D+,60.574294291174155,70.45454545454545,42.27272727272727,50.0,False,False,32.622205380826074
CI,Cigna Group,Health Care,Health Care Services,281.98,12.6229,0.2735,9.0345,1.7810178038619249,80.88,11.24,14.530000000000001,0.0335,8.200000000000001,0.42734956731736795,-15.5293,80.88,11.24,-15.5293,0.42734956731736795,14.530000000000001,0.0335,8.200000000000001,93.03030303030305,75.05753018910913,46.365914786967416,32.15121136173768,81.36645962732919,61.290802764486976,1.0,0.8814814814814815,0.44074074074074077,0.2814814814814815,A+,B+,C,D+,cignagroup,0.03475935828876997,0.8529411764705882,0.8141025641025641,34.0,31.5,48.392336134290694,0.03475935828876997,0.7857142857142857,B,64.4274487272199,81.41025641025641,68.20308829987013,50.0,False,True,32.15121136173768
EXLS,Exlservice Holdings Inc,Industrials,Data Processing & Outsourced Services,30.97,19.1458,2.3021,13.3738,5.307990264971035,27.93,13.56,25.5,0.1503,19.46,0.18657407407407398,-33.6405,27.93,13.56,-33.6405,0.18657407407407398,25.5,0.1503,19.46,65.51724137931033,79.67794089484858,77.504105090312,27.154225085259565,87.5,62.121769813427214,0.7438423645320197,0.8866995073891626,0.8300492610837439,0.2315270935960591,B,B+,B+,D+,exlserviceholdingsinc,0.0625,0.875,0.7976190476190476,16.0,0.0,0.0,0.0625,0.85,B+,65.87176981342722,79.76190476190476,47.857142857142854,50.0,False,True,27.154225085259565
UBER,Uber Technologies Inc,Industrials,Passenger Ground Transportation,79.17,16.0405,3.1001,35.8059,6.083401848764034,3.3,18.28,40.31,0.107,28.27,0.31941544885177475,-7.7595,3.3,18.28,-7.7595,0.31941544885177475,40.31,0.107,26.551999999999996,43.513957307060764,71.39197472901589,78.81773399014779,28.84460367218988,47.61904761904762,55.63023850454329,0.4236453201970443,0.7733990147783252,0.8472906403940886,0.2660098522167488,C,B,B+,D+,ubertechnologiesinc,0.0,0.8360655737704918,0.8143939393939393,61.0,90.0,84.89281911636292,0.0,0.45,C,55.39214326644805,81.43939393939394,82.82076401018153,50.0,False,True,28.84460367218988
IPAR,Interparfums Inc,Consumer Staples,Household Products,94.81,18.1208,2.0499,10.1011,3.45208013224296,2.74,2.49,19.93,0.1816,16.1,0.26911314984709483,-20.9917,2.74,2.49,-20.9917,0.26911314984709483,19.93,0.1816,16.1,56.99778119132958,53.503893214682975,70.16129032258065,38.26473859844272,64.6694214876033,55.1434942411027,0.6507936507936508,0.5396825396825397,0.7619047619047619,0.36507936507936506,B-,C+,B,C-,interparfumsinc,0.0,0.8181818181818182,0.734375,11.0,0.0,0.0,0.0,0.5909090909090909,C+,56.61043638986303,73.4375,44.0625,50.0,False,False,38.26473859844272
ATR,Aptargroup Inc,Materials,"Metal, Glass & Plastic Containers",122.63,20.3532,2.0321,11.0337,2.9507376242507655,7.17,8.95,14.360000000000001,0.13470000000000001,9.73,0.31780584082682245,-18.745,7.17,8.95,-18.745,0.31780584082682245,14.360000000000001,0.13470000000000001,9.73,52.3076923076923,63.894571740316415,75.8974358974359,20.897435897435898,94.8849104859335,54.009683578832515,0.6153846153846154,0.7692307692307693,0.7769230769230769,0.16923076923076924,B-,B,B,D,aptargroupinc,0.08333333333333337,0.75,0.6911764705882353,12.0,0.0,0.0,0.08333333333333337,0.9411764705882353,A,58.49817462742587,69.11764705882352,41.47058823529411,50.0,False,True,20.897435897435898
NWS,News Corp,Communication Services,Publishing,30.23,13.353,1.7822,11.412,1.9479849986467852,179.7,-12.13,13.36,0.1,10.879999999999999,0.8533475026567483,-5.5175,179.7,-12.13,-5.5175,0.8533475026567483,13.36,0.1,10.879999999999999,55.63973063973064,45.23358585858586,53.69875222816399,57.6403743315508,81.81818181818183,52.90941275500099,0.5972222222222222,0.4027777777777778,0.5138888888888888,0.5833333333333334,C+,C,C+,C+,newscorp,0.06666666666666665,0.8666666666666667,0.7875000000000001,15.0,0.0,0.0,0.06666666666666665,0.8,B,56.09123093681917,78.75000000000001,47.25000000000001,50.0,False,False,45.23358585858586
GEO,Geo Group Inc,Industrials,Environmental & Facilities Services,22.2,11.5819,1.1198,7.3148,2.0086135138069556,354.95,8.55,17.68,0.0947,8.25,0.5167999999999999,-26.9015,105.9125,8.55,-26.9015,0.5167999999999999,17.68,0.0947,8.25,87.52052545155993,85.00856961249461,48.768472906403936,26.125967628430683,47.61904761904762,61.299157037676025,0.9310344827586207,0.9458128078817734,0.49261083743842365,0.22167487684729065,A,A,C,D+,geogroupinc,0.0,0.875,0.7500000000000001,8.0,0.0,0.0,0.0,0.45,C,61.061061799580784,75.00000000000001,45.00000000000001,50.0,False,True,26.125967628430683
SKYW,SkyWest Inc,Industrials,Passenger Airlines,87.82,7.7878,0.8112,5.1806,1.2749320941144362,19.39,12.26,16.0,0.1461,8.42,0.17796995903504764,-6.644,19.39,12.26,-6.644,0.17796995903504764,16.0,0.1461,8.42,93.26765188834155,77.07736291555477,54.1871921182266,20.329539663665706,47.72727272727273,61.34509151748613,0.9802955665024631,0.8620689655172413,0.5566502463054187,0.15270935960591134,A+,B+,C+,D,skywestinc,0.0,0.8333333333333334,0.75,12.0,0.0,0.0,0.0,0.5375,C+,61.117818790213406,75.0,45.0,50.0,False,True,20.329539663665706
TMDX,Transmedics Group Inc,Health Care,Health Care Equipment,72.92,13.2374,4.1602,23.2853,5.281761552947994,362.68,37.13,53.879999999999995,0.1793,22.009999999999998,0.03395348837209304,-21.9105,362.68,37.13,-21.9105,0.03395348837209304,53.879999999999995,0.1793,22.009999999999998,53.075196408529735,94.03123192596877,80.95238095238095,22.03308270676692,46.8944099378882,61.71975726677482,0.5851851851851851,0.9925925925925926,0.8444444444444444,0.18518518518518517,C+,A+,B+,D,transmedicsgroupinc,0.0,0.8,0.7500000000000001,20.0,0.0,0.0,0.0,0.3392857142857143,C-,61.40919826056364,75.00000000000001,45.00000000000001,50.0,False,True,22.03308270676692
SNDK,Sandisk Corp,Information Technology,"Technology Hardware, Storage & Peripherals",1409.98,46.3287,15.8377,38.2662,22.336918380376183,,82.76,42.33,0.4073,38.86,0.9788705858933434,4067.839,,46.931999999999995,486.1248599999999,0.9788705858933434,42.33,0.4073,38.86,34.678722346507584,74.09979423868313,90.30948756976154,88.58997124978859,94.56521739130434,68.78500557676162,0.3087248322147651,0.8590604026845637,0.9395973154362416,0.959731543624161,C-,B+,A,A,sandiskcorp,0.10052910052910047,0.8148148148148148,0.7734375,27.0,0.0,0.0,0.10052910052910047,0.9375,A,73.24152731589206,77.34375,46.40625,49.855280059264615,True,False,34.678722346507584
CVCO,Cavco Industries Inc,Consumer Discretionary,Homebuilding,500.1,20.8179,1.7429,15.2442,3.7618587689446934,13.34,14.3,17.14,0.09789999999999999,17.02,0.3335785272713046,-5.5173,13.34,14.3,-5.5173,0.3335785272713046,17.14,0.09789999999999999,17.02,39.01801801801802,86.63156663156664,57.54504504504505,31.49034749034749,37.88819875776398,52.7651485901486,0.34,0.9466666666666667,0.5466666666666666,0.29333333333333333,C-,A,C+,D+,cavcoindustriesinc,0.0,0.875,0.7500000000000001,8.0,0.0,0.0,0.0,0.34782608695652173,C-,51.553968465924996,75.00000000000001,45.00000000000001,49.82531903588004,True,True,31.49034749034749
XPEL,Xpel Inc,Consumer Discretionary,Automotive Parts & Equipment,43.53,26.6784,2.8699,19.094,4.287149385439647,13.49,13.27,19.689999999999998,0.1316,19.68,0.4977687626774849,30.2124,13.49,13.27,30.2124,0.4977687626774849,19.689999999999998,0.1316,19.68,24.978978978978983,79.70545220545222,69.36936936936938,57.999999999999986,37.88819875776398,56.12817752817753,0.22,0.86,0.74,0.5333333333333333,D+,B+,B,C+,xpelinc,0.0,0.8888888888888888,0.7678571428571428,9.0,0.0,0.0,0.0,0.34782608695652173,C-,54.91699740395393,76.78571428571428,46.07142857142856,49.69327120101469,True,False,24.978978978978983
TJX,TJX Companies Inc,Consumer Discretionary,Apparel Retail,155.45,31.0329,2.8241,19.8378,16.888845430939885,14.36,7.12,59.53000000000001,0.1189,45.410000000000004,0.7744647070977282,21.0104,14.36,7.12,21.0104,0.7744647070977282,59.53000000000001,0.1189,41.0835,23.18918918918919,67.7807901945833,81.19369369369369,62.72134203168686,32.52508361204013,57.19614716597476,0.19333333333333333,0.7466666666666667,0.9066666666666666,0.6066666666666667,D,B,A-,B-,tjxcompaniesinc,0.0,0.84,0.7916666666666666,25.0,0.0,0.0,0.0,0.2391304347826087,D+,55.44865552717877,79.16666666666666,47.49999999999999,49.63997534203981,True,False,23.18918918918919
PH,Parker-Hannifin Corp,Industrials,Industrial Machinery & Supplies & Components,902.66,31.9855,5.5291,25.8904,8.35234060035513,13.38,2.78,25.650000000000002,0.21050000000000002,15.049999999999999,0.6899097621000819,47.0322,13.38,2.78,47.0322,0.6899097621000819,25.650000000000002,0.21050000000000002,15.049999999999999,25.615763546798025,52.729958716082656,81.60919540229885,59.283626951657354,66.66666666666666,54.20895687082222,0.18226600985221675,0.5369458128078818,0.8817733990147784,0.5960591133004927,D,C+,B+,C+,parkerhannifincorp,0.006722689075630339,0.7714285714285715,0.74375,35.0,0.0,0.0,0.006722689075630339,0.7,B-,55.875623537488885,74.375,44.625,49.12808938378127,True,False,25.615763546798025
BDC,Belden Inc,Information Technology,Electronic Components,114.65,18.6266,1.6294,14.5396,3.5314737010706847,22.98,10.33,19.139999999999997,0.1162,9.48,0.21154682201547698,10.7408,22.98,10.33,10.7408,0.21154682201547698,19.139999999999997,0.1162,9.48,81.40691026597068,50.263445437774934,57.069698122780316,28.496533062743104,27.27272727272727,55.37114779729136,0.8791946308724832,0.5167785234899329,0.610738255033557,0.21476510067114093,B+,C+,B-,D+,beldeninc,-0.022222222222222254,0.7777777777777778,0.6964285714285714,9.0,0.0,0.0,-0.022222222222222254,0.25,D+,53.098420524564084,69.64285714285714,41.785714285714285,48.66938375056834,False,True,27.27272727272727
AVY,Avery Dennison Corp,Materials,Paper & Plastic Packaging Products & Materials,166.68,18.7654,1.4374,12.6911,5.715147816188119,2.08,2.89,30.81,0.1025,11.59,0.2412837681828681,-2.0624,2.08,2.89,-2.0624,0.2412837681828681,29.419999999999998,0.1025,11.59,55.38461538461538,49.16429560619413,81.28205128205128,25.976331360946745,32.77310924369748,54.19479206009485,0.6615384615384615,0.4307692307692308,0.8615384615384616,0.23076923076923078,B-,C,B+,D+,averydennisoncorp,0.0,0.7058823529411765,0.6704545454545455,17.0,0.0,0.0,0.0,0.29411764705882354,D+,52.4721029844646,67.04545454545455,40.22727272727273,48.29156680842148,False,True,25.976331360946745
MTRN,Materion Corp,Materials,Diversified Metals & Mining,196.86,53.6316,2.2462,36.1923,4.327354260089686,1267.71,6.04,8.14,0.061500000000000006,5.42,0.961661829845731,151.4819,466.2049999999986,6.04,151.4819,0.961661829845731,8.14,0.061500000000000006,5.42,24.1025641025641,82.72808751532156,41.53846153846154,89.16083916083916,32.77310924369748,55.788041745488556,0.12307692307692308,0.9076923076923077,0.35384615384615387,0.9230769230769231,D,A-,C-,A-,materioncorp,0.0,0.8,0.7166666666666667,10.0,0.0,0.0,0.0,0.29411764705882354,D+,54.06535266985831,71.66666666666667,43.0,45.9690424320072,True,False,24.1025641025641
ARWR,Arrowhead Pharmaceuticals Inc,Health Care,Biotechnology,79.14,54.7798,10.156,34.6338,23.04332634521314,,43539.24,36.120000000000005,0.2755,17.330000000000002,0.9949284009546538,505.0459,,45.24399999999997,122.21815999999995,0.9913209608822849,36.120000000000005,0.2755,17.330000000000002,21.14478114478115,72.87920889179469,82.70676691729322,95.97580908793725,98.76847290640394,64.73389061146499,0.14814814814814814,0.8518518518518519,0.8629629629629629,0.9777777777777777,D,B+,B+,A+,arrowheadpharmaceuticalsinc,0.09210526315789469,0.8421052631578947,0.78125,19.0,0.0,0.0,0.08978295096716146,1.0,A+,69.61073790210538,78.125,46.875,43.872740418302406,True,False,21.14478114478115
ANIP,ANI Pharmaceuticals Inc,Health Care,Pharmaceuticals,84.06,24.4094,2.1646,10.9742,3.4981418982184693,,43.78,16.06,0.1258,7.07,0.6391680299135313,19.6243,,43.78,19.6243,0.6391680299135313,16.06,0.1258,7.07,67.77216610549944,71.08636977058029,52.25563909774436,52.230576441102755,47.25274725274725,59.67034054314756,0.7777777777777778,0.7925925925925926,0.5037037037037037,0.5111111111111111,B,B,C+,C+,anipharmaceuticalsinc,0.0,0.8571428571428571,0.7763157894736842,14.0,0.0,0.0,0.0,0.42857142857142855,C,59.39561526842228,77.63157894736842,46.578947368421055,42.624211266316536,False,False,47.25274725274725
CRC,California Resources Corp,Energy,Oil & Gas Exploration & Production,61.46,15.0242,1.4864,5.6163,1.4847132034632033,-0.74,14.73,10.34,0.16269999999999998,7.91,0.7152138603140227,73.078,-0.74,14.73,73.078,0.7152138603140227,10.34,0.16269999999999998,7.91,72.37654320987654,66.37544930227857,55.555555555555564,66.82926829268293,53.84615384615385,63.62396821035033,0.8571428571428571,0.7321428571428571,0.5625,0.6071428571428571,B+,B,C+,B-,californiaresourcescorp,-0.006535947712418277,0.8823529411764706,0.8068181818181818,17.0,90.0,84.89281911636292,-0.006535947712418277,0.5,C,64.00858359496571,80.68181818181817,82.36621855563607,33.840055293549895,False,False,53.84615384615385
DVN,Devon Energy Corp,Energy,Oil & Gas Exploration & Production,46.6,11.2495,1.7292,4.8919,1.8666431667240813,-8.62,7.83,17.47,0.22949999999999998,11.110000000000001,0.7344632768361582,52.3374,-8.62,7.83,52.3374,0.7344632768361582,17.47,0.22949999999999998,11.110000000000001,77.86596119929453,57.42825376971719,77.77777777777777,58.35591689250225,100.0,67.06776887671197,0.9285714285714286,0.625,0.8035714285714286,0.5714285714285714,A-,B-,B+,C+,devonenergycorp,0.09027777777777779,0.8125,0.7770270270270271,32.0,0.0,0.0,0.051294191919191885,1.0,A+,72.06776887671197,77.70270270270271,46.62162162162162,33.48926971284695,False,False,57.42825376971719
ECPG,Encore Capital Group Inc,Financials,Consumer Finance,84.24,7.0006,1.0165,8.5645,1.8704869838619427,13.54,33.12,28.189999999999998,0.35340000000000005,5.3100000000000005,0.9719923317903398,155.2727,13.54,33.12,69.07595999999998,0.9634865652761514,28.189999999999998,0.35340000000000005,5.3100000000000005,70.06606637247148,58.23068273701233,89.34010152284264,94.67620366097525,14.32258064516129,75.43291925342605,0.7788944723618091,0.6582914572864321,0.8944723618090452,0.9773869346733668,B,B-,B+,A+,encorecapitalgroupinc,-0.018181818181818188,0.8,0.7166666666666667,10.0,0.0,0.0,-0.018181818181818188,0.12903225806451613,D,71.86517731794218,71.66666666666667,43.0,33.04607092717687,False,False,14.32258064516129
DELL,Dell Technologies Inc,Information Technology,"Technology Hardware, Storage & Peripherals",238.8,26.2714,1.3735,16.5077,62.30919765166341,33.09,18.8,130.7,0.0739,13.700000000000001,0.9955758235774572,154.1778,33.09,18.8,154.1778,0.9955758235774572,112.17299999999994,0.0739,13.700000000000001,76.65454884414616,74.40345591686588,70.07071283612379,83.67579908675799,17.934782608695652,73.29716642079227,0.825503355704698,0.8657718120805369,0.7181208053691275,0.9194630872483222,B+,B+,B,A-,delltechnologiesinc,-0.045955882352941124,0.7352941176470589,0.7115384615384616,34.0,0.0,0.0,-0.045955882352941124,0.15625,D,70.09064468166183,71.15384615384616,42.69230769230769,32.3054886418955,False,False,17.934782608695652
MATX,Matson Inc,Industrials,Marine Transportation,183.73,11.5278,1.5331,8.297,2.0244257717895997,-1.03,-2.26,16.63,0.1494,14.63,0.9392350999805861,97.3257,-1.03,-2.26,97.3257,0.9392350999805861,16.63,0.1494,14.63,83.2512315270936,32.136236029450714,64.7783251231527,86.38602776533811,77.27272727272727,65.71184192151935,0.9039408866995073,0.22660098522167488,0.6798029556650246,0.896551724137931,A-,D+,B-,B+,matsoninc,0.011111111111111183,0.9,0.7833333333333333,10.0,0.0,0.0,0.011111111111111183,0.775,B,68.43911464879207,78.33333333333333,46.99999999999999,32.075645859516825,False,False,32.136236029450714
PR,Permian Resources Corp,Energy,Oil & Gas Exploration & Production,21.21,19.655,3.6288,6.6982,1.725400234283483,-12.26,1.29,9.56,0.23550000000000001,6.890000000000001,0.8672405980969642,77.193,-12.26,1.29,77.193,0.8672405980969642,9.56,0.23550000000000001,6.890000000000001,52.00617283950617,50.41440041440042,53.086419753086425,81.4453477868112,39.010989010989015,57.64509778839047,0.5892857142857143,0.5,0.5178571428571429,0.875,C+,C,C+,B+,permianresourcescorp,-0.03125,0.875,0.8310810810810811,32.0,90.0,84.89281911636292,-0.03125,0.42857142857142855,C,56.54619668948938,83.10810810810811,83.82199251141003,31.000677926936756,False,False,39.010989010989015
DAR,Darling Ingredients Inc,Consumer Staples,Agricultural Products & Services,63.11,44.8653,1.5885,16.3859,2.107607893427376,30.98,11.11,1.3599999999999999,0.07429999999999999,0.73,0.9210740439381612,91.882,30.98,11.11,83.45926999999998,0.9210740439381612,1.3599999999999999,0.07429999999999999,0.73,30.86704215736474,89.67293906810036,19.89247311827957,96.1021505376344,100.0,54.84489674005803,0.25396825396825395,0.9682539682539683,0.15873015873015872,0.9682539682539683,D+,A,D,A,darlingingredientsinc,0.049707602339181256,0.9444444444444444,0.8586956521739131,18.0,90.0,84.89281911636292,0.03179824561403505,1.0,A+,59.84489674005803,85.86956521739131,85.47886677697996,30.926009147443327,True,False,19.89247311827957
BANC,Banc of California Inc,Financials,Regional Banks,19.39,12.4047,1.98464,17.6706,0.8511964600060581,74.78,26.60258,7.07,0.3988023,4.66,0.7347670250896059,42.5735,74.78,26.60258,42.5735,0.7347670250896059,7.07,0.3988023,4.66,79.36382419712777,56.76913794908357,16.751269035532996,70.84639152504965,67.42976066597295,54.55187920299184,0.914572864321608,0.6180904522613065,0.1658291457286432,0.7537688442211056,A-,B-,D,B,bancofcaliforniainc,0.007352941176470562,0.8823529411764706,0.8068181818181818,17.0,61.5,72.51418135600332,0.007352941176470562,0.6451612903225806,B-,56.294855269589135,80.68181818181817,77.41476345149223,30.259418452984878,False,False,16.751269035532996
ANDE,Andersons Inc,Consumer Staples,Food Distributors,68.23,23.6523,0.2056,9.6531,1.854922899584593,-16.73,-2.21,7.4399999999999995,1.0,4.55,0.7282693813625686,95.2776,-16.73,-2.21,83.45926999999998,0.7282693813625686,7.4399999999999995,0.42225999999999975,4.55,73.42549923195084,24.387096774193548,50.26881720430108,90.01290322580645,92.09486166007905,58.80357910906298,0.8253968253968254,0.1111111111111111,0.47619047619047616,0.9047619047619048,B+,D,C,A-,andersonsinc,0.01388888888888884,0.8888888888888888,0.7678571428571428,9.0,0.0,0.0,0.01388888888888884,0.9090909090909091,A-,63.013065275070886,76.78571428571428,46.07142857142856,29.812368967171214,False,False,24.387096774193548
SNX,TD Synnex Corp,Information Technology,Technology Distributors,233.93,18.4639,0.2798,10.639,2.217377498258269,50.42,10.39,11.600000000000001,0.0246,7.64,0.9832700234381315,104.8603,50.42,10.39,104.8603,0.9832700234381315,11.600000000000001,0.0246,7.64,90.47197365150386,69.94218664477286,38.343480466768135,80.1247553816047,10.22727272727273,67.21725193484352,0.9463087248322147,0.7986577181208053,0.3288590604026846,0.8859060402684564,A,B,C-,B+,tdsynnexcorp,-0.05882352941176472,0.7647058823529411,0.7159090909090908,17.0,0.0,0.0,-0.05882352941176472,0.03125,F,63.23997920757079,71.59090909090908,42.954545454545446,29.591446228482866,False,False,10.22727272727273
CON,Concentra Group Holdings Parent Inc,Health Care,Health Care Services,22.82,17.6218,1.3555,10.8258,7.463858180153071,-42.65,13.85,46.6,0.154,8.41,0.6962540716612379,5.6971,-42.65,13.85,5.6971,0.6962540716612379,46.6,0.154,8.41,79.88776655443323,46.07864357864357,68.42105263157895,53.90559732664995,46.8944099378882,62.07405297756175,0.8962962962962963,0.4444444444444444,0.6888888888888889,0.5407407407407407,B+,C,B-,C+,concentragroupholdingsparentinc,0.0,0.9090909090909091,0.796875,11.0,0.0,0.0,0.0,0.3392857142857143,C-,61.76349397135057,79.6875,47.8125,29.48664758854023,False,False,46.07864357864357
MRK,Merck & Co Inc,Health Care,Pharmaceuticals,113.56,31.3198,4.255,12.5445,5.341938640148273,-48.26,2.89,36.19,0.1818,20.13,0.7765772718502798,43.6741,-48.26,2.89,43.6741,0.7765772718502798,36.19,0.1818,20.13,52.16610549943883,25.62174667437825,77.69423558897243,74.27800269905534,98.62637362637362,57.445035146789536,0.5481481481481482,0.08888888888888889,0.8148148148148148,0.7851851851851852,C+,D-,B+,B,merckcoinc,0.09663865546218486,0.7142857142857143,0.69375,35.0,0.0,0.0,0.08978295096716146,0.9642857142857143,A,62.3076725094269,69.375,41.625,29.085569003770765,False,False,25.62174667437825
PLAB,Photronics Inc,Information Technology,Semiconductor Materials & Equipment,52.09,21.879,3.4635,8.5061,2.55805844886093,-0.73,-0.06,11.84,0.2445,11.84,0.975006866245537,177.2219,-0.73,-0.06,177.2219,0.975006866245537,11.84,0.2445,11.84,78.02168779517773,34.656369731800766,64.23135464231355,68.60926288323547,47.39583333333333,61.21638713238006,0.8523489932885906,0.2214765100671141,0.6711409395973155,0.7046979865771812,B+,D+,B-,B,photronicsinc,0.01388888888888884,0.8888888888888888,0.7678571428571428,9.0,0.0,0.0,0.01388888888888884,0.46875,C,60.9559704657134,76.78571428571428,46.07142857142856,28.98953104342822,False,False,34.656369731800766
BALL,Ball Corp,Materials,"Metal, Glass & Plastic Containers",59.0,17.3554,1.2027,10.6333,2.888220953798255,-73.82,11.58,16.91,0.10869999999999999,7.359999999999999,0.6040068201193519,14.1641,-61.768,11.58,14.1641,0.6040068201193519,16.91,0.10869999999999999,7.359999999999999,64.6153846153846,49.369203491543914,67.6923076923077,48.65384615384615,80.30690537084399,57.68153300600109,0.7538461538461538,0.46153846153846156,0.7076923076923077,0.4461538461538462,B,C,B,C,ballcorp,0.0800865800865801,0.7619047619047619,0.7211538461538463,21.0,0.0,0.0,0.0800865800865801,0.8235294117647058,B+,60.712223543085486,72.11538461538463,43.269230769230774,28.611812494157274,False,False,48.65384615384615
FIX,Comfort Systems USA Inc,Industrials,Construction & Engineering,2011.49,55.3133,6.6778,40.3087,28.895528820254984,107.81,38.43,51.690000000000005,0.157,49.63,0.9958885501835484,368.9116,105.9125,21.683999999999983,148.74396999999996,0.9872446872909507,51.690000000000005,0.157,26.551999999999996,11.822660098522169,95.09282800995815,87.02791461412153,93.35385878489328,94.23076923076923,67.40198103713121,0.06403940886699508,0.9975369458128078,0.9408866995073891,0.9630541871921182,D-,A+,A,A,comfortsystemsusainc,0.07692307692307687,0.8461538461538461,0.7638888888888888,13.0,0.0,0.0,0.07692307692307687,0.925,A-,71.82505796020813,76.38888888888889,45.83333333333333,28.550202956244092,True,False,11.822660098522169
HAL,Halliburton Co,Energy,Oil & Gas Equipment & Services,40.4,22.0495,1.5317,11.0333,3.224750760290866,-23.69,-1.72,14.680000000000001,0.1131,8.63,0.9113597246127366,107.8189,-23.69,-1.72,107.8189,0.9113597246127366,14.680000000000001,0.1131,8.63,46.73721340388007,38.32070707070707,62.96296296296296,80.27777777777779,94.5054945054945,56.14474106140773,0.39285714285714285,0.32142857142857145,0.6785714285714286,0.8392857142857143,C-,C-,B-,B+,halliburtonco,0.030303030303030276,0.7272727272727273,0.7039473684210527,33.0,0.0,0.0,0.030303030303030276,0.9285714285714286,A-,60.59529051195718,70.39473684210526,42.23684210526316,28.461800415309188,False,False,38.32070707070707
KRYS,Krystal Biotech Inc,Health Care,Biotechnology,288.99,41.5921,21.8933,48.0848,6.9174094960887755,129.21,33.95,18.69,0.41409999999999997,18.69,0.922253052164262,107.2059,129.21,33.95,107.2059,0.922253052164262,18.69,0.40449999999999986,18.69,17.87878787878788,85.82543314808761,81.95488721804512,84.29552141222624,14.285714285714285,63.98260968627102,0.0962962962962963,0.9407407407407408,0.8518518518518519,0.8740740740740741,D-,A,B+,B+,krystalbiotechinc,-0.05555555555555558,0.8888888888888888,0.8152173913043478,18.0,90.0,84.89281911636292,-0.05555555555555558,0.10714285714285714,D,60.41118111484245,81.52173913043478,82.87017112480603,28.334958012581282,True,False,14.285714285714285
OVV,Ovintiv Inc,Energy,Oil & Gas Exploration & Production,59.9,13.6649,1.9052,6.6066,1.3553078743613762,15.07,-2.67,11.86,0.127,7.86,0.8821221262322061,72.8716,15.07,-2.67,72.8716,0.8821221262322061,11.86,0.127,7.86,68.09964726631394,53.38437533559484,56.17283950617284,79.13279132791328,18.68131868131868,62.571555025823315,0.8214285714285714,0.5535714285714286,0.5982142857142857,0.8035714285714286,B+,C+,C+,B+,ovintivinc,-0.08148148148148149,0.7333333333333333,0.7071428571428571,30.0,0.0,0.0,-0.08148148148148149,0.14285714285714285,D,59.439686893955184,70.71428571428571,42.42857142857142,28.018731900439217,False,False,18.68131868131868
NRG,NRG Energy Inc,Utilities,Independent Power Producers & Energy Traders,150.64,36.7247,1.0331,13.9401,17.060215857484227,-17.71,9.18,39.65,0.058499999999999996,5.87,0.48099123809724925,28.7411,-17.71,9.18,28.7411,0.48099123809724925,20.5475,0.08075,5.87,50.66296638914586,41.61367932634474,63.76811594202898,57.655954631379956,100.0,53.46169737433865,0.5106382978723404,0.3191489361702128,0.6063829787234043,0.6170212765957447,C+,C-,B-,B-,nrgenergyinc,0.12531328320802004,0.8095238095238095,0.7596153846153846,21.0,0.0,0.0,0.12531328320802004,1.0,A+,58.46169737433865,75.96153846153845,45.57692307692307,27.942371257427766,False,False,41.61367932634474
CTRA,Coterra Energy Inc,Energy,Oil & Gas Exploration & Production,32.56,14.8156,3.3275,6.0764,1.6668202434704265,49.63,40.07,11.77,0.3207,9.21,0.7030927835051547,41.9974,49.63,40.07,41.9974,0.7030927835051547,11.77,0.3207,9.21,58.619929453262785,84.08885604007554,70.98765432098766,48.03974706413731,9.34065934065934,63.82761656440519,0.7142857142857143,0.9464285714285714,0.7321428571428571,0.44642857142857145,B,A,B,C,coterraenergyinc,-0.15409482758620685,0.6896551724137931,0.6691176470588236,29.0,0.0,0.0,-0.10689615261813537,0.07142857142857142,D-,59.761682498471124,66.91176470588236,40.14705882352941,27.919378881741395,False,False,9.34065934065934
PFS,Provident Financial Services Inc,Financials,Regional Banks,22.62,10.0468,2.313,7.4581,1.0428528618519628,134.42,36.72119,10.620000000000001,0.4091399,8.959999999999999,0.8313789723163213,34.6429,95.98799999999997,36.72119,34.6429,0.8313789723163213,10.620000000000001,0.4091399,8.959999999999999,83.83286993342347,65.05742793942656,42.63959390862944,69.51997351578018,7.960457856399583,63.53359625155458,0.949748743718593,0.8040201005025126,0.4221105527638191,0.7386934673366834,A,B+,C,B,providentfinancialservicesinc,-0.09722222222222221,0.7777777777777778,0.6964285714285714,9.0,0.0,0.0,-0.07618464052287582,0.04838709677419355,F,59.32964203719454,69.64285714285714,41.785714285714285,27.910428243449246,False,False,7.960457856399583
EQT,EQT Corp,Energy,Oil & Gas Exploration & Production,57.36,10.9628,3.7697,5.6441,1.5070703036736153,836.61,50.77,14.06,0.4972,10.61,0.4496712190187153,7.3152,224.5040000000001,50.77,7.3152,0.4496712190187153,14.06,0.46331999999999973,10.61,63.425925925925924,96.39105248861347,81.48148148148148,13.297199638663052,85.16483516483517,63.16450227730716,0.75,1.0,0.875,0.08928571428571429,B,A+,B+,D-,eqtcorp,0.01666666666666672,0.7666666666666667,0.7357142857142858,30.0,0.0,0.0,0.01666666666666672,0.8571428571428571,B+,66.68098579379067,73.57142857142858,44.142857142857146,27.811476242737132,False,True,13.297199638663052
SEZL,Sezzle Inc,Financials,Transaction & Payment Processing Services,86.02,21.6297,6.3951,16.579,17.12079294628107,69.54,66.08,91.62,0.3926,51.25999999999999,0.2661031769163509,55.8616,69.54,66.08,55.8616,0.2661031769163509,40.43599999999994,0.3926,25.073999999999998,14.334362166160751,91.51844259898729,97.71573604060913,70.55837563451776,89.73607038123167,65.42788819839348,0.07035175879396985,0.9949748743718593,0.9773869346733668,0.7487437185929648,D-,A+,A+,B,sezzleinc,0.033333333333333326,0.8333333333333334,0.75,12.0,0.0,0.0,0.033333333333333326,0.9032258064516129,A-,69.40149523651664,75.0,45.0,27.749788335900977,True,False,14.334362166160751
GAP,Gap Inc,Consumer Discretionary,Apparel Retail,24.56,10.9042,0.5791,4.8255,2.4036720592696983,-2.88,1.86,22.98,0.0726,16.189999999999998,0.550351288056206,8.4327,-2.88,1.86,8.4327,0.550351288056206,22.98,0.0726,16.189999999999998,85.31231231231232,35.18032138721794,55.96846846846847,39.47809878844362,82.77591973244147,55.2518792303275,0.9466666666666667,0.26666666666666666,0.5266666666666666,0.36666666666666664,A,D+,C+,C-,gapinc,0.04166666666666674,0.7083333333333334,0.6810344827586208,24.0,0.0,0.0,0.04166666666666674,0.8260869565217391,B+,58.52947120357165,68.10344827586208,40.862068965517246,27.497995377980388,False,False,35.18032138721794
SLB,SLB NV,Energy,Oil & Gas Equipment & Services,55.16,24.6511,2.2834,12.6643,3.1591667955304317,-22.55,-0.37,14.74,0.12279999999999999,9.39,0.9201877934272298,64.2644,-22.55,-0.37,64.2644,0.9201877934272298,14.74,0.12279999999999999,9.39,34.72222222222222,44.94915553383295,66.66666666666667,67.63888888888889,36.81318681318681,52.864831106766594,0.25,0.4107142857142857,0.7142857142857143,0.625,D+,C,B,B-,slbnv,-0.030303030303030276,0.8181818181818182,0.7828947368421053,33.0,90.0,84.89281911636292,-0.030303030303030276,0.35714285714285715,C-,51.54614978808527,78.28947368421053,80.93081185707149,27.275964045894195,True,False,34.72222222222222
AIR,AAR Corp,Industrials,Aerospace & Defense,118.71,26.8317,1.4638,14.6606,3.510551467978897,-45.74,16.85,12.07,0.0955,7.199999999999999,0.8807017543859648,101.9564,-45.74,16.85,101.9564,0.8807017543859648,12.07,0.0955,7.199999999999999,61.904761904761905,43.736355137912426,40.311986863711,85.48795100519239,45.83333333333333,56.399048420739184,0.6995073891625616,0.35960591133004927,0.3399014778325123,0.8866995073891626,B-,C-,C-,B+,aarcorp,0.0,0.8333333333333334,0.75,12.0,0.0,0.0,0.0,0.35,C-,55.98238175407252,75.0,45.0,26.89295270162901,False,False,40.311986863711
NEE,Nextera Energy Inc,Utilities,Multi-Utilities,95.39,24.0312,7.0566,18.9321,3.638617638083613,47.29,10.29,15.24,0.2954,5.4399999999999995,0.9036420992256955,43.3574,47.29,10.29,43.3574,0.8949588471465443,15.24,0.2954,5.4399999999999995,15.649090348442803,81.6802536231884,86.231884057971,95.57065217391303,52.38095238095239,65.92042476102374,0.10638297872340426,0.9148936170212766,0.9361702127659575,1.0,D,A-,A,A+,nexteraenergyinc,0.0,0.6774193548387096,0.6597222222222223,31.0,0.0,0.0,0.0,0.5,C,66.15851999911898,65.97222222222223,39.583333333333336,26.716114330186976,True,False,15.649090348442803
HALO,Halozyme Therapeutics Inc,Health Care,Biotechnology,66.35,24.2102,5.4933,17.921,160.11100386100384,-27.39,37.55,92.67,0.3319,15.770000000000001,0.5429147465437787,11.738,-27.39,37.55,11.738,0.5429147465437787,92.67,0.3319,15.770000000000001,44.292929292929294,51.44982020268061,85.96491228070175,42.40601503759399,50.98522167487685,56.335627441462684,0.4148148148148148,0.5259259259259259,0.9,0.37777777777777777,C,C+,B+,C-,halozymetherapeuticsinc,0.0,0.7333333333333333,0.6875,15.0,0.0,0.0,0.0,0.5178571428571429,C+,56.43414960895037,68.75,41.25,26.69865984358015,False,False,42.40601503759399
TNL,Travel + Leisure Co,Consumer Discretionary,"Hotels, Resorts & Cruise Lines",64.98,17.1146,1.002,13.8295,8.449934980494149,-40.1,4.25,121.75,0.1374,12.04,0.5392579810181192,39.6819,-40.1,4.25,39.6819,0.5392579810181192,121.75,0.1374,12.04,52.828828828828826,35.383477318961184,74.43693693693693,63.488943488943484,38.9413988657845,56.59092560302237,0.5666666666666667,0.2733333333333333,0.78,0.6133333333333333,C+,D+,B,B-,travelleisureco,0.0,0.8125,0.75,16.0,0.0,0.0,0.0,0.45652173913043476,C,55.48506548960082,75.0,45.0,26.69402619584033,False,False,35.383477318961184
AIT,Applied Industrial Technologies Inc,Industrials,Trading Companies & Distributors,315.39,28.6457,2.4331,21.5832,6.47495750289473,6.39,6.14,21.740000000000002,0.10869999999999999,16.619999999999997,0.9895792754187769,42.9109,6.39,6.14,42.9109,0.9872446872909507,21.740000000000002,0.10869999999999999,16.619999999999997,42.692939244663386,59.470025710292674,67.07717569786536,77.3474801061008,15.217391304347828,59.80602989891088,0.4014778325123153,0.6108374384236454,0.6995073891625616,0.8177339901477833,C,B-,B-,B+,appliedindustrialtechnologiesinc,-0.019230769230769273,0.75,0.6911764705882353,12.0,0.0,0.0,-0.019230769230769273,0.125,D,56.32776902934566,69.11764705882352,41.47058823529411,26.678166435267677,False,False,15.217391304347828
RCL,Royal Caribbean Cruises Ltd,Consumer Discretionary,"Hotels, Resorts & Cruise Lines",287.08,17.1899,4.1872,14.171,7.734690523468378,37.86,9.75,45.81,0.27690000000000003,14.82,0.44655052264808354,27.2574,37.86,9.75,27.2574,0.44655052264808354,45.81,0.26367000000000007,14.82,36.59459459459459,84.18932128609548,81.19369369369367,45.81490581490581,15.689981096408317,60.44791749227232,0.31333333333333335,0.9,0.9,0.42,C-,B+,B+,C,royalcaribbeancruisesltd,-0.02941176470588225,0.7352941176470589,0.7115384615384616,34.0,0.0,0.0,-0.02941176470588225,0.13043478260869565,D,57.01691560191315,71.15384615384616,42.69230769230769,26.579603731479438,True,False,15.689981096408317
INVX,Innovex International Inc,Energy,Oil & Gas Equipment & Services,27.13,22.7728,1.9391,8.9608,1.7718361002625425,-50.2,54.51,8.19,0.1322,7.95,0.866096866096866,80.5057,-50.2,54.51,80.5057,0.866096866096866,8.19,0.1322,7.95,50.595238095238095,56.62166014988596,51.23456790123456,67.77777777777777,56.31868131868132,55.337339084650914,0.5357142857142857,0.6071428571428571,0.4642857142857143,0.6428571428571429,C+,B-,C,B-,innovexinternationalinc,0.0,0.7777777777777778,0.6964285714285714,9.0,0.0,0.0,0.0,0.6071428571428571,B-,55.969207216519045,69.64285714285714,41.785714285714285,26.56625431517905,False,False,50.595238095238095
PLTR,Palantir Technologies Inc,Information Technology,Application Software,133.79,140.3098,61.2768,151.5488,43.30614358775166,287.77,67.71,32.18,0.38130000000000003,32.18,0.2785707226719399,22.901,252.97,46.931999999999995,22.901,0.2785707226719399,32.18,0.38130000000000003,32.18,13.338926174496644,97.4595968859542,86.84360730593608,62.65981735159818,98.79807692307693,62.069516217618656,0.0738255033557047,1.0,0.8993288590604027,0.610738255033557,D-,A+,B+,B-,palantirtechnologiesinc,0.29027113237639557,0.6842105263157895,0.6686046511627908,38.0,0.0,0.0,0.11450824862622926,1.0,A+,66.94932390992635,66.86046511627907,40.116279069767444,26.539463645680573,True,False,13.338926174496644
ATI,ATI Inc,Industrials,Aerospace & Defense,165.08,52.6494,4.8759,29.4543,12.435685928872218,10.68,2.93,24.23,0.1432,11.82,0.9699556078777622,139.9419,10.68,2.93,139.9419,0.9699556078777622,24.23,0.1432,11.82,18.226600985221676,44.60175255503398,66.50246305418719,94.12594860870723,89.58333333333334,53.92780624260046,0.10837438423645321,0.37438423645320196,0.6896551724137931,0.9802955665024631,D,C-,B-,A+,atiinc,0.06666666666666665,0.9333333333333333,0.8374999999999999,15.0,31.5,48.392336134290694,0.06666666666666665,0.9,B+,57.8861395759338,83.74999999999999,69.60693445371626,26.47685353196362,True,False,18.226600985221676
R,Ryder System Inc,Industrials,Cargo Ground Transportation,241.56,18.3658,0.7166,5.965,3.1197975928635726,4.84,-0.07,16.36,0.0795,4.6,0.8537280885683134,70.0289,4.84,-0.07,70.0289,0.8537280885683134,16.36,0.0795,4.6,88.83415435139574,47.201255363101865,35.79638752052546,66.85714285714286,14.28571428571429,58.96931511202924,0.9507389162561576,0.4236453201970443,0.2955665024630542,0.6847290640394089,A,C,D+,B-,rydersysteminc,-0.05882352941176472,0.7647058823529411,0.7159090909090908,17.0,0.0,0.0,-0.05882352941176472,0.1,D-,55.39788654060067,71.59090909090908,42.954545454545446,26.45460916169482,False,False,14.28571428571429
CRUS,Cirrus Logic Inc,Information Technology,Semiconductors,167.69,20.461,4.1877,14.7973,4.498025793437909,38.36,7.04,20.13,0.2311,20.13,0.904268545379196,69.8643,38.36,7.04,69.8643,0.904268545379196,20.13,0.2311,20.13,70.20569226945067,55.11277814618332,75.35197869101978,36.87071917808219,10.999999999999998,59.78611720497071,0.7449664429530202,0.6174496644295302,0.785234899328859,0.30201342281879195,B,B-,B,C-,cirruslogicinc,-0.0714285714285714,0.7142857142857143,0.6710526315789473,14.0,0.0,0.0,-0.05882352941176472,0.078125,D-,55.88611720497071,67.10526315789474,40.26315789473684,26.38076267146197,False,False,10.999999999999998
HOOD,Robinhood Markets Inc,Financials,Investment Banking & Brokerage,79.05,37.8376,15.9285,33.2107,7.7953967220874505,32.75,51.58,22.33,0.4681,9.1,0.30754078998399587,62.3537,32.75,51.58,62.3537,0.30754078998399587,22.33,0.4681,9.1,7.942631941433048,82.75521110279223,81.21827411167513,56.93466513836581,83.16970546984572,55.22820176150866,0.04522613065326633,0.9547738693467337,0.8140703517587939,0.6030150753768844,F,A,B+,B-,robinhoodmarketsinc,0.011029411764705843,0.8235294117647058,0.7884615384615384,34.0,61.5,72.51418135600332,0.011029411764705843,0.8064516129032258,B+,58.54517230849323,78.84615384615384,76.31336485009362,26.31788169478891,True,False,7.942631941433048
WAL,Western Alliance Bancorp,Financials,Regional Banks,83.33,9.3443,2.03505,12.2303,1.1923977311102334,17.72,69.87056,12.790000000000001,0.41207459999999996,8.23,0.5575362088174438,17.1517,17.72,69.87056,17.1517,0.5575362088174438,12.790000000000001,0.41207459999999996,8.23,79.74134632553631,71.75184638475294,54.82233502538071,32.090046347384686,7.960457856399583,59.40929888415678,0.9195979899497487,0.8793969849246231,0.5527638190954773,0.2964824120603015,A-,B+,C+,D+,westernalliancebancorp,-0.10526315789473684,0.7368421052631579,0.6979166666666666,19.0,0.0,0.0,-0.07618464052287582,0.04838709677419355,F,55.205344669796744,69.79166666666666,41.87499999999999,26.22343498724648,False,True,7.960457856399583
NUE,Nucor Corp,Materials,Steel,234.22,29.7053,1.5943,14.8421,2.5596835093739583,-10.95,5.73,8.49,0.0817,6.29,0.9905594676158784,100.445,-10.95,5.73,100.445,0.9719220239469605,8.49,0.0817,6.29,46.66666666666666,44.43676279699758,50.256410256410255,93.58090185676393,33.55614973262032,56.834302161521535,0.49230769230769234,0.38461538461538464,0.46153846153846156,0.9692307692307692,C,C-,C,A,nucorcorp,0.0,0.6818181818181818,0.6574074074074073,22.0,0.0,0.0,0.0,0.4411764705882353,C,55.18991713478357,65.74074074074073,39.444444444444436,26.02041129835787,False,False,33.55614973262032
ROST,Ross Stores Inc,Consumer Discretionary,Apparel Retail,228.91,33.9256,3.1987,21.6663,11.92500442805197,4.7,7.67,36.7,0.11900000000000001,29.14,0.9855592260500236,61.6482,4.7,7.67,61.6482,0.9100831604054528,36.7,0.11900000000000001,29.14,19.4024024024024,63.110367420712244,75.45045045045045,93.36439888164026,75.58528428093645,60.00816647368371,0.12,0.6666666666666666,0.7933333333333333,0.9666666666666667,D,B-,B,A,rossstoresinc,0.040000000000000036,0.76,0.7250000000000001,25.0,0.0,0.0,0.040000000000000036,0.782608695652174,B,62.56669490177735,72.50000000000001,43.50000000000001,25.998359995229183,True,False,19.4024024024024
WWD,Woodward Inc,Industrials,Electrical Components & Equipment,382.42,44.3887,5.7229,32.1913,8.925745601546053,32.85,14.52,19.63,0.14859999999999998,14.59,0.8851083879164194,95.0326,32.85,14.52,95.0326,0.8851083879164194,19.63,0.14859999999999998,14.59,16.42036124794745,87.64500238360083,67.81609195402298,72.04597701149424,95.45454545454545,57.997309179511625,0.09852216748768473,0.9655172413793104,0.7192118226600985,0.7389162561576355,D-,A,B,B,woodwardinc,0.07916666666666672,0.8125,0.75,16.0,0.0,0.0,0.07916666666666672,0.95,A,62.54276372496617,75.0,45.0,25.80565663465689,True,False,16.42036124794745
VSCO,Victoria's Secret & Co,Consumer Discretionary,Apparel Retail,51.52,25.652,0.6302,15.4965,4.814953271028038,-3.99,5.2,22.720000000000002,0.0414,8.83,0.6886282136996293,171.0153,-3.99,5.2,87.71322500000002,0.6886282136996293,22.720000000000002,0.0414,8.83,45.00900900900901,44.218983874156294,42.34234234234234,87.24137931034481,58.36120401337793,53.12991047473807,0.43333333333333335,0.3933333333333333,0.4266666666666667,0.9,C,C-,C,B+,victoriassecretco,0.018382352941176516,0.7058823529411765,0.6704545454545455,17.0,0.0,0.0,0.018382352941176516,0.5652173913043478,C+,53.96603087607586,67.04545454545455,40.22727272727273,25.60913962315762,False,False,42.34234234234234
LPG,Dorian LPG Ltd,Energy,Oil & Gas Storage & Transportation,39.05,13.8238,4.1303,9.1946,1.595727292044656,-27.64,-3.51,11.41,0.34869999999999995,7.59,0.9372228244801418,78.4735,-27.64,-3.51,78.4735,0.9372228244801418,11.41,0.34869999999999995,7.59,46.97971781305114,30.357142857142858,63.580246913580254,83.73015873015873,24.025974025974026,55.457451499118164,0.42857142857142855,0.125,0.6964285714285714,0.9285714285714286,C,D,B-,A-,dorianlpgltd,-0.07070707070707061,0.8181818181818182,0.734375,11.0,0.0,0.0,-0.07070707070707061,0.21428571428571427,D+,52.860048901715565,73.4375,44.0625,25.55026956068623,False,False,24.025974025974026
GATX,GATX Corp,Industrials,Construction Machinery & Heavy Transportation Equipment,199.55,21.1309,4.0467,17.0844,2.5682870921533074,17.41,9.77,12.47,0.3048,2.68,0.9032206119162642,36.7343,17.41,9.77,36.7343,0.9032206119162642,12.47,0.29777999999999943,2.68,48.11165845648603,76.90427234364944,51.55993431855501,56.21734587251828,7.954545454545456,56.542221836993804,0.4876847290640394,0.8571428571428571,0.5369458128078818,0.5665024630541872,C,B+,C+,C+,gatxcorp,-0.08181818181818179,0.8181818181818182,0.734375,11.0,0.0,0.0,-0.06011904761904763,0.05,F,52.33767638244835,73.4375,44.0625,25.34132055297934,False,False,7.954545454545456
PCTY,Paylocity Holding Corp,Industrials,Human Resource & Employment Services,102.53,23.682,3.3597,12.1564,4.6011622949716156,9.16,12.08,20.52,0.2011,18.279999999999998,0.08753819473119173,-45.1653,9.16,12.08,-35.84569,0.08753819473119173,20.52,0.2011,18.279999999999998,57.307060755336614,71.43144057771421,80.623973727422,16.995073891625616,80.95238095238095,57.16806151455762,0.6330049261083743,0.7783251231527094,0.8719211822660099,0.12315270935960591,B-,B,B+,D,paylocityholdingcorp,0.0357142857142857,0.8214285714285714,0.7803030303030304,28.0,0.0,0.0,0.0357142857142857,0.8,B,60.263299609795716,78.03030303030305,46.81818181818183,25.0,False,True,16.995073891625616
VRRM,Verra Mobility Corp,Industrials,Data Processing & Outsourced Services,14.32,16.3425,2.2806,8.5011,7.506027885522592,388.68,11.36,40.550000000000004,0.2421,9.99,0.04043351396415169,-35.6404,105.9125,11.36,-35.6404,0.05170990071676128,40.550000000000004,0.2421,9.99,75.04105090311987,88.58322433962034,80.13136288998358,11.330049261083742,43.75,63.77575816841668,0.8300492610837439,0.9704433497536946,0.8571428571428571,0.06896551724137931,B+,A+,B+,D-,verramobilitycorp,0.0,0.7857142857142857,0.7236842105263157,14.0,0.0,0.0,0.0,0.2375,D+,63.15075816841668,72.36842105263158,43.421052631578945,25.0,False,True,11.330049261083742
COR,Cencora Inc,Health Care,Health Care Distributors,252.74,30.2518,0.1509,14.8927,32.50340800946526,18.29,7.45,101.42999999999999,0.82,17.07,0.059674502712477505,-13.091,18.29,7.45,-13.091,0.059674502712477505,97.80199999999995,0.40449999999999986,17.07,69.84287317620651,54.504740111147434,91.72932330827068,20.693036940176526,9.415584415584416,60.432604531384094,0.8222222222222222,0.6,0.9777777777777777,0.16296296296296298,B+,C+,A+,D,cencorainc,-0.07416267942583732,0.7894736842105263,0.7395833333333334,19.0,0.0,0.0,-0.06765018607123871,0.07142857142857142,D-,56.374162972942536,73.95833333333334,44.37500000000001,25.0,False,True,9.415584415584416
LRN,Stride Inc,Consumer Discretionary,Education Services,93.0,12.3997,1.5699,8.8817,2.735261938094846,9.54,14.86,21.36,0.1602,15.809999999999999,0.29293303894069306,-41.2025,9.54,14.86,-36.141299999999994,0.29293303894069306,21.36,0.1602,15.809999999999999,66.78978978978978,73.40609840609841,68.01801801801803,18.004158004158004,98.10964083175804,56.984003234003225,0.7333333333333333,0.8,0.7066666666666667,0.12,B,B,B,D,strideinc,0.07777777777777783,0.7777777777777778,0.6964285714285714,9.0,0.0,0.0,0.07487394957983194,0.9565217391304348,A,61.79496731717903,69.64285714285714,41.785714285714285,25.0,False,True,18.004158004158004
BR,Broadridge Financial Solutions Inc,Industrials,Data Processing & Outsourced Services,152.83,16.6869,2.4806,12.8588,6.74037876315395,41.38,7.44,40.46,0.1725,18.02,0.030766726355201047,-34.5678,41.38,7.44,-34.5678,0.05170990071676128,40.46,0.1725,18.02,65.84564860426929,74.46223113186406,84.72906403940887,14.092459264873057,81.25,60.35461624026696,0.7536945812807881,0.8374384236453202,0.916256157635468,0.10344827586206896,B,B+,A-,D,broadridgefinancialsolutionsinc,0.05555555555555558,0.7222222222222222,0.6847826086956522,18.0,0.0,0.0,0.05555555555555558,0.825,B+,63.47961624026696,68.47826086956522,41.08695652173913,25.0,False,True,14.092459264873057
RPM,RPM International Inc,Materials,Specialty Chemicals,102.41,19.4734,1.6812,13.7498,4.552648191121425,3.92,5.68,21.8,0.1152,11.78,0.2621546961325965,-5.8559,3.92,5.68,-5.8559,0.2621546961325965,21.8,0.1152,11.78,51.794871794871796,62.617730418182205,81.02564102564104,14.896810506566602,86.58823529411765,53.70803639007797,0.5769230769230769,0.6923076923076923,0.8461538461538461,0.1076923076923077,C+,B-,B+,D,rpminternationalinc,0.08225108225108224,0.8095238095238095,0.7596153846153846,21.0,0.0,0.0,0.08225108225108224,0.8823529411764706,B+,57.36685991948974,75.96153846153845,45.57692307692307,24.859778941306644,False,True,14.896810506566602
ACA,Arcosa Inc,Industrials,Construction & Engineering,131.39,30.9533,2.2372,13.7496,2.4373864924377755,121.29,12.2,8.18,0.1186,5.0,0.9223930357473602,52.8324,105.9125,12.2,52.8324,0.9223930357473602,8.18,0.1186,5.0,53.36617405582922,77.80355597930682,34.97536945812808,55.27640941434045,19.23076923076923,53.70137895721878,0.5615763546798029,0.8768472906403941,0.28078817733990147,0.5517241379310345,C+,B+,D+,C+,arcosainc,-0.011111111111111183,0.8888888888888888,0.7678571428571428,9.0,0.0,0.0,-0.011111111111111183,0.15,D,50.6244558802957,76.78571428571428,46.07142857142856,24.85692520926114,False,False,19.23076923076923
KO,Coca-Cola Co,Consumer Staples,Soft Drinks & Non-alcoholic Beverages,79.23,24.7359,6.8766,23.5435,10.595503965122967,27.18,5.11,43.62,0.30010000000000003,17.57,0.8335956554649111,10.4713,27.18,5.11,10.4713,0.8335956554649111,43.62,0.30010000000000003,17.57,19.65352449223417,73.53643966547193,84.94623655913979,72.25806451612902,30.73593073593074,60.308841099163686,0.1111111111111111,0.8095238095238095,0.9206349206349206,0.7301587301587301,D,B+,A-,B,cocacolaco,-0.02857142857142847,0.8285714285714286,0.7937500000000001,35.0,0.0,0.0,-0.02857142857142847,0.2727272727272727,D+,58.38243417275676,79.375,47.625,24.757236536404328,True,False,19.65352449223417
PRGS,Progress Software Corp,Information Technology,Systems Software,28.18,13.91,1.1972,8.8818,2.4940260200017703,53.68,22.42,17.82,0.16940000000000002,4.52,0.10460652591170824,-53.5979,53.68,22.42,-43.038165,0.10460652591170824,17.82,0.16940000000000002,4.52,91.88416604523987,86.42230344121334,52.01040081177067,10.582191780821919,37.5,60.37454075865969,0.9530201342281879,0.9530201342281879,0.5369127516778524,0.053691275167785234,A,A,C+,D-,progresssoftwarecorp,0.0,0.8461538461538461,0.7638888888888888,13.0,0.0,0.0,0.0,0.359375,C-,59.12454075865969,76.38888888888889,45.83333333333333,24.7561140942789,False,True,10.582191780821919
IBKR,Interactive Brokers Group Inc,Financials,Investment Banking & Brokerage,87.04,142.245,13.7209,34.5729,7.228935675428762,28.16,12.86,19.89,0.465,3.27,0.9931129476584023,95.2445,28.16,12.86,69.07595999999998,0.9634865652761514,19.89,0.465,3.27,6.060760656072239,59.26430130053049,77.15736040609137,95.9456361552317,12.76297335203366,56.846517756693345,0.02512562814070352,0.6733668341708543,0.7738693467336684,0.9949748743718593,F,B-,B,A+,interactivebrokersgroupinc,-0.05514705882352944,0.8823529411764706,0.8068181818181818,17.0,90.0,84.89281911636292,-0.05514705882352944,0.0967741935483871,D-,53.12281509189671,80.68181818181817,82.36621855563607,24.696165979662403,True,False,6.060760656072239
MSI,Motorola Solutions Inc,Information Technology,Communications Equipment,433.66,33.39,6.1567,23.9064,29.81628668078436,38.29,8.0,103.24,0.2554,21.23,0.5592352852626825,5.094,38.29,8.0,5.094,0.5592352852626825,103.24,0.2554,21.23,53.680400198856574,59.14793719211823,85.52130898021308,27.75185502283105,15.217391304347828,57.18038573775727,0.5973154362416108,0.6644295302013423,0.87248322147651,0.19463087248322147,C+,B-,B+,D,motorolasolutionsinc,-0.05263157894736836,0.7894736842105263,0.7395833333333334,19.0,0.0,0.0,-0.05263157894736836,0.125,D,53.70212486819205,73.95833333333334,44.37500000000001,24.552852986967274,False,True,15.217391304347828
RGLD,Royal Gold Inc,Materials,Gold,236.88,42.746,19.3423,25.2603,2.7966909129977413,35.14,43.24,10.92,0.6193,9.950000000000001,0.5538910314411777,28.3694,35.14,22.22,28.3694,0.5538910314411777,10.92,0.23417999999999997,9.950000000000001,19.487179487179485,84.10578782919208,77.17948717948718,51.25874125874125,73.2620320855615,56.23957248425334,0.09230769230769231,0.9230769230769231,0.8,0.47692307692307695,D-,A-,B,C,royalgoldinc,0.022222222222222254,0.8,0.7500000000000001,20.0,0.0,0.0,0.022222222222222254,0.7647058823529411,B,58.56577569280949,75.00000000000001,45.00000000000001,24.328112606802076,True,False,19.487179487179485
PLMR,Palomar Holdings Inc,Financials,Property & Casualty Insurance,110.75,14.8999,3.3974,11.6904,3.1157775095724003,60.46,56.04,22.79,0.28,22.79,0.04405286343612335,-29.1563,60.46,56.04,-29.1563,0.04405286343612335,22.79,0.28,22.79,34.78050149223273,85.45189051795927,81.7258883248731,16.64707453913973,75.67204301075269,54.546390465696255,0.2613065326633166,0.9698492462311558,0.8190954773869347,0.135678391959799,D+,A,B+,D,palomarholdingsinc,0.01098901098901095,0.8571428571428571,0.7763157894736842,14.0,0.0,0.0,0.01098901098901095,0.7419354838709677,B,57.11359476677153,77.63157894736842,46.578947368421055,24.124163885867723,True,True,16.64707453913973
STRA,Strategic Education Inc,Consumer Discretionary,Education Services,78.58,14.0342,1.4011,7.214,1.096262690098619,16.1,3.96,7.66,0.1374,7.66,0.3738868655396726,-10.5113,16.1,3.96,-10.5113,0.3738868655396726,7.66,0.1374,7.66,69.05405405405405,61.47546147546147,46.05855855855856,35.34303534303534,10.01890359168242,53.14185251685251,0.7533333333333333,0.64,0.44666666666666666,0.32,B,B-,C,C-,strategiceducationinc,-0.11111111111111105,0.7777777777777778,0.6964285714285714,9.0,0.0,0.0,-0.031066176470588226,0.043478260869565216,F,49.14374287602075,69.64285714285714,41.785714285714285,23.836068578979734,False,False,10.01890359168242
RMBS,Rambus Inc,Information Technology,Semiconductors,130.04,58.3539,19.0042,50.9769,10.272452228041487,27.75,27.13,18.29,0.3677,18.29,0.7177139809794684,159.1987,27.75,27.13,159.1987,0.7177139809794684,18.29,0.3677,18.29,26.971476510067117,71.38456012378427,78.74809741248097,53.19444444444444,10.999999999999998,56.34569439428276,0.22818791946308725,0.825503355704698,0.8120805369127517,0.5234899328859061,D+,B+,B+,C+,rambusinc,-0.05882352941176472,0.7647058823529411,0.7159090909090908,17.0,0.0,0.0,-0.05882352941176472,0.078125,D-,52.44569439428276,71.59090909090908,42.954545454545446,23.734409345776733,True,False,10.999999999999998
EEFT,Euronet Worldwide Inc,Financials,Transaction & Payment Processing Services,69.67,8.547,0.6233,4.4372,2.0956913044001397,7.51,6.38,23.7,0.12480000000000001,8.72,0.11757719714964379,-33.413,7.51,6.38,-33.413,0.11757719714964379,23.7,0.12480000000000001,8.72,63.74384613422443,39.504449645582014,82.74111675126903,18.74788494077834,44.13489736070381,53.27170763864544,0.678391959798995,0.33668341708542715,0.8291457286432161,0.1658291457286432,B-,C-,B+,D,euronetworldwideinc,0.0,0.7647058823529411,0.7159090909090908,17.0,0.0,0.0,0.0,0.3225806451612903,C-,52.68519737471582,71.59090909090908,42.954545454545446,23.66760750457303,False,True,18.74788494077834
SNEX,StoneX Group Inc,Financials,Investment Banking & Brokerage,106.39,23.2695,0.0584,48.1237,3.5030473449739388,-40.92,32.54,16.43,0.33,1.8800000000000001,0.9444345184920493,70.8527,-40.92,32.54,69.07595999999998,0.9444345184920493,16.43,0.33,1.8800000000000001,20.19488304466495,40.442977081995835,71.06598984771574,91.97969543147208,46.56381486676017,54.29975272578876,0.1507537688442211,0.34673366834170855,0.7135678391959799,0.949748743718593,D,C-,B,A,stonexgroupinc,0.0,0.875,0.7500000000000001,8.0,0.0,0.0,0.0,0.5483870967741935,C+,53.956134212464775,75.00000000000001,45.00000000000001,23.48403838697161,True,False,20.19488304466495
INTU,Intuit Inc,Information Technology,Application Software,388.55,24.9107,5.3731,18.4505,5.502566825986901,43.99,17.21,22.2,0.2708,16.869999999999997,0.09848492880543684,-37.9858,43.99,17.21,-37.9858,0.09848492880543684,22.2,0.2708,16.869999999999997,61.81953765846382,69.27559713051276,76.48401826484019,15.339269406392692,32.69230769230769,56.49886228820709,0.6510067114093959,0.7718120805369127,0.7986577181208053,0.06711409395973154,B-,B,B,D-,intuitinc,0.004878048780487809,0.8048780487804879,0.7771739130434783,41.0,0.0,0.0,0.004878048780487809,0.28125,D+,54.76809305743786,77.71739130434783,46.630434782608695,23.476358753810214,False,True,15.339269406392692
NFLX,Netflix Inc,Communication Services,Movies & Entertainment,88.27,28.6535,8.1724,33.5381,14.002665059170658,46.23,16.72,49.24,0.2375,32.15,0.2243275249534764,-22.4136,46.23,16.72,-22.4136,0.2243275249534764,48.706,0.2375,29.365999999999993,20.622895622895623,78.58391608391608,95.06833036244801,19.20608802961744,100.0,53.48080731904261,0.1388888888888889,0.9166666666666666,1.0,0.16666666666666666,D,A-,A+,D,netflixinc,0.06812255541069101,0.7796610169491526,0.76171875,59.0,0.0,0.0,0.06783137766188614,1.0,A+,58.48080731904261,76.171875,45.703125,23.343622316240303,True,True,19.20608802961744
SLGN,Silgan Holdings Inc,Materials,"Metal, Glass & Plastic Containers",40.5,14.8862,0.6622,8.2433,1.8776774289264322,4.46,10.73,13.03,0.0922,4.15,0.2082336045955003,-25.2078,4.46,10.73,-25.08412,0.2082336045955003,13.03,0.0922,4.15,84.61538461538461,64.93112384069832,55.38461538461539,9.166666666666666,60.61381074168798,54.819558101473,0.9076923076923077,0.7846153846153846,0.5461538461538461,0.03076923076923077,A-,B,C+,F,silganholdingsinc,0.010526315789473717,0.8,0.7500000000000001,20.0,0.0,0.0,0.010526315789473717,0.5882352941176471,C+,55.8809391756418,75.00000000000001,45.00000000000001,23.237632791568316,False,True,9.166666666666666
CRS,Carpenter Technology Corp,Industrials,Industrial Machinery & Supplies & Components,458.16,50.206,7.4159,31.2093,12.06884743244596,62.57,2.3,22.99,0.1977,16.82,0.9851201004652422,120.7362,62.57,2.3,120.7362,0.9851201004652422,22.99,0.1977,16.82,12.807881773399012,64.05612712733618,78.89983579638752,96.06746263672036,9.25925925925926,59.95164734525794,0.06896551724137931,0.6699507389162561,0.8522167487684729,0.9950738916256158,D-,B-,B+,A+,carpentertechnologycorp,-0.059523809523809534,0.8571428571428571,0.7763157894736842,14.0,0.0,0.0,-0.059523809523809534,0.075,D-,55.87757327118386,77.63157894736842,46.578947368421055,23.213704545844575,True,False,9.25925925925926
MYRG,MYR Group Inc,Industrials,Construction & Engineering,454.78,59.5283,1.9271,40.5059,10.68931233297215,306.93,8.79,19.650000000000002,0.045599999999999995,17.39,0.9363842557590533,197.4362,105.9125,8.79,148.74396999999996,0.9363842557590533,19.650000000000002,0.045599999999999995,17.39,27.58620689655172,73.95161290322582,55.58292282430213,81.6351943076081,6.730769230769229,56.90964387238025,0.2019704433497537,0.8226600985221675,0.5812807881773399,0.8571428571428571,D+,B+,C+,B+,myrgroupinc,-0.0714285714285714,0.7142857142857143,0.6710526315789473,14.0,0.0,0.0,-0.06011904761904763,0.025,F,52.58272079545717,67.10526315789474,40.26315789473684,23.204637867668673,True,False,6.730769230769229
VMC,Vulcan Materials Co,Materials,Construction Materials,295.72,35.2362,4.7775,17.814,4.530274341109498,18.37,7.06,12.740000000000002,0.2039,8.219999999999999,0.5508001016002038,10.6571,18.37,7.06,10.6571,0.5508001016002038,12.740000000000002,0.2039,8.219999999999999,31.28205128205128,70.50600109110748,75.38461538461537,42.371794871794876,10.36414565826331,54.24222585924714,0.27692307692307694,0.8153846153846154,0.7538461538461538,0.4,D+,B+,B,C-,vulcanmaterialsco,-0.011083743842364546,0.6785714285714286,0.6590909090909092,28.0,0.0,0.0,-0.0022167487684729087,0.058823529411764705,D-,50.278640425073476,65.90909090909092,39.545454545454554,23.18666694983077,True,False,10.36414565826331
CW,Curtiss-Wright Corp,Industrials,Aerospace & Defense,742.89,55.7157,7.7119,34.9829,10.807826432321786,21.95,12.08,18.740000000000002,0.18109999999999998,13.66,0.9846083350274241,104.4895,21.95,12.08,104.4895,0.9846083350274241,18.740000000000002,0.18109999999999998,13.66,10.837438423645317,70.38057444064118,69.62233169129722,93.9049394221808,45.83333333333333,57.97204530130003,0.054187192118226604,0.7536945812807881,0.7463054187192119,0.9753694581280788,D-,B,B,A+,curtisswrightcorp,0.0,0.7058823529411765,0.6704545454545455,17.0,0.0,0.0,0.0,0.35,C-,57.555378634633364,67.04545454545455,40.22727272727273,23.044767969114694,True,False,10.837438423645317
ESI,Element Solutions Inc,Materials,Specialty Chemicals,44.24,56.4842,4.2244,21.3074,4.014591916368718,-21.85,3.84,7.290000000000001,0.1566,4.5,0.9729508196721313,113.5135,-21.85,3.84,113.5135,0.9719220239469605,7.290000000000001,0.1566,4.5,24.615384615384613,49.383903894877974,55.38461538461539,93.92120075046904,29.52941176470588,53.6610209290694,0.13846153846153847,0.47692307692307695,0.5461538461538461,0.9846153846153847,D,C,C+,A+,elementsolutionsinc,0.0,0.875,0.7976190476190476,16.0,0.0,0.0,0.0,0.14705882352941177,D,51.61396210553999,79.76190476190476,47.857142857142854,22.741450181706888,True,False,24.615384615384613
CIEN,Ciena Corp,Information Technology,Communications Equipment,576.79,347.3033,15.524,241.8599,29.80103024071672,192.93,26.54,8.260000000000002,0.059800000000000006,5.3100000000000005,0.986386881514223,693.8205,192.93,26.54,486.1248599999999,0.986386881514223,8.260000000000002,0.059800000000000006,5.3100000000000005,13.045302013422821,89.98080015051997,33.87557077625571,91.25891837899545,80.97826086956522,52.978161903322714,0.06040268456375839,0.9731543624161074,0.28187919463087246,0.9798657718120806,D-,A+,D+,A+,cienacorp,0.053333333333333344,0.72,0.6916666666666667,25.0,0.0,0.0,0.053333333333333344,0.78125,B,56.07598799027924,69.16666666666667,41.5,22.731589650097533,True,False,13.045302013422821
IOSP,Innospec Inc,Materials,Specialty Chemicals,77.67,16.4503,1.0788,9.3319,1.4512277607333306,232.77,-3.65,9.01,0.0728,9.01,0.4047936085219707,-16.0687,232.77,-3.65,-16.0687,0.4047936085219707,9.01,0.0728,9.01,72.3076923076923,66.35240579805432,53.333333333333336,15.534709193245778,29.52941176470588,52.78767940851643,0.823076923076923,0.8,0.5230769230769231,0.12307692307692308,B+,B,C+,D,innospecinc,0.0,0.8888888888888888,0.7678571428571428,9.0,0.0,0.0,0.0,0.14705882352941177,D,50.74062058498702,76.78571428571428,46.07142857142856,22.700398802306257,False,True,15.534709193245778
MSCI,MSCI Inc,Financials,Financial Exchanges & Data,582.14,32.1241,13.087,24.6769,130.8032805302775,20.42,10.86,108.67,0.5536,15.49,0.647444089456869,6.7814,20.42,10.86,6.7814,0.647444089456869,40.43599999999994,0.5536,15.49,6.532663316582915,58.221102632182664,97.71573604060913,55.99803504175536,72.35023041474655,53.905927374085614,0.03015075376884422,0.6532663316582915,0.9773869346733668,0.5678391959798995,F,B-,A+,C+,msciinc,0.008333333333333415,0.8,0.7583333333333334,25.0,0.0,0.0,0.008333333333333415,0.6774193548387096,B-,56.14095041556027,75.83333333333334,45.50000000000001,22.6873949964247,True,False,6.532663316582915
ITRI,Itron Inc,Information Technology,Electronic Equipment & Instruments,82.97,12.3363,1.5689,11.7887,2.171597276931654,25.51,-3.02,18.490000000000002,0.1323,10.48,0.07002756990941306,-22.2253,25.51,-3.02,-22.2253,0.07002756990941306,18.490000000000002,0.1323,10.48,88.44301516281382,40.5719759168035,60.400811770674785,17.673279798456935,21.59090909090909,53.860007876424234,0.912751677852349,0.3087248322147651,0.6308724832214765,0.10738255033557047,A-,C-,B-,D,itroninc,-0.032581453634085156,0.8095238095238095,0.7596153846153846,21.0,0.0,0.0,-0.032581453634085156,0.1875,D,51.01909878551514,75.96153846153845,45.57692307692307,22.56095254911822,False,True,17.673279798456935
ITT,ITT Inc,Industrials,Industrial Machinery & Supplies & Components,216.63,40.1121,4.9701,22.0526,4.555998847487713,-3.01,8.48,16.150000000000002,0.17370000000000002,12.46,0.8982671224802546,52.5993,-3.01,8.48,52.5993,0.8982671224802546,16.150000000000002,0.17370000000000002,12.46,25.28735632183908,60.81922658702885,64.69622331691296,72.8880354011856,22.22222222222222,54.2373473073309,0.16748768472906403,0.6502463054187192,0.6748768472906403,0.7438423645320197,D,B-,B-,B,ittinc,-0.005882352941176561,0.7,0.6699999999999999,20.0,0.0,0.0,-0.005882352941176561,0.2,D,51.45956952955312,67.0,40.199999999999996,22.358577022589778,True,False,22.22222222222222
TER,Teradyne Inc,Information Technology,Semiconductor Materials & Equipment,382.48,108.0673,18.7692,91.6346,21.353998012439007,4.98,13.13,19.88,0.20379999999999998,19.189999999999998,0.8864469914040115,416.3764,4.98,13.13,416.3764,0.8864469914040115,19.88,0.20379999999999998,19.189999999999998,17.85980611483967,55.72369321291735,73.74429223744292,73.3670363122418,40.625,53.719170493102474,0.12080536912751678,0.6308724832214765,0.7583892617449665,0.7785234899328859,D,B-,B,B,teradyneinc,0.013833992094861691,0.6956521739130435,0.6696428571428571,23.0,0.0,0.0,0.013833992094861691,0.40625,C,52.781670493102474,66.96428571428571,40.17857142857142,22.250634600620444,True,False,17.85980611483967
CVNA,Carvana Co,Consumer Discretionary,Automotive Retail,389.38,60.7086,4.2032,48.5978,24.707009562243414,420.71,48.63,62.849999999999994,0.09179999999999999,18.38,0.5822193658954584,50.4501,308.84999999999906,22.8195,50.4501,0.5822193658954584,62.849999999999994,0.09179999999999999,18.38,10.018018018018019,98.573147010647,70.27027027027027,74.33251433251434,10.474308300395258,59.65320434070435,0.03333333333333333,1.0,0.7533333333333333,0.78,F,A+,B,B,carvanaco,-0.03125,0.6875,0.668918918918919,32.0,0.0,0.0,-0.031066176470588226,0.08695652173913043,D-,55.70063517074387,66.8918918918919,40.13513513513514,22.130587714690982,True,False,10.018018018018019
PTCT,PTC Therapeutics Inc,Health Care,Pharmaceuticals,66.57,8.0569,3.178,8.0412,3140.094339622641,,114.51,-351.90999999999997,0.5009,-39.77,0.5939864209505333,83.9458,,45.24399999999997,83.9458,0.5939864209505333,-45.274,0.40449999999999986,-25.738,80.70707070707071,73.78060535955274,34.58646616541353,73.45671871987662,14.835164835164832,63.27084903400693,0.9037037037037037,0.8666666666666667,0.2962962962962963,0.7703703703703704,A-,B+,D+,B,ptctherapeuticsinc,-0.045454545454545525,0.6818181818181818,0.6574074074074073,22.0,0.0,0.0,-0.045454545454545525,0.14285714285714285,D,59.75436551752341,65.74074074074073,39.444444444444436,20.884642988590358,False,False,14.835164835164832
INSW,International Seaways Inc,Energy,Oil & Gas Storage & Transportation,85.77,13.7296,5.035,9.268,2.097430116230446,-25.79,-11.38,16.02,0.4092,12.1,0.9480347694633409,134.7291,-25.79,-10.899000000000001,134.7291,0.9394185559751927,16.02,0.4092,12.1,43.981481481481474,19.48953823953824,84.56790123456791,97.08994708994709,35.064935064935064,60.45324274490942,0.375,0.05357142857142857,0.9285714285714286,0.9821428571428571,C-,D-,A-,A+,internationalseawaysinc,-0.06593406593406603,0.8571428571428571,0.7763157894736842,14.0,90.0,84.89281911636292,-0.06593406593406603,0.2857142857142857,D+,58.95973625140292,77.63157894736842,80.53607501496623,15.818751001028897,False,False,19.48953823953824
POST,Post Holdings Inc,Consumer Staples,Packaged Foods & Meats,103.74,15.7627,0.602,12.051,1.459453527927137,-11.33,5.38,8.49,0.0964,2.8899999999999997,0.41511879049676015,-7.9013,-11.33,5.38,-7.9013,0.41511879049676015,8.49,0.0964,2.8899999999999997,65.89861751152074,59.78494623655914,32.795698924731184,63.963133640552996,12.252964426877472,54.42319508448541,0.7301587301587301,0.6349206349206349,0.25396825396825395,0.6190476190476191,B,B-,D+,B-,postholdingsinc,-0.06666666666666665,0.8,0.7375,15.0,0.0,0.0,-0.050131752305665356,0.09090909090909091,D-,50.64849152717316,73.75,44.25,12.342198305434632,False,False,12.252964426877472
BRBR,Bellring Brands Inc,Consumer Staples,Packaged Foods & Meats,11.1,7.1131,0.5608,7.1726,,-31.29,10.59,23.66314,0.1381,29.95204,0.030608102622391817,-82.5334,-31.29,10.59,-40.711785,0.03424629448836479,23.66314,0.1381,29.728437999999983,87.26745178358082,58.21812596006144,75.0,7.447004608294931,24.505928853754945,58.69988905956648,0.9841269841269841,0.6031746031746031,0.8333333333333334,0.015873015873015872,A+,B-,B+,F,bellringbrandsinc,-0.03359683794466406,0.7391304347826086,0.7053571428571428,23.0,0.0,0.0,-0.03359683794466406,0.18181818181818182,D,56.15048194494197,70.53571428571428,42.32142857142856,11.450164611731882,False,True,7.447004608294931
ADMA,ADMA Biologics Inc,Health Care,Biotechnology,10.08,15.984,4.6034,12.407,5.023422705073258,-25.56,19.63,34.98,0.36869999999999997,29.82,0.1692167996273563,-56.7693,-25.56,19.63,-43.9232,0.1692167996273563,34.98,0.36869999999999997,29.82,63.77665544332211,44.48185681595293,89.97493734335838,6.096763648251063,7.142857142857142,53.553622289510926,0.6962962962962963,0.4074074074074074,0.9592592592592593,0.02962962962962963,B-,C,A,F,admabiologicsinc,-0.0888888888888888,0.8,0.7166666666666667,10.0,0.0,0.0,-0.06765018607123871,0.03571428571428571,F,49.26790800379664,71.66666666666667,43.0,10.380875199175197,False,True,6.096763648251063
POWL,Powell Industries Inc,Industrials,Electrical Components & Equipment,320.3,56.6225,9.5233,44.216,18.100647057161428,-41.75,5.12,30.64,0.20199999999999999,30.64,0.9792208271106441,405.2847,-41.75,5.12,148.74396999999996,0.9792208271106441,30.64,0.20199999999999999,26.551999999999996,8.702791461412152,36.28237724455745,89.32676518883416,90.31691297208539,20.454545454545457,54.827247205890146,0.029556650246305417,0.2857142857142857,0.9655172413793104,0.9359605911330049,F,D+,A,A,powellindustriesinc,-0.007692307692307665,0.6923076923076923,0.6527777777777778,13.0,0.0,0.0,-0.007692307692307665,0.175,D,51.87270175134469,65.27777777777779,39.16666666666667,10.356880005970924,True,False,8.702791461412152
