Ticker,Name,Sector,SubIndustry,Price,PE_Rank,PS_Rank,EV_EBITDA_Used,PB_Ratio,EPS_Growth,Rev_Growth,ROE,Op_Margin,ROIC,Mom_Range,Mom_12M,EPS_Growth_Win,Rev_Growth_Win,Mom_12M_Win,Mom_Range_Win,ROE_Win,Op_Margin_Win,ROIC_Win,Value_S,Growth_S,Prof_S,Mom_S,Rev_S,Fundamental_Score,Value_Pct,Growth_Pct,Prof_Pct,Mom_Pct,Value_Grade,Growth_Grade,Prof_Grade,Mom_Grade,Name_Key
KMT,Kennametal Inc,Industrials,Industrial Machinery & Supplies & Components,31.01,6.9353,1.0076,6.2156,1.5054201923403678,268.24,19.82,24.79,0.2005,17.01,0.4536918480580453,51.5007,191.6919999999998,19.82,51.5007,0.4536918480580453,24.79,0.2005,17.01,90.48657213889571,94.72492068953835,77.2390241237057,78.56040062524988,50.0,81.588463328608,0.963855421686747,0.9959839357429718,0.8353413654618473,0.7991967871485943,A,A+,B+,B,kennametalinc
INSW,International Seaways Inc,Energy,Oil & Gas Storage & Transportation,110.24,6.9816,4.3273,6.1139,2.6958225021947575,225.76,57.36,37.04,0.6415000000000001,28.28,0.9590857787810383,129.3731,225.76,57.36,106.65024999999996,0.8685143558425106,36.65899999999999,0.51006,21.97099999999999,57.213930348258714,88.62354892205639,97.76119402985076,98.50746268656717,50.0,81.16998341625208,0.6567164179104478,0.9701492537313433,1.0,1.0,B-,A+,A+,A+,internationalseawaysinc
KALU,Kaiser Aluminum Corp,Materials,Aluminum,151.17,10.6456,0.5843,7.3384,3.6425628298113297,246.13,32.83,26.290000000000003,0.0823,11.86,0.6137629726993599,95.0708,246.13,32.83,72.80007499999998,0.6137629726993599,26.290000000000003,0.0823,11.86,89.21568627450979,89.51406649616368,69.11764705882352,90.153452685422,50.0,80.51683716965046,0.9852941176470589,0.9411764705882353,0.7058823529411765,0.9264705882352942,A+,A,B,A-,kaiseraluminumcorp
CF,CF Industries Holdings Inc,Materials,Fertilizers & Agricultural Chemicals,115.71,8.3063,2.2529,4.871,3.6724939061547834,76.26,20.04,40.410000000000004,0.4103,25.14,0.6055004508566274,25.3772,76.26,20.04,25.3772,0.6055004508566274,37.95649999999999,0.4103,21.267,74.01960784313725,84.68137254901961,96.07843137254902,75.24509803921568,50.0,79.50980392156862,0.8382352941176471,0.9117647058823529,1.0,0.75,B+,A-,A+,B,cfindustriesholdingsinc
LPG,Dorian LPG Ltd,Energy,Oil & Gas Storage & Transportation,54.23,7.2135,3.9677,6.1893,2.036975825232507,557.35,81.06,28.439999999999998,0.5763,19.400000000000002,0.8414802540734604,74.1749,557.35,65.13999999999997,74.1749,0.8414802540734604,28.439999999999998,0.51006,19.400000000000002,56.21890547263681,96.75373134328359,93.28358208955224,88.90547263681592,50.0,79.50746268656717,0.6119402985074627,1.0,0.9701492537313433,0.9402985074626866,B-,A+,A+,A,dorianlpgltd
MU,Micron Technology Inc,Information Technology,Semiconductors,1065.08,23.8625,13.3407,17.3623,22.062582599004877,700.71,166.98,70.55,0.6563,61.480000000000004,0.8273171973595679,570.1723,700.71,54.72500000000002,246.60214999999985,0.8273171973595679,70.55,0.4317149999999999,61.480000000000004,54.28176795580111,96.11014226971236,94.07407407407408,90.81858614614711,50.0,79.47470619064069,0.5966850828729282,1.0,0.9779005524861878,0.9613259668508287,C+,A+,A+,A,microntechnologyinc
PARR,Par Pacific Holdings Inc,Energy,Oil & Gas Refining & Marketing,78.31,4.5473,0.4521,3.4615,2.5740901441043444,5.6,13.19,53.510000000000005,0.1328,34.58,0.8273711245643002,109.7659,5.6,13.19,106.65024999999996,0.8273711245643002,36.65899999999999,0.1328,21.97099999999999,96.01990049751244,53.384101205339846,81.59203980099504,87.22593926917139,50.0,77.52499316952913,1.0,0.5970149253731343,0.8955223880597015,0.9104477611940298,A+,C+,B+,A-,parpacificholdingsinc
EIX,Edison International,Utilities,Electric Utilities,53.56,5.0708,1.0291,6.4158,1.1723760534092154,37.4,10.76,22.66,0.32689999999999997,6.79,0.07377455025581776,-6.4352,37.4,10.76,-6.4352,0.07377455025581776,22.66,0.32689999999999997,6.79,96.55172413793103,85.42561196936833,90.80459770114942,37.83010933557612,50.0,76.490224720759,1.0,0.9482758620689655,0.9827586206896551,0.43103448275862066,A+,A,A+,C,edisoninternational
CENX,Century Aluminum Co,Materials,Aluminum,36.2,6.1003,1.3803,4.6218,4.447229081438347,383.76,9.67,58.86,0.2783,37.84,0.23984010659560298,33.6191,383.76,9.67,33.6191,0.23984010659560298,37.95649999999999,0.2783,21.267,82.84313725490196,78.85763000852515,94.6078431372549,54.93606138107417,50.0,76.12148337595909,0.9411764705882353,0.8823529411764706,0.9852941176470589,0.5147058823529411,A,B+,A+,C+,centuryaluminumco
INDV,"Indivior Pharmaceuticals, Inc",Health Care,Pharmaceuticals,36.59,12.1257,3.2317,11.0913,97.91276424939792,237.5,13.55,159.06,0.30260000000000004,29.4,0.6928243370042966,54.1806,237.5,13.55,54.1806,0.6928243370042966,108.28999999999999,0.30260000000000004,29.4,75.46578366445915,77.35598205838264,92.82560706401766,66.83505313414447,50.0,75.91105472062463,0.8211920529801324,0.8807947019867549,0.9701986754966887,0.6622516556291391,B+,B+,A+,B-,indiviorpharmaceuticalsinc
AES,AES Corp,Utilities,Independent Power Producers & Energy Traders,14.86,5.669,0.813,11.3065,2.6048240078530362,84.8,8.49,43.309999999999995,0.1522,5.3,0.40384615384615374,12.3112,84.8,8.49,12.3112,0.40384615384615374,23.067999999999998,0.1522,5.3,88.50574712643679,75.22100193922176,63.79310344827585,88.00599700149925,50.0,75.72011243182236,0.9482758620689655,0.8448275862068966,0.6724137931034483,0.8793103448275862,A,B+,B-,B+,aescorp
TDC,Teradata Corp,Information Technology,IT Consulting & Other Services,29.08,5.6937,1.5421,3.2546,11.695153830685703,319.76,0.96,114.57,0.359,54.64,0.4079273096844274,28.6616,319.76,0.96,28.6616,0.4079273096844274,114.57,0.359,54.64,94.64883643060439,59.64261289911563,93.33333333333333,55.69699362794296,50.0,75.06346374639615,0.988950276243094,0.6187845303867403,0.9613259668508287,0.5082872928176796,A+,B-,A,C+,teradatacorp
TILE,Interface Inc,Industrials,Office Services & Supplies,35.09,9.3245,1.4381,7.3043,3.170716280078432,127.84,4.06,33.54,0.1889,25.540000000000003,0.6639751552795033,23.8816,127.84,4.06,23.8816,0.6639751552795033,33.54,0.1889,25.540000000000003,85.11433489058273,65.8858387429816,83.11996284457557,72.73621960368948,50.0,74.78298610312379,0.9116465863453815,0.7630522088353414,0.9076305220883534,0.751004016064257,A-,B,A-,B,interfaceinc
NEM,Newmont Corporation,Materials,Gold,117.09,14.3695,4.7943,7.6619,3.7650486186139838,42.23,25.18,25.05,0.5097,21.54,0.6927751519243756,36.129,42.23,25.18,36.129,0.6927751519243756,25.05,0.44605999999999996,21.267,61.27450980392157,71.95225916453538,94.11764705882354,82.09718670076725,50.0,74.6579283887468,0.7352941176470589,0.8088235294117647,0.9705882352941176,0.8088235294117647,B,B+,A+,B+,newmontcorporation
PBF,PBF Energy Inc,Energy,Oil & Gas Refining & Marketing,75.23,6.5164,0.2565,3.7081,1.653759153050211,,13.54,24.08,0.057699999999999994,17.07,0.8705035971223022,128.0503,,13.54,106.65024999999996,0.8685143558425106,24.08,0.057699999999999994,17.07,94.02985074626866,55.931549150797736,63.18407960199005,95.00772002058673,50.0,74.49133642134157,0.9850746268656716,0.6268656716417911,0.6417910447761194,0.9776119402985075,A+,B-,B-,A+,pbfenergyinc
LNC,Lincoln National Corp,Financials,Multi-line Insurance,40.92,3.2909,0.378,1.4128,0.7130845437356778,92.19,12.9,21.990000000000002,0.15380000000000002,13.84,0.5644171779141106,0.5164,92.19,12.9,0.5164,0.5644171779141106,21.990000000000002,0.15380000000000002,13.84,98.109243697479,71.82328083615639,77.73109243697479,54.995331465919705,50.0,74.32380649402867,0.9957983193277311,0.8613445378151261,0.7773109243697479,0.5672268907563025,A+,B+,B,C+,lincolnnationalcorp
DELL,Dell Technologies Inc,Information Technology,"Technology Hardware, Storage & Peripherals",539.59,30.1259,2.2671,22.1096,140.79321591650358,145.25,49.03,130.7,0.0943,13.700000000000001,0.884769931381236,315.5935,145.25,49.03,246.60214999999985,0.884769931381236,114.73149999999994,0.0943,13.700000000000001,66.68968692449356,87.78747024033956,68.24074074074075,89.86489294937087,50.0,74.26307955425067,0.7292817679558011,0.9447513812154696,0.7071823204419889,0.9447513812154696,B,A,B,A,delltechnologiesinc
THC,Tenet Healthcare Corp,Health Care,Health Care Facilities,259.65,9.1711,0.9247,5.8273,5.350023180343069,66.15,7.43,50.629999999999995,0.204,12.709999999999999,0.8135012353550647,27.6881,66.15,7.43,27.6881,0.8135012353550647,50.629999999999995,0.204,12.709999999999999,92.7093451066961,65.56161183960128,77.70419426048564,67.5187637969095,50.0,74.21945996909758,0.9801324503311258,0.7284768211920529,0.8079470198675497,0.6688741721854304,A+,B,B+,B-,tenethealthcarecorp
GEO,Geo Group Inc,Industrials,Environmental & Facilities Services,30.96,13.7266,1.4154,12.3943,2.8012015489848356,227.6,15.32,19.3,0.10880000000000001,9.42,0.8938953488372094,44.5933,191.6919999999998,15.32,44.5933,0.8519822669338312,19.3,0.10880000000000001,9.42,76.42870802939649,90.96483887124282,53.21585662377401,92.91725664091976,50.0,74.18756026572514,0.8473895582329317,0.9879518072289156,0.5301204819277109,0.9558232931726908,B+,A+,C+,A,geogroupinc
SNDK,Sandisk Corp,Information Technology,"Technology Hardware, Storage & Peripherals",1728.59,21.9365,12.3864,19.6234,16.038014191766994,,175.3,93.13,0.6119,89.56,0.7230973451327433,1663.6841,,54.72500000000002,246.60214999999985,0.7230973451327433,93.13,0.4317149999999999,61.4965,54.045287125397614,73.41760299625469,96.1111111111111,81.00301449633218,50.0,73.42322305764456,0.5911602209944752,0.8011049723756906,0.988950276243094,0.8453038674033149,C+,B+,A+,B+,sandiskcorp
INVA,Innoviva Inc,Health Care,Pharmaceuticals,21.11,4.2378,3.4407,6.8077,1.3433795126669679,1744.6,18.84,30.03,0.36950000000000005,24.68,0.5318655851680186,12.5663,364.82049999999936,18.84,12.5663,0.5318655851680186,30.03,0.36950000000000005,24.68,79.24208977189109,87.86865470151179,89.84547461368653,42.085322655167104,50.0,73.26268656773019,0.8874172185430463,0.9735099337748344,0.9437086092715232,0.3973509933774834,B+,A+,A,C-,innovivainc
MCY,Mercury General Corp,Financials,Property & Casualty Insurance,99.87,5.86,0.8656,3.7222,2.2884024032006014,140.14,9.95,37.19,0.18780000000000002,29.409999999999997,0.6597884962599949,18.7958,140.14,9.95,18.7958,0.6597884962599949,37.19,0.18780000000000002,29.409999999999997,65.12605042016807,66.19325404000375,93.27731092436974,76.60176265628203,50.0,73.15984367539161,0.6701680672268907,0.773109243697479,0.9327731092436975,0.7773109243697479,B-,B,A,B,mercurygeneralcorp
GEF,Greif Inc,Materials,"Metal, Glass & Plastic Containers",80.46,4.3657,1.0931,8.2237,1.311172999548602,420.19,-24.38,33.4,0.1023,24.47,0.7097515438747665,37.4305,420.19,-16.235,37.4305,0.7097515438747665,33.4,0.1023,21.267,82.3529411764706,50.34722222222222,80.63725490196079,86.27450980392157,50.0,73.07189542483661,0.9264705882352942,0.4852941176470588,0.875,0.8897058823529411,A-,C,B+,B+,greifinc
MPC,Marathon Petroleum Corp,Energy,Oil & Gas Refining & Marketing,392.03,12.7852,0.701,7.7032,6.679502142558974,330.24,15.76,48.71,0.0906,16.97,0.8549136169422255,96.0038,330.24,15.76,96.0038,0.8549136169422255,36.65899999999999,0.0906,16.97,70.14925373134328,83.14684559323433,70.39800995024876,81.06021616057643,50.0,72.97822827116016,0.8283582089552238,0.8955223880597015,0.746268656716418,0.835820895522388,B+,B+,B,B+,marathonpetroleumcorp
CROX,Crocs Inc,Consumer Discretionary,Footwear,122.63,9.8294,1.4385,7.559,4.760000931582993,211.15,-2.03,43.41,0.2073,22.259999999999998,0.7260173350962245,49.7125,109.7939999999999,-2.03,49.7125,0.7260173350962245,43.41,0.2073,22.259999999999998,70.17940199335548,58.55282738095239,80.68089764641489,92.52380952380952,50.0,72.93040229089497,0.7771428571428571,0.6,0.8914285714285715,0.9428571428571428,B,C+,B+,A,crocsinc
EXPE,Expedia Group Inc,Consumer Discretionary,"Hotels, Resorts & Cruise Lines",266.33,15.4185,1.9995,8.8447,25.408803831403002,96.84,12.0,184.84,0.15990000000000001,30.490000000000002,0.5169794459338695,18.5579,96.84,12.0,18.5579,0.5169794459338695,184.84,0.15990000000000001,30.490000000000002,54.129568106312284,89.24603174603175,86.35139573070607,74.68253968253968,50.0,72.90595524496888,0.5542857142857143,0.9428571428571428,0.96,0.7428571428571429,C+,A,A,B,expediagroupinc
NFG,National Fuel Gas Co,Utilities,Gas Utilities,77.14,10.944,1.7088,6.508,2.2529008215465405,169.02,98.09,18.72,0.23399999999999999,10.38,0.08999543170397437,-17.0294,90.91999999999999,22.392999999999994,-17.0294,0.08999543170397437,18.72,0.23399999999999999,7.448999999999998,89.6551724137931,97.93844003588042,83.9080459770115,24.47086801426873,50.0,72.87266620773097,0.9655172413793104,1.0,0.896551724137931,0.1896551724137931,A,A+,B+,D,nationalfuelgasco
EAT,Brinker International Inc,Consumer Discretionary,Restaurants,199.11,17.4886,1.4666,10.5554,18.93724677103346,44.75,36.41,123.85,0.1067,55.76,0.6387613937552525,53.1508,44.75,26.012999999999973,50.131389999999975,0.6387613937552525,123.85,0.1067,41.3595,49.4717607973422,86.51785714285714,79.9792008757526,90.17460317460316,50.0,72.70123248176576,0.49714285714285716,0.92,0.88,0.9028571428571428,C,A-,B+,A-,brinkerinternationalinc
JOE,St Joe Co,Real Estate,Real Estate Development,66.01,30.5916,6.8711,19.8489,4.957268808483156,50.48,28.41,16.1,0.3018,9.26,0.722856091277144,33.7454,50.48,27.119999999999997,27.832139999999992,0.6793813642497853,15.912,0.25073999999999996,9.26,26.666666666666668,88.0952380952381,93.33333333333333,100.0,50.0,72.61904761904762,0.5,1.0,1.0,1.0,C,A+,A+,A+,stjoeco
APA,APA Corp (US),Energy,Oil & Gas Exploration & Production,42.19,8.8142,1.6786,3.157,2.4440402261562704,58.67,-12.44,26.27,0.4019,15.72,0.7965904688105385,71.4459,58.67,-12.037999999999998,71.4459,0.7965904688105385,26.27,0.4019,15.72,78.60696517412936,39.41504598221017,85.57213930348259,92.70315091210614,50.0,72.46841549826624,0.9104477611940298,0.2835820895522388,0.9402985074626866,0.9552238805970149,A-,D+,A,A,apacorpus
ECPG,Encore Capital Group Inc,Financials,Consumer Finance,95.25,6.7973,1.0782,8.4755,2.1149559023367765,13.54,29.55,29.830000000000002,0.3605,5.970000000000001,0.8503767491926802,120.6999,13.54,29.55,47.126224999999984,0.8360381688111,29.830000000000002,0.3605,5.970000000000001,67.22689075630252,46.759777700082026,87.39495798319328,96.78125795772854,50.0,72.36366931643607,0.7121848739495799,0.42857142857142855,0.8739495798319328,0.9873949579831933,B,C,B+,A+,encorecapitalgroupinc
INCY,Incyte Corp,Health Care,Biotechnology,123.2,15.3414,4.2506,11.5104,4.731564373470979,80.31,26.93,29.599999999999998,0.3056,29.42,0.8150334513970879,50.9311,80.31,26.93,50.9311,0.8150334513970879,29.599999999999998,0.3056,29.42,68.39882266372332,82.7474050068104,88.30022075055187,57.98788220374806,50.0,72.32181829568049,0.7350993377483444,0.9271523178807947,0.9337748344370861,0.5761589403973509,B,A-,A,C+,incytecorp
WDC,Western Digital Corp,Information Technology,"Technology Hardware, Storage & Peripherals",454.47,16.0688,11.7217,35.2336,17.67231155094978,363.83,35.7,117.8,0.3025,85.72999999999999,0.5026279789761682,324.055,363.83,35.7,246.60214999999985,0.5026279789761682,114.73149999999994,0.3025,61.4965,48.274527038339194,89.12742700579213,92.96296296296298,70.8151691924648,50.0,72.29789173997693,0.4972375690607735,0.9613259668508287,0.9558011049723757,0.7458563535911602,C,A,A,B,westerndigitalcorp
LAUR,Laureate Education Inc,Consumer Discretionary,Education Services,38.38,16.343,2.8715,9.969,4.618142876051356,31.4,17.89,28.599999999999998,0.24420000000000003,24.91,0.8404188612992228,21.5902,31.4,17.89,21.5902,0.7974138027226699,28.599999999999998,0.24420000000000003,24.91,45.51162790697674,85.78201970443348,78.75314723590587,92.7487684729064,50.0,71.77235142118863,0.4514285714285714,0.9085714285714286,0.8514285714285714,0.96,C,A-,B+,A,laureateeducationinc
DLTR,Dollar Tree Inc,Consumer Staples,Consumer Staples Merchandise Retail,113.3,13.3273,1.0708,8.0228,5.989670065923376,-4.81,48.09,45.58,0.1106,25.290000000000003,0.49557982319292765,22.0492,-4.81,29.54249999999999,22.0492,0.49557982319292765,45.58,0.1106,25.290000000000003,75.71428571428572,66.44281644281644,80.0,70.15873015873017,50.0,71.24888074888075,0.8571428571428571,0.7142857142857143,0.8571428571428571,0.6857142857142857,B+,B,B+,B-,dollartreeinc
MUSA,Murphy USA Inc,Consumer Discretionary,Automotive Retail,507.42,15.4893,0.4451,9.5618,15.109115433975411,35.96,10.27,94.56,0.043,21.7,0.5506000733714167,32.5383,35.96,10.27,32.5383,0.5506000733714167,94.56,0.043,21.7,69.13399778516057,81.34453781512605,60.0,87.96638655462183,50.0,71.14568432023972,0.76,0.8914285714285715,0.5828571428571429,0.8685714285714285,B,B+,C+,B+,murphyusainc
VLO,Valero Energy Corp,Energy,Oil & Gas Refining & Marketing,397.69,15.3729,0.7953,11.3651,5.0109810908513595,895.99,12.62,29.94,0.0718,20.549999999999997,0.9190611926411408,121.8129,574.281999999999,12.62,106.65024999999996,0.8685143558425106,29.94,0.0718,20.549999999999997,57.711442786069654,75.32198522076717,70.14925373134328,95.00772002058673,50.0,71.03111517762402,0.6791044776119403,0.8507462686567164,0.7238805970149254,0.9776119402985075,B-,B+,B,A+,valeroenergycorp
TPR,Tapestry Inc,Consumer Discretionary,"Apparel, Accessories & Luxury Goods",114.57,14.7243,2.8103,11.5163,33.17407922168172,1030.94,14.17,262.81,0.23920000000000002,50.449999999999996,0.30041782729805,4.0348,109.7939999999999,14.17,4.0348,0.30041782729805,195.4694999999998,0.23920000000000002,41.3595,44.47951273532669,91.53140394088669,95.03886152162015,63.52380952380953,50.0,70.89063625717596,0.4342857142857143,0.9542857142857143,1.0,0.6342857142857142,C,A,A+,B-,tapestryinc
AMN,AMN Healthcare Services Inc,Health Care,Health Care Services,34.95,12.7097,0.3883,5.0897,2.09235079653011,,23.99,15.310000000000002,0.0582,7.19,0.8979775280898878,81.558,,23.99,81.558,0.8979775280898878,15.310000000000002,0.0582,7.19,94.91979396615159,67.46486835729284,47.019867549668874,84.21902762073978,50.0,70.82169457456165,0.9933774834437086,0.7682119205298014,0.423841059602649,0.8940397350993378,A+,B,C,B+,amnhealthcareservicesinc
SOLV,Solventum Corp,Health Care,Health Care Technology,89.28,10.6215,1.8342,8.0855,3.067788223651658,277.11,-0.93,28.98,0.2386,14.16,0.8464443045940845,25.4589,277.11,-0.93,25.4589,0.8464443045940845,28.98,0.2386,14.16,86.74172185430463,53.63679831264355,79.02869757174393,67.5904228222109,50.0,70.68804908348302,0.9536423841059603,0.5364238410596026,0.8344370860927153,0.6754966887417219,A,C+,B+,B-,solventumcorp
TMP,Tompkins Financial Corp,Financials,Regional Banks,97.97,8.1096,3.46671,,1.4977076527250572,120.03,16.23686,19.3,0.08044029999999999,17.06,0.8866232649551653,42.3721,120.03,16.23686,42.3721,0.8360381688111,19.3,0.08044029999999999,17.06,71.63865546218487,51.2540109653531,71.84873949579831,97.62506871907641,50.0,70.6476646763817,0.8067226890756303,0.5294117647058824,0.7184873949579832,0.9957983193277311,B+,C+,B,A+,tompkinsfinancialcorp
ADEA,Adeia Inc,Information Technology,IT Consulting & Other Services,24.72,22.078,5.7521,11.7871,5.607095062036429,45.93,24.35,26.700000000000003,0.41619999999999996,14.13,0.5767707875054993,48.0689,45.93,24.35,48.0689,0.5767707875054993,26.700000000000003,0.41619999999999996,14.13,66.33601205424411,76.03655000793096,78.33333333333333,71.24176884982613,50.0,70.62300011844579,0.7182320441988951,0.8453038674033149,0.8259668508287292,0.7569060773480663,B,B+,B+,B,adeiainc
NLY,Annaly Capital Management Inc,Financials,Mortgage REITs,20.32,5.1703,1.8113,45.6917,0.8927904534690093,231.09,50.87,18.39,0.35240000000000005,2.22,0.07079646017699122,-3.2795,185.31,50.87,-3.2795,0.07079646017699122,18.39,0.35240000000000005,2.22,94.9579831932773,88.51509254569527,69.74789915966386,32.91925465838509,50.0,70.46334002905137,0.9831932773109243,0.9873949579831933,0.6974789915966386,0.3319327731092437,A+,A+,B-,C-,annalycapitalmanagementinc
UTL,Unitil Corp,Utilities,Electric Utilities,51.23,16.231,1.5401,9.0713,1.5059054539468657,8.52,20.8,9.11,0.1894,3.7199999999999998,0.4765624999999997,7.1961,8.52,20.8,7.1961,0.4765624999999997,9.11,0.1894,3.7199999999999998,86.20689655172414,82.80657488970533,37.931034482758626,88.39360807401178,50.0,70.27451935136412,0.9137931034482759,0.9310344827586207,0.3448275862068966,0.896551724137931,A-,A,C-,B+,unitilcorp
ARW,Arrow Electronics Inc,Information Technology,Technology Distributors,230.23,14.3193,0.3235,10.032,1.78562841741963,76.41,26.05,12.139999999999999,0.0337,8.64,0.9475973640798331,90.5888,76.41,26.05,90.5888,0.9475973640798331,12.139999999999999,0.0337,8.64,92.17101958814665,83.99172654507848,35.74074074074074,82.33161958261499,50.0,70.24260930776055,0.9613259668508287,0.9171270718232044,0.3149171270718232,0.8729281767955801,A,A-,C-,B+,arrowelectronicsinc
AMG,Affiliated Managers Group Inc,Financials,Asset Management & Custody Banks,370.61,11.0662,4.1741,19.298,3.0899436138024874,121.28,11.81,26.950000000000003,0.2152,14.46,0.8629780512087284,54.0035,121.28,11.81,47.126224999999984,0.8360381688111,26.950000000000003,0.2152,14.46,46.63865546218487,66.20771081224791,85.29411764705883,94.97292250233426,50.0,70.21931994022736,0.4411764705882353,0.7773109243697479,0.8529411764705882,0.9621848739495799,C,B,B+,A,affiliatedmanagersgroupinc
ANF,Abercrombie & Fitch Co,Consumer Discretionary,Apparel Retail,133.59,10.5655,1.0603,5.613,4.282526879996923,10.51,4.73,39.589999999999996,0.1371,39.589999999999996,0.7590509078756823,56.2231,10.51,4.73,50.131389999999975,0.7590509078756823,39.589999999999996,0.1371,39.589999999999996,75.76301218161683,42.19642857142857,76.6984126984127,92.59047619047618,50.0,70.07273717238834,0.8628571428571429,0.36,0.8228571428571428,0.9485714285714286,B+,C-,B+,A,abercrombiefitchco
VSXY,Victoria's Secret & Co,Consumer Discretionary,Apparel Retail,91.68,18.8479,1.0308,,,167.02,10.32,45.97,0.0786,19.950000000000003,0.860036354193716,236.471,109.7939999999999,10.32,50.131389999999975,0.7974138027226699,45.97,0.0786,19.950000000000003,49.80952380952382,85.17559523809524,63.91133004926109,96.47619047619048,50.0,69.76057060755338,0.5028571428571429,0.9028571428571428,0.6571428571428571,0.9828571428571429,C+,A-,B-,A+,victoriassecretco
NVDA,NVIDIA Corp,Information Technology,Semiconductors,227.21,28.7145,18.2805,27.5888,35.107155549374994,125.15,83.38,110.11,0.6517000000000001,101.59,0.8709007887090081,28.4359,125.15,54.72500000000002,28.4359,0.8709007887090081,110.11,0.4317149999999999,61.4965,42.28088900050226,90.53328065258228,96.29629629629629,59.81801665386671,50.0,69.71455578548944,0.39226519337016574,0.9779005524861878,0.994475138121547,0.569060773480663,C-,A+,A+,C+,nvidiacorp
EXEL,Exelixis Inc,Health Care,Biotechnology,58.65,16.6541,5.884,14.0541,7.122818522971545,52.69,9.23,42.49,0.39880000000000004,42.49,0.9587827426810478,49.5133,52.69,9.23,49.5133,0.9587827426810478,42.49,0.38915,29.675,61.530537159676236,58.06461601672952,94.48123620309052,70.24376497111456,50.0,69.66461953826051,0.6556291390728477,0.6158940397350994,0.9867549668874173,0.695364238410596,B-,B-,A+,B-,exelixisinc
SON,Sonoco Products Co,Materials,Paper & Plastic Packaging Products & Materials,49.77,7.7726,0.6539,5.8751,1.3583774799191033,12.74,12.05,17.849999999999998,0.1387,7.68,0.5049954586739329,13.801,12.74,12.05,13.801,0.5049954586739329,17.849999999999998,0.1387,7.68,90.19607843137256,65.26960784313725,65.68627450980392,62.68235294117646,50.0,69.56098039215686,1.0,0.7205882352941176,0.6691176470588235,0.6470588235294118,A+,B,B-,B-,sonocoproductsco
RAMP,Liveramp Holdings Inc,Information Technology,Application Software,37.62,14.7068,2.7522,17.555,2.3435601931163372,1035.52,8.85,16.16,0.1159,16.16,0.9631042101758526,33.6767,703.5419999999999,8.85,33.6767,0.9498237803746986,16.16,0.1159,16.16,77.84928009375523,65.60061028447751,58.703703703703695,86.50649711410847,50.0,69.55966742908193,0.8232044198895028,0.6906077348066298,0.6187845303867403,0.9171270718232044,B+,B-,B-,A-,liverampholdingsinc
UFCS,United Fire Group Inc,Financials,Property & Casualty Insurance,53.71,9.5419,0.9131,6.73,1.4564752269047936,52.92,11.36,14.96,0.12869999999999998,12.950000000000001,0.8877777777777778,73.2943,52.92,11.36,47.126224999999984,0.8360381688111,14.96,0.12869999999999998,12.950000000000001,69.11764705882354,63.276217484319645,59.2436974789916,98.38491494158639,50.0,69.42256261963499,0.7626050420168067,0.7394957983193278,0.592436974789916,1.0,B,B,C+,A+,unitedfiregroupinc
IESC,IES Holdings Inc,Industrials,Construction & Engineering,324.44,28.2686,3.2349,25.0546,25.65371751180131,128.31,57.05,43.99,0.12369999999999999,43.55,0.6481380410596582,63.9719,128.31,36.967999999999954,63.9719,0.6481380410596582,43.99,0.12369999999999999,29.789999999999996,30.881621724995217,92.90170174098746,80.79556320520176,89.44836488812393,50.0,69.38930955837152,0.24096385542168675,0.9919678714859438,0.8634538152610441,0.9116465863453815,D+,A+,B+,A-,iesholdingsinc
HCSG,Healthcare Services Group Inc,Industrials,Environmental & Facilities Services,20.9,11.605,0.7652,9.1145,2.850907106806711,1113.07,5.22,24.12,0.06849999999999999,24.12,0.5433349655354248,27.0171,191.6919999999998,5.22,27.0171,0.5433349655354248,24.12,0.06849999999999999,24.12,88.29003087178647,66.68616188320622,61.494959429554946,67.92292321997348,50.0,69.36806459597129,0.9518072289156626,0.7751004016064257,0.6385542168674698,0.7108433734939759,A,B,B-,B,healthcareservicesgroupinc
CHRD,Chord Energy Corp,Energy,Oil & Gas Exploration & Production,134.41,8.6665,1.1633,3.0057,0.9442398977711555,248.85,19.23,10.42,0.18969999999999998,8.82,0.6889163576431808,29.293,248.85,19.23,29.293,0.6889163576431808,10.42,0.18969999999999998,8.82,85.57213930348259,81.92220714608773,50.74626865671642,69.06799336650083,50.0,69.27764209256746,0.9701492537313433,0.8805970149253731,0.44776119402985076,0.6716417910447762,A+,B+,C,B-,chordenergycorp
ALL,Allstate Corp,Financials,Property & Casualty Insurance,225.42,4.2798,0.8119,3.6993,1.9147071114780498,132.8,5.92,43.120000000000005,0.2422,34.57,0.41889163114202344,6.9515,132.8,5.92,6.9515,0.41889163114202344,43.120000000000005,0.2422,29.45649999999999,70.7983193277311,57.059091158327,94.53781512605042,57.187948350071736,50.0,69.18344151512512,0.7857142857142857,0.6176470588235294,0.9453781512605042,0.5966386554621849,B,B-,A,C+,allstatecorp
HRB,H & R Block Inc,Consumer Discretionary,Specialized Consumer Services,40.58,6.7565,1.2563,5.3288,42.88733882900021,27.92,4.9,249.96999999999997,0.23010000000000003,18.25,0.407079646017699,-19.2392,27.92,4.9,-19.2392,0.407079646017699,195.4694999999998,0.23010000000000003,18.25,78.82724252491694,64.32967032967032,84.8888888888889,51.89010989010989,50.0,69.1729888974075,0.8971428571428571,0.7142857142857143,0.9371428571428572,0.5142857142857142,B+,B,A,C+,hrblockinc
BFH,Bread Financial Holdings Inc,Financials,Consumer Finance,100.07,6.8297,0.8584,23.9738,1.3264459413961946,118.58,-1.05,17.07,0.1509,2.68,0.7617792421746292,69.9111,118.58,-1.05,47.126224999999984,0.7617792421746292,17.07,0.1509,2.68,78.15126050420169,45.64323914694574,66.17647058823529,93.1754519989814,50.0,68.84567100229468,0.9033613445378151,0.4117647058823529,0.6617647058823529,0.9453781512605042,A-,C,B-,A,breadfinancialholdingsinc
BMY,Bristol-Myers Squibb Co,Health Care,Pharmaceuticals,62.86,13.9181,2.6268,10.8495,6.849807669256503,99.29,3.11,46.760000000000005,0.2551,14.219999999999999,0.7787136294027565,44.7869,99.29,3.11,44.7869,0.7787136294027565,46.760000000000005,0.2551,14.219999999999999,76.79323031640912,54.72700979633014,82.56070640176601,65.04235330355769,50.0,68.79235679952134,0.8344370860927153,0.5629139072847682,0.8741721854304636,0.6291390728476821,B+,C+,B+,B-,bristolmyerssquibbco
PAYC,Paycom Software Inc,Industrials,Human Resource & Employment Services,218.58,20.0296,4.5632,13.1753,6.917811037228572,27.14,9.23,40.44,0.3237,30.490000000000002,0.8115362649914336,1.4114,27.14,9.23,1.4114,0.8115362649914336,40.44,0.28918,29.789999999999996,51.088162172499516,68.90697063110855,94.57093680845833,67.3091238988325,50.0,68.65799365122767,0.5421686746987951,0.8032128514056225,0.9959839357429718,0.6947791164658634,C+,B+,A+,B-,paycomsoftwareinc
AMRX,Amneal Pharmaceuticals Inc,Health Care,Pharmaceuticals,20.2,40.923,2.0657,13.947,468.67749419953594,7506.35,9.28,174.60999999999999,0.1456,2.09,0.9160568230736116,110.2564,364.82049999999936,9.28,110.2564,0.9160568230736116,108.28999999999999,0.1456,2.09,59.76600441501103,75.34747804973294,60.8167770419426,92.06222085322656,50.0,68.62763514483031,0.6357615894039735,0.8609271523178808,0.5894039735099338,0.9668874172185431,B-,B+,C+,A,amnealpharmaceuticalsinc
VIRT,Virtu Financial Inc,Financials,Financial Exchanges & Data,53.82,14.7703,1.9937,11.637,5.203569598468515,36.21,60.58,33.18,0.3127,5.91,0.5984966366477737,47.6001,36.21,60.58,47.126224999999984,0.5984966366477737,33.18,0.3127,5.91,26.26050420168067,83.36618512194009,91.17647058823529,87.97555385790679,50.0,68.62759149344836,0.22268907563025211,0.9537815126050421,0.9117647058823529,0.907563025210084,D+,A,A-,A-,virtufinancialinc
TGTX,TG Therapeutics Inc,Health Care,Biotechnology,56.1,19.4816,10.7574,69.63,39.315999719672014,633.73,76.08,72.3,0.1591,39.92,0.9016594960049172,58.2817,364.82049999999936,50.44,58.2817,0.9016594960049172,72.3,0.1591,29.675,33.136129506990436,97.20800870303879,84.43708609271523,73.56065943356347,50.0,68.54703752724687,0.304635761589404,1.0,0.8874172185430463,0.7350993377483444,C-,A+,B+,B,tgtherapeuticsinc
UGI,UGI Corp,Utilities,Gas Utilities,36.23,12.9734,3.42,8.8242,1.6266404464618436,6.47,0.22,12.21,0.48200000000000004,5.0,0.474279835390946,9.0581,6.47,0.22,9.0581,0.474279835390946,12.21,0.39203,5.0,70.6896551724138,31.50489183720299,84.48275862068965,92.15219976218788,50.0,68.52452176815405,0.7758620689655172,0.13793103448275862,0.9137931034482759,0.9310344827586207,B,D,A-,A,ugicorp
PFBC,Preferred Bank,Financials,Regional Banks,106.28,9.5975,2.84979,,1.6393569056444288,16.38,79.98955,17.32,0.7110449,14.549999999999999,0.8055916775032509,19.291,16.38,79.98955,19.291,0.8055916775032509,17.32,0.5811805599999998,14.549999999999999,65.54621848739495,66.75363679613857,67.22689075630252,84.70902379643447,50.0,68.48580942943897,0.6785714285714286,0.7815126050420168,0.6722689075630253,0.8613445378151261,B-,B,B-,B+,preferredbank
TER,Teradyne Inc,Information Technology,Semiconductor Materials & Equipment,399.45,54.4703,14.035,45.6944,22.301439306810188,152.84,57.87,38.04,0.3023,36.82,0.7518723177470477,196.5782,152.84,54.72500000000002,196.5782,0.7518723177470477,38.04,0.3023,36.82,26.03905072827725,93.0887234298702,84.81481481481482,85.64214153491601,50.0,68.45963937873026,0.2154696132596685,0.988950276243094,0.8839779005524862,0.9060773480662984,D+,A+,B+,A-,teradyneinc
PM,Philip Morris International Inc,Consumer Staples,Tobacco,195.0,27.7072,7.0816,19.2964,1469.4800301431799,31.96,8.93,575.44,0.3775,44.05,0.8056359482102057,17.5086,31.96,8.93,17.5086,0.7994188577352153,137.46399999999994,0.34928499999999985,28.479999999999983,24.28571428571429,79.45532728141424,97.85714285714285,85.09316770186334,50.0,68.4454132823698,0.18571428571428572,0.9,1.0,0.8571428571428571,D,B+,A+,B+,philipmorrisinternationalinc
CCK,Crown Holdings Inc,Materials,Paper & Plastic Packaging Products & Materials,106.35,14.9462,0.884,8.2525,4.022132127134926,45.86,10.35,26.58,0.12140000000000001,8.6,0.5086053412462908,10.7139,45.86,10.35,10.7139,0.5086053412462908,26.58,0.12140000000000001,8.6,78.92156862745098,71.05228758169935,70.09803921568628,59.529411764705884,50.0,68.37124183006536,0.8823529411764706,0.7794117647058824,0.7352941176470589,0.5882352941176471,B+,B,B,C+,crownholdingsinc
FIVE,Five Below Inc,Consumer Discretionary,Specialty Stores,222.03,20.2724,2.3622,12.1865,5.590906687281399,125.33,25.56,27.73,0.1475,27.73,0.6681733476071527,47.3249,109.7939999999999,25.56,47.3249,0.6681733476071527,27.73,0.1475,27.73,35.4905869324474,95.22390109890111,72.28352490421456,86.79120879120879,50.0,68.34654993718748,0.32,0.9942857142857143,0.7657142857142857,0.8514285714285714,C-,A+,B,B+,fivebelowinc
NJR,New Jersey Resources Corp,Utilities,Gas Utilities,50.83,13.983,3.666,11.6526,2.1354720262827325,-11.74,10.73,14.42,0.3956,5.89,0.42356321839080446,5.4835,-11.74,10.73,5.4835,0.42356321839080446,14.42,0.39203,5.89,59.195402298850574,46.58614431441267,89.6551724137931,83.47205707491081,50.0,68.22428395602562,0.6551724137931034,0.41379310344827586,0.9655172413793104,0.8448275862068966,B-,C,A,B+,newjerseyresourcescorp
ZD,Ziff Davis Inc,Communication Services,Advertising,56.78,3.0247,1.4692,5.9172,1.2426247877164416,1040.24,-8.46,34.27,-0.22,23.45,0.9027060144464515,51.0171,431.6479999999967,-8.46,51.0171,0.9027060144464515,34.27,-0.113465,23.45,81.71247357293869,55.396239262518336,56.06060606060606,88.44789356984478,50.0,68.21209647485881,0.9318181818181818,0.6590909090909091,0.4772727272727273,0.9318181818181818,A,B-,C,A,ziffdavisinc
TGT,Target Corp,Consumer Staples,Consumer Staples Merchandise Retail,159.1,16.0566,0.6548,9.2607,4.456969652826996,12.31,1.95,26.66,0.0559,13.55,0.8665674035047531,80.3415,12.31,1.95,65.86113499999999,0.7994188577352153,26.66,0.0559,13.55,73.80952380952381,50.997150997150996,59.28571428571428,98.4126984126984,50.0,68.15577940577941,0.8428571428571429,0.4,0.6285714285714286,1.0,B+,C-,B-,A+,targetcorp
HCI,Hci Group Inc,Financials,Property & Casualty Insurance,176.49,7.0201,2.2881,2.8983,2.202512878878639,113.17,22.58,30.79,0.48840000000000006,28.84,0.48273764258555146,-6.5419,113.17,22.58,-6.5419,0.48273764258555146,30.79,0.48840000000000006,28.84,64.91596638655462,78.70220954592355,88.65546218487394,45.10350481656077,50.0,68.154000015354,0.6596638655462185,0.9159663865546218,0.8865546218487395,0.4831932773109244,B-,A-,B+,C,hcigroupinc
CRI,Carter's Inc,Consumer Discretionary,"Apparel, Accessories & Luxury Goods",31.28,5.8377,0.3822,3.261,1.2317239804215743,42.62,5.17,20.84,0.09119999999999999,13.120000000000001,0.23886639676113378,6.1644,42.62,5.17,6.1644,0.23886639676113378,20.84,0.09119999999999999,13.120000000000001,94.66002214839425,69.74014778325123,52.59551176792556,61.94285714285715,50.0,68.15048446430163,0.9942857142857143,0.76,0.4857142857142857,0.6171428571428571,A+,B,C,B-,cartersinc
GAP,Gap Inc,Consumer Discretionary,Apparel Retail,23.54,6.4747,0.5268,3.3989,2.3038452880785303,43.81,1.05,33.129999999999995,0.1099,23.73,0.48266666666666663,4.3656,43.81,1.05,4.3656,0.48266666666666663,33.129999999999995,0.1099,23.73,89.89479512735328,51.85119047619048,66.75862068965517,68.01904761904763,50.0,68.13740157329974,0.96,0.5085714285714286,0.72,0.6685714285714286,A,C+,B,B-,gapinc
BBY,Best Buy Co Inc,Consumer Discretionary,Computer & Electronics Retail,88.75,14.5416,0.4383,9.1157,6.261022927689594,65.82,1.45,42.82,0.0405,30.72,0.8122133719526913,18.0696,65.82,1.45,18.0696,0.7974138027226699,42.82,0.0405,30.72,73.1638981173865,59.70496894409938,60.0,89.06832298136646,50.0,68.04563291443979,0.8057142857142857,0.6342857142857142,0.5828571428571429,0.88,B+,B-,C+,B+,bestbuycoinc
OII,Oceaneering International Inc,Energy,Oil & Gas Equipment & Services,44.22,12.4858,1.5218,10.4504,4.103982403548988,75.21,3.84,32.95,0.10369999999999999,22.58,0.6887992553521562,78.6438,75.21,3.84,78.6438,0.6887992553521562,32.95,0.10369999999999999,21.97099999999999,56.21890547263681,65.43981771813203,74.87562189054727,85.43283582089552,50.0,67.94816254860153,0.6119402985074627,0.746268656716418,0.8507462686567164,0.8805970149253731,B-,B,B+,B+,oceaneeringinternationalinc
LLY,Eli Lilly and Co,Health Care,Pharmaceuticals,1184.63,41.6337,13.9594,32.4094,42.179716791346365,94.62,49.58,92.58,0.42219999999999996,35.77,0.812650675546768,63.5217,94.62,49.58,63.5217,0.812650675546768,92.58,0.38915,29.675,25.673289183222963,86.01693222006682,96.24724061810154,75.77083012474974,50.0,67.83768491929443,0.19205298013245034,0.9403973509933775,0.9933774834437086,0.7880794701986755,D,A,A+,B,elilillyandco
GOOGL,Alphabet Inc,Communication Services,Interactive Media & Services,340.92,16.9784,9.2992,26.7468,9.923879662916443,115.31,20.05,50.839999999999996,0.3311,44.84,0.6082074434218904,39.0241,115.31,20.05,39.0241,0.6082074434218904,50.839999999999996,0.3311,44.84,29.351656095842145,82.47115470952681,91.2878787878788,80.5980961847236,50.0,67.77373389978032,0.2840909090909091,0.8977272727272727,0.9431818181818182,0.8181818181818182,D+,B+,A,B+,alphabetinc
SWX,Southwest Gas Holdings Inc,Utilities,Gas Utilities,82.53,11.4625,3.4194,10.8798,1.5047999343598721,166.8,-15.28,12.889999999999999,0.2868,6.890000000000001,0.32665726375176324,4.7869,90.91999999999999,-15.28,4.7869,0.32665726375176324,12.889999999999999,0.2868,6.890000000000001,67.24137931034483,52.63522957214677,85.05747126436782,69.44114149821641,50.0,67.48998685775081,0.7241379310344828,0.5517241379310345,0.9310344827586207,0.7068965517241379,B,C+,A,B,southwestgasholdingsinc
GFF,Griffon Corp,Industrials,Building Products,94.31,23.9529,1.9358,12.1863,59.08777645510933,192.58,-12.03,176.12,0.1959,12.25,0.6726354453627182,27.0899,191.6919999999998,-5.83,27.0899,0.6726354453627182,69.54999999999994,0.1959,12.25,61.43758708302598,52.54469720685937,80.10928066005519,82.36251126956807,50.0,67.36815863105578,0.678714859437751,0.5220883534136547,0.8514056224899599,0.8393574297188755,B-,C+,B+,B+,griffoncorp
M,Macy's Inc,Consumer Discretionary,Broadline Retail,23.27,8.0982,0.2666,3.7313,1.259260461819028,55.51,0.34,15.83,0.04650000000000001,10.459999999999999,0.6742014742014741,27.8333,55.51,0.34,27.8333,0.6742014742014741,15.83,0.04650000000000001,10.459999999999999,94.46290143964563,56.06456043956044,38.27367268746579,89.71428571428572,50.0,67.33991276254709,0.9885714285714285,0.5714285714285714,0.3485714285714286,0.8971428571428571,A+,C+,C-,B+,macysinc
HCC,Warrior Met Coal Inc,Materials,Steel,88.03,21.0566,2.7476,10.4245,2.1611045372638937,440.05,37.48,10.02,0.1364,8.95,0.5279515640766902,43.9893,440.05,37.48,43.9893,0.5279515640766902,10.02,0.1364,8.95,54.411764705882355,93.78608207208612,59.31372549019608,75.53752535496957,50.0,67.29609403443075,0.6323529411764706,1.0,0.5955882352941176,0.7647058823529411,B-,A+,C+,B,warriormetcoalinc
URBN,Urban Outfitters Inc,Consumer Discretionary,Apparel Retail,76.5,11.3837,1.0006,6.7407,2.4373769363605664,25.43,11.01,20.72,0.113,20.72,0.6550791811510234,3.3425,25.43,11.01,3.3425,0.6550791811510234,20.72,0.113,20.72,74.22259136212625,71.47619047619048,61.58511220580186,70.01904761904763,50.0,67.25097351102966,0.8285714285714286,0.7828571428571428,0.6342857142857142,0.72,B+,B,B-,B,urbanoutfittersinc
FIX,Comfort Systems USA Inc,Industrials,Construction & Engineering,1665.05,40.4376,5.166,29.3534,23.918836415873585,108.88,46.11,53.55,0.16469999999999999,51.739999999999995,0.6862802258500063,106.1639,108.88,36.967999999999954,70.09187999999996,0.6862802258500063,53.55,0.16469999999999999,29.789999999999996,15.451738928503127,89.64459848388421,85.6235827664399,95.0524547168265,50.0,67.20824106387789,0.07228915662650602,0.9718875502008032,0.9477911646586346,0.9839357429718876,D-,A+,A,A+,comfortsystemsusainc
DXCM,Dexcom Inc,Health Care,Health Care Equipment,86.64,32.4788,6.5341,23.2748,12.14091533309044,79.4,15.54,36.19,0.22920000000000001,22.93,0.8453742203742203,29.1803,79.4,15.54,29.1803,0.8453742203742203,36.19,0.22920000000000001,22.93,40.05592347314202,79.3217205507712,84.7682119205298,75.24768211920531,50.0,67.11991438241326,0.4105960264900662,0.9006622516556292,0.9006622516556292,0.7682119205298014,C,A-,A-,B,dexcominc
GEV,GE Vernova Inc,Industrials,Heavy Electrical Equipment,962.49,26.5487,6.1148,34.3765,23.20802077531268,744.44,12.98,83.39,0.15439999999999998,74.29,0.6493586470005106,56.9427,191.6919999999998,12.98,56.9427,0.6493586470005106,69.54999999999994,0.15439999999999998,29.789999999999996,21.86214244734038,87.38778707722807,86.11835095483976,88.12442315847238,50.0,67.09756539768512,0.13253012048192772,0.9477911646586346,0.9518072289156626,0.9036144578313253,D,A,A,A-,gevernovainc
VCTR,Victory Capital Holdings Inc,Financials,Asset Management & Custody Banks,110.48,14.6455,4.3307,10.5288,2.922921439872162,68.34,51.5,19.29,0.41159999999999997,13.719999999999999,0.803517739025857,66.7174,68.34,51.5,47.126224999999984,0.803517739025857,19.29,0.41159999999999997,13.719999999999999,33.193277310924366,87.80299933733409,71.42857142857143,91.89169000933705,50.0,67.09440005420817,0.27310924369747897,0.9831932773109243,0.7142857142857143,0.9369747899159664,D+,A+,B,A,victorycapitalholdingsinc
JLL,Jones Lang LaSalle Inc,Real Estate,Real Estate Services,311.0,14.2803,0.5201,10.7319,1.9459574454772133,79.2,11.17,13.569999999999999,0.04650000000000001,10.24,0.38183717633012476,4.1791,79.2,11.314,4.1791,0.38183717633012476,13.569999999999999,0.04650000000000001,10.044,80.0,60.41666666666667,60.0,75.0,50.0,67.08333333333334,1.0,0.8,0.7,0.8,A+,B,B-,B,joneslanglasalleinc
DAVE,Dave Inc,Financials,Consumer Finance,326.44,18.7028,6.4692,18.3704,12.540769795200209,308.0,48.63,84.35000000000001,0.3452,51.129999999999995,0.5693046660567247,47.0426,185.31,48.63,47.0426,0.5693046660567247,44.400499999999866,0.3452,29.45649999999999,15.336134453781513,89.56982454836532,97.68907563025209,78.08505220269926,50.0,66.7872778712213,0.09243697478991597,0.9957983193277311,0.976890756302521,0.7941176470588235,D-,A+,A+,B,daveinc
CAH,Cardinal Health Inc,Health Care,Health Care Distributors,223.91,29.9095,0.2016,19.3881,36.38091833750365,12.43,14.23,37.169999999999995,0.98,7.340000000000001,0.6836114481688946,43.3153,12.43,14.23,43.3153,0.6836114481688946,37.169999999999995,0.38915,7.340000000000001,70.31346578366445,58.83099027923008,78.47682119205298,64.00662251655629,50.0,66.76509430308664,0.7748344370860927,0.6225165562913907,0.8278145695364238,0.6158940397350994,B,B-,B+,B-,cardinalhealthinc
TRV,Travelers Companies Inc,Financials,Property & Casualty Insurance,361.68,9.1202,1.5457,7.3321,2.391481438380077,65.09,2.39,25.619999999999997,0.2202,19.950000000000003,0.747225731553249,30.746,65.09,2.39,30.746,0.747225731553249,25.619999999999997,0.2202,19.950000000000003,58.82352941176471,44.21525297689853,82.77310924369748,87.50563640090182,50.0,66.74333753942562,0.6008403361344538,0.38235294117647056,0.8277310924369747,0.8991596638655462,B-,C-,B+,B+,travelerscompaniesinc
HAS,Hasbro Inc,Consumer Discretionary,Leisure Products,88.26,15.671,2.5023,12.3342,23.008941838942622,,16.99,138.2,0.2339,19.84,0.5005336179295625,18.3358,,16.99,18.3358,0.5005336179295625,138.2,0.2339,19.84,40.80730897009966,71.73469387755102,84.88669950738915,79.55102040816327,50.0,66.68064497651507,0.4114285714285714,0.7885714285714286,0.9314285714285714,0.7828571428571428,C,B,A,B,hasbroinc
DAL,Delta Air Lines Inc,Industrials,Passenger Airlines,84.87,14.0879,0.8151,8.0882,2.670312244358584,-12.71,10.28,19.33,0.0806,11.379999999999999,0.7340713407134071,46.9056,-12.71,10.28,46.9056,0.7340713407134071,19.33,0.0806,11.379999999999999,87.77641176952709,44.520226663083804,51.043083900226755,90.26236465134915,50.0,66.66139218032505,0.9397590361445783,0.3654618473895582,0.4899598393574297,0.9317269076305221,A,C-,C,A,deltaairlinesinc
RELY,Remitly Global Inc,Financials,Transaction & Payment Processing Services,21.56,14.9009,2.5115,19.6809,5.226920093095423,2130.02,23.79,32.97,0.09449999999999999,31.55,0.6156243911942333,33.4756,185.31,23.79,33.4756,0.6156243911942333,32.97,0.09449999999999999,29.45649999999999,25.42016806722689,81.91790426232485,90.75630252100841,81.02240896358545,50.0,66.63218029224089,0.21428571428571427,0.9369747899159664,0.907563025210084,0.8235294117647058,D+,A,A-,B+,remitlyglobalinc
GMED,Globus Medical Inc,Health Care,Health Care Equipment,75.69,18.7514,3.1925,12.4441,2.2352423505925505,50.93,19.74,11.59,0.20600000000000002,11.59,0.44398788927335636,34.2549,50.93,19.74,34.2549,0.44398788927335636,11.59,0.20600000000000002,11.59,69.49521707137602,78.21499516842502,63.796909492273734,62.56688741721854,50.0,66.47940815804115,0.7615894039735099,0.8874172185430463,0.6423841059602649,0.6026490066225165,B,B+,B-,B-,globusmedicalinc
MD,Pediatrix Medical Group Inc,Health Care,Health Care Services,26.06,11.8738,1.0641,9.1398,2.497364638236703,60.64,0.51,19.89,0.12119999999999999,11.87,0.8464052287581697,59.0798,60.64,0.51,59.0798,0.8464052287581697,19.89,0.12119999999999999,11.87,88.27961736571008,42.04122809041664,62.69315673289183,76.433532547246,50.0,66.43814565218301,0.9668874172185431,0.3841059602649007,0.6291390728476821,0.8145695364238411,A,C-,B-,B+,pediatrixmedicalgroupinc
KEYS,Keysight Technologies Inc,Information Technology,Electronic Equipment & Instruments,360.65,48.6062,9.3047,41.2379,10.498783171671771,131.85,25.54,20.169999999999998,0.2025,14.360000000000001,0.9337895730685946,107.5343,131.85,25.54,107.5343,0.9337895730685946,20.169999999999998,0.2025,14.360000000000001,31.98455549974887,89.66151110031662,69.44444444444444,90.35639794243454,50.0,66.36083179459857,0.30939226519337015,0.9668508287292817,0.7237569060773481,0.9558011049723757,C-,A,B,A,keysighttechnologiesinc
PTC,PTC Inc,Information Technology,Application Software,137.72,12.1024,5.014,13.6373,4.30253991065013,142.49,19.5,32.64,0.37810000000000005,24.46,0.29719283970707894,-31.1736,142.49,19.5,-31.1736,0.29719283970707894,32.64,0.37810000000000005,24.46,74.59191361125063,77.52498422362368,84.62962962962963,30.181229873350002,50.0,66.3466286296148,0.8066298342541437,0.8729281767955801,0.8784530386740331,0.23204419889502761,B+,B+,B+,D+,ptcinc
STLD,Steel Dynamics Inc,Materials,Steel,222.46,19.8262,1.5515,17.0077,3.599722973760178,60.82,19.77,17.599999999999998,0.1001,12.15,0.5642913489350513,65.0004,60.82,19.77,65.0004,0.5642913489350513,17.599999999999998,0.1001,12.15,47.54901960784314,76.87756800332866,69.11764705882354,83.81338742393508,50.0,66.30485775211942,0.5147058823529411,0.8676470588235294,0.7205882352941176,0.8529411764705882,C+,B+,B,B+,steeldynamicsinc
PSX,Phillips 66,Energy,Oil & Gas Refining & Marketing,256.77,14.2636,0.6649,14.1715,3.5403855169180707,318.7,14.44,24.45,0.0394,13.83,0.8646761537438488,81.8084,318.7,14.44,81.8084,0.8646761537438488,24.45,0.0394,13.83,59.701492537313435,77.4095677423864,59.701492537313435,79.54709212557901,50.0,66.2420782422498,0.7238805970149254,0.8656716417910447,0.5671641791044776,0.7910447761194029,B,B+,C+,B,phillips66
AEO,American Eagle Outfitters Inc,Consumer Discretionary,Apparel Retail,18.14,8.7329,0.5162,4.3397,1.8101805191046891,86.37,8.21,20.03,0.0786,19.040000000000003,0.2833333333333333,-3.5655,86.37,8.21,-3.5655,0.2833333333333333,20.03,0.0786,19.040000000000003,88.35769656699888,76.81547619047619,54.3327859879584,50.8952380952381,50.0,66.21476349588218,0.9485714285714286,0.8342857142857143,0.52,0.49714285714285716,A,B+,C+,C,americaneagleoutfittersinc
HL,Hecla Mining Co,Materials,Silver,17.15,33.8013,7.0427,12.0679,4.435650734533415,214.41,51.21,12.98,0.4595,12.01,0.24988981930365792,45.7584,214.41,46.40449999999998,45.7584,0.24988981930365792,12.98,0.44605999999999996,12.01,35.78431372549019,92.41363211951447,80.63725490196079,68.0672268907563,50.0,66.20156395891689,0.29411764705882354,0.9852941176470589,0.875,0.7205882352941176,D+,A+,B+,B,heclaminingco
CON,Concentra Group Holdings Parent Inc,Health Care,Health Care Services,35.34,22.6891,1.9712,13.0338,11.558840845162559,-24.01,14.02,47.3,0.16390000000000002,9.92,0.9245802367189652,69.8367,-24.01,14.02,69.8367,0.9245802367189652,47.3,0.16390000000000002,9.92,72.57836644591612,38.77029028717813,72.62693156732892,85.2237118397674,50.0,66.10012492870037,0.8079470198675497,0.31788079470198677,0.7384105960264901,0.9271523178807947,B+,C-,B,A-,concentragroupholdingsparentinc
NTAP,NetApp Inc,Information Technology,"Technology Hardware, Storage & Peripherals",209.18,28.0306,5.3778,20.0209,30.347168825893313,25.19,12.15,113.67,0.2502,37.97,1.0,70.5122,25.19,12.15,70.5122,0.9498237803746986,113.67,0.2502,37.97,59.92800937552318,41.769384625881116,87.96296296296298,78.82677448892456,50.0,66.09197490758268,0.6519337016574586,0.3756906077348066,0.9116022099447514,0.8397790055248618,B-,C-,A-,B+,netappinc
BALL,Ball Corp,Materials,"Metal, Glass & Plastic Containers",56.65,15.8151,1.0454,10.292,2.7731816446215447,82.34,15.56,17.05,0.1025,7.359999999999999,0.5038363171355497,15.4608,82.34,15.56,15.4608,0.5038363171355497,17.05,0.1025,7.359999999999999,72.05882352941175,81.781045751634,57.84313725490196,61.27450980392156,50.0,66.08660130718954,0.8235294117647058,0.8970588235294118,0.5735294117647058,0.6176470588235294,B+,B+,C+,B-,ballcorp
SMCI,Super Micro Computer Inc,Information Technology,"Technology Hardware, Storage & Peripherals",41.54,12.0634,0.6888,9.9519,1.8556903668495255,94.1,77.79,25.080000000000002,0.0709,14.23,0.561323155216285,-8.8171,94.1,54.72500000000002,-8.8171,0.561323155216285,25.080000000000002,0.0709,14.23,93.83894190524025,84.91089158685871,57.962962962962955,30.577754457442104,50.0,66.04820542591096,0.9779005524861878,0.9337016574585635,0.5966850828729282,0.24861878453038674,A+,A,C+,D+,supermicrocomputerinc
HRMY,Harmony Biosciences Holdings Inc,Health Care,Biotechnology,39.29,12.658,2.3904,7.4607,2.6063191132279484,-0.38,24.25,20.06,0.2403,17.02,0.7662771285475791,45.438,-0.38,24.25,45.438,0.7662771285475791,20.06,0.2403,17.02,82.5504047093451,53.88080628140511,78.03532008830022,50.514301817669434,50.0,66.02545281922625,0.9139072847682119,0.5496688741721855,0.8211920529801324,0.48344370860927155,A-,C+,B+,C,harmonybiosciencesholdingsinc
EOG,EOG Resources Inc,Energy,Oil & Gas Exploration & Production,139.66,10.6767,2.7219,5.5579,2.517044932297871,24.77,18.67,22.38,0.33020000000000005,17.82,0.7241772874262887,19.879,24.77,18.67,19.879,0.7241772874262887,22.38,0.33020000000000005,17.82,59.701492537313435,64.26390773405699,83.08457711442786,61.74461028192371,50.0,65.89822101613146,0.7238805970149254,0.7313432835820896,0.9253731343283582,0.5671641791044776,B,B,A-,C+,eogresourcesinc
BTSG,Brightspring Health Services Inc,Health Care,Health Care Services,55.69,30.5685,0.7784,21.1108,5.70611801592262,440.76,19.91,18.96,0.031200000000000002,8.36,0.6189886476553748,106.4257,364.82049999999936,19.91,106.4257,0.6189886476553748,18.96,0.031200000000000002,8.36,65.01103752759381,89.25840485562154,49.448123620309055,71.73316104021967,50.0,65.81310346614396,0.7086092715231788,0.9867549668874173,0.47019867549668876,0.7019867549668874,B,A+,C,B,brightspringhealthservicesinc
YOU,Clear Secure Inc,Information Technology,Application Software,41.71,35.2378,5.2075,17.7547,31.262179583270875,31.12,19.77,82.39999999999999,0.25129999999999997,82.39999999999999,0.30970102182414544,10.1829,31.12,19.77,10.1829,0.30970102182414544,82.39999999999999,0.25129999999999997,61.4965,58.50179976561193,62.50940959971,88.88888888888887,57.254071627725146,50.0,65.80036840911222,0.6243093922651933,0.6464088397790055,0.925414364640884,0.5469613259668509,B-,B-,A-,C+,clearsecureinc
DAR,Darling Ingredients Inc,Consumer Staples,Agricultural Products & Services,60.32,15.8561,1.4477,13.7042,2.0144336576063906,470.42,14.85,4.72,0.1452,2.55,0.7634877944829004,88.6951,100.61199999999988,14.85,65.86113499999999,0.7634877944829004,4.72,0.1452,2.55,55.23809523809524,92.78846153846153,36.19047619047619,96.54761904761904,50.0,65.72435897435898,0.5785714285714286,0.9857142857142858,0.29285714285714287,0.9714285714285714,C+,A+,D+,A+,darlingingredientsinc
MLI,Mueller Industries Inc,Industrials,Industrial Machinery & Supplies & Components,60.79,15.6711,2.8595,10.5427,4.211029447419281,-24.03,14.81,25.85,0.2286,25.840000000000003,0.547921225382932,20.2564,-24.03,14.81,20.2564,0.547921225382932,25.85,0.2286,25.840000000000003,67.23765811545502,47.9708242849694,84.14282982269214,66.40890531623972,50.0,65.72106790477862,0.7469879518072289,0.42168674698795183,0.927710843373494,0.678714859437751,B,C,A-,B-,muellerindustriesinc
ALSN,Allison Transmission Holdings Inc,Industrials,Construction Machinery & Heavy Transportation Equipment,113.01,17.7426,2.1322,12.5728,5.013642110867106,-28.5,37.56,27.88,0.1956,9.950000000000001,0.600551858464535,32.6564,-28.5,36.967999999999954,32.6564,0.600551858464535,27.88,0.1956,9.950000000000001,63.959238313799425,56.73864140250695,70.17949348414065,78.9493628776812,50.0,65.67228380552265,0.714859437751004,0.6144578313253012,0.7309236947791165,0.8112449799196787,B,B-,B,B+,allisontransmissionholdingsinc
LQDA,Liquidia Corp,Health Care,Pharmaceuticals,70.69,45.6501,14.0326,36.7895,78.03289546307539,,2233.65,149.64,0.3739,50.019999999999996,0.683687551752691,237.9358,,50.44,119.0341,0.683687551752691,108.28999999999999,0.3739,29.675,23.0139808682855,74.46095795472047,96.46799116997794,78.21038040967196,50.0,65.40476068244435,0.13245033112582782,0.847682119205298,1.0,0.847682119205298,D,B+,A+,B+,liquidiacorp
ACA,Arcosa Inc,Industrials,Construction & Engineering,146.0,14.5971,2.6132,14.9363,2.7084133335559426,431.69,2.59,18.099999999999998,0.1176,11.61,0.984107790637416,60.048,191.6919999999998,2.59,60.048,0.8519822669338312,18.099999999999998,0.1176,11.61,61.205365680408704,60.18107589536161,56.45493538780974,94.55888861568724,50.0,65.36306816926438,0.6626506024096386,0.6827309236947792,0.570281124497992,0.9718875502008032,B-,B-,C+,A+,arcosainc
JBSS,John B Sanfilippo & Son Inc,Consumer Staples,Packaged Foods & Meats,67.34,12.6641,0.6671,9.6041,2.072491020949579,4.7,6.18,16.509999999999998,0.0759,13.850000000000001,0.2505301423810967,6.7457,4.7,6.18,6.7457,0.2505301423810967,16.509999999999998,0.0759,13.850000000000001,77.6190476190476,69.48717948717949,55.23809523809524,65.86080586080587,50.0,65.28388278388277,0.8857142857142857,0.7857142857142857,0.55,0.6285714285714286,B+,B,C+,B-,johnbsanfilipposoninc
AWR,American States Water Co,Utilities,Water Utilities,81.94,22.533,5.8838,15.1194,3.0628111777282716,12.0,10.27,13.5,0.4052,7.23,0.5608441850022451,12.3464,12.0,10.27,12.3464,0.5608441850022451,13.5,0.39203,7.23,13.218390804597703,77.90730141002373,92.52873563218391,91.11405835543768,50.0,65.24105356228769,0.06896551724137931,0.8793103448275862,1.0,0.9137931034482759,D-,B+,A+,A-,americanstateswaterco
RGA,Reinsurance Group of America Inc,Financials,Reinsurance,252.03,10.8933,0.6302,7.3078,1.225674831185821,98.03,19.88,11.3,0.08839999999999999,7.870000000000001,0.9274055759914771,32.4034,98.03,19.88,32.4034,0.8360381688111,11.3,0.08839999999999999,7.870000000000001,69.53781512605042,69.1294529374904,41.596638655462186,92.97173414820475,50.0,65.20385086251719,0.7689075630252101,0.8235294117647058,0.41596638655462187,0.9411764705882353,B,B+,C,A,reinsurancegroupofamericainc
CUBI,Customers Bancorp Inc,Financials,Regional Banks,74.52,8.7853,1.99781,,1.2044006199786337,85.16,55.59768,13.569999999999999,0.3985504,11.82,0.6063511084481723,12.3647,85.16,55.59768,12.3647,0.6063511084481723,13.569999999999999,0.3985504,11.82,77.52100840336135,76.57154183441739,54.20168067226891,59.33872614466346,50.0,65.11272586472373,0.8907563025210085,0.907563025210084,0.542016806722689,0.6134453781512605,B+,A-,C+,B-,customersbancorpinc
DG,Dollar General Corp,Consumer Staples,Consumer Staples Merchandise Retail,122.64,15.9544,0.6228,8.5559,3.172952289291286,42.34,4.77,19.56,0.0559,12.690000000000001,0.4361533586818759,21.7881,42.34,4.77,21.7881,0.4361533586818759,19.56,0.0559,12.690000000000001,77.14285714285715,69.78021978021978,55.95238095238094,64.12698412698413,50.0,65.05525030525031,0.8714285714285714,0.8,0.5714285714285714,0.5714285714285714,B+,B,C+,C+,dollargeneralcorp
COCO,Vita Coco Company Inc,Consumer Staples,Soft Drinks & Non-alcoholic Beverages,56.55,29.6542,4.5973,21.7427,9.73623497813436,67.78,26.1,31.09,0.191,31.09,0.3869346733668341,44.3124,67.78,26.1,44.3124,0.3869346733668341,31.09,0.191,28.479999999999983,19.047619047619047,91.67974882260597,87.85714285714285,74.59183673469387,50.0,64.98050758765044,0.08571428571428572,0.9714285714285714,0.9571428571428572,0.7714285714285715,D-,A+,A,B,vitacococompanyinc
ECG,Everus Construction Group Inc,Industrials,Construction & Engineering,117.8,23.4107,1.3962,17.4214,9.540238262996347,53.33,30.53,38.22,0.0775,26.91,0.4244571208407804,39.964,53.33,30.53,39.964,0.4244571208407804,38.22,0.0775,26.91,55.63150561429391,75.51547230118658,70.10272382045189,67.09613966068355,50.0,64.95587975106046,0.5983935742971888,0.8755020080321285,0.7269076305220884,0.6867469879518072,C+,B+,B,B-,everusconstructiongroupinc
APH,Amphenol Corp,Information Technology,Electronic Components,84.34,40.8533,7.2428,24.5161,7.712072859611745,59.37,54.17,37.14,0.2703,17.66,0.9013039117352056,38.0424,59.37,54.17,38.0424,0.9013039117352056,37.14,0.2703,17.66,45.443035325632,78.77140271688194,78.33333333333333,65.07118826418804,50.0,64.71261036095532,0.425414364640884,0.8839779005524862,0.8259668508287292,0.6353591160220995,C,B+,B+,B-,amphenolcorp
ZION,Zions Bancorporation NA,Financials,Regional Banks,63.0,7.9576,1.56245,,1.295563210117732,39.17,53.61248,16.14,0.336199,10.56,0.6191528545119704,9.8193,39.17,53.61248,9.8193,0.6191528545119704,16.14,0.336199,10.56,77.94117647058823,67.34775547799006,62.18487394957983,55.11348464619492,50.0,64.523760629879,0.8949579831932774,0.7983193277310925,0.6218487394957983,0.5714285714285714,B+,B,B-,C+,zionsbancorporationna
FDX,FedEx Corp,Industrials,Air Freight & Logistics,287.47,15.4666,0.7239,8.24,2.1800739406578824,9.81,7.73,15.110000000000001,0.0576,8.42,0.6477673682929798,51.1428,9.81,7.73,51.1428,0.6477673682929798,15.110000000000001,0.0576,8.42,87.50211731278857,54.53738668024381,39.063464743327046,84.08270444415022,50.0,64.3654137389077,0.927710843373494,0.5542168674698795,0.3493975903614458,0.8594377510040161,A-,C+,C-,B+,fedexcorp
EXPD,Expeditors International of Washington Inc,Industrials,Air Freight & Logistics,188.16,26.5754,2.0287,18.8858,10.694190262921579,12.15,6.77,40.660000000000004,0.0983,40.660000000000004,0.9212395884370406,54.7768,12.15,6.77,54.7768,0.8519822669338312,40.660000000000004,0.0983,29.789999999999996,43.94994945769472,51.83503754932326,76.10141245253122,94.9257627054529,50.0,64.36500052851173,0.39357429718875503,0.5020080321285141,0.8152610441767069,0.9799196787148594,C-,C+,B+,A+,expeditorsinternationalofwashingtoninc
CNK,Cinemark Holdings Inc,Communication Services,Movies & Entertainment,38.24,20.6244,1.3282,9.9107,10.902973797508055,0.89,4.54,52.019999999999996,0.11689999999999999,9.02,0.9524899828277047,34.1958,0.89,4.54,34.1958,0.9524899828277047,52.019999999999996,0.11689999999999999,9.02,66.4200140944327,47.26085720271766,65.15151515151514,84.37694013303769,50.0,64.22044177863803,0.7272727272727273,0.4318181818181818,0.7386363636363636,0.8636363636363636,B,C,B,B+,cinemarkholdingsinc
MKC,McCormick & Company Inc,Consumer Staples,Packaged Foods & Meats,48.4,8.0322,1.76,13.0017,2.2645393721049922,108.82,9.54,25.419999999999998,0.1485,14.82,0.12975715839072124,-26.2405,100.61199999999988,9.54,-26.2405,0.12975715839072124,25.419999999999998,0.1485,14.82,64.28571428571428,91.48351648351648,73.33333333333333,31.86813186813187,50.0,64.07509157509156,0.6857142857142857,0.9571428571428572,0.7714285714285715,0.2571428571428571,B-,A,B,D+,mccormickcompanyinc
MATX,Matson Inc,Industrials,Marine Transportation,226.43,14.3379,1.9224,9.8834,2.4949149703713007,0.86,-0.16,16.939999999999998,0.1518,15.040000000000001,0.9061728395061729,117.4061,0.86,-0.16,70.09187999999996,0.8519822669338312,16.939999999999998,0.1518,15.040000000000001,75.95661557795809,25.128282271139415,61.98071196350026,97.78796074837383,50.0,64.06758048926724,0.8433734939759037,0.11646586345381527,0.642570281124498,0.9959839357429718,B+,D,B-,A+,matsoninc
LMT,Lockheed Martin Corp,Industrials,Aerospace & Defense,512.21,18.8643,1.54,12.4836,17.45220499296406,52.8,7.2,86.24000000000001,0.1188,22.009999999999998,0.29424926398429846,6.29,52.8,7.2,6.29,0.29424926398429846,69.54999999999994,0.1188,22.009999999999998,68.91456984400186,54.683138611710035,78.69655492719176,55.988826835973846,50.0,64.03717428233517,0.7871485943775101,0.5662650602409639,0.8393574297188755,0.5261044176706827,B,C+,B+,C+,lockheedmartincorp
NUE,Nucor Corp,Materials,Steel,236.24,22.9231,1.5642,12.5283,2.5817591676821103,79.23,12.27,11.16,0.0999,8.36,0.7051549163250218,76.9999,79.23,12.27,72.80007499999998,0.7051549163250218,11.16,0.0999,8.36,52.94117647058824,71.12394029229729,51.470588235294116,93.24543610547667,50.0,63.97681645602538,0.6029411764705882,0.7941176470588235,0.47794117647058826,0.9558823529411765,B-,B,C,A,nucorcorp
THG,Hanover Insurance Group Inc,Financials,Property & Casualty Insurance,219.1,9.9751,1.1181,8.2328,2.171676423186487,37.57,5.35,21.22,0.1462,16.400000000000002,0.7559870550161812,21.3373,37.57,5.35,21.3373,0.7559870550161812,21.22,0.1462,16.400000000000002,59.24369747899159,39.6957189849475,76.89075630252101,84.968231194917,50.0,63.96640348135105,0.6050420168067226,0.3277310924369748,0.7689075630252101,0.865546218487395,B-,C-,B,B+,hanoverinsurancegroupinc
SLM,SLM Corp,Financials,Consumer Finance,22.88,5.8427,1.90601,,1.859255647651552,77.07,31.52147,30.31,0.2673951,8.55,0.38449962377727614,-17.9506,77.07,31.52147,-17.9506,0.38449962377727614,30.31,0.2673951,8.55,70.7983193277311,72.57844033107396,87.81512605042016,23.86045327221798,50.0,63.9411400651962,0.7857142857142857,0.8697478991596639,0.8781512605042017,0.226890756302521,B,B+,B+,D+,slmcorp
CXW,CoreCivic Inc,Industrials,Diversified Support Services,32.67,24.8314,1.2786,11.5576,2.3260450114985085,33.31,24.35,8.959999999999999,0.09880000000000001,4.77,0.813551177318597,47.0534,33.31,24.35,47.0534,0.813551177318597,8.959999999999999,0.09880000000000001,4.77,67.621779635549,84.94877066305638,30.5209955468131,86.78026888009677,50.0,63.881501704221165,0.7670682730923695,0.9357429718875502,0.24096385542168675,0.8795180722891566,B,A,D+,B+,corecivicinc
T,AT&T Inc,Communication Services,Integrated Telecommunication Services,24.58,7.8924,1.3372,6.4491,1.5649771110955475,72.22,2.63,19.54,0.20120000000000002,8.63,0.4910994764397903,-12.0452,72.22,2.63,-12.0452,0.4910994764397903,19.54,0.20120000000000002,8.63,81.69485553206484,63.66543029839289,65.90909090909092,46.21035380314278,50.0,63.87614343059608,0.9090909090909091,0.75,0.7727272727272727,0.4318181818181818,A-,B,B,C,attinc
SM,SM Energy Co,Energy,Oil & Gas Exploration & Production,33.52,7.9581,1.5207,4.3627,0.7988408228632439,-28.4,67.03,16.53,0.31079999999999997,8.959999999999999,0.6665284114475323,21.6461,-28.4,65.13999999999997,21.6461,0.6665284114475323,16.53,0.31079999999999997,8.959999999999999,78.1094527363184,59.350972410673904,64.17910447761194,56.776119402985074,50.0,63.79755766621438,0.8955223880597015,0.6865671641791045,0.6791044776119403,0.5223880597014925,B+,B-,B-,C+,smenergyco
FTDR,Frontdoor Inc,Consumer Discretionary,Specialized Consumer Services,73.38,18.4561,2.3468,12.4922,21.515906758539803,11.73,9.26,101.86999999999999,0.1681,18.98,0.5540480427046262,8.9008,11.73,9.26,8.9008,0.5540480427046262,101.86999999999999,0.1681,18.98,36.42303433001107,69.21703296703296,78.97208538587849,80.13186813186813,50.0,63.71856014875261,0.3485714285714286,0.7485714285714286,0.8571428571428571,0.7942857142857143,C-,B,B+,B,frontdoorinc
BYD,Boyd Gaming Corp,Consumer Discretionary,Casinos & Gaming,67.08,2.7238,1.2078,7.1015,1.96388995424031,249.96,1.75,70.49,0.1632,37.99,0.0,-19.4903,109.7939999999999,1.75,-19.4903,0.008183654341431371,70.49,0.1632,37.99,77.25027685492802,63.02827380952381,84.72140120415982,27.847619047619048,50.0,63.66809808620053,0.8857142857142857,0.6971428571428572,0.9257142857142857,0.2571428571428571,B+,B-,A-,D+,boydgamingcorp
CNX,CNX Resources Corp,Energy,Oil & Gas Exploration & Production,31.21,4.8772,2.2726,4.8234,1.026108055326326,968.14,18.73,21.19,0.42219999999999996,13.750000000000002,0.0,-1.6444,574.281999999999,18.73,-1.6444,0.028794037586147125,21.19,0.42219999999999996,13.750000000000002,73.13432835820896,84.07790592492086,80.59701492537313,16.68988391376451,50.0,63.58639378863259,0.8656716417910447,0.9104477611940298,0.8805970149253731,0.1044776119402985,B+,A-,B+,D,cnxresourcescorp
PAHC,Phibro Animal Health Corp,Health Care,Pharmaceuticals,35.45,14.5355,0.9548,8.6245,3.7304794376394326,105.25,17.12,28.67,0.1281,9.2,0.22620169651272395,-8.0134,105.25,17.12,-8.0134,0.22620169651272395,28.67,0.1281,9.2,88.06181015452539,80.60735981173845,64.56953642384106,21.50315724626521,50.0,63.579940056192335,0.9602649006622517,0.9139072847682119,0.6688741721854304,0.16556291390728478,A,A-,B-,D,phibroanimalhealthcorp
ROST,Ross Stores Inc,Consumer Discretionary,Apparel Retail,234.67,28.1542,3.0542,18.3101,12.225070067410579,31.42,14.02,42.34,0.1375,35.23,0.7960916811250113,56.4744,31.42,14.02,50.131389999999975,0.7960916811250113,42.34,0.1375,35.23,17.984496124031008,79.17857142857143,77.46250684181719,94.38095238095238,50.0,63.57365550336681,0.10285714285714286,0.8685714285714285,0.84,0.9771428571428571,D,B+,B+,A+,rossstoresinc
GEN,Gen Digital Inc,Information Technology,Systems Software,20.85,11.7586,2.4378,8.6302,4.775319499793872,79.7,20.16,41.89,0.4131,9.68,0.22140966557764846,-27.6042,79.7,20.16,-27.6042,0.22140966557764846,41.89,0.4131,9.68,87.97714716223004,73.43395091667753,75.74074074074075,14.757881603154607,50.0,63.567838479709124,0.9171270718232044,0.8066298342541437,0.7955801104972375,0.07734806629834254,A-,B+,B,D-,gendigitalinc
UNFI,United Natural Foods Inc,Consumer Staples,Food Retail,45.12,32.643,0.088,8.3614,1.6784278130963495,50.37,-1.99,5.319999999999999,0.67,2.54,0.5592592592592591,44.6869,50.37,-1.99,44.6869,0.5592592592592591,5.319999999999999,0.34928499999999985,2.54,71.42857142857143,55.17986287217056,46.904761904761905,89.62962962962962,50.0,63.54523183369337,0.8214285714285714,0.4857142857142857,0.45714285714285713,0.9285714285714286,B+,C,C,A-,unitednaturalfoodsinc
COR,Cencora Inc,Health Care,Health Care Distributors,307.6,22.2402,0.1754,16.4923,39.55863062321562,38.37,5.09,106.43,0.91,21.19,0.473025919228451,-1.0391,38.37,5.09,-1.0391,0.473025919228451,106.43,0.38915,21.19,78.72847682119205,49.08020603384841,93.92935982339957,27.78697571743929,50.0,63.537895511405445,0.8807947019867549,0.4768211920529801,0.9801324503311258,0.2119205298013245,B+,C,A+,D+,cencorainc
EZPW,EZCORP Inc,Financials,Consumer Finance,30.16,11.9464,1.1936,8.1925,1.7908462579863667,61.24,28.61,14.45,0.139,9.8,0.6623030303030303,64.339,61.24,28.61,47.126224999999984,0.6623030303030303,14.45,0.139,9.8,52.3109243697479,66.98916031729141,58.40336134453782,87.08428826075884,50.0,63.49326114418148,0.5084033613445378,0.7899159663865546,0.5840336134453782,0.8949579831932774,C+,B,C+,B+,ezcorpinc
QNST,QuinStreet Inc,Communication Services,Interactive Media & Services,14.49,9.8628,0.6193,12.6875,2.5763206087868715,1687.12,18.29,27.66,0.0274,24.72,0.3500000000000001,-12.1212,431.6479999999967,18.29,-12.1212,0.3500000000000001,27.66,0.0274,24.72,70.7892882311487,86.20542584055013,59.84848484848485,42.93425666007668,50.0,63.487379770033755,0.7727272727272727,0.9545454545454546,0.5795454545454546,0.4090909090909091,B,A,C+,C,quinstreetinc
SBH,Sally Beauty Holdings Inc,Consumer Discretionary,Specialty Stores,16.51,8.2001,0.4228,5.3515,2.034629367182205,3.6,1.08,23.11,0.08410000000000001,11.52,0.7789968652037618,5.8824,3.6,1.08,5.8824,0.7789968652037618,23.11,0.08410000000000001,11.52,90.06201550387597,38.11538461538461,50.49480021893816,78.46153846153845,50.0,63.45458854608815,0.9657142857142857,0.26857142857142857,0.4514285714285714,0.7657142857142857,A,D+,C,B,sallybeautyholdingsinc
DVA,DaVita Inc,Health Care,Health Care Services,175.19,13.1255,0.794,7.5268,116.4904581421637,19.98,6.45,181.22,0.1507,9.56,0.5064509522834323,36.1391,19.98,6.45,36.1391,0.5064509522834323,108.28999999999999,0.1507,9.56,90.27520235467256,38.08919407224247,72.95805739514348,49.91762235503149,50.0,63.4096782229088,0.9735099337748344,0.31125827814569534,0.7549668874172185,0.47019867549668876,A+,C-,B,C,davitainc
SNX,TD Synnex Corp,Information Technology,Technology Distributors,260.24,18.073,0.2943,11.0695,2.466764930307066,63.4,16.26,13.120000000000001,0.025699999999999997,8.59,0.7538810309045231,56.079,63.4,16.26,56.079,0.7538810309045231,13.120000000000001,0.025699999999999997,8.59,88.45115519839277,69.65012873409677,35.46296296296296,67.49180971193996,50.0,63.40691722954628,0.9281767955801105,0.7458563535911602,0.292817679558011,0.712707182320442,A-,B,D+,B,tdsynnexcorp
WLY,John Wiley & Sons Inc,Communication Services,Publishing,48.43,12.1936,1.4505,11.9046,2.9035468476462265,110.82,-0.27,25.28,0.1478,11.68,0.6897168548911418,19.3233,110.82,-0.27,19.3233,0.6897168548911418,25.28,0.1478,11.68,62.491190979563065,54.955373978629794,65.15151515151514,77.46341463414635,50.0,63.394434255324775,0.7045454545454546,0.6136363636363636,0.7386363636363636,0.7727272727272727,B,B-,B,B,johnwileysonsinc
GPOR,Gulfport Energy Corp,Energy,Oil & Gas Exploration & Production,152.17,5.4173,1.7489,3.5918,1.5592562459397037,-1.63,35.16,27.200000000000003,0.4499,18.87,0.03903394255874649,-14.9099,-1.63,35.16,-14.9099,0.03903394255874649,27.200000000000003,0.4499,18.87,80.09950248756219,66.9998492386552,90.04975124378109,12.205638474295192,50.0,63.3784109754259,0.9402985074626866,0.7910447761194029,0.9552238805970149,0.05970149253731343,A,B,A,D-,gulfportenergycorp
HALO,Halozyme Therapeutics Inc,Health Care,Biotechnology,111.56,31.0503,7.7189,21.4281,269.20849420849424,-23.53,41.15,180.63,0.3557,18.67,0.9049716803020769,53.0712,-23.53,41.15,53.0712,0.9049716803020769,108.28999999999999,0.3557,18.67,40.724061810154524,55.369363279010244,92.38410596026489,69.96195575595323,50.0,63.34330574959755,0.41721854304635764,0.5894039735099338,0.9602649006622517,0.6821192052980133,C,C+,A,B-,halozymetherapeuticsinc
CINF,Cincinnati Financial Corp,Financials,Property & Casualty Insurance,161.13,7.425,1.9089,10.2951,1.5737287986607726,84.01,10.87,20.89,0.16620000000000001,19.88,0.24838205757643372,3.1995,84.01,10.87,3.1995,0.24838205757643372,20.89,0.16620000000000001,19.88,71.42857142857143,65.1337740733742,76.05042016806722,42.016806722689076,50.0,63.29986405837232,0.7983193277310925,0.7605042016806722,0.7605042016806722,0.4327731092436975,B,B,B,C,cincinnatifinancialcorp
PLTR,Palantir Technologies Inc,Information Technology,Application Software,187.96,148.0617,72.557,166.9877,60.840292613452455,290.0,78.92,37.47,0.428,37.47,0.8066238260009886,5.5809,290.0,54.72500000000002,5.5809,0.8066238260009886,37.47,0.428,37.47,8.171145153189352,94.35053586760809,88.88888888888887,75.39462123316564,50.0,63.2140399306743,0.049723756906077346,0.994475138121547,0.925414364640884,0.8066298342541437,F,A+,A-,B+,palantirtechnologiesinc
PRDO,Perdoceo Education Corp,Consumer Discretionary,Education Services,30.34,10.6574,2.1985,6.9557,1.9493703418144435,20.02,11.68,17.7,0.24559999999999998,17.51,0.3108108108108108,-18.8919,20.02,11.68,-18.8919,0.3108108108108108,17.7,0.24559999999999998,17.51,64.11074197120708,72.78940886699507,69.55555555555556,51.15270935960591,50.0,63.20499802701085,0.68,0.8,0.7485714285714286,0.5085714285714286,B-,B,B,C+,perdoceoeducationcorp
MBIN,Merchants Bancorp,Financials,Regional Banks,49.61,8.4852,1000000.0,,0.9982473826440577,6.08,,11.64,,10.79,0.7260377358490566,60.8424,6.08,,47.126224999999984,0.7260377358490566,11.64,,10.79,86.97478991596638,37.94955044955045,42.436974789915965,91.19296316657504,50.0,63.18144389969569,0.9537815126050421,0.31932773109243695,0.42436974789915966,0.9327731092436975,A,C-,C,A,merchantsbancorp
FAF,First American Financial Corp,Financials,Property & Casualty Insurance,64.03,8.8685,0.8277,4.5856,1.1875726815624843,298.96,22.52,13.600000000000001,0.1519,9.26,0.3307998766365721,-0.4001,185.31,22.52,-0.4001,0.3307998766365721,13.600000000000001,0.1519,9.26,78.15126050420167,82.93754642022202,54.621848739495796,41.807747489239595,50.0,63.142336092816684,0.8991596638655462,0.9453781512605042,0.5462184873949579,0.42857142857142855,B+,A,C+,C,firstamericanfinancialcorp
HPE,Hewlett Packard Enterprise Co,Information Technology,"Technology Hardware, Storage & Peripherals",61.49,29.0915,1.9392,22.6504,3.283441820230359,128.23,26.59,11.020000000000001,0.0703,5.9799999999999995,0.909190133158699,160.9583,128.23,26.59,160.9583,0.909190133158699,11.020000000000001,0.0703,5.9799999999999995,68.705005859702,76.05797163899872,35.55555555555555,84.28825992571787,50.0,63.134386666757706,0.7569060773480663,0.850828729281768,0.3011049723756906,0.8895027624309392,B,B+,C-,B+,hewlettpackardenterpriseco
AVT,Avnet Inc,Information Technology,Technology Distributors,102.5,25.2523,0.3056,14.3487,1.6739585936134804,46.12,24.47,6.77,0.0262,4.2,0.9655245574748177,95.3215,46.12,24.47,95.3215,0.9498237803746986,6.77,0.0262,4.2,82.11639879457559,72.0496191840736,21.296296296296298,88.99835973773442,50.0,63.06276955707958,0.856353591160221,0.7955801104972375,0.1878453038674033,0.9337016574585635,B+,B,D,A,avnetinc
ANDE,Andersons Inc,Consumer Staples,Food Distributors,66.21,12.6621,0.2053,11.003,1.8000065247178056,119.33,-5.2,14.149999999999999,0.013300000000000001,8.0,0.6298020954598369,63.5491,100.61199999999988,-5.2,63.5491,0.6298020954598369,14.149999999999999,0.013300000000000001,8.0,84.28571428571428,55.07692307692307,33.80952380952381,87.31428571428572,50.0,63.00205128205128,0.9428571428571428,0.4714285714285714,0.2571428571428571,0.9,A,C,D+,B+,andersonsinc
MCRI,Monarch Casino & Resort Inc,Consumer Discretionary,Casinos & Gaming,116.09,18.3908,3.7515,10.4113,3.8473647755179146,48.54,5.1,20.630000000000003,0.2506,20.630000000000003,0.5849984307982006,12.1569,48.54,5.1,12.1569,0.5849984307982006,20.630000000000003,0.2506,20.630000000000003,37.48172757475083,66.32440476190476,74.53530377668308,83.58095238095238,50.0,62.9853292664299,0.3657142857142857,0.7314285714285714,0.7942857142857143,0.8171428571428572,C-,B,B,B+,monarchcasinoresortinc
EXE,Expand Energy Corp,Energy,Oil & Gas Exploration & Production,84.18,7.0075,1.4261,3.3936,1.084081338295708,2866.66,60.73,14.7,0.2708,11.78,0.0,-19.3439,574.281999999999,60.73,-15.73471,0.028794037586147125,14.7,0.2708,11.78,83.5820895522388,96.61521935775667,66.16915422885572,6.102819237147596,50.0,62.981418664254484,0.9552238805970149,0.9850746268656716,0.7014925373134329,0.022388059701492536,A,A+,B,F,expandenergycorp
VLY,Valley National Bancorp,Financials,Regional Banks,12.78,10.107,2.27179,,0.9111000213873245,48.82,77.66814,8.88,0.4257981,8.14,0.5647482014388489,19.6629,48.82,77.66814,19.6629,0.5647482014388489,8.88,0.4257981,8.14,85.29411764705883,86.30480602151297,22.689075630252102,68.42692217073744,50.0,62.94214395777781,0.9453781512605042,0.9789915966386554,0.226890756302521,0.6974789915966386,A,A+,D+,B-,valleynationalbancorp
AIR,AAR Corp,Industrials,Aerospace & Defense,106.75,23.5944,1.3388,13.7568,2.4986131819107427,1500.3,18.97,12.19,0.0933,7.57,0.3934531450577664,33.2986,191.6919999999998,18.97,33.2986,0.3934531450577664,12.19,0.0933,7.57,63.520476463677845,87.3695012670168,38.70393137174549,74.48222461861265,50.0,62.92644713598172,0.7068273092369478,0.9437751004016064,0.3413654618473896,0.7590361445783133,B,A,C-,B,aarcorp
ASO,Academy Sports and Outdoors Inc,Consumer Discretionary,Specialty Stores,47.89,7.4662,0.4773,4.4225,1.4323913667687596,12.46,3.68,18.38,0.09519999999999999,14.99,0.3119829827463957,-2.4092,12.46,3.68,-2.4092,0.3119829827463957,18.38,0.09519999999999999,14.99,89.49723145071982,53.752747252747255,52.78379857690203,57.69230769230769,50.0,62.85926849591645,0.9542857142857143,0.5314285714285715,0.49142857142857144,0.5771428571428572,A,C+,C,C+,academysportsandoutdoorsinc
EHC,Encompass Health Corp,Health Care,Health Care Facilities,123.56,19.6242,1.9637,10.0767,5.06750660301524,20.08,9.47,25.009999999999998,0.1794,12.379999999999999,0.8742191936399775,-2.1152,20.08,9.47,-2.1152,0.8742191936399775,25.009999999999998,0.1794,12.379999999999999,78.34437086092716,53.285938069654605,71.96467991169978,47.93377483443709,50.0,62.821205273975075,0.8675496688741722,0.5298013245033113,0.7284768211920529,0.44370860927152317,B+,C+,B,C,encompasshealthcorp
SMTC,Semtech Corp,Information Technology,Semiconductors,181.52,50.6471,13.6142,267.9758,30.599619021931527,1063.4,25.36,51.24999999999999,0.102,29.270000000000003,0.9300398895366678,177.5607,703.5419999999999,25.36,177.5607,0.9300398895366678,51.24999999999999,0.102,29.270000000000003,19.56826552821028,84.80092738399938,72.22222222222223,88.92775073546812,50.0,62.69335756150163,0.13259668508287292,0.9281767955801105,0.7403314917127072,0.9281767955801105,D,A-,B,A-,semtechcorp
STT,State Street Corp,Financials,Asset Management & Custody Banks,177.61,14.1111,1.80473,,1.78036218707586,26.58,181.1518,12.4,0.24962610000000002,5.84,0.7993208456566985,55.328,26.58,83.28401599999997,47.126224999999984,0.7993208456566985,12.4,0.24962610000000002,5.84,45.168067226890756,80.71996128403241,48.319327731092436,90.85340802987861,50.0,62.686522602278,0.4180672268907563,0.9243697478991597,0.4831932773109244,0.9285714285714286,C,A-,C,A-,statestreetcorp
WTS,Watts Water Technologies Inc,Industrials,Building Products,356.9,31.2001,4.4726,21.3513,5.868743391702856,23.17,17.13,18.56,0.1913,17.11,0.7202319012932954,28.5909,23.17,17.13,28.5909,0.7202319012932954,18.56,0.1913,17.11,27.310876157691993,77.39805856601222,71.82526022457175,87.0330710597492,50.0,62.67026002071822,0.18875502008032127,0.8955823293172691,0.7550200803212851,0.8835341365461847,D,B+,B,B+,wattswatertechnologiesinc
HAFC,Hanmi Financial Corp,Financials,Regional Banks,31.16,10.531,1.8749,,1.1696828417737437,37.34,43.94988,11.200000000000001,0.4678737,9.629999999999999,0.780281690140845,25.8463,37.34,43.94988,25.8463,0.780281690140845,11.200000000000001,0.4678737,9.629999999999999,73.52941176470588,56.00108523433454,39.91596638655462,90.18141836173722,50.0,62.59784525702948,0.8403361344537815,0.6134453781512605,0.39915966386554624,0.9201680672268907,B+,B-,C-,A-,hanmifinancialcorp
CMC,Commercial Metals Co,Materials,Steel,62.05,11.4322,0.7687,11.8513,1.6454041383041067,1594.79,15.23,13.65,0.08960000000000001,8.23,0.2821642025794274,9.9012,450.345,15.23,9.9012,0.2821642025794274,13.65,0.08960000000000001,8.23,76.96078431372548,84.74280959067977,54.90196078431372,38.377281947261665,50.0,62.58970458209809,0.8676470588235294,0.9264705882352942,0.5294117647058824,0.35294117647058826,B+,A-,C+,C-,commercialmetalsco
LRCX,Lam Research Corp,Information Technology,Semiconductor Materials & Equipment,323.86,56.404,17.6388,47.2095,32.49485777354136,38.62,26.02,66.97,0.3529,48.57,0.632717137090315,145.0479,38.62,26.02,145.0479,0.632717137090315,66.97,0.3529,48.57,23.255692281935378,71.28198988283367,90.0,74.82272011610962,50.0,62.53486507027251,0.1712707182320442,0.7845303867403315,0.9392265193370166,0.8011049723756906,D,B,A,B+,lamresearchcorp
IOSP,Innospec Inc,Materials,Specialty Chemicals,96.72,19.7454,1.3024,12.6107,1.8071681346482262,549.32,2.87,9.15,0.07,9.15,0.892481820079554,26.2316,450.345,2.87,26.2316,0.8127889148801114,9.15,0.07,9.15,60.29411764705882,72.16361436970772,45.588235294117645,83.0989956958393,50.0,62.523110248403526,0.7205882352941176,0.8235294117647058,0.39705882352941174,0.8235294117647058,B,B+,C-,B+,innospecinc
LTH,"Life Time Group Holdings, Inc",Consumer Discretionary,Leisure Facilities,40.08,21.5877,2.8143,11.825,2.8343516632722334,79.11,12.69,13.139999999999999,0.1727,8.86,0.6901926823987875,41.4434,79.11,12.69,41.4434,0.6901926823987875,13.139999999999999,0.1727,8.86,33.415282392026576,86.66407867494826,53.10782703886152,92.38095238095238,50.0,62.43978356890216,0.28,0.9257142857142857,0.49714285714285716,0.9371428571428572,D+,A-,C,A,lifetimegroupholdingsinc
CAT,Caterpillar Inc,Industrials,Construction Machinery & Heavy Transportation Equipment,826.64,34.9004,5.0644,26.9467,18.042250785190618,18.21,18.36,54.2,0.1752,17.14,0.5960921646920206,76.0456,18.21,18.36,70.09187999999996,0.5960921646920206,54.2,0.1752,17.14,19.07931043903505,72.21023544552955,81.04281069857662,89.27503531533094,50.0,62.327584436575016,0.11244979919678715,0.8313253012048193,0.8714859437751004,0.9076305220883534,D,B+,B+,A-,caterpillarinc
FRPT,Freshpet Inc,Consumer Staples,Packaged Foods & Meats,57.15,13.5029,2.3337,23.1256,2.31549008168028,449.74,12.77,16.650000000000002,0.081,12.34,0.27054361567635893,15.0765,100.61199999999988,12.77,15.0765,0.27054361567635893,16.650000000000002,0.081,12.34,39.523809523809526,95.32967032967032,54.76190476190476,73.33333333333333,50.0,62.3040293040293,0.35,1.0,0.5285714285714286,0.7428571428571429,C-,A+,C+,B,freshpetinc
COKE,Coca-Cola Consolidated Inc,Consumer Staples,Soft Drinks & Non-alcoholic Beverages,190.85,23.1309,1.6539,14.4192,10.51920851016921,-60.18,10.71,39.61,0.1096,18.35,0.7274791824375472,67.7528,-60.18,10.71,65.86113499999999,0.7274791824375472,39.61,0.1096,18.35,44.76190476190476,41.26766091051807,75.23809523809524,95.20408163265306,50.0,62.29434850863423,0.42857142857142855,0.32857142857142857,0.8142857142857143,0.9428571428571428,C,C-,B+,A,cocacolaconsolidatedinc
KO,Coca-Cola Co,Consumer Staples,Soft Drinks & Non-alcoholic Beverages,86.84,26.1531,7.4689,24.9258,11.613196571138186,17.61,6.52,42.99,0.3035,18.26,0.791820191599116,32.7547,17.61,6.52,32.7547,0.791820191599116,42.99,0.3035,18.26,19.523809523809522,65.14913657770799,87.61904761904763,87.3469387755102,50.0,62.28492935635793,0.1,0.7,0.9428571428571428,0.9142857142857143,D-,B-,A,A-,cocacolaco
RL,Ralph Lauren Corp,Consumer Discretionary,"Apparel, Accessories & Luxury Goods",355.68,21.2458,2.4993,14.1899,7.523176790847309,26.61,14.68,35.63,0.1494,23.22,0.43725456718456557,14.4854,26.61,14.68,14.4854,0.43725456718456557,35.63,0.1494,23.22,29.12513842746401,79.0316091954023,73.23918992884511,79.42857142857143,50.0,62.28311821387203,0.21714285714285714,0.8628571428571429,0.7828571428571428,0.7771428571428571,D+,B+,B,B,ralphlaurencorp
ASB,Associated Banc-Corp,Financials,Regional Banks,28.68,10.7164,2.01062,,0.9567781795860634,251.97,90.85232,9.86,0.359242,8.25,0.5604651162790697,11.1282,185.31,83.28401599999997,11.1282,0.5604651162790697,9.86,0.359242,8.25,79.83193277310924,97.36442152962113,30.672268907563026,50.70132725987591,50.0,62.23920017806748,0.9117647058823529,1.0,0.3067226890756303,0.5294117647058824,A-,A+,C-,C+,associatedbanccorp
VMI,Valmont Industries Inc,Industrials,Industrial Machinery & Supplies & Components,465.76,18.1636,2.1244,14.2746,5.436015704875327,108.33,3.8,29.84,0.13699999999999998,20.45,0.43872537550886703,21.5579,108.33,3.8,21.5579,0.43872537550886703,29.84,0.13699999999999998,20.45,60.015845695708,56.598331854131274,73.84148840258995,62.22319458508454,50.0,62.22863881241765,0.642570281124498,0.6024096385542169,0.7831325301204819,0.6224899598393574,B-,B-,B,B-,valmontindustriesinc
ED,Consolidated Edison Inc,Utilities,Multi-Utilities,103.33,17.1332,2.1478,11.2857,1.5420477761710114,10.41,9.49,8.9,0.1905,4.26,0.3935119887165021,3.2222,10.41,9.49,3.2222,0.3935119887165021,8.9,0.1905,4.26,71.83908045977012,68.0948643743562,41.95402298850575,75.73159366262814,50.0,62.213567469465836,0.8103448275862069,0.7758620689655172,0.4051724137931034,0.7586206896551724,B+,B,C,B,consolidatededisoninc
MAS,Masco Corp,Industrials,Building Products,68.37,15.3634,1.7823,13.0451,90.46043926964806,15.34,-0.56,279.76,0.1753,15.870000000000001,0.4007457560592682,-2.9529,15.34,-0.56,-2.9529,0.4007457560592682,69.54999999999994,0.1753,15.870000000000001,69.83198098516515,43.745888055733616,81.37966833319673,53.14511105647078,50.0,62.181112152031346,0.8072289156626506,0.3493975903614458,0.8755020080321285,0.5020080321285141,B+,C-,B+,C+,mascocorp
AIZ,Assurant Inc,Financials,Multi-line Insurance,263.65,12.237,0.9669,7.9154,2.2358302719461602,53.42,9.36,18.029999999999998,0.107,13.120000000000001,0.5884996425288528,22.2196,53.42,9.36,22.2196,0.5884996425288528,18.029999999999998,0.107,13.120000000000001,44.957983193277315,62.69851591740004,68.90756302521008,80.765639589169,50.0,62.159217655935656,0.4054621848739496,0.7226890756302521,0.6890756302521008,0.8151260504201681,C,B,B-,B+,assurantinc
FTNT,Fortinet Inc,Information Technology,Systems Software,175.96,59.8679,16.8666,47.8698,105.64995496847794,13.27,18.77,187.95,0.32439999999999997,113.11,0.9498237803746986,109.12,13.27,18.77,109.12,0.9498237803746986,114.73149999999994,0.32439999999999997,61.4965,22.135024275908254,54.50125524721615,93.51851851851852,86.62938530650499,50.0,62.139513809350916,0.14917127071823205,0.569060773480663,0.9668508287292817,0.9226519337016574,D,C+,A,A-,fortinetinc
WOR,"Worthington Enterprises, Inc",Industrials,Building Products,60.77,17.4165,2.0034,22.1614,2.8806818451153555,54.64,18.44,16.189999999999998,0.056299999999999996,12.42,0.6996670366259714,11.8934,54.64,18.44,11.8934,0.6996670366259714,16.189999999999998,0.056299999999999996,12.42,50.994727208152334,87.98001048483673,45.057508947354044,77.64925006147035,50.0,62.138911148138014,0.5381526104417671,0.9558232931726908,0.42168674698795183,0.7871485943775101,C+,A,C,B,worthingtonenterprisesinc
NHC,National Healthcare Corp,Health Care,Health Care Facilities,224.16,24.7548,2.2272,18.0307,3.258546853240376,32.66,6.92,12.94,0.0928,12.61,0.8768617237730936,78.7596,32.66,6.92,78.7596,0.8768617237730936,12.94,0.0928,12.61,61.49080206033849,52.39506336061665,55.62913907284769,86.75496688741723,50.0,62.10999133290332,0.6490066225165563,0.5231788079470199,0.5298013245033113,0.9470198675496688,B-,C+,C+,A,nationalhealthcarecorp
AMGN,Amgen Inc,Health Care,Biotechnology,423.64,25.8267,5.9274,17.8141,26.363806086253035,31.72,9.1,89.32,0.3032,13.3,0.868046936703148,53.1724,31.72,9.1,53.1724,0.868046936703148,89.32,0.3032,13.3,49.35246504782929,51.45821957205332,85.20971302428256,65.57418627589124,50.0,62.04702568761688,0.5165562913907285,0.5099337748344371,0.9072847682119205,0.6490066225165563,C+,C+,A-,B-,amgeninc
JBHT,J B Hunt Transport Services Inc,Industrials,Cargo Ground Transportation,229.28,31.8849,1.6933,13.5294,6.083650190114069,28.19,5.28,18.75,0.07519999999999999,13.55,0.5845319500117897,68.1318,28.19,5.28,68.1318,0.5845319500117897,18.75,0.07519999999999999,13.55,53.083080621806964,65.54589181317291,52.088626615304754,87.09569260343787,50.0,61.821243692600085,0.570281124497992,0.751004016064257,0.5060240963855421,0.8875502008032129,C+,B,C+,B+,jbhunttransportservicesinc
UAL,United Airlines Holdings Inc,Industrials,Passenger Airlines,112.25,10.459,0.5813,6.7178,2.375973143565928,7.02,8.48,22.5,0.0775,8.74,0.5100683539626824,13.8903,7.02,8.48,13.8903,0.5100683539626824,22.5,0.0775,8.74,94.22834193918531,46.81070395356109,49.150342868070915,57.97162952642012,50.0,61.8011378978103,0.9879518072289156,0.41365461847389556,0.4779116465863454,0.5662650602409639,A+,C,C,C+,unitedairlinesholdingsinc
MSFT,Microsoft Corp,Information Technology,Systems Software,508.96,27.9164,11.2518,19.7308,8.544658161629286,31.56,17.79,33.22,0.4673,26.5,0.7811460981811068,-0.438,31.56,17.79,-0.438,0.7811460981811068,33.22,0.4317149999999999,26.5,52.382596685082866,57.42864914319273,87.22222222222221,52.023827895922715,50.0,61.79170013464936,0.56353591160221,0.5966850828729282,0.9060773480662984,0.46408839779005523,C+,C+,A-,C,microsoftcorp
EWBC,East West Bancorp Inc,Financials,Regional Banks,125.52,12.0114,3.27879,,1.9404987910531752,21.65,74.7411,16.189999999999998,0.5797675999999999,15.47,0.7332589285714285,16.9435,21.65,74.7411,16.9435,0.7332589285714285,16.189999999999998,0.5797675999999999,15.47,49.78991596638656,68.56777085263167,62.60504201680672,74.88415927118511,50.0,61.78912552056168,0.4831932773109244,0.819327731092437,0.6260504201680672,0.7647058823529411,C,B+,B-,B,eastwestbancorpinc
VRT,Vertiv Holdings Co,Industrials,Electrical Components & Equipment,245.22,55.5321,8.3785,40.5946,23.801758779337256,111.16,26.23,42.11,0.1841,24.610000000000003,0.44528628193778175,76.0496,111.16,26.23,70.09187999999996,0.44528628193778175,42.11,0.1841,24.610000000000003,7.520695024997952,90.1341076971329,84.83375679589103,78.30779678480687,50.0,61.7769938516102,0.028112449799196786,0.9759036144578314,0.9397590361445783,0.7951807228915663,F,A+,A,B,vertivholdingsco
SEZL,Sezzle Inc,Financials,Transaction & Payment Processing Services,107.39,22.5919,6.8567,17.0381,21.374121768206514,56.65,43.06,85.55,0.4039,50.529999999999994,0.39593735038643046,28.6376,56.65,43.06,28.6376,0.39593735038643046,44.400499999999866,0.4039,29.45649999999999,10.294117647058826,80.8123127865617,97.68907563025209,68.0859010270775,50.0,61.77544108205557,0.06722689075630252,0.9285714285714286,0.976890756302521,0.6932773109243697,D-,A-,A+,B-,sezzleinc
KEX,Kirby Corp,Industrials,Marine Transportation,131.94,19.5753,1.9928,10.4325,2.0986595873622327,23.27,6.56,10.45,0.1401,8.08,0.6705897403095817,55.3051,23.27,6.56,55.3051,0.6705897403095817,10.45,0.1401,8.08,68.58290304073437,57.978572264286555,44.72365653088544,83.83880605911587,50.0,61.69011555758544,0.7831325301204819,0.6546184738955824,0.41767068273092367,0.8554216867469879,B,B-,C,B+,kirbycorp
HCA,HCA Healthcare Inc,Health Care,Health Care Facilities,431.63,13.5899,1.1915,8.996,256.12983622122005,25.46,7.31,695.73,0.1548,9.06,0.3833506147237446,3.2261,25.46,7.31,3.2261,0.3833506147237446,108.28999999999999,0.1548,9.06,86.73583517292126,48.855863110619666,72.7373068432671,35.24944812362031,50.0,61.68934775089508,0.9470198675496688,0.47019867549668876,0.7483443708609272,0.31125827814569534,A,C,B,C-,hcahealthcareinc
BBWI,Bath & Body Works Inc,Consumer Discretionary,Other Specialty Retail,15.99,4.0962,0.4437,4.1511,259.5779220779221,13.79,-2.17,3138.89,0.16699999999999998,11.92,0.1303353658536586,-39.2723,13.79,-2.17,-39.2723,0.1303353658536586,195.4694999999998,0.16699999999999998,11.92,91.98006644518273,41.60714285714286,75.71647509578544,32.091428571428565,50.0,61.66384967095633,0.9771428571428571,0.35428571428571426,0.8057142857142857,0.3142857142857143,A+,C-,B+,C-,bathbodyworksinc
YETI,Yeti Holdings Inc,Consumer Discretionary,Leisure Products,42.05,17.3629,1.6037,10.6624,4.849386474767044,9.74,6.24,27.27,0.1233,24.3,0.46529332736229273,25.9227,9.74,6.24,25.9227,0.46529332736229273,27.27,0.1233,24.3,48.50609080841639,59.82142857142857,66.36672140120416,79.89795918367348,50.0,61.66208060342555,0.4857142857142857,0.6457142857142857,0.7028571428571428,0.7885714285714286,C,B-,B,B,yetiholdingsinc
IPAR,Interparfums Inc,Consumer Staples,Household Products,115.09,22.1895,2.4789,13.033,4.190485206411162,4.55,2.93,19.15,0.1726,15.97,0.7273425499231952,16.507,4.55,2.93,16.507,0.7273425499231952,19.15,0.1726,15.97,41.904761904761905,59.34065934065934,73.80952380952381,79.26267281105991,50.0,61.649237858915285,0.37142857142857144,0.5857142857142857,0.7857142857142857,0.8285714285714286,C-,C+,B,B+,interparfumsinc
SSD,Simpson Manufacturing Co Inc,Industrials,Building Products,174.36,18.9626,2.9668,11.7933,3.543873627043683,16.5,6.48,18.45,0.2061,15.7,0.31555011369599467,2.097,16.5,6.48,2.097,0.31555011369599467,18.45,0.2061,15.7,61.72499521897112,58.65352459464429,72.60443133076524,56.644373412015405,50.0,61.64193623876603,0.6867469879518072,0.6706827309236948,0.7670682730923695,0.5381526104417671,B-,B-,B,C+,simpsonmanufacturingcoinc
FIS,Fidelity National Information Services Inc,Financials,Transaction & Payment Processing Services,33.35,5.1938,1.435,9.1285,1.2333169384155114,3492.81,18.26,22.56,0.157,10.530000000000001,0.0,-46.5909,185.31,18.26,-35.862925,0.03318313099820055,22.56,0.157,10.530000000000001,82.14285714285714,76.082186570384,78.15126050420169,6.5172735760971054,50.0,61.59342144106093,0.9201680672268907,0.9033613445378151,0.7815126050420168,0.0273109243697479,A-,A-,B,F,fidelitynationalinformationservicesinc
BJ,BJ's Wholesale Club Holdings Inc,Consumer Staples,Consumer Staples Merchandise Retail,95.49,20.1318,0.5247,10.8432,5.632863977159441,5.1,9.09,27.35,0.037599999999999995,21.2,0.5440365834204787,3.985,5.1,9.09,3.985,0.5440365834204787,27.35,0.037599999999999995,21.2,70.0,62.65771265771266,60.0,57.77777777777778,50.0,61.58709808709809,0.7857142857142857,0.6571428571428571,0.6642857142857143,0.5142857142857142,B,B-,B-,C+,bjswholesaleclubholdingsinc
LNTH,Lantheus Holdings Inc,Health Care,Health Care Supplies,99.51,23.6052,4.1757,14.3801,5.897378152854163,9.79,2.35,23.27,0.2325,15.7,0.801415018491719,97.0757,9.79,2.35,97.0757,0.801415018491719,23.27,0.2325,15.7,59.54231052244298,36.12694147245919,77.70419426048565,75.23606067079683,50.0,61.58422662438336,0.6225165562913907,0.2781456953642384,0.8145695364238411,0.7615894039735099,B-,D+,B+,B,lantheusholdingsinc
AA,Alcoa Corp,Materials,Aluminum,41.97,8.621,0.8093,10.3502,1.8049051102424172,24.14,6.46,19.16,0.0361,14.01,0.20832555534814265,36.248,24.14,6.46,36.248,0.20832555534814265,19.16,0.0361,14.01,80.3921568627451,49.31798806479114,60.0,57.85166240409207,50.0,61.531969309462916,0.8970588235294118,0.45588235294117646,0.6176470588235294,0.5735294117647058,B+,C,B-,C+,alcoacorp
CENT,Central Garden & Pet Co,Consumer Staples,Household Products,39.26,13.122,0.7076,8.566,1.5590067784629924,22.39,-1.16,10.15,0.0818,5.87,0.5763736263736263,19.4102,22.39,-1.16,19.4102,0.5763736263736263,10.15,0.0818,5.87,78.80952380952381,55.210918114143915,40.952380952380956,77.64976958525347,50.0,61.51261373035567,0.9071428571428571,0.5071428571428571,0.37142857142857144,0.8142857142857143,A-,C+,C-,B+,centralgardenpetco
ULTA,Ulta Beauty Inc,Consumer Discretionary,Other Specialty Retail,546.59,19.4632,1.8178,12.2675,8.611066036710344,5.21,11.16,45.4,0.1246,41.160000000000004,0.3795187382540443,-0.5199,5.21,11.16,-0.5199,0.3795187382540443,45.4,0.1246,41.160000000000004,39.10299003322259,66.97857142857143,77.28188286808977,70.01142857142858,50.0,61.4942182253281,0.3942857142857143,0.7371428571428571,0.8342857142857143,0.7142857142857143,C-,B,B+,B,ultabeautyinc
ADBE,Adobe Inc,Information Technology,Application Software,233.17,12.3434,3.462,9.7572,8.285215809316025,11.68,12.03,62.88,0.35700000000000004,40.589999999999996,0.24801244382993426,-35.8964,11.68,12.03,-35.8964,0.24801244382993426,62.88,0.35700000000000004,40.589999999999996,82.43135777666164,42.22244822901081,90.18518518518518,24.10691688015062,50.0,61.42000876229399,0.861878453038674,0.39226519337016574,0.9447513812154696,0.1712707182320442,B+,C-,A,D,adobeinc
EME,EMCOR Group Inc,Industrials,Construction & Engineering,762.03,23.2506,1.7992,16.2421,9.23417528246739,33.41,18.92,38.49,0.1038,38.43,0.5092755270773046,19.5061,33.41,18.92,19.5061,0.5092755270773046,38.49,0.1038,29.789999999999996,54.58678250416633,57.423734566591705,76.0882987733246,61.07224817637898,50.0,61.36796686796687,0.5823293172690763,0.6305220883534136,0.8112449799196787,0.606425702811245,C+,B-,B+,B-,emcorgroupinc
USB,US Bancorp,Financials,Diversified Banks,57.87,11.2352,2.0972,,1.380684258243069,18.72,84.11849,12.479999999999999,0.25222680000000003,5.52,0.6103063405366893,18.8916,18.72,83.28401599999997,18.8916,0.6103063405366893,12.479999999999999,0.25222680000000003,5.52,61.97478991596639,68.41786280269828,49.159663865546214,74.4600062247121,50.0,61.35918725086023,0.6260504201680672,0.8067226890756303,0.49159663865546216,0.7521008403361344,B-,B+,C,B,usbancorp
PRU,Prudential Financial Inc,Financials,Life & Health Insurance,114.95,10.2254,0.6597,10.3654,1.2328479162242572,144.17,11.31,12.24,0.08130000000000001,7.1,0.6435947530002792,11.1867,144.17,11.31,11.1867,0.6435947530002792,12.24,0.08130000000000001,7.1,73.31932773109244,70.52863088270814,46.63865546218487,61.17647058823529,50.0,61.33051609250802,0.8340336134453782,0.8445378151260504,0.46638655462184875,0.6302521008403361,B+,B+,C,B-,prudentialfinancialinc
ENVA,Enova International Inc,Financials,Consumer Finance,167.92,11.9094,2.0553,10.5317,3.1047884594761497,43.8,22.52,25.759999999999998,0.4019,5.93,0.39469707151801453,39.4407,43.8,22.52,39.4407,0.39469707151801453,25.759999999999998,0.4019,5.93,41.806722689075634,59.327233654194245,83.61344537815127,65.40361599185128,50.0,61.30121194601583,0.36554621848739494,0.6680672268907563,0.8361344537815126,0.6722689075630253,C-,B-,B+,B-,enovainternationalinc
MEDP,Medpace Holdings Inc,Health Care,Life Sciences Tools & Services,622.11,35.3197,6.2393,27.5801,38.3523725563933,26.78,24.67,110.14999999999999,0.2097,110.14999999999999,0.817021974417842,23.984,26.78,24.67,23.984,0.817021974417842,108.28999999999999,0.2097,29.675,37.16850625459897,79.15356070288104,89.84547461368653,43.44772225566928,50.0,61.27375180878144,0.36423841059602646,0.8940397350993378,0.9437086092715232,0.40397350993377484,C-,B+,A,C,medpaceholdingsinc
TRN,Trinity Industries Inc,Industrials,Construction Machinery & Heavy Transportation Equipment,27.07,6.3825,1.0606,6.8662,2.005378295687733,260.79,-18.95,31.569999999999997,0.3693,5.16,0.17054263565891467,-1.5692,191.6919999999998,-5.83,-1.5692,0.17054263565891467,31.569999999999997,0.28918,5.16,89.40687921755047,53.78813687637217,68.04032456356036,30.749311772901933,50.0,61.26929067513253,0.9598393574297188,0.5381526104417671,0.7028112449799196,0.26506024096385544,A,C+,B,D+,trinityindustriesinc
SN,Sharkninja Inc,Consumer Discretionary,Household Appliances,184.45,36.9676,3.7194,26.279,9.728888654464898,33.4,17.49,26.009999999999998,0.1376,20.419999999999998,0.9094417519296356,71.8508,33.4,17.49,50.131389999999975,0.7974138027226699,26.009999999999998,0.1376,20.419999999999998,10.713178294573645,86.42045454545455,66.73344280240832,97.92207792207792,50.0,61.23016176775198,0.045714285714285714,0.9142857142857143,0.7085714285714285,0.9942857142857143,F,A-,B,A+,sharkninjainc
ATMU,Atmus Filtration Technologies Inc,Industrials,Industrial Machinery & Supplies & Components,43.94,16.6681,1.8873,12.4624,9.46228223184099,15.91,13.05,54.67999999999999,0.1716,18.22,0.05606694560669441,-2.1551,15.91,13.05,-2.1551,0.05606694560669441,54.67999999999999,0.1716,18.22,69.05280987897167,68.17150470786338,81.39059639920225,24.891196708419514,50.0,61.22339185280006,0.7951807228915663,0.7911646586345381,0.8795180722891566,0.22088353413654618,B,B,B+,D+,atmusfiltrationtechnologiesinc
WSFS,WSFS Financial Corp,Financials,Regional Banks,76.08,12.3301,2.33073,,1.4837784863821197,30.7,54.50711,11.72,0.381658,10.58,0.7922471229557844,38.7296,30.7,54.50711,38.7296,0.7922471229557844,11.72,0.381658,10.58,54.41176470588236,63.482983189012614,44.11764705882353,94.4412157386319,50.0,61.21719272670538,0.5336134453781513,0.7436974789915967,0.4411764705882353,0.9495798319327731,C+,B,C,A,wsfsfinancialcorp
ESE,ESCO Technologies Inc,Industrials,Industrial Machinery & Supplies & Components,265.69,21.8433,5.3277,24.5961,4.453701220329892,173.22,16.55,19.97,0.1542,18.17,0.4274351516590491,29.706,173.22,16.55,29.706,0.4274351516590491,19.97,0.1542,18.17,32.36292107204327,90.90195991508185,68.3665273338251,63.86691084431355,50.0,61.13613625334617,0.2570281124497992,0.9839357429718876,0.7068273092369478,0.6345381526104418,D+,A+,B,B-,escotechnologiesinc
META,Meta Platforms Inc,Communication Services,Interactive Media & Services,738.79,26.7709,7.9872,17.2471,8.603907447348684,-3.69,27.65,29.73,0.38079999999999997,23.74,0.8419273907455407,-3.7822,-3.69,27.65,-3.7822,0.8419273907455407,29.73,0.367945,23.74,27.51937984496124,68.74653608815598,86.36363636363637,69.3220866601859,50.0,61.08447860181778,0.25,0.8181818181818182,0.8863636363636364,0.7045454545454546,D+,B+,B+,B,metaplatformsinc
UHS,Universal Health Services Inc,Health Care,Health Care Facilities,175.96,6.7862,0.5717,5.5819,1.4767914783189622,29.35,10.05,20.75,0.11359999999999999,12.6,0.33769411764705876,-11.6355,29.35,10.05,-11.6355,0.33769411764705876,20.75,0.11359999999999999,12.6,95.80132450331126,62.39041598057716,64.23841059602648,17.969094922737305,50.0,61.08183595549733,1.0,0.6754966887417219,0.6622516556291391,0.12582781456953643,A+,B-,B-,D,universalhealthservicesinc
PBI,Pitney Bowes Inc,Industrials,Office Services & Supplies,16.29,11.9202,1.1966,8.6375,46.74318507890961,58.9,-5.31,5.27,0.1925,0.13,0.725296442687747,45.2128,58.9,-5.31,45.2128,0.725296442687747,5.27,0.1925,0.13,84.41657787613036,44.71029742458313,33.99994535966997,87.53708712400623,50.0,61.053607718667955,0.8995983935742972,0.37751004016064255,0.28112449799196787,0.8955823293172691,B+,C-,D+,B+,pitneybowesinc
FICO,Fair Isaac Corp,Information Technology,Application Software,617.87,16.0559,5.4671,14.7544,54.32015191743007,35.35,24.09,145.71,0.5165,30.869999999999997,0.0,-44.6339,35.35,24.09,-43.47974,0.04789217092056213,114.73149999999994,0.4317149999999999,30.869999999999997,68.48317428427926,69.21736274552606,94.62962962962962,6.963815755630319,50.0,61.01443667870849,0.7513812154696132,0.7348066298342542,0.9834254143646409,0.03314917127071823,B,B,A+,F,fairisaaccorp
FCX,Freeport-McMoRan Inc,Materials,Copper,70.79,34.362,3.912,11.7422,5.378811479458093,53.11,-24.23,15.260000000000002,0.2676,10.27,0.7897664071190214,101.2867,53.11,-16.235,72.80007499999998,0.7897664071190214,15.260000000000002,0.2676,10.27,40.68627450980392,39.192343604108316,75.0,95.93837535014006,50.0,60.94771241830066,0.4264705882352941,0.27941176470588236,0.8088235294117647,0.9852941176470589,C,D+,B+,A+,freeportmcmoraninc
SHOO,Steven Madden Ltd,Consumer Discretionary,Footwear,45.05,22.8883,1.1965,15.6087,3.7788551872231912,56.95,18.15,16.05,0.075,12.709999999999999,0.7468698965704951,32.9582,56.95,18.15,32.9582,0.7468698965704951,16.05,0.075,12.709999999999999,34.79955703211517,89.80654761904762,45.52599890530925,89.5,50.0,60.942698508165634,0.3028571428571429,0.9485714285714286,0.4228571428571429,0.8914285714285715,C-,A,C,B+,stevenmaddenltd
HON,Honeywell International Inc,Industrials,Industrial Conglomerates,210.13,7.7745,1.7177,7.8727,8.640462513312473,169.74,-0.11,53.6,0.2884,16.689999999999998,0.04392410982697577,-46.1013,169.74,-0.11,-39.24812,0.04392410982697577,53.6,0.2884,16.689999999999998,83.09756030926427,55.57645400502544,88.1916782777368,9.869420539300057,50.0,60.91148455561537,0.891566265060241,0.5823293172690763,0.9678714859437751,0.04417670682730924,B+,C+,A,F,honeywellinternationalinc
MCK,McKesson Corp,Health Care,Health Care Distributors,864.82,21.6726,0.2422,15.4018,27.513910938181034,49.07,8.84,39.43,0.0158,16.23,0.512639837280256,12.5883,49.07,8.84,12.5883,0.512639837280256,39.43,0.0158,16.23,79.61883738042678,65.71177529917509,60.0,39.23841059602648,50.0,60.89474652414701,0.8940397350993378,0.7350993377483444,0.5827814569536424,0.3576158940397351,B+,B,C+,C-,mckessoncorp
UMBF,UMB Financial Corp,Financials,Regional Banks,132.21,10.5726,2.36702,,1.3053445967560395,40.79,72.21914,12.17,0.3178459,8.25,0.5772927513015621,11.714,40.79,72.21914,11.714,0.5772927513015621,12.17,0.3178459,8.25,68.0672268907563,81.25132641987511,46.21848739495798,54.92656875834446,50.0,60.80700760707248,0.7289915966386554,0.9327731092436975,0.46218487394957986,0.5630252100840336,B,A,C,C+,umbfinancialcorp
CDE,"Coeur Mining, Inc",Materials,Gold,17.84,20.7967,5.577,11.0378,3.4574983526493277,211.84,117.26,12.49,0.3369,11.57,0.30168776371308015,-3.0911,211.84,46.40449999999998,-3.0911,0.30168776371308015,12.49,0.3369,11.57,47.54901960784313,91.13384484228473,75.49019607843137,34.015345268542205,50.0,60.78964194373401,0.5,0.9558823529411765,0.8235294117647058,0.3088235294117647,C,A,B+,C-,coeurmininginc
JBL,Jabil Inc,Information Technology,Electronic Manufacturing Services,318.84,38.3865,0.9851,23.0816,22.649873196513436,55.75,17.8,62.419999999999995,0.042800000000000005,18.59,0.5400025571151729,47.7622,55.75,17.8,47.7622,0.5400025571151729,62.419999999999995,0.042800000000000005,18.59,67.94219822534741,68.79706335441196,60.0,49.98315644662755,50.0,60.741593516544754,0.7458563535911602,0.7292817679558011,0.6353591160220995,0.43646408839779005,B,B,B-,C,jabilinc
CRM,Salesforce Inc,Information Technology,Application Software,225.31,19.058,4.1909,22.9091,3.539159938424806,59.27,11.23,20.150000000000002,0.18780000000000002,13.18,0.643293427803567,-6.6385,59.27,11.23,-6.6385,0.643293427803567,20.150000000000002,0.18780000000000002,13.18,63.90109660137284,54.52038493035243,66.85185185185185,60.72904513513792,50.0,60.73812312640425,0.6961325966850829,0.574585635359116,0.7016574585635359,0.5911602209944752,B-,C+,B,C+,salesforceinc
ONB,Old National Bancorp,Financials,Regional Banks,24.84,10.921,2.22033,,1.1394286343369846,31.82,79.90764,10.459999999999999,0.43808169999999996,8.88,0.6838228835995432,13.8663,31.82,79.90764,13.8663,0.6838228835995432,10.459999999999999,0.43808169999999996,8.88,71.84873949579833,79.25933203288511,34.45378151260504,66.152517081599,50.0,60.658000074997666,0.8151260504201681,0.9201680672268907,0.3445378151260504,0.680672268907563,B+,A-,C-,B-,oldnationalbancorp
KRYS,Krystal Biotech Inc,Health Care,Biotechnology,335.06,41.2813,22.6297,46.8595,8.020164108652567,62.37,22.63,19.34,0.4489,19.34,0.7873860236819948,100.8581,62.37,22.63,100.8581,0.7873860236819948,19.34,0.38915,19.34,20.34878587196468,74.18121802730687,84.65783664459161,72.827955474144,50.0,60.65349032942925,0.09933774834437085,0.8344370860927153,0.8940397350993378,0.7218543046357616,D-,B+,B+,B,krystalbiotechinc
C,Citigroup Inc,Financials,Diversified Banks,130.8,12.3144,1.09533,,1.0767257658500125,35.24,99.23775,8.41,0.2301502,1.87,0.6839779005524863,26.9677,35.24,83.28401599999997,26.9677,0.6839779005524863,8.41,0.2301502,1.87,67.22689075630252,84.64361236178118,18.907563025210084,85.86990351696234,50.0,60.636316621126866,0.7121848739495799,0.9663865546218487,0.18907563025210083,0.8739495798319328,B,A,D,B+,citigroupinc
SFM,Sprouts Farmers Market Inc,Consumer Staples,Food Retail,65.61,11.7658,0.6571,6.9678,4.485663106942146,7.54,7.2,34.839999999999996,0.07440000000000001,32.84,0.07110179184140292,-42.2552,7.54,7.2,-36.18723,0.07110179184140292,34.839999999999996,0.07440000000000001,28.479999999999983,84.28571428571429,68.19604896527974,75.0,10.793650793650794,50.0,60.61936852321468,0.9642857142857143,0.7571428571428571,0.8,0.04285714285714286,A,B,B,F,sproutsfarmersmarketinc
MOG-A,Moog Inc,Industrials,Aerospace & Defense,387.59,31.2463,2.8533,24.8959,6.504770455899505,86.78,15.72,18.58,0.1056,11.77,0.7611885081820161,90.559,86.78,15.72,70.09187999999996,0.7611885081820161,18.58,0.1056,11.77,30.48657213889572,74.45799332445294,55.40365543807885,96.08057596164645,50.0,60.58027075146352,0.23293172690763053,0.8634538152610441,0.5582329317269076,0.9879518072289156,D+,B+,C+,A+,mooginc
NEE,Nextera Energy Inc,Utilities,Multi-Utilities,75.89,16.9521,5.4924,17.2069,2.894797070491303,55.3,10.82,16.82,0.2982,5.96,0.05223880597014945,-0.4746,55.3,10.82,-0.4746,0.05223880597014945,16.82,0.2982,5.96,27.586206896551726,89.31835646899167,87.35632183908046,44.90214352283318,50.0,60.57973218227302,0.25862068965517243,0.9827586206896551,0.9482758620689655,0.4827586206896552,D+,A+,A,C,nexteraenergyinc
LGND,Ligand Pharmaceuticals Inc,Health Care,Biotechnology,310.36,32.0535,21.7579,50.6724,6.033214169772113,,54.89,20.06,0.3261,12.33,0.8986482277455928,85.0695,,50.44,85.0695,0.8986482277455928,20.06,0.3261,12.33,24.981604120676963,73.44300408623363,77.15231788079471,76.72819501197688,50.0,60.567720320010025,0.15894039735099338,0.8245033112582781,0.7947019867549668,0.8410596026490066,D,B+,B,B+,ligandpharmaceuticalsinc
AAMI,Acadian Asset Management Inc,Financials,Asset Management & Custody Banks,92.48,31.9254,4.8425,19.8024,54.4640753828033,18.22,24.21,161.82000000000002,0.2347,31.369999999999997,0.894127957931639,95.3798,18.22,24.21,47.126224999999984,0.8360381688111,44.400499999999866,0.2347,29.45649999999999,6.72268907563025,52.2993798898152,97.68907563025209,94.97292250233426,50.0,60.557401654900474,0.031512605042016806,0.5546218487394958,0.976890756302521,0.9621848739495799,F,C+,A+,A,acadianassetmanagementinc
SR,Spire Inc,Utilities,Gas Utilities,77.25,8.2921,1.7934,13.691,1.3447060359458636,89.9,4.12,15.879999999999999,0.20629999999999998,5.55,0.07194244604316573,-4.5466,89.9,4.12,-4.5466,0.07194244604316573,15.879999999999999,0.20629999999999998,5.55,68.96551724137932,61.14587896614306,69.54022988505747,43.495838287752676,50.0,60.55478023238834,0.75,0.6724137931034483,0.7327586206896551,0.46551724137931033,B,B-,B,C,spireinc
VICR,Vicor Corp,Industrials,Electrical Components & Equipment,288.32,90.6068,27.7667,116.033,18.338750405485342,115.29,24.95,19.830000000000002,0.1864,19.830000000000002,0.7184935390492106,485.7818,115.29,24.95,70.09187999999996,0.7184935390492106,19.830000000000002,0.1864,19.830000000000002,4.696336365871653,90.20785920545825,73.19673250826435,90.03929420305127,50.0,60.522697900235904,0.012048192771084338,0.9799196787148594,0.7710843373493976,0.9196787148594378,F,A+,B,A-,vicorcorp
FIBK,First Interstate Bancsystem Inc,Financials,Regional Banks,36.0,10.5796,2.2313,,1.0559352359721936,45.92,104.1652,9.55,0.3286886,7.779999999999999,0.5999999999999999,11.6129,45.92,83.28401599999997,11.6129,0.5999999999999999,9.55,0.3286886,7.779999999999999,77.10084033613447,89.54411683431643,28.15126050420168,56.43917380036126,50.0,60.509683337019574,0.8865546218487395,0.9915966386554622,0.2815126050420168,0.5882352941176471,B+,A+,D+,C+,firstinterstatebancsysteminc
FHI,Federated Hermes Inc,Financials,Asset Management & Custody Banks,57.52,10.4292,2.2086,7.868,3.6712472156091835,19.59,15.25,34.03,0.2751,26.419999999999998,0.5287244401168454,10.7562,19.59,15.25,10.7562,0.5287244401168454,34.03,0.2751,26.419999999999998,48.10924369747899,47.026740205771475,91.59663865546219,55.88048552754436,50.0,60.50791573489846,0.4579831932773109,0.4411764705882353,0.9159663865546218,0.5798319327731093,C,C,A-,C+,federatedhermesinc
FULT,Fulton Financial Corp,Financials,Regional Banks,22.65,10.8984,2.12687,,1.1673633051070211,21.65,55.27646,11.15,0.3345719,8.57,0.7010428736964076,21.5987,21.65,55.27646,21.5987,0.7010428736964076,11.15,0.3345719,8.57,71.42857142857143,58.344428213355044,39.49579831932773,79.84292782533574,50.0,60.36856364471295,0.7983193277310925,0.6470588235294118,0.3949579831932773,0.8109243697478992,B,B-,C-,B+,fultonfinancialcorp
SHC,Sotera Health Co,Health Care,Health Care Services,18.73,32.4688,4.3645,17.5689,8.788888367509736,579.33,8.15,26.75,0.32630000000000003,5.74,0.8343195266272189,16.6983,364.82049999999936,8.15,16.6983,0.8343195266272189,26.75,0.32630000000000003,5.74,48.25312729948491,71.10301800373978,71.52317880794702,55.82296882571475,50.0,60.32927389274889,0.5033112582781457,0.8013245033112583,0.7185430463576159,0.5496688741721855,C+,B+,B,C+,soterahealthco
VZ,Verizon Communications Inc,Communication Services,Integrated Telecommunication Services,45.99,12.3722,1.4405,7.6332,1.8566739738636502,-10.78,1.38,15.52,0.2059,6.11,0.5718585402558316,7.0397,-10.78,1.38,7.0397,0.5718585402558316,15.52,0.2059,6.11,74.0662438336857,40.43228585695725,59.09090909090909,69.53629615347538,50.0,60.28300463323522,0.8409090909090909,0.29545454545454547,0.5454545454545454,0.7272727272727273,B+,D+,C+,B,verizoncommunicationsinc
AMZN,Amazon.com Inc,Consumer Discretionary,Broadline Retail,246.67,19.6242,3.4225,16.1734,6.439410749667809,89.71,15.77,30.5,0.1208,24.19,0.5555921052631578,11.9984,89.71,15.77,11.9984,0.5555921052631578,30.5,0.1208,24.19,24.116279069767444,92.93956043956044,66.75314723590587,69.82417582417582,50.0,60.27010382916558,0.14285714285714285,0.9657142857142857,0.7142857142857143,0.7085714285714285,D,A,B,B,amazoncominc
BLKB,Blackbaud Inc,Information Technology,Application Software,41.43,12.646,1.6596,13.1647,22.749986272033386,71.88,0.63,204.42999999999998,0.1979,12.540000000000001,0.3512076224241082,-33.9878,71.88,0.63,-33.9878,0.3512076224241082,114.73149999999994,0.1979,12.540000000000001,86.38874937217479,40.49232547094302,76.85185185185185,31.730012243176226,50.0,60.254617848830506,0.9060773480662984,0.35911602209944754,0.8066298342541437,0.27071823204419887,A-,C-,B+,D+,blackbaudinc
RS,Reliance Inc,Materials,Steel,390.1,22.1671,1.2535,14.0291,2.814720533822825,25.54,15.44,12.33,0.0782,10.17,0.7514909385675411,37.8918,25.54,15.44,37.8918,0.7514909385675411,12.33,0.0782,10.17,50.490196078431374,63.4446351484891,52.94117647058824,83.44827586206895,50.0,60.23642533936652,0.5735294117647058,0.6911764705882353,0.5,0.8382352941176471,C+,B-,C,B+,relianceinc
AR,Antero Resources Corp,Energy,Oil & Gas Exploration & Production,33.57,9.7417,1.7221,5.7624,1.3715980731437256,153.24,25.76,13.86,0.2409,11.04,0.26846846846846845,0.6743,153.24,25.76,0.6743,0.26846846846846845,13.86,0.2409,11.04,68.65671641791046,84.23714759535655,62.6865671641791,27.475953565505804,50.0,60.17844112769486,0.8059701492537313,0.9402985074626866,0.6119402985074627,0.22388059701492538,B+,A,B-,D+,anteroresourcescorp
PRGS,Progress Software Corp,Information Technology,Systems Software,39.29,17.9907,1.596,10.0367,3.4772988760067265,60.3,15.5,18.16,0.17329999999999998,4.8,0.6569002123142251,-6.2113,60.3,15.5,-6.2113,0.6569002123142251,18.16,0.17329999999999998,4.8,85.16762933199396,60.55791589829369,52.40740740740741,43.345763571079175,50.0,60.17449507872492,0.8950276243093923,0.6243093922651933,0.5359116022099447,0.3701657458563536,B+,B-,C+,C-,progresssoftwarecorp
OXY,Occidental Petroleum Corp,Energy,Oil & Gas Exploration & Production,54.94,7.5869,2.5396,4.9771,1.5033643729460087,195.82,1.53,18.970000000000002,0.2614,12.770000000000001,0.563350785340314,18.1799,195.82,1.53,18.1799,0.563350785340314,18.970000000000002,0.2614,12.770000000000001,67.66169154228857,54.754635911352324,70.14925373134328,48.61691542288557,50.0,60.12704658525554,0.7910447761194029,0.6119402985074627,0.7238805970149254,0.417910447761194,B,B-,B,C,occidentalpetroleumcorp
STRL,Sterling Infrastructure Inc,Industrials,Construction & Engineering,497.55,35.3418,4.4349,23.9154,13.771409275599794,50.75,60.83,36.67,0.1752,29.43,0.29825982647152977,45.6724,50.75,36.967999999999954,45.6724,0.29825982647152977,36.67,0.1752,29.43,22.594869273010413,77.89823673752245,83.35573586864466,65.22235882304729,50.0,60.11177039752772,0.14859437751004015,0.8995983935742972,0.9116465863453815,0.6666666666666666,D,B+,A-,B-,sterlinginfrastructureinc
DLX,Deluxe Corp,Industrials,Commercial Printing,23.5,11.0763,0.5274,9.1577,1.5542328042328044,70.11,0.29,14.64,0.1188,4.760000000000001,0.4011180992313067,22.2108,70.11,0.29,22.2108,0.4011180992313067,14.64,0.1188,4.760000000000001,91.49851105100674,51.708619565762426,40.05709914487884,59.38946882148259,50.0,60.108520226420396,0.9718875502008032,0.4939759036144578,0.36947791164658633,0.570281124497992,A+,C,C-,C+,deluxecorp
AAPL,Apple Inc,Information Technology,"Technology Hardware, Storage & Peripherals",329.4,37.5908,10.3821,29.1225,65.99879783610498,32.61,14.24,137.17999999999998,0.3317,70.25,0.8436028257456829,32.4669,32.61,14.24,32.4669,0.8436028257456829,114.73149999999994,0.3317,61.4965,41.88640549137787,49.65617941618997,93.7037037037037,56.21862814695926,50.0,60.07248881140024,0.3867403314917127,0.4861878453038674,0.9723756906077348,0.5248618784530387,C-,C,A+,C+,appleinc
MYRG,MYR Group Inc,Industrials,Construction & Engineering,288.31,27.6514,1.1409,19.2944,6.776541709660057,120.06,16.06,24.169999999999998,0.056299999999999996,22.86,0.3132168780409987,43.9583,120.06,16.06,43.9583,0.3132168780409987,24.169999999999998,0.056299999999999996,22.86,49.96311777723137,73.77385430956859,59.547304865721394,64.67629702483403,50.0,60.06763592761872,0.5180722891566265,0.8514056224899599,0.6024096385542169,0.6546184738955824,C+,B+,B-,B-,myrgroupinc
FOXA,Fox Corp,Communication Services,Broadcasting,62.48,14.6612,1.4425,7.2184,2.254537581640385,-21.76,5.07,14.74,0.1953,9.34,0.5040998217468804,3.1235,-21.76,5.07,3.1235,0.5040998217468804,14.74,0.1953,9.34,72.19873150105708,48.443746071653045,60.98484848484848,59.9920177383592,50.0,59.98304775847884,0.8068181818181818,0.48863636363636365,0.6477272727272727,0.6136363636363636,B+,C,B-,B-,foxcorp
A,Agilent Technologies Inc,Health Care,Life Sciences Tools & Services,175.03,34.4252,6.7244,27.1012,7.349507877322046,18.74,8.6,20.47,0.2223,13.669999999999998,1.0,41.759,18.74,8.6,41.759,0.9833468244463852,20.47,0.2223,13.669999999999998,36.06622516556291,59.758776330752625,74.8344370860927,76.4880594019667,50.0,59.97453270945777,0.3443708609271523,0.6357615894039735,0.7814569536423841,0.8211920529801324,C-,B-,B,B+,agilenttechnologiesinc
CATY,Cathay General Bancorp,Financials,Regional Banks,59.86,11.7112,3.2522,,1.3750646069028887,23.41,54.98545,11.709999999999999,0.5396866,11.23,0.7391829828378053,25.0051,23.41,54.98545,25.0051,0.7391829828378053,11.709999999999999,0.5396866,11.23,59.87394957983193,59.28980876478688,43.69747899159664,85.61218880075394,50.0,59.87325665596531,0.6092436974789915,0.6638655462184874,0.4369747899159664,0.8697478991596639,B-,B-,C,B+,cathaygeneralbancorp
BR,Broadridge Financial Solutions Inc,Industrials,Data Processing & Outsourced Services,160.95,16.4039,2.4665,14.8043,6.465205585102109,35.62,8.53,40.239999999999995,0.174,18.65,0.2585248667766137,-30.9661,35.62,8.53,-30.9661,0.2585248667766137,40.239999999999995,0.174,18.65,60.81250170751031,69.1178145758891,80.02568095511297,29.10940906483075,50.0,59.854990393799795,0.6546184738955824,0.8072289156626506,0.8473895582329317,0.24899598393574296,B-,B+,B+,D+,broadridgefinancialsolutionsinc
CACC,Credit Acceptance Corp,Financials,Specialized Finance,537.1,11.3779,2.4512,10.9218,3.7649668120734097,28.75,2.58,32.35,0.4702,6.35,0.5064429127959246,19.9668,28.75,2.58,19.9668,0.5064429127959246,32.35,0.4702,6.35,42.016806722689076,37.838680570533526,89.91596638655463,71.28242601388382,50.0,59.8074145941944,0.3697478991596639,0.3067226890756303,0.8991596638655462,0.726890756302521,C-,C-,B+,B,creditacceptancecorp
FERG,Ferguson Enterprises Inc,Industrials,Trading Companies & Distributors,223.87,17.7078,1.3528,12.455,7.455374983348875,33.62,3.66,40.62,0.1058,23.61,0.1972777684422788,0.6287,33.62,3.66,0.6287,0.1972777684422788,40.62,0.1058,23.61,72.00229489386116,56.39586261706077,74.17698002895936,34.85700537502214,50.0,59.79539232912172,0.8192771084337349,0.5983935742971888,0.7911646586345381,0.3092369477911647,B+,C+,B,C-,fergusonenterprisesinc
NBIX,Neurocrine Biosciences Inc,Health Care,Biotechnology,138.35,19.7139,4.1223,16.2578,4.257119559364278,101.29,34.42,21.13,0.23559999999999998,21.13,0.2533604251328539,-1.0986,101.29,34.42,-1.0986,0.2533604251328539,21.13,0.23559999999999998,21.13,59.74834437086091,87.21658885687853,80.3532008830022,11.31463998872763,50.0,59.73163208258702,0.6291390728476821,0.9668874172185431,0.8509933774834437,0.0728476821192053,B-,A,B+,D-,neurocrinebiosciencesinc
ZBRA,Zebra Technologies Corp,Information Technology,Electronic Equipment & Instruments,376.69,31.4346,2.8978,19.6131,5.206568162656014,3.28,12.66,15.14,0.1467,8.86,0.9490330163479003,24.0518,3.28,12.66,24.0518,0.9490330163479003,15.14,0.1467,8.86,66.75770132261846,49.11592793502152,53.333333333333336,74.32843689703469,50.0,59.7116316303992,0.7348066298342542,0.47513812154696133,0.5524861878453039,0.7900552486187845,B,C,C+,B,zebratechnologiescorp
HOPE,Hope Bancorp Inc,Financials,Regional Banks,13.44,13.1016,1.95924,,0.7546322290847839,186.09,57.85491,5.74,0.3576271,5.48,0.7592824363788068,25.3676,185.31,57.85491,25.3676,0.7592824363788068,5.74,0.3576271,5.48,72.47899159663865,83.34717081084116,8.403361344537815,89.04264509542135,50.0,59.69855141654662,0.8235294117647058,0.9495798319327731,0.08403361344537816,0.9117647058823529,B+,A,D-,A-,hopebancorpinc
SAIC,Science Applications International Corp,Industrials,Diversified Support Services,127.97,14.4359,0.7411,10.4735,3.7537876676767117,3.48,-0.78,25.89,0.08,9.610000000000001,0.761438630222407,34.0534,3.48,-0.78,34.0534,0.761438630222407,25.89,0.08,9.610000000000001,85.17826407671502,21.42274753881897,52.882004207305414,79.40894064818333,50.0,59.68140470840557,0.9196787148594378,0.09236947791164658,0.5220883534136547,0.8232931726907631,A-,D-,C+,B+,scienceapplicationsinternationalcorp
AMKR,Amkor Technology Inc,Information Technology,Semiconductors,54.14,24.315,1.811,10.951,2.9945518404823144,81.73,17.93,12.370000000000001,0.0861,8.780000000000001,0.38033503277494535,83.1898,81.73,17.93,83.1898,0.38033503277494535,12.370000000000001,0.0861,8.780000000000001,79.80600200904068,63.2879009382201,43.51851851851851,55.7985510324998,50.0,59.648420526033775,0.8397790055248618,0.6629834254143646,0.4088397790055249,0.5138121546961326,B+,B-,C,C+,amkortechnologyinc
WSM,Williams-Sonoma Inc,Consumer Discretionary,Homefurnishing Retail,233.05,22.8024,3.3586,14.6217,13.291016516105483,11.05,2.24,57.79,0.19210000000000002,57.79,0.7556500335645561,14.7405,11.05,2.24,14.7405,0.7556500335645561,57.79,0.19210000000000002,41.3595,24.343300110741975,48.27922077922078,87.20087575259988,85.45454545454544,50.0,59.63279721258871,0.14857142857142858,0.4514285714285714,0.9657142857142857,0.84,D,C,A,B+,williamssonomainc
PR,Permian Resources Corp,Energy,Oil & Gas Exploration & Production,21.25,14.366,3.0919,5.3199,1.7286541715475725,-1.68,12.81,11.32,0.3132,8.62,0.7331965957045524,55.7018,-1.68,12.81,55.7018,0.7331965957045524,11.32,0.3132,8.62,56.21890547263681,44.522840343735865,58.208955223880594,85.60530679933666,50.0,59.63259460274386,0.6119402985074627,0.40298507462686567,0.5223880597014925,0.8955223880597015,B-,C,C+,B+,permianresourcescorp
MO,Altria Group Inc,Consumer Staples,Tobacco,68.72,14.3529,4.8785,12.336,44.98559832416863,-8.27,-0.58,149.65,0.4678,14.12,0.6270125223613594,5.2047,-8.27,-0.58,5.2047,0.6270125223613594,137.46399999999994,0.34928499999999985,14.12,47.142857142857146,37.123745819397996,88.57142857142856,66.33540372670807,50.0,59.62040133779264,0.5,0.2857142857142857,0.9857142857142858,0.6428571428571429,C,D+,A+,B-,altriagroupinc
CARG,CarGurus Inc,Communication Services,Interactive Media & Services,31.16,15.553,2.9038,8.9543,7.9010091789644505,50.61,2.53,56.25,0.2939,56.25,0.3216474824509942,-17.84,50.61,2.53,-17.84,0.3216474824509942,56.25,0.2939,44.84,55.073995771670184,53.733903453229836,92.04545454545455,35.44061909495046,50.0,59.61476708891724,0.6136363636363636,0.5909090909090909,0.9772727272727273,0.3181818181818182,B-,C+,A+,C-,cargurusinc
SANM,Sanmina Corp,Information Technology,Electronic Manufacturing Services,223.03,38.8777,0.9386,21.7881,5.059974181721657,19.62,58.56,12.57,0.0415,7.41,0.6294310228042447,92.849,19.62,54.72500000000002,92.849,0.6294310228042447,12.57,0.0415,7.41,69.46258161727775,74.42514031477911,35.55555555555555,67.15143324529417,50.0,59.569849005222984,0.7734806629834254,0.8342541436464088,0.3011049723756906,0.6906077348066298,B,B+,C-,B-,sanminacorp
GDDY,GoDaddy Inc,Information Technology,Internet Services & Infrastructure,94.06,12.8359,2.2892,10.511,58.92007015785517,20.13,7.41,660.9499999999999,0.2484,23.24,0.3169252468265162,-33.727,20.13,7.41,-33.727,0.3169252468265162,114.73149999999994,0.2484,23.24,84.78360957642725,43.069070379887805,86.01851851851852,16.13713148791392,50.0,59.54177239729678,0.8839779005524862,0.40331491712707185,0.8950276243093923,0.09392265193370165,B+,C,B+,D-,godaddyinc
EXLS,Exlservice Holdings Inc,Industrials,Data Processing & Outsourced Services,34.58,20.7983,2.324,13.8638,5.926713056593425,10.07,13.63,28.49,0.149,20.14,0.49974319465844874,-20.9143,10.07,13.63,-20.9143,0.49974319465844874,28.49,0.149,20.14,57.75100401606426,61.528853609598954,74.36384995765376,45.21367101057291,50.0,59.37721841746387,0.6184738955823293,0.7068273092369478,0.7951807228915663,0.40160642570281124,B-,B,B,C,exlserviceholdingsinc
IQV,IQVIA Holdings Inc,Health Care,Life Sciences Tools & Services,268.99,32.1587,2.6037,17.2611,7.015324751194475,16.8,8.17,21.95,0.1292,6.279999999999999,0.9315703824247358,50.9078,16.8,8.17,50.9078,0.9315703824247358,21.95,0.1292,6.279999999999999,56.20603384841795,55.09771820681546,58.94039735099338,72.81557294802327,50.0,59.36926603082058,0.5894039735099338,0.5761589403973509,0.5761589403973509,0.7152317880794702,C+,C+,C+,B,iqviaholdingsinc
CART,Maplebear Inc,Consumer Staples,Food Retail,43.49,20.9749,2.5214,15.214,4.206850520898829,6.57,12.61,16.72,0.14730000000000001,16.72,0.5393483709273185,2.4102,6.57,12.61,2.4102,0.5393483709273185,16.72,0.14730000000000001,16.72,39.523809523809526,72.29501267962806,68.57142857142857,64.23280423280423,50.0,59.32937290629599,0.35,0.8571428571428571,0.7214285714285714,0.5857142857142857,C-,B+,B,C+,maplebearinc
NTNX,Nutanix Inc,Information Technology,Systems Software,70.09,12.379,6.5368,70.0895,27.019004664430824,705.43,12.44,180.70999999999998,0.096,61.809999999999995,0.8118811881188119,-10.9527,703.5419999999999,12.44,-10.9527,0.8118811881188119,114.73149999999994,0.096,61.4965,48.02339695295496,66.37895883463241,78.51851851851852,47.018884795359384,50.0,59.31504759386673,0.4861878453038674,0.7016574585635359,0.8342541436464088,0.4088397790055249,C,B,B+,C,nutanixinc
DRI,Darden Restaurants Inc,Consumer Discretionary,Restaurants,195.11,19.011,1.6816,11.66,10.084715538762916,9.83,8.1,55.900000000000006,0.11689999999999999,20.06,0.42970582184735684,4.731,9.83,8.1,4.731,0.42970582184735684,55.900000000000006,0.11689999999999999,20.06,43.52048726467331,60.570436507936506,70.39518336070061,68.26984126984127,50.0,59.24697321189904,0.42857142857142855,0.6571428571428571,0.7542857142857143,0.6857142857142857,C,B-,B,B-,dardenrestaurantsinc
MNST,Monster Beverage Corp,Consumer Staples,Soft Drinks & Non-alcoholic Beverages,41.74,38.294,8.838,28.2291,4.946200881641939,34.59,20.37,24.959999999999997,0.2916,24.959999999999997,0.5306236080178174,28.1298,34.59,20.37,28.1298,0.5306236080178174,24.959999999999997,0.2916,24.959999999999997,8.571428571428571,81.9662480376766,84.76190476190477,72.55102040816327,50.0,59.236787022501304,0.02142857142857143,0.9285714285714286,0.8857142857142857,0.7142857142857143,F,A-,B+,B,monsterbeveragecorp
NATL,NCR Atleos Corp,Financials,Transaction & Payment Processing Services,45.44,17.132,0.7599,7.5513,8.31001627622026,39.26,3.49,49.220000000000006,0.10859999999999999,6.12,0.7985516787360104,17.8213,39.26,3.49,17.8213,0.7985516787360104,44.400499999999866,0.10859999999999999,6.12,19.53781512605042,41.83824242837118,97.68907563025209,82.77777777777777,50.0,59.22992673030542,0.14285714285714285,0.35294117647058826,0.976890756302521,0.8445378151260504,D,C-,A+,B+,ncratleoscorp
LECO,Lincoln Electric Holdings Inc,Industrials,Industrial Machinery & Supplies & Components,270.81,26.4538,3.2679,17.8733,10.105378639182645,12.44,9.32,37.21,0.17129999999999998,20.23,0.5821070590744295,14.5573,12.44,9.32,14.5573,0.5821070590744295,37.21,0.17129999999999998,20.23,38.878234024533505,58.55974222177456,79.62407452941015,64.29267945896672,50.0,59.19606147463417,0.3493975903614458,0.6666666666666666,0.8433734939759037,0.6385542168674698,C-,B-,B+,B-,lincolnelectricholdingsinc
WCC,Wesco International Inc,Industrials,Trading Companies & Distributors,365.0,25.5766,0.715,14.968,3.5297485271761624,6.03,12.51,13.84,0.053399999999999996,6.4399999999999995,0.8855494356385188,70.5819,6.03,12.51,70.09187999999996,0.8519822669338312,13.84,0.053399999999999996,6.4399999999999995,64.14392262929267,53.27677112994132,31.591399612053653,97.78500440207175,50.0,59.1461856667392,0.7188755020080321,0.5341365461847389,0.2570281124497992,0.9919678714859438,B,C+,D+,A+,wescointernationalinc
TWLO,Twilio Inc,Information Technology,Systems Software,296.07,38.7861,7.9958,137.535,5.769242011196698,5800.25,17.82,14.149999999999999,0.052000000000000005,12.61,0.9579273908196403,180.4182,703.5419999999999,17.82,180.4182,0.9498237803746986,14.149999999999999,0.052000000000000005,12.61,30.470450359953123,79.23221045192898,47.22222222222222,94.32872507288386,50.0,59.13535525050641,0.281767955801105,0.8895027624309392,0.4585635359116022,0.9834254143646409,D+,B+,C,A+,twilioinc
FSLR,First Solar Inc,Information Technology,Semiconductors,176.93,10.6441,3.4557,7.1198,1.9905988560216374,38.7,23.82,18.02,0.33649999999999997,17.2,0.0408258408258408,-21.3844,38.7,23.82,-21.3844,0.04789217092056213,18.02,0.33649999999999997,17.2,85.2251799765612,62.05636692502203,74.07407407407408,9.39548485217106,50.0,59.11518386809744,0.9005524861878453,0.6353591160220995,0.7569060773480663,0.049723756906077346,A-,B-,B,F,firstsolarinc
LUV,Southwest Airlines Co,Industrials,Passenger Airlines,42.08,24.7351,0.6885,12.396,2.7184164965502986,141.54,9.46,11.27,0.0346,6.69,0.49593810444874264,29.9723,141.54,9.46,29.9723,0.49593810444874264,11.27,0.0346,6.69,72.27658935059968,77.15997001711287,26.601098270633553,69.81807805674701,50.0,59.11503152008029,0.8273092369477911,0.891566265060241,0.20080321285140562,0.7309236947791165,B+,B+,D+,B,southwestairlinesco
ADSK,Autodesk Inc,Information Technology,Application Software,203.18,25.9716,5.4744,20.0886,14.145872786008688,59.92,17.94,52.5,0.262,28.02,0.12565742714996453,-35.8306,59.92,17.94,-35.8306,0.12565742714996453,52.5,0.262,28.02,59.73338355935041,68.52407038446731,84.07407407407408,22.040011522989396,50.0,59.064680789847465,0.6464088397790055,0.7182320441988951,0.8674033149171271,0.15469613259668508,B-,B,B+,D,autodeskinc
CTSH,Cognizant Technology Solutions Corp,Information Technology,IT Consulting & Other Services,56.84,11.4518,1.1747,6.4944,1.813274804923022,-5.4,5.64,14.940000000000001,0.1588,14.149999999999999,0.39559559559559565,-15.2732,-5.4,5.64,-15.2732,0.39559559559559565,14.940000000000001,0.1588,14.149999999999999,94.44374686087394,34.001830620772864,61.48148148148149,41.31521726404923,50.0,59.04471666255328,0.9834254143646409,0.2541436464088398,0.6519337016574586,0.3425414364640884,A+,D+,B-,C-,cognizanttechnologysolutionscorp
NWN,Northwest Natural Holding Co,Utilities,Gas Utilities,47.02,15.7193,1.5319,9.8036,1.3248951805599387,18.85,4.41,8.34,0.2285,3.09,0.273684210526316,4.8152,18.85,4.41,4.8152,0.273684210526316,8.34,0.2285,3.09,85.0574712643678,55.68037215512026,31.034482758620687,69.41736028537454,50.0,59.04253499384609,0.896551724137931,0.5862068965517241,0.20689655172413793,0.6896551724137931,B+,C+,D+,B-,northwestnaturalholdingco
JNJ,Johnson & Johnson,Health Care,Pharmaceuticals,267.57,30.6074,6.5751,20.7892,7.901171134458992,-7.75,8.06,25.740000000000002,0.25730000000000003,16.04,0.8698795180722891,51.3271,-7.75,8.06,51.3271,0.8698795180722891,25.740000000000002,0.25730000000000003,16.04,43.82045621780721,40.94605611924711,80.5739514348786,73.66394578777144,50.0,59.02060229457516,0.45695364238410596,0.3708609271523179,0.8675496688741722,0.7417218543046358,C,C-,B+,B,johnsonjohnson
DAN,Dana Inc,Consumer Discretionary,Automotive Parts & Equipment,27.37,2.6122,0.3801,18.783,3.6586017912043847,,-15.78,76.79,0.0265,30.049999999999997,0.4413382218148488,35.3293,,-10.757999999999997,35.3293,0.4413382218148488,76.79,0.0265,30.049999999999997,66.93023255813954,27.455357142857142,60.0,83.83928571428572,50.0,58.99148671096346,0.7142857142857143,0.15428571428571428,0.5828571428571429,0.8228571428571428,B,D,C+,B+,danainc
QLYS,Qualys Inc,Information Technology,Systems Software,178.6,29.1156,8.5545,22.8688,11.371884829421727,15.01,10.35,37.169999999999995,0.3408,37.169999999999995,0.819412737148705,27.1989,15.01,10.35,27.1989,0.819412737148705,37.169999999999995,0.3408,37.169999999999995,50.094173782019084,36.439623880003566,85.92592592592592,63.35732397277506,50.0,58.96441449754198,0.5303867403314917,0.30386740331491713,0.8895027624309392,0.6077348066298343,C+,C-,B+,B-,qualysinc
LEA,Lear Corp,Consumer Discretionary,Automotive Parts & Equipment,119.32,10.6412,0.2496,8.6587,1.2002080145972331,25.31,3.54,10.9,0.0365,7.08,0.4288082519801065,18.5331,25.31,3.54,18.5331,0.4288082519801065,10.9,0.0365,7.08,83.27906976744185,58.854166666666664,26.223316912972084,73.875,50.0,58.92143000343682,0.92,0.6057142857142858,0.2057142857142857,0.7257142857142858,A-,B-,D+,B,learcorp
SKYW,SkyWest Inc,Industrials,Passenger Airlines,99.23,9.608,0.9398,5.8964,1.4405774504551982,2.47,9.1,15.02,0.14029999999999998,8.04,0.5357770524730104,-1.0609,2.47,9.1,-1.0609,0.5357770524730104,15.02,0.14029999999999998,8.04,90.75868098243313,45.19892734178448,49.89153894489524,48.57998888979955,50.0,58.918338228148905,0.9678714859437751,0.3855421686746988,0.4859437751004016,0.44176706827309237,A,C-,C,C,skywestinc
RGLD,Royal Gold Inc,Materials,Gold,241.69,27.4956,13.1156,16.3999,2.8534795118305643,34.26,93.51,11.55,0.6142,10.459999999999999,0.5300283904782703,22.1697,34.26,46.40449999999998,22.1697,0.5300283904782703,11.55,0.44605999999999996,10.459999999999999,27.941176470588232,75.70332480818414,74.26470588235294,65.98465473145781,50.0,58.88906649616368,0.16911764705882354,0.8529411764705882,0.7941176470588235,0.7058823529411765,D,B+,B,B,royalgoldinc
CASY,Caseys General Stores Inc,Consumer Staples,Food Retail,599.9,28.5407,1.1812,15.416,5.602301061813019,33.36,13.78,19.68,0.0588,12.139999999999999,0.23815829209933323,10.7207,33.36,13.78,10.7207,0.23815829209933323,19.68,0.0588,12.139999999999999,42.38095238095238,86.74352712814252,56.19047619047618,59.25925925925925,50.0,58.843414420337496,0.38571428571428573,0.9428571428571428,0.5928571428571429,0.5571428571428572,C-,A,C+,C+,caseysgeneralstoresinc
SYF,Synchrony Financial,Financials,Consumer Finance,71.81,6.6147,0.73096,,1.4862263799490862,18.3,20.4839,20.94,0.1839285,10.85,0.3398209420007787,-4.0515,18.3,20.4839,-4.0515,0.3398209420007787,20.94,0.1839285,10.85,75.0,42.18794601159018,76.47058823529412,37.682709447415334,50.0,58.841778150624634,0.8550420168067226,0.35714285714285715,0.7647058823529411,0.38235294117647056,B+,C-,B,C-,synchronyfinancial
ENS,EnerSys,Industrials,Electrical Components & Equipment,182.1,18.5467,1.7234,11.5798,3.4849206850423986,6.65,3.73,18.48,0.1295,11.58,0.5406882292128193,59.4231,6.65,3.73,59.4231,0.5406882292128193,18.48,0.1295,11.58,70.69857661940279,30.665725749759368,58.33784116056061,77.0633320453827,50.0,58.80491600401926,0.8152610441767069,0.18072289156626506,0.5903614457831325,0.7751004016064257,B+,D,C+,B,enersys
ACAD,ACADIA Pharmaceuticals Inc,Health Care,Pharmaceuticals,20.22,9.1432,3.0553,35.358,2.805683521118943,96.46,47.0,32.39,0.0759,32.39,0.047027506654835634,-2.4988,96.46,47.0,-2.4988,0.06823187690436645,32.39,0.0759,29.675,57.89698307579102,86.24675924168068,73.39955849889624,18.650854766671802,50.0,58.803658195342315,0.609271523178808,0.9470198675496688,0.7649006622516556,0.13245033112582782,B-,A,B,D,acadiapharmaceuticalsinc
ANET,Arista Networks Inc,Information Technology,Communications Equipment,202.86,63.9,24.519,55.2116,20.604964855970422,24.69,32.57,30.78,0.4314,30.78,0.8801434691640931,43.8035,24.69,32.57,43.8035,0.8801434691640931,30.78,0.4314,30.78,18.60978570232714,70.47290565006845,86.2962962962963,67.38615752483284,50.0,58.798333134636124,0.1270718232044199,0.7513812154696132,0.9005524861878453,0.7016574585635359,D,B,A-,B,aristanetworksinc
PNW,Pinnacle West Capital Corp,Utilities,Multi-Utilities,93.42,17.3624,2.001,10.8346,1.6029100143270163,7.43,5.69,9.04,0.2052,3.5700000000000003,0.29742574257425763,5.2559,7.43,5.69,5.2559,0.29742574257425763,9.04,0.2052,3.5700000000000003,74.13793103448275,56.086394924870426,35.05747126436781,76.27213420316869,50.0,58.770556400320466,0.8275862068965517,0.603448275862069,0.29310344827586204,0.7758620689655172,B+,B-,D+,B,pinnaclewestcapitalcorp
CPAY,Corpay Inc,Financials,Transaction & Payment Processing Services,392.7,22.8054,5.182,12.7172,6.912150388115395,12.37,20.36,30.4,0.4361,8.43,0.8009391822242584,33.5457,12.37,20.36,33.5457,0.8009391822242584,30.4,0.4361,8.43,13.445378151260506,46.898424258939286,88.23529411764706,94.81792717086834,50.0,58.76343835318842,0.07983193277310924,0.4369747899159664,0.8823529411764706,0.9537815126050421,D-,C,B+,A,corpayinc
DECK,Deckers Outdoor Corp,Consumer Discretionary,Footwear,77.68,10.4333,1.9156,6.7714,4.35001735975002,8.23,7.85,41.099999999999994,0.2267,41.099999999999994,0.007011686143572885,-25.9147,8.23,7.85,-25.9147,0.008183654341431371,41.099999999999994,0.2267,41.099999999999994,66.97785160575859,57.80505952380953,85.27312534209085,20.476190476190474,50.0,58.71899423696236,0.72,0.5942857142857143,0.9485714285714286,0.15428571428571428,B,C+,A,D,deckersoutdoorcorp
YUM,Yum! Brands Inc,Consumer Discretionary,Restaurants,137.84,17.2694,4.3901,16.9743,63.55002305209774,57.23,10.28,117.63999999999999,0.3099,26.46,0.09977703455964361,-9.4434,57.23,10.28,-9.4434,0.09977703455964361,117.63999999999999,0.2860499999999996,26.46,24.09966777408638,80.45634920634922,91.19211822660098,44.01587301587301,50.0,58.71739094461629,0.13714285714285715,0.8857142857142857,0.9885714285714285,0.4342857142857143,D,B+,A+,C,yumbrandsinc
DINO,HF Sinclair Corp,Energy,Oil & Gas Refining & Marketing,105.59,9.8027,0.7829,5.5224,2.090046792978678,-40.03,-10.74,19.86,0.0849,15.32,0.8238855255916345,99.3804,-40.03,-10.74,99.3804,0.8238855255916345,19.86,0.0849,15.32,79.60199004975124,15.305973326216934,59.20398009950248,79.75295934122491,50.0,58.7132790708018,0.9253731343283582,0.07462686567164178,0.5522388059701493,0.8059701492537313,A-,D-,C+,B+,hfsinclaircorp
EBAY,eBay Inc,Consumer Discretionary,Broadline Retail,105.21,21.0624,3.8975,20.5974,10.236028953922789,6.66,14.69,48.28,0.2052,19.580000000000002,0.6584302325581394,17.7529,6.66,14.69,17.7529,0.6584302325581394,48.28,0.2052,19.580000000000002,18.16168327796235,64.83516483516483,79.34099616858238,81.64835164835165,50.0,58.67237315833948,0.10857142857142857,0.72,0.8685714285714285,0.8114285714285714,D,B,B+,B+,ebayinc
BKNG,Booking Holdings Inc,Consumer Discretionary,"Hotels, Resorts & Cruise Lines",162.34,16.9412,4.3245,12.6936,55.23647499149371,57.21,12.85,139.63,0.3287,29.37,0.16297087897408516,-26.1581,57.21,12.85,-26.1581,0.16297087897408516,139.63,0.2860499999999996,29.37,31.83831672203765,87.71825396825398,92.91625615763547,24.460317460317462,50.0,58.62435750563257,0.26857142857142857,0.9314285714285714,0.9942857142857143,0.22285714285714286,D+,A,A+,D+,bookingholdingsinc
BKE,Buckle Inc,Consumer Discretionary,Apparel Retail,43.23,9.8832,1.6429,6.3152,5.207931765612952,8.7,6.22,46.910000000000004,0.2084,46.910000000000004,0.1836240310077519,-27.9645,8.7,6.22,-27.9645,0.1836240310077519,46.910000000000004,0.2084,41.3595,71.7530454042082,44.18452380952381,87.95840175150518,24.247619047619047,50.0,58.61429036035691,0.7942857142857143,0.38285714285714284,0.9771428571428571,0.21142857142857144,B,C-,A+,D+,buckleinc
CSCO,Cisco Systems Inc,Information Technology,Communications Equipment,106.94,31.7796,6.658,27.262,8.391860820980437,30.78,11.77,27.389999999999997,0.2427,16.97,0.6314156423666836,58.792,30.78,11.77,58.792,0.6314156423666836,27.389999999999997,0.2427,16.97,48.915955131424745,53.3689548253637,73.98148148148148,60.89946494354401,50.0,58.5780431070081,0.5082872928176796,0.5469613259668509,0.7513812154696132,0.5966850828729282,C+,C+,B,C+,ciscosystemsinc
LDOS,Leidos Holdings Inc,Industrials,Diversified Support Services,123.1,11.2487,0.8777,8.4749,3.164654587335211,85.67,3.41,27.35,0.11380000000000001,13.170000000000002,0.2267327658778411,-33.8291,85.67,3.41,-33.8291,0.2267327658778411,27.35,0.11380000000000001,13.170000000000002,87.63161489495398,60.500420991492426,63.54069338578805,18.361038464308688,50.0,58.56536896134573,0.9357429718875502,0.6947791164658634,0.6666666666666666,0.13654618473895583,A,B-,B-,D,leidosholdingsinc
ADI,Analog Devices Inc,Information Technology,Semiconductors,398.22,46.8733,13.9623,35.3133,5.7662484343438,114.38,33.65,12.26,0.3555,9.73,0.7856051069951447,59.731,114.38,33.65,59.731,0.7856051069951447,12.26,0.3555,9.73,32.24719571404654,81.22879119221778,62.59259259259259,68.0354816083043,50.0,58.5628016367642,0.3149171270718232,0.9060773480662984,0.6685082872928176,0.7237569060773481,C-,A-,B-,B,analogdevicesinc
NSIT,Insight Enterprises Inc,Industrials,Technology Distributors,155.64,21.6701,0.5316,11.2805,2.9257673935969226,63.02,2.68,13.08,0.045599999999999995,6.94,0.8773811669112309,38.2992,63.02,2.68,38.2992,0.8519822669338312,13.08,0.045599999999999995,6.94,80.08250689834166,50.37986236965829,30.79911482665355,78.5826688678914,50.0,58.51291167875874,0.8755020080321285,0.46586345381526106,0.25301204819277107,0.8072289156626506,B+,C,D+,B+,insightenterprisesinc
CRS,Carpenter Technology Corp,Industrials,Industrial Machinery & Supplies & Components,391.74,36.3944,6.1717,23.4987,8.723691858199366,41.87,8.59,25.869999999999997,0.21960000000000002,19.34,0.4027485626139391,53.5978,41.87,8.59,53.5978,0.4027485626139391,25.869999999999997,0.21960000000000002,19.34,18.317624238450403,68.6529741712121,81.01794934841406,74.72666762434126,50.0,58.509821755826785,0.10040160642570281,0.7991967871485943,0.8674698795180723,0.7630522088353414,D,B,B+,B,carpentertechnologycorp
TOL,Toll Brothers Inc,Consumer Discretionary,Homebuilding,136.25,10.5043,1.17,9.1337,1.5616761799967909,-8.47,-1.08,14.23,0.1384,10.71,0.2897589028975889,-0.5174,-8.47,-1.08,-0.5174,0.2897589028975889,14.23,0.1384,10.71,67.44629014396456,50.341836734693885,51.40667761357417,68.63673469387756,50.0,58.50895622509897,0.7257142857142858,0.4742857142857143,0.4685714285714286,0.6914285714285714,B,C,C,B-,tollbrothersinc
KFY,Korn Ferry,Industrials,Human Resource & Employment Services,71.98,13.9944,1.3104,7.273,1.832699348701732,12.84,6.94,14.14,0.1288,11.76,0.45623249299719887,1.3214,12.84,6.94,1.3214,0.45623249299719887,14.14,0.1288,11.76,85.11870611698494,49.806474313863475,52.76179548124471,45.33438468864904,50.0,58.498297200059916,0.9156626506024096,0.4457831325301205,0.5180722891566265,0.40562248995983935,A-,C,C+,C,kornferry
TTC,Toro Co,Industrials,Agricultural & Farm Machinery,97.51,25.3283,1.936,16.6391,6.56787795103223,13.31,5.15,26.06,0.10310000000000001,15.22,0.7954727030625834,27.0716,13.31,5.15,27.0716,0.7954727030625834,26.06,0.10310000000000001,15.22,49.21891648225556,49.37258687258687,63.03144550993088,77.64575308034861,50.0,58.466258488633706,0.4939759036144578,0.44176706827309237,0.6586345381526104,0.7831325301204819,C,C,B-,B,toroco
XPEL,Xpel Inc,Consumer Discretionary,Automotive Parts & Equipment,43.97,21.3558,2.3006,15.6339,4.330483769303497,12.87,13.19,19.15,0.13470000000000001,18.43,0.5034310667498441,32.7975,12.87,13.19,32.7975,0.5034310667498441,19.15,0.13470000000000001,18.43,27.17718715393134,73.48214285714286,60.61193212917351,83.92857142857143,50.0,58.42942267791908,0.18857142857142858,0.8114285714285714,0.6057142857142858,0.8285714285714286,D,B+,B-,B+,xpelinc
GWW,WW Grainger Inc,Industrials,Industrial Machinery & Supplies & Components,1248.67,31.5565,3.1314,20.263,15.848620272556618,-0.69,7.8,48.699999999999996,0.1457,29.880000000000003,0.6664524046046866,30.8378,-0.69,7.8,30.8378,0.6664524046046866,48.699999999999996,0.1457,29.789999999999996,32.14326694533235,43.07567322290434,82.94183536868563,80.20005411155265,50.0,58.4264210453959,0.25301204819277107,0.321285140562249,0.9036144578313253,0.8273092369477911,D+,C-,A-,B+,wwgraingerinc
ULS,UL Solutions Inc,Industrials,Research & Consulting Services,64.13,25.9069,4.1586,14.3889,10.215362069514798,53.35,6.61,37.62,0.2394,28.599999999999998,0.02163624070317768,-6.682,53.35,6.61,-6.682,0.02163624070317768,37.62,0.2394,28.599999999999998,43.14619020298883,62.99190346809394,90.25653634947956,36.88653328354992,50.0,58.32636898844587,0.3855421686746988,0.7269076305220884,0.9718875502008032,0.3373493975903614,C-,B,A+,C-,ulsolutionsinc
MTCH,Match Group Inc,Communication Services,Interactive Media & Services,40.13,12.8498,2.5916,10.9242,,41.02,1.7,17.73,0.2815,5.48,0.7020155038759691,9.0232,41.02,1.7,9.0232,0.7020155038759691,17.73,0.2815,5.48,54.98590556730091,48.45687565214429,59.84848484848485,74.47653271875308,50.0,58.29527927812591,0.5909090909090909,0.5227272727272727,0.5795454545454546,0.75,C+,C+,C+,B,matchgroupinc
ANIP,ANI Pharmaceuticals Inc,Health Care,Pharmaceuticals,72.62,15.6939,1.7374,8.2575,3.0220683398599246,,30.9,19.64,0.1537,9.28,0.11086797957695135,-19.5809,,30.9,-19.5809,0.11086797957695135,19.64,0.1537,9.28,82.98749080206034,69.2014477129216,63.90728476821192,13.491452333281998,50.0,58.26227390180879,0.9205298013245033,0.7814569536423841,0.6490066225165563,0.09933774834437085,A-,B,B-,D-,anipharmaceuticalsinc
PLAB,Photronics Inc,Information Technology,Semiconductor Materials & Equipment,31.27,11.0139,2.0976,4.6532,1.5356208042979704,60.21,1.25,13.459999999999999,0.22460000000000002,13.44,0.31210013908205836,31.3523,60.21,1.25,31.3523,0.31210013908205836,13.459999999999999,0.22460000000000002,13.44,91.50761761258998,44.34583933629413,63.24074074074074,28.42111219590382,50.0,58.24047989477227,0.9558011049723757,0.4088397790055249,0.6740331491712708,0.2154696132596685,A,C,B-,D+,photronicsinc
JPM,JPMorgan Chase & Co,Financials,Diversified Banks,334.98,13.6809,2.89596,,2.4920065048972715,19.48,108.9793,17.810000000000002,0.4122809,4.43,0.6393592677345539,6.4956,19.48,83.28401599999997,6.4956,0.6393592677345539,17.810000000000002,0.4122809,4.43,38.23529411764706,70.75071513555062,68.0672268907563,62.15997510115157,50.0,58.15776829944129,0.3277310924369748,0.8487394957983193,0.680672268907563,0.634453781512605,C-,B+,B-,B-,jpmorganchaseco
UNP,Union Pacific Corp,Industrials,Rail Transportation,275.05,22.1542,6.3908,15.0665,8.835897419423233,7.27,4.17,38.65,0.4003,14.63,0.5924746167628907,16.5391,7.27,4.17,16.5391,0.5924746167628907,38.65,0.28918,14.63,41.51135152856323,43.35515639863466,84.91107286288009,64.3655010458872,50.0,58.1497375867652,0.3815261044176707,0.3413654618473896,0.9437751004016064,0.6465863453815262,C-,C-,A,B-,unionpacificcorp
NX,Quanex Building Products Corp,Industrials,Building Products,19.13,19.7485,0.4807,7.1399,1.2032278962695533,,1.26,6.1899999999999995,0.0596,3.18,0.6582587469487389,40.4348,,1.26,40.4348,0.6582587469487389,6.1899999999999995,0.0596,3.18,87.53053028440291,43.75,19.741551238969482,87.88320629456602,50.0,58.14466163975631,0.9317269076305221,0.3534136546184739,0.13654618473895583,0.8995983935742972,A,C-,D,B+,quanexbuildingproductscorp
VRSN,"VeriSign, Inc",Information Technology,Internet Services & Infrastructure,283.27,29.6604,14.7616,22.5167,72.4939219449776,9.82,6.86,113.55,0.6786,62.99,0.7181046130090712,-0.8262,9.82,6.86,-0.8262,0.7181046130090712,113.55,0.4317149999999999,61.4965,45.50581784697807,34.04819704589707,96.48148148148148,54.16309145343992,50.0,58.13908253198229,0.430939226519337,0.2596685082872928,1.0,0.49171270718232046,C,D+,A+,C,verisigninc
SCHL,Scholastic Corp,Consumer Discretionary,Publishing,35.28,11.2957,0.4049,8.3522,0.8787114225012889,-1.97,-2.68,6.61,0.96,5.37,0.4204802899864069,21.8433,-1.97,-2.68,21.8433,0.4204802899864069,6.61,0.2860499999999996,5.37,79.6733111849391,28.671428571428567,48.85495347564313,76.27428571428571,50.0,58.12120902228841,0.9085714285714286,0.17714285714285713,0.44,0.76,A-,D,C,B,scholasticcorp
KTB,Kontoor Brands Inc,Consumer Discretionary,"Apparel, Accessories & Luxury Goods",64.29,13.0738,1.1415,10.9776,6.287038666901368,7.16,15.78,45.96,0.1191,15.079999999999998,0.24717729630759872,-19.3616,7.16,15.78,-19.3616,0.24717729630759872,45.96,0.1191,15.079999999999998,58.397563676633446,72.86453201970443,65.03010399562123,38.32380952380952,50.0,58.094585226766455,0.6285714285714286,0.8057142857142857,0.6742857142857143,0.37142857142857144,B-,B+,B-,C-,kontoorbrandsinc
PAYX,Paychex Inc,Industrials,Human Resource & Employment Services,99.31,19.3394,5.29,12.8292,9.454763559507603,12.94,13.97,47.11,0.39189999999999997,21.02,0.30889235569422785,-22.5489,12.94,13.97,-22.5489,0.30889235569422785,47.11,0.28918,21.02,50.829167008168724,67.5932929627511,91.57773952954676,19.710142469950178,50.0,58.062413720969126,0.5341365461847389,0.7831325301204819,0.9839357429718876,0.1566265060240964,C+,B,A+,D,paychexinc
TTMI,TTM Technologies Inc,Information Technology,Electronic Manufacturing Services,121.47,57.0822,3.9369,38.4001,7.1258029507523535,145.74,28.41,13.089999999999998,0.1007,8.59,0.39954244148530527,122.6425,145.74,28.41,122.6425,0.39954244148530527,13.089999999999998,0.1007,8.59,42.89197220827055,88.20372844107857,45.833333333333336,66.02170260986892,50.0,58.02641259559047,0.4088397790055249,0.9558011049723757,0.4419889502762431,0.6629834254143646,C,A,C,B-,ttmtechnologiesinc
PSMT,PriceSmart Inc,Consumer Staples,Consumer Staples Merchandise Retail,171.7,33.3893,0.9416,15.1026,4.232149547453315,9.76,10.18,12.16,0.0452,10.67,0.6808076225045371,43.0213,9.76,10.18,43.0213,0.6808076225045371,12.16,0.0452,10.67,43.333333333333336,72.60887260887262,41.42857142857142,86.56084656084656,50.0,58.024420024420024,0.4142857142857143,0.8714285714285714,0.4,0.8857142857142857,C,B+,C-,B+,pricesmartinc
BRC,Brady Corp,Industrials,Commercial Printing,84.78,19.5472,2.4161,12.4609,2.928861620097836,9.26,9.78,15.620000000000001,0.1586,14.95,0.4948633118579142,8.5441,9.26,9.78,8.5441,0.4948633118579142,15.620000000000001,0.1586,14.95,62.093817446657376,54.63612963612964,61.01303171871158,56.24479364582635,50.0,57.952896947733436,0.6947791164658634,0.5622489959839357,0.6305220883534136,0.5301204819277109,B-,C+,B-,C+,bradycorp
WST,West Pharmaceutical Services Inc,Health Care,Health Care Supplies,373.98,46.7351,7.9358,30.454,8.478138155702306,17.22,12.38,18.509999999999998,0.2045,17.330000000000002,0.9258802491212926,43.641,17.22,12.38,43.641,0.9258802491212926,18.509999999999998,0.2045,17.330000000000002,28.10890360559235,62.91059442025272,74.17218543046357,73.95428327280496,50.0,57.94324779762551,0.2251655629139073,0.695364238410596,0.7748344370860927,0.7483443708609272,D+,B-,B,B,westpharmaceuticalservicesinc
PCTY,Paylocity Holding Corp,Industrials,Human Resource & Employment Services,142.19,28.0724,4.2749,14.8288,6.201479388007885,23.04,11.04,23.44,0.21789999999999998,21.89,0.6837606837606838,-12.8108,23.04,11.04,-12.8108,0.6837606837606838,23.44,0.21789999999999998,21.89,40.19451957489823,69.23819423819424,80.74802611807776,44.21209115137538,50.0,57.92569350115793,0.36947791164658633,0.8152610441767069,0.8594377510040161,0.39357429718875503,C-,B+,B+,C-,paylocityholdingcorp
WMG,Warner Music Group Corp,Communication Services,Movies & Entertainment,27.68,21.8067,2.0063,13.2951,22.349616471538152,123.91,12.91,90.84,0.136,12.72,0.3592715231788079,-18.4985,123.91,12.91,-18.4985,0.3592715231788079,85.65150000000006,0.136,12.72,44.256518675123324,82.80192152285176,72.72727272727273,35.39837398373984,50.0,57.88600695191734,0.4318181818181818,0.9318181818181818,0.8409090909090909,0.29545454545454547,C,A,B+,D+,warnermusicgroupcorp
CFR,Cullen/Frost Bankers Inc,Financials,Regional Banks,154.21,14.321,3.18716,,2.1341433879751173,13.89,75.94571,15.040000000000001,0.4079103,7.340000000000001,0.6797297297297298,21.3687,13.89,75.94571,21.3687,0.6797297297297298,15.040000000000001,0.4079103,7.340000000000001,40.12605042016807,62.38442733218557,59.66386554621849,77.2072567344695,50.0,57.86581580492765,0.35294117647058826,0.7184873949579832,0.5966386554621849,0.7815126050420168,C-,B,C+,B,cullenfrostbankersinc
MTRN,Materion Corp,Materials,Diversified Metals & Mining,268.56,61.5422,2.6431,43.9039,5.903455552624638,460.64,21.6,9.41,0.0599,6.29,0.8152536287633996,119.367,450.345,21.6,72.80007499999998,0.8127889148801114,9.41,0.0599,6.29,20.588235294117645,91.44597232832527,39.21568627450981,97.9946524064171,50.0,57.839105339105345,0.04411764705882353,0.9705882352941176,0.3382352941176471,1.0,F,A+,C-,A+,materioncorp
IT,Gartner Inc,Information Technology,IT Consulting & Other Services,185.85,14.8862,1.7857,9.9896,41.16005581024517,-31.45,0.68,119.82,0.1725,22.17,0.4350282485875705,-29.6717,-31.45,0.68,-29.6717,0.4350282485875705,114.73149999999994,0.1725,22.17,86.65138958647246,20.751542636041904,81.48148148148148,33.148213386747784,50.0,57.813168971546425,0.9116022099447514,0.09944751381215469,0.8453038674033149,0.292817679558011,A-,D-,B+,D+,gartnerinc
AEE,Ameren Corp,Utilities,Multi-Utilities,100.25,17.6618,3.1553,12.9561,2.0676881699361234,24.77,3.76,11.700000000000001,0.2492,4.58,0.16919540229885088,-2.6543,24.77,3.76,-2.6543,0.16919540229885088,11.700000000000001,0.2492,4.58,50.0,59.40795605042429,70.6896551724138,53.73718546132339,50.0,57.801442095452984,0.5344827586206896,0.6206896551724138,0.8103448275862069,0.5517241379310345,C+,B-,B+,C+,amerencorp
MAR,Marriott International Inc,Consumer Discretionary,"Hotels, Resorts & Cruise Lines",361.62,36.5486,3.5144,24.5151,197.74703341171323,8.84,4.72,309.12,0.158,25.790000000000003,0.6799377512644275,35.714,8.84,4.72,35.714,0.6799377512644275,195.4694999999998,0.158,25.790000000000003,11.859357696567,52.35119047619048,85.10892172961138,90.33333333333333,50.0,57.778974618449354,0.05142857142857143,0.52,0.9428571428571428,0.9142857142857143,D-,C+,A,A-,marriottinternationalinc
LVS,Las Vegas Sands Corp,Consumer Discretionary,Casinos & Gaming,38.32,14.5217,1.828,8.2714,16.267617592120903,29.56,18.11,139.84,0.21489999999999998,10.24,0.008027168879283668,-28.1985,29.56,18.11,-28.1985,0.008183654341431371,139.84,0.21489999999999998,10.24,58.53377630121816,79.7202380952381,76.07991242474002,15.904761904761905,50.0,57.77842218148955,0.6342857142857142,0.8742857142857143,0.8114285714285714,0.09142857142857143,B-,B+,B+,D-,lasvegassandscorp
PFS,Provident Financial Services Inc,Financials,Regional Banks,22.23,9.4257,2.313,,1.0248726400958945,35.2,36.72119,11.0,0.4091399,9.35,0.5820512820512822,14.8904,35.2,36.72119,14.8904,0.5820512820512822,11.0,0.4091399,9.35,84.2436974789916,50.244404677922745,37.60504201680672,60.89688211733291,50.0,57.69044223300071,0.9327731092436975,0.5084033613445378,0.3760504201680672,0.6260504201680672,A,C+,C-,B-,providentfinancialservicesinc
ACT,Enact Holdings Inc,Financials,Commercial & Residential Mortgage Finance,46.44,9.3444,5.0934,7.2904,1.2332335734828226,7.78,2.49,12.76,0.7311,11.21,0.7412060301507535,21.4009,7.78,2.49,21.4009,0.7412060301507535,12.76,0.5811805599999998,11.21,75.63025210084035,21.36346268647071,50.84033613445378,83.99707709170625,50.0,57.689755014458925,0.8697478991596639,0.10084033613445378,0.5084033613445378,0.8529411764705882,B+,D,C+,B+,enactholdingsinc
SXI,Standex International Corp,Industrials,Industrial Machinery & Supplies & Components,272.22,32.8314,3.8529,17.4461,4.366873872067376,86.72,12.85,14.35,0.21710000000000002,8.39,0.43698562830119175,36.6724,86.72,12.85,36.6724,0.43698562830119175,14.35,0.21710000000000002,8.39,31.800672076059342,80.75741578826793,58.98150424828566,69.00804006017486,50.0,57.64863525077482,0.24497991967871485,0.9156626506024096,0.5943775100401606,0.7188755020080321,D+,A-,C+,B,standexinternationalcorp
PLMR,Palomar Holdings Inc,Financials,Property & Casualty Insurance,123.09,15.9454,2.9913,14.1968,3.462944051045298,30.94,60.67,21.61,0.2408,18.66,0.47596555429513837,6.7777,30.94,60.67,6.7777,0.47596555429513837,21.61,0.2408,18.66,28.361344537815125,72.62082625842702,77.31092436974791,58.495593359294936,50.0,57.64135115043515,0.24369747899159663,0.8739495798319328,0.773109243697479,0.6050420168067226,D+,B+,B,B-,palomarholdingsinc
TRU,TransUnion,Industrials,Research & Consulting Services,63.45,16.8341,2.5377,9.9131,2.7499913317846123,90.89,12.37,15.950000000000001,0.23,7.39,0.003106796116505063,-22.3031,90.89,12.37,-22.3031,0.012984470213743568,15.950000000000001,0.23,7.39,69.1271207278092,84.26181283324141,59.65084829112368,17.930467144465997,50.0,57.6329482502747,0.7991967871485943,0.927710843373494,0.606425702811245,0.11244979919678715,B,A-,B-,D,transunion
NTRS,Northern Trust Corp,Financials,Asset Management & Custody Banks,172.94,14.0945,3.4898,37.6547,2.4869175825677057,36.1,15.08,17.14,0.3335,1.32,0.694079828556121,30.9354,36.1,15.08,30.9354,0.694079828556121,17.14,0.3335,1.32,37.60504201680672,59.64325969690776,66.80672268907563,72.86274509803921,50.0,57.60414213545998,0.31512605042016806,0.6848739495798319,0.6680672268907563,0.7436974789915967,C-,B-,B-,B,northerntrustcorp
WSBC,WesBanco Inc,Financials,Regional Banks,37.75,10.2512,2.60247,,0.8994605619305402,105.92,39.41535,8.72,0.3508634,7.89,0.6081784386617098,18.3112,105.92,39.41535,18.3112,0.6081784386617098,8.72,0.3508634,7.89,84.87394957983193,62.1218480569391,21.008403361344538,68.53687269300244,50.0,57.60233238528243,0.9411764705882353,0.7100840336134454,0.21008403361344538,0.7016806722689075,A,B,D+,B,wesbancoinc
ADP,Automatic Data Processing Inc,Industrials,Human Resource & Employment Services,261.8,23.32,4.6894,16.2858,17.267534660387565,9.61,6.74,70.19999999999999,0.2633,37.36,0.6934739617666447,-10.201,9.61,6.74,-10.201,0.6934739617666447,69.54999999999994,0.2633,29.789999999999996,40.66224079993443,43.138269000337964,96.09157719312624,48.837206673280036,50.0,57.58354963298877,0.37751004016064255,0.3253012048192771,1.0,0.4457831325301205,C-,C-,A+,C,automaticdataprocessinginc
SXT,Sensient Technologies Corp,Materials,Specialty Chemicals,133.77,34.4975,3.1991,20.5047,4.737552282361941,16.57,8.12,13.020000000000001,0.1405,8.1,0.910174315190324,34.9811,16.57,8.12,34.9811,0.8127889148801114,13.020000000000001,0.1405,8.1,25.980392156862745,63.95124764396433,63.235294117647065,87.3170731707317,50.0,57.55758573156666,0.11764705882352941,0.7058823529411765,0.6323529411764706,0.9117647058823529,D,B,B-,A-,sensienttechnologiescorp
KVUE,Kenvue Inc,Consumer Staples,Personal Care Products,17.91,20.7485,2.2327,13.0657,3.1879105035510227,17.17,1.76,15.58,0.1707,8.59,0.6366612111292964,8.8916,17.17,1.76,8.8916,0.6366612111292964,15.58,0.1707,8.59,46.666666666666664,56.616300366300365,59.52380952380952,73.21428571428572,50.0,57.51373626373626,0.4785714285714286,0.5285714285714286,0.6428571428571429,0.7285714285714285,C,C+,B-,B,kenvueinc
PEP,PepsiCo Inc,Consumer Staples,Soft Drinks & Non-alcoholic Beverages,128.72,16.7519,1.8067,12.3352,8.622953455344463,38.92,5.62,50.2,0.14529999999999998,14.45,0.044661408878661185,-8.5019,38.92,5.62,-8.5019,0.044661408878661185,50.2,0.14529999999999998,14.45,54.2857142857143,68.74018838304553,78.09523809523809,28.265306122448983,50.0,57.496336996337,0.5571428571428572,0.7714285714285715,0.8428571428571429,0.22857142857142856,C+,B,B+,D+,pepsicoinc
MTB,M&T Bank Corp,Financials,Regional Banks,217.5,10.3065,2.1162,,1.1318321682834087,21.96,86.15662,10.66,0.4064285,6.77,0.5264195097918464,10.1429,21.96,83.28401599999997,10.1429,0.5264195097918464,10.66,0.4064285,6.77,76.26050420168067,75.78079682099641,35.714285714285715,46.69284536244405,50.0,57.48842591567969,0.8781512605042017,0.8949579831932774,0.35714285714285715,0.5,B+,B+,C-,C,mtbankcorp
FFBC,First Financial Bancorp,Financials,Regional Banks,31.45,11.5709,2.27169,,1.118910476488649,13.23,66.57654,10.07,0.3827952,8.790000000000001,0.6363291619264316,23.6251,13.23,66.57654,23.6251,0.6363291619264316,10.07,0.3827952,8.790000000000001,69.11764705882354,57.94327153602541,31.932773109243694,78.17325060865467,50.0,57.485909470952826,0.7626050420168067,0.634453781512605,0.31932773109243695,0.7983193277310925,B,B-,C-,B,firstfinancialbancorp
AWI,Armstrong World Industries Inc,Industrials,Building Products,163.09,22.1823,4.1253,13.3471,7.770927041244186,8.16,8.57,35.36,0.2579,22.919999999999998,0.22956989247311826,-15.0686,8.16,8.57,-15.0686,0.22956989247311826,35.36,0.2579,22.919999999999998,50.14233805972189,57.26264391804932,87.66275988306968,32.8493156298664,50.0,57.47366639528104,0.5261044176706827,0.6265060240963856,0.9598393574297188,0.2891566265060241,C+,B-,A,D+,armstrongworldindustriesinc
EFC,Ellington Financial Inc,Financials,Specialized Finance,12.18,7.0782,2.6951,556.9375,0.7512721665381651,23.45,30.99,11.87,-0.0548,1.17,0.31690140845070436,-7.3652,23.45,30.99,-7.3652,0.31690140845070436,11.87,0.06414,1.17,95.16806722689076,59.5847984819808,45.168067226890756,27.29265619291195,50.0,57.45952454842392,0.9873949579831933,0.680672268907563,0.45168067226890757,0.27310924369747897,A+,B-,C,D+,ellingtonfinancialinc
NEU,NewMarket Corp,Materials,Specialty Chemicals,904.63,19.0523,3.0106,13.336,4.780637527552755,-7.85,-1.31,24.63,0.1997,16.509999999999998,0.8082115890968621,9.9127,-7.85,-1.31,9.9127,0.8082115890968621,24.63,0.1997,16.509999999999998,48.03921568627451,30.41958533772189,85.29411764705883,65.19368723098995,50.0,57.455987847075704,0.5367647058823529,0.14705882352941177,0.8970588235294118,0.6764705882352942,C+,D,B+,B-,newmarketcorp
CPK,Chesapeake Utilities Corp,Utilities,Gas Utilities,128.15,20.5715,3.011,13.1674,1.9157174036535414,11.82,14.76,9.33,0.2642,4.63,0.42232346241457874,-5.0567,11.82,14.76,-5.0567,0.42232346241457874,9.33,0.2642,4.63,40.804597701149426,74.59373761395163,61.49425287356322,59.7859690844233,50.0,57.45065398335315,0.4051724137931034,0.8275862068965517,0.6551724137931034,0.5689655172413793,C,B+,B-,C+,chesapeakeutilitiescorp
LCII,LCI Industries,Consumer Discretionary,Automotive Parts & Equipment,85.38,9.6997,0.5087,6.3462,1.51826883921252,43.49,4.05,15.25,0.0747,9.15,0.03388177147688093,-10.0263,43.49,4.05,-10.0263,0.03388177147688093,15.25,0.0747,9.15,85.08305647840531,68.92857142857143,40.73782156540778,36.035714285714285,50.0,57.44807665381042,0.9314285714285714,0.7428571428571429,0.37714285714285717,0.35428571428571426,A,B,C-,C-,lciindustries
BKH,Black Hills Corp,Utilities,Multi-Utilities,70.27,17.9046,2.3133,11.5863,1.3871150494185644,0.03,2.45,7.7299999999999995,0.2371,3.55,0.5650826446280991,14.4804,0.03,2.45,12.666499999999996,0.5650826446280991,7.7299999999999995,0.2371,3.55,66.66666666666667,36.7513611615245,36.7816091954023,96.05778191985087,50.0,57.42389758179232,0.7068965517241379,0.22413793103448276,0.3275862068965517,0.9655172413793104,B,D+,C-,A,blackhillscorp
PPG,PPG Industries Inc,Materials,Specialty Chemicals,106.05,15.1339,1.4488,11.0483,2.983810611730413,58.96,1.47,19.470000000000002,0.12789999999999999,10.32,0.316183816183816,3.2417,58.96,1.47,3.2417,0.316183816183816,19.470000000000002,0.12789999999999999,10.32,65.68627450980392,56.05536332179931,71.56862745098039,34.40459110473458,50.0,57.405716375502855,0.7720588235294118,0.6176470588235294,0.75,0.3235294117647059,B,B-,B,C-,ppgindustriesinc
USFD,US Foods Holding Corp,Consumer Staples,Food Distributors,93.09,27.7189,0.5028,14.7222,4.765805384761095,39.02,3.83,16.75,0.031400000000000004,7.539999999999999,0.5587916716813095,22.3499,39.02,3.83,22.3499,0.5587916716813095,16.75,0.031400000000000004,7.539999999999999,56.666666666666664,67.6043956043956,39.52380952380952,74.17142857142858,50.0,57.40278388278388,0.6571428571428571,0.7428571428571429,0.34285714285714286,0.7571428571428571,B-,B,C-,B,usfoodsholdingcorp
UFPT,UFP Technologies Inc,Health Care,Health Care Equipment,297.69,31.5114,3.6067,21.4889,5.417076100010918,7.53,7.32,16.72,0.1525,12.76,0.751167728237792,54.6037,7.53,7.32,54.6037,0.751167728237792,16.72,0.1525,12.76,48.007358351729216,40.21879808550612,65.78366445916116,79.52582781456954,50.0,57.396680882737726,0.4966887417218543,0.3443708609271523,0.6887417218543046,0.8609271523178808,C,C-,B-,B+,ufptechnologiesinc
NDSN,Nordson Corp,Industrials,Industrial Machinery & Supplies & Components,329.53,32.8852,6.127,21.5197,6.054509509950907,24.24,7.02,17.59,0.2607,10.94,0.9180271818104109,45.9559,24.24,7.02,45.9559,0.8519822669338312,17.59,0.2607,10.94,21.55233177608393,56.129307189605555,68.74682403081715,92.74060913392432,50.0,57.34877221643124,0.1285140562248996,0.5943775100401606,0.7188755020080321,0.9518072289156626,D,C+,B,A,nordsoncorp
AMAT,Applied Materials Inc,Information Technology,Semiconductor Materials & Equipment,512.01,43.5636,13.0915,41.7057,19.888517712865134,38.36,7.77,40.44,0.2964,31.47,0.5801799808217157,138.7015,38.36,7.77,138.7015,0.5801799808217157,40.44,0.2964,31.47,31.61099949773983,45.28325485936645,84.62962962962962,71.07198082078723,50.0,57.3312044178731,0.30386740331491713,0.425414364640884,0.8729281767955801,0.7513812154696132,C-,C,B+,B,appliedmaterialsinc
UBSI,United Bankshares Inc,Financials,Regional Banks,46.44,12.1894,4.20702,,1.181962097804564,29.39,50.64327,9.39,0.4541967,8.67,0.7951030927835051,25.087,29.39,50.64327,25.087,0.7951030927835051,9.39,0.4541967,8.67,63.4453781512605,57.56928513241277,27.310924369747898,90.586664572371,50.0,57.32026557120885,0.6470588235294118,0.6302521008403361,0.27310924369747897,0.9243697478991597,B-,B-,D+,A-,unitedbanksharesinc
PHIN,Phinia Inc,Consumer Discretionary,Automotive Retail,60.44,16.3976,0.6158,7.4939,1.443977771725367,34.56,7.06,8.62,0.0701,5.28,0.2668788046485887,4.5079,34.56,7.06,4.5079,0.2668788046485887,8.62,0.0701,5.28,69.04318936877077,69.59033613445378,30.012041598248498,68.18487394957982,50.0,57.31884975856154,0.7542857142857143,0.7542857142857143,0.26285714285714284,0.68,B,B,D+,B-,phiniainc
HIG,Hartford Insurance Group Inc,Financials,Property & Casualty Insurance,125.85,7.8348,1.1818,7.4497,1.8362826693436365,40.07,5.69,22.99,0.1759,18.69,0.2144938799300562,-5.3114,40.07,5.69,-5.3114,0.2144938799300562,22.99,0.1759,18.69,68.48739495798318,44.24855998183749,79.41176470588235,32.37548678007788,50.0,57.29959926834945,0.7415966386554622,0.3865546218487395,0.7941176470588235,0.3235294117647059,B,C-,B,C-,hartfordinsurancegroupinc
DXPE,DXP Enterprises Inc,Industrials,Trading Companies & Distributors,182.56,31.7732,1.3837,17.8029,5.682058688047011,8.39,11.47,18.27,0.08800000000000001,7.24,0.7947725072604066,56.9484,8.39,11.47,56.9484,0.7947725072604066,18.27,0.08800000000000001,7.24,46.51312733928913,58.01822457630499,44.093380324017154,90.1474495744664,50.0,57.28476174598085,0.4457831325301205,0.6586345381526104,0.40562248995983935,0.927710843373494,C,B-,C,A-,dxpenterprisesinc
ALLY,Ally Financial Inc,Financials,Consumer Finance,37.81,7.9899,0.88959,,0.7526205367273249,325.79,37.40411,9.42,0.158682,4.3999999999999995,0.16622691292876,-4.9054,185.31,37.40411,-4.9054,0.16622691292876,9.42,0.158682,4.3999999999999995,93.48739495798318,83.80834711306815,27.73109243697479,26.030048382989563,50.0,57.27230094795104,0.9789915966386554,0.9621848739495799,0.2773109243697479,0.2605042016806723,A+,A,D+,D+,allyfinancialinc
CIEN,Ciena Corp,Information Technology,Communications Equipment,354.92,76.0635,8.2673,67.4069,18.337664753264065,362.8,32.57,22.82,0.1215,13.55,0.4341296381585535,142.5069,362.8,32.57,142.5069,0.4341296381585535,22.82,0.1215,13.55,23.734932194876944,89.76242196573614,62.31481481481482,63.97653885468505,50.0,57.260228916507174,0.18232044198895028,0.9723756906077348,0.6574585635359116,0.6187845303867403,D,A+,B-,B-,cienacorp
RRC,Range Resources Corp,Energy,Oil & Gas Exploration & Production,37.1,10.1664,2.6741,6.9622,2.0227242988616045,82.05,16.85,19.3,0.3115,15.690000000000001,0.28278950735764563,0.5578,82.05,16.85,0.5578,0.28278950735764563,19.3,0.3115,15.690000000000001,55.721393034825866,70.11231720186944,74.62686567164178,28.0530679933665,50.0,57.2201417156641,0.582089552238806,0.8059701492537313,0.835820895522388,0.2537313432835821,C+,B+,B+,D+,rangeresourcescorp
SMP,Standard Motor Products Inc,Consumer Discretionary,Automotive Parts & Equipment,37.96,16.4474,0.457,6.7572,1.2295772275560048,26.88,11.32,7.359999999999999,0.0839,3.9,0.3145780051150894,-7.9767,26.88,11.32,-7.9767,0.3145780051150894,7.359999999999999,0.0839,3.9,74.40974529346623,79.83630952380952,27.507389162561577,53.80357142857143,50.0,57.20725980448314,0.8342857142857143,0.88,0.22285714285714286,0.5314285714285715,B+,B+,D+,C+,standardmotorproductsinc
ABNB,Airbnb Inc,Consumer Discretionary,"Hotels, Resorts & Cruise Lines",156.96,34.9258,7.1423,32.7394,11.696847753185782,6.62,13.64,33.379999999999995,0.20809999999999998,26.13,0.5584266767018099,29.3388,6.62,13.64,29.3388,0.5584266767018099,33.379999999999995,0.20809999999999998,26.13,8.220376522702104,70.13888888888889,79.33880678708265,81.41269841269842,50.0,57.20011328776365,0.03428571428571429,0.7657142857142857,0.8628571428571429,0.8,F,B,B+,B,airbnbinc
CPF,Central Pacific Financial Corp,Financials,Regional Banks,35.95,11.1479,1.82951,,1.6000818957075968,39.7,22.86278,14.000000000000002,0.3274692,12.61,0.6296886825031781,18.3209,39.7,22.86278,18.3209,0.6296886825031781,14.000000000000002,0.3274692,12.61,58.19327731092437,46.06294775754962,56.72268907563025,71.23380193198773,50.0,57.188341534546126,0.5882352941176471,0.41596638655462187,0.5672268907563025,0.7226890756302521,C+,C,C+,B,centralpacificfinancialcorp
AMP,Ameriprise Financial Inc,Financials,Asset Management & Custody Banks,497.32,11.1103,2.211,12.2196,6.930429535569804,29.13,9.13,61.73,0.3048,8.58,0.499034556228777,-0.6269,29.13,9.13,-0.6269,0.499034556228777,44.400499999999866,0.3048,8.58,38.445378151260506,47.273636337094345,97.68907563025209,43.454715219421104,50.0,57.179283756681244,0.33613445378151263,0.4495798319327731,0.976890756302521,0.453781512605042,C-,C,A+,C,ameriprisefinancialinc
GRBK,Green Brick Partners Inc,Consumer Discretionary,Homebuilding,67.4,10.0974,1.4628,8.025,1.5665092410100037,-15.18,-5.93,15.42,0.1893,13.28,0.30606860158311366,-5.4948,-15.18,-5.93,-5.4948,0.30606860158311366,15.42,0.1893,13.28,67.87043189368771,38.3265306122449,60.19157088122605,62.48163265306121,50.0,57.17713334678967,0.7314285714285714,0.2742857142857143,0.6,0.6228571428571429,B,D+,C+,B-,greenbrickpartnersinc
ABM,ABM Industries Inc,Industrials,Environmental & Facilities Services,48.62,17.2,0.3126,11.9823,1.6385431726806121,50.3,6.0,9.43,0.0352,4.79,0.8138877449166917,7.0773,50.3,6.0,7.0773,0.8138877449166917,9.43,0.0352,4.79,84.46957899625714,60.474795696470565,21.698767860557876,67.4744014764194,50.0,57.131926148781744,0.9036144578313253,0.6907630522088354,0.17269076305220885,0.7028112449799196,A-,B-,D,B,abmindustriesinc
PLXS,Plexus Corp,Information Technology,Electronic Manufacturing Services,266.4,38.4574,1.5512,23.0881,4.913406739334919,15.43,14.2,12.46,0.050199999999999995,10.97,0.7676969662343597,84.9375,15.43,14.2,84.9375,0.7676969662343597,12.46,0.050199999999999995,10.97,65.35869747195714,50.95217447509884,43.333333333333336,73.70359755371638,50.0,57.10416210708566,0.7071823204419889,0.5303867403314917,0.40331491712707185,0.7790055248618785,B,C+,C,B,plexuscorp
VRTX,Vertex Pharmaceuticals Inc,Health Care,Biotechnology,527.12,30.2137,10.574,25.053,7.172676554633284,22.46,10.23,23.31,0.3795,23.28,0.8164847947709521,36.7942,22.46,10.23,36.7942,0.8164847947709521,23.31,0.3795,23.28,37.39661515820456,51.208709127743234,87.63796909492272,52.75468507820206,50.0,57.05132490447089,0.3708609271523179,0.5033112582781457,0.9271523178807947,0.5099337748344371,C-,C+,A-,C+,vertexpharmaceuticalsinc
FSS,Federal Signal Corp,Industrials,Construction Machinery & Heavy Transportation Equipment,114.26,24.4423,2.8497,17.6193,5.035055017208025,29.03,23.97,20.22,0.16149999999999998,15.370000000000001,0.39234808702175566,-5.9146,29.03,23.97,-5.9146,0.39234808702175566,20.22,0.16149999999999998,15.370000000000001,43.44288719503866,83.35036717389659,67.126738245499,38.484212962293356,50.0,57.0093223873724,0.3895582329317269,0.9236947791164659,0.6907630522088354,0.3534136546184739,C-,A-,B-,C-,federalsignalcorp
NMIH,NMI Holdings Inc,Financials,Commercial & Residential Mortgage Finance,40.73,7.7951,4.217,6.2811,1.198730928611791,7.97,7.53,15.14,0.7323999999999999,13.05,0.49495798319327683,4.3556,7.97,7.53,4.3556,0.49495798319327683,15.14,0.5811805599999998,13.05,81.09243697478992,32.24397360430202,60.08403361344538,51.29704055535257,50.0,57.002320478989745,0.9159663865546218,0.23949579831932774,0.6008403361344538,0.5378151260504201,A-,D+,B-,C+,nmiholdingsinc
ASTH,Astrana Health Inc,Health Care,Health Care Facilities,35.45,42.6592,0.45,13.3844,2.223797455649512,58.83,58.91,5.09,0.0276,2.2399999999999998,0.5181980906921242,18.3625,58.83,50.44,18.3625,0.5181980906921242,5.09,0.0276,2.2399999999999998,68.82119205298012,88.73130531283678,28.256070640176603,49.863134657836646,50.0,56.98820366742386,0.7549668874172185,0.9801324503311258,0.25165562913907286,0.46357615894039733,B,A+,D+,C,astranahealthinc
CHEF,Chefs' Warehouse Inc,Consumer Staples,Food Distributors,111.5,49.5767,1.0382,24.502,7.505738692587831,32.46,11.16,13.54,0.039599999999999996,6.01,0.9045771916214118,90.9122,32.46,11.16,65.86113499999999,0.7994188577352153,13.54,0.039599999999999996,6.01,27.61904761904762,81.71428571428572,36.19047619047619,98.28571428571429,50.0,56.952380952380956,0.22142857142857142,0.9142857142857143,0.29285714285714287,0.9857142857142858,D+,A-,D+,A+,chefswarehouseinc
AGX,Argan Inc,Industrials,Construction & Engineering,378.39,30.0675,4.5378,27.2153,11.419509044707473,52.21,29.02,38.51,0.1536,38.51,0.22319367445242205,33.1721,52.21,29.02,33.1721,0.22319367445242205,38.51,0.1536,29.789999999999996,24.030270742835285,72.54833915548201,82.38231838920308,53.93619375461028,50.0,56.90005386502805,0.1606425702811245,0.8393574297188755,0.8955823293172691,0.5060240963855421,D,B+,B+,C+,arganinc
RMD,Resmed Inc,Health Care,Health Care Equipment,220.04,20.9594,5.6474,16.1049,9.693648290263178,9.76,9.85,23.880000000000003,0.3337,21.63,0.3802399502891831,-17.8229,9.76,9.85,-17.8229,0.3802399502891831,23.880000000000003,0.3337,21.63,57.10080941869021,50.295077461056934,86.53421633554085,29.31655629139073,50.0,56.83108318904729,0.6026490066225165,0.4966887417218543,0.9205298013245033,0.23178807947019867,B-,C,A-,D+,resmedinc
MTD,Mettler-toledo International Inc,Health Care,Life Sciences Tools & Services,1537.33,33.8679,7.4195,27.8308,1369.9251470326144,12.52,6.91,1816.2600000000002,0.2655,10.96,0.9844563552833075,28.298,12.52,6.91,28.298,0.9833468244463852,108.28999999999999,0.2655,10.96,34.959529065489335,46.914685368850584,82.89183222958057,64.88059401966686,50.0,56.82189620147096,0.32450331125827814,0.4370860927152318,0.8807947019867549,0.6225165562913907,C-,C,B+,B-,mettlertoledointernationalinc
AEP,American Electric Power Company Inc,Utilities,Electric Utilities,119.3,20.7082,2.9179,13.4243,2.069692963737869,-15.36,10.6,10.0,0.2352,3.8600000000000003,0.3438174529756395,8.3013,-15.36,10.6,8.3013,0.3438174529756395,10.0,0.2352,3.8600000000000003,40.804597701149426,47.53589187434524,58.62068965517241,87.0142977291842,50.0,56.76635975978635,0.4051724137931034,0.43103448275862066,0.5862068965517241,0.8620689655172413,C,C,C+,B+,americanelectricpowercompanyinc
KEY,KeyCorp,Financials,Regional Banks,20.12,10.5635,1.67174,,1.0882852475686668,2512.15,57.09544,10.12,0.233279,6.0,0.4805793285055959,7.9936,185.31,57.09544,7.9936,0.4805793285055959,10.12,0.233279,6.0,75.84033613445379,82.82006551478716,32.35294117647059,40.75080499489515,50.0,56.76249342966756,0.8739495798319328,0.9411764705882353,0.3235294117647059,0.40756302521008403,B+,A,C-,C,keycorp
MSM,MSC Industrial Direct Co Inc,Industrials,Trading Companies & Distributors,124.55,29.6411,1.7532,16.9042,5.005445506753634,16.56,4.41,16.6,0.085,12.16,0.8855981416957025,34.3231,16.56,4.41,34.3231,0.8519822669338312,16.6,0.085,12.16,47.07045870557058,51.96216056695954,49.47408682348442,86.01410249292098,50.0,56.73138899423985,0.4578313253012048,0.5100401606425703,0.4819277108433735,0.8714859437751004,C,C+,C,B+,mscindustrialdirectcoinc
PNC,PNC Financial Services Group Inc,Financials,Diversified Banks,221.69,11.6943,2.34179,,1.4285861578771684,22.76,72.26733,12.34,0.345423,7.13,0.545930799220273,10.0089,22.76,72.26733,10.0089,0.545930799220273,12.34,0.345423,7.13,58.61344537815126,65.74295994896853,47.89915966386555,59.67631497043262,50.0,56.71200624438444,0.5966386554621849,0.7647058823529411,0.4789915966386555,0.6218487394957983,C+,B,C,B-,pncfinancialservicesgroupinc
IBM,International Business Machines Corp,Information Technology,IT Consulting & Other Services,219.99,19.5016,3.0265,22.0549,6.313605289893754,82.66,7.9,33.51,0.15109999999999998,11.27,0.15607413521422686,-22.384,82.66,7.9,-22.384,0.15607413521422686,33.51,0.15109999999999998,11.27,69.27318767788381,62.51218896998978,65.37037037037037,27.693447328621247,50.0,56.70201677178575,0.7679558011049724,0.6519337016574586,0.6961325966850829,0.20441988950276244,B,B-,B-,D+,internationalbusinessmachinescorp
GATX,GATX Corp,Industrials,Construction Machinery & Heavy Transportation Equipment,175.86,16.8843,3.0287,15.4592,2.2633874619197223,15.6,22.81,13.350000000000001,0.2897,2.5700000000000003,0.4613710554951037,2.4241,15.6,22.81,2.4241,0.4613710554951037,13.350000000000001,0.28918,2.5700000000000003,54.20921782367566,73.80898305268053,51.16957626424064,52.85106813809861,50.0,56.67670876013491,0.5783132530120482,0.8554216867469879,0.4939759036144578,0.4939759036144578,C+,B+,C,C,gatxcorp
REYN,Reynolds Consumer Products Inc,Consumer Staples,Household Products,22.02,13.4869,1.2254,9.1097,2.055389095796813,10.33,2.71,15.28,0.1413,9.01,0.22965116279069747,-5.3173,10.33,2.71,-5.3173,0.22965116279069747,15.28,0.1413,9.01,70.47619047619048,61.89294576391351,55.23809523809524,39.26267281105991,50.0,56.65969514356611,0.8,0.6428571428571429,0.55,0.34285714285714286,B,B-,C+,C-,reynoldsconsumerproductsinc
APOG,Apogee Enterprises Inc,Industrials,Building Products,35.84,11.113,0.5423,6.6241,1.4860208722909354,35.74,1.79,13.43,0.0688,9.02,0.2528363369031773,-19.6779,35.74,1.79,-19.6779,0.2528363369031773,13.43,0.0688,9.02,94.49826516952163,61.02927803700004,39.315903068054524,29.942176870748302,50.0,56.64783304094371,0.9919678714859438,0.7028112449799196,0.3534136546184739,0.26104417670682734,A+,B,C-,D+,apogeeenterprisesinc
PLUS,ePlus inc,Information Technology,Technology Distributors,90.21,18.6201,0.95,9.6984,2.2193629018766545,6.85,13.54,11.78,0.0688,11.78,0.725510557286258,24.822,6.85,13.54,24.822,0.725510557286258,11.78,0.0688,11.78,88.32977565712372,42.943728656533125,45.555555555555564,47.7807957035711,50.0,56.61623767519067,0.9226519337016574,0.39779005524861877,0.43646408839779005,0.4143646408839779,A-,C-,C,C,eplusinc
GNTX,Gentex Corp,Consumer Discretionary,Automotive Parts & Equipment,22.13,11.4535,1.7752,7.3618,1.916448724388174,6.8,10.13,16.24,0.1902,16.220000000000002,0.19343493552168797,-22.699,6.8,10.13,-22.699,0.19343493552168797,16.24,0.1902,16.220000000000002,65.0531561461794,62.91666666666667,63.63875205254516,34.214285714285715,50.0,56.59916752587162,0.6857142857142857,0.6857142857142857,0.6457142857142857,0.3314285714285714,B-,B-,B-,C-,gentexcorp
FFIV,F5 Inc,Information Technology,Communications Equipment,438.07,33.6734,7.3925,24.9864,7.034974939899117,10.69,9.41,19.86,0.247,19.86,0.8995550705171256,34.0721,10.69,9.41,34.0721,0.8995550705171256,19.86,0.247,19.86,48.200234388079686,37.48685120837338,74.44444444444444,67.18134001957213,50.0,56.59480795372014,0.49171270718232046,0.30939226519337015,0.7651933701657458,0.6961325966850829,C,C-,B,B-,f5inc
GL,Globe Life Inc,Financials,Life & Health Insurance,166.08,10.5438,2.0642,9.4486,2.198611041242491,20.3,5.24,20.28,0.2644,13.87,0.6001569858712718,15.3085,20.3,5.24,15.3085,0.6001569858712718,20.28,0.2644,13.87,55.042016806722685,33.50469943146982,73.94957983193278,63.219537815126046,50.0,56.592746608983035,0.5462184873949579,0.2647058823529412,0.7394957983193278,0.6386554621848739,C+,D+,B,B-,globelifeinc
QRVO,Qorvo Inc,Information Technology,Semiconductors,117.46,25.702,2.8152,18.83,3.0816778431928133,400.67,-0.18,11.39,0.13119999999999998,7.9,0.9213775178687458,25.0269,400.67,-0.18,25.0269,0.9213775178687458,11.39,0.13119999999999998,7.9,70.64603214465093,51.374695115962076,46.111111111111114,60.55102160621031,50.0,56.574429158375,0.7790055248618785,0.5359116022099447,0.44751381215469616,0.585635359116022,B,C+,C,C+,qorvoinc
SIRI,Sirius XM Holdings Inc,Communication Services,Broadcasting,25.92,9.8439,1.0069,7.9998,0.7508451352940666,-9.48,0.44,7.53,0.1912,4.109999999999999,0.4773167894532767,14.2731,-9.48,0.44,14.2731,0.4773167894532767,7.53,0.1912,4.109999999999999,77.83650458069063,41.831552482715274,40.15151515151515,68.14722838137472,50.0,56.49276110586945,0.8863636363636364,0.3409090909090909,0.3409090909090909,0.6818181818181818,B+,C-,C-,B-,siriusxmholdingsinc
CHH,Choice Hotels International Inc,Consumer Discretionary,"Hotels, Resorts & Cruise Lines",104.25,14.1498,2.8698,13.9286,26.458719321844622,8.84,2.65,215.07999999999998,0.2521,15.559999999999999,0.508044243338361,-5.8931,8.84,2.65,-5.8931,0.508044243338361,195.4694999999998,0.2521,15.559999999999999,39.03654485049834,44.533730158730165,84.68746579091406,58.25396825396826,50.0,56.488542342892785,0.38857142857142857,0.38857142857142857,0.92,0.5885714285714285,C-,C-,A-,C+,choicehotelsinternationalinc
NTCT,Netscout Systems Inc,Information Technology,Communications Equipment,39.0,23.2757,3.1902,12.9435,1.689921137013606,63.1,5.79,7.42,0.1482,7.42,0.6872509960159362,52.7519,63.1,5.79,52.7519,0.6872509960159362,7.42,0.1482,7.42,73.50263686589653,50.022875111679646,41.48148148148149,63.63261030206088,50.0,56.477126669592614,0.7955801104972375,0.5027624309392266,0.3756906077348066,0.6132596685082873,B,C+,C-,B-,netscoutsystemsinc
FORM,FormFactor Inc,Information Technology,Semiconductor Materials & Equipment,136.25,90.6915,11.6065,89.1346,10.217779310965458,156.16,18.01,10.96,0.1285,10.83,0.8082694763729246,271.2302,156.16,18.01,246.60214999999985,0.8082694763729246,10.96,0.1285,10.83,17.4315670517328,78.49017873719313,50.18518518518519,94.3021166703509,50.0,56.4626471407383,0.10497237569060773,0.8784530386740331,0.5082872928176796,0.9779005524861878,D,B+,C+,A+,formfactorinc
TXN,Texas Instruments Inc,Information Technology,Semiconductors,282.24,42.8556,13.3328,28.7707,15.731038480403084,20.26,16.66,35.77,0.3729,19.54,0.7143408714837288,50.8047,20.26,16.66,50.8047,0.7143408714837288,35.77,0.3729,19.54,37.84530386740332,46.64188728051359,83.33333333333333,59.192010888740825,50.0,56.461438934035044,0.34806629834254144,0.44751381215469616,0.856353591160221,0.56353591160221,C-,C,B+,C+,texasinstrumentsinc
MSA,MSA Safety Inc,Industrials,Office Services & Supplies,180.56,22.4251,3.618,15.2461,5.139722689530121,14.65,6.48,23.150000000000002,0.21230000000000002,16.0,0.509427434699879,6.6948,14.65,6.48,6.6948,0.509427434699879,23.150000000000002,0.21230000000000002,16.0,47.52670546130099,51.39226667798096,76.40521268748462,50.94115866921375,50.0,56.449664606635345,0.46586345381526106,0.4899598393574297,0.8192771084337349,0.46987951807228917,C,C,B+,C,msasafetyinc
AMD,Advanced Micro Devices Inc,Information Technology,Semiconductors,607.57,153.8507,23.965,128.9669,15.719915031682005,124.33,39.54,10.07,0.15710000000000002,9.59,0.9347857661583153,281.2053,124.33,39.54,246.60214999999985,0.9347857661583153,10.07,0.15710000000000002,9.59,10.591411351079861,84.04971972953271,50.55555555555555,96.38678027462723,50.0,56.37404172749084,0.06077348066298342,0.9226519337016574,0.5138121546961326,1.0,D-,A-,C+,A+,advancedmicrodevicesinc
MS,Morgan Stanley,Financials,Investment Banking & Brokerage,192.76,14.9695,2.3425,37.0865,2.73314928955984,38.56,13.96,17.83,0.203,1.96,0.5088919288645689,20.9419,38.56,13.96,20.9419,0.5088919288645689,17.83,0.203,1.96,32.773109243697476,58.00578912798049,68.4873949579832,72.14532871972318,50.0,56.3453496199609,0.2689075630252101,0.6386554621848739,0.6848739495798319,0.7394957983193278,D+,B-,B-,B,morganstanley
AVGO,Broadcom Inc,Information Technology,Semiconductors,355.1,44.3131,19.0299,38.6696,20.70964506082839,100.1,48.69,43.91,0.4797,25.34,0.3176941084666408,4.4959,100.1,48.69,4.4959,0.3176941084666408,43.91,0.4317149999999999,25.34,29.25874769797422,82.34044692456577,89.25925925925925,26.21804473510136,50.0,56.34120007124179,0.27071823204419887,0.9116022099447514,0.9337016574585635,0.19889502762430938,D+,A-,A,D,broadcominc
LYFT,Lyft Inc,Industrials,Passenger Ground Transportation,15.07,1.99,0.8421,212.4999,1.8453889766479312,3178.5,10.81,115.83000000000001,-0.0177,79.7,0.1995412844036697,-31.9616,191.6919999999998,10.81,-31.9616,0.1995412844036697,69.54999999999994,-0.003499999999999991,29.789999999999996,59.84372865612107,82.68043997857663,60.0,24.19274257633907,50.0,56.33556867501341,0.6385542168674698,0.9196787148594378,0.6184738955823293,0.21285140562248997,B-,A-,B-,D+,lyftinc
TRMK,Trustmark Corp,Financials,Regional Banks,45.58,11.3639,1.83041,,1.2677627242157143,11.12,75.48011,11.01,0.133748,7.95,0.7300710339384372,13.2572,11.12,75.48011,13.2572,0.7300710339384372,11.01,0.133748,7.95,65.12605042016807,59.351494530304066,38.445378151260506,67.85360873321291,50.0,56.33387779556054,0.6701680672268907,0.6722689075630253,0.38445378151260506,0.6890756302521008,B-,B-,C-,B-,trustmarkcorp
AVNT,Avient Corp,Materials,Specialty Chemicals,40.78,22.0289,1.1241,10.2751,1.573351029352758,43.14,2.36,7.090000000000001,0.09449999999999999,3.93,0.6941544885177453,25.4263,43.14,2.36,25.4263,0.6941544885177453,7.090000000000001,0.09449999999999999,3.93,64.21568627450979,55.793034573944354,37.745098039215684,73.3142037302726,50.0,56.311643739274764,0.75,0.6029411764705882,0.3161764705882353,0.7352941176470589,B,B-,C-,B,avientcorp
HWM,Howmet Aerospace Inc,Industrials,Aerospace & Defense,230.94,49.2225,10.1015,34.5071,17.32678095809731,35.22,18.08,34.410000000000004,0.272,20.13,0.3733851153205991,18.2086,35.22,18.08,18.2086,0.3733851153205991,34.410000000000004,0.272,20.13,9.008551211649317,71.47566215889196,86.69945086468323,65.36042412016243,50.0,56.294217774894015,0.03614457831325301,0.8232931726907631,0.9558232931726908,0.6746987951807228,F,B+,A,B-,howmetaerospaceinc
HUM,Humana Inc,Health Care,Managed Health Care,386.87,36.4363,0.3199,16.3602,2.6421900803304466,-18.96,18.33,6.92,0.0181,4.02,0.8419252907945839,52.826,-18.96,18.33,52.826,0.8419252907945839,6.92,0.0181,4.02,68.57689477557027,53.76083867335174,32.22958057395144,76.60213958227203,50.0,56.27421448850518,0.7417218543046358,0.543046357615894,0.2980132450331126,0.8278145695364238,B,C+,D+,B+,humanainc
AFL,Aflac Inc,Financials,Life & Health Insurance,113.66,11.6437,3.1312,9.8115,1.9991276022429065,110.97,13.64,16.42,0.33340000000000003,12.809999999999999,0.3319887051230332,1.9666,110.97,13.64,1.9666,0.3319887051230332,16.42,0.33340000000000003,12.809999999999999,51.260504201680675,73.91142030358769,64.70588235294117,37.4422268907563,50.0,56.26232607752426,0.5,0.8823529411764706,0.6470588235294118,0.37815126050420167,C,B+,B-,C-,aflacinc
URI,United Rentals Inc,Industrials,Trading Companies & Distributors,1022.78,23.3744,3.6634,16.2339,7.19595138908921,7.67,6.88,29.18,0.25079999999999997,11.39,0.6725224565003454,10.203,7.67,6.88,10.203,0.6725224565003454,29.18,0.25079999999999997,11.39,44.68267628336475,43.21789383763005,76.6467229462066,61.36646652442555,50.0,56.249221879803954,0.41767068273092367,0.3373493975903614,0.8232931726907631,0.6184738955823293,C,C-,B+,B-,unitedrentalsinc
SAH,Sonic Automotive Inc,Consumer Discretionary,Automotive Retail,59.8,9.1226,0.125,9.3825,1.8798292436044939,40.17,5.25,20.45,0.033,4.14,0.09553391537944925,-16.7333,40.17,5.25,-16.7333,0.09553391537944925,20.45,0.033,4.14,85.14396456256921,70.39390756302521,28.237000547345374,43.84873949579832,50.0,56.19377068924335,0.9371428571428572,0.7771428571428571,0.24,0.42857142857142855,A,B,D+,C,sonicautomotiveinc
TCBI,Texas Capital Bancshares Inc,Financials,Regional Banks,93.84,11.3484,1.94001,,1.1435771884136035,184.53,62.22861,10.040000000000001,0.3685057,8.36,0.5499850790808715,9.4671,184.53,62.22861,9.4671,0.5499850790808715,10.040000000000001,0.3685057,8.36,69.74789915966386,83.58100606006768,31.512605042016805,45.789680358124556,50.0,56.189263334058616,0.773109243697479,0.957983193277311,0.31512605042016806,0.49159663865546216,B,A,C-,C,texascapitalbancsharesinc
BURL,Burlington Stores Inc,Consumer Discretionary,Apparel Retail,270.05,23.43,1.3697,12.7227,9.371594750102375,31.44,10.89,39.82,0.0786,18.89,0.2851861631898602,1.0278,31.44,10.89,1.0278,0.2851861631898602,39.82,0.0786,18.89,37.92691029900332,75.05357142857143,61.03776683087028,56.81904761904762,50.0,56.11569309199221,0.37714285714285717,0.8228571428571428,0.6171428571428571,0.5657142857142857,C-,B+,B-,C+,burlingtonstoresinc
NBTB,NBT Bancorp Inc,Financials,Regional Banks,50.22,12.1534,3.28773,,1.382560793306886,47.67,32.08138,11.26,0.31040870000000004,9.49,0.7202614379084966,19.464,47.67,32.08138,19.464,0.7202614379084966,11.26,0.31040870000000004,9.49,56.72268907563025,55.431147113092194,40.96638655462185,77.8936621377523,50.0,56.08723075773193,0.5588235294117647,0.6092436974789915,0.4096638655462185,0.7899159663865546,C+,B-,C,B,nbtbancorpinc
CTS,CTS Corp,Information Technology,Electronic Manufacturing Services,59.18,24.2088,2.994,12.8389,3.084347898599066,13.11,8.31,12.520000000000001,0.1638,11.19,0.6906324582338903,50.8901,13.11,8.31,50.8901,0.6906324582338903,12.520000000000001,0.1638,11.19,73.87619286790556,31.175331530696887,57.03703703703703,60.51860066227793,50.0,56.06709391483061,0.8011049723756906,0.19889502762430938,0.5911602209944752,0.580110497237569,B+,D,C+,C+,ctscorp
PATH,UiPath Inc,Information Technology,Systems Software,12.32,17.7407,3.7311,36.2834,3.176977229944042,1741.64,14.98,18.42,0.0889,18.42,0.293233082706767,-0.1638,703.5419999999999,14.98,-0.1638,0.293233082706767,18.42,0.0889,18.42,60.7870835426084,70.61797824219116,59.62962962962964,34.18913976955892,50.0,56.06560189540953,0.6685082872928176,0.7569060773480663,0.6270718232044199,0.30386740331491713,B-,B,B-,C-,uipathinc
BE,Bloom Energy Corp,Industrials,Electrical Components & Equipment,291.25,349.9633,27.535,254.7555,106.11360075782417,586.53,90.98,24.77,0.0911,7.140000000000001,0.7891168411438207,273.8197,191.6919999999998,36.967999999999954,70.09187999999996,0.7891168411438207,24.77,0.0911,7.140000000000001,3.081168210255995,98.5716216988726,48.504220965494625,92.19190464481835,50.0,56.04905256267584,0.004016064257028112,1.0,0.46586345381526106,0.9437751004016064,F,A+,C,A,bloomenergycorp
ADUS,Addus Homecare Corp,Health Care,Health Care Services,112.96,19.8383,1.415,12.4357,1.9273819273819275,25.89,15.88,9.569999999999999,0.10039999999999999,8.73,0.6853932584269662,-4.6276,25.89,15.88,-4.6276,0.6853932584269662,9.569999999999999,0.10039999999999999,8.73,77.6644591611479,61.14830364556198,49.44812362030905,35.083185268938784,50.0,56.02444347826439,0.8410596026490066,0.6490066225165563,0.46357615894039733,0.304635761589404,B+,B-,C,C-,addushomecarecorp
OTTR,Otter Tail Corp,Utilities,Electric Utilities,89.15,19.0461,6.4558,13.6205,2.006635514860132,-31.88,4.89,10.43,0.3914,6.45,0.7163323782234958,7.376,-18.695999999999998,4.89,7.376,0.6602246412162827,10.43,0.3914,6.45,32.18390804597701,17.193056231832735,82.75862068965517,94.17998317914213,50.0,56.01024006610302,0.29310344827586204,0.06896551724137931,0.8793103448275862,0.9482758620689655,D+,D-,B+,A,ottertailcorp
FCF,First Commonwealth Financial Corp,Financials,Regional Banks,20.33,12.1622,2.8444,,1.3450748954639284,24.94,56.90718,10.83,0.3913255,9.35,0.7259107933265233,18.2184,24.94,56.90718,18.2184,0.7259107933265233,10.83,0.3913255,9.35,57.773109243697476,62.003874304647255,36.97478991596639,74.57315636534987,50.0,56.002380923915396,0.5777310924369747,0.7058823529411765,0.3697478991596639,0.7563025210084033,C+,B,C-,B,firstcommonwealthfinancialcorp
BHF,Brighthouse Financial Inc,Financials,Life & Health Insurance,52.0,3.6327,0.4537,1000000.0,0.4392589363851692,32.48,2.62,13.170000000000002,0.16940000000000002,8.780000000000001,0.33602512337371027,-6.638,32.48,2.62,-6.638,0.33602512337371027,13.170000000000002,0.16940000000000002,8.780000000000001,99.15966386554622,35.88045538152834,53.36134453781513,28.429621848739494,50.0,55.992267546893906,1.0,0.27310924369747897,0.5336134453781513,0.29411764705882354,A+,D+,C+,D+,brighthousefinancialinc
MAN,ManpowerGroup Inc,Industrials,Human Resource & Employment Services,56.56,24.7725,0.1379,9.2636,1.2713997985901309,,6.72,5.06,0.0154,3.1300000000000003,0.8109992254066615,47.7585,,6.72,47.7585,0.8109992254066615,5.06,0.0154,3.1300000000000003,81.05455836953256,45.79521463757917,13.300549135316777,91.11107342812488,50.0,55.97003448935315,0.8795180722891566,0.39759036144578314,0.10441767068273092,0.9357429718875502,B+,C-,D,A,manpowergroupinc
CAKE,Cheesecake Factory Inc,Consumer Discretionary,Restaurants,107.35,29.7673,1.3713,17.9138,12.20913040511339,13.39,5.66,38.83,0.0527,16.64,0.8526329751956495,92.0731,13.39,5.66,50.131389999999975,0.7974138027226699,38.83,0.0527,16.64,27.327796234772975,54.44444444444445,55.311439518336066,97.06349206349206,50.0,55.96139623986457,0.2,0.5428571428571428,0.5314285714285715,0.9885714285714285,D,C+,C+,A+,cheesecakefactoryinc
VVX,V2X Inc,Industrials,Aerospace & Defense,71.69,26.2574,0.4925,14.838,2.0603061289006144,31.61,12.99,8.35,0.0415,4.2,0.4827226102898516,34.5073,31.61,12.99,34.5073,0.4827226102898516,8.35,0.0415,4.2,67.36770210092068,63.411492681679015,20.05518673332787,82.07764471770676,50.0,55.953549688439296,0.751004016064257,0.7389558232931727,0.14457831325301204,0.8353413654618473,B,B,D,B+,v2xinc
BCO,Brinks Co,Industrials,Security & Alarm Services,103.12,23.5207,0.7762,7.7443,15.261888199860879,16.02,8.12,64.68,0.10289999999999999,4.08,0.2663283318623126,-10.4701,16.02,8.12,-10.4701,0.2663283318623126,64.68,0.10289999999999999,4.08,78.81594404830206,57.57886166049432,52.55744064694151,32.846409935173156,50.0,55.92840049294439,0.8594377510040161,0.6385542168674698,0.5140562248995983,0.285140562248996,B+,B-,C+,D+,brinksco
FAST,Fastenal Co,Industrials,Trading Companies & Distributors,49.96,42.5007,6.5675,29.513,14.544395924308589,13.58,12.54,34.02,0.2029,32.85,0.7880960917891718,3.6756,13.58,12.54,3.6756,0.7880960917891718,34.02,0.2029,29.789999999999996,12.102833101111932,69.23382827562074,87.84471218206158,60.224941900584554,50.0,55.87864035603444,0.05220883534136546,0.8112449799196787,0.963855421686747,0.5863453815261044,D-,B+,A,C+,fastenalco
PGNY,Progyny Inc,Health Care,Health Care Services,24.81,24.0524,1.4429,14.7506,4.0080127946236725,58.09,5.54,15.98,0.0855,15.98,0.5134099616858238,18.9189,58.09,5.54,18.9189,0.5134099616858238,15.98,0.0855,15.98,71.23767476085357,47.07312215282189,60.9271523178808,41.91568405750282,50.0,55.838968011748534,0.7880794701986755,0.44370860927152317,0.5993377483443708,0.39072847682119205,B,C,C+,C-,progynyinc
MRVL,Marvell Technology Inc,Information Technology,Semiconductors,263.27,87.4508,24.429,62.1677,15.590006573064645,,30.62,16.220000000000002,0.3557,12.57,0.7430120179787418,202.8736,,30.62,202.8736,0.7430120179787418,16.220000000000002,0.3557,12.57,15.458103130755063,64.51310861423221,70.37037037037037,82.3665581544819,50.0,55.83305172902418,0.0718232044198895,0.6795580110497238,0.7348066298342542,0.8784530386740331,D-,B-,B,B+,marvelltechnologyinc
AGCO,AGCO Corp,Industrials,Agricultural & Farm Machinery,116.16,15.5346,0.8007,12.452,1.974170588325269,441.48,1.74,12.45,0.0739,7.7,0.393766461808604,7.1324,191.6919999999998,1.74,7.1324,0.393766461808604,12.45,0.0739,7.7,79.50113378684807,61.80785377213949,36.17572330136874,47.74622298718684,50.0,55.83002962391947,0.8674698795180723,0.7188755020080321,0.30522088353413657,0.43373493975903615,B+,B,C-,C,agcocorp
PAG,Penske Automotive Group Inc,Consumer Discretionary,Automotive Retail,201.78,14.2761,0.4197,13.303,2.3855067871912303,-0.98,4.13,16.46,0.04190000000000001,7.7700000000000005,0.7097145488029466,20.6591,-0.98,4.13,20.6591,0.7097145488029466,16.46,0.04190000000000001,7.7700000000000005,62.48504983388704,46.081932773109244,34.068965517241374,87.0252100840336,50.0,55.75993240921068,0.6685714285714286,0.4057142857142857,0.3142857142857143,0.8628571428571429,B-,C,C-,B+,penskeautomotivegroupinc
PRI,Primerica Inc,Financials,Life & Health Insurance,275.07,10.6208,2.4645,8.9258,3.577401776540817,22.98,8.57,32.550000000000004,0.306,18.970000000000002,0.46280481531021717,-0.7244,22.98,8.57,-0.7244,0.46280481531021717,32.550000000000004,0.306,18.970000000000002,46.42857142857143,44.46051757612916,90.33613445378151,38.382352941176464,50.0,55.75975057404936,0.43487394957983194,0.3907563025210084,0.9033613445378151,0.3907563025210084,C,C-,A-,C-,primericainc
DGX,Quest Diagnostics Inc,Health Care,Health Care Services,231.97,24.4287,2.2442,17.3831,3.558815497577545,13.01,9.87,14.49,0.141,8.18,0.7827710533092969,25.7315,13.01,9.87,25.7315,0.7827710533092969,14.49,0.141,8.18,63.930831493745394,47.23057846522298,55.84988962472406,56.79857858181231,50.0,55.75101168902442,0.6887417218543046,0.4503311258278146,0.5364238410596026,0.5629139072847682,B-,C,C+,C+,questdiagnosticsinc
CNXN,PC Connection Inc,Information Technology,Technology Distributors,89.49,23.4928,0.7536,16.5853,2.4798953616617987,14.88,3.23,10.4,0.0392,10.4,0.9704807421984816,44.4677,14.88,3.23,44.4677,0.9498237803746986,10.4,0.0392,10.4,80.80633684915453,30.28819739946352,38.148148148148145,74.66875079918694,50.0,55.73001088905576,0.8453038674033149,0.18232044198895028,0.3425414364640884,0.7955801104972375,B+,D,C-,B,pcconnectioninc
TMDX,Transmedics Group Inc,Health Care,Health Care Equipment,83.01,19.1069,4.336,35.0299,6.012603215993047,105.49,25.82,32.97,0.12210000000000001,13.239999999999998,0.2388549976536838,-27.347,105.49,25.82,-27.347,0.2388549976536838,32.97,0.12210000000000001,13.239999999999998,47.083149374540106,90.91048692640987,69.97792494481236,16.373509933774834,50.0,55.722067951875054,0.4768211920529801,0.9933774834437086,0.7086092715231788,0.11258278145695365,C,A+,B,D,transmedicsgroupinc
BGC,Bgc Group Inc,Financials,Investment Banking & Brokerage,11.45,27.3727,1.6526,13.2214,5.564735614307931,31.58,27.6,19.2,0.1155,7.02,0.6890574214517876,24.2872,31.58,27.6,24.2872,0.6890574214517876,19.2,0.1155,7.02,13.025210084033612,64.41320187848841,70.58823529411765,84.55758774097875,50.0,55.69751926843125,0.07563025210084033,0.7478991596638656,0.7058823529411765,0.8571428571428571,D-,B,B,B+,bgcgroupinc
WTFC,Wintrust Financial Corp,Financials,Regional Banks,143.51,10.898,2.29791,,1.324142181738999,20.25,79.30369,12.33,0.38857909999999996,10.85,0.5020481041907361,7.4455,20.25,79.30369,7.4455,0.5020481041907361,12.33,0.38857909999999996,10.85,65.7563025210084,69.77243652704088,47.47899159663865,42.04665043587528,50.0,55.672640921995,0.6848739495798319,0.8277310924369747,0.47478991596638653,0.4369747899159664,B-,B+,C,C,wintrustfinancialcorp
EQT,EQT Corp,Energy,Oil & Gas Exploration & Production,48.88,11.3575,3.249,5.4119,1.2842677204247963,134.0,30.17,11.15,0.4235,8.68,0.046465124067890315,-7.7506,134.0,30.17,-7.7506,0.046465124067890315,11.15,0.4235,8.68,58.70646766169154,84.16478214985678,62.68656716417911,16.82255389718076,50.0,55.545725915875174,0.7014925373134329,0.9253731343283582,0.6268656716417911,0.11940298507462686,B,A-,B-,D,eqtcorp
BNY,Bank of New York Mellon Corp,Financials,Asset Management & Custody Banks,146.98,15.9802,1000000.0,,2.2827837598992327,31.68,,14.180000000000001,,6.34,0.699346405228758,35.5245,31.68,,35.5245,0.699346405228758,14.180000000000001,,6.34,34.66386554621849,60.59575345289631,57.14285714285714,77.35200746965452,50.0,55.541232856779075,0.28991596638655465,0.6974789915966386,0.5714285714285714,0.7857142857142857,D+,B-,C+,B,bankofnewyorkmelloncorp
BG,Bunge Global SA,Consumer Staples,Agricultural Products & Services,108.14,20.6313,0.2263,12.2976,1.3150918156390612,-48.66,80.53,6.329999999999999,0.0209,3.25,0.5206707918572324,33.0487,-48.66,29.54249999999999,33.0487,0.5206707918572324,6.329999999999999,0.0209,3.25,71.42857142857143,56.959706959706956,24.28571428571429,75.83333333333333,50.0,55.48717948717948,0.8214285714285714,0.5428571428571428,0.15714285714285714,0.7857142857142857,B+,C+,D,B,bungeglobalsa
TRGP,Targa Resources Corp,Energy,Oil & Gas Storage & Transportation,274.52,26.2346,3.5534,14.3812,19.20821729943044,40.38,-1.97,72.17,0.2291,10.530000000000001,0.7959706959706959,59.2686,40.38,-1.97,59.2686,0.7959706959706959,36.65899999999999,0.2291,10.530000000000001,26.368159203980102,43.80597014925373,76.36815920398011,80.19900497512438,50.0,55.48507462686568,0.1791044776119403,0.373134328358209,0.8656716417910447,0.8208955223880597,D,C-,B+,B+,targaresourcescorp
BAC,Bank of America Corp,Financials,Diversified Banks,54.96,11.408,2.32875,,1.307192651560378,25.82,99.36713,11.129999999999999,0.3273721,3.3000000000000003,0.46270609788013634,6.244,25.82,83.28401599999997,6.244,0.46270609788013634,11.129999999999999,0.3273721,3.3000000000000003,63.23529411764706,77.98175569992452,39.075630252100844,46.529723000311236,50.0,55.48002683248413,0.6428571428571429,0.9117647058823529,0.3907563025210084,0.4957983193277311,B-,A-,C-,C,bankofamericacorp
HSIC,Henry Schein Inc,Health Care,Health Care Distributors,84.97,23.5185,0.6968,13.3993,3.0314598243273134,10.34,6.49,12.370000000000001,0.05,6.18,0.7614952034402909,30.1695,10.34,6.49,30.1695,0.7614952034402909,12.370000000000001,0.05,6.18,78.53274466519498,39.522336470314855,43.267108167770424,60.524282560706396,50.0,55.45928701444561,0.8741721854304636,0.33112582781456956,0.3841059602649007,0.5960264900662252,B+,C-,C-,C+,henryscheininc
MTUS,Metallus Inc,Materials,Steel,18.81,97.0732,0.6432,11.2818,1.1434094390546354,,16.12,1.17,0.36,1.17,0.5506555423122765,11.5226,,16.12,11.5226,0.5506555423122765,1.17,0.36,1.17,56.86274509803923,65.46653144016227,47.05882352941177,56.713995943204864,50.0,55.416497633536174,0.6911764705882353,0.7352941176470589,0.4338235294117647,0.5441176470588235,B-,B,C,C+,metallusinc
MWA,Mueller Water Products Inc,Industrials,Industrial Machinery & Supplies & Components,21.47,15.2331,2.2881,10.1285,3.419007580100643,49.14,5.88,21.21,0.1942,14.81,0.014783417760777127,-14.736,49.14,5.88,-14.736,0.014783417760777127,21.21,0.1942,14.81,72.07004890309537,60.634035358709255,70.86413681938639,12.71414088803462,50.0,55.40318167996921,0.8232931726907631,0.6987951807228916,0.7429718875502008,0.07630522088353414,B+,B-,B,D-,muellerwaterproductsinc
EVR,Evercore Inc,Financials,Investment Banking & Brokerage,258.46,13.3406,2.096,8.7768,4.900932743487008,60.84,45.68,39.83,0.2121,30.599999999999998,0.030877976190476025,-23.5901,60.84,45.68,-23.5901,0.03318313099820055,39.83,0.2121,29.45649999999999,31.72268907563025,84.98119107182475,93.69747899159664,10.23727137913989,50.0,55.39873450699965,0.2647058823529412,0.9705882352941176,0.9369747899159664,0.08403361344537816,D+,A+,A,D-,evercoreinc
PFG,Principal Financial Group Inc,Financials,Life & Health Insurance,114.0,15.5675,1.5347,11.5531,2.0852921055230973,41.98,3.33,13.120000000000001,0.1278,9.790000000000001,0.8341035120147873,38.7557,41.98,3.33,38.7557,0.8341035120147873,13.120000000000001,0.1278,9.790000000000001,37.815126050420176,42.78985052858443,52.94117647058824,95.74579831932772,50.0,55.39620539983453,0.3235294117647059,0.3697478991596639,0.5294117647058824,0.9747899159663865,C-,C-,C+,A+,principalfinancialgroupinc
ORCL,Oracle Corp,Information Technology,Application Software,137.79,21.4252,5.6476,20.5434,9.335555600723591,49.08,21.62,42.58,0.3212,10.76,0.11194962507210147,-53.2209,49.08,21.62,-43.47974,0.11194962507210147,42.58,0.3212,10.76,61.1909844299347,70.93977260850642,74.62962962962963,11.070629751947077,50.0,55.35723398698178,0.6795580110497238,0.7679558011049724,0.7734806629834254,0.06077348066298342,B-,B,B,D-,oraclecorp
DVN,Devon Energy Corp,Energy,Oil & Gas Exploration & Production,46.6,15.6213,2.6041,7.2064,1.8666431667240813,-5.34,14.64,14.899999999999999,0.2274,10.52,0.7123352165725048,26.3314,-5.34,14.64,26.3314,0.7123352165725048,14.899999999999999,0.2274,10.52,49.25373134328358,45.70480928689884,61.44278606965174,67.64842454394693,50.0,55.34477611940299,0.47761194029850745,0.43283582089552236,0.5970149253731343,0.6268656716417911,C,C,C+,B-,devonenergycorp
ENSG,Ensign Group Inc,Health Care,Health Care Facilities,175.53,27.0817,1.8692,17.4129,4.568512064796717,15.73,18.89,16.54,0.0852,15.58,0.44425543051557176,2.2377,15.73,18.89,2.2377,0.44425543051557176,16.54,0.0852,15.58,64.15011037527594,62.170707082847564,60.9271523178808,33.20088300220751,50.0,55.34363369030021,0.695364238410596,0.6622516556291391,0.5993377483443708,0.2781456953642384,B-,B-,C+,D+,ensigngroupinc
TBBK,Bancorp Inc,Financials,Regional Banks,48.79,8.671,4.64103,,2.9958430298601852,14.47,89.12521,32.32,0.5646253999999999,17.29,0.01143200962695555,-36.4201,14.47,83.28401599999997,-35.862925,0.03318313099820055,32.32,0.5646253999999999,17.29,56.09243697478992,68.28204557224517,89.49579831932773,1.4450640069111755,50.0,55.34248073936068,0.5546218487394958,0.8025210084033614,0.8949579831932774,0.004201680672268907,C+,B+,B+,F,bancorpinc
BCPC,Balchem Corp,Materials,Specialty Chemicals,167.15,32.6644,4.9457,20.2483,4.261541089516583,16.69,10.14,12.790000000000001,0.20420000000000002,11.360000000000001,0.6255309635591327,12.3934,16.69,10.14,12.3934,0.6255309635591327,12.790000000000001,0.20420000000000002,11.360000000000001,25.490196078431378,69.37012968745606,72.54901960784314,59.62697274031563,50.0,55.30922440712297,0.09558823529411764,0.75,0.7720588235294118,0.6029411764705882,D-,B,B,B-,balchemcorp
STRA,Strategic Education Inc,Consumer Discretionary,Education Services,75.93,12.5545,1.3128,6.8764,1.0592927724508545,24.75,3.53,8.19,0.1401,8.19,0.31103344982526226,-10.7676,24.75,3.53,-10.7676,0.31103344982526226,8.19,0.1401,8.19,68.87596899224806,51.47167487684729,44.700602079912414,58.06896551724138,50.0,55.30227084685785,0.7428571428571429,0.5028571428571429,0.4114285714285714,0.5828571428571429,B,C+,C,C+,strategiceducationinc
MLKN,MillerKnoll Inc,Industrials,Office Services & Supplies,19.96,13.9643,0.3589,8.06,1.013609587649807,33.57,1.2,7.340000000000001,0.0516,3.71,0.5658135283363803,12.792,33.57,1.2,12.792,0.5658135283363803,7.340000000000001,0.0516,3.71,93.66882495970276,48.673921959636246,19.89509056634702,60.66173642765725,50.0,55.25811055897115,0.9799196787148594,0.42971887550200805,0.14056224899598393,0.5903614457831325,A+,C,D,C+,millerknollinc
TTEK,Tetra Tech Inc,Industrials,Construction & Engineering,33.42,20.0499,2.0055,13.8125,4.908786463382392,106.14,-5.22,23.75,0.1414,16.42,0.43912290825158695,1.6802,106.14,-5.22,1.6802,0.43912290825158695,23.75,0.1414,16.42,60.570991448788355,44.63594481451624,67.98240581373112,45.91349069748381,50.0,55.24823641802988,0.6506024096385542,0.37349397590361444,0.6987951807228916,0.40963855421686746,B-,C-,B-,C,tetratechinc
COP,ConocoPhillips,Energy,Oil & Gas Exploration & Production,125.44,16.2197,2.3767,6.4171,2.3831960361127154,1.31,9.6,14.32,0.22510000000000002,10.52,0.711329170383586,27.9854,1.31,9.6,27.9854,0.711329170383586,14.32,0.22510000000000002,10.52,51.74129353233831,43.38798432082014,59.95024875621891,68.22553897180762,50.0,55.24559023066486,0.5074626865671642,0.3582089552238806,0.582089552238806,0.6417910447761194,C+,C-,C+,B-,conocophillips
CRUS,Cirrus Logic Inc,Information Technology,Semiconductors,120.8,13.9029,2.9203,9.8634,2.8721830969171585,28.21,6.25,20.349999999999998,0.2305,20.349999999999998,0.19606256742179065,-5.2402,28.21,6.25,-5.2402,0.19606256742179065,20.349999999999998,0.2305,20.349999999999998,83.53109827557341,37.918834678128846,74.44444444444444,15.759685151260419,50.0,55.229589645882314,0.8729281767955801,0.3149171270718232,0.7651933701657458,0.08287292817679558,B+,C-,B,D-,cirruslogicinc
CFG,Citizens Financial Group Inc,Financials,Regional Banks,63.89,12.8374,1.48499,,1.0420744278295362,37.2,62.72879,8.14,0.31448550000000003,5.87,0.5821004566210046,21.3938,37.2,62.72879,21.3938,0.5821004566210046,8.14,0.31448550000000003,5.87,67.01680672268907,73.20651295452328,17.647058823529413,72.10712322312102,50.0,55.22869362208348,0.7058823529411765,0.8781512605042017,0.17647058823529413,0.7352941176470589,B,B+,D,B,citizensfinancialgroupinc
VCYT,Veracyte Inc,Health Care,Health Care Services,46.32,31.7608,6.471,29.082,2.806949502784528,323.93,17.28,8.64,0.1957,8.64,0.5361627722142744,35.2572,323.93,17.28,35.2572,0.5361627722142744,8.64,0.1957,8.64,38.48859455481972,82.50713198761724,55.849889624724064,50.6638669035697,50.0,55.21882082312334,0.3973509933774834,0.9205298013245033,0.543046357615894,0.4900662251655629,C-,A-,C+,C,veracyteinc
AX,Axos Financial Inc,Financials,Regional Banks,86.29,10.0551,2.35138,,1.5460943603121933,14.77,78.88815,16.41,0.496028,11.600000000000001,0.3695299837925448,0.3087,14.77,78.88815,0.3087,0.3695299837925448,16.41,0.496028,11.600000000000001,66.17647058823529,64.52505151070716,64.07563025210085,23.735176313516064,50.0,55.215070774928684,0.6974789915966386,0.7521008403361344,0.6407563025210085,0.2184873949579832,B-,B,B-,D+,axosfinancialinc
COHR,Coherent Corp,Information Technology,Electronic Components,292.21,71.108,8.0417,46.3456,5.24611178036743,1617.2,22.51,8.37,0.1458,6.25,0.5591253505160789,163.9966,703.5419999999999,22.51,163.9966,0.5591253505160789,8.37,0.1458,6.25,28.243763602879625,88.0451538884161,40.92592592592593,76.55853575727646,50.0,55.213160311339905,0.24861878453038674,0.9502762430939227,0.36464088397790057,0.8121546961325967,D+,A,C-,B+,coherentcorp
CI,Cigna Group,Health Care,Health Care Services,275.26,11.1754,0.2539,8.369,1.738573518302835,31.74,7.77,15.24,0.0352,8.649999999999999,0.4706424433912583,-5.011,31.74,7.77,-5.011,0.4706424433912583,15.24,0.0352,8.649999999999999,94.68579838116261,50.213467767302284,47.24061810154526,23.366176708124698,50.0,55.19753301576237,0.9867549668874173,0.4900662251655629,0.44370860927152317,0.18543046357615894,A+,C,C,D,cignagroup
CSX,CSX Corp,Industrials,Rail Transportation,46.93,26.9192,5.9785,15.8272,6.635466447982354,6.36,2.52,24.07,0.34149999999999997,9.969999999999999,0.6668331668331668,37.489,6.36,2.52,37.489,0.6668331668331668,24.07,0.28918,9.969999999999999,34.38570608966478,32.3233171059258,73.75461027784608,83.42573488274304,50.0,55.184889489611486,0.28112449799196787,0.20481927710843373,0.7791164658634538,0.8473895582329317,D+,D+,B,B+,csxcorp
INTU,Intuit Inc,Information Technology,Application Software,268.03,15.5993,3.3209,11.6487,3.7876443347846296,20.37,13.9,23.419999999999998,0.2743,17.54,0.033671750310338644,-61.4184,20.37,13.9,-43.47974,0.04789217092056213,23.419999999999998,0.2743,17.54,78.31177800100453,51.61012142187155,75.55555555555556,6.963815755630319,50.0,55.18162082464039,0.8287292817679558,0.5414364640883977,0.7900552486187845,0.03314917127071823,B+,C+,B,F,intuitinc
NYT,New York Times Co,Communication Services,Publishing,62.32,25.8456,3.4095,17.8784,4.940424756030854,23.32,10.76,19.470000000000002,0.1582,19.470000000000002,0.2490909090909091,10.2767,23.32,10.76,10.2767,0.2490909090909091,19.470000000000002,0.1582,19.470000000000002,33.56236786469344,70.92269013199245,66.66666666666667,54.38758314855876,50.0,55.119313288950266,0.3409090909090909,0.8409090909090909,0.8068181818181818,0.5681818181818182,C-,B+,B+,C+,newyorktimesco
CVSA,Covista Inc,Consumer Discretionary,Education Services,119.45,16.2579,2.093,,2.811011540561402,13.69,9.27,17.82,0.1962,12.790000000000001,0.4687545100303075,-22.7822,13.69,9.27,-22.7822,0.4687545100303075,17.82,0.1962,12.790000000000001,44.666666666666664,63.76231527093596,63.05856595511768,52.07881773399015,50.0,55.09953475643131,0.44,0.7028571428571428,0.64,0.52,C,B,B-,C+,covistainc
NXT,Nextpower Inc,Industrials,Electrical Components & Equipment,79.31,20.2568,3.3148,15.2895,5.075515167029311,6.1,16.97,26.32,0.1934,26.32,0.09098796226005858,8.2934,6.1,16.97,8.2934,0.09098796226005858,26.32,0.1934,26.32,49.80028959374915,55.402469868256176,81.48075294374779,30.90182303558256,50.0,55.08111921514198,0.5140562248995983,0.5742971887550201,0.8835341365461847,0.26907630522088355,C+,C+,B+,D+,nextpowerinc
KSS,Kohls Corp,Consumer Discretionary,Broadline Retail,18.32,7.6655,0.1341,3.8485,0.5068768693159653,26.68,-2.87,6.68,0.0384,3.42,0.5014450867052024,12.0148,26.68,-2.87,12.0148,0.5014450867052024,6.68,0.0384,3.42,96.3643410852713,40.81043956043956,15.973180076628353,69.09890109890111,50.0,55.066248422343044,1.0,0.3314285714285714,0.11428571428571428,0.6971428571428572,A+,C-,D,B-,kohlscorp
BOX,Box Inc,Information Technology,Application Software,32.75,32.9011,3.4843,28.665,23.41459927075141,-40.57,9.63,73.52,0.0943,19.21,0.7606666666666665,-3.182,-40.57,9.63,-3.182,0.7606666666666665,73.52,0.0943,19.21,56.63506613092249,23.459620414432507,69.35185185185185,69.27851682665104,50.0,55.044356943910294,0.6077348066298343,0.11602209944751381,0.7182320441988951,0.7348066298342542,B-,D,B,B,boxinc
CVX,Chevron Corp,Energy,Integrated Oil & Gas,204.38,19.6594,1.9396,8.4742,2.1862096998481055,34.62,11.17,10.979999999999999,0.1322,9.0,0.8120353485762378,28.8524,34.62,11.17,28.8524,0.8120353485762378,10.979999999999999,0.1322,9.0,47.76119402985074,62.53957485300769,49.25373134328358,66.33649932157395,50.0,55.02894617819992,0.417910447761194,0.7164179104477612,0.417910447761194,0.5970149253731343,C,B,C,C+,chevroncorp
LQDT,Liquidity Services Inc,Industrials,Diversified Support Services,43.31,40.8755,2.7766,20.8508,6.537062472642749,23.68,5.18,15.18,0.09,15.18,0.9652096342551293,58.7179,23.68,5.18,58.7179,0.8519822669338312,15.18,0.09,15.18,28.252329044067423,54.614662203947915,52.315930388219535,94.77762627504453,50.0,55.02052255387022,0.20481927710843373,0.5582329317269076,0.5100401606425703,0.9759036144578314,D+,C+,C+,A+,liquidityservicesinc
WDFC,WD-40 Co,Consumer Staples,Household Products,202.31,28.351,3.7494,21.5138,10.206027463602151,3.51,10.15,33.050000000000004,0.1748,24.45,0.21802313814069096,2.4417,3.51,10.15,2.4417,0.21802313814069096,33.050000000000004,0.1748,24.45,22.857142857142858,70.09925558312655,86.1904761904762,43.41013824884793,50.0,54.963783528299665,0.16428571428571428,0.8142857142857143,0.9142857142857143,0.4,D,B+,A-,C-,wd40co
AIT,Applied Industrial Technologies Inc,Industrials,Trading Companies & Distributors,336.15,30.1218,2.514,21.9371,6.644817082210709,8.18,8.84,22.17,0.1106,17.919999999999998,0.7167668181151984,29.0671,8.18,8.84,29.0671,0.7167668181151984,22.17,0.1106,17.919999999999998,36.00797748818403,50.839219733228944,64.77174002130972,72.89661608910957,50.0,54.942096541841146,0.3132530120481928,0.4819277108433735,0.6706827309236948,0.7550200803212851,C-,C,B-,B,appliedindustrialtechnologiesinc
CCL,Carnival Corp,Consumer Discretionary,"Hotels, Resorts & Cruise Lines",25.11,11.0291,1.239,7.8755,2.681890032896142,21.77,5.16,24.44,0.1578,7.99,0.2909379968203497,-27.6943,21.77,5.16,-27.6943,0.2909379968203497,24.44,0.1578,7.99,68.45182724252491,61.48809523809524,57.33223864258347,30.920634920634924,50.0,54.927762503023125,0.7371428571428571,0.6685714285714286,0.5485714285714286,0.30857142857142855,B,B-,C+,C-,carnivalcorp
R,Ryder System Inc,Industrials,Cargo Ground Transportation,229.17,17.7176,0.6855,5.9071,2.959778168391062,4.74,1.12,16.7,0.07780000000000001,4.66,0.5648601674830146,24.6032,4.74,1.12,24.6032,0.5648601674830146,16.7,0.07780000000000001,4.66,88.07911919787995,37.287964246489594,35.881758325820286,57.381962642669336,50.0,54.924204758756844,0.9477911646586346,0.28112449799196787,0.30120481927710846,0.5582329317269076,A,D+,C-,C+,rydersysteminc
FNB,FNB Corp,Financials,Regional Banks,17.32,10.2218,2.56275,,0.9155931002764753,30.25,64.79501,8.94,0.42536409999999997,7.049999999999999,0.557504873294347,7.3276,30.25,64.79501,7.3276,0.557504873294347,8.94,0.42536409999999997,7.049999999999999,84.66386554621849,70.46506826992473,23.52941176470588,43.7477420874892,50.0,54.89088139921388,0.9369747899159664,0.8403361344537815,0.23529411764705882,0.4579831932773109,A,B+,D+,C,fnbcorp
WDAY,Workday Inc,Information Technology,Application Software,190.65,37.2654,4.5908,33.7799,6.32970228984824,127.88,13.35,16.78,0.1067,11.98,0.5755968169761273,-23.5416,127.88,13.35,-23.5416,0.5755968169761273,16.78,0.1067,11.98,50.505399296835755,67.44086008702476,55.555555555555564,49.42689589184852,50.0,54.88878990887249,0.5414364640883977,0.712707182320442,0.585635359116022,0.4198895027624309,C+,B,C+,C,workdayinc
AVY,Avery Dennison Corp,Materials,Paper & Plastic Packaging Products & Materials,170.78,18.4874,1.4091,14.1921,5.855729205955165,2.32,5.84,31.069999999999997,0.1026,11.72,0.38964346349745355,6.93,2.32,5.84,6.93,0.38964346349745355,31.069999999999997,0.1026,11.72,53.921568627450974,44.147058823529406,75.49019607843138,43.529411764705884,50.0,54.88823529411765,0.6176470588235294,0.36764705882352944,0.8382352941176471,0.39705882352941174,B-,C-,B+,C-,averydennisoncorp
AYI,Acuity Inc,Industrials,Electrical Components & Equipment,308.79,19.518,2.0012,11.4296,3.478971146587952,18.78,10.5,16.85,0.1449,13.209999999999999,0.4202875010151872,-9.6651,18.78,10.5,-9.6651,0.4202875010151872,16.85,0.1449,13.209999999999999,67.4922820533836,57.970408240516285,59.54266043766904,32.41457960120365,50.0,54.835733191107146,0.7630522088353414,0.6506024096385542,0.5983935742971888,0.27710843373493976,B,B-,C+,D+,acuityinc
CHD,Church & Dwight Co Inc,Consumer Staples,Household Products,94.95,30.3193,3.6252,20.9005,5.612100148946734,46.61,2.69,17.78,0.1747,11.62,0.5511938486442736,10.2884,46.61,2.69,10.2884,0.5511938486442736,17.78,0.1747,11.62,20.952380952380953,72.10209145693017,67.14285714285715,66.82027649769586,50.0,54.808283114734735,0.1357142857142857,0.8428571428571429,0.7,0.6714285714285714,D,B+,B-,B-,churchdwightcoinc
CBRE,CBRE Group Inc,Real Estate,Real Estate Services,130.84,29.0132,0.8649,16.3834,4.358355123998601,22.19,14.53,15.160000000000002,0.0453,7.89,0.1740205401293268,-17.5,22.19,14.53,-17.5,0.1740205401293268,15.160000000000002,0.0453,7.89,60.0,57.336956521739125,60.0,41.66666666666667,50.0,54.800724637681164,0.8,0.6,0.7,0.4,B,C+,B-,C-,cbregroupinc
LOW,Lowe's Companies Inc,Consumer Discretionary,Home Improvement Retail,187.26,15.8059,1.1611,11.1792,95.25892766303795,-2.74,8.16,264.53000000000003,0.11380000000000001,27.57,0.008992131884600784,-27.0146,-2.74,8.16,-27.0146,0.008992131884600784,195.4694999999998,0.11380000000000001,27.57,54.203765227021044,55.3804347826087,79.40010946907499,26.509316770186338,50.0,54.778918984583015,0.56,0.56,0.8742857142857143,0.24,C+,C+,B+,D+,lowescompaniesinc
V,Visa Inc,Financials,Transaction & Payment Processing Services,361.35,30.3395,15.4071,24.5935,18.25995997816991,14.72,14.39,61.260000000000005,0.6068,37.39,0.7358210469252259,9.002,14.72,14.39,9.002,0.7358210469252259,44.400499999999866,0.5811805599999998,29.45649999999999,8.193277310924369,45.16117128778073,97.68907563025209,71.37721755368814,50.0,54.77826600358789,0.0546218487394958,0.40336134453781514,0.976890756302521,0.7310924369747899,D-,C,A+,B,visainc
SYY,Sysco Corp,Consumer Staples,Food Distributors,78.59,21.8714,0.4542,12.3185,14.106729371219329,-2.12,3.91,75.42,0.0366,11.01,0.4395604395604399,-4.1128,-2.12,3.91,-4.1128,0.4395604395604399,75.42,0.0366,11.01,65.23809523809523,47.56043956043956,56.666666666666664,48.91428571428571,50.0,54.77113553113553,0.7,0.37142857142857144,0.6142857142857143,0.45714285714285713,B-,C-,B-,C,syscocorp
SIGI,Selective Insurance Group Inc,Financials,Property & Casualty Insurance,84.27,10.1965,0.9274,8.6923,1.4027932681903683,31.24,7.09,13.87,0.1193,11.09,0.41600289645184624,6.5631,31.24,7.09,6.5631,0.41600289645184624,13.87,0.1193,11.09,68.27731092436974,41.06710659102578,55.67226890756303,52.7116212338594,50.0,54.74314052296023,0.7352941176470589,0.3445378151260504,0.5567226890756303,0.5462184873949579,B,C-,C+,C+,selectiveinsurancegroupinc
FHN,First Horizon Corp,Financials,Regional Banks,23.1,10.2996,1.91295,,1.266364054996382,33.62,64.16455,11.68,0.36179209999999995,7.5200000000000005,0.48816568047337305,1.488,33.62,64.16455,1.488,0.48816568047337305,11.68,0.36179209999999995,7.5200000000000005,71.63865546218489,72.36054039644813,43.27731092436975,32.60975418204665,50.0,54.723050512337615,0.8109243697478992,0.865546218487395,0.4327731092436975,0.3277310924369748,B+,B+,C,C-,firsthorizoncorp
DCOM,Dime Community Bancshares Inc,Financials,Regional Banks,39.47,15.7466,2.11729,,1.1731137893626191,225.06,42.91451,7.670000000000001,0.4435096,6.45,0.847001223990208,30.1874,185.31,42.91451,30.1874,0.8360381688111,7.670000000000001,0.4435096,6.45,53.781512605042025,67.2840015121204,15.126050420168067,95.18887929003375,50.0,54.72146691673335,0.5294117647058824,0.7941176470588235,0.15126050420168066,0.9705882352941176,C+,B,D,A+,dimecommunitybancsharesinc
ZTS,Zoetis Inc,Health Care,Pharmaceuticals,70.38,11.0156,3.0279,10.7129,8.978185993111365,4.59,1.41,69.25,0.34380000000000005,21.22,0.010848997098524025,-50.223,4.59,1.41,-36.84035,0.06823187690436645,69.25,0.34380000000000005,21.22,77.8999264164827,32.756869070875254,90.94922737306842,4.6419220699214545,50.0,54.69204667554712,0.847682119205298,0.24503311258278146,0.9536423841059603,0.006622516556291391,B+,D+,A,F,zoetisinc
MKSI,MKS Incorporated,Information Technology,Semiconductor Materials & Equipment,266.02,40.456,4.0949,22.9953,6.574677531369481,58.58,16.23,15.83,0.1537,6.370000000000001,0.4454961832061068,112.1172,58.58,16.23,112.1172,0.4454961832061068,15.83,0.1537,6.370000000000001,54.871923656454044,63.35834070887195,50.0,53.92229454775244,50.0,54.67410796543839,0.6022099447513812,0.6685082872928176,0.5,0.4861878453038674,B-,B-,C,C,mksincorporated
HONA,Honeywell Aerospace Inc,Industrials,Aerospace & Defense,155.44,13.5347,1.8372,,,,,,0.1723,,0.05322324212146993,,,,,0.05322324212146993,,0.1723,,65.79651941097724,50.0,59.93975903614458,41.17662137913356,50.0,54.66939388760717,0.7269076305220884,0.4538152610441767,0.6104417670682731,0.3855421686746988,B,C,B-,C-,honeywellaerospaceinc
ILMN,Illumina Inc,Health Care,Life Sciences Tools & Services,272.0,49.5811,9.104,38.7909,15.283131243889557,-31.92,4.88,31.080000000000002,0.19519999999999998,17.76,0.9686759673598316,196.5427,-31.92,4.88,119.0341,0.9686759673598316,31.080000000000002,0.19519999999999998,17.76,23.892568064753494,27.940858568254875,79.24944812362031,91.33052378085492,50.0,54.63978051691541,0.152317880794702,0.13245033112582782,0.8410596026490066,0.9602649006622517,D,D,B+,A,illuminainc
FCN,FTI Consulting Inc,Industrials,Research & Consulting Services,132.09,14.3372,0.9237,11.7089,2.351477216893465,16.28,7.12,15.61,0.0969,11.08,0.04935194416749748,-18.103,16.28,7.12,-18.103,0.04935194416749748,15.61,0.0969,11.08,81.6736333087452,55.49461025651502,48.892713711990815,29.421692818135735,50.0,54.62484737011415,0.8875502008032129,0.5783132530120482,0.46987951807228917,0.2570281124497992,B+,C+,C,D+,fticonsultinginc
DUK,Duke Energy Corp,Utilities,Electric Utilities,114.21,16.8742,2.6628,11.3035,1.7139641329631572,7.71,6.33,9.879999999999999,0.2775,3.6700000000000004,0.07692307692307677,-7.8117,7.71,6.33,-7.8117,0.07692307692307677,9.879999999999999,0.2775,3.6700000000000004,68.96551724137932,50.24345978487008,60.3448275862069,36.16484440706476,50.0,54.609247045283524,0.75,0.5172413793103449,0.6293103448275862,0.3793103448275862,B,C+,B-,C-,dukeenergycorp
SNA,Snap-On Inc,Industrials,Industrial Machinery & Supplies & Components,367.74,18.6233,3.6002,13.241,3.2154801928903387,4.12,4.97,17.25,0.2507,14.35,0.45920563490510674,7.9846,4.12,4.97,7.9846,0.45920563490510674,17.25,0.2507,14.35,55.90306805453105,35.22666170483089,71.75094937573424,53.095456950323424,50.0,54.577928088597176,0.606425702811245,0.2570281124497992,0.751004016064257,0.4979919678714859,B-,D+,B,C,snaponinc
BLFS,BioLife Solutions Inc,Health Care,Health Care Supplies,39.22,33.0341,18.6285,452.1519,5.083142164677216,,34.39,15.28,0.028999999999999998,15.129999999999999,0.9753424657534246,58.502,,34.39,58.502,0.9753424657534246,15.28,0.028999999999999998,15.129999999999999,19.431935246504782,72.00918607135227,53.64238410596027,84.53749198889126,50.0,54.577915450164966,0.07947019867549669,0.8079470198675497,0.5033112582781457,0.9072847682119205,D-,B+,C+,A-,biolifesolutionsinc
COLM,Columbia Sportswear Co,Consumer Discretionary,"Apparel, Accessories & Luxury Goods",58.34,14.4039,0.871,7.7706,1.8249328240788532,-1.8,-0.15,12.58,0.0754,12.58,0.5034738304770728,11.4932,-1.8,-0.15,11.4932,0.5034738304770728,12.58,0.0754,12.58,69.0265780730897,30.208538587848935,41.69348659003831,79.06666666666666,50.0,54.53505721668512,0.7485714285714286,0.19428571428571428,0.38857142857142857,0.7714285714285715,B,D,C-,B,columbiasportswearco
