Ticker,Name,Sector,SubIndustry,Price,PE_Rank,PS_Rank,EV_EBITDA_Used,PB_Ratio,EPS_Growth,Rev_Growth,ROE,Op_Margin,ROIC,Mom_Range,Mom_12M,EPS_Growth_Win,Rev_Growth_Win,Mom_12M_Win,Mom_Range_Win,ROE_Win,Op_Margin_Win,ROIC_Win,Value_S,Growth_S,Prof_S,Mom_S,Rev_S,Fundamental_Score,Value_Pct,Growth_Pct,Prof_Pct,Mom_Pct,Value_Grade,Growth_Grade,Prof_Grade,Mom_Grade,Name_Key,Rev_Change,Rec_BuyRatio,Shrunk_Ratio,Analyst_Count,Streak_Days,Streak_Score,Rev_Change_Win,Rev_Pct,Rev_Grade,FundamentalPlusRev_Score,Consensus_Score,Sentiment_Score,Alpha_Score,Val_Fail,Mom_Fail,Min_Fund_Factor
MU,Micron Technology Inc,Information Technology,Semiconductors,576.45,27.0533,11.2232,17.7753,11.940864291129644,412.05,85.55,40.839999999999996,0.48340000000000005,33.46,0.9682086263925377,614.1353,241.37,48.17399999999999,463.2751999999991,0.9682086263925377,40.839999999999996,0.44785,33.46,52.66628649968563,97.22345190182722,91.39739543979732,91.75207787012755,58.53658536585367,78.8110264392617,0.5751633986928104,1.0,0.954248366013072,0.9738562091503268,C+,A+,A,A+,microntechnologyinc,0.01712089447938503,0.9245283018867925,0.8922413793103449,53.0,90.0,84.89281911636292,0.01712089447938503,0.5609756097560976,C+,79.66468497584707,89.22413793103449,87.49161040516586,81.23007006171082,False,False,52.66628649968563
WDC,Western Digital Corp,Information Technology,"Technology Hardware, Storage & Peripherals",442.36,22.4699,12.4227,38.4986,27.707417289889385,269.21,32.04,90.82000000000001,0.29460000000000003,58.78,0.972040312029913,889.8411,241.37,32.04,463.2751999999991,0.972040312029913,90.82000000000001,0.29460000000000003,53.78399999999993,43.682648301677126,92.3942862777518,91.46110197490259,94.03349672683865,75.40650406504066,76.07149417006302,0.46405228758169936,0.9803921568627451,0.9607843137254902,0.9869281045751634,C,A+,A,A+,westerndigitalcorp,0.054166666666666696,0.8666666666666667,0.8214285714285714,30.0,31.0,47.84760080798425,0.054166666666666696,0.7317073170731707,B,78.61214457656709,82.14285714285714,68.42475460890799,76.57466658303528,False,False,43.682648301677126
NEM,Newmont Corporation,Materials,Gold,108.33,16.3229,5.1016,8.4573,3.4833693471214695,118.49,21.34,21.72,0.47909999999999997,18.02,0.6934534118462072,110.2271,118.49,21.34,110.2271,0.6934534118462072,21.72,0.24867999999999998,15.903999999999998,55.555555555555564,86.21463077984816,93.12169312169313,79.22077922077922,71.42857142857143,75.25639416943766,0.6428571428571429,0.9365079365079365,0.9682539682539683,0.7777777777777778,B-,A,A,B,newmontcorporation,0.005747126436781658,0.8333333333333334,0.7928571428571429,30.0,31.0,47.84760080798425,0.005747126436781658,0.7,B-,77.3992513122948,79.28571428571429,66.71046889462228,75.2614948287603,False,False,55.555555555555564
DAL,Delta Air Lines Inc,Industrials,Passenger Airlines,68.5,10.0816,0.6925,6.7212,2.155253785066136,21.36,5.24,23.14,0.08779999999999999,13.209999999999999,0.7641255605381166,54.9774,21.36,5.24,54.9774,0.7641255605381166,23.14,0.08779999999999999,13.209999999999999,93.02054936470738,66.99087365789771,58.94909688013136,79.39188041447255,50.15166835187058,72.26896237568374,0.9757281553398058,0.7330097087378641,0.6067961165048543,0.8252427184466019,A+,B,B-,B+,deltaairlinesinc,0.0,0.90625,0.8581081081081081,32.0,90.0,84.89281911636292,0.0,0.4883720930232558,C,72.2841292108708,85.8108108108108,85.44361413303164,74.91602619530298,False,False,50.15166835187058
INDV,"Indivior Pharmaceuticals, Inc",Health Care,Pharmaceuticals,38.98,22.6311,3.8327,17.9284,104.3082686647043,7022.71,4.38,159.06,0.2113,29.4,0.9646138142225245,225.3756,1389.2,4.38,103.89361999999993,0.9564701739726336,97.80199999999995,0.2113,29.4,52.704826038159375,68.78526762450682,89.22305764411027,97.62218045112782,22.7330779054917,73.76346053569434,0.5481481481481482,0.762962962962963,0.9481481481481482,0.9925925925925926,C+,B,A,A+,indiviorpharmaceuticalsinc,-0.0064102564102564985,0.9166666666666666,0.8088235294117647,12.0,90.0,84.89281911636292,-0.0064102564102564985,0.1724137931034483,D,71.0367683262435,80.88235294117648,82.48653941125104,73.32672254324501,False,False,22.7330779054917
ENVA,Enova International Inc,Financials,Consumer Finance,163.91,13.3023,2.2414,10.9311,3.0306448093898033,56.49,19.67,24.45,0.4035,5.7700000000000005,0.8543567518248174,72.7915,56.49,19.67,65.34807,0.8543567518248174,24.45,0.4035,5.7700000000000005,40.228101290767555,69.43331134598748,84.42211055276381,86.50753768844221,98.94179894179894,67.35072276776879,0.3431372549019608,0.8627450980392157,0.8480392156862745,0.8872549019607843,C-,B+,B+,B+,enovainternationalinc,0.06593406593406603,0.9230769230769231,0.8194444444444445,13.0,61.0,72.22405978749369,0.05824175824175826,1.0,A+,72.24490266194867,81.94444444444446,78.05629058166414,73.15529286269508,True,False,40.228101290767555
CPRX,Catalyst Pharmaceuticals Inc,Health Care,Biotechnology,28.94,16.4901,6.0006,8.8006,3.715448511381289,28.29,19.78,24.32,0.43770000000000003,24.32,0.7320503330866025,16.5056,28.29,19.78,16.5056,0.7320503330866025,24.32,0.4229799999999998,24.32,64.88215488215488,67.46015203024062,88.2205513784461,61.98830409356725,51.66256157635468,69.16536778991181,0.7185185185185186,0.7481481481481481,0.9333333333333333,0.6370370370370371,B,B,A,B-,catalystpharmaceuticalsinc,0.0,0.9285714285714286,0.8289473684210527,14.0,90.0,84.89281911636292,0.0,0.5689655172413793,C+,69.33162394754729,82.89473684210526,83.69396975180832,72.20409310839949,False,False,51.66256157635468
INVA,Innoviva Inc,Health Care,Pharmaceuticals,22.99,6.2801,4.1401,7.928,1.4630172902043386,3397.08,14.67,30.599999999999998,0.3981,21.88,0.7501449275362317,22.8098,1389.2,14.67,22.8098,0.7501449275362317,30.599999999999998,0.3981,21.88,77.49158249158249,86.8115834139805,86.96741854636592,67.99248120300751,68.45466155810983,77.07556318288471,0.8666666666666667,0.9555555555555556,0.9185185185185185,0.6888888888888889,B+,A,A-,B-,innovivainc,0.018181818181818188,0.8181818181818182,0.734375,11.0,0.0,0.0,0.018181818181818188,0.6551724137931034,B-,78.92102933869569,73.4375,44.0625,71.94932347095656,False,False,67.99248120300751
MCK,McKesson Corp,Health Care,Health Care Distributors,807.85,22.7964,0.2486,16.8892,25.70143261188403,59.37,15.49,39.43,0.014199999999999999,16.23,0.47196132596685086,14.0371,59.37,15.49,14.0371,0.47196132596685086,39.43,0.014199999999999999,16.23,72.74971941638607,79.94879579491129,60.0,63.255966001961426,68.65203761755487,66.82838221347106,0.837037037037037,0.9111111111111111,0.6370370370370371,0.6666666666666666,B+,A-,B-,B-,mckessoncorp,0.005928853754940677,0.8695652173913043,0.8124999999999999,23.0,90.0,84.89281911636292,0.005928853754940677,0.6896551724137931,B-,68.69358597522654,81.24999999999999,82.70712764654516,71.49629430949027,False,False,60.0
BTSG,Brightspring Health Services Inc,Health Care,Health Care Services,53.54,32.7753,0.7443,22.3562,5.485824359355307,417.71,17.97,16.72,0.0268,7.07,0.968040370058873,156.5405,417.71,17.97,103.89361999999993,0.9564701739726336,16.72,0.0268,7.07,55.83052749719417,89.12585659040776,44.9874686716792,98.81282152750298,45.502248875562216,67.79223466580049,0.6296296296296297,0.9703703703703703,0.4148148148148148,1.0,B-,A+,C,A+,brightspringhealthservicesinc,0.0,0.9545454545454546,0.8796296296296297,22.0,90.0,84.89281911636292,0.0,0.39655172413793105,C-,67.34245955335672,87.96296296296296,86.73490542432295,71.22094872754997,False,False,44.9874686716792
MLI,Mueller Industries Inc,Industrials,Industrial Machinery & Supplies & Components,130.85,17.0561,3.3039,11.6032,4.5320882934618085,39.47,11.54,27.029999999999998,0.24239999999999998,27.029999999999998,0.869223933649289,73.1966,39.47,11.54,73.1966,0.869223933649289,27.029999999999998,0.24239999999999998,26.983999999999988,63.95093022143575,87.924900246904,88.66995073891626,83.12280084447572,50.13416815742397,77.36476045836395,0.7378640776699029,0.970873786407767,0.9611650485436893,0.8689320388349514,B,A+,A,B+,muellerindustriesinc,0.0,0.8333333333333334,0.7045454545454546,6.0,0.0,0.0,0.0,0.43023255813953487,C,77.37817727410635,70.45454545454545,42.27272727272727,70.35708727383054,False,False,50.13416815742397
APP,Applovin Corp,Information Technology,Application Software,475.0,47.9112,27.5113,39.7645,75.27972360455165,114.67,45.98,249.2,0.6847,68.05,0.41013372859743,54.4314,114.67,45.98,54.4314,0.41013372859743,109.87799999999994,0.44785,53.78399999999993,28.85613604129198,90.60288089315222,97.66137754270558,74.90895612132027,61.3240418118467,69.73174579889388,0.2549019607843137,0.9738562091503268,0.9967320261437909,0.7908496732026143,D+,A+,A+,B,applovincorp,0.03594771241830064,0.8888888888888888,0.847560975609756,36.0,90.0,84.89281911636292,0.03594771241830064,0.6097560975609756,B-,70.86414998007855,84.75609756097559,84.81078618313052,70.15132658813658,True,False,28.85613604129198
THC,Tenet Healthcare Corp,Health Care,Health Care Facilities,185.35,9.5428,0.7432,5.7395,3.8190903003142225,27.35,6.57,40.550000000000004,0.1764,9.8,0.39317245438493215,25.2111,27.35,6.57,25.2111,0.39317245438493215,40.550000000000004,0.1764,9.8,93.31649831649833,51.59546613204229,70.92731829573935,64.79647394347937,25.337331334332834,69.33934216816375,0.9925925925925926,0.5333333333333333,0.725925925925926,0.6814814814814815,A+,C+,B,B-,tenethealthcarecorp,-0.005291005291005235,0.8518518518518519,0.8046875,27.0,90.0,84.89281911636292,-0.005291005291005235,0.2413793103448276,D+,66.87307530159704,80.46875,82.23837764654516,69.94613577058666,False,False,25.337331334332834
BOOT,Boot Barn Holdings Inc,Consumer Discretionary,Apparel Retail,167.66,22.8647,2.3085,13.1006,4.53504066821928,27.79,17.5,18.279999999999998,0.13449999999999998,18.07,0.5821642303541646,47.7311,27.79,17.5,47.7311,0.5821642303541646,18.279999999999998,0.13449999999999998,18.07,37.65299782541162,90.91854934601665,68.04597701149424,72.96076099881094,98.52071005917159,64.20060577819198,0.3108108108108108,0.9594594594594594,0.6993243243243243,0.7364864864864865,C-,A,B-,B,bootbarnholdingsinc,0.09486166007905128,0.9130434782608695,0.8482142857142856,23.0,61.0,72.22405978749369,0.07656250000000003,1.0,A+,69.05267678410914,84.82142857142856,79.78248105785461,69.80352919863736,True,False,37.65299782541162
NVDA,NVIDIA Corp,Information Technology,Semiconductors,198.48,39.763,22.1092,34.1828,30.667964585361332,66.76,65.47,104.37,0.6038,97.21,0.8269421253714447,73.345,66.76,48.17399999999999,73.345,0.8269421253714447,104.37,0.44785,53.78399999999993,33.919667792545795,88.49808635827985,96.65466613330962,42.106470038124144,68.01125703564728,63.764494760744654,0.3006535947712418,0.954248366013072,0.9869281045751634,0.3660130718954248,C-,A,A+,C-,nvidiacorp,0.026799687010954587,0.9295774647887324,0.9046052631578948,71.0,90.0,84.89281911636292,0.026799687010954587,0.6829268292682927,B-,65.56562046430938,90.46052631578948,88.23344343601886,68.36961366259631,True,False,33.919667792545795
CUBI,Customers Bancorp Inc,Financials,Regional Banks,76.51,9.2109,1.99781,7.449,1.2365632237595983,85.8,55.59768,13.62,0.3985504,11.78,0.816777710478498,48.5054,85.8,55.59768,48.5054,0.816777710478498,13.62,0.3985504,11.78,77.51625775938516,79.21244701712288,56.03015075376885,85.30743605668793,89.40092165898616,71.29057874305067,0.8921568627450981,0.9411764705882353,0.571078431372549,0.8774509803921569,B+,A,C+,B+,customersbancorpinc,0.03921568627450989,0.7058823529411765,0.6704545454545455,17.0,0.0,0.0,0.03921568627450989,0.8857142857142857,B+,75.23067090894929,67.04545454545455,40.22727272727273,68.22999127261399,False,False,56.03015075376885
GOOG,Alphabet Inc,Communication Services,Interactive Media & Services,379.64,28.8998,10.9586,31.617,11.050984615832448,48.51,17.45,38.98,0.32689999999999997,35.11,0.9676880687985305,133.6463,48.51,17.45,133.6463,0.9671193815310805,38.98,0.32689999999999997,35.11,21.454311454311455,78.31632653061223,92.47354497354497,96.59297052154196,81.81818181818183,68.46382351739494,0.17567567567567569,0.9324324324324325,0.9594594594594594,0.9864864864864865,D,A,A,A+,alphabetinc,0.03064182194616971,0.8857142857142857,0.8633333333333333,70.0,90.0,84.89281911636292,0.03064182194616971,0.8,B,71.64564169921313,86.33333333333333,85.75712764654517,67.97715232338248,True,False,21.454311454311455
CFG,Citizens Financial Group Inc,Financials,Regional Banks,63.56,13.7289,1.48499,12.885,1.0366919804796577,31.85,62.72879,7.630000000000001,0.31448550000000003,5.47,0.8307990941442898,64.4502,31.85,62.72879,64.4502,0.8307990941442898,7.630000000000001,0.31448550000000003,5.47,67.6643019016652,76.01709572932654,20.85427135678392,90.18914798712663,80.64516129032258,60.37089205790292,0.7352941176470589,0.9117647058823529,0.2034313725490196,0.9362745098039216,B,A-,D+,A,citizensfinancialgroupinc,0.02842809364548493,0.9130434782608695,0.8482142857142856,23.0,90.0,84.89281911636292,0.02842809364548493,0.8,B,63.43540818693518,84.82142857142856,84.8499847894023,67.71832350742861,False,False,20.85427135678392
EWBC,East West Bancorp Inc,Financials,Regional Banks,123.42,12.1688,3.27879,8.9377,1.908033467111081,19.47,74.7411,16.06,0.5797675999999999,15.740000000000002,0.9036357218496294,44.8371,19.47,74.7411,44.8371,0.9036357218496294,16.06,0.5797675999999999,15.740000000000002,52.4534436890334,73.24797593077965,67.33668341708542,92.81802269775845,94.47004608294931,68.16073150223733,0.5147058823529411,0.8921568627450981,0.6813725490196079,0.9509803921568627,C+,B+,B-,A,eastwestbancorpinc,0.0434782608695653,0.782608695652174,0.7410714285714286,23.0,0.0,0.0,0.0434782608695653,0.9428571428571428,A,72.60773611053226,74.10714285714286,44.464285714285715,66.97904603128295,False,False,52.4534436890334
EAT,Brinker International Inc,Consumer Discretionary,Restaurants,140.18,18.29,1.4319,11.0268,16.818639919374192,58.84,15.07,121.26999999999998,0.1003,51.9,0.45932529398892014,5.3351,58.84,15.07,5.3351,0.45932529398892014,121.26999999999998,0.1003,41.201999999999984,53.9950295122709,87.41995073891627,81.95402298850574,64.09852216748769,81.68498168498168,69.29095770647496,0.5743243243243243,0.9391891891891891,0.8918918918918919,0.6216216216216216,C+,A,B+,B-,brinkerinternationalinc,0.044973544973545,0.7857142857142857,0.75,28.0,0.0,0.0,0.044973544973545,0.8076923076923077,B+,72.45945587497312,75.0,45.0,66.9675646999785,False,False,53.9950295122709
ADEA,Adeia Inc,Information Technology,IT Consulting & Other Services,33.63,33.5176,8.3967,17.1006,7.628098986095676,72.59,17.91,26.340000000000003,0.3947,12.870000000000001,0.968763748350198,166.6931,72.59,17.91,166.6931,0.968763748350198,26.340000000000003,0.3947,12.870000000000001,53.12541123832083,81.70913132017463,79.45390165488836,90.26623405484688,42.350332594235034,72.5399012983066,0.5816993464052288,0.9084967320261438,0.8235294117647058,0.9673202614379085,C+,A-,B+,A,adeiainc,0.0,0.9,0.7833333333333333,10.0,0.0,0.0,0.0,0.4146341463414634,C,71.7749345577301,78.33333333333333,46.99999999999999,66.81994764618409,False,False,42.350332594235034
FNB,FNB Corp,Financials,Regional Banks,17.59,10.694,2.56275,13.8135,0.9298662028789377,27.72,64.79501,8.76,0.42536409999999997,6.36,0.7487844408427876,33.283,27.72,64.79501,33.283,0.7487844408427876,8.76,0.42536409999999997,6.36,84.93817124839886,76.30839998116076,27.63819095477387,71.65829145728642,59.44700460829493,62.73742883848262,0.946078431372549,0.9166666666666666,0.2696078431372549,0.7843137254901961,A,A-,D+,B,fnbcorp,0.007575757575757569,0.9166666666666666,0.8088235294117647,12.0,61.0,72.22405978749369,0.007575757575757569,0.5714285714285714,C+,63.682129299312116,80.88235294117648,77.41903567970336,66.42951057539037,False,False,27.63819095477387
JBSS,John B Sanfilippo & Son Inc,Consumer Staples,Packaged Foods & Meats,79.04,13.7925,0.7944,10.5986,2.5508788009836896,20.62,5.11,18.11,0.0832,15.24,0.7709895052473764,28.8976,20.62,5.11,28.8976,0.7709895052473764,18.11,0.0832,15.24,73.39989759344598,77.58271004450971,58.064516129032256,87.23626852659112,61.111111111111114,70.82989914483973,0.8095238095238095,0.8253968253968254,0.5714285714285714,0.9047619047619048,B+,B+,C+,A-,johnbsanfilipposoninc,0.0,0.8571428571428571,0.7291666666666667,7.0,0.0,0.0,0.0,0.6666666666666666,B-,71.94101025595084,72.91666666666667,43.75,66.30280820476068,False,False,58.064516129032256
UAL,United Airlines Holdings Inc,Industrials,Passenger Airlines,90.07,7.9787,0.4835,5.5538,1.9064935504764644,2.02,4.73,24.91,0.08439999999999999,9.32,0.39253700229309985,21.6012,2.02,4.73,21.6012,0.39253700229309985,24.91,0.08439999999999999,9.32,96.59476780333829,48.6590811837883,54.8440065681445,47.12756922031595,50.15166835187058,62.01702367369155,1.0,0.45145631067961167,0.5679611650485437,0.4320388349514563,A+,C,C+,C,unitedairlinesholdingsinc,0.0,0.8666666666666667,0.8214285714285714,30.0,90.0,84.89281911636292,0.0,0.4883720930232558,C,62.03219050887861,82.14285714285714,83.24284193225945,66.27432079355478,False,False,47.12756922031595
FAF,First American Financial Corp,Financials,Property & Casualty Insurance,68.31,10.3475,0.9031,6.5717,1.266954394464053,329.61,22.59,11.87,0.1388,8.09,0.8280739934711645,10.5161,95.6,22.59,10.5161,0.8280739934711645,11.87,0.1388,8.09,72.08715144349196,85.82969635699628,47.73869346733669,71.3825537946141,98.80952380952381,66.39891125802924,0.8333333333333334,0.9705882352941176,0.46568627450980393,0.7745098039215687,B+,A+,C,B,firstamericanfinancialcorp,0.13333333333333341,0.8,0.7166666666666667,10.0,0.0,0.0,0.05824175824175826,0.9714285714285714,A+,71.27986363898162,71.66666666666667,43.0,65.6238909111853,False,False,47.73869346733669
CCL,Carnival Corp,Consumer Discretionary,"Hotels, Resorts & Cruise Lines",25.67,11.4312,1.3124,8.2754,2.7417012004955783,50.48,6.1,26.22,0.16269999999999998,8.1,0.44301571015496954,31.1702,50.48,6.1,31.1702,0.44301571015496954,26.22,0.16269999999999998,8.1,70.36968002485244,80.42284988370916,64.13793103448276,64.03343782654127,73.24414715719062,67.51816030688389,0.7702702702702703,0.8581081081081081,0.6452702702702703,0.6148648648648649,B,B+,B-,B-,carnivalcorp,0.03125,0.8125,0.7770270270270271,32.0,0.0,0.0,0.03125,0.7307692307692307,B,69.84257502260294,77.70270270270271,46.62162162162162,65.19838434240668,False,False,64.03343782654127
META,Meta Platforms Inc,Communication Services,Interactive Media & Services,610.41,21.7836,7.1531,14.2913,7.108801073290259,7.49,26.18,33.22,0.4121,27.51,0.3266422696474509,2.2428,7.49,22.091999999999985,2.2428,0.3266422696474509,33.22,0.4121,27.51,34.95495495495495,78.06122448979592,90.52910052910052,44.97732426303855,40.909090909090914,60.97872362158076,0.35135135135135137,0.8918918918918919,0.8918918918918919,0.43243243243243246,C-,B+,B+,C,metaplatformsinc,-0.02606544901065455,0.8767123287671232,0.8557692307692307,73.0,90.0,84.89281911636292,-0.02606544901065455,0.4,C-,60.069632712489856,85.57692307692307,85.303281492699,65.11636246853169,False,False,34.95495495495495
VTOL,Bristow Group Inc,Energy,Oil & Gas Equipment & Services,49.42,11.093,0.9606,8.0438,1.3606865657669764,34.98,5.3,12.870000000000001,0.1065,7.630000000000001,0.9639924194567279,63.8594,34.98,5.3,63.8594,0.9639924194567279,12.870000000000001,0.1065,7.630000000000001,76.28697880270208,71.83120957126073,53.45911949685535,66.81603773584905,90.33816425120773,65.16597403631131,0.9074074074074074,0.7962962962962963,0.48148148148148145,0.6481481481481481,A-,B,C,B-,bristowgroupinc,0.011111111111111183,0.9,0.7833333333333333,10.0,0.0,0.0,0.011111111111111183,0.8888888888888888,B+,69.19979046143209,78.33333333333333,46.99999999999999,64.75983236914567,False,False,53.45911949685535
FTDR,Frontdoor Inc,Consumer Discretionary,Specialized Consumer Services,63.83,17.417,2.1124,9.9412,18.715730831256415,12.69,12.12,98.66,0.16140000000000002,17.88,0.7093802345058627,23.9417,12.69,12.12,23.9417,0.7093802345058627,98.66,0.16140000000000002,17.88,54.98446722584654,75.06905531609195,82.41379310344827,75.36551724137932,67.03296703296704,69.43647959381795,0.6013513513513513,0.831081081081081,0.9121621621621622,0.777027027027027,B-,B+,A-,B,frontdoorinc,0.02564102564102566,0.6923076923076923,0.6527777777777778,13.0,0.0,0.0,0.02564102564102566,0.6538461538461539,B-,71.13977629711465,65.27777777777779,39.16666666666667,64.74515437102505,False,False,54.98446722584654
NBIX,Neurocrine Biosciences Inc,Health Care,Biotechnology,134.07,28.1378,4.7078,19.7702,4.125421173284921,41.66,21.45,16.669999999999998,0.2164,16.669999999999998,0.4999999999999999,22.2374,41.66,21.45,22.2374,0.4999999999999999,16.669999999999998,0.2164,16.669999999999998,42.0314253647587,75.95486240353358,72.68170426065163,55.492063492063494,51.66256157635468,59.967667585472,0.3925925925925926,0.8814814814814815,0.7703703703703704,0.562962962962963,C-,B+,B,C+,neurocrinebiosciencesinc,0.0,0.8571428571428571,0.81875,35.0,90.0,84.89281911636292,0.0,0.5689655172413793,C+,60.13392374310747,81.875,83.08212764654516,64.723564523795,False,False,42.0314253647587
SWX,Southwest Gas Holdings Inc,Utilities,Gas Utilities,93.07,15.3128,3.471,10.5149,1.696979642443636,120.15,-21.61,11.62,0.25329999999999997,5.52,0.9507272727272725,25.6684,116.81250000000004,-20.392,25.6684,0.9455746031746031,11.62,0.25329999999999997,5.52,68.51063829787235,51.73026561915451,73.70370370370371,91.440329218107,52.38095238095239,69.18770446784632,0.7446808510638298,0.5319148936170213,0.8723404255319149,0.9574468085106383,B,C+,B+,A,southwestgasholdingsinc,0.0,0.8333333333333334,0.75,12.0,0.0,0.0,0.0,0.5,C,69.42579970594156,75.0,45.0,64.54063976475325,False,False,51.73026561915451
NLY,Annaly Capital Management Inc,Financials,Mortgage REITs,22.35,7.4931,2.1951,60.2963,0.9819816257397814,175.07,36.03,14.41,0.2942,1.7500000000000002,0.643771751264036,15.6832,95.6,36.03,15.6832,0.643771751264036,14.41,0.2942,1.7500000000000002,90.52000197063751,84.51986075559293,60.30150753768844,61.22278056951423,36.054421768707485,71.85390564210292,0.9852941176470589,0.9656862745098039,0.6127450980392157,0.6519607843137255,A+,A,B-,B-,annalycapitalmanagementinc,0.0,0.7058823529411765,0.6704545454545455,17.0,0.0,0.0,0.0,0.38571428571428573,C-,70.45934781897367,67.04545454545455,40.22727272727273,64.41293280063348,False,False,36.054421768707485
APH,Amphenol Corp,Information Technology,Electronic Components,141.03,40.9095,7.5643,25.9861,12.895822093799435,74.13,51.71,35.77,0.2541,19.74,0.7053692795650205,74.845,74.13,48.17399999999999,74.845,0.7053692795650205,35.77,0.2541,19.74,46.44909417905865,88.54950357756947,81.75622620264603,47.796092524747124,86.69623059866962,64.32044931588949,0.5098039215686274,0.9607843137254902,0.8627450980392157,0.43137254901960786,C+,A,B+,C,amphenolcorp,0.07333333333333336,0.8333333333333334,0.7844827586206897,24.0,0.0,0.0,0.07333333333333336,0.8780487804878049,B+,67.99007237575645,78.44827586206897,47.06896551724138,63.805851004053444,False,False,46.44909417905865
DAR,Darling Ingredients Inc,Consumer Staples,Agricultural Products & Services,64.38,45.7682,1.6205,16.6241,2.1500205384068205,30.98,11.11,1.3599999999999999,0.07429999999999999,0.73,0.9854545454545451,97.7273,30.98,11.11,85.765165,0.9843820799619225,1.3599999999999999,0.07429999999999999,0.73,30.875576036866363,87.8619128466327,24.731182795698924,98.06451612903227,92.7536231884058,56.08697550327432,0.30158730158730157,0.9365079365079365,0.20634920634920634,0.9920634920634921,C-,A,D+,A+,darlingingredientsinc,0.049707602339181256,0.9444444444444444,0.8586956521739131,18.0,90.0,84.89281911636292,0.049707602339181256,0.9166666666666666,A-,60.362337822114895,85.86956521739131,85.47886677697996,63.8028958907076,True,False,24.731182795698924
JLL,Jones Lang LaSalle Inc,Real Estate,Real Estate Services,314.85,16.306,0.5459,12.0271,1.9700472723746,68.02,11.23,12.35,0.044199999999999996,9.08,0.6811507936507938,34.2873,63.513999999999996,11.23,34.2873,0.6811507936507938,12.35,0.044199999999999996,8.9075,83.33333333333334,76.0,60.0,69.33333333333334,50.0,69.9,1.0,0.8333333333333334,0.75,0.6666666666666666,A+,B+,B,B-,joneslanglasalleinc,0.0,0.6875,0.6547619047619047,16.0,0.0,0.0,0.0,0.5,C,69.9,65.47619047619047,39.28571428571428,63.77714285714286,False,False,50.0
ULTA,Ulta Beauty Inc,Consumer Discretionary,Other Specialty Retail,518.0,19.6411,1.8281,12.1573,8.16065461683521,1.06,41.38,44.07,0.12369999999999999,40.57,0.4012525158076772,30.8709,1.06,22.80199999999999,30.8709,0.4012525158076772,44.07,0.12369999999999999,40.57,45.36191363777571,77.70519037356321,80.0,69.54022988505747,85.34798534798534,65.78956246116806,0.44594594594594594,0.8378378378378378,0.8581081081081081,0.6959459459459459,C,B+,B+,B-,ultabeautyinc,0.04873949579831938,0.7058823529411765,0.6858974358974359,34.0,0.0,0.0,0.04873949579831938,0.8461538461538461,B+,69.3243609959666,68.58974358974359,41.15384615384615,63.69025802754252,False,False,45.36191363777571
LRCX,Lam Research Corp,Information Technology,Semiconductor Materials & Equipment,258.57,47.9334,14.8302,40.6686,33.2660045286126,47.61,26.53,65.79,0.34259999999999996,46.29,0.9150307503075031,246.9807,47.61,26.53,246.9807,0.9150307503075031,65.79,0.34259999999999996,46.29,30.799374186661982,84.87630121242574,90.88403929063514,78.88000101591817,77.64227642276423,68.17211381499305,0.28104575163398693,0.9411764705882353,0.9477124183006536,0.8562091503267973,D+,A,A,B+,lamresearchcorp,0.04878048780487809,0.7804878048780488,0.7554347826086957,41.0,0.0,0.0,0.04878048780487809,0.7804878048780488,B,70.93634145726948,75.54347826086956,45.326086956521735,63.545203088565636,True,False,30.799374186661982
AROC,Archrock Inc,Energy,Oil & Gas Equipment & Services,38.87,21.1359,4.5723,10.9032,4.557338992390756,75.16,28.7,22.73,0.36369999999999997,8.290000000000001,0.955207771181867,58.2655,75.16,28.7,58.2655,0.955207771181867,22.73,0.36369999999999997,8.290000000000001,32.92569298858607,86.91842772013759,81.44654088050315,55.93160377358491,62.318840579710134,62.16306476601681,0.2037037037037037,0.9814814814814815,0.8796296296296297,0.5740740740740741,D+,A+,B+,C+,archrockinc,0.0,0.9333333333333333,0.8374999999999999,15.0,90.0,84.89281911636292,0.0,0.6666666666666666,B-,63.394948823987825,83.74999999999999,84.20712764654516,62.61568701211832,True,False,32.92569298858607
TILE,Interface Inc,Industrials,Office Services & Supplies,26.68,13.4273,1.124,8.7339,2.4107925435307087,14.79,5.41,19.759999999999998,0.11599999999999999,13.34,0.48491088286152473,38.7415,14.79,5.41,38.7415,0.48491088286152473,19.759999999999998,0.11599999999999999,13.34,84.40623654885457,63.66256261168641,62.068965517241374,61.59530125047367,50.166112956810636,66.670373288956,0.912621359223301,0.6941747572815534,0.6359223300970874,0.6456310679611651,A-,B-,B-,B-,interfaceinc,0.0,0.875,0.7500000000000001,8.0,0.0,0.0,0.0,0.5581395348837209,C+,66.68698458463706,75.00000000000001,45.00000000000001,62.34958766770965,False,False,50.166112956810636
GMED,Globus Medical Inc,Health Care,Health Care Equipment,90.6,22.7139,4.157,16.2582,2.6755576293260015,428.44,16.65,12.4,0.20329999999999998,12.389999999999999,0.7823413798316786,25.9908,428.44,16.65,25.9908,0.7823413798316786,12.4,0.20329999999999998,12.389999999999999,54.25925925925926,86.83381721630809,64.03508771929825,80.97744360902256,43.606321839080465,68.13583890970551,0.6074074074074074,0.9629629629629629,0.6888888888888889,0.837037037037037,B-,A,B-,B+,globusmedicalinc,0.0,0.7272727272727273,0.6944444444444444,22.0,0.0,0.0,0.0,0.29310344827586204,D+,67.49647109361356,69.44444444444444,41.666666666666664,62.33051020822419,False,False,43.606321839080465
SYF,Synchrony Financial,Financials,Consumer Finance,74.24,7.0002,0.73096,8.2059,1.5365192375354428,32.06,20.4839,21.41,0.1839285,11.14,0.5938765641901429,37.0247,32.06,20.4839,37.0247,0.5938765641901429,21.41,0.1839285,11.14,73.91245442900778,65.13330061800096,80.40201005025126,60.775753768844226,39.15343915343915,68.7604269971838,0.8627450980392157,0.803921568627451,0.8088235294117647,0.6372549019607843,B+,B+,B+,B-,synchronyfinancial,0.0,0.7037037037037037,0.6796875,27.0,0.0,0.0,0.0,0.45714285714285713,C,67.67577091252771,67.96875,40.78125,62.296866730022174,False,False,39.15343915343915
MCY,Mercury General Corp,Financials,Property & Casualty Insurance,95.49,9.6806,0.8741,5.8612,2.188039906694957,15.61,9.44,25.650000000000002,0.1155,20.16,0.9008793833459992,66.562,15.61,9.44,65.34807,0.9008793833459992,25.650000000000002,0.1155,20.16,59.456596709035374,43.886729077454575,86.4321608040201,94.77902332173689,33.63095238095239,69.20533985810216,0.6029411764705882,0.3872549019607843,0.8676470588235294,0.9705882352941176,B-,C-,B+,A+,mercurygeneralcorp,0.0,0.8,0.675,5.0,0.0,0.0,0.0,0.3,D+,67.5684350961974,67.5,40.5,62.15474807695793,False,False,33.63095238095239
VLY,Valley National Bancorp,Financials,Regional Banks,13.46,11.3764,2.27179,12.0425,0.9595779567976047,59.34,77.66814,8.49,0.4257981,7.430000000000001,0.885416666666667,51.236,59.34,77.66814,51.236,0.885416666666667,8.49,0.4257981,7.430000000000001,80.23820080796138,87.31432983056476,25.125628140703515,92.90836203489357,32.48847926267281,67.38549561025789,0.9166666666666666,0.9852941176470589,0.24509803921568626,0.9558823529411765,A-,A+,D+,A,valleynationalbancorp,0.0,0.8421052631578947,0.78125,19.0,0.0,0.0,0.0,0.21428571428571427,D+,65.63434353652517,78.125,46.875,61.882474829220136,False,False,25.125628140703515
DY,Dycom Industries Inc,Industrials,Construction & Engineering,429.47,45.5709,2.3105,21.1937,6.923138923815973,21.16,17.95,18.81,0.0753,9.54,0.9401491146318733,137.894,21.16,17.95,135.51259999999994,0.9401491146318733,18.81,0.0753,9.54,36.2324039090025,70.82240584192976,48.6863711001642,83.7607318789585,53.98032200357782,57.146321296469324,0.30097087378640774,0.7572815533980582,0.470873786407767,0.8737864077669902,C-,B,C,B+,dycomindustriesinc,0.0,0.95,0.87,20.0,90.0,84.89281911636292,0.0,0.686046511627907,B-,57.54435349682711,87.0,86.15712764654516,61.71594771002221,True,False,36.2324039090025
HCI,Hci Group Inc,Financials,Property & Casualty Insurance,149.25,6.5441,2.1721,1.8116,1.8625703845693062,74.84,20.1,38.04,0.4866,33.550000000000004,0.17374881964117087,1.0563,74.84,20.1,1.0563,0.17374881964117087,38.04,0.4866,27.17999999999999,70.13129372351955,78.00019725973354,93.96984924623115,34.4182450715114,33.63095238095239,68.50897420868665,0.7794117647058824,0.9264705882352942,0.9411764705882353,0.3137254901960784,B,A-,A,C-,hcigroupinc,0.0,0.75,0.6730769230769231,8.0,0.0,0.0,0.0,0.3,D+,66.8720694467819,67.3076923076923,40.38461538461538,61.5745786343486,False,False,33.63095238095239
WFRD,Weatherford International PLC,Energy,Oil & Gas Equipment & Services,109.12,17.0089,1.6147,11.8064,4.598573060082346,1.92,-8.81,28.37,0.1431,14.610000000000001,0.9542586750788644,143.9526,1.92,-8.81,143.4819,0.9542586750788644,25.689999999999998,0.1431,14.610000000000001,50.139762403913345,36.163927479511386,84.27672955974843,85.02358490566037,76.32850241545894,62.8416254679498,0.48148148148148145,0.25925925925925924,0.9074074074074074,0.9259259259259259,C,D+,A-,A-,weatherfordinternationalplc,0.011029411764705843,0.8235294117647058,0.7613636363636364,17.0,0.0,0.0,0.011029411764705843,0.7777777777777778,B,65.47447570949569,76.13636363636364,45.68181818181818,61.51594420396019,False,False,36.163927479511386
DXPE,DXP Enterprises Inc,Industrials,Trading Companies & Distributors,172.15,29.9243,1.316,17.0301,5.35805435553951,26.99,11.89,18.67,0.0877,7.7,0.9740770627395603,87.0789,26.99,11.89,87.0789,0.9739160684181986,18.67,0.0877,7.7,53.44907296698391,83.29972991646252,46.79802955665025,91.84630541871923,52.32558139534884,65.0909826979449,0.5436893203883495,0.9223300970873787,0.4368932038834951,0.9611650485436893,C+,A-,C,A,dxpenterprisesinc,0.0,0.8888888888888888,0.7678571428571428,9.0,0.0,0.0,0.0,0.6162790697674418,B-,65.32354083747978,76.78571428571428,46.07142857142856,61.47311838426955,False,False,46.79802955665025
AAPL,Apple Inc,Information Technology,"Technology Hardware, Storage & Peripherals",276.83,33.1567,9.0027,25.6008,55.46583850931677,29.01,12.76,146.69,0.3264,69.07,0.8763762189367723,34.8089,29.01,12.76,34.8089,0.8763762189367723,109.87799999999994,0.3264,53.78399999999993,47.326402596832914,59.064632348646995,93.79824288486896,52.69059577251052,85.67073170731707,62.632206994656975,0.5294117647058824,0.6601307189542484,0.9673202614379085,0.49673202614379086,C+,B-,A,C,appleinc,0.07407407407407407,0.7222222222222222,0.7076271186440678,54.0,0.0,0.0,0.07407407407407407,0.8536585365853658,B+,66.19928016538869,70.76271186440678,42.45762711864407,61.45094955603977,False,False,47.326402596832914
BAC,Bank of America Corp,Financials,Diversified Banks,52.19,11.8223,2.32875,26.6305,1.2413097613707447,18.65,99.36713,10.5,0.3273721,3.08,0.6846131215063254,27.0757,18.65,85.8019475,27.0757,0.6846131215063254,10.5,0.3273721,3.08,65.99049167405656,81.1296407407103,40.20100502512563,67.71550057982218,85.71428571428571,61.31690243890204,0.7107843137254902,0.9558823529411765,0.39215686274509803,0.7352941176470589,B,A,C-,B,bankofamericacorp,0.033333333333333326,0.8333333333333334,0.7928571428571429,30.0,0.0,0.0,0.033333333333333326,0.8428571428571429,B+,64.88833101033062,79.28571428571429,47.57142857142858,61.42495052255022,False,False,40.20100502512563
FCX,Freeport-McMoRan Inc,Materials,Copper,55.57,36.3017,4.3642,9.523,4.222355613977768,16.78,-27.98,12.0,0.2229,7.960000000000001,0.5701521708781236,47.7926,16.78,-17.278,47.7926,0.5701521708781236,12.0,0.2229,7.960000000000001,46.560846560846564,36.67225344243978,69.84126984126983,67.34693877551021,80.95238095238095,54.9043675441191,0.47619047619047616,0.23809523809523808,0.6825396825396826,0.6825396825396826,C,D+,B-,B-,freeportmcmoraninc,0.007389162561576401,0.7931034482758621,0.7573529411764707,29.0,61.0,72.22405978749369,0.007389162561576401,0.8,B,57.99960563935719,75.73529411764707,74.33080038558572,61.2658445886029,False,False,36.67225344243978
CBRE,CBRE Group Inc,Real Estate,Real Estate Services,140.05,35.4442,1.0113,18.8018,4.665145483919322,22.45,13.38,13.63,0.0432,7.31,0.3830343459839539,10.6502,22.45,13.38,10.6502,0.3830343459839539,13.63,0.0432,7.31,61.111111111111114,65.91666666666667,60.0,52.0,100.0,58.861111111111114,0.8333333333333334,0.6666666666666666,0.75,0.5,B+,B-,B,C,cbregroupinc,0.09999999999999998,0.9,0.8300000000000001,20.0,1.0,2.078103543054044,0.09999999999999998,1.0,A+,63.861111111111114,83.0,50.63124141722162,61.21513717233322,False,False,52.0
GEV,GE Vernova Inc,Industrials,Heavy Electrical Equipment,1073.95,30.4711,7.2542,38.1505,25.89559778454535,395.59,10.27,87.97,0.1547,82.54,0.8643897538925164,170.9805,107.05100000000004,10.27,135.51259999999994,0.8643897538925164,73.67999999999981,0.1547,26.983999999999988,20.26479825274603,86.39648058205759,87.192118226601,92.02439596528268,73.42192691029899,67.54840442930481,0.12135922330097088,0.9514563106796117,0.9514563106796117,0.9660194174757282,D,A,A,A,gevernovainc,0.004878048780487809,0.8048780487804879,0.7771739130434783,41.0,31.0,47.84760080798425,0.004878048780487809,0.7209302325581395,B,69.89059712033472,77.71739130434783,65.7694751058024,61.170678166479554,True,False,20.26479825274603
IQV,IQVIA Holdings Inc,Health Care,Life Sciences Tools & Services,160.94,20.082,1.6745,12.008,4.197354420079701,4.84,5.87,22.28,0.1334,6.41,0.23389679715302483,4.8606,4.84,5.87,4.8606,0.23389679715302483,22.28,0.1334,6.41,73.17620650953985,52.814158133469554,55.51378446115288,37.20508166969147,90.14778325123153,55.17634570330539,0.8444444444444444,0.5703703703703704,0.5407407407407407,0.3333333333333333,B+,C+,C+,C-,iqviaholdingsinc,0.07096774193548383,0.8709677419354839,0.8263888888888888,31.0,31.0,47.84760080798425,0.07096774193548383,0.896551724137931,B+,59.19112402842854,82.63888888888889,68.72237365652703,61.09737395404824,False,False,37.20508166969147
AX,Axos Financial Inc,Financials,Regional Banks,87.28,10.3904,2.35138,8.6272,1.839045584225675,14.36,78.88815,16.6,0.496028,12.08,0.5946860317996452,29.5532,14.36,78.88815,29.5532,0.5946860317996452,16.6,0.496028,12.08,62.545570992215985,66.14004250940226,71.35678391959799,54.00372649765683,67.2811059907834,62.50434252936531,0.6519607843137255,0.8137254901960784,0.7205882352941176,0.553921568627451,B-,B+,B,C+,axosfinancialinc,0.01098901098901095,0.8571428571428571,0.7763157894736842,14.0,0.0,0.0,0.01098901098901095,0.6571428571428571,B-,64.23245312844365,77.63157894736842,46.578947368421055,60.701751976439134,False,False,54.00372649765683
EME,EMCOR Group Inc,Industrials,Construction & Engineering,910.26,31.8462,2.3863,22.1386,11.03040614230249,31.03,16.62,39.129999999999995,0.1009,37.61,0.9783155935244505,111.5949,31.03,16.62,111.5949,0.9739160684181986,39.129999999999995,0.1009,26.983999999999988,39.780317885440084,71.14292183803991,77.66830870279146,82.04644616467276,53.98032200357782,65.00003024760042,0.3640776699029126,0.7669902912621359,0.8349514563106796,0.8495145631067961,C-,B,B+,B+,emcorgroupinc,0.0,0.7142857142857143,0.6710526315789473,14.0,0.0,0.0,0.0,0.686046511627907,B-,65.39806244795821,67.10526315789474,40.26315789473684,60.37108153731394,False,False,39.780317885440084
VMI,Valmont Industries Inc,Industrials,Industrial Machinery & Supplies & Components,507.08,26.5503,2.3658,19.9589,5.918273023935462,9.37,2.4,23.06,0.10640000000000001,15.65,0.967710394598999,64.9416,9.37,2.4,64.9416,0.967710394598999,23.06,0.10640000000000001,15.65,46.11969327402873,48.146556984516124,65.8456486042693,86.0045742434905,98.21109123434705,59.82156171517583,0.4563106796116505,0.4320388349514563,0.6796116504854369,0.8932038834951457,C,C,B-,B+,valmontindustriesinc,0.07272727272727275,0.8,0.7166666666666667,10.0,0.0,0.0,0.06624999999999998,1.0,A+,64.64267083861054,71.66666666666667,43.0,60.31413667088844,False,False,46.11969327402873
ARMK,Aramark,Consumer Discretionary,Distributors,44.78,37.1569,0.6269,13.7243,3.739644575093533,24.1,6.35,10.17,0.042199999999999994,3.4299999999999997,0.8476052249637155,33.1549,24.1,6.35,33.1549,0.8476052249637155,10.17,0.042199999999999994,3.4299999999999997,42.35476856166511,78.35623204022988,28.275862068965512,86.4367816091954,52.38095238095239,55.61626038754271,0.40540540540540543,0.8445945945945946,0.21621621621621623,0.8851351351351351,C,B+,D+,B+,aramark,0.006493506493506551,0.8636363636363636,0.8055555555555556,22.0,61.0,72.22405978749369,0.006493506493506551,0.5,C,55.85435562563795,80.55555555555556,77.22295724833081,60.12807595017652,False,False,28.275862068965512
PLUS,ePlus inc,Information Technology,Technology Distributors,85.59,17.0299,0.9587,10.06,2.3223254185965114,28.46,11.01,12.93,0.0692,12.809999999999999,0.7367430185127078,33.9856,28.46,11.01,33.9856,0.7367430185127078,12.93,0.0692,12.809999999999999,90.33790995891273,66.35004714626436,52.866053306072864,53.13617113141537,42.350332594235034,64.69823447178234,0.954248366013072,0.7189542483660131,0.5620915032679739,0.5098039215686274,A,B,C+,C+,eplusinc,0.0,0.8571428571428571,0.7291666666666667,7.0,0.0,0.0,0.0,0.4146341463414634,C,63.933267731205845,72.91666666666667,43.75,59.896614184964676,False,False,42.350332594235034
ACAD,ACADIA Pharmaceuticals Inc,Health Care,Pharmaceuticals,22.19,9.557,4.5174,26.9968,3.0790364655603044,117.79,-13.64,41.9,0.10339999999999999,41.9,0.5568345323741007,48.8263,117.79,-7.193999999999999,48.8263,0.5568345323741007,41.9,0.10339999999999999,29.947999999999997,53.06397306397306,43.47288394252959,75.68922305764411,68.49248120300751,91.18773946360153,59.58137205951171,0.5555555555555556,0.4,0.7925925925925926,0.7111111111111111,C+,C-,B,B,acadiapharmaceuticalsinc,0.0854700854700855,0.7777777777777778,0.7421875,27.0,0.0,0.0,0.0854700854700855,0.9310344827586207,A,63.70014600587186,74.21875,44.53125,59.86636680469749,False,False,43.47288394252959
ORCL,Oracle Corp,Information Technology,Application Software,180.29,32.2078,8.1478,28.5912,24.74573479555842,31.02,14.87,57.35,0.3056,11.77,0.21652853421738097,19.6112,31.02,14.87,19.6112,0.21652853421738097,57.35,0.3056,11.77,47.715342662046176,61.91363913694604,79.48945879076108,61.6217240682395,66.63763066202091,61.508273004238916,0.5359477124183006,0.6797385620915033,0.8366013071895425,0.5882352941176471,C+,B-,B+,C+,oraclecorp,0.043363499245852144,0.7884615384615384,0.7675438596491228,52.0,0.0,0.0,0.043363499245852144,0.6341463414634146,B-,63.17203607044101,76.75438596491227,46.05263157894736,59.74815517214228,False,False,47.715342662046176
PNC,PNC Financial Services Group Inc,Financials,Diversified Banks,218.04,12.1923,2.34179,14.6102,1.405065297774089,20.05,72.26733,11.98,0.345423,6.890000000000001,0.6795744154398118,31.7144,20.05,72.26733,31.7144,0.6795744154398118,11.98,0.345423,6.890000000000001,60.00344861562715,74.08582442239884,48.743718592964825,71.73173560108233,74.67532467532467,61.350303806844224,0.6176470588235294,0.8970588235294118,0.47549019607843135,0.7892156862745098,B-,B+,C,B,pncfinancialservicesgroupinc,0.025862068965517238,0.75,0.7196969696969697,28.0,0.0,0.0,0.025862068965517238,0.7428571428571429,B,63.81783627437669,71.96969696969697,43.18181818181818,59.69063265586499,False,False,48.743718592964825
TMDX,Transmedics Group Inc,Health Care,Health Care Equipment,97.08,17.6233,5.5385,30.9273,7.031725336810083,362.68,37.13,53.879999999999995,0.1793,22.009999999999998,0.11928251121076239,7.8906,362.68,37.13,7.8906,0.11928251121076239,53.879999999999995,0.1793,22.009999999999998,43.14814814814815,93.90116570939917,80.95238095238095,45.236090225563906,43.606321839080465,63.8525834621249,0.4074074074074074,0.9925925925925926,0.8444444444444444,0.4222222222222222,C,A+,B+,C,transmedicsgroupinc,0.0,0.8,0.7500000000000001,20.0,0.0,0.0,0.0,0.29310344827586204,D+,63.21321564603294,75.00000000000001,45.00000000000001,59.57057251682636,False,False,43.14814814814815
BCO,Brinks Co,Industrials,Security & Alarm Services,104.38,21.5002,0.8161,7.7784,15.448369766306035,29.64,4.97,79.36,0.1093,4.64,0.43149102541318635,14.1638,29.64,4.97,14.1638,0.43149102541318635,73.67999999999981,0.1093,4.64,82.8096354042119,69.36275923597252,58.128078817734,44.733755571193996,50.166112956810636,63.05373151691978,0.8932038834951457,0.7475728155339806,0.6019417475728155,0.4077669902912621,B+,B,B-,C,brinksco,0.0,0.8571428571428571,0.7291666666666667,7.0,0.0,0.0,0.0,0.5581395348837209,C+,63.07034281260085,72.91666666666667,43.75,59.20627425008068,False,False,44.733755571193996
KFY,Korn Ferry,Industrials,Human Resource & Employment Services,66.46,12.8412,1.1931,6.0047,1.8322976229205379,8.41,5.44,13.94,0.1307,11.55,0.38416287278121614,3.7789,8.41,5.44,3.7789,0.38416287278121614,13.94,0.1307,11.55,87.20487190524018,60.00359334062798,54.84400656814449,53.83532723434201,47.88583509513742,63.280003733340166,0.9320388349514563,0.6359223300970874,0.5631067961165048,0.5242718446601942,A,B-,C+,C+,kornferry,0.0,0.7777777777777778,0.6964285714285714,9.0,0.0,0.0,0.0,0.38372093023255816,C-,63.06858724285391,69.64285714285714,41.785714285714285,58.81201265142599,False,False,47.88583509513742
LLY,Eli Lilly and Co,Health Care,Pharmaceuticals,967.93,36.0239,12.6031,28.4617,34.4639366501337,128.83,47.44,101.30999999999999,0.4363,37.71,0.6745790618813335,17.5214,128.83,47.44,17.5214,0.6745790618813335,97.80199999999995,0.4229799999999998,29.947999999999997,25.6341189674523,90.89955706096924,97.74436090225565,59.409774436090224,79.82120051085569,65.90648626683888,0.18518518518518517,0.9777777777777777,1.0,0.6074074074074074,D,A+,A+,B-,elilillyandco,0.03950103950103956,0.7692307692307693,0.7443181818181819,39.0,0.0,0.0,0.03950103950103956,0.7931034482758621,B,68.88860631792446,74.43181818181819,44.659090909090914,58.765110099104014,True,False,25.6341189674523
AMZN,Amazon.com Inc,Consumer Discretionary,Broadline Retail,272.05,32.1664,3.9321,16.3169,7.101964950934964,36.46,14.22,23.34,0.115,18.98,0.9560975609756096,43.1993,36.46,14.22,43.1993,0.8741158750827804,23.34,0.115,18.98,22.24448586517552,85.09698275862068,67.81609195402298,82.62068965517241,26.739926739926744,61.058678937558255,0.16216216216216217,0.9054054054054054,0.6891891891891891,0.8513513513513513,D,A-,B-,B+,amazoncominc,-0.011133603238866363,0.9230769230769231,0.9006024096385543,78.0,90.0,84.89281911636292,-0.011133603238866363,0.23076923076923078,D+,58.73267161155093,90.06024096385543,87.99327222485843,58.51905791593167,True,False,22.24448586517552
GILD,Gilead Sciences Inc,Health Care,Biotechnology,132.69,19.3512,5.5938,16.7818,7.253475316099338,1903.07,2.4,41.02,0.3404,21.57,0.6031938059520929,27.9803,1389.2,2.4,27.9803,0.6031938059520929,41.02,0.3404,21.57,51.27384960718294,59.60342274828987,87.71929824561403,62.70008354218881,23.029556650246306,64.20898822129499,0.5333333333333333,0.7037037037037037,0.9259259259259259,0.6444444444444445,C+,B,A-,B-,gileadsciencesinc,-0.015939015939016032,0.7948717948717948,0.7670454545454545,39.0,0.0,0.0,-0.015939015939016032,0.20689655172413793,D+,61.511943886319614,76.70454545454545,46.02272727272727,58.414100563601146,False,False,23.029556650246306
GE,General Electric Co,Industrials,Aerospace & Defense,280.52,33.9012,6.0558,30.2529,15.752028525704018,26.27,21.75,46.22,0.1666,22.25,0.5244892247411137,35.0602,26.27,21.75,35.0602,0.5244892247411137,46.22,0.1666,22.25,20.607553366174056,84.47480037078681,85.05747126436782,49.63546798029556,77.39534883720931,58.23830982785195,0.1262135922330097,0.9271844660194175,0.9174757281553398,0.46601941747572817,D,A-,A-,C,generalelectricco,0.008898776418242549,0.8709677419354839,0.8263888888888888,31.0,90.0,84.89281911636292,0.008898776418242549,0.7674418604651163,B,60.977844711572885,82.63888888888889,83.5404609798785,58.16244087009497,True,False,20.607553366174056
KOP,Koppers Holdings Inc,Materials,Commodity Chemicals,39.84,13.6799,0.4076,7.4571,1.3503803028865058,14.14,-10.17,10.45,0.07490000000000001,3.7699999999999996,0.8671607753705817,66.6402,14.14,-10.17,66.6402,0.8671607753705817,10.45,0.07490000000000001,3.7699999999999996,92.06349206349206,39.61038961038961,42.32804232804232,79.48930296756383,43.18181818181819,62.41782211347429,0.9841269841269841,0.2698412698412698,0.36507936507936506,0.7936507936507936,A+,D+,C-,B,koppersholdingsinc,0.0,0.8571428571428571,0.7291666666666667,7.0,0.0,0.0,0.0,0.45,C,61.73600393165611,72.91666666666667,43.75,58.138803145324886,False,False,39.61038961038961
OSIS,OSI Systems Inc,Information Technology,Electronic Equipment & Instruments,282.87,30.2808,2.579,20.2104,4.994967420670657,13.33,8.96,16.91,0.12300000000000001,9.28,0.7321590197034045,25.7983,13.33,8.96,25.7983,0.7321590197034045,16.91,0.12300000000000001,9.28,67.01612785308008,58.60110681894224,55.26467843015246,59.64870481698828,67.47967479674797,59.22016389799424,0.7320261437908496,0.6470588235294118,0.5816993464052288,0.5620915032679739,B,B-,C+,C+,osisystemsinc,0.023809523809523725,0.8571428571428571,0.7763157894736842,14.0,0.0,0.0,0.023809523809523725,0.6585365853658537,B-,60.96813137766904,77.63157894736842,46.578947368421055,58.09029457581945,False,False,55.26467843015246
SMP,Standard Motor Products Inc,Consumer Discretionary,Automotive Parts & Equipment,37.34,20.0752,0.4633,7.4121,1.209494564724479,48.96,22.36,6.15,0.0762,3.19,0.5306233062330625,33.9792,48.96,22.36,33.9792,0.5306233062330625,6.15,0.0762,3.19,73.31624728176452,93.51941306645529,29.655172413793107,66.13555291319858,38.2943143812709,62.67384811982018,0.8040540540540541,0.972972972972973,0.23648648648648649,0.6621621621621622,B+,A+,D+,B-,standardmotorproductsinc,0.0,0.8571428571428571,0.7291666666666667,7.0,0.0,0.0,0.0,0.36538461538461536,C-,61.503279557947266,72.91666666666667,43.75,57.952623646357814,False,False,29.655172413793107
ENSG,Ensign Group Inc,Health Care,Health Care Facilities,182.03,31.2609,2.126,19.1208,4.737687296501717,14.27,18.72,16.59,0.08410000000000001,15.509999999999998,0.5999777580071174,37.568,14.27,18.72,37.568,0.5999777580071174,16.59,0.08410000000000001,15.509999999999998,50.44893378226712,68.99824672640973,58.1453634085213,76.26134301270417,49.85007496251874,61.20049224551989,0.5185185185185185,0.7703703703703704,0.5925925925925926,0.8,C+,B,C+,B,ensigngroupinc,0.0,0.8181818181818182,0.734375,11.0,0.0,0.0,0.0,0.46551724137931033,C,61.185499741771764,73.4375,44.0625,57.760899793417416,False,False,49.85007496251874
AVGO,Broadcom Inc,Information Technology,Semiconductors,416.5,78.968,28.8801,66.0059,24.290529900971624,147.22,25.22,32.85,0.4077,17.630000000000003,0.9451086257873763,104.5276,147.22,25.22,104.5276,0.9451086257873763,32.85,0.4077,17.630000000000003,20.248278282230117,82.42209140404904,84.59338933582234,64.35398942900864,24.671669793621014,60.56563307112465,0.1503267973856209,0.9150326797385621,0.8758169934640523,0.6013071895424836,D,A-,B+,B-,broadcominc,-0.034461152882205526,0.9298245614035088,0.8991935483870968,57.0,90.0,84.89281911636292,-0.034461152882205526,0.24390243902439024,D+,58.032800050486756,89.91935483870968,87.90874054977098,57.61764815690244,True,False,20.248278282230117
FIVE,Five Below Inc,Consumer Discretionary,Specialty Stores,231.1,36.0118,2.7109,18.7701,5.81928244797647,40.49,22.9,18.14,0.096,18.14,0.8807435376125473,174.1075,40.49,22.80199999999999,70.81763999999993,0.8741158750827804,18.14,0.096,18.14,23.117427772600184,92.79757957559681,61.609195402298845,98.14323607427056,92.67399267399267,64.36981892369823,0.18243243243243243,0.9662162162162162,0.6283783783783784,1.0,D,A,B-,A+,fivebelowinc,0.07291666666666663,0.6666666666666666,0.6513157894736843,33.0,0.0,0.0,0.07291666666666663,0.9230769230769231,A-,68.6372181910975,65.13157894736842,39.078947368421055,57.47017893244484,True,False,23.117427772600184
OVV,Ovintiv Inc,Energy,Oil & Gas Exploration & Production,62.93,14.3561,2.0016,6.8628,1.4238651841996897,15.07,-2.67,11.86,0.127,7.86,0.9976462676529926,77.3176,15.07,-2.67,77.3176,0.9948119879273926,11.86,0.127,7.86,65.25739576054042,54.49488033954905,57.861635220125784,82.49637155297532,26.851851851851848,63.17800812367143,0.8148148148148148,0.5925925925925926,0.5925925925925926,0.8888888888888888,B+,C+,C+,B+,ovintivinc,-0.08148148148148149,0.7333333333333333,0.7071428571428571,30.0,0.0,0.0,-0.08148148148148149,0.2222222222222222,D+,60.863193308856616,70.71428571428571,42.42857142857142,57.17626893279958,False,False,26.851851851851848
KLAC,KLA Corp,Information Technology,Semiconductor Materials & Equipment,1713.32,49.2709,17.6213,38.5844,48.20455395904081,44.58,17.49,95.22,0.4199,42.71,0.8211836182550293,145.4051,44.58,17.49,145.4051,0.8211836182550293,95.22,0.4199,42.71,29.95130938281353,75.11863036023661,93.9863993955287,57.48980739013237,71.44308943089432,62.50611474465935,0.2679738562091503,0.869281045751634,0.9738562091503268,0.5490196078431373,D+,B+,A+,C+,klacorp,0.04504504504504503,0.6666666666666666,0.6524390243902438,36.0,0.0,0.0,0.04504504504504503,0.7073170731707317,B,64.65042368774878,65.24390243902438,39.14634146341463,57.10729491968533,True,False,29.95130938281353
DIS,Walt Disney Co,Communication Services,Movies & Entertainment,101.31,14.6868,1.88,11.9317,1.6791415842371846,120.36,3.47,11.35,0.1353,8.09,0.33352337514253144,9.5362,120.36,3.47,9.5362,0.33352337514253144,11.35,0.1353,8.09,51.377091377091375,70.4679089026915,48.12169312169312,50.349206349206355,100.0,54.03811917507569,0.5405405405405406,0.8108108108108109,0.3783783783783784,0.4864864864864865,C+,B+,C-,C,waltdisneyco,0.05405405405405406,0.8378378378378378,0.8035714285714285,37.0,1.0,2.078103543054044,0.04937160763247719,1.0,A+,59.03811917507569,80.35714285714285,49.04552713150733,57.03960076636202,False,False,48.12169312169312
SEIC,SEI Investments Co,Financials,Asset Management & Custody Banks,91.27,14.8501,4.6294,12.5388,4.557643428194769,27.6,9.37,30.64,0.31829999999999997,30.54,0.8575211864406781,14.1018,27.6,9.37,14.1018,0.8575211864406781,30.64,0.31829999999999997,27.17999999999999,29.571879002857425,62.86202838809814,90.95477386934674,67.11557788944722,72.78911564625851,61.12718447356012,0.25,0.75,0.9117647058823529,0.7205882352941176,D+,B,A-,B,seiinvestmentsco,0.015151515151515138,0.8333333333333334,0.75,12.0,0.0,0.0,0.015151515151515138,0.7142857142857143,B,63.40609603818597,75.0,45.0,56.73863298902134,True,False,29.571879002857425
CSCO,Cisco Systems Inc,Information Technology,Communications Equipment,92.63,33.0335,6.1957,27.1683,7.830754924338489,21.66,9.0,23.64,0.2275,14.63,0.9863847045191194,56.1267,21.66,9.0,56.1267,0.9822097484633927,23.64,0.2275,14.63,51.236273778713574,54.00133118864052,74.50182971095012,65.92328547935463,48.992576882290564,60.41944920601495,0.5620915032679739,0.5882352941176471,0.7647058823529411,0.6601307189542484,C+,C+,B,B-,ciscosystemsinc,0.009072580645161255,0.71875,0.695945945945946,32.0,0.0,0.0,0.009072580645161255,0.4878048780487805,C,60.31870689424401,69.59459459459461,41.756756756756765,56.60631686674657,False,False,48.992576882290564
PLXS,Plexus Corp,Information Technology,Electronic Manufacturing Services,262.55,39.4646,1.6908,24.5558,4.842398421217655,56.35,1.82,12.389999999999999,0.0509,11.129999999999999,0.9391864042559438,105.406,56.35,1.82,105.406,0.9391864042559438,12.389999999999999,0.0509,11.129999999999999,64.34326154026114,50.4713599283459,48.639198779205,64.84456099283425,91.51643690349948,56.30879926410257,0.6993464052287581,0.5032679738562091,0.46405228758169936,0.6274509803921569,B-,C+,C,B-,plexuscorp,0.07692307692307687,0.6923076923076923,0.6527777777777778,13.0,0.0,0.0,0.07692307692307687,0.926829268292683,A-,60.46044295445252,65.27777777777779,39.16666666666667,56.201687696895355,False,False,48.639198779205
DOCN,DigitalOcean Holdings Inc,Information Technology,Internet Services & Infrastructure,108.81,42.9704,12.3588,34.3968,221.24847498983326,182.74,15.48,-20.080000000000002,0.2275,-1.73,0.9961708747158072,234.183,182.74,15.48,234.183,0.9822097484633927,-9.676,0.2275,-1.73,36.74606307847524,78.29782074748518,29.87095722772864,94.33068820152691,83.73983739837398,56.179956866353386,0.3464052287581699,0.8823529411764706,0.2549019607843137,0.9934640522875817,C-,B+,D+,A+,digitaloceanholdingsinc,0.06190476190476191,0.7619047619047619,0.7211538461538463,21.0,0.0,0.0,0.06190476190476191,0.8292682926829268,B+,59.553940606190785,72.11538461538463,43.269230769230774,56.195811222944734,True,False,29.87095722772864
MTZ,MasTec Inc,Industrials,Construction & Engineering,425.39,74.3206,2.1886,29.8167,10.29735709478923,111.21,22.59,14.249999999999998,0.0496,8.14,0.9875068455640743,201.9735,107.05100000000004,22.505999999999982,135.51259999999994,0.9739160684181986,14.249999999999998,0.0496,8.14,26.435187399365503,94.9385763349998,37.02791461412151,90.59254046446165,29.427549194991055,57.97199886326405,0.1796116504854369,0.9975728155339806,0.32038834951456313,0.9466019417475728,D,A+,C-,A,mastecinc,-0.004615384615384577,0.88,0.8250000000000001,25.0,90.0,84.89281911636292,-0.004615384615384577,0.23255813953488372,D+,55.91475378276316,82.5,83.45712764654516,56.19032728780418,True,False,26.435187399365503
CDNS,Cadence Design Systems Inc,Information Technology,Application Software,349.51,86.8944,18.1915,62.7697,17.353591023062982,5.27,14.12,21.68,0.2817,14.6,0.7630963270475654,13.422,5.27,14.12,13.422,0.7630963270475654,21.68,0.2817,14.6,20.919419221827436,46.55386970886528,76.3663570232751,71.6794121667462,91.2020905923345,52.96810043639793,0.16339869281045752,0.43137254901960786,0.7908496732026143,0.7254901960784313,D,C,B,B,cadencedesignsystemsinc,0.09375,0.90625,0.8581081081081081,32.0,61.0,72.22405978749369,0.09375,0.9024390243902439,A-,57.088309495631385,85.8108108108108,80.37611040148396,55.984939679178716,True,False,20.919419221827436
AN,AutoNation Inc,Consumer Discretionary,Automotive Retail,202.66,10.2592,0.2534,11.1444,3.0471109881534653,9.32,1.94,26.700000000000003,0.0443,5.6000000000000005,0.528206970894718,14.6526,9.32,1.94,14.6526,0.528206970894718,26.700000000000003,0.0443,5.6000000000000005,78.98570984777882,54.602471713362064,43.218390804597696,58.771551724137936,63.210702341137115,58.22582985059413,0.8581081081081081,0.527027027027027,0.4189189189189189,0.5608108108108109,B+,C+,C,C+,autonationinc,0.012987012987012991,0.7272727272727273,0.6944444444444444,22.0,0.0,0.0,0.012987012987012991,0.6153846153846154,B-,59.54690008470784,69.44444444444444,41.666666666666664,55.97085340109961,False,False,43.218390804597696
USFD,US Foods Holding Corp,Consumer Staples,Food Distributors,91.06,29.6676,0.5087,15.2446,4.66187816453266,45.9,4.08,15.010000000000002,0.0304,7.02,0.6893067639629528,34.109,45.9,4.08,34.109,0.6893067639629528,15.010000000000002,0.0304,7.02,55.256869772998805,77.76570458404075,36.02150537634409,79.17419354838711,40.57971014492754,59.207573413821294,0.6349206349206349,0.8412698412698413,0.30158730158730157,0.7777777777777778,B-,B+,C-,B,usfoodsholdingcorp,-0.007246376811594235,0.8260869565217391,0.7767857142857143,23.0,0.0,0.0,-0.007246376811594235,0.4166666666666667,C,58.265544428314044,77.67857142857143,46.607142857142854,55.93386411407981,False,False,36.02150537634409
RCL,Royal Caribbean Cruises Ltd,Consumer Discretionary,"Hotels, Resorts & Cruise Lines",259.48,15.5371,3.7846,13.0961,6.991073906331248,37.86,9.75,45.81,0.27690000000000003,14.82,0.2542160278745646,12.8419,37.86,9.75,12.8419,0.2542160278745646,45.81,0.26942,14.82,41.486486486486484,86.69302170762126,82.183908045977,43.38557993730407,21.070234113712374,61.93331896210094,0.3918918918918919,0.9324324324324325,0.902027027027027,0.3918918918918919,C-,A,A-,C-,royalcaribbeancruisesltd,-0.02941176470588225,0.7352941176470589,0.7115384615384616,34.0,0.0,0.0,-0.02941176470588225,0.15384615384615385,D,59.04034237347218,71.15384615384616,42.69230769230769,55.77073543723929,False,False,21.070234113712374
WMT,Walmart Inc,Consumer Staples,Consumer Staples Merchandise Retail,130.33,48.3182,1.4833,25.9092,10.427484458383674,13.49,4.73,23.69,0.0418,15.17,0.8981308411214957,31.9797,13.49,4.73,31.9797,0.8981308411214957,23.69,0.0418,15.17,24.935995903737844,67.13464803447826,54.30107526881721,85.28535980148884,36.50793650793651,55.29326936033218,0.19047619047619047,0.7142857142857143,0.5238095238095238,0.8412698412698413,D,B,C+,B+,walmartinc,-0.022108843537415046,0.9166666666666666,0.8820754716981133,48.0,90.0,84.89281911636292,-0.022108843537415046,0.3333333333333333,C-,53.944063011125834,88.20754716981133,86.88165594843197,55.7034673520331,True,False,24.935995903737844
WS,Worthington Steel Inc,Materials,Steel,38.06,16.3654,0.595,9.1705,1.7557294165405763,12.12,5.55,11.01,0.0417,9.25,0.5546201643615956,43.2982,12.12,5.55,43.2982,0.5546201643615956,11.01,0.0417,9.25,81.48148148148148,57.67445947355992,49.470899470899475,51.31910235358511,43.18181818181819,59.536807603524245,0.8888888888888888,0.6190476190476191,0.4603174603174603,0.47619047619047616,B+,B-,C,C,worthingtonsteelinc,0.0,0.8,0.7166666666666667,10.0,0.0,0.0,0.0,0.45,C,58.854989421706065,71.66666666666667,43.0,55.683991537364854,False,False,43.18181818181819
TTMI,TTM Technologies Inc,Information Technology,Electronic Manufacturing Services,157.47,81.8748,5.2915,58.1676,9.23767342269674,241.37,24.12,10.61,0.0974,6.81,0.8559370803759833,529.125,241.37,24.12,463.2751999999991,0.8559370803759833,10.61,0.0974,6.81,33.56143352195465,92.86745839521922,44.659021882454034,77.31263776332446,51.11346765641569,58.591133082810906,0.29411764705882354,0.9869281045751634,0.43790849673202614,0.8366013071895425,D+,A+,C,B+,ttmtechnologiesinc,0.009090909090909038,0.9090909090909091,0.796875,11.0,0.0,0.0,0.009090909090909038,0.5121951219512195,C+,58.70247984845248,79.6875,47.8125,54.94512329979658,True,False,33.56143352195465
URI,United Rentals Inc,Industrials,Trading Companies & Distributors,925.21,23.1198,3.5418,15.942,6.50948022516986,1.45,5.05,27.88,0.24670000000000003,10.95,0.744186664540647,39.0457,1.45,5.05,39.0457,0.744186664540647,27.88,0.24670000000000003,10.95,49.11122801983197,45.1115799438298,76.84729064039408,61.31625615763548,52.32558139534884,57.77519688534957,0.5,0.3883495145631068,0.8203883495145631,0.6407766990291263,C,C-,B+,B-,unitedrentalsinc,0.0,0.7407407407407407,0.7109375,27.0,0.0,0.0,0.0,0.6162790697674418,B-,58.00775502488446,71.09375,42.65625,54.93745401990757,False,False,45.1115799438298
MOG-A,Moog Inc,Industrials,Aerospace & Defense,307.0,33.9213,2.3319,19.4873,5.1522601975312785,38.77,13.79,14.16,0.09119999999999999,8.94,0.742200612710493,73.5346,38.77,13.79,73.5346,0.742200612710493,14.16,0.09119999999999999,8.94,41.113077303234654,80.46742466753773,45.648604269293934,74.78325123152709,46.139534883720934,57.74055557294511,0.38349514563106796,0.9029126213592233,0.4174757281553398,0.7718446601941747,C-,A-,C,B,mooginc,0.0,0.8333333333333334,0.75,12.0,0.0,0.0,0.0,0.32558139534883723,C-,57.3545090613172,75.0,45.0,54.88360724905377,False,False,41.113077303234654
AIZ,Assurant Inc,Financials,Multi-line Insurance,229.12,13.0198,0.8864,8.1095,1.9430056207407709,18.42,7.92,15.61,0.0934,11.28,0.7267850756943617,16.2928,18.42,7.92,16.2928,0.7267850756943617,15.61,0.0934,11.28,49.493792491871126,56.615735299355336,65.32663316582915,67.99925553694399,36.054421768707485,58.62810458168494,0.46078431372549017,0.6176470588235294,0.6617647058823529,0.7401960784313726,C,B-,B-,B,assurantinc,0.0,0.8333333333333334,0.75,12.0,0.0,0.0,0.0,0.38571428571428573,C-,57.23354675855568,75.0,45.0,54.78683740684455,False,False,36.054421768707485
XPEL,Xpel Inc,Consumer Discretionary,Automotive Parts & Equipment,47.92,25.8949,2.7856,18.5115,4.719508351717617,13.49,13.27,19.689999999999998,0.1316,19.68,0.7015315651849087,60.4285,13.49,13.27,60.4285,0.7015315651849087,19.689999999999998,0.1316,19.68,26.73035104069587,81.54045283392786,69.6551724137931,86.01664684898928,38.2943143812709,62.607800800205666,0.22297297297297297,0.8783783783783784,0.7297297297297297,0.8783783783783784,D+,B+,B,B+,xpelinc,0.0,0.8888888888888888,0.7678571428571428,9.0,0.0,0.0,0.0,0.36538461538461536,C-,61.437232238332754,76.78571428571428,46.07142857142856,54.65716426071849,True,False,26.73035104069587
CHEF,Chefs' Warehouse Inc,Consumer Staples,Food Distributors,77.99,43.1343,0.7522,18.8611,5.249978122286322,29.77,9.36,12.690000000000001,0.035,5.6000000000000005,0.9460026712459452,30.1134,29.77,9.36,30.1134,0.9460026712459452,12.690000000000001,0.035,5.6000000000000005,38.769414575866186,82.53084323712508,32.79569892473118,81.21290322580646,59.420289855072475,55.64002766773565,0.3492063492063492,0.9047619047619048,0.2698412698412698,0.8095238095238095,C-,A-,D+,B+,chefswarehouseinc,0.0,0.8571428571428571,0.7763157894736842,14.0,0.0,0.0,0.0,0.5,C,56.5820566532429,77.63157894736842,46.578947368421055,54.5597754967562,True,False,32.79569892473118
LQDT,Liquidity Services Inc,Industrials,Diversified Support Services,35.82,37.7413,2.3628,19.9438,5.406547628031938,21.77,14.78,14.46,0.0785,14.46,0.9658703071672355,11.6932,21.77,14.78,11.6932,0.9658703071672355,14.46,0.0785,14.46,38.6787188929807,82.32885736418805,49.67159277504104,68.33919774806473,47.88583509513742,57.221188939456,0.3446601941747573,0.9174757281553398,0.5048543689320388,0.6990291262135923,C-,A-,C+,B-,liquidityservicesinc,0.0,0.875,0.7500000000000001,8.0,0.0,0.0,0.0,0.38372093023255816,C-,57.00977244896974,75.00000000000001,45.00000000000001,54.4620203869547,True,False,38.6787188929807
EZPW,EZCORP Inc,Financials,Consumer Finance,32.61,16.3353,1.5026,10.225,1.9363228273519701,43.71,13.06,12.479999999999999,0.12560000000000002,8.04,0.9738787580088714,108.3706,43.71,13.06,65.34807,0.9506182088450298,12.479999999999999,0.12560000000000002,8.04,39.20583308700365,61.77825208786436,52.26130653266332,94.21168341708542,39.15343915343915,59.064772005906704,0.3137254901960784,0.7205882352941176,0.5343137254901961,0.9632352941176471,C-,B,C+,A,ezcorpinc,0.0,0.7692307692307693,0.7083333333333334,13.0,0.0,0.0,0.0,0.45714285714285713,C,57.98011592125062,70.83333333333334,42.50000000000001,53.88864595696667,True,False,39.15343915343915
CVCO,Cavco Industries Inc,Consumer Discretionary,Homebuilding,479.45,20.1571,1.6876,14.7313,3.6065250685273607,13.34,14.3,17.14,0.09789999999999999,17.02,0.2689412317082714,2.4043,13.34,14.3,2.4043,0.2689412317082714,17.14,0.09789999999999999,17.02,40.08853681267474,87.54190613026819,58.50574712643678,47.77777777777777,39.56043956043956,56.71250776638708,0.35135135135135137,0.9459459459459459,0.5675675675675675,0.44594594594594594,C-,A,C+,C,cavcoindustriesinc,0.0,0.875,0.7500000000000001,8.0,0.0,0.0,0.0,0.4230769230769231,C,55.66855172243103,75.00000000000001,45.00000000000001,53.53484137794483,False,False,39.56043956043956
FLS,Flowserve Corp,Industrials,Industrial Machinery & Supplies & Components,70.41,25.9769,1.9019,14.9956,4.081502521592951,22.82,3.76,15.809999999999999,0.0823,9.36,0.5348837209302325,48.294,22.82,3.76,48.294,0.5348837209302325,15.809999999999999,0.0823,9.36,57.23053868350152,63.96739338247324,46.14121510673235,60.059817030260376,50.13416815742397,55.64838053010519,0.6067961165048543,0.7038834951456311,0.42718446601941745,0.6310679611650486,B-,B,C,B-,flowservecorp,0.0,0.7647058823529411,0.7159090909090908,17.0,0.0,0.0,0.0,0.43023255813953487,C,55.66179734584759,71.59090909090908,42.954545454545446,53.12034696758717,False,False,46.14121510673235
RRR,Red Rock Resorts Inc,Consumer Discretionary,Casinos & Gaming,51.68,28.8611,2.6984,10.8579,26.041824137062232,5.98,3.74,85.64,0.3012,5.18,0.35265519820493646,17.9639,5.98,3.74,17.9639,0.35265519820493646,85.64,0.26942,5.18,38.468468468468465,58.058815627000826,73.2183908045977,53.69797859690844,56.043956043956044,55.2730736630484,0.32432432432432434,0.6148648648648649,0.7837837837837838,0.5202702702702703,C-,B-,B,C+,redrockresortsinc,0.010526315789473717,0.8,0.7500000000000001,20.0,0.0,0.0,0.010526315789473717,0.5384615384615384,C+,55.877469267444006,75.00000000000001,45.00000000000001,53.0125581620193,True,False,38.468468468468465
SNDK,Sandisk Corp,Information Technology,"Technology Hardware, Storage & Peripherals",1255.86,38.8734,13.289,31.9961,19.895347676689905,,82.76,42.33,0.4073,38.86,0.9845015538701835,3550.7559,,48.17399999999999,463.2751999999991,0.9822097484633927,42.33,0.4073,38.86,38.736091006126536,74.16107382550335,90.41290724032179,97.25960836354632,97.96747967479675,71.57138599942202,0.38562091503267976,0.8562091503267973,0.934640522875817,1.0,C-,B+,A,A+,sandiskcorp,0.10052910052910047,0.8148148148148148,0.7734375,27.0,0.0,0.0,0.10052910052910047,0.9512195121951219,A,76.3681339669017,77.34375,46.40625,52.78181788014101,False,False,38.736091006126536
DCOM,Dime Community Bancshares Inc,Financials,Regional Banks,35.52,14.0841,2.11729,11.6797,1.0557132454563019,225.06,42.91451,7.670000000000001,0.4435096,6.45,0.8308042488619122,33.2833,95.6,42.91451,33.2833,0.8308042488619122,7.670000000000001,0.4435096,6.45,65.6788846191743,67.63529689618872,21.608040201005025,81.70967195528202,32.48847926267281,56.69072497533898,0.7058823529411765,0.8431372549019608,0.2107843137254902,0.8480392156862745,B,B+,D+,B+,dimecommunitybancsharesinc,0.0,0.8181818181818182,0.734375,11.0,0.0,0.0,0.0,0.21428571428571427,D+,54.93957290160626,73.4375,44.0625,52.76415832128501,False,False,21.608040201005025
BURL,Burlington Stores Inc,Consumer Discretionary,Apparel Retail,309.27,31.7249,1.6735,15.6284,10.732653613642515,22.08,8.76,39.79,0.0722,17.5,0.680642016050401,31.0466,22.08,8.76,31.0466,0.680642016050401,39.79,0.0722,17.5,31.492699596147872,80.45109988109394,64.13793103448276,72.41379310344828,33.875739644970416,59.4806362545661,0.25675675675675674,0.8648648648648649,0.6452702702702703,0.7162162162162162,D+,B+,B-,B,burlingtonstoresinc,0.0,0.7916666666666666,0.75,24.0,0.0,0.0,0.0,0.28846153846153844,D+,57.868210219063144,75.0,45.0,52.716645740053025,True,False,31.492699596147872
LMAT,LeMaitre Vascular Inc,Health Care,Health Care Equipment,111.53,43.5375,10.0704,36.0813,6.4542077059293295,27.88,13.53,15.58,0.2721,10.71,0.8379995949989875,41.7154,27.88,13.53,41.7154,0.8379995949989875,15.58,0.2721,10.71,23.131313131313135,65.33209069894843,69.17293233082705,84.90225563909775,88.50574712643677,58.122930633144286,0.16296296296296298,0.7333333333333333,0.7111111111111111,0.8740740740740741,D,B,B,B+,lemaitrevascularinc,0.0404411764705882,0.6875,0.6547619047619047,16.0,0.0,0.0,0.0404411764705882,0.8620689655172413,B+,61.97350534578796,65.47619047619047,39.28571428571428,52.064622448114804,True,False,23.131313131313135
ADI,Analog Devices Inc,Information Technology,Semiconductors,397.02,71.5717,16.4785,47.653,5.748872365534567,74.57,25.91,7.920000000000001,0.2924,6.370000000000001,0.9469898650226518,99.9194,74.57,25.91,99.9194,0.9469898650226518,7.920000000000001,0.2924,6.370000000000001,25.54137240280154,80.81405070422764,52.64974739618057,60.78316405899219,98.12382739212008,52.86722290238949,0.20261437908496732,0.8954248366013072,0.5490196078431373,0.5751633986928104,D+,B+,C+,C+,analogdevicesinc,0.1315938740782756,0.8292682926829268,0.7989130434782609,41.0,0.0,0.0,0.10052910052910047,0.975609756097561,A+,57.6796056416015,79.8913043478261,47.934782608695656,51.6236934685507,True,False,25.54137240280154
ACA,Arcosa Inc,Industrials,Construction & Engineering,123.19,29.0233,2.0977,13.0368,2.2852701271284697,121.29,12.2,8.18,0.1186,5.0,0.8419348310058692,46.4978,107.05100000000004,12.2,46.4978,0.8419348310058692,8.18,0.1186,5.0,57.204632773765674,78.72464248559797,35.79638752052545,55.31878958479944,20.214669051878353,55.05894148765226,0.6019417475728155,0.8737864077669902,0.3058252427184466,0.5631067961165048,B-,B+,C-,C+,arcosainc,-0.011111111111111183,0.8888888888888888,0.7678571428571428,9.0,0.0,0.0,-0.011111111111111183,0.16279069767441862,D,52.0804083928401,76.78571428571428,46.07142857142856,50.878612428557794,False,False,20.214669051878353
TJX,TJX Companies Inc,Consumer Discretionary,Apparel Retail,154.64,31.0638,2.8269,19.858,16.80084308421064,14.36,7.12,59.53000000000001,0.1189,45.410000000000004,0.7568481605933076,19.6811,14.36,7.12,19.6811,0.7568481605933076,59.53000000000001,0.1189,41.201999999999984,23.328673501087298,68.81502675386444,82.183908045977,68.60879904875148,33.875739644970416,58.86291054728926,0.1891891891891892,0.7567567567567568,0.902027027027027,0.6891891891891891,D,B,A-,B-,tjxcompaniesinc,0.0,0.84,0.7916666666666666,25.0,0.0,0.0,0.0,0.28846153846153844,D+,57.250484511786304,79.16666666666666,47.49999999999999,50.853937524616846,True,False,23.328673501087298
IBOC,International Bancshares Corp,Financials,Regional Banks,71.12,10.6822,3.41763,9.3774,1.3597586390177312,0.83,69.21539,13.41,0.6315208,10.86,0.6976906927921628,13.3025,0.83,69.21539,13.3025,0.6976906927921628,13.41,0.6162802,10.86,68.59419647255888,50.809374203755574,54.773869346733676,41.63514200214556,32.48847926267281,54.33091969600337,0.7598039215686274,0.4950980392156863,0.5588235294117647,0.4019607843137255,B,C,C+,C,internationalbancsharescorp,0.0,0.8571428571428571,0.7291666666666667,7.0,0.0,0.0,0.0,0.21428571428571427,D+,52.57976762227065,72.91666666666667,43.75,50.813814097816525,False,False,32.48847926267281
BCPC,Balchem Corp,Materials,Specialty Chemicals,162.1,32.575,4.8701,20.1211,4.132789773321197,16.84,9.62,12.379999999999999,0.2023,10.92,0.512631343617259,0.1421,16.84,9.62,0.1421,0.512631343617259,12.379999999999999,0.2023,10.92,31.746031746031747,80.83857961875235,76.19047619047619,40.317460317460316,40.909090909090914,56.215334971369515,0.2777777777777778,0.8571428571428571,0.7936507936507936,0.3333333333333333,D+,B+,B,C-,balchemcorp,0.0,0.7777777777777778,0.6964285714285714,9.0,0.0,0.0,0.0,0.2,D,55.30624406227861,69.64285714285714,41.785714285714285,50.702616453103104,True,False,31.746031746031747
TDY,Teledyne Technologies Inc,Information Technology,Electronic Equipment & Instruments,637.58,31.6582,4.7445,22.3174,2.8007692692908157,2.46,6.62,8.85,0.19269999999999998,7.140000000000001,0.7546928186982104,33.1537,2.46,6.62,33.1537,0.7546928186982104,8.85,0.19269999999999998,7.140000000000001,56.73553537746195,44.78957736549896,52.26158199623686,64.46429697950732,38.82113821138211,54.10005421242596,0.6013071895424836,0.38562091503267976,0.5424836601307189,0.6078431372549019,B-,C-,C+,B-,teledynetechnologiesinc,0.0,0.7222222222222222,0.6847826086956522,18.0,0.0,0.0,0.0,0.34146341463414637,C-,52.98216803356417,68.47826086956522,41.08695652173913,50.60312573119917,False,False,38.82113821138211
UMBF,UMB Financial Corp,Financials,Regional Banks,129.41,14.0242,2.36702,13.4252,1.2776994498615766,4.25,72.21914,9.629999999999999,0.3178459,6.52,0.8252933507170791,28.9715,4.25,72.21914,28.9715,0.8252933507170791,9.629999999999999,0.3178459,6.52,56.87259828554538,55.62635291041056,34.67336683417086,71.54536728586754,32.48847926267281,53.32083531918468,0.5686274509803921,0.5784313725490197,0.3382352941176471,0.7794117647058824,C+,C+,C-,B,umbfinancialcorp,0.0,0.8333333333333334,0.7717391304347826,18.0,0.0,0.0,0.0,0.21428571428571427,D+,51.56968324545196,77.17391304347827,46.30434782608696,50.516616161578966,False,False,32.48847926267281
PH,Parker-Hannifin Corp,Industrials,Industrial Machinery & Supplies & Components,867.75,30.7627,5.3178,24.9768,8.029317302149387,13.38,2.78,25.650000000000002,0.21050000000000002,15.049999999999999,0.6080862533692722,40.1813,13.38,2.78,40.1813,0.6080862533692722,25.650000000000002,0.21050000000000002,15.049999999999999,27.608525834170294,52.523893635443024,80.13136288998358,57.705840957072496,76.47584973166369,53.98091909954157,0.2087378640776699,0.5485436893203883,0.8640776699029126,0.5922330097087378,D+,C+,B+,C+,parkerhannifincorp,0.006722689075630339,0.7714285714285715,0.74375,35.0,0.0,0.0,0.006722689075630339,0.7441860465116279,B,56.62850407270794,74.375,44.625,50.39763560085412,True,False,27.608525834170294
NMIH,NMI Holdings Inc,Financials,Commercial & Residential Mortgage Finance,36.96,7.2333,3.9822,5.9056,1.087775475607459,11.04,8.52,15.8,0.7478,13.51,0.2535885167464112,-1.7544,11.04,8.52,-1.7544,0.2535885167464112,15.8,0.6162802,13.51,86.73268302295793,44.61335224237244,66.33165829145729,24.280493375970767,75.51020408163266,57.04485445227245,0.9656862745098039,0.4068627450980392,0.6715686274509803,0.22058823529411764,A,C,B-,D+,nmiholdingsinc,0.019230769230769273,0.7692307692307693,0.7083333333333334,13.0,0.0,0.0,0.019230769230769273,0.7714285714285715,B,59.59587486043572,70.83333333333334,42.50000000000001,50.0,False,True,24.280493375970767
WLY,John Wiley & Sons Inc,Communication Services,Publishing,40.18,13.3761,1.2355,10.0409,2.8521131759394653,282.11,-1.9,20.75,0.1352,9.83,0.6836616454229432,-9.3616,282.11,-1.9,-9.3616,0.6836616454229432,20.75,0.1352,9.83,65.14800514800515,64.36507936507937,61.48148148148149,38.387301587301586,61.904761904761905,57.20784784784785,0.7027027027027027,0.7567567567567568,0.6486486486486487,0.35135135135135137,B,B,B-,C-,johnwileysonsinc,0.0,0.8,0.675,5.0,0.0,0.0,0.0,0.6,C+,58.39832403832404,67.5,40.5,50.0,False,False,38.387301587301586
MSFT,Microsoft Corp,Information Technology,Systems Software,413.62,24.6024,9.6791,17.1398,8.952077534748224,29.75,17.87,33.129999999999995,0.4675,26.33,0.2878947632675604,-4.9761,29.75,17.87,-4.9761,0.2878947632675604,33.129999999999995,0.44785,26.33,55.51022795397055,69.70052364195134,88.93654532794051,45.31771782449591,24.501108647450113,64.11534161376721,0.5947712418300654,0.7843137254901961,0.9215686274509803,0.39869281045751637,C+,B,A-,C-,microsoftcorp,-0.030303030303030387,0.9090909090909091,0.8838028169014085,66.0,90.0,84.89281911636292,-0.030303030303030387,0.21951219512195122,D+,61.56545247851223,88.38028169014085,86.98529666062967,50.0,False,False,24.501108647450113
TGTX,TG Therapeutics Inc,Health Care,Biotechnology,35.705,12.5557,9.1104,43.0862,25.022776648678953,1889.26,87.32,101.12,0.20010000000000003,65.05,0.5038666022232962,-17.8062,1389.2,51.019999999999925,-17.8062,0.5038666022232962,97.80199999999995,0.20010000000000003,29.947999999999997,39.382716049382715,95.8649097992506,88.7218045112782,28.217209690893903,51.66256157635468,61.84255403819412,0.34074074074074073,1.0,0.9407407407407408,0.23703703703703705,C-,A+,A,D+,tgtherapeuticsinc,0.0,0.8,0.7375,15.0,0.0,0.0,0.0,0.5689655172413793,C+,62.00881019582959,73.75,44.25,50.0,True,True,28.217209690893903
PM,Philip Morris International Inc,Consumer Staples,Tobacco,169.19,23.2369,6.4872,19.1126,1274.981160512434,60.61,7.31,575.44,0.3664,44.05,0.5505183980483835,-0.9774,48.841999999999935,7.31,-0.9774,0.5505183980483835,149.34949999999998,0.3664,29.759937999999984,27.64123570575184,89.41955168425974,96.23655913978494,63.11360448807855,60.31746031746032,66.47607994585185,0.2698412698412698,0.9523809523809523,1.0,0.5873015873015873,D+,A,A+,C+,philipmorrisinternationalinc,0.0,0.7037037037037037,0.6796875,27.0,0.0,0.0,0.0,0.5833333333333334,C+,67.50782597759789,67.96875,40.78125,50.0,True,False,27.64123570575184
PEGA,Pegasystems Inc,Information Technology,Application Software,36.79,15.6672,3.5308,22.5347,7.959413266409934,403.79,16.61,60.07,0.1506,60.07,0.07270842588479191,-20.1606,241.37,16.61,-20.1606,0.08229678542178549,60.07,0.1506,53.78399999999993,69.57786843298095,80.9784895822977,81.73029912440553,23.425644913358834,75.43554006968641,63.707868788477924,0.7581699346405228,0.9019607843137255,0.8562091503267973,0.1437908496732026,B,A-,B+,D,pegasystemsinc,0.05263157894736836,0.9473684210526315,0.8645833333333333,19.0,90.0,84.89281911636292,0.05263157894736836,0.7560975609756098,B,66.25142279544656,86.45833333333333,85.83212764654516,50.0,False,True,23.425644913358834
EXLS,Exlservice Holdings Inc,Industrials,Data Processing & Outsourced Services,31.72,19.3916,2.3316,13.5401,5.436533781236074,27.93,13.56,25.5,0.1503,19.46,0.2212962962962962,-32.3234,27.93,13.56,-32.3234,0.2212962962962962,25.5,0.1503,19.46,64.7193393594465,79.71842704120827,76.68308702791461,29.124668435013263,94.18604651162791,62.119225692084584,0.7475728155339806,0.8932038834951457,0.8155339805825242,0.2669902912621359,B,B+,B+,D+,exlserviceholdingsinc,0.0625,0.875,0.7976190476190476,16.0,0.0,0.0,0.0625,0.9302325581395349,A,66.53783034324738,79.76190476190476,47.857142857142854,50.0,False,True,29.124668435013263
USPH,US Physical Therapy Inc,Health Care,Health Care Facilities,70.92,27.2533,1.3813,11.2026,2.251092694105959,25.0,16.33,8.0,0.1108,6.03,0.15840477077897877,-1.9494,25.0,16.33,-1.9494,0.15840477077897877,8.0,0.1108,6.03,70.47699214365882,70.7810089409252,41.60401002506266,33.3316048742546,49.85007496251874,53.842773305216326,0.8148148148148148,0.7925925925925926,0.37407407407407406,0.2962962962962963,B+,B,C-,D+,usphysicaltherapyinc,0.0,0.8461538461538461,0.7638888888888888,13.0,0.0,0.0,0.0,0.46551724137931033,C,53.8277808014682,76.38888888888889,45.83333333333333,50.0,False,True,33.3316048742546
DORM,Dorman Products Inc,Consumer Discretionary,Automotive Parts & Equipment,110.85,16.3697,1.5691,10.3768,2.2808266530592087,8.39,6.03,14.34,0.1406,10.870000000000001,0.1812404120096428,-3.8345,8.39,6.03,-3.8345,0.1812404120096428,14.34,0.1406,10.870000000000001,56.96489593041317,67.93658067996653,59.08045977011494,28.10939357907253,89.96655518394648,53.220533776939845,0.6351351351351351,0.7297297297297297,0.5743243243243243,0.2635135135135135,B-,B,C+,D+,dormanproductsinc,0.07142857142857151,0.9285714285714286,0.8289473684210527,14.0,31.0,47.84760080798425,0.07142857142857151,0.8846153846153846,B+,57.21718929533449,82.89473684210526,68.87588242845686,50.0,False,True,28.10939357907253
FRPT,Freshpet Inc,Consumer Staples,Packaged Foods & Meats,63.56,22.3784,2.8254,29.5764,2.575197718138208,166.6,13.01,12.35,0.0687,8.95,0.3903345724907064,-16.7627,48.841999999999935,13.01,-16.7627,0.3903345724907064,12.35,0.0687,8.95,27.00972862263185,97.75506770413392,41.39784946236559,57.17523975588492,100.0,53.087956013253134,0.25396825396825395,1.0,0.3492063492063492,0.5555555555555556,D+,A+,C-,C+,freshpetinc,0.13043478260869557,0.7391304347826086,0.7053571428571428,23.0,0.0,0.0,0.08603483346046265,1.0,A+,58.087956013253134,70.53571428571428,42.32142857142856,50.0,True,False,27.00972862263185
DXCM,Dexcom Inc,Health Care,Health Care Equipment,60.04,24.9217,4.8127,18.0726,8.41344132731706,77.45,16.15,33.83,0.2145,20.01,0.16531920825202115,-26.4396,77.45,16.15,-26.4396,0.16531920825202115,33.83,0.2145,20.01,45.29180695847362,78.49007705860234,80.45112781954887,28.297744360902254,75.7183908045977,57.79329797840654,0.4444444444444444,0.8888888888888888,0.837037037037037,0.24444444444444444,C,B+,B+,D+,dexcominc,0.027027027027027084,0.8648648648648649,0.8273809523809524,37.0,90.0,84.89281911636292,0.027027027027027084,0.7586206896551724,B,60.36513705886631,82.73809523809524,83.59998478940231,50.0,False,True,28.297744360902254
LRN,Stride Inc,Consumer Discretionary,Education Services,92.26,12.3011,1.5574,8.8118,2.7134974882648444,9.54,14.86,21.36,0.1602,15.809999999999999,0.2862395561316374,-42.1749,9.54,14.86,-37.93104,0.2862395561316374,21.36,0.1602,15.809999999999999,66.52221186703945,74.08612400530504,68.04597701149426,20.755968169761275,98.25174825174825,57.61046565464669,0.75,0.8175675675675675,0.7094594594594594,0.1891891891891892,B,B+,B,D,strideinc,0.07777777777777783,0.7777777777777778,0.6964285714285714,9.0,0.0,0.0,0.07656250000000003,0.9615384615384616,A,62.435640479821515,69.64285714285714,41.785714285714285,50.0,False,True,20.755968169761275
CXW,CoreCivic Inc,Industrials,Diversified Support Services,20.15,17.1032,0.9011,8.9443,1.4346436174378618,75.96,12.72,8.0,0.0989,4.62,0.5653846153846153,-11.9703,75.96,12.72,-11.9703,0.5653846153846153,8.0,0.0989,4.62,83.42818881821226,87.26156899122526,31.034482758620687,40.92892329345531,83.08668076109936,59.25376635114436,0.9029126213592233,0.9611650485436893,0.23786407766990292,0.36893203883495146,A-,A,D+,C-,corecivicinc,0.01388888888888884,0.8888888888888888,0.7678571428571428,9.0,0.0,0.0,0.01388888888888884,0.813953488372093,B+,62.562434427254296,76.78571428571428,46.07142857142856,50.0,False,False,31.034482758620687
MMS,Maximus Inc,Industrials,Data Processing & Outsourced Services,64.54,9.4467,0.6536,7.28,2.112927357072938,41.59,-0.15,21.759999999999998,0.1094,11.540000000000001,0.09656050955414029,-3.4988,41.59,-0.15,-3.4988,0.09656050955414029,21.759999999999998,0.1094,11.540000000000001,93.17518771820748,54.339926325794046,60.426929392446645,34.59264873057976,45.97868217054264,61.187044288938296,0.9805825242718447,0.5825242718446602,0.6310679611650486,0.3300970873786408,A+,C+,B-,C-,maximusinc,0.0,0.8333333333333334,0.7045454545454546,6.0,0.0,0.0,0.0,0.26744186046511625,D+,60.78491250599256,70.45454545454545,42.27272727272727,50.0,False,False,34.59264873057976
CI,Cigna Group,Health Care,Health Care Services,279.35,12.3297,0.2672,8.875,1.764406424245793,80.88,11.24,14.530000000000001,0.0335,8.200000000000001,0.3605756177029598,-16.5497,80.88,11.24,-16.5497,0.3605756177029598,14.530000000000001,0.0335,8.200000000000001,93.2716049382716,73.62585071328661,45.363408521303256,33.80292837356549,82.00899550224888,61.14450918226413,0.9851851851851852,0.8518518518518519,0.42962962962962964,0.3111111111111111,A+,B+,C,C-,cignagroup,0.03475935828876997,0.8529411764705882,0.8141025641025641,34.0,31.0,47.84760080798425,0.03475935828876997,0.8275862068965517,B+,64.34540873248902,81.41025641025641,67.98519416934755,50.0,False,False,33.80292837356549
ACIW,ACI Worldwide Inc,Information Technology,Application Software,44.28,19.8087,2.5513,12.0667,2.993975537029149,13.29,10.38,15.43,0.1869,9.74,0.3578799114713576,-18.6422,13.29,10.38,-18.6422,0.3578799114713576,15.43,0.1869,9.74,79.39202526648243,43.23615726026307,61.66644443456747,51.120326521849606,28.04878048780488,59.13591418168501,0.8366013071895425,0.35947712418300654,0.6601307189542484,0.47058823529411764,B+,C-,B-,C,aciworldwideinc,-0.012820512820512775,0.8333333333333334,0.75,12.0,0.0,0.0,-0.012820512820512775,0.2926829268292683,D+,56.9407922304655,75.0,45.0,50.0,False,False,28.04878048780488
UBER,Uber Technologies Inc,Industrials,Passenger Ground Transportation,73.93,14.9789,2.8949,33.4852,5.680761635456928,3.3,18.28,40.31,0.107,28.27,0.16313748881598608,-12.2805,3.3,18.28,-12.2805,0.16313748881598608,40.31,0.107,26.983999999999988,46.00251885153125,71.50949044674314,78.81773399014779,25.44111061352441,50.166112956810636,55.595183422473276,0.45145631067961167,0.7864077669902912,0.8398058252427184,0.2087378640776699,C,B,B+,D+,ubertechnologiesinc,0.0,0.8360655737704918,0.8143939393939393,61.0,90.0,84.89281911636292,0.0,0.5581395348837209,C+,55.61179471815434,81.43939393939394,82.82076401018153,50.0,False,True,25.44111061352441
BDC,Belden Inc,Information Technology,Electronic Components,111.98,17.7471,1.5525,13.9698,3.4492317928119953,22.98,10.33,19.139999999999997,0.1162,9.48,0.16511607686288154,6.8919,22.98,10.33,6.8919,0.16511607686288154,19.139999999999997,0.1162,9.48,82.83107426415756,51.45082525771971,57.1721706149903,25.9305175468116,26.718403547671844,55.47707978069323,0.869281045751634,0.5163398692810458,0.6078431372549019,0.1830065359477124,B+,C+,B-,D,beldeninc,-0.022222222222222254,0.7777777777777778,0.6964285714285714,9.0,0.0,0.0,-0.022222222222222254,0.2682926829268293,D+,53.148920135460415,69.64285714285714,41.785714285714285,47.90018290837835,False,True,25.9305175468116
HWKN,Hawkins Inc,Materials,Commodity Chemicals,165.05,41.9909,3.2551,21.4223,7.417010816567728,0.89,11.65,16.73,0.1151,11.14,0.7019984464373986,32.5703,0.89,11.65,32.5703,0.7019984464373986,16.73,0.1151,11.14,27.51322751322751,65.52638183072966,72.4867724867725,57.90200138026225,43.18181818181819,54.68567664219838,0.18253968253968253,0.7777777777777778,0.746031746031746,0.5873015873015873,D,B,B,C+,hawkinsinc,0.0,0.7777777777777778,0.6964285714285714,9.0,0.0,0.0,0.0,0.45,C,54.0038584603802,69.64285714285714,41.785714285714285,47.24308341474491,True,False,27.51322751322751
ARWR,Arrowhead Pharmaceuticals Inc,Health Care,Biotechnology,76.39,52.8864,9.805,33.4762,22.242604239459585,,43539.24,36.120000000000005,0.2755,17.330000000000002,0.9942475124378108,429.7503,,51.019999999999925,103.89361999999993,0.9564701739726336,36.120000000000005,0.2755,17.330000000000002,22.64870931537598,72.83208020050125,82.45614035087719,96.99749373433585,98.76847290640394,65.24212720353071,0.15555555555555556,0.837037037037037,0.8703703703703703,0.9777777777777777,D,B+,B+,A+,arrowheadpharmaceuticalsinc,0.09210526315789469,0.8421052631578947,0.78125,19.0,0.0,0.0,0.089451192082771,1.0,A+,70.11897449417111,78.125,46.875,44.328767434342694,True,False,22.64870931537598
ANIP,ANI Pharmaceuticals Inc,Health Care,Pharmaceuticals,82.32,24.3048,2.1553,10.9341,3.425732108747851,,43.78,16.06,0.1258,7.07,0.5985043234400559,12.8444,,43.78,12.8444,0.5985043234400559,16.06,0.1258,7.07,67.77216610549944,70.99624060150376,52.005012531328326,49.17669172932331,44.31673052362707,58.978881125372354,0.7851851851851852,0.8,0.4888888888888889,0.48148148148148145,B,B,C,C,anipharmaceuticalsinc,0.0,0.8571428571428571,0.7763157894736842,14.0,0.0,0.0,0.0,0.3448275862068966,C-,58.41055417773506,77.63157894736842,46.578947368421055,42.0331746119042,False,False,44.31673052362707
DVN,Devon Energy Corp,Energy,Oil & Gas Exploration & Production,51.26,12.0063,1.8455,5.1584,2.0533074833964893,-8.62,7.83,17.47,0.22949999999999998,11.110000000000001,0.9369839200347674,63.0407,-8.62,7.83,63.0407,0.9369839200347674,17.47,0.22949999999999998,11.110000000000001,76.48497554157933,60.93457179459813,77.35849056603774,66.27963231736815,100.0,68.90370734929752,0.9259259259259259,0.6666666666666666,0.8148148148148148,0.6296296296296297,A-,B-,B+,B-,devonenergycorp,0.09027777777777779,0.8125,0.7770270270270271,32.0,0.0,0.0,0.05861111111111112,1.0,A+,73.90370734929752,77.70270270270271,46.62162162162162,34.223645101881175,False,False,60.93457179459813
ECPG,Encore Capital Group Inc,Financials,Consumer Finance,83.19,6.9149,1.0041,8.531,1.847172509347994,13.54,33.12,28.189999999999998,0.35340000000000005,5.3100000000000005,0.9580432737535277,133.352,13.54,33.12,65.34807,0.9506182088450298,28.189999999999998,0.35340000000000005,5.3100000000000005,70.13745196571091,57.18769172506023,89.44723618090453,94.21168341708542,10.052910052910052,75.176047065083,0.7843137254901961,0.6372549019607843,0.8970588235294118,0.9632352941176471,B,B-,B+,A,encorecapitalgroupinc,-0.018181818181818188,0.8,0.7166666666666667,10.0,0.0,0.0,-0.018181818181818188,0.08571428571428572,D-,71.181338070374,71.66666666666667,43.0,32.7725352281496,False,False,10.052910052910052
PR,Permian Resources Corp,Energy,Oil & Gas Exploration & Production,22.52,20.869,3.853,7.0472,1.8319666796824157,-12.26,1.29,9.56,0.23550000000000001,6.890000000000001,0.9958810068649884,84.5902,-12.26,1.29,84.5902,0.9948119879273926,9.56,0.23550000000000001,6.890000000000001,51.04821802935012,53.48782474714901,54.08805031446541,85.77648766328011,58.796296296296305,59.13692956803971,0.5,0.5740740740740741,0.5,0.9629629629629629,C,C+,C,A,permianresourcescorp,-0.03125,0.875,0.8310810810810811,32.0,90.0,84.89281911636292,-0.03125,0.5555555555555556,C+,60.016559197669345,83.10810810810811,83.82199251141003,32.38882293020875,False,False,51.04821802935012
INSW,International Seaways Inc,Energy,Oil & Gas Storage & Transportation,84.89,13.5887,4.9833,9.182,2.0759104881287462,-25.79,-11.38,16.02,0.4092,12.1,0.9802523841633753,143.1681,-25.79,-11.38,143.1681,0.9802523841633753,16.02,0.4092,12.1,44.11833216864664,21.167793820272976,84.9056603773585,91.29380053908355,49.494949494949495,59.748317008372595,0.37037037037037035,0.09259259259259259,0.9259259259259259,0.9814814814814815,C-,D-,A-,A+,internationalseawaysinc,-0.06593406593406603,0.8571428571428571,0.7763157894736842,14.0,90.0,84.89281911636292,-0.06593406593406603,0.4444444444444444,C,59.69781195786754,77.63157894736842,80.53607501496623,31.93273228464364,False,False,21.167793820272976
MATX,Matson Inc,Industrials,Marine Transportation,170.83,11.7181,1.5584,8.4286,1.8822873487988752,-1.03,-2.26,16.63,0.1494,14.63,0.8929826429560219,50.9899,-1.03,-2.26,50.9899,0.8929826429560219,16.63,0.1494,14.63,82.63347521800819,33.477668436886724,63.95730706075534,79.07576823832981,80.06644518272425,64.1583829047342,0.8883495145631068,0.23786407766990292,0.6601941747572816,0.8203883495145631,B+,D+,B-,B+,matsoninc,0.011111111111111183,0.9,0.7833333333333333,10.0,0.0,0.0,0.011111111111111183,0.7906976744186046,B,67.16502742300662,78.33333333333333,46.99999999999999,31.566010969202647,False,False,33.477668436886724
DELL,Dell Technologies Inc,Information Technology,"Technology Hardware, Storage & Peripherals",211.64,23.2834,1.2173,14.8433,55.22243966079582,33.09,18.8,130.7,0.0739,13.700000000000001,0.9235481119640225,123.7446,33.09,18.8,123.7446,0.9235481119640225,109.87799999999994,0.0739,13.700000000000001,80.63487885832932,72.18399383591573,69.73569195667956,71.69626586578451,16.361788617886177,71.36869464409227,0.8496732026143791,0.8366013071895425,0.7189542483660131,0.7320261437908496,B+,B+,B,B,delltechnologiesinc,-0.045955882352941124,0.7352941176470589,0.7115384615384616,34.0,0.0,0.0,-0.045955882352941124,0.14634146341463414,D,68.0048735058809,71.15384615384616,42.69230769230769,31.47118017158313,False,False,16.361788617886177
BG,Bunge Global ltd,Consumer Staples,Agricultural Products & Services,127.62,30.3439,0.3521,16.6306,1.5519883254286757,-32.99,32.43,6.140000000000001,0.018500000000000003,3.2199999999999998,0.9285595889275651,61.116,-32.99,14.026499999999995,61.116,0.9285595889275651,6.140000000000001,0.018500000000000003,3.2199999999999998,55.20566649598908,59.75155631013016,20.43010752688172,86.4,81.15942028985508,53.139254767743736,0.6190476190476191,0.6190476190476191,0.1746031746031746,0.873015873015873,B-,B-,D,B+,bungegloballtd,0.04285714285714293,0.9,0.8300000000000001,20.0,61.0,72.22405978749369,0.04285714285714293,0.8333333333333334,B+,56.255196796729244,83.0,78.68962391499747,30.371041110191445,False,False,20.43010752688172
ANDE,Andersons Inc,Consumer Staples,Food Distributors,79.42,28.189,0.2451,11.0327,2.1591378672872397,-16.73,-2.21,7.4399999999999995,1.0,4.55,0.9926153846153847,110.0503,-16.73,-2.21,85.765165,0.9843820799619225,7.4399999999999995,0.42225999999999975,4.55,70.21676053934118,26.308998302207133,51.344086021505376,98.06451612903227,78.26086956521739,60.26491452645952,0.7777777777777778,0.12698412698412698,0.47619047619047616,0.9920634920634921,B,D,C,A+,andersonsinc,0.01388888888888884,0.8888888888888888,0.7678571428571428,9.0,0.0,0.0,0.01388888888888884,0.75,B,63.09100148298126,76.78571428571428,46.07142857142856,29.843543450335364,False,False,26.308998302207133
SNX,TD Synnex Corp,Information Technology,Technology Distributors,227.84,18.4949,0.2803,10.6542,2.1596515590269054,50.42,10.39,11.600000000000001,0.0246,7.64,0.9683284457478005,99.0912,50.42,10.39,99.0912,0.9683284457478005,11.600000000000001,0.0246,7.64,90.31451506777206,69.57897197372488,38.401706742521895,81.73569618967193,10.08869179600887,67.44198908525286,0.9477124183006536,0.7712418300653595,0.3464052287581699,0.9084967320261438,A,B,C-,A-,tdsynnexcorp,-0.05882352941176472,0.7647058823529411,0.7159090909090908,17.0,0.0,0.0,-0.05882352941176472,0.036585365853658534,F,63.450858264853736,71.59090909090908,42.954545454545446,29.67579785139604,False,False,10.08869179600887
CON,Concentra Group Holdings Parent Inc,Health Care,Health Care Services,22.67,17.3979,1.3383,10.7347,7.414796886243214,-42.65,13.85,46.6,0.154,8.41,0.671824104234528,4.6447,-42.65,13.85,4.6447,0.671824104234528,46.6,0.154,8.41,81.12794612794613,44.3462290431655,68.17042606516291,56.86189157103284,45.502248875562216,62.56621717111693,0.8962962962962963,0.4148148148148148,0.7037037037037037,0.5777777777777777,B+,C,B,C+,concentragroupholdingsparentinc,0.0,0.9090909090909091,0.796875,11.0,0.0,0.0,0.0,0.39655172413793105,C-,62.11644205867315,79.6875,47.8125,29.627826823469263,False,False,44.3462290431655
JBL,Jabil Inc,Information Technology,Electronic Manufacturing Services,340.8,44.4441,1.1007,27.3587,24.20987575389468,78.78,19.0,58.989999999999995,0.042800000000000005,17.96,0.9564960047351287,126.656,78.78,19.0,126.656,0.9564960047351287,58.989999999999995,0.042800000000000005,17.96,64.302320480765,79.24054455476053,60.0,72.20604043307274,14.952279957582185,66.3648971177579,0.6928104575163399,0.8888888888888888,0.6274509803921569,0.738562091503268,B-,B+,B-,B,jabilinc,-0.047794117647058876,0.7647058823529411,0.7159090909090908,17.0,0.0,0.0,-0.047794117647058876,0.12195121951219512,D,62.860125113516126,71.59090909090908,42.954545454545446,29.439504590861,False,False,14.952279957582185
MRK,Merck & Co Inc,Health Care,Pharmaceuticals,113.11,31.4049,4.2666,12.5748,5.320770338034265,-48.26,2.89,36.19,0.1818,20.13,0.7678950414817672,35.9822,-48.26,2.89,35.9822,0.7678950414817672,36.19,0.1818,20.13,53.14814814814815,25.885226680562795,77.94486215538848,75.44736842105263,98.7228607918263,58.03977159620724,0.562962962962963,0.08888888888888889,0.8148148148148148,0.7925925925925926,C+,D-,B+,B,merckcoinc,0.09663865546218486,0.7142857142857143,0.69375,35.0,0.0,0.0,0.089451192082771,0.9655172413793104,A,62.91205767538987,69.375,41.625,29.32732307015595,False,False,25.885226680562795
ALLY,Ally Financial Inc,Financials,Consumer Finance,43.03,9.5199,0.88959,12.5459,0.8565263606288492,387.77,37.40411,9.19,0.158682,4.17,0.7171258923210354,29.5694,95.6,37.40411,29.5694,0.7171258923210354,9.19,0.158682,4.17,90.60005911912504,86.3480824478077,31.155778894472363,62.28329145728643,17.989417989417987,65.16523428441818,0.9901960784313726,0.9803921568627451,0.30392156862745096,0.6764705882352942,A+,A+,C-,B-,allyfinancialinc,-0.01602564102564108,0.7916666666666666,0.75,24.0,0.0,0.0,-0.01602564102564108,0.14285714285714285,D,61.96417608335997,75.0,45.0,29.28567043334399,False,False,17.989417989417987
GL,Globe Life Inc,Financials,Life & Health Insurance,152.65,10.1721,1.9716,9.1652,2.020821143097701,17.67,3.96,20.64,0.2625,13.889999999999999,0.9366362451108212,25.2975,17.67,3.96,25.2975,0.9366362451108212,20.64,0.2625,13.889999999999999,59.49970440437482,48.45867214912684,79.39698492462311,80.32830820770519,15.646258503401366,65.4815684036159,0.6078431372549019,0.43137254901960786,0.7990196078431373,0.8382352941176471,B-,C,B,B+,globelifeinc,-0.017391304347826098,0.782608695652174,0.7410714285714286,23.0,0.0,0.0,-0.017391304347826098,0.11428571428571428,D,62.04619425395603,74.10714285714286,44.464285714285715,29.264906273010986,False,False,15.646258503401366
BANC,Banc of California Inc,Financials,Regional Banks,18.59,11.9701,1.98464,17.3816,0.8160774724864682,74.78,26.60258,7.07,0.3988023,4.66,0.6391875746714456,35.2984,74.78,26.60258,35.2984,0.6391875746714456,7.07,0.3988023,4.66,80.07931815942457,56.60730676514256,15.577889447236181,65.3819660098244,54.377880184331794,53.312156456658585,0.9117647058823529,0.6127450980392157,0.15196078431372548,0.696078431372549,A-,B-,D,B-,bancofcaliforniainc,0.007352941176470562,0.8823529411764706,0.8068181818181818,17.0,61.0,72.22405978749369,0.007352941176470562,0.5428571428571428,C+,53.749944475091766,80.68181818181817,77.29871482408838,29.22984927244555,False,False,15.577889447236181
PLAB,Photronics Inc,Information Technology,Semiconductor Materials & Equipment,49.48,21.4754,3.3996,8.3142,2.4298854300180226,-0.73,-0.06,11.84,0.2445,11.84,0.9085635359116021,157.4402,-0.73,-0.06,157.4402,0.9085635359116021,11.84,0.2445,11.84,77.73683671828165,33.557352859608535,64.53323851430434,65.61701976670486,53.04878048780488,60.40239333340918,0.8169934640522876,0.20261437908496732,0.6797385620915033,0.6470588235294118,B+,D+,B-,B-,photronicsinc,0.01388888888888884,0.8888888888888888,0.7678571428571428,9.0,0.0,0.0,0.01388888888888884,0.5365853658536586,C+,60.70727138218967,76.78571428571428,46.07142857142856,28.890051410018724,False,False,33.557352859608535
ASTE,Astec Industries Inc,Industrials,Construction Machinery & Heavy Transportation Equipment,61.55,36.3289,0.9994,16.1134,2.066191996401368,838.27,8.07,5.79,0.0467,4.33,0.858509427578358,61.4215,107.05100000000004,8.07,61.4215,0.858509427578358,5.79,0.0467,4.33,53.799002024646484,84.70789621157061,19.868637110016422,78.90729959695477,87.31501057082453,56.139948945370804,0.5485436893203883,0.9368932038834952,0.1553398058252427,0.8155339805825242,C+,A,D,B+,astecindustriesinc,0.031746031746031744,0.8888888888888888,0.7678571428571428,9.0,0.0,0.0,0.031746031746031744,0.8372093023255814,B+,59.87145000245326,76.78571428571428,46.07142857142856,28.555722858124163,False,False,19.868637110016422
KRYS,Krystal Biotech Inc,Health Care,Biotechnology,286.95,41.2369,21.7063,47.6487,6.868579033539826,129.21,33.95,18.69,0.41409999999999997,18.69,0.9353116470943517,72.695,129.21,33.95,72.695,0.9353116470943517,18.69,0.41409999999999997,18.69,18.866442199775534,85.53251941735527,79.9498746867168,87.43525480367586,14.532019704433496,64.29763406582931,0.0962962962962963,0.9407407407407408,0.825925925925926,0.9037037037037037,D-,A,B+,A-,krystalbiotechinc,-0.05555555555555558,0.8888888888888888,0.8152173913043478,18.0,90.0,84.89281911636292,-0.05555555555555558,0.13793103448275862,D,60.750836036272666,81.52173913043478,82.87017112480603,28.453585638843762,True,False,14.532019704433496
CTRA,Coterra Energy Inc,Energy,Oil & Gas Exploration & Production,35.86,15.8063,3.55,6.4311,1.8357547276059425,49.63,40.07,11.77,0.3207,9.21,0.9298969072164947,39.6961,49.63,40.07,39.6961,0.9298969072164947,11.77,0.3207,9.21,58.490566037735846,82.91167935748894,71.06918238993711,50.0145137880987,13.425925925925924,63.975175736035766,0.7222222222222222,0.9259259259259259,0.7407407407407407,0.46296296296296297,B,A-,B,C,coterraenergyinc,-0.15409482758620685,0.6896551724137931,0.6691176470588236,29.0,0.0,0.0,-0.1250494891443167,0.1111111111111111,D,60.31776832862836,66.91176470588236,40.14705882352941,28.141813213804287,False,False,13.425925925925924
NRG,NRG Energy Inc,Utilities,Independent Power Producers & Energy Traders,154.82,38.1335,1.0727,14.3304,17.533607402122332,-17.71,9.18,39.65,0.058499999999999996,5.87,0.5373880989994733,32.7332,-17.71,9.18,32.7332,0.5373880989994733,23.937999999999988,0.1094,5.87,47.249802994483844,42.34539066554877,62.96296296296296,61.93236714975845,100.0,53.40874305242315,0.48936170212765956,0.3191489361702128,0.6595744680851063,0.574468085106383,C,C-,B-,C+,nrgenergyinc,0.12531328320802004,0.8095238095238095,0.7596153846153846,21.0,0.0,0.0,0.12531328320802004,1.0,A+,58.40874305242315,75.96153846153845,45.57692307692307,27.921189528661568,False,False,42.34539066554877
COR,Cencora Inc,Health Care,Health Care Distributors,303.66,36.3467,0.1813,17.5586,39.05193034800278,18.29,7.45,101.42999999999999,0.82,17.07,0.30655152994180607,3.9504,18.29,7.45,3.9504,0.30655152994180607,97.80199999999995,0.4229799999999998,17.07,64.07968574635241,54.56905285167287,91.72932330827068,39.52271984308597,9.247648902821318,62.770606802607546,0.6962962962962963,0.6222222222222222,0.9777777777777777,0.37777777777777777,B-,B-,A+,C-,cencorainc,-0.07416267942583732,0.7894736842105263,0.7395833333333334,19.0,0.0,0.0,-0.06671982987772462,0.06896551724137931,D-,58.69537169288968,73.95833333333334,44.37500000000001,27.915648677155872,False,False,9.247648902821318
PFS,Provident Financial Services Inc,Financials,Regional Banks,22.25,9.9517,2.313,7.3978,1.0257947027500518,134.42,36.72119,10.620000000000001,0.4091399,8.959999999999999,0.7854669992182557,30.1931,95.6,36.72119,30.1931,0.7854669992182557,10.620000000000001,0.4091399,8.959999999999999,84.11050349788157,64.95375916481709,41.20603015075377,69.79165490373215,5.990783410138248,63.27821622586869,0.9362745098039216,0.7990196078431373,0.4019607843137255,0.7647058823529411,A,B,C,B,providentfinancialservicesinc,-0.09722222222222221,0.7777777777777778,0.6964285714285714,9.0,0.0,0.0,-0.029271390374331557,0.02857142857142857,F,58.87729456688251,69.64285714285714,41.785714285714285,27.729489255324438,False,False,5.990783410138248
STRL,Sterling Infrastructure Inc,Industrials,Construction & Engineering,529.49,56.6274,6.5985,38.1471,14.655458742512982,13.14,17.69,30.17,0.163,23.02,0.9521460579488257,219.6631,13.14,17.69,135.51259999999994,0.9521460579488257,30.17,0.163,23.02,12.662011573963364,61.78764326533327,81.2807881773399,85.46657283603096,87.47763864042935,57.936543158098665,0.05339805825242718,0.6650485436893204,0.8737864077669902,0.8883495145631068,D-,B-,B+,B+,sterlinginfrastructureinc,0.019480519480519543,0.9285714285714286,0.8289473684210527,14.0,61.0,72.22405978749369,0.019480519480519543,0.8604651162790697,B+,61.6843070221416,82.89473684210526,78.62646602026064,27.711194238540635,True,False,12.662011573963364
SEZL,Sezzle Inc,Financials,Transaction & Payment Processing Services,85.96,21.6983,6.4153,16.6302,17.108850984216705,69.54,66.08,91.62,0.3926,51.25999999999999,0.26566598659283003,54.2437,69.54,66.08,54.2437,0.26566598659283003,45.141999999999946,0.3926,27.17999999999999,15.233027884520645,92.31017014135497,97.73869346733667,67.23913686077447,85.71428571428571,65.15279173839022,0.0784313725490196,0.9901960784313726,0.9779411764705882,0.7254901960784313,D-,A+,A+,B,sezzleinc,0.033333333333333326,0.8333333333333334,0.75,12.0,0.0,0.0,0.033333333333333326,0.8428571428571429,B+,68.72422030981879,75.0,45.0,27.645990275727556,True,False,15.233027884520645
GAP,Gap Inc,Consumer Discretionary,Apparel Retail,23.67,10.6132,0.5636,4.6781,2.3165683079362283,-2.88,1.86,22.98,0.0726,16.189999999999998,0.4669789227166279,2.9578,-2.88,1.86,2.9578,0.4669789227166279,22.98,0.0726,16.189999999999998,85.3277415346381,35.933784185493465,57.12643678160921,40.54696789536267,78.40236686390533,55.90969499523305,0.9324324324324325,0.2702702702702703,0.5540540540540541,0.3716216216216216,A,D+,C+,C-,gapinc,0.04166666666666674,0.7083333333333334,0.6810344827586208,24.0,0.0,0.0,0.04166666666666674,0.7692307692307693,B,58.749931681623586,68.10344827586208,40.862068965517246,27.58617956920116,False,False,35.933784185493465
TNL,Travel + Leisure Co,Consumer Discretionary,"Hotels, Resorts & Cruise Lines",62.16,16.3718,0.9585,13.5747,8.083224967490246,-40.1,4.25,121.75,0.1374,12.04,0.46959459459459457,31.5556,-40.1,4.25,31.5556,0.46959459459459457,121.75,0.1374,12.04,53.17489903696801,36.26725401961775,75.28735632183908,68.15047021943573,40.46822742474916,57.99910868751247,0.5608108108108109,0.28378378378378377,0.7905405405405406,0.6824324324324325,C+,D+,B,B-,travelleisureco,0.0,0.8125,0.75,16.0,0.0,0.0,0.0,0.46153846153846156,C,57.045931429987384,75.0,45.0,27.318372571994956,False,False,36.26725401961775
R,Ryder System Inc,Industrials,Cargo Ground Transportation,232.97,18.2588,0.7124,5.946,3.00885595797908,4.84,-0.07,16.36,0.0795,4.6,0.7816824624674997,60.9909,4.84,-0.07,60.9909,0.7816824624674997,16.36,0.0795,4.6,88.98719849506593,48.88083645719634,36.1247947454844,75.20419513745432,13.621262458471767,61.09500462906772,0.9563106796116505,0.46116504854368934,0.3106796116504854,0.7815533980582524,A,C,C-,B,rydersysteminc,-0.05882352941176472,0.7647058823529411,0.7159090909090908,17.0,0.0,0.0,-0.05882352941176472,0.09302325581395349,D-,57.457130874914895,71.59090909090908,42.954545454545446,27.278306895420506,False,False,13.621262458471767
ATI,ATI Inc,Industrials,Aerospace & Defense,153.89,49.3542,4.5707,27.7211,11.592729025891357,10.68,2.93,24.23,0.1432,11.82,0.8652022793370059,131.1702,10.68,2.93,131.1702,0.8652022793370059,24.23,0.1432,11.82,19.974652063704625,45.98875043052544,66.00985221674877,94.8768472906404,98.13953488372093,54.66924561434652,0.11650485436893204,0.41262135922330095,0.6844660194174758,0.9854368932038835,D,C,B-,A+,atiinc,0.06666666666666665,0.9333333333333333,0.8374999999999999,15.0,31.0,47.84760080798425,0.06624999999999998,0.9767441860465116,A+,59.483199102718615,83.74999999999999,69.3890403231937,27.144275822215395,True,False,19.974652063704625
AIR,AAR Corp,Industrials,Aerospace & Defense,109.56,25.5747,1.3952,14.0768,3.2399630935200743,-45.74,16.85,12.07,0.0955,7.199999999999999,0.7537667410714287,93.0233,-45.74,16.85,93.0233,0.7537667410714287,12.07,0.0955,7.199999999999999,62.92744751064135,43.363543450456966,40.968801313628894,83.04187192118226,46.139534883720934,56.25514528039541,0.7184466019417476,0.3592233009708738,0.35436893203883496,0.8640776699029126,B,C-,C-,B+,aarcorp,0.0,0.8333333333333334,0.75,12.0,0.0,0.0,0.0,0.32558139534883723,C-,55.8690987687675,75.0,45.0,26.847639507507,False,False,40.968801313628894
HALO,Halozyme Therapeutics Inc,Health Care,Biotechnology,64.57,23.9742,5.4397,17.7826,155.81563706563705,-27.39,37.55,92.67,0.3319,15.770000000000001,0.4916474654377878,5.5238,-27.39,37.55,5.5238,0.4916474654377878,92.67,0.3319,15.770000000000001,46.043771043771045,51.63387015393268,85.96491228070175,40.38763575605681,51.66256157635468,56.4064720131161,0.45185185185185184,0.5407407407407407,0.9111111111111111,0.3851851851851852,C,C+,A-,C-,halozymetherapeuticsinc,0.0,0.7333333333333333,0.6875,15.0,0.0,0.0,0.0,0.5689655172413793,C+,56.57272817075157,68.75,41.25,26.754091268300627,False,False,40.38763575605681
NUE,Nucor Corp,Materials,Steel,225.81,29.3887,1.5773,14.6974,2.4677744567147704,-10.95,5.73,8.49,0.0817,6.29,0.9823408624229979,83.6302,-10.95,5.73,83.6302,0.9600719537248127,8.49,0.0817,6.29,49.73544973544974,47.44980989358801,47.08994708994709,92.08538587848932,43.18181818181819,57.113388360764674,0.5476190476190477,0.3968253968253968,0.4126984126984127,0.9841269841269841,C+,C-,C,A+,nucorcorp,0.0,0.6818181818181818,0.6574074074074073,22.0,0.0,0.0,0.0,0.45,C,56.431570178946494,65.74074074074073,39.444444444444436,26.517072516023042,False,False,43.18181818181819
CRUS,Cirrus Logic Inc,Information Technology,Semiconductors,164.17,20.7291,4.2425,15.0113,4.403607218729212,38.36,7.04,20.13,0.2311,20.13,0.8625895447279615,67.1792,38.36,7.04,67.1792,0.8625895447279615,20.13,0.2311,20.13,69.30005410068577,54.19605090571709,76.39895106449175,38.91625115311247,10.45966228893058,60.04721170306029,0.7450980392156863,0.6013071895424836,0.7973856209150327,0.3137254901960784,B,B-,B,C-,cirruslogicinc,-0.0714285714285714,0.7142857142857143,0.6710526315789473,14.0,0.0,0.0,-0.05882352941176472,0.08536585365853659,D-,56.09317793195335,67.10526315789474,40.26315789473684,26.463586962255025,False,False,10.45966228893058
HOOD,Robinhood Markets Inc,Financials,Investment Banking & Brokerage,76.55,36.641,15.4248,32.1836,7.548862986411061,32.75,51.58,22.33,0.4681,9.1,0.28614984870715476,57.5427,32.75,51.58,57.5427,0.28614984870715476,22.33,0.4681,9.1,8.652330278845211,82.94586201310452,81.4070351758794,59.1732857837575,71.42857142857143,55.938670923053564,0.049019607843137254,0.9607843137254902,0.8186274509803921,0.6323529411764706,F,A,B+,B-,robinhoodmarketsinc,0.011029411764705843,0.8235294117647058,0.7884615384615384,34.0,61.0,72.22405978749369,0.011029411764705843,0.6857142857142857,B-,58.08152806591071,78.84615384615384,76.19731622268978,26.20936772386345,True,False,8.652330278845211
VSCO,Victoria's Secret & Co,Consumer Discretionary,Apparel Retail,50.28,25.1297,0.6174,15.2124,4.699065420560748,-3.99,5.2,22.720000000000002,0.0414,8.83,0.6635061488279748,156.6616,-3.99,5.2,70.81763999999993,0.6635061488279748,22.720000000000002,0.0414,8.83,45.69120844982913,44.87217598097503,44.36781609195402,88.58501783590964,58.875739644970416,54.20619489882273,0.4594594594594595,0.3918918918918919,0.44594594594594594,0.9121621621621622,C,C-,C,A-,victoriassecretco,0.018382352941176516,0.7058823529411765,0.6704545454545455,17.0,0.0,0.0,0.018382352941176516,0.5769230769230769,C+,55.093768863319774,67.04545454545455,40.22727272727273,26.060234818055186,False,False,44.36781609195402
ROST,Ross Stores Inc,Consumer Discretionary,Apparel Retail,226.02,33.8526,3.1918,21.6177,11.774450661082113,4.7,7.67,36.7,0.11900000000000001,29.14,0.9582822085889572,60.8798,4.7,7.67,60.8798,0.8741158750827804,36.7,0.11900000000000001,29.14,19.931655793724758,63.839551129607614,75.86206896551725,93.84066587395958,71.59763313609466,60.484474590523945,0.11486486486486487,0.6621621621621622,0.8040540540540541,0.972972972972973,D,B-,B+,A+,rossstoresinc,0.040000000000000036,0.76,0.7250000000000001,25.0,0.0,0.0,0.040000000000000036,0.6923076923076923,B-,62.64423790413341,72.50000000000001,43.50000000000001,25.950303973729255,True,False,19.931655793724758
WWD,Woodward Inc,Industrials,Electrical Components & Equipment,357.02,43.3494,5.5889,31.4524,8.332905430322608,32.85,14.52,19.63,0.14859999999999998,14.59,0.7691351882928485,84.1068,32.85,14.52,84.1068,0.7691351882928485,19.63,0.14859999999999998,14.59,17.849570360450844,87.26351059712007,66.83087027914614,71.71394598267369,97.88583509513742,57.965601475857994,0.09223300970873786,0.9660194174757282,0.7038834951456311,0.7475728155339806,D-,A,B,B,woodwardinc,0.07916666666666672,0.8125,0.75,16.0,0.0,0.0,0.06624999999999998,0.9534883720930233,A,62.75418498537174,75.0,45.0,25.78650678762128,True,False,17.849570360450844
AIT,Applied Industrial Technologies Inc,Industrials,Trading Companies & Distributors,303.99,27.8072,2.3619,20.9604,6.240915473873518,6.39,6.14,21.740000000000002,0.10869999999999999,16.619999999999997,0.9407654604234017,33.6514,6.39,6.14,33.6514,0.9407654604234017,21.740000000000002,0.10869999999999999,16.619999999999997,44.815629633172314,54.59384729961327,66.42036124794747,68.5793103448276,14.459049544994945,57.443629249168126,0.42718446601941745,0.587378640776699,0.6893203883495146,0.7135922330097088,C,C+,B-,B,appliedindustrialtechnologiesinc,-0.019230769230769273,0.75,0.6911764705882353,12.0,0.0,0.0,-0.019230769230769273,0.11627906976744186,D,53.88953420366762,69.11764705882352,41.47058823529411,25.702872504996463,False,False,14.459049544994945
NDAQ,Nasdaq Inc,Financials,Financial Exchanges & Data,91.3,28.878,6.2496,19.8656,4.255438151657663,60.29,11.68,15.02,0.2924,8.49,0.57942238267148,16.7818,60.29,11.68,16.7818,0.57942238267148,15.02,0.2924,8.49,15.61976549413735,76.66200315204617,62.8140703517588,65.53706030150755,51.29870129870129,53.04827165218478,0.08333333333333333,0.9215686274509803,0.6372549019607843,0.7058823529411765,D-,A-,B-,B,nasdaqinc,0.005434782608695676,0.875,0.8189655172413793,24.0,90.0,84.89281911636292,0.005434782608695676,0.5142857142857142,C+,53.17814178205491,81.89655172413794,83.09505868102792,25.636660903468126,True,False,15.61976549413735
NEE,Nextera Energy Inc,Utilities,Multi-Utilities,95.51,24.3192,7.1412,19.0814,3.643194995422643,47.29,10.29,15.24,0.2954,5.4399999999999995,0.9070834528247779,42.361,47.29,10.29,41.94379999999999,0.9070834528247779,15.24,0.2954,5.4399999999999995,12.82899921197793,83.61742424242424,82.22222222222223,95.13888888888889,52.38095238095239,64.51406798481267,0.06382978723404255,0.9361702127659575,0.8936170212765957,1.0,D-,A,B+,A+,nexteraenergyinc,0.0,0.6774193548387096,0.6597222222222223,31.0,0.0,0.0,0.0,0.5,C,64.7521632229079,65.97222222222223,39.583333333333336,25.58679201108609,True,False,12.82899921197793
LPG,Dorian LPG Ltd,Energy,Oil & Gas Storage & Transportation,39.41,13.9513,4.1683,9.2696,1.61043822226581,-27.64,-3.51,11.41,0.34869999999999995,7.59,0.9793319520945977,79.055,-27.64,-3.51,79.055,0.9793319520945977,11.41,0.34869999999999995,7.59,46.57582110412299,30.647056979878393,64.77987421383648,76.1320754716981,34.848484848484844,54.194750319805166,0.4074074074074074,0.14814814814814814,0.7037037037037037,0.7777777777777778,C,D,B,B,dorianlpgltd,-0.07070707070707061,0.8181818181818182,0.734375,11.0,0.0,0.0,-0.07070707070707061,0.3333333333333333,C-,52.67959880465365,73.4375,44.0625,25.478089521861463,False,False,30.647056979878393
PLTR,Palantir Technologies Inc,Information Technology,Application Software,146.03,214.9227,78.0383,234.4467,47.11557075563012,234.64,56.18,25.66,0.3159,25.66,0.3983360061996147,17.5008,234.64,48.17399999999999,17.5008,0.3983360061996147,25.66,0.3159,25.66,9.63869514994663,95.39976892574542,82.61848674755916,68.07479074541678,98.25783972125436,60.75920740860889,0.032679738562091505,0.9934640522875817,0.869281045751634,0.6862745098039216,F,A+,B+,B-,palantirtechnologiesinc,0.29027113237639557,0.6842105263157895,0.6686046511627908,38.0,0.0,0.0,0.10052910052910047,1.0,A+,65.58499138073432,66.86046511627907,40.116279069767444,25.446849728886225,True,False,9.63869514994663
GATX,GATX Corp,Industrials,Construction Machinery & Heavy Transportation Equipment,193.28,20.6001,3.9451,16.9239,2.4875897227331056,17.41,9.77,12.47,0.3048,2.68,0.8022544283413848,29.5877,17.41,9.77,29.5877,0.8022544283413848,12.47,0.29964999999999986,2.68,48.27586206896552,78.61735337710465,52.052545155993435,54.211076280041794,8.773784355179707,56.64778773766903,0.4854368932038835,0.8689320388349514,0.5388349514563107,0.5339805825242718,C,B+,C+,C+,gatxcorp,-0.08181818181818179,0.8181818181818182,0.734375,11.0,0.0,0.0,-0.05945378151260505,0.06976744186046512,D-,52.525166173186996,73.4375,44.0625,25.4163164692748,False,False,8.773784355179707
IDCC,InterDigital Inc,Information Technology,Communications Equipment,272.96,19.3998,8.5744,13.9324,6.367126815363586,-15.71,1.65,33.37,0.4962,23.630000000000003,0.3343502717132233,29.3833,-15.71,1.65,29.3833,0.3343502717132233,33.37,0.44785,23.630000000000003,63.88267462092964,22.496547585016167,88.71283168140805,31.124790731439916,36.161187698833515,53.87314423887563,0.6601307189542484,0.0915032679738562,0.9150326797385621,0.2679738562091503,B-,D-,A-,D+,interdigitalinc,0.0,0.9090909090909091,0.796875,11.0,0.0,0.0,0.0,0.3170731707317073,C-,52.48926300875898,79.6875,47.8125,25.364186966584747,False,True,22.496547585016167
APPF,Appfolio Inc,Information Technology,Application Software,173.63,40.4001,6.1681,31.2327,11.517133419122038,-21.42,20.72,30.9,0.1707,30.9,0.16856690851562928,-18.1222,-21.42,20.72,-18.1222,0.16856690851562928,30.9,0.1707,30.9,45.71946601160971,52.53565900640164,77.78271626887121,41.955290256086855,42.07317073170732,54.77373542261793,0.49019607843137253,0.5490196078431373,0.8104575163398693,0.35947712418300654,C,C+,B+,C-,appfolioinc,0.008928571428571397,0.9375,0.8452380952380951,16.0,90.0,84.89281911636292,0.008928571428571397,0.36585365853658536,C-,53.98105249578867,84.52380952380952,84.67141336083088,25.0,False,False,41.955290256086855
VRRM,Verra Mobility Corp,Industrials,Data Processing & Outsourced Services,14.74,16.3877,2.2869,8.5175,7.726176748086802,388.68,11.36,40.550000000000004,0.2421,9.99,0.0754481033764068,-35.1232,107.05100000000004,11.36,-35.1232,0.0754481033764068,40.550000000000004,0.2421,9.99,74.86409361200121,88.75682542443425,79.14614121510674,14.990526714664641,45.97868217054264,64.25202913459677,0.8446601941747572,0.9757281553398058,0.8495145631067961,0.0970873786407767,B+,A+,B+,D-,verramobilitycorp,0.0,0.7857142857142857,0.7236842105263157,14.0,0.0,0.0,0.0,0.26744186046511625,D+,63.84989735165103,72.36842105263158,43.421052631578945,25.0,False,True,14.990526714664641
CXT,Crane NXT Co,Information Technology,Electronic Equipment & Instruments,44.49,17.6855,1.549,9.6871,2.0395626561532993,-21.44,11.43,12.22,0.1489,6.52,0.17668794088008077,-7.5821,-21.44,11.43,-7.5821,0.17668794088008077,12.22,0.1489,6.52,87.51736339576844,43.00669709553962,50.077781234721535,34.92276000797168,61.28048780487805,54.98467757832476,0.9019607843137255,0.35294117647058826,0.5098039215686274,0.29411764705882354,A-,C-,C+,D+,cranenxtco,0.022727272727272707,0.75,0.6911764705882353,12.0,0.0,0.0,0.022727272727272707,0.5853658536585366,C+,56.112726358812566,69.11764705882352,41.47058823529411,25.0,False,True,34.92276000797168
SKYW,SkyWest Inc,Industrials,Passenger Airlines,81.37,7.6172,0.7935,5.1063,1.1812938339568626,19.39,12.26,16.0,0.1461,8.42,0.031178880291306433,-13.2608,19.39,12.26,-13.2608,0.031178880291306433,16.0,0.1461,8.42,93.52511677587005,77.09613708449014,54.1871921182266,15.709189740105314,50.15166835187058,60.48914258844325,0.9902912621359223,0.8640776699029126,0.5509708737864077,0.10194174757281553,A+,B+,C+,D,skywestinc,0.0,0.8333333333333334,0.75,12.0,0.0,0.0,0.0,0.4883720930232558,C,60.50430942363031,75.0,45.0,25.0,False,True,15.709189740105314
PCTY,Paylocity Holding Corp,Industrials,Human Resource & Employment Services,109.03,24.8438,3.5245,12.7614,4.892857944218816,9.16,12.08,20.52,0.2011,18.279999999999998,0.14718161881428876,-41.7979,9.16,12.08,-37.221889999999995,0.14718161881428876,20.52,0.2011,18.279999999999998,54.058858226919824,74.39744063038094,79.3103448275862,17.610837438423644,89.4291754756871,56.74395637738742,0.5631067961165048,0.8203883495145631,0.8543689320388349,0.12135922330097088,C+,B+,B+,D,paylocityholdingcorp,0.0357142857142857,0.8214285714285714,0.7803030303030304,28.0,0.0,0.0,0.0357142857142857,0.9069767441860465,A-,60.68687392495613,78.03030303030305,46.81818181818183,25.0,False,True,17.610837438423644
GEO,Geo Group Inc,Industrials,Environmental & Facilities Services,18.58,9.6933,0.9372,6.5387,1.6810828417357313,354.95,8.55,17.68,0.0947,8.25,0.31001021450459637,-41.3325,107.05100000000004,8.55,-37.221889999999995,0.31001021450459637,17.68,0.0947,8.25,89.78669472475967,84.81847232957625,49.09688013136289,19.27867698803659,52.43128964059197,60.54032357755321,0.9660194174757282,0.941747572815534,0.4878640776699029,0.13592233009708737,A,A,C,D,geogroupinc,0.0,0.875,0.7500000000000001,8.0,0.0,0.0,0.0,0.6511627906976745,B-,60.783452541612405,75.00000000000001,45.00000000000001,25.0,False,True,19.27867698803659
BR,Broadridge Financial Solutions Inc,Industrials,Data Processing & Outsourced Services,153.85,16.6821,2.4799,12.8557,6.785364605844631,41.38,7.44,40.46,0.1725,18.02,0.03906885886374721,-33.9444,41.38,7.44,-33.9444,0.03906885886374721,40.46,0.1725,18.02,65.70695234906817,73.80569722344737,83.57963875205253,15.759757483895413,88.0813953488372,60.23473871674873,0.7572815533980582,0.8106796116504854,0.8932038834951457,0.10679611650485436,B,B+,B+,D,broadridgefinancialsolutionsinc,0.05555555555555558,0.7222222222222222,0.6847826086956522,18.0,0.0,0.0,0.05555555555555558,0.8837209302325582,B+,64.04287825163244,68.47826086956522,41.08695652173913,25.0,False,True,15.759757483895413
RPM,RPM International Inc,Materials,Specialty Chemicals,98.22,18.8316,1.6258,13.3639,4.366381264836894,3.92,5.68,21.8,0.1152,11.78,0.14640883977900543,-10.96,3.92,5.68,-10.96,0.14640883977900543,21.8,0.1152,11.78,55.02645502645502,64.07501338666911,79.36507936507935,14.360902255639097,100.0,54.285066726345235,0.6190476190476191,0.7301587301587301,0.8253968253968254,0.09523809523809523,B-,B,B+,D-,rpminternationalinc,0.08225108225108224,0.8095238095238095,0.7596153846153846,21.0,0.0,0.0,0.04997493734335833,1.0,A+,59.285066726345235,75.96153846153845,45.57692307692307,25.0,False,True,14.360902255639097
PRGS,Progress Software Corp,Information Technology,Systems Software,29.33,14.5988,1.2565,9.0976,2.595804938490132,53.68,22.42,17.82,0.16940000000000002,4.52,0.1321976967370441,-52.0281,53.68,22.42,-45.042,0.1321976967370441,17.82,0.16940000000000002,4.52,90.79703469754793,85.86002387100618,52.729750951894154,11.740062521297244,42.350332594235034,60.40171369082121,0.9607843137254902,0.9477124183006536,0.5555555555555556,0.05228758169934641,A,A,C+,D-,progresssoftwarecorp,0.0,0.8461538461538461,0.7638888888888888,13.0,0.0,0.0,0.0,0.4146341463414634,C,59.636746950244714,76.38888888888889,45.83333333333333,24.915805260166373,False,True,11.740062521297244
IBKR,Interactive Brokers Group Inc,Financials,Investment Banking & Brokerage,81.72,133.5508,12.8822,32.7859,6.787093559237573,28.16,12.86,19.89,0.465,3.27,0.9703324808184144,80.0397,28.16,12.86,65.34807,0.9506182088450298,19.89,0.465,3.27,6.955118730909449,58.93533566103354,77.38693467336684,96.9281893337656,8.441558441558444,57.258218350028905,0.029411764705882353,0.6568627450980392,0.7794117647058824,0.9926470588235294,F,B-,B,A+,interactivebrokersgroupinc,-0.05514705882352944,0.8823529411764706,0.8068181818181818,17.0,90.0,84.89281911636292,-0.029271390374331557,0.05714285714285714,D-,53.10237419418475,80.68181818181817,82.36621855563607,24.752490213939144,True,False,6.955118730909449
FCFS,Firstcash Holdings Inc,Financials,Consumer Finance,221.51,27.1971,2.4872,16.2841,4.2785923583733965,27.91,14.39,15.909999999999998,0.1568,8.21,0.9467863587987599,65.4171,27.91,14.39,65.34807,0.9467863587987599,15.909999999999998,0.1568,8.21,16.348901369593065,55.75253809512321,66.83417085427136,91.52010050251256,92.06349206349206,55.250295775493264,0.09803921568627451,0.5882352941176471,0.6764705882352942,0.946078431372549,D-,C+,B-,A,firstcashholdingsinc,0.05494505494505497,0.7692307692307693,0.7083333333333334,13.0,0.0,0.0,0.05494505494505497,0.9142857142857143,A-,59.45664498184247,70.83333333333334,42.50000000000001,24.50109274561277,True,False,16.348901369593065
STRA,Strategic Education Inc,Consumer Discretionary,Education Services,76.97,13.7466,1.3724,7.0535,1.073801721263562,16.1,3.96,7.66,0.1374,7.66,0.30609881897223196,-9.0834,16.1,3.96,-9.0834,0.30609881897223196,7.66,0.1374,7.66,68.60981671326498,61.97156830238726,48.390804597701155,40.3183023872679,9.790209790209792,54.70812946567257,0.7635135135135135,0.6486486486486487,0.4527027027027027,0.36486486486486486,B,B-,C,C-,strategiceducationinc,-0.11111111111111105,0.7777777777777778,0.6964285714285714,9.0,0.0,0.0,-0.053137651821862364,0.038461538461538464,F,50.68715044469355,69.64285714285714,41.785714285714285,24.453431606448852,False,False,9.790209790209792
SLGN,Silgan Holdings Inc,Materials,"Metal, Glass & Plastic Containers",39.3,14.4612,0.6433,8.1097,1.8220425421434268,4.46,10.73,13.03,0.0922,4.15,0.15078985160363803,-28.35,4.46,10.73,-27.986320000000003,0.15078985160363803,13.03,0.0922,4.15,86.24338624338624,65.39711295146077,52.91005291005291,9.854497354497354,90.47619047619048,54.838681849551406,0.9206349206349206,0.7619047619047619,0.49206349206349204,0.031746031746031744,A-,B,C,F,silganholdingsinc,0.010526315789473717,0.8,0.7500000000000001,20.0,0.0,0.0,0.010526315789473717,0.9,B+,58.88630089717046,75.00000000000001,45.00000000000001,24.29165215200412,False,True,9.854497354497354
LAD,Lithia Motors Inc,Consumer Discretionary,Automotive Retail,282.02,7.8287,0.1705,11.1859,1.0036756122698829,8.3,3.87,12.09,0.0424,3.95,0.349726775956284,-4.8836,8.3,3.87,-4.8836,0.349726775956284,12.09,0.0424,3.95,82.35942839391114,57.41177262931035,31.494252873563216,41.01293103448276,14.381270903010035,53.14836104962722,0.918918918918919,0.5945945945945946,0.2635135135135135,0.3783783783783784,A-,C+,D+,C-,lithiamotorsinc,-0.03947368421052633,0.75,0.7100000000000001,20.0,0.0,0.0,-0.03947368421052633,0.11538461538461539,D,49.58648813992822,71.00000000000001,42.60000000000001,24.094595255971292,False,False,14.381270903010035
MYRG,MYR Group Inc,Industrials,Construction & Engineering,456.29,59.8273,1.9368,40.712,10.724803914886017,306.93,8.79,19.650000000000002,0.045599999999999995,17.39,0.9825782864409477,195.1996,107.05100000000004,8.79,135.51259999999994,0.9739160684181986,19.650000000000002,0.045599999999999995,17.39,27.37975672357996,74.48115198594984,55.09031198686372,90.59254046446165,7.423971377459749,58.632255667693215,0.1941747572815534,0.8252427184466019,0.5728155339805825,0.9466019417475728,D,B+,C+,A,myrgroupinc,-0.0714285714285714,0.7142857142857143,0.6710526315789473,14.0,0.0,0.0,-0.05945378151260505,0.03488372093023256,F,54.37465280543919,67.10526315789474,40.26315789473684,23.767887399843673,True,False,7.423971377459749
IRDM,Iridium Communications Inc,Communication Services,Alternative Carriers,39.89,40.0759,4.8299,13.4497,9.046992651728205,-6.26,-12.55,22.759999999999998,0.2584,4.6899999999999995,0.8443439922548112,58.4823,-6.26,-12.55,58.4823,0.8443439922548112,22.759999999999998,0.2584,4.6899999999999995,33.25611325611326,27.870318087709393,67.77777777777779,85.53485162180814,23.809523809523814,52.93950670037627,0.32432432432432434,0.10810810810810811,0.8378378378378378,0.8918918918918919,C-,D,B+,B+,iridiumcommunicationsinc,-0.0625,0.6875,0.6547619047619047,16.0,0.0,0.0,-0.05521308980213091,0.2,D,50.32045908132865,65.47619047619047,39.28571428571428,23.747918340723864,True,False,23.809523809523814
VITL,Vital Farms Inc,Consumer Staples,Agricultural Products & Services,13.0,8.7861,0.7668,5.3908,1.6579306474856843,20.88,25.26,20.69,0.1164,20.0,0.029038112522686007,-63.6567,20.88,14.026499999999995,-53.069069999999996,0.029038112522686007,20.69,0.1164,20.0,84.10138248847926,86.20769666100736,67.20430107526882,8.516129032258064,11.594202898550723,61.7711860295901,0.9682539682539683,0.9206349206349206,0.7380952380952381,0.015873015873015872,A,A-,B,F,vitalfarmsinc,-0.16666666666666663,0.7777777777777778,0.7282608695652174,18.0,0.0,0.0,-0.11166666666666664,0.08333333333333333,D-,57.93060631944517,72.82608695652173,43.69565217391304,23.62912235914928,False,True,8.516129032258064
PLMR,Palomar Holdings Inc,Financials,Property & Casualty Insurance,115.55,15.5457,3.5447,12.2162,3.2508179795132355,60.46,56.04,22.79,0.28,22.79,0.11453744493392068,-23.8851,60.46,56.04,-23.8851,0.11453744493392068,22.79,0.28,22.79,31.870134988668838,86.19181865255163,81.90954773869346,17.819868573637418,66.07142857142858,54.24725812707838,0.25980392156862747,0.9754901960784313,0.8235294117647058,0.1323529411764706,D+,A+,B+,D,palomarholdingsinc,0.01098901098901095,0.8571428571428571,0.7763157894736842,14.0,0.0,0.0,0.01098901098901095,0.6285714285714286,B-,55.85440098422124,77.63157894736842,46.578947368421055,23.62088340904878,True,True,17.819868573637418
RMBS,Rambus Inc,Information Technology,Semiconductors,111.5,52.676,17.1551,45.9485,8.807893136162917,27.75,27.13,18.29,0.3677,18.29,0.5529286285663496,117.3913,27.75,27.13,117.3913,0.5529286285663496,18.29,0.3677,18.29,27.50800543931219,70.74928180567507,79.46279093885654,49.512567905512356,10.45966228893058,55.795069036779665,0.23529411764705882,0.8104575163398693,0.8300653594771242,0.43790849673202614,D+,B+,B+,C,rambusinc,-0.05882352941176472,0.7647058823529411,0.7159090909090908,17.0,0.0,0.0,-0.05882352941176472,0.08536585365853659,D-,51.84103526567272,71.59090909090908,42.954545454545446,23.59621736140419,True,False,10.45966228893058
VMC,Vulcan Materials Co,Materials,Construction Materials,287.72,35.0255,4.749,17.7181,4.407718562910945,18.37,7.06,12.740000000000002,0.2039,8.219999999999999,0.44919989839979735,7.7401,18.37,7.06,7.7401,0.44919989839979735,12.740000000000002,0.2039,8.219999999999999,32.804232804232804,70.34161490683229,71.95767195767196,40.992063492063494,14.28571428571429,53.45721187025535,0.30952380952380953,0.8253968253968254,0.7222222222222222,0.3492063492063492,C-,B+,B,C-,vulcanmaterialsco,-0.011083743842364546,0.6785714285714286,0.6590909090909092,28.0,0.0,0.0,-0.0060960591133005,0.1,D-,49.88578329882678,65.90909090909092,39.545454545454554,23.424989013172247,True,False,14.28571428571429
DOCS,Doximity Inc,Health Care,Health Care Technology,24.89,19.2776,7.236,18.1112,4.342288904396371,18.89,15.92,22.89,0.37439999999999996,22.89,0.07755539671193709,-58.0482,18.89,15.92,-45.84492,0.07755539671193709,22.89,0.37439999999999996,22.89,46.52076318742985,71.17592868309387,85.46365914786968,8.928571428571427,70.44334975369459,54.017005606157944,0.45925925925925926,0.8074074074074075,0.8962962962962963,0.05185185185185185,C,B+,B+,D-,doximityinc,0.009195402298850519,0.7333333333333333,0.7071428571428571,30.0,0.0,0.0,0.009195402298850519,0.7241379310344828,B,56.0613405815274,70.71428571428571,42.42857142857142,23.3586612344378,False,True,8.928571428571427
HWM,Howmet Aerospace Inc,Industrials,Aerospace & Defense,239.7,63.6943,11.6397,43.2728,17.98401920696252,31.87,11.06,29.67,0.24609999999999999,18.2,0.7642186165670366,55.5786,31.87,11.06,55.5786,0.7642186165670366,29.67,0.24609999999999999,18.2,8.27394901716964,76.23888743942446,86.37110016420361,70.30541871921181,46.139534883720934,57.97012352707057,0.024271844660194174,0.8592233009708737,0.9296116504854369,0.7330097087378641,F,B+,A-,B,howmetaerospaceinc,0.0,0.8275862068965517,0.7867647058823529,29.0,0.0,0.0,0.0,0.32558139534883723,C-,57.58407701544266,78.67647058823529,47.205882352941174,23.23405375583352,True,False,8.27394901716964
ITT,ITT Inc,Industrials,Industrial Machinery & Supplies & Components,209.04,38.2966,4.7451,21.003,4.39637168941897,-3.01,8.48,16.150000000000002,0.17370000000000002,12.46,0.8209664015196485,47.3981,-3.01,8.48,47.3981,0.8209664015196485,16.150000000000002,0.17370000000000002,12.46,28.146571651760798,60.14472007858787,63.875205254515606,69.9313863476425,23.792486583184257,54.02066551181518,0.21844660194174756,0.6407766990291263,0.6553398058252428,0.7233009708737864,D+,B-,B-,B,ittinc,-0.005882352941176561,0.7,0.6699999999999999,20.0,0.0,0.0,-0.005882352941176561,0.20930232558139536,D+,51.399914170133606,67.0,40.199999999999996,22.963176664159636,True,False,23.792486583184257
EEFT,Euronet Worldwide Inc,Financials,Transaction & Payment Processing Services,72.48,8.8911,0.6484,4.596,2.1802168184716826,7.51,6.38,23.7,0.12480000000000001,8.72,0.17319873317498033,-28.7736,7.51,6.38,-28.7736,0.17319873317498033,23.7,0.12480000000000001,8.72,61.91373534338358,38.47381884691049,82.91457286432161,18.97132722435708,34.41558441558442,52.69610626617981,0.6421568627450981,0.3137254901960784,0.8333333333333334,0.15196078431372548,B-,C-,B+,D,euronetworldwideinc,0.0,0.7647058823529411,0.7159090909090908,17.0,0.0,0.0,0.0,0.34285714285714286,C-,51.13766470773825,71.59090909090908,42.954545454545446,22.918496612515032,False,True,18.97132722435708
CVNA,Carvana Co,Consumer Discretionary,Automotive Retail,376.55,58.7083,4.0647,47.0471,23.892918102272223,420.71,48.63,62.849999999999994,0.09179999999999999,18.38,0.5324598063314112,46.4605,202.9259999999997,22.80199999999999,46.4605,0.5324598063314112,62.849999999999994,0.09179999999999999,18.38,11.06865486175831,98.51326778017241,72.18390804597702,75.47413793103449,22.073578595317727,60.61062186917521,0.033783783783783786,1.0,0.7702702702702703,0.7837837837837838,F,A+,B,B,carvanaco,-0.03125,0.6875,0.668918918918919,32.0,0.0,0.0,-0.03125,0.19230769230769232,D,57.81797972870699,66.8918918918919,40.13513513513514,22.84953982069284,True,False,11.06865486175831
TER,Teradyne Inc,Information Technology,Semiconductor Materials & Equipment,337.44,95.352,16.5608,80.8359,18.839398371986555,4.98,13.13,19.88,0.20379999999999998,19.189999999999998,0.7573925501432665,344.7022,4.98,13.13,344.7022,0.7573925501432665,19.88,0.20379999999999998,19.189999999999998,19.353423696100368,57.76433413650555,74.62405736551254,73.01821145365564,46.84959349593496,54.650879383435466,0.11764705882352941,0.6405228758169934,0.7712418300653595,0.7516339869281046,D,B-,B,B,teradyneinc,0.013833992094861691,0.6956521739130435,0.6696428571428571,23.0,0.0,0.0,0.013833992094861691,0.4634146341463415,C,54.335838733028964,66.96428571428571,40.17857142857142,22.760393785701922,True,False,19.353423696100368
CIEN,Ciena Corp,Information Technology,Communications Equipment,538.51,333.5874,14.9109,232.3582,27.823216066381807,192.93,26.54,8.260000000000002,0.059800000000000006,5.3100000000000005,0.9760291905627194,639.2038,192.93,26.54,463.2751999999991,0.9760291905627194,8.260000000000002,0.059800000000000006,5.3100000000000005,12.476787881446391,88.79004054720956,33.85928263478377,92.45113116138495,80.91198303287382,52.83225197077644,0.058823529411764705,0.9673202614379085,0.29411764705882354,0.9803921568627451,D-,A,D+,A+,cienacorp,0.053333333333333344,0.72,0.6916666666666667,25.0,0.0,0.0,0.053333333333333344,0.8048780487804879,B+,55.923450274063825,69.16666666666667,41.5,22.658470358371225,True,False,12.476787881446391
CRS,Carpenter Technology Corp,Industrials,Industrial Machinery & Supplies & Components,427.63,48.7927,7.2071,30.3488,11.26462639151577,62.57,2.3,22.99,0.1977,16.82,0.8761336421813042,100.7558,62.57,2.3,100.7558,0.8761336421813042,22.99,0.1977,16.82,14.456294737513351,62.66908850851155,77.58620689655173,89.98768472906403,7.423971377459749,58.54198005603139,0.06796116504854369,0.6893203883495146,0.8300970873786407,0.9320388349514563,D-,B-,B+,A,carpentertechnologycorp,-0.059523809523809534,0.8571428571428571,0.7763157894736842,14.0,0.0,0.0,-0.05945378151260505,0.03488372093023256,F,54.28437719377737,77.63157894736842,46.578947368421055,22.652731511940644,True,False,7.423971377459749
MSCI,MSCI Inc,Financials,Financial Exchanges & Data,582.27,32.1881,13.113,24.72,130.8324907313785,20.42,10.86,108.67,0.5536,15.49,0.648482428115016,4.7587,20.42,10.86,4.7587,0.648482428115016,45.141999999999946,0.5536,15.49,6.8627450980392135,59.11889624959932,97.73869346733667,58.88190954773869,63.63636363636363,54.75052080081157,0.024509803921568627,0.6666666666666666,0.9779411764705882,0.6225490196078431,F,B-,A+,B-,msciinc,0.008333333333333415,0.8,0.7583333333333334,25.0,0.0,0.0,0.008333333333333415,0.6,C+,56.11415716444793,75.83333333333334,45.50000000000001,22.60225106605433,True,False,6.8627450980392135
ITRI,Itron Inc,Information Technology,Electronic Equipment & Instruments,84.22,12.4628,1.585,11.9025,2.2043138804770868,25.51,-3.02,18.490000000000002,0.1323,10.48,0.08972036234738076,-22.1842,25.51,-3.02,-22.1842,0.08972036234738076,18.490000000000002,0.1323,10.48,87.6767410916641,41.83117164281918,60.392313732462185,18.51246076886571,20.426829268292686,54.08599018836855,0.9084967320261438,0.33986928104575165,0.6339869281045751,0.10457516339869281,A-,C-,B-,D,itroninc,-0.032581453634085156,0.8095238095238095,0.7596153846153846,21.0,0.0,0.0,-0.032581453634085156,0.17073170731707318,D,51.12867311519781,75.96153846153845,45.57692307692307,22.565455898680696,False,True,18.51246076886571
FICO,Fair Isaac Corp,Information Technology,Application Software,1060.0,37.3711,11.9166,27.7677,93.19009020097411,23.94,16.19,145.71,0.47479999999999994,30.869999999999997,0.14098501769826136,-48.2465,23.94,16.19,-45.042,0.14098501769826136,109.87799999999994,0.44785,30.869999999999997,42.50997938325219,61.966314229590274,94.64124331451768,12.128262304320444,22.735191637630663,54.10672098122461,0.45098039215686275,0.6862745098039216,0.9803921568627451,0.06535947712418301,C,B-,A+,D-,fairisaaccorp,-0.016602809706257937,0.7241379310344828,0.698529411764706,29.0,0.0,0.0,-0.016602809706257937,0.1951219512195122,D,51.38024014498768,69.8529411764706,41.911764705882355,21.840385326700495,False,True,12.128262304320444
PTCT,PTC Therapeutics Inc,Health Care,Pharmaceuticals,65.49,7.7854,3.0709,7.8317,3089.150943396226,,114.51,-351.90999999999997,0.5009,-39.77,0.5730358874878757,31.1111,,51.019999999999925,31.1111,0.5730358874878757,-41.448,0.4229799999999998,-23.244,80.46015712682379,74.4360902255639,34.58646616541353,59.66165413533835,13.92081736909323,60.581204695239784,0.8888888888888888,0.8666666666666667,0.28888888888888886,0.6148148148148148,B+,B+,D+,B-,ptctherapeuticsinc,-0.045454545454545525,0.6818181818181818,0.6574074074074073,22.0,0.0,0.0,-0.045454545454545525,0.10344827586206896,D,56.97328643214911,65.74074074074073,39.444444444444436,20.050319262978064,False,False,13.92081736909323
KTB,Kontoor Brands Inc,Consumer Discretionary,"Apparel, Accessories & Luxury Goods",69.31,16.8372,1.2148,12.287,6.7779538031254285,-6.73,20.9,45.050000000000004,0.10679999999999999,13.77,0.4711509715994022,9.3218,-6.73,20.9,9.3218,0.4711509715994022,45.050000000000004,0.10679999999999999,13.77,53.01025163094129,71.90998010610079,67.1264367816092,51.16710875331565,10.25641025641026,59.649589875020915,0.5540540540540541,0.7905405405405406,0.6790540540540541,0.5,C+,B,B-,C,kontoorbrandsinc,-0.05769230769230771,0.6923076923076923,0.6527777777777778,13.0,0.0,0.0,-0.053137651821862364,0.07692307692307693,D-,55.675230900661944,65.27777777777779,39.16666666666667,13.093379513465724,False,False,10.25641025641026
PRG,PROG Holdings Inc,Financials,Consumer Finance,35.89,9.7961,0.5969,0.9467,1.9029288880405508,-21.11,-2.2,21.17,0.0858,11.4,0.6578690127077224,32.5332,-21.11,-2.2,32.5332,0.6578690127077224,21.17,0.0858,11.4,62.99881761749926,14.746441453629247,79.89949748743719,60.904522613065325,39.15343915343915,55.85477158957302,0.6617647058823529,0.05392156862745098,0.803921568627451,0.6421568627450981,B-,D-,B+,B-,progholdingsinc,0.0,0.75,0.6911764705882353,12.0,0.0,0.0,0.0,0.45714285714285713,C,54.77011550491694,69.11764705882352,41.47058823529411,13.027552512748095,False,False,14.746441453629247
POST,Post Holdings Inc,Consumer Staples,Packaged Foods & Meats,103.84,15.6761,0.5987,12.0237,1.460860365721553,-11.33,5.38,8.49,0.0964,2.8899999999999997,0.4194384449244063,-8.0248,-11.33,5.38,-8.0248,0.4194384449244063,8.49,0.0964,2.8899999999999997,66.95681856972179,60.92611651185506,34.40860215053763,67.48038360941587,18.055555555555554,56.02265520431904,0.7301587301587301,0.6349206349206349,0.2857142857142857,0.6507936507936508,B,B-,D+,B-,postholdingsinc,-0.06666666666666665,0.8,0.7375,15.0,0.0,0.0,-0.06666666666666665,0.16666666666666666,D,52.828210759874594,73.75,44.25,12.5,False,False,18.055555555555554
WM,Waste Management Inc,Industrials,Environmental & Facilities Services,227.85,34.539,3.711,16.1643,9.190205181363869,-1.6,14.24,28.99,0.1709,8.24,0.6245834875971861,-2.6032,-1.6,14.24,-2.6032,0.6245834875971861,28.99,0.1709,8.24,37.939005531908116,62.55936518191221,67.4055829228243,49.85925404644617,17.23044397463002,53.81987095935478,0.32524271844660196,0.6747572815533981,0.7087378640776699,0.470873786407767,C-,B-,B,C,wastemanagementinc,-0.018893387314439902,0.717948717948718,0.6988636363636364,39.0,0.0,0.0,-0.018893387314439902,0.13953488372093023,D,50.54291535681778,69.88636363636364,41.93181818181818,12.054090516133305,True,False,17.23044397463002
BRBR,Bellring Brands Inc,Consumer Staples,Packaged Foods & Meats,17.36,11.1246,0.8771,9.3465,,-31.29,10.59,23.66314,0.1381,29.95204,0.048558537890953574,-78.003,-31.29,10.59,-53.069069999999996,0.048558537890953574,23.66314,0.1381,29.759937999999984,75.02133469875405,58.82043819225483,75.53763440860216,12.284219703574541,29.166666666666664,56.86067385600493,0.8571428571428571,0.5873015873015873,0.8174603174603174,0.06349206349206349,B+,C+,B+,D-,bellringbrandsinc,-0.03359683794466406,0.7391304347826086,0.7053571428571428,23.0,0.0,0.0,-0.03359683794466406,0.25,D+,54.777340522671594,70.53571428571428,42.32142857142856,11.52577811212737,False,True,12.284219703574541
EPAM,Epam Systems Inc,Information Technology,IT Consulting & Other Services,110.6,15.5521,1.0763,7.0998,1.6324000413265833,-14.17,15.42,10.27,0.0953,10.2,0.021676426885761647,-31.0302,-14.17,15.42,-31.0302,0.08229678542178549,10.27,0.0953,10.2,93.00492754894651,51.96974319152477,49.47479147221358,23.89556996183957,10.08869179600887,55.79299238596289,0.9673202614379085,0.5359477124183006,0.48366013071895425,0.1503267973856209,A,C+,C,D,epamsystemsinc,-0.07692307692307698,0.6923076923076923,0.6693548387096775,26.0,0.0,0.0,-0.05882352941176472,0.036585365853658534,F,51.801861565563776,66.93548387096774,40.16129032258065,11.44282505345866,False,True,10.08869179600887
POWL,Powell Industries Inc,Industrials,Electrical Components & Equipment,269.95,52.4355,8.8191,40.7878,15.25529089316493,-41.75,5.12,30.64,0.20199999999999999,30.64,0.9132187566305963,319.1119,-41.75,5.12,135.51259999999994,0.9132187566305963,30.64,0.20199999999999999,26.983999999999988,11.196135635372329,33.2262853875493,88.66995073891626,92.82486835400033,21.45877378435518,55.17675234188208,0.043689320388349516,0.22330097087378642,0.9611650485436893,0.970873786407767,F,D+,A,A+,powellindustriesinc,-0.007692307692307665,0.6923076923076923,0.6527777777777778,13.0,0.0,0.0,-0.007692307692307665,0.18604651162790697,D,52.32262972031759,65.27777777777779,39.16666666666667,10.52023204340719,True,False,11.196135635372329
ADMA,ADMA Biologics Inc,Health Care,Biotechnology,10.31,16.4839,4.7474,12.7976,5.138044453304096,-25.56,19.63,34.98,0.36869999999999997,29.82,0.1825629126202157,-54.7916,-25.56,19.63,-45.84492,0.1825629126202157,34.98,0.36869999999999997,29.82,62.51964085297419,44.46491641645367,89.72431077694235,7.789473684210527,7.266009852216748,53.51186592761197,0.6888888888888889,0.4222222222222222,0.9555555555555556,0.037037037037037035,B-,C,A,F,admabiologicsinc,-0.0888888888888888,0.8,0.7166666666666667,10.0,0.0,0.0,-0.06671982987772462,0.034482758620689655,F,49.238466912833644,71.66666666666667,43.0,10.420218882266289,False,True,7.266009852216748
