Ticker,Name,Sector,SubIndustry,Price,PE_Rank,PS_Rank,EV_EBITDA_Used,PB_Ratio,EPS_Growth,Rev_Growth,ROE,Op_Margin,ROIC,Mom_Range,Mom_12M,EPS_Growth_Win,Rev_Growth_Win,Mom_12M_Win,Mom_Range_Win,ROE_Win,Op_Margin_Win,ROIC_Win,Value_S,Growth_S,Prof_S,Mom_S,Rev_S,Fundamental_Score,Value_Pct,Growth_Pct,Prof_Pct,Mom_Pct,Value_Grade,Growth_Grade,Prof_Grade,Mom_Grade,Name_Key,Rev_Change,Rec_BuyRatio,Shrunk_Ratio,Analyst_Count,Streak_Days,Streak_Score,Rev_Change_Win,Rev_Pct,Rev_Grade,FundamentalPlusRev_Score,Consensus_Score,Sentiment_Score,Alpha_Score,Val_Fail,Mom_Fail,Min_Fund_Factor
MU,Micron Technology Inc,Information Technology,Semiconductors,542.21,24.8641,10.315,16.3286,11.231600359603442,412.05,85.55,40.839999999999996,0.48340000000000005,33.46,0.9920985756080895,597.1969,241.37,48.17399999999999,507.97907999999893,0.9917693008065369,40.839999999999996,0.44785,33.46,55.963734840456844,97.22345190182722,91.39739543979732,96.80140886080198,68.0,80.64525472258939,0.5986842105263158,1.0,0.9539473684210527,0.993421052631579,C+,A+,A,A+,microntechnologyinc,0.015669515669515688,0.9230769230769231,0.8903508771929824,52.0,90.0,84.89281911636292,0.015669515669515688,0.7,B-,82.44525472258938,89.03508771929825,87.37818027812412,83.43183983369633,False,False,55.963734840456844
INDV,"Indivior Pharmaceuticals, Inc",Health Care,Pharmaceuticals,37.66,21.8647,3.7029,17.3367,100.77602354830077,7022.71,4.38,159.06,0.2113,29.4,0.9197005784280365,226.0606,1389.2,4.38,103.34951999999993,0.9197005784280365,97.80199999999995,0.2113,29.4,55.19640852974186,70.41120747413088,89.22305764411027,96.21992481203007,33.97435897435898,74.43109300069523,0.6296296296296297,0.7777777777777778,0.9481481481481482,0.9777777777777777,B-,B,A,A+,indiviorpharmaceuticalsinc,0.0,0.9230769230769231,0.8194444444444445,13.0,90.0,84.89281911636292,0.0,0.18333333333333332,D,72.82852889813113,81.94444444444446,83.12379431321185,74.88758198114728,False,False,33.97435897435898
DAL,Delta Air Lines Inc,Industrials,Passenger Airlines,68.98,10.3208,0.7089,6.8538,2.1703562933410523,21.36,5.24,23.14,0.08779999999999999,13.209999999999999,0.7879828326180258,66.2169,21.36,5.24,66.2169,0.7879828326180258,23.14,0.08779999999999999,13.209999999999999,93.02054936470738,66.96557943268535,58.78489326765189,79.05214880244606,44.5357833655706,72.1549063051161,0.9757281553398058,0.7330097087378641,0.6067961165048543,0.8106796116504854,A+,B,B-,B+,deltaairlinesinc,0.0,0.90625,0.8581081081081081,32.0,90.0,84.89281911636292,0.0,0.5851063829787234,C+,71.60848464167316,85.8108108108108,85.44361413303164,74.37551053994486,False,False,44.5357833655706
WDC,Western Digital Corp,Information Technology,"Technology Hardware, Storage & Peripherals",431.52,22.1614,12.2521,37.9683,27.028449021007926,269.21,32.04,90.82000000000001,0.29460000000000003,58.78,0.9625328767803086,881.843,241.37,32.04,507.97907999999893,0.9625328767803086,90.82000000000001,0.29460000000000003,53.78399999999993,43.896444130460374,92.3942862777518,91.46110197490259,91.57370486307329,81.25,75.63298475450577,0.46710526315789475,0.9802631578947368,0.9605263157894737,0.9802631578947368,C,A+,A,A+,westerndigitalcorp,0.054166666666666696,0.8666666666666667,0.8214285714285714,30.0,7.75,15.019638723636886,0.054166666666666696,0.825,B+,78.75798475450577,82.14285714285714,55.29356977516904,74.06510175863843,False,False,43.896444130460374
NEM,Newmont Corporation,Materials,Gold,108.62,16.3666,5.1152,8.4803,3.492694345835263,118.49,21.34,21.72,0.47909999999999997,18.02,0.6968017549936498,110.9536,118.49,21.34,110.9536,0.6968017549936498,21.72,0.24867999999999998,14.592999999999996,55.555555555555564,87.20277307233829,93.65079365079366,77.4891774891775,75.20661157024794,75.23997741389046,0.6349206349206349,0.9365079365079365,0.9841269841269841,0.7777777777777778,B-,A,A+,B,newmontcorporation,0.03448275862068961,0.8620689655172413,0.8161764705882353,29.0,7.75,15.019638723636886,0.03448275862068961,0.7272727272727273,B,77.76063857091525,81.61764705882352,54.978443724748864,73.20419960168198,False,False,55.555555555555564
ENVA,Enova International Inc,Financials,Consumer Finance,170.93,13.433,2.2634,10.9828,3.160442421261662,56.49,19.67,24.45,0.4035,5.7700000000000005,0.9344206204379563,86.6048,56.49,19.67,72.80332,0.9344206204379563,24.45,0.4035,5.7700000000000005,40.46088284560055,69.43331134598748,84.92462311557789,89.82569095477388,99.05033238366572,68.19817695044688,0.3431372549019608,0.8627450980392157,0.8529411764705882,0.9215686274509803,C-,B+,B+,A-,enovainternationalinc,0.06593406593406603,0.9230769230769231,0.8194444444444445,13.0,37.75,54.74015633760499,0.06113886113886121,1.0,A+,73.10321018881345,81.94444444444446,71.06272920170866,72.44566997279459,True,False,40.46088284560055
CPRX,Catalyst Pharmaceuticals Inc,Health Care,Biotechnology,28.74,16.3933,5.9653,8.7359,3.689771603908025,28.29,19.78,24.32,0.43770000000000003,24.32,0.7172464840858621,18.4178,28.29,19.78,18.4178,0.7172464840858621,24.32,0.43686,24.32,64.8821548821549,67.98125677229378,88.2205513784461,62.29908103592315,40.804597701149426,69.33174412679364,0.7333333333333333,0.7481481481481481,0.9333333333333333,0.6370370370370371,B,B,A,B-,catalystpharmaceuticalsinc,0.0,0.9285714285714286,0.8289473684210527,14.0,90.0,84.89281911636292,0.0,0.55,C+,68.41220389690858,82.89473684210526,83.69396975180832,71.46855706788853,False,False,40.804597701149426
INVA,Innoviva Inc,Health Care,Pharmaceuticals,23.11,6.3129,4.1617,7.978,1.4706537440897027,3397.08,14.67,30.599999999999998,0.3981,21.88,0.7640579710144927,23.9142,1389.2,14.67,23.9142,0.7640579710144927,30.599999999999998,0.3981,21.88,77.24466891133558,86.99955333879252,86.71679197994986,67.14285714285714,62.82051282051282,76.81884731915129,0.8666666666666667,0.9629629629629629,0.9185185185185185,0.6814814814814815,B+,A,A-,B-,innovivainc,0.018181818181818188,0.8181818181818182,0.734375,11.0,0.0,0.0,0.018181818181818188,0.6333333333333333,B-,78.10089860120257,73.4375,44.0625,71.29321888096206,False,False,62.82051282051282
THC,Tenet Healthcare Corp,Health Care,Health Care Facilities,183.27,9.4394,0.7351,5.7013,3.776232421573173,27.35,6.57,40.550000000000004,0.1764,9.8,0.40206276190146667,26.1408,27.35,6.57,26.1408,0.40206276190146667,40.550000000000004,0.1764,9.8,92.8226711560045,54.02681764157748,70.42606516290726,62.31267824734249,40.57971014492753,69.08008325751194,0.9925925925925926,0.5703703703703704,0.725925925925926,0.6444444444444445,A+,C+,B,B-,tenethealthcarecorp,0.0,0.8571428571428571,0.8106060606060607,28.0,90.0,84.89281911636292,0.0,0.4666666666666667,C,68.1380542720047,81.06060606060606,82.5934912829088,71.02914167418552,False,False,40.57971014492753
APP,Applovin Corp,Information Technology,Application Software,460.0,46.3983,26.6425,38.5168,72.90246917493423,114.67,45.98,249.2,0.6847,68.05,0.3907766472558179,64.5855,114.67,45.98,64.5855,0.3907766472558179,109.87799999999994,0.44785,53.78399999999993,29.413929118097254,90.60288089315222,97.66137754270558,75.56877580303359,65.51724137931035,70.00315800443786,0.2565789473684211,0.9736842105263158,0.9967105263157895,0.8223684210526315,D+,A+,A+,B+,applovincorp,0.02941176470588236,0.8823529411764706,0.8397435897435898,34.0,67.75,75.89497835055444,0.02941176470588236,0.65,B-,71.5548821423689,83.97435897435898,80.74260672483716,69.9642281633499,True,False,29.413929118097254
MLI,Mueller Industries Inc,Industrials,Industrial Machinery & Supplies & Components,133.03,17.4296,3.3763,11.8841,4.607594235225253,39.47,11.54,27.029999999999998,0.24239999999999998,27.029999999999998,0.901510663507109,81.0425,39.47,11.54,81.0425,0.901510663507109,27.029999999999998,0.24239999999999998,26.983999999999988,63.95332153618059,88.01286646787516,88.66995073891626,83.30928923293456,43.45335515548282,77.42024920893616,0.7427184466019418,0.9757281553398058,0.9611650485436893,0.8689320388349514,B,A+,A,B+,muellerindustriesinc,0.0,0.8333333333333334,0.7045454545454546,6.0,0.0,0.0,0.0,0.46808510638297873,C,76.76558472448444,70.45454545454545,42.27272727272727,69.86701323413301,False,False,43.45335515548282
GOOG,Alphabet Inc,Communication Services,Interactive Media & Services,383.22,29.0499,11.0155,31.7799,11.15519524939235,48.51,17.45,38.98,0.32689999999999997,35.11,0.9851833249623306,139.1135,48.51,17.45,139.1135,0.9741506208222325,38.98,0.32689999999999997,35.11,20.553410553410554,78.31632653061223,92.47354497354497,96.59297052154196,100.0,68.23859829216973,0.17567567567567569,0.9324324324324325,0.9594594594594594,0.9864864864864865,D,A,A,A+,alphabetinc,0.027280477408354598,0.8823529411764706,0.8595890410958904,68.0,90.0,84.89281911636292,0.027280477408354598,1.0,A+,73.23859829216973,85.95890410958904,85.5324701122986,69.09942598548658,True,False,20.553410553410554
CUBI,Customers Bancorp Inc,Financials,Regional Banks,77.08,9.0724,1.99781,7.35,1.2457756278576635,85.8,55.59768,13.62,0.3985504,11.78,0.834840265220012,53.7602,85.8,55.59768,53.7602,0.834840265220012,13.62,0.3985504,11.78,78.50280815843925,79.21244701712288,56.28140703517588,83.75585794139235,90.07444168734492,71.28971479010683,0.9068627450980392,0.9411764705882353,0.5735294117647058,0.8725490196078431,A-,A,C+,B+,customersbancorpinc,0.03921568627450989,0.7058823529411765,0.6704545454545455,17.0,0.0,0.0,0.03921568627450989,0.8717948717948718,B+,75.29715895884132,67.04545454545455,40.22727272727273,68.28318171252761,False,False,56.28140703517588
BOOT,Boot Barn Holdings Inc,Consumer Discretionary,Apparel Retail,171.47,23.4635,2.369,13.4569,4.638097479300728,27.79,17.5,18.279999999999998,0.13449999999999998,18.07,0.6312987259935349,59.1664,27.79,17.5,59.1664,0.6312987259935349,18.279999999999998,0.13449999999999998,18.07,36.72734516257546,90.93646669815777,68.03652968036529,75.98488427019367,88.57142857142857,64.57523890440548,0.31543624161073824,0.959731543624161,0.7013422818791947,0.8053691275167785,C-,A,B,B+,bootbarnholdingsinc,0.045454545454545414,0.8636363636363636,0.8055555555555556,22.0,37.75,54.74015633760499,0.045454545454545414,0.8571428571428571,B+,68.43238176154834,80.55555555555556,70.22939586837533,67.60293327216877,True,False,36.72734516257546
CFG,Citizens Financial Group Inc,Financials,Regional Banks,64.42,13.8473,1.48499,12.9666,1.0507189644823716,31.85,62.72879,7.630000000000001,0.31448550000000003,5.47,0.8637568199532345,72.7541,31.85,62.72879,72.7541,0.8637568199532345,7.630000000000001,0.31448550000000003,5.47,68.39959601931226,76.07727506374312,20.85427135678392,88.88600304895263,83.54011579818031,60.306122466563195,0.7352941176470589,0.9166666666666666,0.2034313725490196,0.9117647058823529,B,A-,D+,A-,citizensfinancialgroupinc,0.03846153846153855,0.9230769230769231,0.8629032258064517,26.0,67.75,75.89497835055444,0.03846153846153855,0.8205128205128205,B+,63.66013404638123,86.29032258064517,82.13218488860888,67.35454421482676,False,False,20.85427135678392
JLL,Jones Lang LaSalle Inc,Real Estate,Real Estate Services,315.24,18.5391,0.5623,11.5548,1.9724875405538158,45.33,11.45,11.09,0.042,8.19,0.6837301587301587,37.3655,45.33,11.45,37.3655,0.6837301587301587,11.09,0.042,8.19,83.33333333333334,67.66666666666667,60.0,74.66666666666667,100.0,69.30000000000001,1.0,0.8333333333333334,0.75,0.6666666666666666,A+,B+,B,B-,joneslanglasalleinc,0.0,0.6875,0.6547619047619047,16.0,0.0,0.0,0.0,1.0,A+,74.30000000000001,65.47619047619047,39.28571428571428,67.29714285714287,False,False,60.0
SWX,Southwest Gas Holdings Inc,Utilities,Gas Utilities,93.2,15.3342,3.4758,10.5251,1.6993499803991285,120.15,-21.61,11.62,0.25329999999999997,5.52,0.9554545454545457,27.1487,116.81250000000004,-20.392,27.1487,0.9554545454545457,11.62,0.25329999999999997,5.52,70.63829787234043,51.73026561915451,72.22222222222221,89.13580246913581,89.13043478260869,68.88834364129873,0.7659574468085106,0.5106382978723404,0.8723404255319149,0.9361702127659575,B,C+,B+,A,southwestgasholdingsinc,0.0,0.8333333333333334,0.75,12.0,0.0,0.0,0.0,1.0,A+,72.8013871195596,75.0,45.0,67.24110969564768,False,False,51.73026561915451
ADEA,Adeia Inc,Information Technology,IT Consulting & Other Services,33.0,32.8897,8.2394,16.8074,7.485199718737951,72.59,17.91,26.340000000000003,0.3947,12.870000000000001,0.9823191733639496,166.9903,72.59,17.91,166.9903,0.9823191733639496,26.340000000000003,0.3947,12.870000000000001,53.3144942894148,81.70913132017463,79.45390165488836,89.87256576482764,38.63636363636364,72.50843840307624,0.5723684210526315,0.9013157894736842,0.8223684210526315,0.9605263157894737,C+,A-,B+,A,adeiainc,0.0,0.9,0.7833333333333333,10.0,0.0,0.0,0.0,0.4125,C,71.3720747667126,78.33333333333333,46.99999999999999,66.49765981337009,False,False,38.63636363636364
FTDR,Frontdoor Inc,Consumer Discretionary,Specialized Consumer Services,68.8,19.07,2.3041,10.7346,20.172995161999708,11.97,13.68,100.2,0.16140000000000002,17.62,0.921980198019802,47.8616,11.97,13.68,47.8616,0.910355871419793,100.2,0.16140000000000002,17.62,50.75388434310931,75.79555507990868,81.39269406392692,90.68493150684931,69.38775510204081,71.33274191911066,0.5234899328859061,0.8322147651006712,0.8926174496644296,0.9362416107382551,C+,B+,B+,A,frontdoorinc,0.02564102564102566,0.6923076923076923,0.6527777777777778,13.0,0.0,0.0,0.02564102564102566,0.6785714285714286,B-,73.27151742931474,65.27777777777779,39.16666666666667,66.45054727678513,False,False,50.75388434310931
UAL,United Airlines Holdings Inc,Industrials,Passenger Airlines,92.52,8.1957,0.4966,5.6508,1.9583522070620907,2.02,4.73,24.91,0.08439999999999999,9.32,0.46969998013113456,33.7767,2.02,4.73,33.7767,0.46969998013113456,24.91,0.08439999999999999,9.32,96.27114320786903,49.024107021027156,54.679802955665025,49.30185153728554,44.5357833655706,62.402928252546054,1.0,0.46116504854368934,0.5606796116504854,0.46601941747572817,A+,C,C+,C,unitedairlinesholdingsinc,0.0,0.8666666666666667,0.8214285714285714,30.0,90.0,84.89281911636292,0.0,0.5851063829787234,C+,61.85650658910311,82.14285714285714,83.24284193225945,66.1337736577344,False,False,44.5357833655706
NBIX,Neurocrine Biosciences Inc,Health Care,Biotechnology,131.78,27.6293,4.6228,19.3929,4.054956382602274,41.66,21.45,16.669999999999998,0.2164,16.669999999999998,0.48108898227663066,23.6326,41.66,21.45,23.6326,0.48108898227663066,16.669999999999998,0.2164,16.669999999999998,42.772166105499444,76.21541477456016,72.68170426065163,55.558897243107765,62.06896551724137,60.21832999507136,0.4074074074074074,0.8888888888888888,0.7703703703703704,0.562962962962963,C,B+,B,C+,neurocrinebiosciencesinc,0.003968253968254065,0.8611111111111112,0.8231707317073171,36.0,90.0,84.89281911636292,0.003968253968254065,0.6,C+,61.42522654679549,82.31707317073172,83.3473715489842,65.80965554723323,False,False,42.772166105499444
UTHR,United Therapeutics Corp,Health Care,Biotechnology,570.4,18.7533,7.8644,14.3154,3.508083537161761,13.31,10.61,19.3,0.4689,19.16,0.888346189355809,94.1126,13.31,10.61,94.1126,0.888346189355809,19.3,0.43686,19.16,53.85521885521886,51.50562048686071,81.70426065162907,90.70342522974101,90.80459770114942,67.33167902003233,0.6,0.5185185185185185,0.8555555555555555,0.9333333333333333,C+,C+,B+,A,unitedtherapeuticscorp,0.04761904761904756,0.7619047619047619,0.7211538461538463,21.0,0.0,0.0,0.04761904761904756,0.9,B+,71.41213879014727,72.11538461538463,43.269230769230774,65.78355718596397,False,False,51.50562048686071
SYF,Synchrony Financial,Financials,Consumer Finance,75.76,7.1106,0.73096,8.2843,1.5679781443384317,32.06,20.4839,21.41,0.1839285,11.14,0.6488529014844806,44.8289,32.06,20.4839,44.8289,0.6488529014844806,21.41,0.1839285,11.14,73.16484382697803,65.30219100813775,80.40201005025126,61.529522613065325,75.4985754985755,68.75805619354794,0.8578431372549019,0.8137254901960784,0.8088235294117647,0.6519607843137255,B+,B+,B+,B-,synchronyfinancial,0.03703703703703698,0.7407407407407407,0.7109375,27.0,0.0,0.0,0.03703703703703698,0.7435897435897436,B,71.30791374340549,71.09375,42.65625,65.5775809947244,False,False,61.529522613065325
CCL,Carnival Corp,Consumer Discretionary,"Hotels, Resorts & Cruise Lines",26.66,12.1174,1.3911,8.5721,2.847438800358867,50.48,6.1,26.22,0.16269999999999998,8.1,0.5251288659793814,43.1025,50.48,6.1,43.1025,0.5251288659793814,26.22,0.16269999999999998,8.1,69.66994575710214,78.56272764097002,63.92694063926941,66.96554586965547,75.15527950310559,67.50487630121799,0.7718120805369127,0.8523489932885906,0.6510067114093959,0.6644295302013423,B,B+,B-,B-,carnivalcorp,0.03125,0.8125,0.7770270270270271,32.0,0.0,0.0,0.03125,0.75,B,70.02040425152855,77.70270270270271,46.62162162162162,65.34064772554717,False,False,63.92694063926941
FAF,First American Financial Corp,Financials,Property & Casualty Insurance,68.52,10.6232,0.9271,6.7236,1.2708492915924008,329.61,22.59,11.87,0.1388,8.09,0.8394994559303589,13.2188,95.6,22.59,13.2188,0.8394994559303589,11.87,0.1388,8.09,72.58966400630604,85.96051791638928,48.24120603015075,68.09431774255896,98.97435897435898,66.01868464090384,0.8382352941176471,0.9705882352941176,0.47058823529411764,0.7401960784313726,B+,A+,C,B,firstamericanfinancialcorp,0.11111111111111116,0.7777777777777778,0.6964285714285714,9.0,0.0,0.0,0.06113886113886121,0.9743589743589743,A+,70.91612053833974,69.64285714285714,41.785714285714285,65.09003928781465,False,False,48.24120603015075
VTOL,Bristow Group Inc,Energy,Oil & Gas Equipment & Services,49.29,11.1473,0.9653,8.0748,1.3571072607578767,34.98,5.3,12.870000000000001,0.1065,7.630000000000001,0.9585175826489788,67.5391,34.98,5.3,67.5391,0.9585175826489788,12.870000000000001,0.1065,7.630000000000001,76.90426275331936,73.33158466503417,55.34591194968554,62.676886792452834,91.66666666666666,65.26423796724862,0.9444444444444444,0.8148148148148148,0.5,0.5925925925925926,A,B+,C,C+,bristowgroupinc,0.011111111111111183,0.9,0.7833333333333333,10.0,0.0,0.0,0.011111111111111183,0.9,B+,69.43090463391529,78.33333333333333,46.99999999999999,64.94472370713223,False,False,55.34591194968554
EAT,Brinker International Inc,Consumer Discretionary,Restaurants,148.14,19.2887,1.5101,11.5866,17.77367183375726,58.84,15.07,121.26999999999998,0.1003,51.9,0.5510060698202088,13.91,58.84,15.07,13.91,0.5510060698202088,121.26999999999998,0.1003,41.1625,52.48843124636082,87.43884540117418,81.62100456621005,64.91585127201566,62.585034013605444,68.99829828778068,0.5570469798657718,0.9530201342281879,0.8993288590604027,0.6308724832214765,C+,A,B+,B-,brinkerinternationalinc,0.0092592592592593,0.75,0.7196969696969697,28.0,0.0,0.0,0.0092592592592593,0.6071428571428571,B-,70.25680168914123,71.96969696969697,43.18181818181818,64.84180498767662,False,False,52.48843124636082
BTSG,Brightspring Health Services Inc,Health Care,Health Care Services,52.58,53.2699,0.7867,27.4134,5.387460680143857,48.14,14.59,10.71,0.0229,4.42,0.9435787211176786,193.743,48.14,14.59,103.34951999999993,0.9435787211176786,10.71,0.0229,4.42,48.86083052749719,75.9588914965893,33.583959899749374,98.02136921250496,38.888888888888886,60.4072497486305,0.4962962962962963,0.8740740740740741,0.2740740740740741,1.0,C,B+,D+,A+,brightspringhealthservicesinc,0.0,0.9545454545454546,0.8796296296296297,22.0,90.0,84.89281911636292,0.0,0.31666666666666665,C-,59.296138637519384,87.96296296296296,86.73490542432295,64.78389199488011,False,False,33.583959899749374
JBSS,John B Sanfilippo & Son Inc,Consumer Staples,Packaged Foods & Meats,79.65,13.7965,0.849,10.2507,2.570565492135006,43.93,2.21,19.54,0.0886,16.18,0.7938530734632684,26.6497,43.93,2.21,26.6497,0.7938530734632684,19.54,0.0886,16.18,73.93753200204813,71.23958545011176,59.67741935483871,86.7131647776809,50.0,69.99428788478025,0.8253968253968254,0.7619047619047619,0.6031746031746031,0.873015873015873,B+,B,B-,B+,johnbsanfilipposoninc,0.0,0.8571428571428571,0.7291666666666667,7.0,0.0,0.0,0.0,0.4,C-,69.99428788478025,72.91666666666667,43.75,64.7454303078242,False,False,50.0
DELL,Dell Technologies Inc,Information Technology,"Technology Hardware, Storage & Peripherals",210.17,23.1217,1.2089,14.7533,54.83887801696021,33.09,18.8,130.7,0.0739,13.700000000000001,0.9126512990517308,128.5699,33.09,18.8,128.5699,0.9126512990517308,109.87799999999994,0.0739,13.700000000000001,80.33674791004356,72.18399383591573,69.73569195667956,71.50705110703333,31.25,71.2563189552706,0.8486842105263158,0.8355263157894737,0.7171052631578947,0.743421052631579,B+,B+,B,B,delltechnologiesinc,0.0,0.78125,0.75,32.0,0.0,0.0,0.0,0.225,D+,69.3813189552706,75.0,45.0,64.50505516421649,False,False,31.25
NLY,Annaly Capital Management Inc,Financials,Mortgage REITs,22.82,7.6507,2.2413,60.4515,1.0026317986300588,175.07,36.03,14.41,0.2942,1.7500000000000002,0.7209271784096133,17.5077,95.6,36.03,17.5077,0.7209271784096133,14.41,0.2942,1.7500000000000002,89.77239136860774,84.51986075559293,60.30150753768844,62.646566164154116,34.06593406593407,71.95176011052345,0.9803921568627451,0.9656862745098039,0.6127450980392157,0.6666666666666666,A+,A,B-,B-,annalycapitalmanagementinc,0.0,0.7058823529411765,0.6704545454545455,17.0,0.0,0.0,0.0,0.3076923076923077,C-,70.35835351711685,67.04545454545455,40.22727272727273,64.33213735914804,False,False,34.06593406593407
APH,Amphenol Corp,Information Technology,Electronic Components,142.3,41.5991,7.6918,26.4134,13.011951244044953,74.13,51.71,35.77,0.2541,19.74,0.7217723796671167,80.9742,74.13,48.17399999999999,80.9742,0.7217723796671167,35.77,0.2541,19.74,45.537501471800304,88.54950357756947,81.5325125561136,47.98530728349831,91.30434782608697,64.07446567919203,0.4934210526315789,0.9605263157894737,0.8552631578947368,0.4407894736842105,C,A,B+,C,amphenolcorp,0.07333333333333336,0.8333333333333334,0.7844827586206897,24.0,0.0,0.0,0.07333333333333336,0.9,B+,68.20490046180073,78.44827586206897,47.06896551724138,63.977713472888865,False,False,45.537501471800304
AROC,Archrock Inc,Energy,Oil & Gas Equipment & Services,39.02,21.2174,4.5899,10.9342,4.574925842116988,75.16,28.7,22.73,0.36369999999999997,8.290000000000001,0.9794238683127572,63.7432,75.16,28.7,63.7432,0.9794238683127572,22.73,0.36369999999999997,8.290000000000001,34.77754484043792,88.41880281391103,83.33333333333333,61.509433962264154,54.16666666666667,64.51336689867786,0.2037037037037037,0.9814814814814815,0.8796296296296297,0.5555555555555556,D+,A+,B+,C+,archrockinc,0.0,0.9333333333333333,0.8374999999999999,15.0,90.0,84.89281911636292,0.0,0.5,C,64.93003356534453,83.74999999999999,84.20712764654516,63.75392392033911,True,False,34.77754484043792
EME,EMCOR Group Inc,Industrials,Construction & Engineering,903.5,31.4386,2.3557,21.8473,10.948489387175423,31.03,16.62,39.129999999999995,0.1009,37.61,0.9955443607060783,119.0197,31.03,16.62,119.0197,0.9872267261247282,39.129999999999995,0.1009,26.983999999999988,40.75597430133754,72.55151919444995,77.66830870279146,82.04644616467276,87.84194528875379,65.5256638228568,0.36893203883495146,0.8009708737864077,0.8349514563106796,0.8592233009708737,C-,B+,B+,B+,emcorgroupinc,0.01904761904761898,0.7333333333333333,0.6875,15.0,0.0,0.0,0.01904761904761898,0.8297872340425532,B+,69.30985835173217,68.75,41.25,63.69788668138574,False,False,40.75597430133754
FNB,FNB Corp,Financials,Regional Banks,17.66,10.8033,2.56275,13.8983,0.9335666368869835,27.72,64.79501,8.76,0.42536409999999997,6.36,0.7601296596434359,33.283,27.72,64.79501,33.283,0.7601296596434359,8.76,0.42536409999999997,6.36,85.67346536604592,76.36857931557732,27.63819095477387,63.516458697984305,55.66583953680728,61.304921682917275,0.946078431372549,0.9215686274509803,0.2696078431372549,0.6715686274509803,A,A-,D+,B-,fnbcorp,0.007575757575757569,0.9166666666666666,0.8088235294117647,12.0,37.75,54.74015633760499,0.007575757575757569,0.5641025641025641,C+,61.871505636598,80.88235294117648,70.42547429974788,63.58229936922798,False,False,27.63819095477387
META,Meta Platforms Inc,Communication Services,Interactive Media & Services,608.745,22.0164,7.2295,14.4406,7.089410575449417,7.49,26.18,33.22,0.4121,27.51,0.32060944237110045,6.3849,7.49,22.091999999999985,6.3849,0.32060944237110045,33.22,0.4121,27.51,33.1016731016731,75.08503401360545,90.52910052910052,46.632653061224495,27.27272727272727,60.2512308226594,0.35135135135135137,0.8918918918918919,0.8918918918918919,0.4594594594594595,C-,B+,B+,C,metaplatformsinc,-0.01388888888888895,0.8888888888888888,0.8668831168831168,72.0,90.0,84.89281911636292,-0.01388888888888895,0.25,D+,57.97850354993213,86.68831168831169,85.97011465953219,63.57682577185214,False,False,27.27272727272727
GL,Globe Life Inc,Financials,Life & Health Insurance,152.72,10.1767,1.9725,9.1687,2.021747821643504,17.67,3.96,20.64,0.2625,13.889999999999999,0.9463026166097835,29.7316,17.67,3.96,29.7316,0.9463026166097835,20.64,0.2625,13.889999999999999,60.002216967188886,48.44820217308805,79.39698492462311,79.32998324958125,71.91697191697193,65.40543755748686,0.6078431372549019,0.4362745098039216,0.7990196078431373,0.8333333333333334,B-,C,B,B+,globelifeinc,0.018181818181818188,0.8181818181818182,0.7685185185185185,22.0,0.0,0.0,0.018181818181818188,0.6923076923076923,B-,67.59713474918405,76.85185185185185,46.11111111111111,63.299930021569466,False,False,48.44820217308805
DY,Dycom Industries Inc,Industrials,Construction & Engineering,433.6,45.2747,2.2955,21.0753,6.989715317406584,21.16,17.95,18.81,0.0753,9.54,0.9568474189871358,150.5489,21.16,17.95,148.77037999999985,0.9568474189871358,18.81,0.0753,9.54,36.884435729430706,72.23100319833982,48.6863711001642,83.36242083040113,70.06079027355622,57.51138651314692,0.2961165048543689,0.7912621359223301,0.47572815533980584,0.8737864077669902,D+,B,C,B+,dycomindustriesinc,0.0023809523809523725,0.9523809523809523,0.875,21.0,90.0,84.89281911636292,0.0023809523809523725,0.6808510638297872,B-,59.51746554050254,87.5,86.45712764654516,63.15673311371352,True,False,36.884435729430706
PRDO,Perdoceo Education Corp,Consumer Discretionary,Education Services,33.64,13.1901,2.493,8.4229,2.1613980981752765,10.81,24.2,16.3,0.23170000000000002,16.08,0.6442166910688141,33.6512,10.81,22.7775,33.6512,0.6442166910688141,16.3,0.23170000000000002,16.08,61.84456498421746,82.25105374077977,69.17808219178083,74.54162276080085,38.19875776397515,69.1141970943157,0.6845637583892618,0.8926174496644296,0.7214765100671141,0.7718120805369127,B-,B+,B,B,perdoceoeducationcorp,0.0,0.8571428571428571,0.7291666666666667,7.0,0.0,0.0,0.0,0.5,C,67.93407287071321,72.91666666666667,43.75,63.09725829657057,False,False,38.19875776397515
THG,Hanover Insurance Group Inc,Financials,Property & Casualty Insurance,186.84,9.9562,1.0026,7.7074,1.8519216015890607,55.07,5.61,19.99,0.132,15.299999999999999,0.8443152454780365,12.8329,55.07,5.61,12.8329,0.8443152454780365,19.99,0.132,15.299999999999999,64.50019706375014,51.50698217265158,78.39195979899498,67.63303697977065,91.89743589743588,64.55104304617072,0.6813725490196079,0.5049019607843137,0.7892156862745098,0.7303921568627451,B-,C+,B,B,hanoverinsurancegroupinc,0.06060606060606066,0.7272727272727273,0.671875,11.0,0.0,0.0,0.06060606060606066,0.9487179487179487,A,68.74078663591432,67.1875,40.3125,63.05512930873146,False,False,51.50698217265158
RL,Ralph Lauren Corp,Consumer Discretionary,"Apparel, Accessories & Luxury Goods",362.21,23.8799,2.8001,16.0611,8.60572970866774,33.85,12.71,34.74,0.1463,21.84,0.8163085075066232,61.3336,33.85,12.71,61.3336,0.8163085075066232,34.74,0.1463,21.84,29.257454567742332,85.45541359325605,76.25570776255707,91.35932560590095,77.27272727272727,66.74123842240624,0.2348993288590604,0.9261744966442953,0.8187919463087249,0.9463087248322147,D+,A-,B+,A,ralphlaurencorp,0.0357142857142857,0.8571428571428571,0.8106060606060607,28.0,7.75,15.019638723636886,0.0357142857142857,0.7857142857142857,B,69.46851114967897,81.06060606060606,54.64421912581839,62.67634521277547,True,False,29.257454567742332
LRCX,Lam Research Corp,Information Technology,Semiconductor Materials & Equipment,256.72,47.7059,14.7599,40.475,33.02799505969535,47.61,26.53,65.79,0.34259999999999996,46.29,0.9064762277440817,257.8977,47.61,26.53,257.8977,0.9064762277440817,65.79,0.34259999999999996,46.29,30.049746850347343,85.07369560642495,90.88403929063514,81.25121676743056,67.3913043478261,68.49842901001672,0.27631578947368424,0.9407894736842105,0.9473684210526315,0.881578947368421,D+,A,A,B+,lamresearchcorp,0.024390243902439046,0.7560975609756098,0.7336956521739131,41.0,0.0,0.0,0.024390243902439046,0.675,B-,70.23755944479933,73.36956521739131,44.02173913043479,62.599865025750184,True,False,30.049746850347343
GMED,Globus Medical Inc,Health Care,Health Care Equipment,91.34,22.5294,4.1232,16.1202,2.6974109697862807,428.44,16.65,12.4,0.20329999999999998,12.389999999999999,0.7972584790606261,28.4489,428.44,16.65,28.4489,0.7972584790606261,12.4,0.20329999999999998,12.389999999999999,55.0,86.98419315615772,63.78446115288221,82.65864661654135,38.888888888888886,68.62468324276037,0.6148148148148148,0.9555555555555556,0.6814814814814815,0.8666666666666667,B-,A,B-,B+,globusmedicalinc,0.0,0.7272727272727273,0.6944444444444444,22.0,0.0,0.0,0.0,0.31666666666666665,C-,67.51357213164925,69.44444444444444,41.666666666666664,62.344191038652745,False,False,38.888888888888886
MCY,Mercury General Corp,Financials,Property & Casualty Insurance,96.27,9.9575,0.8991,6.0564,2.2059126800452775,15.61,9.44,25.650000000000002,0.1155,20.16,0.9178156551948755,73.8981,15.61,9.44,72.80332,0.9178156551948755,25.650000000000002,0.1155,20.16,58.72746083357966,43.75248286990994,86.4321608040201,96.7272258729545,30.615384615384617,69.38584715797283,0.5882352941176471,0.38235294117647056,0.8676470588235294,0.9950980392156863,C+,C-,B+,A+,mercurygeneralcorp,0.0,0.8,0.675,5.0,0.0,0.0,0.0,0.14102564102564102,D,67.4473856195113,67.5,40.5,62.05790849560904,False,False,30.615384615384617
EWBC,East West Bancorp Inc,Financials,Regional Banks,125.82,12.3542,3.27879,9.0697,1.9451366944734743,19.47,74.7411,16.06,0.5797675999999999,15.740000000000002,0.960112954465231,44.8371,19.47,74.7411,44.8371,0.960112954465231,16.06,0.5797675999999999,15.740000000000002,51.460735047787956,73.3081552651962,67.33668341708542,92.32567331037208,34.36724565756824,67.826120331332,0.5049019607843137,0.8872549019607843,0.6813725490196079,0.9607843137254902,C+,B+,B-,A,eastwestbancorpinc,0.0,0.7391304347826086,0.7053571428571428,23.0,0.0,0.0,0.0,0.3974358974358974,C-,66.26284489708883,70.53571428571428,42.32142857142856,61.47456163195678,False,False,34.36724565756824
ULTA,Ulta Beauty Inc,Consumer Discretionary,Other Specialty Retail,531.95,20.17,1.8774,12.49,8.38042514174805,1.06,41.38,44.07,0.12369999999999999,40.57,0.44365761122826136,35.3803,1.06,22.7775,35.3803,0.44365761122826136,44.07,0.12369999999999999,40.57,44.82240813949925,77.71207905251143,79.90867579908677,67.69406392694064,65.98639455782313,65.26399958053692,0.44966442953020136,0.8456375838926175,0.8590604026845637,0.6778523489932886,C,B+,B+,B-,ultabeautyinc,0.019327731092437017,0.6764705882352942,0.6602564102564102,34.0,0.0,0.0,0.019327731092437017,0.6428571428571429,B-,66.86263903631924,66.02564102564102,39.61538461538461,61.41318815213232,False,False,44.82240813949925
BAC,Bank of America Corp,Financials,Diversified Banks,53.24,12.1189,2.32875,26.8558,1.2662834201068873,18.65,99.36713,10.5,0.3273721,3.08,0.7601558152476352,32.5367,18.65,85.8019475,32.5367,0.7601558152476352,10.5,0.3273721,3.08,64.75268499359542,81.1296407407103,40.20100502512563,69.95747970622342,80.04459308807135,61.45584659406701,0.6911764705882353,0.9558823529411765,0.39215686274509803,0.7794117647058824,B-,A,C-,B,bankofamericacorp,0.03870967741935483,0.8387096774193549,0.7986111111111112,31.0,0.0,0.0,0.03870967741935483,0.7948717948717948,B,64.46030590287415,79.86111111111111,47.916666666666664,61.15157805563266,False,False,40.20100502512563
HCI,Hci Group Inc,Financials,Property & Casualty Insurance,152.3,6.7505,2.2407,1.9489,1.9006329619424145,74.84,20.1,38.04,0.4866,33.550000000000004,0.21489275596924332,4.7744,74.84,20.1,4.7744,0.21489275596924332,38.04,0.4866,27.17999999999999,69.13242684008277,78.00019725973354,93.96984924623115,33.75595928359748,30.615384615384617,68.12680033024469,0.7647058823529411,0.9264705882352942,0.9411764705882353,0.3137254901960784,B,A-,A,C-,hcigroupinc,0.0,0.75,0.6730769230769231,8.0,0.0,0.0,0.0,0.14102564102564102,D,66.18833879178315,67.3076923076923,40.38461538461538,61.0275941103496,False,False,30.615384615384617
AMZN,Amazon.com Inc,Consumer Discretionary,Broadline Retail,268.26,31.2354,3.8183,15.8474,7.003025611975054,36.46,14.22,23.34,0.115,18.98,0.9375763634344108,41.041,36.46,14.22,41.041,0.910355871419793,23.34,0.115,18.98,24.568661702062457,85.13099315068493,67.57990867579909,80.05479452054794,37.07482993197279,61.074300128711954,0.20134228187919462,0.9194630872483222,0.6912751677852349,0.8322147651006712,D+,A-,B-,B+,amazoncominc,0.0,0.9342105263157895,0.9104938271604939,76.0,90.0,84.89281911636292,0.0,0.39285714285714285,C-,59.781783121909235,91.0493827160494,88.58675727617481,60.67105804788421,True,False,24.568661702062457
ACAD,ACADIA Pharmaceuticals Inc,Health Care,Pharmaceuticals,21.95,9.5592,4.5185,27.0047,3.045734584003996,117.79,-13.64,41.9,0.10339999999999999,41.9,0.547703180212014,50.652,117.79,-12.979999999999999,50.652,0.547703180212014,41.9,0.10339999999999999,29.947999999999997,53.56341189674523,43.75576937392987,75.68922305764411,68.56766917293233,98.71794871794872,59.77784644796977,0.5851851851851851,0.4,0.7925925925925926,0.7037037037037037,C+,C-,B,B,acadiapharmaceuticalsinc,0.0854700854700855,0.7777777777777778,0.7421875,27.0,0.0,0.0,0.07082573632538566,1.0,A+,64.64964131976464,74.21875,44.53125,60.62596305581172,False,False,43.75576937392987
DXPE,DXP Enterprises Inc,Industrials,Trading Companies & Distributors,168.9,29.7983,1.3105,16.9702,5.256900265179339,26.99,11.89,18.67,0.0877,7.7,0.9481812639707378,89.8179,26.99,11.89,89.8179,0.9481812639707378,18.67,0.0877,7.7,55.23618218629935,83.26908754834136,46.88013136288998,86.64433497536946,46.94727104532841,64.5117628920395,0.5728155339805825,0.9223300970873787,0.4393203883495146,0.9174757281553398,C+,A-,C,A-,dxpenterprisesinc,0.0,0.8888888888888888,0.7678571428571428,9.0,0.0,0.0,0.0,0.648936170212766,B-,64.20648999657234,76.78571428571428,46.07142857142856,60.579477711543596,False,False,46.88013136288998
ORCL,Oracle Corp,Information Technology,Application Software,171.83,30.1355,7.6236,27.0532,23.584556048149114,31.02,14.87,57.35,0.3056,11.77,0.17646223064172395,18.1043,31.02,14.87,18.1043,0.17646223064172395,57.35,0.3056,11.77,50.133933827858236,62.20555875910614,79.48945879076108,59.937842101158374,72.41379310344827,61.83452832670773,0.5460526315789473,0.6842105263157895,0.8355263157894737,0.5789473684210527,C+,B-,B+,C+,oraclecorp,0.039215686274509776,0.7843137254901961,0.7633928571428572,51.0,0.0,0.0,0.039215686274509776,0.75,B,64.07590763705257,76.33928571428572,45.80357142857143,60.42144039535634,False,False,50.133933827858236
AX,Axos Financial Inc,Financials,Regional Banks,87.41,10.8496,2.35138,9.0906,1.8417847676118955,8.63,78.88815,16.59,0.496028,12.479999999999999,0.6333096621421838,33.4504,8.63,78.88815,33.4504,0.6333096621421838,16.59,0.496028,12.479999999999999,62.815302000197065,61.27454332182329,71.35678391959799,54.04776692451019,69.5616211745244,61.607483529215465,0.6666666666666666,0.7107843137254902,0.7205882352941176,0.5637254901960784,B-,B,B,C+,axosfinancialinc,0.01098901098901095,0.8571428571428571,0.7763157894736842,14.0,0.0,0.0,0.01098901098901095,0.6410256410256411,B-,63.56364564666791,77.63157894736842,46.578947368421055,60.16670599101854,False,False,54.04776692451019
GEV,GE Vernova Inc,Industrials,Heavy Electrical Equipment,1062.95,30.4711,7.2542,38.1505,25.63036050568693,395.59,10.27,87.97,0.1547,82.54,0.8518942599691343,178.0481,107.05100000000004,10.27,148.77037999999985,0.8518942599691343,73.67999999999981,0.1547,26.983999999999988,20.586031533470436,86.39648058205759,87.192118226601,88.08350926577528,89.86828774062816,66.84053540958443,0.1262135922330097,0.9514563106796117,0.9514563106796117,0.9368932038834952,D,A,A,A,gevernovainc,0.04999999999999993,0.85,0.8166666666666667,40.0,7.75,15.019638723636886,0.04999999999999993,0.8936170212765957,B+,70.82736418364725,81.66666666666667,55.007855489454755,60.092380846008545,True,False,20.586031533470436
AAPL,Apple Inc,Information Technology,"Technology Hardware, Storage & Peripherals",280.14,33.5664,9.1139,25.9141,56.12903225806452,29.01,12.76,146.69,0.3264,69.07,0.911083149837475,31.3238,29.01,12.76,31.3238,0.911083149837475,109.87799999999994,0.3264,53.78399999999993,47.077004592016955,59.37072356382911,93.79824288486896,53.62143079374957,68.75,62.817242740737214,0.5328947368421053,0.6578947368421053,0.9671052631578947,0.5131578947368421,C+,B-,A,C+,appleinc,0.03703703703703709,0.6851851851851852,0.673728813559322,54.0,0.0,0.0,0.03703703703703709,0.725,B,64.69224274073721,67.37288135593221,40.42372881355932,59.83853995530164,False,False,47.077004592016955
FSS,Federal Signal Corp,Industrials,Construction Machinery & Heavy Transportation Equipment,121.61,29.6724,3.3558,21.9009,5.3589448682186935,14.4,17.14,19.09,0.1563,15.190000000000001,0.7834862174005679,44.3613,14.4,17.14,44.3613,0.7834862174005679,19.09,0.1563,15.190000000000001,38.00277392510402,82.53360545616057,68.96551724137932,58.692342140617995,98.22695035460993,59.98726231097655,0.32038834951456313,0.9174757281553398,0.7330097087378641,0.5970873786407767,C-,A-,B,C+,federalsignalcorp,0.10000000000000009,0.8,0.7166666666666667,10.0,0.0,0.0,0.06602150537634405,0.9787234042553191,A+,64.80995734643754,71.66666666666667,43.0,59.552983858095146,True,False,38.00277392510402
UGI,UGI Corp,Utilities,Gas Utilities,35.4,11.175,3.3289,8.9475,1.589375429333405,150.04,0.22,14.09,0.48200000000000004,5.6899999999999995,0.38888888888888856,7.0457,116.81250000000004,0.22,7.0457,0.38888888888888856,14.09,0.38946000000000003,5.6899999999999995,79.33806146572103,57.69734380845492,88.14814814814815,30.041152263374485,52.17391304347826,64.41925161783317,0.8723404255319149,0.6382978723404256,0.9361702127659575,0.2765957446808511,B+,B-,A,D+,ugicorp,-0.023809523809523725,0.8333333333333334,0.7045454545454546,6.0,0.0,0.0,-0.023809523809523725,0.5,C,64.636642922181,70.45454545454545,42.27272727272727,59.459814624508134,False,True,30.041152263374485
ANET,Arista Networks Inc,Information Technology,Communications Equipment,172.7,63.4372,24.7347,54.6685,17.54154308698655,23.67,28.6,31.009999999999998,0.4282,31.009999999999998,0.92680412371134,96.6075,23.67,28.6,96.6075,0.92680412371134,31.009999999999998,0.4282,31.009999999999998,22.545037089367714,78.30324647896339,87.94316784449678,60.929404269819386,47.82608695652174,60.468581383222684,0.17763157894736842,0.875,0.9078947368421053,0.5986842105263158,D,B+,A-,C+,aristanetworksinc,0.0037878787878787845,0.8787878787878788,0.8355263157894737,33.0,90.0,84.89281911636292,0.0037878787878787845,0.475,C,60.251190078874856,83.55263157894737,84.08870659391359,59.41510862331247,True,False,22.545037089367714
PLUS,ePlus inc,Information Technology,Technology Distributors,85.21,16.6802,0.939,9.8185,2.312014825547479,28.46,11.01,12.93,0.0692,12.809999999999999,0.7248195795418887,35.2325,28.46,11.01,35.2325,0.7248195795418887,12.93,0.0692,12.809999999999999,90.29347698104321,66.64520653233282,52.866053306072864,53.13617113141537,35.71428571428572,64.74615810452866,0.9473684210526315,0.7236842105263158,0.5526315789473685,0.506578947368421,A,B,C+,C+,eplusinc,0.0,0.8571428571428571,0.7291666666666667,7.0,0.0,0.0,0.0,0.35,C-,63.31758667595723,72.91666666666667,43.75,59.40406934076579,False,False,35.71428571428572
ESE,ESCO Technologies Inc,Industrials,Industrial Machinery & Supplies & Components,326.96,27.8112,7.0311,33.7766,5.480756336328282,175.22,14.09,21.34,0.1562,18.13,0.9981392103273827,102.7407,107.05100000000004,14.09,102.7407,0.9872267261247282,21.34,0.1562,18.13,23.348797168683337,95.11133372789797,73.72742200328408,95.24806474313864,88.54337152209493,67.34093448719918,0.1553398058252427,0.9951456310679612,0.7912621359223301,0.9902912621359223,D,A+,B,A+,escotechnologiesinc,0.023809523809523725,0.8571428571428571,0.7291666666666667,7.0,0.0,0.0,0.023809523809523725,0.8723404255319149,B+,71.19527163940867,72.91666666666667,43.75,59.31102480135163,True,False,23.348797168683337
UNP,Union Pacific Corp,Industrials,Rail Transportation,266.32,21.9541,6.4111,14.4602,8.554212223606953,9.44,1.87,40.38,0.4021,14.530000000000001,0.8675527756059418,24.4021,9.44,1.87,24.4021,0.8675527756059418,40.38,0.29964999999999986,14.530000000000001,47.54571396687231,51.75895658728014,86.61740558292281,54.63696723067038,94.1972920696325,59.81996465103889,0.48058252427184467,0.529126213592233,0.9368932038834952,0.529126213592233,C,C+,A,C+,unionpacificcorp,0.06451612903225801,0.6774193548387096,0.6597222222222223,31.0,0.0,0.0,0.06451612903225801,0.9361702127659575,A,64.23969385800214,65.97222222222223,39.583333333333336,59.30842175306839,False,False,47.54571396687231
TMDX,Transmedics Group Inc,Health Care,Health Care Equipment,100.01,18.1551,5.7057,31.8541,7.2439519049688545,362.68,37.13,53.879999999999995,0.1793,22.009999999999998,0.16307922272047848,10.5694,362.68,37.13,10.5694,0.16307922272047848,53.879999999999995,0.1793,22.009999999999998,41.666666666666664,94.15503725039942,80.70175438596492,47.359398496240594,38.888888888888886,63.894992412485905,0.3925925925925926,0.9925925925925926,0.8444444444444444,0.4444444444444444,C-,A+,B+,C,transmedicsgroupinc,0.0,0.8,0.7500000000000001,20.0,0.0,0.0,0.0,0.31666666666666665,C-,62.78388130137479,75.00000000000001,45.00000000000001,59.22710504109983,False,False,38.888888888888886
KOP,Koppers Holdings Inc,Materials,Commodity Chemicals,41.91,14.351,0.4276,7.6272,1.4205431348888917,14.14,-10.17,10.45,0.07490000000000001,3.7699999999999996,0.9851767388825539,66.6402,14.14,-10.17,66.6402,0.9848885540024427,10.45,0.07490000000000001,3.7699999999999996,92.06349206349206,40.59853190287973,42.32804232804232,87.5776397515528,35.74380165289256,64.2331179287701,0.9841269841269841,0.31746031746031744,0.36507936507936506,0.9365079365079365,A+,C-,C-,A,koppersholdingsinc,0.0,0.8571428571428571,0.7291666666666667,7.0,0.0,0.0,0.0,0.5,C,62.807498094059355,72.91666666666667,43.75,58.99599847524749,False,False,35.74380165289256
ARMK,Aramark,Consumer Discretionary,Distributors,44.95,37.866,0.6388,13.8997,3.753841528594335,24.1,6.35,10.17,0.042199999999999994,3.4299999999999997,0.8603473227206947,35.8416,24.1,6.35,35.8416,0.8603473227206947,10.17,0.042199999999999994,3.4299999999999997,43.41577027979529,77.55244006849315,28.310502283105023,83.33333333333333,59.183673469387756,55.10872282109038,0.4161073825503356,0.8389261744966443,0.21476510067114093,0.87248322147651,C,B+,D+,B+,aramark,0.006493506493506551,0.8636363636363636,0.8055555555555556,22.0,37.75,54.74015633760499,0.006493506493506551,0.5714285714285714,C+,56.02709016802916,80.55555555555556,70.22939586837533,58.8675513080984,False,False,28.310502283105023
WMS,Advanced Drainage Systems Inc,Industrials,Building Products,147.31,24.6122,3.8756,16.2909,7.061570026077619,0.61,1.6,25.82,0.2284,14.46,0.5711222780569515,29.6629,0.61,1.6,29.6629,0.5711222780569515,25.82,0.2284,14.46,46.603137404945244,49.11726088235521,78.89983579638752,64.81316832872763,75.6838905775076,59.16182914254976,0.470873786407767,0.47572815533980584,0.8446601941747572,0.6650485436893204,C,C,B+,B-,advanceddrainagesystemsinc,0.009523809523809601,0.8666666666666667,0.7875000000000001,15.0,0.0,0.0,0.009523809523809601,0.7446808510638298,B,61.73021820030053,78.75000000000001,47.25000000000001,58.83417456024043,False,False,46.603137404945244
BCO,Brinks Co,Industrials,Security & Alarm Services,107.52,22.0512,0.837,7.9046,15.913093669986827,29.64,4.97,79.36,0.1093,4.64,0.4872934067886973,20.8905,29.64,4.97,20.8905,0.4872934067886973,73.67999999999981,0.1093,4.64,82.00057391553877,69.33712245026143,57.96387520525452,45.578231292517,44.27558257345491,62.97418302875401,0.8883495145631068,0.7524271844660194,0.6019417475728155,0.41262135922330095,B+,B,B-,C,brinksco,0.0,0.8571428571428571,0.7291666666666667,7.0,0.0,0.0,0.0,0.5319148936170213,C+,62.4017412860995,72.91666666666667,43.75,58.671393028879606,False,False,44.27558257345491
LLY,Eli Lilly and Co,Health Care,Pharmaceuticals,963.33,36.1298,12.6401,28.542,34.30014990048175,128.83,47.44,101.30999999999999,0.4363,37.71,0.6655624595722994,21.3109,128.83,47.44,21.3109,0.6655624595722994,97.80199999999995,0.4363,29.947999999999997,25.6341189674523,91.18244249236953,96.74185463659148,59.78571428571429,74.35897435897436,65.78762475662771,0.18518518518518517,0.9777777777777777,1.0,0.6,D,A+,A+,C+,elilillyandco,0.03950103950103956,0.7692307692307693,0.7443181818181819,39.0,0.0,0.0,0.03950103950103956,0.7,B-,68.22352219252514,74.43181818181819,44.659090909090914,58.27688908557014,True,False,25.6341189674523
KFY,Korn Ferry,Industrials,Human Resource & Employment Services,66.52,12.8528,1.1942,6.0111,1.8339518187883566,8.41,5.44,13.94,0.1307,11.55,0.38723208348253085,6.279,8.41,5.44,6.279,0.38723208348253085,13.94,0.1307,11.55,87.53088781545428,60.599870465210046,54.84400656814449,52.28712174524982,42.26305609284333,63.17112203799167,0.941747572815534,0.6456310679611651,0.5679611650485437,0.5145631067961165,A,B-,C+,C+,kornferry,0.0,0.7777777777777778,0.6964285714285714,9.0,0.0,0.0,0.0,0.32978723404255317,C-,62.397427647276004,69.64285714285714,41.785714285714285,58.27508497496366,False,False,42.26305609284333
IQV,IQVIA Holdings Inc,Health Care,Life Sciences Tools & Services,157.77,19.6864,1.6415,11.8507,4.114680047570364,4.84,5.87,22.28,0.1334,6.41,0.20569395017793599,4.4143,4.84,5.87,4.4143,0.20569395017793599,22.28,0.1334,6.41,73.55218855218855,53.16776492271991,55.76441102756892,33.16567280269639,98.4126984126984,54.595837440022635,0.8518518518518519,0.5555555555555556,0.562962962962963,0.2814814814814815,B+,C+,C+,D+,iqviaholdingsinc,0.07096774193548383,0.8709677419354839,0.8263888888888888,31.0,7.75,15.019638723636886,0.07082573632538566,0.9666666666666667,A,59.43710728129248,82.63888888888889,55.591188822788084,58.124702074873156,False,True,33.16567280269639
SMP,Standard Motor Products Inc,Consumer Discretionary,Automotive Parts & Equipment,38.51,20.2252,0.4667,7.4454,1.247392492971068,48.96,22.36,6.15,0.0762,3.19,0.6137184115523465,39.3775,48.96,22.36,39.3775,0.6137184115523465,6.15,0.0762,3.19,74.62842082682113,93.53407271820711,29.680365296803654,65.51724137931035,36.024844720496894,62.88745935040969,0.8187919463087249,0.9731543624161074,0.2348993288590604,0.6510067114093959,B+,A+,D+,B-,standardmotorproductsinc,0.0,0.8571428571428571,0.7291666666666667,7.0,0.0,0.0,0.0,0.30357142857142855,C-,61.48994382245938,72.91666666666667,43.75,57.941955057967505,False,False,29.680365296803654
PNC,PNC Financial Services Group Inc,Financials,Diversified Banks,220.71,12.4195,2.34179,14.7901,1.422270968041273,20.05,72.26733,11.98,0.345423,6.890000000000001,0.7267701717243004,37.0955,20.05,72.26733,37.0955,0.7267701717243004,11.98,0.345423,6.890000000000001,59.51325253719578,74.2871937337158,49.246231155778894,71.04367993815231,55.629877369007794,61.25604565761729,0.6029411764705882,0.8970588235294118,0.4803921568627451,0.7843137254901961,B-,B+,C,B,pncfinancialservicesgroupinc,0.009195402298850519,0.7333333333333333,0.7071428571428571,30.0,0.0,0.0,0.009195402298850519,0.5384615384615384,C+,61.81903339451807,70.71428571428571,42.42857142857142,57.940941001328746,False,False,49.246231155778894
OVV,Ovintiv Inc,Energy,Oil & Gas Exploration & Production,60.85,13.8816,1.9354,6.6869,1.3768027404822998,15.07,-2.67,11.86,0.127,7.86,0.9403544648943422,76.9924,15.07,-2.67,76.9924,0.9403544648943422,11.86,0.127,7.86,68.98439319822967,55.1234158518055,60.37735849056603,74.12675374939525,33.33333333333333,63.190471842439074,0.8518518518518519,0.5925925925925926,0.5925925925925926,0.7777777777777778,B+,C+,C+,B,ovintivinc,-0.07287933094384702,0.7419354838709677,0.7152777777777779,31.0,0.0,0.0,-0.07287933094384702,0.3,D+,61.52380517577241,71.52777777777779,42.91666666666667,57.80237747395127,False,False,33.33333333333333
FIVE,Five Below Inc,Consumer Discretionary,Specialty Stores,230.52,35.8916,2.7019,18.7038,5.804677585060736,40.49,22.9,18.14,0.096,18.14,0.8812376933895922,205.8917,40.49,22.7775,81.545,0.8812376933895922,18.14,0.096,18.14,24.312770065275355,92.49143835616438,61.41552511415525,95.84299262381454,93.19727891156462,64.09895999085344,0.19463087248322147,0.9664429530201343,0.6308724832214765,0.9932885906040269,D,A,B-,A+,fivebelowinc,0.07291666666666663,0.6666666666666666,0.6513157894736843,33.0,0.0,0.0,0.07291666666666663,0.9285714285714286,A-,68.4186878820099,65.13157894736842,39.078947368421055,57.6915128467733,True,False,24.312770065275355
GE,General Electric Co,Industrials,Aerospace & Defense,286.51,35.0074,6.2534,31.2097,16.088384760086477,26.27,21.75,46.22,0.1666,22.25,0.5802059341552633,40.7151,26.27,21.676999999999982,40.7151,0.5802059341552633,46.22,0.1666,22.25,20.2839287707048,87.57360173273119,85.05747126436782,50.6847290640394,73.87234042553192,58.987016168122274,0.12135922330097088,0.9660194174757282,0.9174757281553398,0.5048543689320388,D,A,A-,C+,generalelectricco,0.008898776418242549,0.8709677419354839,0.8263888888888888,31.0,67.75,75.89497835055444,0.008898776418242549,0.723404255319149,B,61.37425021067547,82.63888888888889,79.9413246735551,57.64681795188455,True,False,20.2839287707048
ENSG,Ensign Group Inc,Health Care,Health Care Facilities,183.72,31.4723,2.1404,19.2546,4.781672856745017,14.27,18.72,16.59,0.08410000000000001,15.509999999999998,0.6272292301000435,43.408,14.27,18.72,43.408,0.6272292301000435,16.59,0.08410000000000001,15.509999999999998,49.455667789001126,69.70546030491043,58.39598997493734,78.54290899662949,40.57971014492753,61.612588301292604,0.5037037037037037,0.7703703703703704,0.6074074074074074,0.8074074074074075,C+,B,B-,B+,ensigngroupinc,0.0,0.8181818181818182,0.734375,11.0,0.0,0.0,0.0,0.4666666666666667,C,60.670559315785354,73.4375,44.0625,57.34894745262829,False,False,40.57971014492753
WS,Worthington Steel Inc,Materials,Steel,39.17,16.0562,0.5837,9.0108,1.80693434697568,12.12,5.55,11.01,0.0417,9.25,0.5991180597314091,52.5312,12.12,5.55,52.5312,0.5991180597314091,11.01,0.0417,9.25,82.53968253968253,59.057925249829296,50.0,60.525451559934325,35.064935064935064,62.05159599687335,0.8968253968253969,0.6507936507936508,0.4603174603174603,0.5873015873015873,B+,B-,C,C+,worthingtonsteelinc,0.0,0.8,0.7166666666666667,10.0,0.0,0.0,0.0,0.3181818181818182,C-,60.55808950336686,71.66666666666667,43.0,57.046471602693494,False,False,35.064935064935064
KLAC,KLA Corp,Information Technology,Semiconductor Materials & Equipment,1726.26,49.643,17.7544,38.8714,48.56862309278698,44.58,17.49,95.22,0.4199,42.71,0.8314882176182192,155.2469,44.58,17.49,155.2469,0.8314882176182192,95.22,0.4199,42.71,29.18580007064642,75.11863036023661,93.9863993955287,56.11007697447617,80.43478260869566,62.03879133348634,0.25,0.868421052631579,0.9736842105263158,0.5394736842105263,D+,B+,A+,C+,klacorp,0.04504504504504503,0.6666666666666666,0.6524390243902438,36.0,0.0,0.0,0.04504504504504503,0.8,B,65.0822695943559,65.24390243902438,39.14634146341463,56.90032976975927,True,False,29.18580007064642
CSCO,Cisco Systems Inc,Information Technology,Communications Equipment,91.85,32.7553,6.1435,26.9528,7.764815284470369,21.66,9.0,23.64,0.2275,14.63,0.9696367763904652,58.0351,21.66,9.0,58.0351,0.9696367763904652,23.64,0.2275,14.63,51.01554221123278,54.31919514286811,74.50182971095012,60.9175222602486,60.86956521739131,59.42668646116907,0.5526315789473685,0.5921052631578947,0.7631578947368421,0.5921052631578947,C+,C+,B,C+,ciscosystemsinc,0.009072580645161255,0.71875,0.695945945945946,32.0,0.0,0.0,0.009072580645161255,0.5875,C+,60.5136429829082,69.59459459459461,41.756756756756765,56.76226573767792,False,False,51.01554221123278
RCL,Royal Caribbean Cruises Ltd,Consumer Discretionary,"Hotels, Resorts & Cruise Lines",265.55,16.6866,3.9709,13.8411,7.154615676839306,47.85,8.8,45.82,0.2728,14.56,0.3228467936678295,20.2836,47.85,8.8,20.2836,0.3228467936678295,45.82,0.2721,14.56,39.17440470718029,84.78655311399456,81.84931506849314,44.73225404732254,36.024844720496894,61.159691376181776,0.348993288590604,0.9060402684563759,0.9093959731543624,0.4161073825503356,C-,A-,A-,C,royalcaribbeancruisesltd,0.0,0.7647058823529411,0.7371794871794871,34.0,0.0,0.0,0.0,0.30357142857142855,C-,59.762175848231465,73.71794871794872,44.230769230769226,56.62737645702523,True,False,36.024844720496894
STT,State Street Corp,Financials,Asset Management & Custody Banks,152.0,13.87,1.80473,17.4118,1.5236476123840474,11.47,181.1518,11.09,0.24962610000000002,5.04,0.9393851508120649,71.3062,11.47,85.8019475,71.3062,0.9393851508120649,11.09,0.24962610000000002,5.04,53.33653561927284,74.29513035580725,44.221105527638194,89.83165829145729,32.51748251748252,62.21476801618067,0.5294117647058824,0.9019607843137255,0.43137254901960786,0.9264705882352942,C+,A-,C,A-,statestreetcorp,0.0,0.6818181818181818,0.6574074074074073,22.0,0.0,0.0,0.0,0.19230769230769232,D,60.466516267928924,65.74074074074073,39.444444444444436,56.26210190323203,False,False,32.51748251748252
DOCN,DigitalOcean Holdings Inc,Information Technology,Internet Services & Infrastructure,102.82,40.6049,11.6785,32.6834,209.06872712484747,182.74,15.48,-20.080000000000002,0.2275,-1.73,0.9789672820163228,226.6201,182.74,15.48,226.6201,0.9789672820163228,-9.676,0.2275,-1.73,37.78258565877781,78.55595187809952,29.87095722772864,91.47380909236992,81.81818181818181,55.919337915720504,0.35526315789473684,0.881578947368421,0.2565789473684211,0.9736842105263158,C-,B+,D+,A+,digitaloceanholdingsinc,0.06190476190476191,0.7619047619047619,0.7211538461538463,21.0,0.0,0.0,0.06190476190476191,0.85,B+,59.101156097538684,72.11538461538463,43.269230769230774,55.934771031877105,False,False,29.87095722772864
SEIC,SEI Investments Co,Financials,Asset Management & Custody Banks,90.22,14.7874,4.6099,12.4841,4.50521080411671,27.6,9.37,30.64,0.31829999999999997,30.54,0.8019067796610172,15.3119,27.6,9.37,15.3119,0.8019067796610172,30.64,0.31829999999999997,27.17999999999999,30.307173120504483,62.99980739057816,90.95477386934674,58.090452261306524,69.69696969696969,59.53353867783974,0.2549019607843137,0.7549019607843137,0.9117647058823529,0.5931372549019608,D+,B,A-,C+,seiinvestmentsco,0.015151515151515138,0.8333333333333334,0.75,12.0,0.0,0.0,0.015151515151515138,0.6666666666666666,B-,61.50323564753671,75.0,45.0,55.43511249535837,True,False,30.307173120504483
MTZ,MasTec Inc,Industrials,Construction & Engineering,417.41,80.6389,2.2504,31.484,10.104186334742174,146.92,16.22,13.08,0.045899999999999996,7.470000000000001,0.9974865162067341,211.4768,107.05100000000004,16.22,148.77037999999985,0.9872267261247282,13.08,0.045899999999999996,7.470000000000001,25.780764264192456,84.98080012106595,34.48275862068966,91.44968332160451,42.13525835866261,55.351977409754625,0.1796116504854369,0.941747572815534,0.2669902912621359,0.9635922330097088,D,A,D+,A,mastecinc,0.0,0.8846153846153846,0.8306451612903226,26.0,90.0,84.89281911636292,0.0,0.26595744680851063,D+,54.56550324562089,83.06451612903226,83.79583732396452,55.26485620412636,True,False,25.780764264192456
VMI,Valmont Industries Inc,Industrials,Industrial Machinery & Supplies & Components,510.36,26.7238,2.3813,20.0814,5.956554824674021,9.37,2.4,23.06,0.10640000000000001,15.65,0.9855637749383546,70.8547,9.37,2.4,70.8547,0.9855637749383546,23.06,0.10640000000000001,15.65,45.636647695569685,49.333587173790335,65.8456486042693,84.51090781140041,43.45335515548282,59.6394730719979,0.45145631067961167,0.4854368932038835,0.6820388349514563,0.8980582524271845,C,C,B-,B+,valmontindustriesinc,0.0,0.7272727272727273,0.671875,11.0,0.0,0.0,0.0,0.46808510638297873,C,58.98480858754618,67.1875,40.3125,55.25034687003695,False,False,43.45335515548282
TTMI,TTM Technologies Inc,Information Technology,Electronic Manufacturing Services,158.99,85.8493,5.5484,60.9174,9.326841287067726,241.37,24.12,10.61,0.0974,6.81,0.8665353830517089,580.8994,241.37,24.12,507.97907999999893,0.8665353830517089,10.61,0.0974,6.81,31.746732603320382,93.1160291135886,44.659021882454034,78.09752861444048,61.36363636363637,58.34415016704942,0.28289473684210525,0.9868421052631579,0.4407894736842105,0.8355263157894737,D+,A+,C,B+,ttmtechnologiesinc,0.009090909090909038,0.9090909090909091,0.796875,11.0,0.0,0.0,0.009090909090909038,0.625,B-,59.48051380341306,79.6875,47.8125,55.229481790638836,True,False,31.746732603320382
PSMT,PriceSmart Inc,Consumer Staples,Consumer Staples Merchandise Retail,158.21,31.3553,0.8848,15.5848,3.899641117662138,8.73,8.85,12.23,0.0449,10.8,0.8907486993892784,56.2877,8.73,8.85,56.2877,0.8907486993892784,12.23,0.0449,10.8,45.18689196108551,71.31383048191198,39.784946236559136,87.24565756823822,52.38095238095239,57.954857159441204,0.42857142857142855,0.7777777777777778,0.31746031746031744,0.9047619047619048,C,B,C-,A-,pricesmartinc,0.0,0.8,0.7166666666666667,10.0,0.0,0.0,0.0,0.7,B-,58.192952397536445,71.66666666666667,43.0,55.15436191802916,False,False,39.784946236559136
OSIS,OSI Systems Inc,Information Technology,Electronic Equipment & Instruments,282.5,30.383,2.5877,20.27,4.988433896629055,13.33,8.96,16.91,0.12300000000000001,9.28,0.728724268374759,25.9305,13.33,8.96,25.9305,0.728724268374759,16.91,0.12300000000000001,9.28,65.77034028023078,58.8677023934557,55.26467843015246,59.720034152055504,35.41666666666667,58.97630198669805,0.7302631578947368,0.6513157894736842,0.5789473684210527,0.5657894736842105,B,B-,C+,C+,osisystemsinc,0.0,0.8333333333333334,0.75,12.0,0.0,0.0,0.0,0.3,D+,57.51796865336471,75.0,45.0,55.01437492269177,False,False,35.41666666666667
URI,United Rentals Inc,Industrials,Trading Companies & Distributors,949.23,23.7363,3.6362,16.2858,6.678477225860059,1.45,5.05,27.88,0.24670000000000003,10.95,0.8143980268228765,48.1783,1.45,5.05,48.1783,0.8143980268228765,27.88,0.24670000000000003,10.95,48.789994739107556,45.536310981901714,76.84729064039408,63.91724137931034,46.94727104532841,58.30003181711783,0.5097087378640777,0.38349514563106796,0.8203883495145631,0.6601941747572816,C+,C-,B+,B-,unitedrentalsinc,0.0,0.7407407407407407,0.7109375,27.0,0.0,0.0,0.0,0.648936170212766,B-,57.994758921650664,71.09375,42.65625,54.92705713732053,False,False,45.536310981901714
EZPW,EZCORP Inc,Financials,Consumer Finance,32.36,16.2851,1.498,10.1944,1.9214782794575207,43.71,13.06,12.479999999999999,0.12560000000000002,8.04,0.9615574174470182,106.5093,43.71,13.06,72.80332,0.9602574007634097,12.479999999999999,0.12560000000000002,8.04,40.443639767464774,61.61881331235415,52.76381909547738,95.14918341708542,35.75498575498576,59.65546406162345,0.3382352941176471,0.7205882352941176,0.5392156862745098,0.9803921568627451,C-,B,C+,A+,ezcorpinc,0.0,0.7692307692307693,0.7083333333333334,13.0,0.0,0.0,0.0,0.47435897435897434,C,58.230962637122026,70.83333333333334,42.50000000000001,54.760742050228814,True,False,35.75498575498576
LQDT,Liquidity Services Inc,Industrials,Diversified Support Services,35.91,37.1162,2.3236,19.5547,5.420131918554631,21.77,14.78,14.46,0.0785,14.46,0.9882026370575988,12.7827,21.77,14.78,12.7827,0.9872267261247282,14.46,0.0785,14.46,40.63242303952046,82.3024016256001,49.835796387520524,68.40957072484167,42.26305609284333,57.759449326848596,0.3640776699029126,0.912621359223301,0.5048543689320388,0.7038834951456311,C-,A-,C+,B,liquidityservicesinc,0.0,0.875,0.7500000000000001,8.0,0.0,0.0,0.0,0.32978723404255317,C-,56.98575493613293,75.00000000000001,45.00000000000001,54.588603948906346,False,False,40.63242303952046
CDNS,Cadence Design Systems Inc,Information Technology,Application Software,340.94,84.1855,17.6244,60.8022,16.928080236339714,5.27,14.12,21.68,0.2817,14.6,0.6877198846045595,13.749,5.27,14.12,13.749,0.6877198846045595,21.68,0.2817,14.6,21.882726951607207,46.84578933102539,76.3663570232751,71.17959959646006,87.9310344827586,53.16734877921767,0.17105263157894737,0.4473684210526316,0.7894736842105263,0.7302631578947368,D,C,B,B,cadencedesignsystemsinc,0.0625,0.875,0.8310810810810811,32.0,37.75,54.74015633760499,0.0625,0.875,B+,56.96045222749353,83.10810810810811,71.76092739990686,54.55923513853623,True,False,21.882726951607207
AIZ,Assurant Inc,Financials,Multi-line Insurance,231.51,13.3858,0.9114,8.3302,1.963273530279748,18.42,7.92,15.61,0.0934,11.28,0.7647713275320854,20.8109,18.42,7.92,20.8109,0.7647713275320854,15.61,0.0934,11.28,48.9974381712484,56.615735299355336,65.32663316582915,67.4855760282896,34.06593406593407,58.40128009979838,0.46568627450980393,0.6176470588235294,0.6617647058823529,0.7254901960784313,C,B-,B-,B,assurantinc,0.0,0.8333333333333334,0.75,12.0,0.0,0.0,0.0,0.3076923076923077,C-,56.807873506391786,75.0,45.0,54.44629880511343,False,False,34.06593406593407
XPEL,Xpel Inc,Consumer Discretionary,Automotive Parts & Equipment,47.8,25.7328,2.7681,18.391,4.707689883391112,13.49,13.27,19.689999999999998,0.1316,19.68,0.7018382352941176,64.6573,13.49,13.27,64.6573,0.7018382352941176,19.689999999999998,0.1316,19.68,28.12509576782814,81.04749470774506,69.63470319634702,83.42938119981105,36.024844720496894,62.33532492255502,0.2214765100671141,0.8791946308724832,0.7315436241610739,0.8791946308724832,D+,B+,B,B+,xpelinc,0.0,0.8888888888888888,0.7678571428571428,9.0,0.0,0.0,0.0,0.30357142857142855,C-,60.937809394604706,76.78571428571428,46.07142857142856,54.23963117844628,True,False,28.12509576782814
NWN,Northwest Natural Holding Co,Utilities,Gas Utilities,52.86,19.3883,1.704,10.764,1.4894504305486675,37.23,11.83,7.779999999999999,0.21789999999999998,2.91,0.8146832445233865,23.102,37.23,11.83,23.102,0.8146832445233865,7.779999999999999,0.21789999999999998,2.91,76.95823483057525,74.78488589599701,26.666666666666668,70.94650205761316,26.08695652173913,60.05250296503251,0.8085106382978723,0.851063829787234,0.19148936170212766,0.7446808510638298,B+,B+,D,B,northwestnaturalholdingco,-0.02777777777777779,0.75,0.6730769230769231,8.0,0.0,0.0,-0.02777777777777779,0.25,D+,57.66119861720642,67.3076923076923,40.38461538461538,54.205881970688225,False,False,26.08695652173913
MOG-A,Moog Inc,Industrials,Aerospace & Defense,300.52,33.3092,2.2898,19.1664,5.043508907368403,38.77,13.79,14.16,0.09119999999999999,8.94,0.7128490424735209,77.2457,38.77,13.79,77.2457,0.7128490424735209,14.16,0.09119999999999999,8.94,43.226202432764204,80.71373008625693,45.484400656814444,70.01724137931035,41.191489361702125,57.32384506550812,0.41262135922330095,0.9029126213592233,0.4174757281553398,0.7378640776699029,C,A-,C,B,mooginc,0.0,0.8333333333333334,0.75,12.0,0.0,0.0,0.0,0.19148936170212766,D,56.44299400167833,75.0,45.0,54.154395201342666,False,False,41.191489361702125
DIS,Walt Disney Co,Communication Services,Movies & Entertainment,103.08,14.9492,1.9136,12.1054,1.7084780821554535,120.36,3.47,11.35,0.1353,8.09,0.3839794754846066,13.5117,120.36,3.47,13.5117,0.3839794754846066,11.35,0.1353,8.09,48.622908622908625,69.32505175983437,48.12169312169312,51.23809523809524,76.19047619047619,53.298779835736354,0.4864864864864865,0.8378378378378378,0.3783783783783784,0.5405405405405406,C,B+,C-,C+,waltdisneyco,0.027027027027027084,0.8108108108108109,0.7797619047619048,37.0,0.0,0.0,0.027027027027027084,0.75,B,55.917827454783975,77.97619047619048,46.785714285714285,54.09140482097004,False,False,48.12169312169312
GVA,Granite Construction Inc,Industrials,Construction & Engineering,139.42,31.3402,1.3671,15.0196,5.143396811108733,51.42,10.4,17.580000000000002,0.0638,9.030000000000001,0.9608622534780614,75.6583,51.42,10.4,75.6583,0.9608622534780614,17.580000000000002,0.0638,9.030000000000001,57.72554083568479,69.23675179512166,44.33497536945813,69.2216748768473,42.13525835866261,58.20681438567953,0.616504854368932,0.7475728155339806,0.40048543689320387,0.7087378640776699,B-,B,C,B,graniteconstructioninc,0.0,0.75,0.6730769230769231,8.0,0.0,0.0,0.0,0.26595744680851063,D+,57.42034022154579,67.3076923076923,40.38461538461538,54.01319525415971,False,False,42.13525835866261
ALGN,Align Technology Inc,Health Care,Health Care Supplies,178.91,31.1478,3.1677,14.5071,3.153188084470403,0.86,0.9,10.45,0.1353,10.45,0.6594055964312612,1.2278,0.86,0.9,1.2278,0.6594055964312612,10.45,0.1353,10.45,55.578002244668916,41.49609358219354,53.38345864661654,62.6000485083677,93.65079365079364,53.05959364093361,0.6370370370370371,0.37777777777777777,0.5037037037037037,0.6518518518518519,B-,C-,C+,B-,aligntechnologyinc,0.07065217391304346,0.6956521739130435,0.6696428571428571,23.0,0.0,0.0,0.07065217391304346,0.9333333333333333,A,57.42467300601298,66.96428571428571,40.17857142857142,53.97545269052467,False,False,41.49609358219354
USFD,US Foods Holding Corp,Consumer Staples,Food Distributors,93.04,30.3126,0.5198,15.5065,4.763245601011627,45.9,4.08,15.010000000000002,0.0304,7.02,0.7516393442622953,40.2684,45.9,4.08,40.2684,0.7516393442622953,15.010000000000002,0.0304,7.02,53.661034306195596,77.0073571024335,34.946236559139784,79.94838709677418,21.73913043478261,58.54296655617539,0.5873015873015873,0.8571428571428571,0.2857142857142857,0.7777777777777778,C+,B+,D+,B,usfoodsholdingcorp,-0.007246376811594235,0.8260869565217391,0.7767857142857143,23.0,0.0,0.0,-0.007246376811594235,0.2,D,55.716879599653645,77.67857142857143,46.607142857142854,53.89493225115149,False,False,21.73913043478261
CHEF,Chefs' Warehouse Inc,Consumer Staples,Food Distributors,78.83,43.6398,0.761,19.0451,5.306523597638553,29.77,9.36,12.690000000000001,0.035,5.6000000000000005,0.9780576225911085,36.7983,29.77,9.36,36.7983,0.9780576225911085,12.690000000000001,0.035,5.6000000000000005,37.165045229561365,82.47425014148274,31.72043010752688,84.56774193548387,52.17391304347826,55.629767249665385,0.3333333333333333,0.9206349206349206,0.25396825396825395,0.8253968253968254,C-,A-,D+,B+,chefswarehouseinc,0.0,0.8571428571428571,0.7763157894736842,14.0,0.0,0.0,0.0,0.6,C+,55.84715855401321,77.63157894736842,46.578947368421055,53.54357034758733,True,False,31.72043010752688
ACA,Arcosa Inc,Industrials,Construction & Engineering,124.76,29.3932,2.1244,13.1734,2.3143948458523247,121.29,12.2,8.18,0.1186,5.0,0.876005961251863,52.0536,107.05100000000004,12.2,52.0536,0.876005961251863,8.18,0.1186,5.0,57.613946147591946,80.29395986772323,35.79638752052545,56.58268824771288,42.13525835866261,55.72791304011657,0.6116504854368932,0.8980582524271845,0.3058252427184466,0.5631067961165048,B-,B+,C-,C+,arcosainc,0.0,0.9,0.7833333333333333,10.0,0.0,0.0,0.0,0.26595744680851063,D+,54.94143887598283,78.33333333333333,46.99999999999999,53.35315110078627,False,False,35.79638752052545
WFC,Wells Fargo & Co,Financials,Diversified Banks,80.81,11.5209,1.90599,22.0935,1.3798508647759813,15.48,72.74767,12.02,0.2534514,3.66,0.3798024149286497,12.5331,15.48,72.74767,12.5331,0.3798024149286497,12.02,0.2534514,3.66,64.91772588432357,64.08270114328454,50.25125628140703,31.754928488596832,88.85172798216277,52.95977146780893,0.696078431372549,0.7941176470588235,0.5147058823529411,0.29411764705882354,B-,B,C+,D+,wellsfargoco,0.04233870967741937,0.6875,0.668918918918919,32.0,0.0,0.0,0.04233870967741937,0.8461538461538461,B+,56.84494426602521,66.8918918918919,40.13513513513514,53.34562072678883,False,True,31.754928488596832
ABCB,Ameris Bancorp,Financials,Regional Banks,85.56,14.2433,2.70304,10.6753,1.4278585959390473,15.53,52.9989,10.41,0.3410664,9.76,0.9191716766867067,45.1646,15.53,52.9989,45.1646,0.9191716766867067,10.41,0.3410664,9.76,54.11493743225934,53.76759977766492,39.698492462311556,90.63745694765964,34.36724565756824,57.33436881870763,0.5441176470588235,0.5392156862745098,0.3872549019607843,0.946078431372549,C+,C+,C-,A,amerisbancorp,0.0,0.7692307692307693,0.7083333333333334,13.0,0.0,0.0,0.0,0.3974358974358974,C-,55.77109338446446,70.83333333333334,42.50000000000001,53.11687470757157,False,False,34.36724565756824
UMBF,UMB Financial Corp,Financials,Regional Banks,129.24,14.0621,2.36702,13.4514,1.276020994514413,4.25,72.21914,9.629999999999999,0.3178459,6.52,0.8349747778044678,32.1743,4.25,72.21914,32.1743,0.8349747778044678,9.629999999999999,0.3178459,6.52,57.62636712976648,55.62635291041056,34.67336683417086,69.27333295691943,62.200165425971875,53.054870664450334,0.5735294117647058,0.5784313725490197,0.3382352941176471,0.7647058823529411,C+,C+,C-,B,umbfinancialcorp,0.00877192982456132,0.8421052631578947,0.78125,19.0,0.0,0.0,0.00877192982456132,0.5897435897435898,C+,54.27488720704752,78.125,46.875,52.79490976563802,False,False,34.67336683417086
DCOM,Dime Community Bancshares Inc,Financials,Regional Banks,36.07,14.3022,2.11729,11.8336,1.0720601566331307,225.06,42.91451,7.670000000000001,0.4435096,6.45,0.8725341426403642,39.4279,95.6,42.91451,39.4279,0.8725341426403642,7.670000000000001,0.4435096,6.45,65.43378657995862,67.63529689618872,21.608040201005025,80.13663824741687,34.36724565756824,56.314843723962035,0.7107843137254902,0.8480392156862745,0.2107843137254902,0.8382352941176471,B,B+,D+,B+,dimecommunitybancsharesinc,0.0,0.8181818181818182,0.734375,11.0,0.0,0.0,0.0,0.3974358974358974,C-,54.75156828971886,73.4375,44.0625,52.613754631775095,False,False,21.608040201005025
SNDK,Sandisk Corp,Information Technology,"Technology Hardware, Storage & Peripherals",1187.0,38.8734,13.289,31.9961,18.804466813363685,,82.76,42.33,0.4073,38.86,0.9980635568311491,3542.2214,,48.17399999999999,507.97907999999893,0.9917693008065369,42.33,0.4073,38.86,38.453726598375134,74.16107382550335,90.41290724032179,97.25960836354632,95.83333333333333,71.50079489748417,0.3815789473684211,0.8618421052631579,0.9342105263157895,1.0,C-,B+,A,A+,sandiskcorp,0.09340659340659341,0.8076923076923077,0.7661290322580646,26.0,0.0,0.0,0.09340659340659341,0.95,A,76.0841282308175,76.61290322580646,45.96774193548388,52.545638228813075,False,False,38.453726598375134
ATI,ATI Inc,Industrials,Aerospace & Defense,155.26,49.662,4.5992,27.8831,11.695932864772839,10.68,2.93,24.23,0.1432,11.82,0.8838079776319645,149.4537,10.68,2.93,148.77037999999985,0.8838079776319645,24.23,0.1432,11.82,20.629075198877675,46.392132928311554,65.8456486042693,94.1231527093596,98.29787234042553,54.72173807832098,0.13106796116504854,0.42718446601941745,0.6820388349514563,0.9854368932038835,D,C,B-,A+,atiinc,0.06666666666666665,0.9333333333333333,0.8374999999999999,15.0,7.75,15.019638723636886,0.06602150537634405,1.0,A+,59.55152531236354,83.74999999999999,56.25785548945475,52.446031906556165,True,False,20.629075198877675
ROST,Ross Stores Inc,Consumer Discretionary,Apparel Retail,228.84,34.2431,3.2286,21.8781,11.921357797018098,4.7,7.67,36.7,0.11900000000000001,29.14,0.9848985370457763,64.716,4.7,7.67,64.716,0.910355871419793,36.7,0.11900000000000001,29.14,20.24914958168613,63.9362895606991,75.79908675799086,93.30184222957013,74.85714285714286,60.4596854429731,0.12080536912751678,0.6778523489932886,0.8053691275167785,0.9731543624161074,D,B-,B+,A+,rossstoresinc,0.040000000000000036,0.76,0.7250000000000001,25.0,0.0,0.0,0.040000000000000036,0.7142857142857143,B,62.945399728687384,72.50000000000001,43.50000000000001,52.288624076279646,True,False,20.24914958168613
BURL,Burlington Stores Inc,Consumer Discretionary,Apparel Retail,318.0,32.7376,1.7269,16.1063,11.035612407082226,22.08,8.76,39.79,0.0722,17.5,0.746118652966324,39.4737,22.08,8.76,39.4737,0.746118652966324,39.79,0.0722,17.5,30.595139591186296,79.75983112895608,63.6986301369863,73.47189418989136,33.142857142857146,59.21978749581264,0.2483221476510067,0.8657718120805369,0.6442953020134228,0.7516778523489933,D+,B+,B-,B,burlingtonstoresinc,0.0,0.7916666666666666,0.75,24.0,0.0,0.0,0.0,0.16071428571428573,D,57.534073210098356,75.0,45.0,52.2297318321512,True,False,30.595139591186296
FLS,Flowserve Corp,Industrials,Industrial Machinery & Supplies & Components,71.65,26.5601,1.9446,15.3044,4.1533824126137615,22.82,3.76,15.809999999999999,0.0823,9.36,0.5616544798447634,55.221,22.82,3.76,55.221,0.5616544798447634,15.809999999999999,0.0823,9.36,56.74031916080795,63.00885996430633,46.14121510673235,59.25052779732583,43.45335515548282,55.17226111921151,0.587378640776699,0.6796116504854369,0.42718446601941745,0.6067961165048543,C+,B-,C,B-,flowservecorp,0.0,0.7647058823529411,0.7159090909090908,17.0,0.0,0.0,0.0,0.46808510638297873,C,54.5175966347598,71.59090909090908,42.954545454545446,52.204986398716926,False,False,43.45335515548282
RRR,Red Rock Resorts Inc,Consumer Discretionary,Casinos & Gaming,52.78,29.4754,2.7558,11.0018,26.596119929453263,5.98,3.74,85.64,0.3012,5.18,0.4016242155777041,24.864,5.98,3.74,24.864,0.4016242155777041,85.64,0.2721,5.18,38.664153718856305,58.24364803241161,73.17351598173515,52.89560699102504,37.66233766233766,55.18726842983519,0.3422818791946309,0.5973154362416108,0.785234899328859,0.5100671140939598,C-,C+,B,C+,redrockresortsinc,0.0,0.7894736842105263,0.7395833333333334,19.0,0.0,0.0,0.0,0.44642857142857145,C,53.95350219606896,73.95833333333334,44.37500000000001,51.836984736652546,True,False,37.66233766233766
GLW,Corning Inc,Information Technology,Electronic Components,158.26,86.3159,8.8144,62.6269,10.830379261733023,215.91,19.14,14.13,0.1458,8.34,0.8454973841415903,253.4167,215.91,19.14,253.4167,0.8454973841415903,14.13,0.1458,8.34,26.917755798893207,84.13073777960903,55.67358549268857,74.10084892661897,60.86956521739131,57.294152664141045,0.21710526315789475,0.9342105263157895,0.5855263157894737,0.7960526315789473,D+,A,C+,B,corninginc,0.011904761904761862,0.7619047619047619,0.7211538461538463,21.0,0.0,0.0,0.011904761904761862,0.5875,C+,58.38110918588018,72.11538461538463,43.269230769230774,51.68029134218347,True,False,26.917755798893207
LMAT,LeMaitre Vascular Inc,Health Care,Health Care Equipment,112.04,42.4288,9.814,35.2111,6.483721253226236,27.88,13.53,15.58,0.2721,10.71,0.8507496268740673,24.1578,27.88,13.53,24.1578,0.8507496268740673,15.58,0.2721,10.71,23.62514029180696,67.12188506300024,68.92230576441104,81.89774436090227,83.33333333333334,57.940787398835,0.16296296296296298,0.7333333333333333,0.7111111111111111,0.8592592592592593,D,B,B,B+,lemaitrevascularinc,0.0404411764705882,0.6875,0.6547619047619047,16.0,0.0,0.0,0.0404411764705882,0.8,B,61.274120732168335,65.47619047619047,39.28571428571428,51.55743908757138,True,False,23.62514029180696
ADI,Analog Devices Inc,Information Technology,Semiconductors,397.69,71.5167,16.4658,47.6175,5.758574003953055,74.57,25.91,7.920000000000001,0.2924,6.370000000000001,0.9503094030614618,105.2699,74.57,25.91,105.2699,0.9503094030614618,7.920000000000001,0.2924,6.370000000000001,25.203108442246556,81.97142640618628,52.64974739618057,59.80683041695278,99.0,52.818865324234594,0.20394736842105263,0.9078947368421053,0.5460526315789473,0.5723684210526315,D+,A-,C+,C+,analogdevicesinc,0.10720363017583667,0.8048780487804879,0.7771739130434783,41.0,0.0,0.0,0.09409644524505553,0.975,A+,57.71886532423459,77.71739130434783,46.630434782608695,51.448132575800244,True,False,25.203108442246556
CVCO,Cavco Industries Inc,Consumer Discretionary,Homebuilding,510.68,21.4743,1.7979,15.7537,3.8414437834926534,13.34,14.3,17.14,0.09789999999999999,17.02,0.36669535957430166,2.6628,13.34,14.3,2.6628,0.36669535957430166,17.14,0.09789999999999999,17.02,37.77696055897766,87.34719843987824,58.333333333333336,44.436834094368336,35.3896103896104,55.38437997992706,0.3221476510067114,0.9463087248322147,0.5704697986577181,0.40268456375838924,C-,A,C+,C,cavcoindustriesinc,0.0,0.875,0.7500000000000001,8.0,0.0,0.0,0.0,0.21428571428571427,D+,53.9233410188881,75.00000000000001,45.00000000000001,51.412580559463805,True,False,35.3896103896104
USPH,US Physical Therapy Inc,Health Care,Health Care Facilities,71.83,27.2419,1.3807,11.1984,2.2799772732322476,25.0,16.33,8.0,0.1108,6.03,0.19232202758106587,0.6727,25.0,16.33,0.6727,0.19232202758106587,8.0,0.1108,6.03,70.2300785634119,71.7474913812356,40.852130325814535,34.918330308529946,40.57971014492753,54.10371656025972,0.8148148148148148,0.8,0.35185185185185186,0.28888888888888886,B+,B,C-,D+,usphysicaltherapyinc,0.0,0.8461538461538461,0.7638888888888888,13.0,0.0,0.0,0.0,0.4666666666666667,C,53.16168757475247,76.38888888888889,45.83333333333333,51.408816633543815,False,True,34.918330308529946
SHC,Sotera Health Co,Health Care,Health Care Services,15.5,56.7028,3.7984,18.8506,7.273239172258458,52.47,5.74,14.979999999999999,0.2541,2.79,0.5196024295969077,28.0992,52.47,5.74,28.0992,0.5196024295969077,14.979999999999999,0.2541,2.79,40.08978675645343,54.817162760993156,55.38847117794486,71.08824693312228,38.888888888888886,54.050646422422666,0.362962962962963,0.5851851851851851,0.5444444444444444,0.7407407407407407,C-,C+,C+,B,soterahealthco,0.0,0.8,0.7375,15.0,0.0,0.0,0.0,0.31666666666666665,C-,52.93953531131155,73.75,44.25,51.20162824904924,False,False,38.888888888888886
NMIH,NMI Holdings Inc,Financials,Commercial & Residential Mortgage Finance,37.21,7.3664,4.0555,6.0016,1.0951332642682237,11.04,8.52,15.8,0.7478,13.51,0.2834928229665069,2.2815,11.04,8.52,2.2815,0.2834928229665069,15.8,0.6436406,13.51,86.48758498374224,44.61335224237244,66.33165829145729,26.199177706715396,34.06593406593407,57.36731680861746,0.9607843137254902,0.4068627450980392,0.6715686274509803,0.23039215686274508,A,C,B-,D+,nmiholdingsinc,0.0,0.75,0.6911764705882353,12.0,0.0,0.0,0.0,0.3076923076923077,C-,55.77391021521087,69.11764705882352,41.47058823529411,51.071657361793626,False,True,26.199177706715396
IBOC,International Bancshares Corp,Financials,Regional Banks,71.66,10.8881,3.41763,9.5336,1.3700830156356947,0.83,69.21539,13.41,0.6315208,10.86,0.7529411764705881,16.5962,0.83,69.21539,16.5962,0.7529411764705881,13.41,0.6315208,10.86,68.35525667553453,50.809374203755574,55.27638190954774,41.02873920162611,34.36724565756824,54.2755323273469,0.7303921568627451,0.5,0.5637254901960784,0.39705882352941174,B,C,C+,C-,internationalbancsharescorp,0.0,0.8571428571428571,0.7291666666666667,7.0,0.0,0.0,0.0,0.3974358974358974,C-,52.71225689310373,72.91666666666667,43.75,50.91980551448299,False,False,34.36724565756824
TDY,Teledyne Technologies Inc,Information Technology,Electronic Equipment & Instruments,640.33,31.7738,4.7618,22.3938,2.8128495031290006,2.46,6.62,8.85,0.19269999999999998,7.140000000000001,0.769955743040782,37.3332,2.46,6.62,37.3332,0.769955743040782,8.85,0.19269999999999998,7.140000000000001,54.993818438714236,45.05617294001242,52.26158199623686,65.14945287890932,35.41666666666667,53.85497527252212,0.5789473684210527,0.39473684210526316,0.5394736842105263,0.6381578947368421,C+,C-,C+,B-,teledynetechnologiesinc,0.0,0.7222222222222222,0.6847826086956522,18.0,0.0,0.0,0.0,0.3,D+,52.39664193918878,68.47826086956522,41.08695652173913,50.13470485569886,False,False,35.41666666666667
CI,Cigna Group,Health Care,Health Care Services,282.9,12.5541,0.272,8.9971,1.7868286286706094,80.88,11.24,14.530000000000001,0.0335,8.200000000000001,0.39270522219205345,-15.5976,80.88,11.24,-15.5976,0.39270522219205345,14.530000000000001,0.0335,8.200000000000001,92.77777777777779,75.33730757325831,44.61152882205514,35.17214087851207,75.0,61.44921634031231,0.9851851851851852,0.8666666666666667,0.4148148148148148,0.3037037037037037,A+,B+,C,C-,cignagroup,0.03475935828876997,0.8529411764705882,0.8141025641025641,34.0,7.75,15.019638723636886,0.03475935828876997,0.7333333333333333,B,63.94921634031231,81.41025641025641,54.8540093356086,50.0,False,False,35.17214087851207
EXLS,Exlservice Holdings Inc,Industrials,Data Processing & Outsourced Services,31.74,19.6533,2.3631,13.7172,5.439961608336475,27.93,13.56,25.5,0.1503,19.46,0.2196796338672768,-31.4619,27.93,13.56,-31.4619,0.2196796338672768,25.5,0.1503,19.46,63.91027787077335,79.87877921964977,76.68308702791461,24.694960212201593,42.90780141843972,61.06308911104226,0.7378640776699029,0.8932038834951457,0.8155339805825242,0.1941747572815534,B,B+,B+,D,exlserviceholdingsinc,0.0,0.8125,0.75,16.0,0.0,0.0,0.0,0.39361702127659576,C-,60.353869252886234,75.0,45.0,50.0,False,True,24.694960212201593
PEGA,Pegasystems Inc,Information Technology,Application Software,36.2,15.4995,3.493,22.2847,7.8317684219635675,403.79,16.61,60.07,0.1506,60.07,0.05523471049903753,-21.3898,241.37,16.61,-21.3898,0.07599398584473208,60.07,0.1506,53.78399999999993,70.13422818791946,80.9784895822977,81.73029912440553,23.65104696477076,79.3103448275862,63.89203913749493,0.7697368421052632,0.8947368421052632,0.8618421052631579,0.15789473684210525,B,B+,B+,D,pegasystemsinc,0.05263157894736836,0.9473684210526315,0.8645833333333333,19.0,90.0,84.89281911636292,0.05263157894736836,0.775,B,66.82307362025355,86.45833333333333,85.83212764654516,50.0,False,True,23.65104696477076
MMS,Maximus Inc,Industrials,Data Processing & Outsourced Services,65.58,9.6272,0.6661,7.3788,2.146975148386167,41.59,-0.15,21.759999999999998,0.1094,11.540000000000001,0.12305732484076429,-1.1307,41.59,-0.15,-1.1307,0.12305732484076429,21.759999999999998,0.1094,11.540000000000001,93.33939133068695,54.339926325794046,60.426929392446645,34.668435013262595,42.90780141843972,61.24325244859473,0.9805825242718447,0.5776699029126213,0.6310679611650486,0.3300970873786408,A+,C+,B-,C-,maximusinc,0.0,0.8333333333333334,0.7045454545454546,6.0,0.0,0.0,0.0,0.39361702127659576,C-,60.534032590438706,70.45454545454545,42.27272727272727,50.0,False,False,34.668435013262595
WLY,John Wiley & Sons Inc,Communication Services,Publishing,40.93,13.6258,1.2586,10.1803,2.90535072899956,282.11,-1.9,20.75,0.1352,9.83,0.7271147161066048,-6.2314,282.11,-1.9,-6.2314,0.7271147161066048,20.75,0.1352,9.83,64.1956241956242,64.36507936507937,61.48148148148149,41.130158730158726,52.38095238095239,57.51832403832404,0.7027027027027027,0.7567567567567568,0.6486486486486487,0.35135135135135137,B,B,B-,C-,johnwileysonsinc,0.0,0.8,0.675,5.0,0.0,0.0,0.0,0.5,C,57.75641927641928,67.5,40.5,50.0,False,False,41.130158730158726
CXW,CoreCivic Inc,Industrials,Diversified Support Services,20.58,17.4681,0.9204,9.0663,1.4652588410357912,75.96,12.72,8.0,0.0989,4.62,0.6205128205128203,-9.6972,75.96,12.72,-9.6972,0.6205128205128203,8.0,0.0989,4.62,83.75659604317121,87.5254676541387,30.541871921182267,40.22519352568614,78.72340425531915,59.124749227053336,0.912621359223301,0.9611650485436893,0.22815533980582525,0.3592233009708738,A-,A,D+,C-,corecivicinc,0.01388888888888884,0.8888888888888888,0.7678571428571428,9.0,0.0,0.0,0.01388888888888884,0.7659574468085106,B,61.99708965258525,76.78571428571428,46.07142857142856,50.0,False,False,30.541871921182267
VRSN,"VeriSign, Inc",Information Technology,Internet Services & Infrastructure,272.44,29.4671,14.7213,22.3,69.72232885476647,10.41,6.84,113.55,0.6793,62.99,0.6249259140219323,-2.5956,10.41,6.84,-2.5956,0.6249259140219323,109.87799999999994,0.44785,53.78399999999993,46.0070057694572,42.803252523356235,97.66137754270558,42.31514563040409,93.18181818181819,57.940775458792764,0.5131578947368421,0.34868421052631576,0.9967105263157895,0.3684210526315789,C+,C-,A+,C-,verisigninc,0.09090909090909094,0.7272727272727273,0.671875,11.0,0.0,0.0,0.09090909090909094,0.925,A-,62.258957276974584,67.1875,40.3125,50.0,False,False,42.31514563040409
GEHC,GE Healthcare Technologies Inc,Health Care,Health Care Equipment,61.03,13.3151,1.346,9.9359,2.679798543081834,4.78,4.85,21.240000000000002,0.134,10.59,0.07350096711798844,-9.8123,4.78,4.85,-9.8123,0.07350096711798844,21.240000000000002,0.134,10.59,84.60718294051627,38.31265711880615,62.155388471177936,30.321804511278195,38.888888888888886,55.417535178940426,0.9259259259259259,0.3111111111111111,0.6666666666666666,0.26666666666666666,A-,C-,B-,D+,gehealthcaretechnologiesinc,0.0,0.6785714285714286,0.6590909090909092,28.0,0.0,0.0,0.0,0.31666666666666665,C-,54.30642406782931,65.90909090909092,39.545454545454554,50.0,False,True,30.321804511278195
DORM,Dorman Products Inc,Consumer Discretionary,Automotive Parts & Equipment,112.88,16.2944,1.5618,10.334,2.3225955128310645,8.39,6.03,14.34,0.1406,10.870000000000001,0.21089926218131352,-1.8435,8.39,6.03,-1.8435,0.21089926218131352,14.34,0.1406,10.870000000000001,59.97670926419662,67.83500848510296,59.1324200913242,26.735947094945676,90.6832298136646,53.69147345488993,0.6711409395973155,0.7315436241610739,0.5771812080536913,0.24161073825503357,B-,B,C+,D+,dormanproductsinc,0.07142857142857151,0.9285714285714286,0.8289473684210527,14.0,7.75,15.019638723636886,0.07142857142857151,0.8928571428571429,B+,57.759796436256394,82.89473684210526,55.74469759471791,50.0,False,True,26.735947094945676
SKY,Champion Homes Inc,Consumer Discretionary,Homebuilding,76.9,19.9126,1.6132,12.1748,2.843545816585748,32.24,8.67,13.59,0.09789999999999999,12.58,0.43952060536033916,-11.8728,32.24,8.67,-11.8728,0.43952060536033916,13.59,0.09789999999999999,12.58,48.4386013300236,87.27287861491628,53.53881278538813,35.403348554033485,98.37662337662337,55.029598962642886,0.4966442953020134,0.9395973154362416,0.5100671140939598,0.30201342281879195,C,A,C+,C-,championhomesinc,0.10000000000000009,0.8,0.7166666666666667,10.0,0.0,0.0,0.0760763888888889,0.9642857142857143,A,59.86726130030522,71.66666666666667,43.0,50.0,False,False,35.403348554033485
FRPT,Freshpet Inc,Consumer Staples,Packaged Foods & Meats,65.15,23.5472,2.973,31.0503,2.639618177103592,166.6,13.01,12.35,0.0687,8.95,0.4272769516728626,-10.4098,73.24599999999988,13.01,-10.4098,0.4272769516728626,12.35,0.0687,8.95,24.347158218125966,97.75506770413392,41.39784946236559,60.92414995640803,100.0,53.17209545223129,0.20634920634920634,1.0,0.3333333333333333,0.5873015873015873,D+,A+,C-,C+,freshpetinc,0.08695652173913038,0.6956521739130435,0.6696428571428571,23.0,0.0,0.0,0.06925465838509312,1.0,A+,58.17209545223129,66.96428571428571,40.17857142857142,50.0,True,False,24.347158218125966
ACIW,ACI Worldwide Inc,Information Technology,Application Software,43.86,19.5583,2.5191,11.9327,2.965577395079008,13.29,10.38,15.43,0.1869,9.74,0.33373573625362885,-18.6422,13.29,10.38,-18.6422,0.33373573625362885,15.43,0.1869,9.74,79.29324149299423,43.40144651646143,61.66644443456747,50.716451129484156,20.689655172413797,59.063501011079545,0.8421052631578947,0.3684210526315789,0.6578947368421053,0.47368421052631576,B+,C-,B-,C,aciworldwideinc,-0.012820512820512775,0.8333333333333334,0.75,12.0,0.0,0.0,-0.012820512820512775,0.175,D,56.132466528320926,75.0,45.0,50.0,False,False,20.689655172413797
UBER,Uber Technologies Inc,Industrials,Passenger Ground Transportation,75.12,15.22,2.9415,34.0122,5.772200920540031,3.3,18.28,40.31,0.107,28.27,0.19862809424396094,-7.1331,3.3,18.28,-7.1331,0.19862809424396094,40.31,0.107,26.983999999999988,45.676502941317146,71.99361783872807,78.81773399014779,25.88893864755934,44.27558257345491,55.70007053012372,0.46116504854368934,0.7864077669902912,0.8398058252427184,0.21359223300970873,C,B,B+,D+,ubertechnologiesinc,0.0,0.8360655737704918,0.8143939393939393,61.0,67.75,75.89497835055444,0.0,0.5319148936170213,C+,55.127628787469206,81.43939393939394,79.22162770385813,50.0,False,True,25.88893864755934
PH,Parker-Hannifin Corp,Industrials,Industrial Machinery & Supplies & Components,882.23,31.5645,5.4564,25.5759,8.16330118522069,13.38,2.78,25.650000000000002,0.21050000000000002,15.049999999999999,0.6522936824132043,44.5994,13.38,2.78,44.5994,0.6522936824132043,25.650000000000002,0.21050000000000002,15.049999999999999,27.118306311476715,53.90199345841134,80.13136288998358,57.28360309641097,73.240589198036,54.049536611329536,0.19902912621359223,0.5679611650485437,0.8640776699029126,0.5679611650485437,D,C+,B+,C+,parkerhannifincorp,0.006722689075630339,0.7714285714285715,0.74375,35.0,0.0,0.0,0.006722689075630339,0.7021276595744681,B,56.373595531133134,74.375,44.625,49.94586051030798,True,False,27.118306311476715
RMBS,Rambus Inc,Information Technology,Semiconductors,111.93,52.9529,17.2453,46.1937,8.84186079579117,27.75,27.13,18.29,0.3677,18.29,0.5586725663716814,128.9894,27.75,27.13,128.9894,0.5586725663716814,18.29,0.3677,18.29,27.628635346756152,73.40061809250338,79.46279093885654,49.2455628413417,38.0,56.30209275817219,0.2236842105263158,0.8421052631578947,0.8289473684210527,0.45394736842105265,D+,B+,B+,C,rambusinc,0.0,0.8235294117647058,0.7613636363636364,17.0,0.0,0.0,0.0,0.375,C-,55.10209275817219,76.13636363636364,45.68181818181818,49.856898610718154,True,False,27.628635346756152
TJX,TJX Companies Inc,Consumer Discretionary,Apparel Retail,156.83,31.6687,2.8819,20.2524,17.03877535499712,14.36,7.12,59.53000000000001,0.1189,45.410000000000004,0.8044780826237784,22.8786,14.36,7.12,22.8786,0.8044780826237784,59.53000000000001,0.1189,41.1625,23.39493120039226,68.85185403873406,81.84931506849314,65.61171469059991,33.142857142857146,58.203775313088144,0.1610738255033557,0.7651006711409396,0.9093959731543624,0.6577181208053692,D,B,A-,B-,tjxcompaniesinc,0.0,0.84,0.7916666666666666,25.0,0.0,0.0,0.0,0.16071428571428573,D,56.51806102737386,79.16666666666666,47.49999999999999,49.545953069092185,True,False,23.39493120039226
BCPC,Balchem Corp,Materials,Specialty Chemicals,161.52,33.3904,4.9851,20.5987,4.118002493441331,21.0,8.75,12.31,0.2018,10.8,0.49966465459423237,2.9577,21.0,8.75,2.9577,0.49966465459423237,12.31,0.2018,10.8,30.687830687830694,82.24110416293186,77.24867724867725,36.20718462823726,33.47107438016529,55.67378474236081,0.25396825396825395,0.873015873015873,0.8095238095238095,0.31746031746031744,D+,B+,B+,C-,balchemcorp,0.0,0.7777777777777778,0.6964285714285714,9.0,0.0,0.0,0.0,0.18181818181818182,D,54.02089218037734,69.64285714285714,41.785714285714285,49.097492851930916,True,False,30.687830687830694
HWKN,Hawkins Inc,Materials,Commodity Chemicals,167.49,42.5184,3.296,21.673,7.526659446633922,0.89,11.65,16.73,0.1151,11.14,0.7364592895981923,40.2411,0.89,11.65,40.2411,0.7364592895981923,16.73,0.1151,11.14,26.984126984126984,66.51452412321977,73.54497354497354,62.44306418219462,35.74380165289256,55.92379279335801,0.1746031746031746,0.7777777777777778,0.746031746031746,0.6349206349206349,D,B,B,B-,hawkinsinc,0.0,0.7777777777777778,0.6964285714285714,9.0,0.0,0.0,0.0,0.5,C,54.49817295864727,69.64285714285714,41.785714285714285,47.39925045004583,True,False,26.984126984126984
EEFT,Euronet Worldwide Inc,Financials,Transaction & Payment Processing Services,74.01,9.1339,0.6661,4.708,2.2262396072722024,7.51,6.38,23.7,0.12480000000000001,8.72,0.20348376880443403,-25.0911,7.51,6.38,-25.0911,0.20348376880443403,23.7,0.12480000000000001,8.72,61.17228298354518,38.31983055002105,83.41708542713567,20.50251256281407,32.51748251748252,52.91181072523724,0.6421568627450981,0.31862745098039214,0.8382352941176471,0.16176470588235295,B-,C-,B+,D,euronetworldwideinc,0.0,0.7647058823529411,0.7159090909090908,17.0,0.0,0.0,0.0,0.19230769230769232,D,51.16355897698549,71.59090909090908,42.954545454545446,46.098929000721924,False,True,20.50251256281407
MTRN,Materion Corp,Materials,Diversified Metals & Mining,188.22,52.0433,2.1796,35.2304,4.137430757056186,1267.71,6.04,8.14,0.061500000000000006,5.42,0.9508675206745582,123.4065,619.445,6.04,123.4065,0.9508675206745582,8.14,0.061500000000000006,5.42,24.338624338624342,82.2620616098877,39.15343915343915,86.59451659451659,35.064935064935064,54.64433151389673,0.12698412698412698,0.8888888888888888,0.3492063492063492,0.8888888888888888,D,B+,C-,B+,materioncorp,0.0,0.8,0.7166666666666667,10.0,0.0,0.0,0.0,0.3181818181818182,C-,53.150825020390236,71.66666666666667,43.0,45.42030070496944,True,False,24.338624338624342
ARWR,Arrowhead Pharmaceuticals Inc,Health Care,Biotechnology,74.81,51.7925,9.6022,32.8074,21.782552993244817,,43539.24,36.120000000000005,0.2755,17.330000000000002,0.9696828358208954,432.8348,,51.019999999999925,103.34951999999993,0.9578760986158243,36.120000000000005,0.2755,17.330000000000002,22.895622895622893,72.83208020050125,82.20551378446115,96.99749373433585,78.16091954022988,65.24119895698843,0.15555555555555556,0.837037037037037,0.8666666666666667,0.9851851851851852,D,B+,B+,A+,arrowheadpharmaceuticalsinc,0.03947368421052633,0.7894736842105263,0.7395833333333334,19.0,0.0,0.0,0.03947368421052633,0.7666666666666667,B,68.05729091101142,73.95833333333334,44.37500000000001,42.87348049346452,True,False,22.895622895622893
ANIP,ANI Pharmaceuticals Inc,Health Care,Pharmaceuticals,80.39,23.0844,2.0471,10.4665,3.3454155031856145,,43.78,16.06,0.1258,7.07,0.5534003271792475,13.7219,,43.78,13.7219,0.5534003271792475,16.06,0.1258,7.07,70.75757575757575,70.99624060150376,52.13032581453634,47.5,33.97435897435898,59.421223513328776,0.8222222222222222,0.7925925925925926,0.4888888888888889,0.45185185185185184,B+,B,C,C,anipharmaceuticalsinc,0.0,0.8571428571428571,0.7763157894736842,14.0,0.0,0.0,0.0,0.18333333333333332,D,57.818659410764674,77.63157894736842,46.578947368421055,41.678037751721966,False,False,33.97435897435898
DVN,Devon Energy Corp,Energy,Oil & Gas Exploration & Production,50.56,11.8312,1.8186,5.0968,2.025267779175312,-8.62,7.83,17.47,0.22949999999999998,11.110000000000001,0.9065623641894829,62.2593,-8.62,7.83,62.2593,0.9065623641894829,17.47,0.22949999999999998,11.110000000000001,77.73119030980666,61.56310730685457,79.87421383647799,64.20899854862118,100.0,69.55577220766632,0.9629629629629629,0.6851851851851852,0.8333333333333334,0.6296296296296297,A,B-,B+,B-,devonenergycorp,0.06565656565656564,0.7878787878787878,0.756578947368421,33.0,0.0,0.0,0.04111111111111107,1.0,A+,74.55577220766632,75.6578947368421,45.39473684210525,34.361782567277054,False,False,61.56310730685457
PR,Permian Resources Corp,Energy,Oil & Gas Exploration & Production,22.1,20.4798,3.7811,6.9353,1.7978003384094756,-12.26,1.29,9.56,0.23550000000000001,6.890000000000001,0.9990448901623689,82.6446,-12.26,1.29,82.6446,0.9967672004860352,9.56,0.23550000000000001,6.890000000000001,53.52900069881202,53.48782474714901,56.60377358490566,85.19593613933236,79.16666666666667,60.269945748225695,0.6296296296296297,0.5555555555555556,0.5462962962962963,0.9444444444444444,B-,C+,C+,A,permianresourcescorp,0.0028409090909090606,0.9090909090909091,0.861842105263158,33.0,90.0,84.89281911636292,0.0028409090909090606,0.8,B,63.186612414892366,86.1842105263158,85.66765396233464,33.841410362190416,False,False,53.48782474714901
INSW,International Seaways Inc,Energy,Oil & Gas Storage & Transportation,85.14,13.6287,4.998,9.2064,2.0820240188394563,-25.79,-11.38,16.02,0.4092,12.1,0.9957569913211186,150.7067,-25.79,-11.38,148.72904,0.9957569913211186,16.02,0.40247999999999995,12.1,44.735616119263916,21.167793820272976,88.67924528301887,95.60646900269542,59.09090909090909,61.70856791516437,0.3888888888888889,0.09259259259259259,0.9629629629629629,1.0,C-,D-,A,A+,internationalseawaysinc,0.0,0.9230769230769231,0.8194444444444445,13.0,67.75,75.89497835055444,0.0,0.7,B-,62.61765882425529,81.94444444444446,79.52465800688844,32.999529330390956,False,False,21.167793820272976
ECPG,Encore Capital Group Inc,Financials,Consumer Finance,83.3,6.8949,1.0012,8.5232,1.849614978106598,13.54,33.12,28.189999999999998,0.35340000000000005,5.3100000000000005,0.960112888052681,142.0105,13.54,33.12,72.80332,0.960112888052681,28.189999999999998,0.35340000000000005,5.3100000000000005,70.3948664893093,57.18769172506023,89.44723618090453,92.45760050251256,15.004748338081672,74.88958411306801,0.7794117647058824,0.6323529411764706,0.8970588235294118,0.9656862745098039,B,B-,B+,A,encorecapitalgroupinc,-0.018181818181818188,0.8,0.7166666666666667,10.0,0.0,0.0,-0.018181818181818188,0.10256410256410256,D,71.39005894687618,71.66666666666667,43.0,32.856023578750474,False,False,15.004748338081672
COR,Cencora Inc,Health Care,Health Care Distributors,304.0,36.3874,0.1815,17.5764,39.09565575246277,18.29,7.45,101.42999999999999,0.82,17.07,0.3097428195982729,4.6724,18.29,7.45,4.6724,0.3097428195982729,97.80199999999995,0.43686,17.07,63.574635241301905,54.895957068737275,91.72932330827068,38.99967309578294,14.28571428571429,62.605115670297195,0.7037037037037037,0.6,0.9777777777777777,0.362962962962963,B,C+,A+,C-,cencorainc,-0.030303030303030276,0.8333333333333334,0.7717391304347826,18.0,67.75,75.89497835055444,-0.030303030303030276,0.1,D-,59.033687098868626,77.17391304347827,76.66233916630874,31.279708756178323,False,False,14.28571428571429
ANDE,Andersons Inc,Consumer Staples,Food Distributors,79.12,28.0004,0.2434,10.9753,2.1509819700297963,-16.73,-2.21,7.4399999999999995,1.0,4.55,0.9900154400411735,111.9475,-16.73,-2.21,82.87165999999995,0.9835605038685735,7.4399999999999995,0.42225999999999975,4.55,69.68766001024065,27.655913978494624,50.26881720430108,98.06451612903227,82.6086956521739,60.133205325140814,0.7777777777777778,0.15873015873015872,0.47619047619047616,1.0,B,D,C,A+,andersonsinc,0.01388888888888884,0.8888888888888888,0.7678571428571428,9.0,0.0,0.0,0.01388888888888884,0.8,B,63.394074890358205,76.78571428571428,46.07142857142856,29.964772813286142,False,False,27.655913978494624
PLAB,Photronics Inc,Information Technology,Semiconductor Materials & Equipment,50.16,21.3782,3.3842,8.268,2.4632791667280522,-0.73,-0.06,11.84,0.2445,11.84,0.9273480662983423,172.3127,-0.73,-0.06,172.3127,0.9273480662983423,11.84,0.2445,11.84,77.81996938655364,34.013011716417665,64.53323851430434,74.76437085345717,58.69565217391304,62.34377848918946,0.8223684210526315,0.20394736842105263,0.6776315789473685,0.8092105263157895,B+,D+,B-,B+,photronicsinc,0.01388888888888884,0.8888888888888888,0.7678571428571428,9.0,0.0,0.0,0.01388888888888884,0.525,C+,63.213343706580766,76.78571428571428,46.07142857142856,29.892480339775165,False,False,34.013011716417665
MATX,Matson Inc,Industrials,Marine Transportation,173.55,11.875,1.5793,8.5371,1.9122576209333535,-1.03,-2.26,16.63,0.1494,14.63,0.9219465445639443,57.5293,-1.03,-2.26,57.5293,0.9219465445639443,16.63,0.1494,14.63,82.30985062253893,33.737881811854194,63.95730706075534,77.29298615998124,44.27558257345491,63.772963015190655,0.8932038834951457,0.24757281553398058,0.6601941747572816,0.7766990291262136,B+,D+,B-,B,matsoninc,0.0,0.8888888888888888,0.7678571428571428,9.0,0.0,0.0,0.0,0.5319148936170213,C+,63.20052127253614,76.78571428571428,46.07142857142856,29.887351366157315,False,False,33.737881811854194
CHDN,Churchill Downs Inc,Consumer Discretionary,Casinos & Gaming,98.65,17.6883,2.3372,12.4254,6.800071688540863,-3.84,5.75,37.230000000000004,0.2349,6.39,0.48168498168498197,8.4662,-3.84,5.75,8.4662,0.48168498168498197,37.230000000000004,0.2349,6.39,46.62131102326009,58.182416382035534,69.86301369863013,40.30231459612659,37.66233766233766,53.81802737610498,0.47651006711409394,0.5906040268456376,0.738255033557047,0.35570469798657717,C,C+,B,C-,churchilldownsinc,0.0,0.9473684210526315,0.8645833333333333,19.0,90.0,84.89281911636292,0.0,0.44642857142857145,C,52.58426114233875,86.45833333333333,85.83212764654516,29.616917221590015,False,False,37.66233766233766
JBL,Jabil Inc,Information Technology,Electronic Manufacturing Services,342.47,44.6619,1.1061,27.4856,24.32850982815819,78.78,19.0,58.989999999999995,0.042800000000000005,17.96,0.9647331557660058,132.0572,78.78,19.0,132.0572,0.9647331557660058,58.989999999999995,0.042800000000000005,17.96,64.16019074531967,79.24054455476053,60.0,72.20604043307274,11.363636363636365,66.32936468389657,0.6973684210526315,0.8881578947368421,0.625,0.7631578947368421,B-,B+,B-,B,jabilinc,-0.047794117647058876,0.7647058823529411,0.7159090909090908,17.0,0.0,0.0,-0.047794117647058876,0.075,D-,62.465728320260204,71.59090909090908,42.954545454545446,29.281745873558627,False,False,11.363636363636365
BALL,Ball Corp,Materials,"Metal, Glass & Plastic Containers",61.33,17.9201,1.2418,10.8865,3.0022812050245253,-73.82,11.58,16.91,0.10869999999999999,7.359999999999999,0.703324808184143,19.7384,-62.265,11.58,19.7384,0.703324808184143,16.91,0.10869999999999999,7.359999999999999,67.19576719576719,47.94254658385093,64.55026455026456,57.55291005291005,79.84189723320159,59.035599263860135,0.7777777777777778,0.4126984126984127,0.6507936507936508,0.5555555555555556,B,C,B-,C+,ballcorp,0.0800865800865801,0.7619047619047619,0.7211538461538463,21.0,0.0,0.0,0.0800865800865801,0.8181818181818182,B+,62.01978898718029,72.11538461538463,43.269230769230774,29.134838671795194,False,False,47.94254658385093
GILD,Gilead Sciences Inc,Health Care,Biotechnology,131.65,19.2593,5.5672,16.7085,7.196623900553756,1903.07,2.4,41.02,0.3404,21.57,0.5864182595370596,27.5061,1389.2,2.4,27.5061,0.5864182595370596,41.02,0.3404,21.57,51.7732884399551,59.770507125900565,87.71929824561403,62.23224728487886,19.54022988505747,64.27369755354817,0.5407407407407407,0.6962962962962963,0.9259259259259259,0.6296296296296297,C+,B-,A-,B-,gileadsciencesinc,-0.015939015939016032,0.7948717948717948,0.7670454545454545,39.0,0.0,0.0,-0.015939015939016032,0.13333333333333333,D,61.227720542053916,76.70454545454545,46.02272727272727,29.093360944094293,False,False,19.54022988505747
AVGO,Broadcom Inc,Information Technology,Semiconductors,421.28,79.8743,29.2115,66.744,24.569302368982772,147.22,25.22,32.85,0.4077,17.630000000000003,0.9655911213952092,113.4901,147.22,25.22,113.4901,0.9655911213952092,32.85,0.4077,17.630000000000003,19.89138113740728,83.57946710600768,84.59338933582234,65.68337277575148,21.999999999999996,60.97376059465924,0.14473684210526316,0.9210526315789473,0.875,0.6578947368421053,D,A-,B+,B-,broadcominc,-0.016917293233082775,0.9473684210526315,0.9153225806451611,57.0,90.0,84.89281911636292,-0.016917293233082775,0.2,D,58.17376059465924,91.53225806451611,88.87648248525483,28.856813152259765,True,False,19.89138113740728
ALLY,Ally Financial Inc,Financials,Consumer Finance,43.41,9.6743,0.88959,12.6237,0.8640903861235961,387.77,37.40411,9.19,0.158682,4.17,0.7460025004935181,34.4379,95.6,37.40411,34.4379,0.7460025004935181,9.19,0.158682,4.17,90.6062173613164,86.3480824478077,31.155778894472363,62.220477386934675,9.401709401709402,65.15421103089567,0.9852941176470589,0.9803921568627451,0.30392156862745096,0.6617647058823529,A+,A+,C-,B-,allyfinancialinc,-0.0476923076923077,0.76,0.7250000000000001,25.0,0.0,0.0,-0.0476923076923077,0.07692307692307693,D-,61.0943819710666,72.50000000000001,43.50000000000001,28.787752788426644,False,False,9.401709401709402
CON,Concentra Group Holdings Parent Inc,Health Care,Health Care Services,22.53,17.3516,1.3347,10.7158,7.369006345260679,-42.65,13.85,46.6,0.154,8.41,0.6490228013029318,3.3103,-42.65,13.85,3.3103,0.6490228013029318,46.6,0.154,8.41,80.62289562289563,44.06334361176522,67.41854636591479,51.226751088246935,38.888888888888886,61.06837943720504,0.8888888888888888,0.4148148148148148,0.7037037037037037,0.4962962962962963,B+,C,B,C,concentragroupholdingsparentinc,0.0,0.9090909090909091,0.796875,11.0,0.0,0.0,0.0,0.31666666666666665,C-,59.957268326093924,79.6875,47.8125,28.76415733043757,False,False,38.888888888888886
CTRA,Coterra Energy Inc,Energy,Oil & Gas Exploration & Production,35.38,15.5586,3.4943,6.3424,1.8111824390044131,49.63,40.07,11.77,0.3207,9.21,0.8969072164948454,42.1454,49.63,40.07,42.1454,0.8969072164948454,11.77,0.3207,9.21,59.7367808059632,84.1687503820018,72.9559748427673,51.04015481373972,12.5,65.21496995133093,0.7222222222222222,0.9259259259259259,0.75,0.5185185185185185,B,A-,B,C+,coterraenergyinc,-0.13407258064516125,0.7096774193548387,0.6875,31.0,0.0,0.0,-0.12373991935483866,0.1,D-,61.46496995133093,68.75,41.25,28.710987980532373,False,False,12.5
MRK,Merck & Co Inc,Health Care,Pharmaceuticals,112.16,31.2722,4.2485,12.5276,5.276081700238026,-48.26,2.89,36.19,0.1818,20.13,0.7495658884815742,34.7105,-48.26,2.89,34.7105,0.7495658884815742,36.19,0.1818,20.13,53.65319865319865,24.361739745403113,77.69423558897243,72.07142857142857,88.46153846153847,57.12349222390911,0.5925925925925926,0.07407407407407407,0.8222222222222222,0.7555555555555555,C+,D-,B+,B,merckcoinc,0.06806722689075628,0.6857142857142857,0.66875,35.0,0.0,0.0,0.06806722689075628,0.8666666666666667,B+,60.96964607006296,66.875,40.125,28.400358428025182,False,False,24.361739745403113
SLB,Slb NV,Energy,Oil & Gas Equipment & Services,56.92,25.5022,2.3622,13.06,3.259966896330533,-22.55,-0.37,14.74,0.12279999999999999,9.39,0.9890453834115805,68.7018,-22.55,-0.37,68.7018,0.9890453834115805,14.74,0.12279999999999999,9.39,35.301653855112974,43.74942497416807,68.55345911949685,74.03301886792453,54.16666666666667,54.520267012070974,0.2222222222222222,0.42592592592592593,0.7222222222222222,0.7592592592592593,D+,C,B,B,slbnv,0.0,0.8484848484848485,0.8092105263157896,33.0,90.0,84.89281911636292,0.0,0.5,C,54.936933678737645,80.92105263157896,82.50975922549254,28.294659849424818,True,False,35.301653855112974
ASTE,Astec Industries Inc,Industrials,Construction Machinery & Heavy Transportation Equipment,64.16,37.0614,1.0196,16.3851,2.1538079364599803,838.27,8.07,5.79,0.0467,4.33,0.948692152917505,71.6426,107.05100000000004,8.07,71.6426,0.948692152917505,5.79,0.0467,4.33,53.95603169289142,84.70789621157061,19.70443349753695,80.22092849679056,79.87588652482269,56.40088123927933,0.5485436893203883,0.9320388349514563,0.15048543689320387,0.8252427184466019,C+,A,D,B+,astecindustriesinc,0.017857142857142905,0.875,0.7500000000000001,8.0,0.0,0.0,0.017857142857142905,0.7872340425531915,B,59.3884698917616,75.00000000000001,45.00000000000001,28.25538795670464,False,False,19.70443349753695
KRYS,Krystal Biotech Inc,Health Care,Biotechnology,266.04,38.2319,20.1246,43.9598,6.368066792413087,129.21,33.95,18.69,0.41409999999999997,18.69,0.8161683845860186,60.5649,129.21,33.95,60.5649,0.8161683845860186,18.69,0.41409999999999997,18.69,19.618406285072954,85.79307178838185,79.9498746867168,79.8295739348371,8.620689655172415,63.01659938759123,0.1037037037037037,0.9407407407407408,0.837037037037037,0.837037037037037,D,A,B+,B+,krystalbiotechinc,-0.05555555555555558,0.8888888888888888,0.8152173913043478,18.0,90.0,84.89281911636292,-0.044191919191919185,0.05,F,58.878668353108466,81.52173913043478,82.87017112480603,27.91763405340428,True,False,8.620689655172415
GAP,Gap Inc,Consumer Discretionary,Apparel Retail,24.68,11.043,0.5864,4.8958,2.415416385292189,-2.88,1.86,22.98,0.0726,16.189999999999998,0.561592505854801,12.0291,-2.88,1.86,12.0291,0.561592505854801,22.98,0.0726,16.189999999999998,84.75069718978885,36.08363840340104,56.735159817351594,43.863958431743036,81.71428571428572,56.36098361881393,0.9328859060402684,0.28187919463087246,0.5570469798657718,0.38926174496644295,A,D+,C+,C-,gapinc,0.04166666666666674,0.7083333333333334,0.6810344827586208,24.0,0.0,0.0,0.04166666666666674,0.8214285714285714,B+,59.5324121902425,68.10344827586208,40.862068965517246,27.899171772648728,False,False,36.08363840340104
SEZL,Sezzle Inc,Financials,Transaction & Payment Processing Services,85.46,20.2104,5.9754,15.5191,17.00933463368031,69.54,66.08,91.62,0.3926,51.25999999999999,0.262022733896823,64.2514,69.54,66.08,64.2514,0.262022733896823,45.141999999999946,0.3926,27.17999999999999,16.70361611981476,92.31017014135497,97.73869346733667,69.59503399349688,73.1934731934732,65.99161822375822,0.10784313725490197,0.9901960784313726,0.9779411764705882,0.7696078431372549,D,A+,A+,B,sezzleinc,0.018181818181818188,0.8181818181818182,0.734375,11.0,0.0,0.0,0.018181818181818188,0.717948717948718,B,68.31096554310555,73.4375,44.0625,27.88874055760554,True,False,16.70361611981476
PFS,Provident Financial Services Inc,Financials,Regional Banks,22.38,10.0994,2.313,7.4914,1.0317881100020745,134.42,36.72119,10.620000000000001,0.4091399,8.959999999999999,0.8015982330094678,34.0923,95.6,36.72119,34.0923,0.8015982330094678,10.620000000000001,0.4091399,8.959999999999999,83.61414917725884,64.95375916481709,41.20603015075377,68.35187171814127,7.320099255583126,62.866171008594826,0.9362745098039216,0.8088235294117647,0.4019607843137255,0.75,A,B+,C,B,providentfinancialservicesinc,-0.09722222222222221,0.7777777777777778,0.6964285714285714,9.0,0.0,0.0,-0.04818623481781377,0.038461538461538464,F,58.59818093415314,69.64285714285714,41.785714285714285,27.617843802232684,False,False,7.320099255583126
OSK,Oshkosh Corp,Industrials,Construction Machinery & Heavy Transportation Equipment,155.29,15.0465,0.9341,10.2944,2.145351760876653,-3.18,-3.1,14.57,0.0901,11.23,0.7380334838947766,79.1325,-3.18,-3.1,79.1325,0.7380334838947766,14.57,0.0901,11.23,83.40188435601895,35.253487797297865,49.096880131362894,70.18659501418122,42.90780141843972,59.21270768414128,0.9029126213592233,0.27184466019417475,0.49029126213592233,0.7427184466019418,A-,D+,C,B,oshkoshcorp,0.0,0.6818181818181818,0.6574074074074073,22.0,0.0,0.0,0.0,0.39361702127659576,C-,58.50348782598525,65.74074074074073,39.444444444444436,27.345839574838546,False,False,35.253487797297865
STRL,Sterling Infrastructure Inc,Industrials,Construction & Engineering,532.67,56.5264,6.5867,38.0787,14.7434761910034,13.14,17.69,30.17,0.163,23.02,0.9870523344640961,233.002,13.14,17.69,148.77037999999985,0.9870523344640961,30.17,0.163,23.02,12.335995663749264,66.78029719519239,81.2807881773399,86.7741027445461,81.23100303951368,59.11507594821998,0.05339805825242718,0.7281553398058253,0.8737864077669902,0.9223300970873787,D-,B,B+,A-,sterlinginfrastructureinc,0.013986013986014068,0.9230769230769231,0.8194444444444445,13.0,37.75,54.74015633760499,0.013986013986014068,0.8085106382978723,B+,62.23817625217135,81.94444444444446,71.06272920170866,27.255683462239634,True,False,12.335995663749264
TNL,Travel + Leisure Co,Consumer Discretionary,"Hotels, Resorts & Cruise Lines",64.4,16.9618,0.9931,13.7771,8.374512353706113,-40.1,4.25,121.75,0.1374,12.04,0.5536434525410058,43.3022,-40.1,4.25,43.3022,0.5536434525410058,121.75,0.1374,12.04,52.8255340014097,34.435760053026954,75.4566210045662,71.49024491490245,36.024844720496894,58.25573974507985,0.5637583892617449,0.24161073825503357,0.7919463087248322,0.7181208053691275,C+,D+,B,B,travelleisureco,0.0,0.8125,0.75,16.0,0.0,0.0,0.0,0.30357142857142855,C-,56.85822421712954,75.0,45.0,27.243289686851817,False,False,34.435760053026954
R,Ryder System Inc,Industrials,Cargo Ground Transportation,249.99,19.6921,0.7683,6.2007,3.2286727945022546,4.84,-0.07,16.36,0.0795,4.6,0.9269003475681589,79.9784,4.84,-0.07,79.9784,0.9269003475681589,16.36,0.0795,4.6,87.20487190524017,49.06926683217279,35.960591133004925,77.3907516287939,8.8145896656535,61.083369451754606,0.9368932038834952,0.470873786407767,0.3106796116504854,0.7815533980582524,A,C,C-,B,rydersysteminc,-0.05882352941176472,0.7647058823529411,0.7159090909090908,17.0,0.0,0.0,-0.05117647058823533,0.06382978723404255,D-,56.964828418319954,71.59090909090908,42.954545454545446,27.08138591278253,False,False,8.8145896656535
NDAQ,Nasdaq Inc,Financials,Financial Exchanges & Data,91.32,28.9508,6.2653,19.9087,4.256370339642692,60.29,11.68,15.02,0.2924,8.49,0.6012573823585442,19.937,60.29,11.68,19.937,0.6012573823585442,15.02,0.2924,8.49,15.36235097053897,74.94006437653596,63.31658291457286,65.34861809045226,90.67599067599068,52.727469964675606,0.0784313725490196,0.9068627450980392,0.6421568627450981,0.7107843137254902,D-,A-,B-,B,nasdaqinc,0.04347826086956519,0.9130434782608695,0.8482142857142856,23.0,90.0,84.89281911636292,0.04347826086956519,0.9230769230769231,A-,56.795069032274675,84.82142857142856,84.8499847894023,26.966144607809674,True,False,15.36235097053897
NEE,Nextera Energy Inc,Utilities,Multi-Utilities,96.95,24.8455,7.2957,19.354,3.6981232834909976,47.29,10.29,15.24,0.2954,5.4399999999999995,0.9483796960137655,46.7827,47.29,10.29,46.12967999999999,0.9483796960137655,15.24,0.2954,5.4399999999999995,12.119779353821906,82.92297979797979,82.22222222222223,95.69444444444443,88.09523809523809,64.30898524249588,0.06382978723404255,0.9361702127659575,0.8936170212765957,1.0,D-,A,B+,A+,nexteraenergyinc,0.0,0.6774193548387096,0.6597222222222223,31.0,0.0,0.0,0.0,0.75,B,68.11850905201969,65.97222222222223,39.583333333333336,26.740660762298663,True,False,12.119779353821906
AIR,AAR Corp,Industrials,Aerospace & Defense,110.35,25.7446,1.4045,14.1557,3.263325368473349,-45.74,16.85,12.07,0.0955,7.199999999999999,0.7721929468990677,100.2722,-45.74,16.85,100.2722,0.7721929468990677,12.07,0.0955,7.199999999999999,63.08686849363113,43.48669615981657,40.968801313628894,82.00738916256158,41.191489361702125,56.11273451629063,0.7184466019417476,0.35436893203883496,0.35436893203883496,0.8543689320388349,B,C-,C-,B+,aarcorp,0.0,0.8333333333333334,0.75,12.0,0.0,0.0,0.0,0.19148936170212766,D,55.23188345246084,75.0,45.0,26.592753380984337,False,False,40.968801313628894
CRUS,Cirrus Logic Inc,Information Technology,Semiconductors,164.24,20.4739,4.1903,14.8076,4.405484860839897,38.36,7.04,20.13,0.2311,20.13,0.8634183884909123,71.9071,38.36,7.04,71.9071,0.8634183884909123,20.13,0.2311,20.13,69.36742022842341,54.19605090571709,76.61970161636815,40.24886366831723,6.999999999999999,60.38576337600475,0.756578947368421,0.5855263157894737,0.7960526315789473,0.3157894736842105,B,C+,B,C-,cirruslogicinc,-0.0714285714285714,0.7142857142857143,0.6710526315789473,14.0,0.0,0.0,-0.048975840336134495,0.025,F,56.085763376004756,67.10526315789474,40.26315789473684,26.460621139875588,False,False,6.999999999999999
FIX,Comfort Systems USA Inc,Industrials,Construction & Engineering,1867.02,53.6186,6.4732,39.055,26.82018315676064,107.81,38.43,51.690000000000005,0.157,49.63,0.992968479720619,346.6021,107.05100000000004,21.676999999999982,148.77037999999985,0.9872267261247282,51.690000000000005,0.157,26.983999999999988,12.493025331994197,95.65286204928552,86.86371100164205,91.44968332160451,42.13525835866261,67.25969315758707,0.05825242718446602,1.0,0.941747572815534,0.9635922330097088,D-,A+,A,A,comfortsystemsusainc,0.0,0.7692307692307693,0.7083333333333334,13.0,0.0,0.0,0.0,0.26595744680851063,D+,66.47321899345333,70.83333333333334,42.50000000000001,26.34064394543323,True,False,12.493025331994197
IDCC,InterDigital Inc,Information Technology,Communications Equipment,290.5,18.3591,8.9514,13.1435,6.776268830096431,-0.8,-3.97,38.5,0.5526,26.590000000000003,0.4362880886426592,43.7052,-0.8,-3.618,43.7052,0.4362880886426592,38.5,0.44785,26.590000000000003,64.57376663134346,21.656743195791393,90.05511356060269,36.06358801131903,32.608695652173914,55.20128628940863,0.7171052631578947,0.08552631578947369,0.9276315789473685,0.3026315789473684,B,D-,A-,C-,interdigitalinc,0.0,0.9090909090909091,0.796875,11.0,0.0,0.0,0.0,0.25,D+,53.46215585462602,79.6875,47.8125,26.166112341850408,False,False,21.656743195791393
HOOD,Robinhood Markets Inc,Financials,Investment Banking & Brokerage,73.66,35.2134,14.8238,30.9585,7.263869987969154,32.75,51.58,22.33,0.4681,9.1,0.25946469017976925,58.0009,32.75,51.58,58.0009,0.25946469017976925,22.33,0.4681,9.1,9.142526357276582,83.11475240324131,81.4070351758794,55.42227265359053,77.70345596432553,55.344795394655364,0.049019607843137254,0.9607843137254902,0.8186274509803921,0.5735294117647058,F,A,B+,C+,robinhoodmarketsinc,0.03598484848484851,0.8484848484848485,0.8092105263157896,33.0,37.75,54.74015633760499,0.03598484848484851,0.7692307692307693,B,58.11514099108792,80.92105263157896,70.44869411398938,25.732438443615933,True,False,9.142526357276582
WWD,Woodward Inc,Industrials,Electrical Components & Equipment,362.99,44.0742,5.6824,31.9677,8.47224621072434,32.85,14.52,19.63,0.14859999999999998,14.59,0.7983185382849658,90.5559,32.85,14.52,90.5559,0.7983185382849658,19.63,0.14859999999999998,14.59,18.1731949559201,87.60324220914657,66.83087027914614,69.81144895532529,97.97365754812563,57.733954541660935,0.09223300970873786,0.970873786407767,0.7038834951456311,0.7233009708737864,D-,A+,B,B,woodwardinc,0.06666666666666676,0.8,0.7375,15.0,0.0,0.0,0.06602150537634405,0.9574468085106383,A,62.531320296473496,73.75,44.25,25.64351660621781,True,False,18.1731949559201
KGS,Kodiak Gas Services Inc,Energy,Oil & Gas Equipment & Services,68.54,75.158,4.6264,14.6437,4.890474491616126,47.88,12.83,6.279999999999999,0.25989999999999996,2.08,0.9966328832620628,94.7712,47.88,12.83,94.7712,0.9966328832620628,6.279999999999999,0.25989999999999996,2.08,15.525273701374331,79.61566600376509,46.540880503144656,83.76179245283018,54.16666666666667,53.192030242448794,0.05555555555555555,0.9074074074074074,0.42592592592592593,0.9259259259259259,D-,A-,C,A-,kodiakgasservicesinc,0.0,0.9411764705882353,0.8522727272727273,17.0,90.0,84.89281911636292,0.0,0.5,C,53.608696909115466,85.22727272727273,85.09349128290881,25.543106007846337,True,False,15.525273701374331
IBKR,Interactive Brokers Group Inc,Financials,Investment Banking & Brokerage,80.46,131.4916,12.6836,32.3626,6.682446742244923,28.16,12.86,19.89,0.465,3.27,0.939165409753645,84.5836,28.16,12.86,72.80332,0.939165409753645,19.89,0.465,3.27,6.955118730909449,58.93964408935335,77.38693467336684,92.85297455017019,33.27759197324415,56.444037078973786,0.029411764705882353,0.6617647058823529,0.7794117647058824,0.9705882352941176,F,B-,B,A+,interactivebrokersgroupinc,0.0,0.9375,0.8452380952380951,16.0,90.0,84.89281911636292,0.0,0.24358974358974358,D+,54.771796276298204,84.52380952380952,84.67141336083088,25.50678819472052,True,False,6.955118730909449
LPG,Dorian LPG Ltd,Energy,Oil & Gas Storage & Transportation,39.18,13.8698,4.144,9.2217,1.601039572402295,-27.64,-3.51,11.41,0.34869999999999995,7.59,0.9860968074150359,82.9132,-27.64,-3.51,82.9132,0.9860968074150359,11.41,0.34869999999999995,7.59,47.810389005357564,31.320911427317746,67.29559748427673,79.63611859838275,22.72727272727273,55.96790262754867,0.42592592592592593,0.16666666666666666,0.7037037037037037,0.8703703703703703,C,D,B,B+,dorianlpgltd,-0.11111111111111105,0.7777777777777778,0.6964285714285714,9.0,0.0,0.0,-0.11111111111111105,0.2,D,53.24062990027594,69.64285714285714,41.785714285714285,25.474823388681806,False,False,22.72727272727273
PLTR,Palantir Technologies Inc,Information Technology,Application Software,144.07,212.038,76.9909,231.2871,46.483190294895785,234.64,56.18,25.66,0.3159,25.66,0.37915790524256865,23.9845,234.64,48.17399999999999,23.9845,0.37915790524256865,25.66,0.3159,25.66,9.473978570587542,95.39976892574542,82.6155236529031,69.41081658136588,99.13793103448276,60.98449265729492,0.03289473684210526,0.993421052631579,0.868421052631579,0.7039473684210527,F,A+,B+,B,palantirtechnologiesinc,0.2727272727272727,0.6666666666666666,0.6524390243902438,36.0,0.0,0.0,0.09409644524505553,1.0,A+,65.89828576074319,65.24390243902438,39.14634146341463,25.47393425550457,True,False,9.473978570587542
AIT,Applied Industrial Technologies Inc,Industrials,Trading Companies & Distributors,302.99,27.5692,2.3416,20.7836,6.220385471327798,6.39,6.14,21.740000000000002,0.10869999999999999,16.619999999999997,0.9303368443007612,32.4662,6.39,6.14,32.4662,0.9303368443007612,21.740000000000002,0.10869999999999999,16.619999999999997,44.9798332456518,54.852176370830975,66.42036124794747,62.9832512315271,13.598519888991675,56.41713414387143,0.441747572815534,0.587378640776699,0.6893203883495146,0.6359223300970874,C,C+,B-,B-,appliedindustrialtechnologiesinc,-0.019230769230769273,0.75,0.6911764705882353,12.0,0.0,0.0,-0.019230769230769273,0.10638297872340426,D,52.776986132770595,69.11764705882352,41.47058823529411,25.257853276637654,False,False,13.598519888991675
VRRM,Verra Mobility Corp,Industrials,Data Processing & Outsourced Services,14.89,16.5545,2.3102,8.5782,7.804801341859735,388.68,11.36,40.550000000000004,0.2421,9.99,0.08795331388078366,-31.4141,107.05100000000004,11.36,-31.4141,0.08795331388078366,40.550000000000004,0.2421,9.99,74.70228131426659,88.94629113114132,79.14614121510674,19.909056460780597,42.90780141843972,65.2331751507277,0.8398058252427184,0.9805825242718447,0.8495145631067961,0.1553398058252427,B+,A+,B+,D,verramobilitycorp,0.0,0.7857142857142857,0.7236842105263157,14.0,0.0,0.0,0.0,0.39361702127659576,C-,64.52395529257169,72.36842105263158,43.421052631578945,25.0,False,True,19.909056460780597
MSFT,Microsoft Corp,Information Technology,Systems Software,414.44,24.5122,9.6437,17.0784,8.969824992749514,29.75,17.87,33.129999999999995,0.4675,26.33,0.2920118491740724,-2.5764,29.75,17.87,-2.5764,0.2920118491740724,33.129999999999995,0.44785,26.33,55.06004945249028,70.00661485713346,88.71283168140808,45.93937508333704,13.636363636363638,64.13241827156868,0.5855263157894737,0.7894736842105263,0.9144736842105263,0.40789473684210525,C+,B,A-,C,microsoftcorp,-0.03170163170163176,0.9076923076923077,0.8821428571428571,65.0,90.0,84.89281911636292,-0.03170163170163176,0.125,D,60.49605463520505,88.21428571428571,86.88569907511659,25.0,False,False,13.636363636363638
RPM,RPM International Inc,Materials,Specialty Chemicals,101.34,19.4554,1.6796,13.739,4.505081219492679,3.92,5.68,21.8,0.1152,11.78,0.23259668508287296,-5.7565,3.92,5.68,-5.7565,0.23259668508287296,21.8,0.1152,11.78,54.4973544973545,65.1939866027856,80.42328042328042,14.695071010860483,91.73553719008264,54.70797025288795,0.6111111111111112,0.746031746031746,0.8571428571428571,0.1111111111111111,B-,B,B+,D,rpminternationalinc,0.08225108225108224,0.8095238095238095,0.7596153846153846,21.0,0.0,0.0,0.08225108225108224,0.9090909090909091,A-,58.881523971896215,75.96153846153845,45.57692307692307,25.0,False,True,14.695071010860483
PRGS,Progress Software Corp,Information Technology,Systems Software,28.95,14.0939,1.213,8.9394,2.562173643685282,53.68,22.42,17.82,0.16940000000000002,4.52,0.12308061420345487,-51.8543,53.68,22.42,-43.63098,0.12308061420345487,17.82,0.16940000000000002,4.52,91.41204521370541,85.86002387100618,52.95346459842659,11.740062521297244,38.63636363636364,60.61139473149369,0.9605263157894737,0.9473684210526315,0.5592105263157895,0.06578947368421052,A,A,C+,D-,progresssoftwarecorp,0.0,0.8461538461538461,0.7638888888888888,13.0,0.0,0.0,0.0,0.4125,C,59.475031095130056,76.38888888888889,45.83333333333333,25.0,False,True,11.740062521297244
APPF,Appfolio Inc,Information Technology,Application Software,173.1,40.1151,6.1246,31.0069,11.481977739158122,-21.42,20.72,30.9,0.1707,30.9,0.16567563144400196,-16.2271,-21.42,20.72,-16.2271,0.16567563144400196,30.9,0.1707,30.9,45.918697751089134,52.53565900640164,77.78271626887121,43.41675562939066,43.103448275862064,55.11583643214855,0.5,0.5394736842105263,0.8092105263157895,0.3815789473684211,C,C+,B+,C-,appfolioinc,0.004761904761904745,0.9333333333333333,0.8374999999999999,15.0,90.0,84.89281911636292,0.004761904761904745,0.45,C,54.426181259734754,83.74999999999999,84.20712764654516,25.0,False,False,43.103448275862064
BR,Broadridge Financial Solutions Inc,Industrials,Data Processing & Outsourced Services,155.25,17.0114,2.5288,13.0749,6.84710988012596,41.38,7.44,40.46,0.1725,18.02,0.0504639426990069,-31.9109,41.38,7.44,-31.9109,0.05171861693947709,40.46,0.1725,18.02,66.19238924227206,73.80569722344737,83.57963875205253,11.015536187949976,92.90780141843972,59.40725368086061,0.7572815533980582,0.8203883495145631,0.8932038834951457,0.04854368932038835,B,B+,B+,F,broadridgefinancialsolutionsinc,0.05555555555555558,0.7222222222222222,0.6847826086956522,18.0,0.0,0.0,0.05555555555555558,0.9148936170212766,A-,63.69803382270459,68.47826086956522,41.08695652173913,25.0,False,True,11.015536187949976
PCTY,Paylocity Holding Corp,Industrials,Human Resource & Employment Services,109.6,24.1281,3.423,12.3887,4.91843740884511,9.16,12.08,20.52,0.2011,18.279999999999998,0.15241188831080646,-43.5517,9.16,12.08,-35.15209,0.15241188831080646,20.52,0.2011,18.279999999999998,56.17437467119422,75.20389009628289,79.3103448275862,16.48486980999296,88.39458413926499,57.20893185595027,0.5825242718446602,0.8495145631067961,0.8543689320388349,0.09223300970873786,C+,B+,B+,D-,paylocityholdingcorp,0.0357142857142857,0.8214285714285714,0.7803030303030304,28.0,0.0,0.0,0.0357142857142857,0.851063829787234,B+,61.04839026987677,78.03030303030305,46.81818181818183,25.0,False,True,16.48486980999296
LRN,Stride Inc,Consumer Discretionary,Education Services,93.08,12.4104,1.5712,8.8893,2.7376148515899814,9.54,14.86,21.36,0.1602,15.809999999999999,0.29365665870383423,-38.2349,9.54,14.86,-35.29185,0.29365665870383423,21.36,0.1602,15.809999999999999,66.75247464067911,74.11337592202318,68.03652968036529,18.772391991570075,98.44720496894409,57.274404662979755,0.7449664429530202,0.825503355704698,0.7013422818791947,0.1476510067114094,B,B+,B,D,strideinc,0.07777777777777783,0.7777777777777778,0.6964285714285714,9.0,0.0,0.0,0.0760763888888889,1.0,A+,62.119125159874166,69.64285714285714,41.785714285714285,25.0,False,True,18.772391991570075
TGTX,TG Therapeutics Inc,Health Care,Biotechnology,33.85,11.9558,8.6751,41.0868,23.722755624080175,1889.26,87.32,101.12,0.20010000000000003,65.05,0.40424528301886803,-25.3912,1389.2,51.019999999999925,-25.3912,0.40424528301886803,97.80199999999995,0.20010000000000003,29.947999999999997,40.62289562289562,95.8649097992506,88.7218045112782,19.675856307435254,40.804597701149426,60.444328254880624,0.37777777777777777,1.0,0.9407407407407408,0.14074074074074075,C-,A+,A,D,tgtherapeuticsinc,0.0,0.8,0.7375,15.0,0.0,0.0,0.0,0.55,C+,59.524788024995566,73.75,44.25,25.0,False,True,19.675856307435254
GEO,Geo Group Inc,Industrials,Environmental & Facilities Services,18.75,9.782,0.9458,6.5752,1.6964641163910101,354.95,8.55,17.68,0.0947,8.25,0.31869254341164444,-40.5517,107.05100000000004,8.55,-35.15209,0.31869254341164444,17.68,0.0947,8.25,90.59814752817766,84.81847232957625,48.93267651888342,18.71569317382125,46.808510638297875,60.589539112444776,0.9660194174757282,0.9368932038834952,0.48058252427184467,0.1407766990291262,A,A,C,D,geogroupinc,0.0,0.875,0.7500000000000001,8.0,0.0,0.0,0.0,0.6170212765957447,B-,60.27039017627456,75.00000000000001,45.00000000000001,25.0,False,True,18.71569317382125
ATR,Aptargroup Inc,Materials,"Metal, Glass & Plastic Containers",119.02,19.4773,2.0254,10.7407,2.8638733755062065,6.75,5.42,14.719999999999999,0.13970000000000002,10.17,0.2586768872946455,-19.7329,6.75,5.42,-19.7329,0.2586768872946455,14.719999999999999,0.13970000000000002,10.17,57.67195767195767,57.94944789510007,74.6031746031746,17.32804232804233,100.0,53.124281113411556,0.6746031746031746,0.6190476190476191,0.7936507936507936,0.14285714285714285,B-,B-,B,D,aptargroupinc,0.08333333333333337,0.75,0.6911764705882353,12.0,0.0,0.0,0.0827922077922078,1.0,A+,58.124281113411556,69.11764705882352,41.47058823529411,25.0,False,True,17.32804232804233
POST,Post Holdings Inc,Consumer Staples,Packaged Foods & Meats,103.4,15.622,0.5966,12.0067,1.4546702794261228,-11.33,5.38,8.49,0.0964,2.8899999999999997,0.40043196544276494,-8.048,-11.33,5.38,-8.048,0.40043196544276494,8.49,0.0964,2.8899999999999997,69.09028844512716,60.076018293335785,33.333333333333336,63.783783783783775,50.0,55.37786586003904,0.7619047619047619,0.6031746031746031,0.2698412698412698,0.6349206349206349,B,B-,D+,B-,postholdingsinc,0.0,0.8666666666666667,0.7875000000000001,15.0,0.0,0.0,0.0,0.4,C-,55.37786586003904,78.75000000000001,47.25000000000001,25.0,False,False,33.333333333333336
GATX,GATX Corp,Industrials,Construction Machinery & Heavy Transportation Equipment,196.35,20.9273,4.0077,17.0228,2.527101831843156,17.41,9.77,12.47,0.3048,2.68,0.8516908212560385,35.3858,17.41,9.77,35.3858,0.8516908212560385,12.47,0.29964999999999986,2.68,48.43767436670015,78.61735337710465,52.052545155993435,53.434841021047916,7.712765957446807,56.53299376030391,0.5,0.8689320388349514,0.5388349514563107,0.5242718446601942,C,B+,C+,C+,gatxcorp,-0.17272727272727273,0.7272727272727273,0.671875,11.0,0.0,0.0,-0.05117647058823533,0.0425531914893617,F,52.30427035604859,67.1875,40.3125,24.952958142419437,False,False,7.712765957446807
CXT,Crane NXT Co,Information Technology,Electronic Equipment & Instruments,44.6,17.6855,1.549,9.6871,2.0446054049098037,-21.44,11.43,12.22,0.1489,6.52,0.18038293584145126,-5.1266,-21.44,11.43,-5.1266,0.18038293584145126,12.22,0.1489,6.52,87.44701518897917,43.00669709553962,50.077781234721535,32.75388583578625,35.41666666666667,54.53331569219035,0.9013157894736842,0.35526315789473684,0.506578947368421,0.2631578947368421,A-,C-,C+,D+,cranenxtco,0.0,0.7272727272727273,0.671875,11.0,0.0,0.0,0.0,0.3,D+,53.074982358857014,67.1875,40.3125,24.795904257740705,False,True,32.75388583578625
WAL,Western Alliance Bancorp,Financials,Regional Banks,80.8,9.3106,2.03505,12.2051,1.1561950878879979,17.72,69.87056,12.790000000000001,0.41207459999999996,8.23,0.47700143243673393,13.8349,17.72,69.87056,13.8349,0.47700143243673393,12.790000000000001,0.41207459999999996,8.23,80.77643117548527,69.70248773713965,53.768844221105525,23.979447800801765,7.320099255583126,57.372705956735985,0.9166666666666666,0.8676470588235294,0.5490196078431373,0.21568627450980393,A-,B+,C+,D+,westernalliancebancorp,-0.05263157894736836,0.7894736842105263,0.7395833333333334,19.0,0.0,0.0,-0.04818623481781377,0.038461538461538464,F,53.1047158822943,73.95833333333334,44.37500000000001,24.596823987059427,False,True,7.320099255583126
STRA,Strategic Education Inc,Consumer Discretionary,Education Services,78.24,13.9734,1.3951,7.1801,1.091519379909849,16.1,3.96,7.66,0.1374,7.66,0.359571377444685,-3.752,16.1,3.96,-3.752,0.359571377444685,7.66,0.1374,7.66,68.82105972847906,61.53846153846155,48.51598173515981,40.147523709167544,9.006211180124224,54.67145741543554,0.7651006711409396,0.6442953020134228,0.46308724832214765,0.348993288590604,B,B-,C,C-,strategiceducationinc,-0.11111111111111105,0.7777777777777778,0.6964285714285714,9.0,0.0,0.0,-0.051315789473684224,0.03571428571428571,F,50.572078533447964,69.64285714285714,41.785714285714285,24.407402841950613,False,False,9.006211180124224
MYRG,MYR Group Inc,Industrials,Construction & Engineering,433.49,55.2552,1.7888,37.5611,10.188904532345525,306.93,8.79,19.650000000000002,0.045599999999999995,17.39,0.9996021879661859,194.6907,107.05100000000004,8.79,148.77037999999985,0.9872267261247282,19.650000000000002,0.045599999999999995,17.39,29.814115133833912,74.48115198594984,54.926108374384235,91.44968332160451,6.6109422492401215,59.37122293856541,0.22330097087378642,0.8300970873786407,0.5728155339805825,0.9635922330097088,D+,B+,C+,A,myrgroupinc,-0.0714285714285714,0.7142857142857143,0.6710526315789473,14.0,0.0,0.0,-0.05117647058823533,0.02127659574468085,F,55.032317163489424,67.10526315789474,40.26315789473684,24.38966927309253,True,False,6.6109422492401215
VITL,Vital Farms Inc,Consumer Staples,Agricultural Products & Services,14.18,9.5836,0.8364,5.9144,1.8084197370266926,20.88,25.26,20.69,0.1164,20.0,0.057592256503327256,-59.5666,20.88,14.026499999999995,-52.17986,0.057592256503327256,20.69,0.1164,20.0,84.10138248847926,87.50594227504243,67.74193548387096,9.032258064516128,13.636363636363638,62.26846956099927,0.9682539682539683,0.9365079365079365,0.746031746031746,0.031746031746031744,A,A,B,F,vitalfarmsinc,-0.11111111111111105,0.8333333333333334,0.7717391304347826,18.0,0.0,0.0,-0.06437198067632849,0.1,D-,58.63210592463564,77.17391304347827,46.30434782608696,24.31655188360086,False,True,9.032258064516128
INTU,Intuit Inc,Information Technology,Application Software,399.04,25.3706,5.4723,18.7813,5.6511240927597814,43.99,17.21,22.2,0.2708,16.869999999999997,0.12072859127005163,-35.9682,43.99,17.21,-35.9682,0.12072859127005163,22.2,0.2708,16.869999999999997,60.52925939008595,70.159865081101,77.04935034149666,16.756904080432925,48.275862068965516,56.778006265202436,0.6381578947368421,0.8026315789473685,0.8026315789473685,0.07894736842105263,B-,B+,B+,D-,intuitinc,0.004878048780487809,0.8048780487804879,0.7771739130434783,41.0,0.0,0.0,0.004878048780487809,0.5,C,56.60559247209899,77.71739130434783,46.630434782608695,24.287328415473574,False,True,16.756904080432925
BDC,Belden Inc,Information Technology,Electronic Components,114.15,18.4568,1.6146,14.4297,3.5160725946552,22.98,10.33,19.139999999999997,0.1162,9.48,0.2667934529645761,12.6295,22.98,10.33,12.6295,0.2667934529645761,19.139999999999997,0.1162,9.48,81.65695278464618,51.7814037701164,57.1721706149903,28.95795368683052,17.391304347826086,55.855152341298506,0.868421052631579,0.5197368421052632,0.6052631578947368,0.21710526315789475,B+,C+,B-,D+,beldeninc,-0.022222222222222254,0.7777777777777778,0.6964285714285714,9.0,0.0,0.0,-0.022222222222222254,0.15,D,52.594282776081116,69.64285714285714,41.785714285714285,24.171135903505693,False,True,17.391304347826086
ITRI,Itron Inc,Information Technology,Electronic Equipment & Instruments,85.4,12.5041,1.5902,11.9397,2.2351983542239755,25.51,-3.02,18.490000000000002,0.1323,10.48,0.10831035840882237,-20.9625,25.51,-3.02,-20.9625,0.10831035840882237,18.490000000000002,0.1323,10.48,87.62215942540917,42.314264294622106,60.392313732462185,18.937820175520347,60.41666666666667,54.25403518349633,0.9078947368421053,0.34210526315789475,0.631578947368421,0.09868421052631579,A-,C-,B-,D-,itroninc,0.007894736842105288,0.85,0.79,20.0,0.0,0.0,0.007894736842105288,0.55,C+,55.295701850163,79.0,47.4,24.154782744519167,False,True,18.937820175520347
LAD,Lithia Motors Inc,Consumer Discretionary,Automotive Retail,290.9,8.0407,0.1751,11.2779,1.0352784753184487,8.3,3.87,12.09,0.0424,3.95,0.4232488822652755,-0.977,8.3,3.87,-0.977,0.4232488822652755,12.09,0.0424,3.95,82.70816095124269,59.8761926305002,31.50684931506849,37.98256537982565,14.285714285714285,53.12550416864296,0.9261744966442953,0.610738255033557,0.26174496644295303,0.3422818791946309,A-,B-,D+,C-,lithiamotorsinc,-0.03947368421052633,0.75,0.7100000000000001,20.0,0.0,0.0,-0.03947368421052633,0.10714285714285714,D,49.55407559721439,71.00000000000001,42.60000000000001,24.08163023888576,False,False,14.285714285714285
DOCS,Doximity Inc,Health Care,Health Care Technology,24.98,19.2776,7.236,18.1112,4.357990230286113,18.89,15.92,22.89,0.37439999999999996,22.89,0.07916368834882057,-56.983,18.89,15.92,-44.43054,0.07916368834882057,22.89,0.37439999999999996,22.89,46.27946127946128,72.21503635325939,85.21303258145362,8.677944862155389,84.12698412698413,54.05171970831168,0.4444444444444444,0.8148148148148148,0.8962962962962963,0.044444444444444446,C,B+,B+,F,doximityinc,0.042528735632183956,0.7666666666666667,0.7357142857142858,30.0,0.0,0.0,0.042528735632183956,0.8333333333333334,B+,57.46441812101009,73.57142857142858,44.142857142857146,23.89893508412384,False,True,8.677944862155389
FCFS,Firstcash Holdings Inc,Financials,Consumer Finance,219.93,27.1971,2.4872,16.2841,4.248073754580205,27.91,14.39,15.909999999999998,0.1568,8.21,0.9321641756512888,65.7972,27.91,14.39,65.7972,0.9321641756512888,15.909999999999998,0.1568,8.21,16.348901369593065,55.7619897097498,66.83417085427136,81.97236180904522,90.5982905982906,53.342638359725115,0.10294117647058823,0.5833333333333334,0.6764705882352942,0.8578431372549019,D,C+,B-,B+,firstcashholdingsinc,0.05494505494505497,0.7692307692307693,0.7083333333333334,13.0,0.0,0.0,0.05494505494505497,0.8974358974358975,B+,57.40246741955418,70.83333333333334,42.50000000000001,23.849629754149582,True,False,16.348901369593065
PLMR,Palomar Holdings Inc,Financials,Property & Casualty Insurance,120.97,16.2749,3.711,12.8099,3.403301176821429,60.46,56.04,22.79,0.28,22.79,0.19412628487518355,-16.028,60.46,56.04,-16.028,0.19412628487518355,22.79,0.28,22.79,30.63848655039905,86.19181865255163,81.90954773869346,19.567066099729416,62.256410256410255,54.288785522729334,0.25980392156862747,0.9754901960784313,0.8235294117647058,0.14705882352941177,D+,A+,B+,D,palomarholdingsinc,0.01098901098901095,0.8571428571428571,0.7763157894736842,14.0,0.0,0.0,0.01098901098901095,0.6153846153846154,B-,55.51442654837036,77.63157894736842,46.578947368421055,23.69053044370185,True,True,19.567066099729416
SNEX,StoneX Group Inc,Financials,Investment Banking & Brokerage,105.19,23.007,0.0577,47.9531,3.4635355786992066,-40.92,32.54,16.43,0.33,1.8800000000000001,0.9498069498069497,75.4336,-40.92,32.54,72.80332,0.9498069498069497,16.43,0.33,1.8800000000000001,21.055030052221895,40.84372813472628,70.85427135678391,96.34138434106015,33.27759197324415,55.414347847408735,0.16666666666666666,0.3480392156862745,0.7156862745098039,0.9901960784313726,D,C-,B,A+,stonexgroupinc,0.0,0.875,0.7500000000000001,8.0,0.0,0.0,0.0,0.24358974358974358,D+,53.742107044733146,75.00000000000001,45.00000000000001,23.61379889291971,True,False,21.055030052221895
CVNA,Carvana Co,Consumer Discretionary,Automotive Retail,382.6,59.6515,4.13,47.7783,24.27680378682606,420.71,48.63,62.849999999999994,0.09179999999999999,18.38,0.5688536111455622,51.9038,202.9259999999997,22.7775,51.9038,0.5688536111455622,62.849999999999994,0.09179999999999999,18.38,11.217860316876587,98.54113561773558,71.91780821917808,74.94396014943959,39.93506493506494,60.4809362874487,0.03355704697986577,1.0,0.7718120805369127,0.7785234899328859,F,A+,B,B,carvanaco,0.0,0.71875,0.695945945945946,32.0,0.0,0.0,0.0,0.5357142857142857,C+,59.474442780955194,69.59459459459461,41.756756756756765,23.540717556658684,True,False,11.217860316876587
RGLD,Royal Gold Inc,Materials,Gold,230.59,42.0427,19.0241,24.8581,2.7224288991394343,35.14,43.24,10.92,0.6193,9.950000000000001,0.5134408446564916,29.4867,35.14,33.85199999999998,29.4867,0.5134408446564916,10.92,0.24867999999999998,9.950000000000001,19.04761904761905,85.77545642763033,74.33862433862434,47.835497835497826,62.396694214876035,55.068751699186485,0.06349206349206349,0.9206349206349206,0.7777777777777778,0.4444444444444444,D-,A-,B,C,royalgoldinc,0.011695906432748537,0.7894736842105263,0.7395833333333334,19.0,0.0,0.0,0.011695906432748537,0.6363636363636364,B-,56.30842112067409,73.95833333333334,44.37500000000001,23.098617055481807,True,False,19.04761904761905
HWM,Howmet Aerospace Inc,Industrials,Aerospace & Defense,239.51,63.6571,11.6329,43.2481,17.969764039464305,31.87,11.06,29.67,0.24609999999999999,18.2,0.7732463295269167,61.7983,31.87,11.06,61.7983,0.7732463295269167,29.67,0.24609999999999999,18.2,8.925980837597846,76.36204014878408,86.37110016420361,69.22906403940887,41.191489361702125,57.94249108808896,0.024271844660194174,0.8592233009708737,0.9296116504854369,0.7135922330097088,F,B+,A-,B,howmetaerospaceinc,0.0,0.8275862068965517,0.7867647058823529,29.0,0.0,0.0,0.0,0.19148936170212766,D,57.06164002425917,78.67647058823529,47.205882352941174,23.059113446844027,True,False,8.925980837597846
SLGN,Silgan Holdings Inc,Materials,"Metal, Glass & Plastic Containers",39.72,14.6865,0.6533,8.1805,1.8415147525174786,4.46,10.73,13.03,0.0922,4.15,0.17089516515078987,-24.6443,4.46,10.73,-24.58223,0.17089516515078987,13.03,0.0922,4.15,86.77248677248677,66.30291005291005,53.439153439153436,8.796296296296294,32.015810276679844,55.07275132275132,0.9206349206349206,0.7619047619047619,0.49206349206349204,0.031746031746031744,A-,B,C,F,silganholdingsinc,0.0,0.7894736842105263,0.7395833333333334,19.0,0.0,0.0,0.0,0.09090909090909091,D-,53.27433235041931,73.95833333333334,44.37500000000001,22.293834236288085,False,True,8.796296296296294
MSCI,MSCI Inc,Financials,Financial Exchanges & Data,588.85,32.7237,13.3312,25.0802,132.31097629479834,20.42,10.86,108.67,0.5536,15.49,0.7010383386581474,7.8342,20.42,10.86,7.8342,0.7010383386581474,45.141999999999946,0.5536,15.49,6.617647058823528,57.56057003953414,97.73869346733667,59.321608040201,53.4965034965035,54.465520747487076,0.024509803921568627,0.6470588235294118,0.9779411764705882,0.6078431372549019,F,B-,A+,B-,msciinc,0.008333333333333415,0.8,0.7583333333333334,25.0,0.0,0.0,0.008333333333333415,0.5128205128205128,C+,54.81517109713742,75.83333333333334,45.50000000000001,22.167218085080535,True,False,6.617647058823528
FICO,Fair Isaac Corp,Information Technology,Application Software,1035.5,36.3377,11.5871,27.0843,91.03616830481951,23.94,16.19,145.71,0.47479999999999994,30.869999999999997,0.12280441380538593,-48.2685,23.94,16.19,-43.63098,0.12280441380538593,109.87799999999994,0.44785,30.869999999999997,43.11197456729071,62.13160348578862,94.64124331451768,11.073657781016683,12.068965517241379,54.07935672381316,0.4407894736842105,0.6776315789473685,0.9802631578947368,0.05921052631578947,C,B-,A+,D-,fairisaaccorp,-0.026455026455026398,0.7142857142857143,0.6893939393939394,28.0,0.0,0.0,-0.026455026455026398,0.1,D-,50.2862532755373,68.93939393939394,41.36363636363636,21.331188443141798,False,True,11.073657781016683
LGND,Ligand Pharmaceuticals Inc,Health Care,Biotechnology,227.44,36.4634,16.9273,65.3247,4.421298591226218,,60.4,13.86,0.15289999999999998,11.1,0.8657148629537342,108.3738,,51.019999999999925,103.34951999999993,0.8657148629537342,13.86,0.15289999999999998,11.1,18.344556677890015,72.83208020050125,58.646616541353374,93.74937343358397,67.81609195402298,57.56408403162789,0.08148148148148149,0.837037037037037,0.6148148148148148,0.9629629629629629,D-,B+,B-,A,ligandpharmaceuticalsinc,0.004761904761904745,0.9333333333333333,0.8374999999999999,15.0,90.0,84.89281911636292,0.004761904761904745,0.6666666666666666,B-,59.34569322703019,83.74999999999999,84.20712764654516,20.881010904070322,True,False,18.344556677890015
BG,Bunge Global ltd,Consumer Staples,Agricultural Products & Services,124.61,29.6282,0.3438,16.3743,1.5153836799221694,-32.99,32.43,6.140000000000001,0.018500000000000003,3.2199999999999998,0.8786673296867229,58.7793,-32.99,14.026499999999995,58.7793,0.8786673296867229,6.140000000000001,0.018500000000000003,3.2199999999999998,56.272401433691755,62.45331069609507,18.817204301075268,85.36774193548388,90.9090909090909,53.336611960007545,0.6507936507936508,0.6666666666666666,0.16666666666666666,0.8412698412698413,B-,B-,D,B+,bungegloballtd,0.04761904761904767,0.9047619047619048,0.8365384615384617,21.0,37.75,54.74015633760499,0.04761904761904767,0.9,B+,57.42752105091664,83.65384615384616,72.08837022734969,15.089922721550813,False,False,18.817204301075268
KTB,Kontoor Brands Inc,Consumer Discretionary,"Apparel, Accessories & Luxury Goods",72.2,17.5393,1.2655,12.6903,7.060572277963583,-6.73,20.9,45.050000000000004,0.10679999999999999,13.77,0.5575485799701048,19.7148,-6.73,20.9,19.7148,0.5575485799701048,45.050000000000004,0.10679999999999999,13.77,52.41947841010082,71.92814805057955,66.89497716894978,53.09799789251844,9.415584415584416,59.833843083382256,0.5503355704697986,0.7986577181208053,0.6812080536912751,0.5234899328859061,C+,B,B-,C+,kontoorbrandsinc,-0.05769230769230771,0.6923076923076923,0.6527777777777778,13.0,0.0,0.0,-0.051315789473684224,0.07142857142857142,D-,55.7754015249407,65.27777777777779,39.16666666666667,13.113413638321473,False,False,9.415584415584416
PRG,PROG Holdings Inc,Financials,Consumer Finance,36.19,9.878,0.6018,0.9533,1.9188352314903183,-21.11,-2.2,21.17,0.0858,11.4,0.6774193548387095,35.8994,-21.11,-2.2,35.8994,0.6774193548387095,21.17,0.0858,11.4,63.73411173514632,14.746441453629247,79.89949748743719,59.2713567839196,35.75498575498576,55.711961953155644,0.6715686274509803,0.05392156862745098,0.803921568627451,0.6029411764705882,B-,D-,B+,B-,progholdingsinc,0.0,0.75,0.6911764705882353,12.0,0.0,0.0,0.0,0.47435897435897434,C,54.28746052865422,69.11764705882352,41.47058823529411,12.931021517495552,False,False,14.746441453629247
CSX,CSX Corp,Industrials,Rail Transportation,45.09,27.47,5.9207,15.6635,6.375307524814072,-2.56,-0.92,23.53,0.3345,9.54,0.9223817118553964,60.4055,-2.56,-0.92,60.4055,0.9223817118553964,23.53,0.29964999999999986,9.54,40.54952412836577,30.80766408364904,74.95894909688013,78.21375026772327,12.282398452611218,55.681401176585936,0.3592233009708738,0.20388349514563106,0.7961165048543689,0.8009708737864077,C-,D+,B,B+,csxcorp,-0.03333333333333344,0.7333333333333333,0.7071428571428571,30.0,0.0,0.0,-0.03333333333333344,0.0851063829787234,D-,51.90964102184706,70.71428571428571,42.42857142857142,12.503356775797984,False,False,12.282398452611218
WM,Waste Management Inc,Industrials,Environmental & Facilities Services,228.77,35.1096,3.7723,16.3792,9.22731287838759,-1.6,14.24,28.99,0.1709,8.24,0.6416142169566829,-1.9837,-1.6,14.24,-1.9837,0.6416142169566829,28.99,0.1709,8.24,38.424442425112,63.10639009702241,67.24137931034483,48.381421534130894,16.150870406189554,53.71401776009486,0.3300970873786408,0.6844660194174758,0.7087378640776699,0.441747572815534,C-,B-,B,C,wastemanagementinc,-0.018893387314439902,0.717948717948718,0.6988636363636364,39.0,0.0,0.0,-0.018893387314439902,0.14893617021276595,D,50.329104800713814,69.88636363636364,41.93181818181818,12.041378158884502,True,False,16.150870406189554
BRBR,Bellring Brands Inc,Consumer Staples,Packaged Foods & Meats,17.2,11.0221,0.869,9.2909,,-31.29,10.59,23.66314,0.1381,29.95204,0.046111493461803155,-77.6536,-31.29,10.59,-52.17986,0.046111493461803155,23.66314,0.1381,29.759937999999984,76.07953575695511,59.75761111584541,76.61290322580645,8.72711421098518,50.0,56.87005481105651,0.8571428571428571,0.5714285714285714,0.8253968253968254,0.015873015873015872,B+,C+,B+,F,bellringbrandsinc,0.0,0.7727272727272727,0.7314814814814814,22.0,0.0,0.0,0.0,0.4,C-,56.87005481105651,73.14814814814814,43.88888888888888,11.640873249678464,False,True,8.72711421098518
EPAM,Epam Systems Inc,Information Technology,IT Consulting & Other Services,112.33,16.0298,1.1094,7.3781,1.6579339660236447,-14.17,15.42,10.27,0.0953,10.2,0.02330940352743061,-29.1114,-14.17,15.42,-29.1114,0.07599398584473208,10.27,0.0953,10.2,92.30689979983515,51.91427699816961,49.47479147221358,22.040344650238424,7.954545454545456,55.23634714769379,0.9671052631578947,0.5328947368421053,0.4868421052631579,0.13157894736842105,A,C+,C,D,epamsystemsinc,-0.07692307692307698,0.6923076923076923,0.6693548387096775,26.0,0.0,0.0,-0.048975840336134495,0.05,F,51.03180169314834,66.93548387096774,40.16129032258065,11.18584170909481,False,True,7.954545454545456
ITT,ITT Inc,Industrials,Industrial Machinery & Supplies & Components,209.89,38.4523,4.7644,21.093,4.414248248622979,-3.01,8.48,16.150000000000002,0.17370000000000002,12.46,0.8432128691053326,52.1383,-3.01,8.48,52.1383,0.8432128691053326,16.150000000000002,0.17370000000000002,12.46,27.65874344381207,60.24782349131083,63.875205254515606,67.34166080225194,15.302782324058917,53.40138403329448,0.20388349514563106,0.6359223300970874,0.6553398058252428,0.6844660194174758,D+,B-,B-,B-,ittinc,-0.005882352941176561,0.7,0.6699999999999999,20.0,0.0,0.0,-0.005882352941176561,0.1276595744680851,D,49.93166226570037,67.0,40.199999999999996,11.119901368578141,True,False,15.302782324058917
ADMA,ADMA Biologics Inc,Health Care,Biotechnology,10.52,16.3258,4.7018,12.6741,5.242699092993122,-25.56,19.63,34.98,0.36869999999999997,29.82,0.19493047662235935,-56.9328,-25.56,19.63,-44.43054,0.19493047662235935,34.98,0.36869999999999997,29.82,62.27272727272727,44.725468787480246,89.47368421052632,7.923141186299082,8.620689655172415,53.466324865569256,0.6962962962962963,0.4222222222222222,0.9555555555555556,0.02962962962962963,B-,C,A,F,admabiologicsinc,-0.11111111111111105,0.7777777777777778,0.6964285714285714,9.0,0.0,0.0,-0.044191919191919185,0.05,F,49.328393831086494,69.64285714285714,41.785714285714285,10.338830393323905,False,True,7.923141186299082
